award_id,reporting_fiscal_year,reporting_fiscal_month,gross_outlay_amount,transaction_obligated_amount,is_quarterly_submission,federal_account,account_title,recipient_name,recipient_id,award_description,award_usaspending_url
80GSFC19F0043,2019,6,0.0,6120.00,True,080-0122,"Safety, Security and Mission Services, National Aeronautics and Space Administration",MCQ Tech LLC,852118b4-d48d-b9a7-2245-36faa8df898f-C,Provide consulting support for the DAVINCI+ proposal red team review,https://www.usaspending.gov/award/CONT_AWD_80GSFC19F0043_8000_NNG16VF15Z_8000/
80GSFC20C0059,2026,5,4159346.03,0.0,False,080-0120,"Science, National Aeronautics and Space Administration",Lockheed Martin Corp,6e7a895c-aa57-8600-2a8a-4e237f6213f6-C,"This procurement provides for the labor, travel and associated burdens necessary to satisfy the phase a Concept Study Report (CSR) and bridge phase b option requirements of NASA'S competitively selected DAVINCI+ mission.",https://www.usaspending.gov/award/CONT_AWD_80GSFC20C0059_8000_-NONE-_-NONE-/
80GSFC20C0059,2026,5,185807.97,0.0,False,080-0120,"Science, National Aeronautics and Space Administration",Lockheed Martin Corp,6e7a895c-aa57-8600-2a8a-4e237f6213f6-C,"This procurement provides for the labor, travel and associated burdens necessary to satisfy the phase a Concept Study Report (CSR) and bridge phase b option requirements of NASA'S competitively selected DAVINCI+ mission.",https://www.usaspending.gov/award/CONT_AWD_80GSFC20C0059_8000_-NONE-_-NONE-/
80GSFC20C0059,2026,5,0.0,2195000.00,False,080-0120,"Science, National Aeronautics and Space Administration",Lockheed Martin Corp,6e7a895c-aa57-8600-2a8a-4e237f6213f6-C,"This procurement provides for the labor, travel and associated burdens necessary to satisfy the phase a Concept Study Report (CSR) and bridge phase b option requirements of NASA'S competitively selected DAVINCI+ mission.",https://www.usaspending.gov/award/CONT_AWD_80GSFC20C0059_8000_-NONE-_-NONE-/
80GSFC20C0059,2026,4,0.0,6646321.00,False,080-0120,"Science, National Aeronautics and Space Administration",Lockheed Martin Corp,6e7a895c-aa57-8600-2a8a-4e237f6213f6-C,"This procurement provides for the labor, travel and associated burdens necessary to satisfy the phase a Concept Study Report (CSR) and bridge phase b option requirements of NASA'S competitively selected DAVINCI+ mission.",https://www.usaspending.gov/award/CONT_AWD_80GSFC20C0059_8000_-NONE-_-NONE-/
80GSFC20C0059,2026,4,1933732.00,0.0,False,080-0120,"Science, National Aeronautics and Space Administration",Lockheed Martin Corp,6e7a895c-aa57-8600-2a8a-4e237f6213f6-C,"This procurement provides for the labor, travel and associated burdens necessary to satisfy the phase a Concept Study Report (CSR) and bridge phase b option requirements of NASA'S competitively selected DAVINCI+ mission.",https://www.usaspending.gov/award/CONT_AWD_80GSFC20C0059_8000_-NONE-_-NONE-/
80GSFC20C0059,2026,3,1546539.00,0.0,False,080-0120,"Science, National Aeronautics and Space Administration",Lockheed Martin Corp,6e7a895c-aa57-8600-2a8a-4e237f6213f6-C,"This procurement provides for the labor, travel and associated burdens necessary to satisfy the phase a Concept Study Report (CSR) and bridge phase b option requirements of NASA'S competitively selected DAVINCI+ mission.",https://www.usaspending.gov/award/CONT_AWD_80GSFC20C0059_8000_-NONE-_-NONE-/
80GSFC20C0059,2026,2,1159346.00,0.0,False,080-0120,"Science, National Aeronautics and Space Administration",Lockheed Martin Corp,6e7a895c-aa57-8600-2a8a-4e237f6213f6-C,"This procurement provides for the labor, travel and associated burdens necessary to satisfy the phase a Concept Study Report (CSR) and bridge phase b option requirements of NASA'S competitively selected DAVINCI+ mission.",https://www.usaspending.gov/award/CONT_AWD_80GSFC20C0059_8000_-NONE-_-NONE-/
80GSFC20C0059,2025,12,0.0,3000000.00,False,080-0120,"Science, National Aeronautics and Space Administration",Lockheed Martin Corp,6e7a895c-aa57-8600-2a8a-4e237f6213f6-C,"This procurement provides for the labor, travel and associated burdens necessary to satisfy the phase a Concept Study Report (CSR) and bridge phase b option requirements of NASA'S competitively selected DAVINCI+ mission.",https://www.usaspending.gov/award/CONT_AWD_80GSFC20C0059_8000_-NONE-_-NONE-/
80GSFC20C0059,2025,12,3347341.28,0.0,False,080-0120,"Science, National Aeronautics and Space Administration",Lockheed Martin Corp,6e7a895c-aa57-8600-2a8a-4e237f6213f6-C,"This procurement provides for the labor, travel and associated burdens necessary to satisfy the phase a Concept Study Report (CSR) and bridge phase b option requirements of NASA'S competitively selected DAVINCI+ mission.",https://www.usaspending.gov/award/CONT_AWD_80GSFC20C0059_8000_-NONE-_-NONE-/
80GSFC20C0059,2025,12,3476709.97,0.0,False,080-0120,"Science, National Aeronautics and Space Administration",Lockheed Martin Corp,6e7a895c-aa57-8600-2a8a-4e237f6213f6-C,"This procurement provides for the labor, travel and associated burdens necessary to satisfy the phase a Concept Study Report (CSR) and bridge phase b option requirements of NASA'S competitively selected DAVINCI+ mission.",https://www.usaspending.gov/award/CONT_AWD_80GSFC20C0059_8000_-NONE-_-NONE-/
80GSFC20C0059,2025,11,3347341.28,0.0,False,080-0120,"Science, National Aeronautics and Space Administration",Lockheed Martin Corp,6e7a895c-aa57-8600-2a8a-4e237f6213f6-C,"This procurement provides for the labor, travel and associated burdens necessary to satisfy the phase a Concept Study Report (CSR) and bridge phase b option requirements of NASA'S competitively selected DAVINCI+ mission.",https://www.usaspending.gov/award/CONT_AWD_80GSFC20C0059_8000_-NONE-_-NONE-/
80GSFC20C0059,2025,11,2897038.97,0.0,False,080-0120,"Science, National Aeronautics and Space Administration",Lockheed Martin Corp,6e7a895c-aa57-8600-2a8a-4e237f6213f6-C,"This procurement provides for the labor, travel and associated burdens necessary to satisfy the phase a Concept Study Report (CSR) and bridge phase b option requirements of NASA'S competitively selected DAVINCI+ mission.",https://www.usaspending.gov/award/CONT_AWD_80GSFC20C0059_8000_-NONE-_-NONE-/
80GSFC20C0059,2025,10,2317367.97,0.0,False,080-0120,"Science, National Aeronautics and Space Administration",Lockheed Martin Corp,6e7a895c-aa57-8600-2a8a-4e237f6213f6-C,"This procurement provides for the labor, travel and associated burdens necessary to satisfy the phase a Concept Study Report (CSR) and bridge phase b option requirements of NASA'S competitively selected DAVINCI+ mission.",https://www.usaspending.gov/award/CONT_AWD_80GSFC20C0059_8000_-NONE-_-NONE-/
80GSFC20C0059,2025,10,3347341.28,0.0,False,080-0120,"Science, National Aeronautics and Space Administration",Lockheed Martin Corp,6e7a895c-aa57-8600-2a8a-4e237f6213f6-C,"This procurement provides for the labor, travel and associated burdens necessary to satisfy the phase a Concept Study Report (CSR) and bridge phase b option requirements of NASA'S competitively selected DAVINCI+ mission.",https://www.usaspending.gov/award/CONT_AWD_80GSFC20C0059_8000_-NONE-_-NONE-/
80GSFC20C0059,2025,9,3347341.28,0.0,False,080-0120,"Science, National Aeronautics and Space Administration",Lockheed Martin Corp,6e7a895c-aa57-8600-2a8a-4e237f6213f6-C,"This procurement provides for the labor, travel and associated burdens necessary to satisfy the phase a Concept Study Report (CSR) and bridge phase b option requirements of NASA'S competitively selected DAVINCI+ mission.",https://www.usaspending.gov/award/CONT_AWD_80GSFC20C0059_8000_-NONE-_-NONE-/
80GSFC20C0059,2025,9,1737696.97,0.0,False,080-0120,"Science, National Aeronautics and Space Administration",Lockheed Martin Corp,6e7a895c-aa57-8600-2a8a-4e237f6213f6-C,"This procurement provides for the labor, travel and associated burdens necessary to satisfy the phase a Concept Study Report (CSR) and bridge phase b option requirements of NASA'S competitively selected DAVINCI+ mission.",https://www.usaspending.gov/award/CONT_AWD_80GSFC20C0059_8000_-NONE-_-NONE-/
80GSFC20C0059,2025,8,3347341.28,0.0,False,080-0120,"Science, National Aeronautics and Space Administration",Lockheed Martin Corp,6e7a895c-aa57-8600-2a8a-4e237f6213f6-C,"This procurement provides for the labor, travel and associated burdens necessary to satisfy the phase a Concept Study Report (CSR) and bridge phase b option requirements of NASA'S competitively selected DAVINCI+ mission.",https://www.usaspending.gov/award/CONT_AWD_80GSFC20C0059_8000_-NONE-_-NONE-/
80GSFC20C0059,2025,8,1158025.97,0.0,False,080-0120,"Science, National Aeronautics and Space Administration",Lockheed Martin Corp,6e7a895c-aa57-8600-2a8a-4e237f6213f6-C,"This procurement provides for the labor, travel and associated burdens necessary to satisfy the phase a Concept Study Report (CSR) and bridge phase b option requirements of NASA'S competitively selected DAVINCI+ mission.",https://www.usaspending.gov/award/CONT_AWD_80GSFC20C0059_8000_-NONE-_-NONE-/
80GSFC20C0059,2025,7,3144492.97,0.0,False,080-0120,"Science, National Aeronautics and Space Administration",Lockheed Martin Corp,6e7a895c-aa57-8600-2a8a-4e237f6213f6-C,"This procurement provides for the labor, travel and associated burdens necessary to satisfy the phase a Concept Study Report (CSR) and bridge phase b option requirements of NASA'S competitively selected DAVINCI+ mission.",https://www.usaspending.gov/award/CONT_AWD_80GSFC20C0059_8000_-NONE-_-NONE-/
80GSFC20C0059,2025,7,781203.28,0.0,False,080-0120,"Science, National Aeronautics and Space Administration",Lockheed Martin Corp,6e7a895c-aa57-8600-2a8a-4e237f6213f6-C,"This procurement provides for the labor, travel and associated burdens necessary to satisfy the phase a Concept Study Report (CSR) and bridge phase b option requirements of NASA'S competitively selected DAVINCI+ mission.",https://www.usaspending.gov/award/CONT_AWD_80GSFC20C0059_8000_-NONE-_-NONE-/
80GSFC20C0059,2025,6,3144492.97,0.0,False,080-0120,"Science, National Aeronautics and Space Administration",Lockheed Martin Corp,6e7a895c-aa57-8600-2a8a-4e237f6213f6-C,"This procurement provides for the labor, travel and associated burdens necessary to satisfy the phase a Concept Study Report (CSR) and bridge phase b option requirements of NASA'S competitively selected DAVINCI+ mission.",https://www.usaspending.gov/award/CONT_AWD_80GSFC20C0059_8000_-NONE-_-NONE-/
80GSFC20C0059,2025,6,781203.28,0.0,False,080-0120,"Science, National Aeronautics and Space Administration",Lockheed Martin Corp,6e7a895c-aa57-8600-2a8a-4e237f6213f6-C,"This procurement provides for the labor, travel and associated burdens necessary to satisfy the phase a Concept Study Report (CSR) and bridge phase b option requirements of NASA'S competitively selected DAVINCI+ mission.",https://www.usaspending.gov/award/CONT_AWD_80GSFC20C0059_8000_-NONE-_-NONE-/
80GSFC20C0059,2025,5,56289.25,0.0,False,080-0120,"Science, National Aeronautics and Space Administration",Lockheed Martin Corp,6e7a895c-aa57-8600-2a8a-4e237f6213f6-C,"This procurement provides for the labor, travel and associated burdens necessary to satisfy the phase a Concept Study Report (CSR) and bridge phase b option requirements of NASA'S competitively selected DAVINCI+ mission.",https://www.usaspending.gov/award/CONT_AWD_80GSFC20C0059_8000_-NONE-_-NONE-/
80GSFC20C0059,2025,5,2438192.00,0.0,False,080-0120,"Science, National Aeronautics and Space Administration",Lockheed Martin Corp,6e7a895c-aa57-8600-2a8a-4e237f6213f6-C,"This procurement provides for the labor, travel and associated burdens necessary to satisfy the phase a Concept Study Report (CSR) and bridge phase b option requirements of NASA'S competitively selected DAVINCI+ mission.",https://www.usaspending.gov/award/CONT_AWD_80GSFC20C0059_8000_-NONE-_-NONE-/
80GSFC20C0059,2025,4,1335139.25,0.0,False,080-0120,"Science, National Aeronautics and Space Administration",Lockheed Martin Corp,6e7a895c-aa57-8600-2a8a-4e237f6213f6-C,"This procurement provides for the labor, travel and associated burdens necessary to satisfy the phase a Concept Study Report (CSR) and bridge phase b option requirements of NASA'S competitively selected DAVINCI+ mission.",https://www.usaspending.gov/award/CONT_AWD_80GSFC20C0059_8000_-NONE-_-NONE-/
80GSFC20C0059,2025,4,0.0,3456056.00,False,080-0120,"Science, National Aeronautics and Space Administration",Lockheed Martin Corp,6e7a895c-aa57-8600-2a8a-4e237f6213f6-C,"This procurement provides for the labor, travel and associated burdens necessary to satisfy the phase a Concept Study Report (CSR) and bridge phase b option requirements of NASA'S competitively selected DAVINCI+ mission.",https://www.usaspending.gov/award/CONT_AWD_80GSFC20C0059_8000_-NONE-_-NONE-/
80GSFC20C0059,2025,3,755468.25,0.0,False,080-0120,"Science, National Aeronautics and Space Administration",Lockheed Martin Corp,6e7a895c-aa57-8600-2a8a-4e237f6213f6-C,"This procurement provides for the labor, travel and associated burdens necessary to satisfy the phase a Concept Study Report (CSR) and bridge phase b option requirements of NASA'S competitively selected DAVINCI+ mission.",https://www.usaspending.gov/award/CONT_AWD_80GSFC20C0059_8000_-NONE-_-NONE-/
80GSFC20C0059,2025,2,0.0,2320000.00,False,080-0120,"Science, National Aeronautics and Space Administration",Lockheed Martin Corp,6e7a895c-aa57-8600-2a8a-4e237f6213f6-C,"This procurement provides for the labor, travel and associated burdens necessary to satisfy the phase a Concept Study Report (CSR) and bridge phase b option requirements of NASA'S competitively selected DAVINCI+ mission.",https://www.usaspending.gov/award/CONT_AWD_80GSFC20C0059_8000_-NONE-_-NONE-/
80GSFC20C0059,2025,2,0.0,1180000.00,False,080-0120,"Science, National Aeronautics and Space Administration",Lockheed Martin Corp,6e7a895c-aa57-8600-2a8a-4e237f6213f6-C,"This procurement provides for the labor, travel and associated burdens necessary to satisfy the phase a Concept Study Report (CSR) and bridge phase b option requirements of NASA'S competitively selected DAVINCI+ mission.",https://www.usaspending.gov/award/CONT_AWD_80GSFC20C0059_8000_-NONE-_-NONE-/
80GSFC20C0059,2025,2,175797.25,0.0,False,080-0120,"Science, National Aeronautics and Space Administration",Lockheed Martin Corp,6e7a895c-aa57-8600-2a8a-4e237f6213f6-C,"This procurement provides for the labor, travel and associated burdens necessary to satisfy the phase a Concept Study Report (CSR) and bridge phase b option requirements of NASA'S competitively selected DAVINCI+ mission.",https://www.usaspending.gov/award/CONT_AWD_80GSFC20C0059_8000_-NONE-_-NONE-/
80GSFC20C0059,2024,12,3122416.47,0.0,False,080-0120,"Science, National Aeronautics and Space Administration",Lockheed Martin Corp,6e7a895c-aa57-8600-2a8a-4e237f6213f6-C,"This procurement provides for the labor, travel and associated burdens necessary to satisfy the phase a Concept Study Report (CSR) and bridge phase b option requirements of NASA'S competitively selected DAVINCI+ mission.",https://www.usaspending.gov/award/CONT_AWD_80GSFC20C0059_8000_-NONE-_-NONE-/
80GSFC20C0059,2024,12,0.0,197882.00,False,080-0120,"Science, National Aeronautics and Space Administration",Lockheed Martin Corp,6e7a895c-aa57-8600-2a8a-4e237f6213f6-C,"This procurement provides for the labor, travel and associated burdens necessary to satisfy the phase a Concept Study Report (CSR) and bridge phase b option requirements of NASA'S competitively selected DAVINCI+ mission.",https://www.usaspending.gov/award/CONT_AWD_80GSFC20C0059_8000_-NONE-_-NONE-/
80GSFC20C0059,2024,12,1463659.53,0.0,False,080-0120,"Science, National Aeronautics and Space Administration",Lockheed Martin Corp,6e7a895c-aa57-8600-2a8a-4e237f6213f6-C,"This procurement provides for the labor, travel and associated burdens necessary to satisfy the phase a Concept Study Report (CSR) and bridge phase b option requirements of NASA'S competitively selected DAVINCI+ mission.",https://www.usaspending.gov/award/CONT_AWD_80GSFC20C0059_8000_-NONE-_-NONE-/
80GSFC20C0059,2024,11,1463659.53,0.0,False,080-0120,"Science, National Aeronautics and Space Administration",Lockheed Martin Corp,6e7a895c-aa57-8600-2a8a-4e237f6213f6-C,"This procurement provides for the labor, travel and associated burdens necessary to satisfy the phase a Concept Study Report (CSR) and bridge phase b option requirements of NASA'S competitively selected DAVINCI+ mission.",https://www.usaspending.gov/award/CONT_AWD_80GSFC20C0059_8000_-NONE-_-NONE-/
80GSFC20C0059,2024,11,2946619.22,0.0,False,080-0120,"Science, National Aeronautics and Space Administration",Lockheed Martin Corp,6e7a895c-aa57-8600-2a8a-4e237f6213f6-C,"This procurement provides for the labor, travel and associated burdens necessary to satisfy the phase a Concept Study Report (CSR) and bridge phase b option requirements of NASA'S competitively selected DAVINCI+ mission.",https://www.usaspending.gov/award/CONT_AWD_80GSFC20C0059_8000_-NONE-_-NONE-/
80GSFC20C0059,2024,10,1463659.53,0.0,False,080-0120,"Science, National Aeronautics and Space Administration",Lockheed Martin Corp,6e7a895c-aa57-8600-2a8a-4e237f6213f6-C,"This procurement provides for the labor, travel and associated burdens necessary to satisfy the phase a Concept Study Report (CSR) and bridge phase b option requirements of NASA'S competitively selected DAVINCI+ mission.",https://www.usaspending.gov/award/CONT_AWD_80GSFC20C0059_8000_-NONE-_-NONE-/
80GSFC20C0059,2024,10,2770821.97,0.0,False,080-0120,"Science, National Aeronautics and Space Administration",Lockheed Martin Corp,6e7a895c-aa57-8600-2a8a-4e237f6213f6-C,"This procurement provides for the labor, travel and associated burdens necessary to satisfy the phase a Concept Study Report (CSR) and bridge phase b option requirements of NASA'S competitively selected DAVINCI+ mission.",https://www.usaspending.gov/award/CONT_AWD_80GSFC20C0059_8000_-NONE-_-NONE-/
80GSFC20C0059,2024,9,1324925.25,0.0,False,080-0120,"Science, National Aeronautics and Space Administration",Lockheed Martin Corp,6e7a895c-aa57-8600-2a8a-4e237f6213f6-C,"This procurement provides for the labor, travel and associated burdens necessary to satisfy the phase a Concept Study Report (CSR) and bridge phase b option requirements of NASA'S competitively selected DAVINCI+ mission.",https://www.usaspending.gov/award/CONT_AWD_80GSFC20C0059_8000_-NONE-_-NONE-/
80GSFC20C0059,2024,9,2733759.00,0.0,False,080-0120,"Science, National Aeronautics and Space Administration",Lockheed Martin Corp,6e7a895c-aa57-8600-2a8a-4e237f6213f6-C,"This procurement provides for the labor, travel and associated burdens necessary to satisfy the phase a Concept Study Report (CSR) and bridge phase b option requirements of NASA'S competitively selected DAVINCI+ mission.",https://www.usaspending.gov/award/CONT_AWD_80GSFC20C0059_8000_-NONE-_-NONE-/
80GSFC20C0059,2024,8,2607488.72,0.0,False,080-0120,"Science, National Aeronautics and Space Administration",Lockheed Martin Corp,6e7a895c-aa57-8600-2a8a-4e237f6213f6-C,"This procurement provides for the labor, travel and associated burdens necessary to satisfy the phase a Concept Study Report (CSR) and bridge phase b option requirements of NASA'S competitively selected DAVINCI+ mission.",https://www.usaspending.gov/award/CONT_AWD_80GSFC20C0059_8000_-NONE-_-NONE-/
80GSFC20C0059,2024,8,1275398.28,0.0,False,080-0120,"Science, National Aeronautics and Space Administration",Lockheed Martin Corp,6e7a895c-aa57-8600-2a8a-4e237f6213f6-C,"This procurement provides for the labor, travel and associated burdens necessary to satisfy the phase a Concept Study Report (CSR) and bridge phase b option requirements of NASA'S competitively selected DAVINCI+ mission.",https://www.usaspending.gov/award/CONT_AWD_80GSFC20C0059_8000_-NONE-_-NONE-/
80GSFC20C0059,2024,7,1275398.28,0.0,False,080-0120,"Science, National Aeronautics and Space Administration",Lockheed Martin Corp,6e7a895c-aa57-8600-2a8a-4e237f6213f6-C,"This procurement provides for the labor, travel and associated burdens necessary to satisfy the phase a Concept Study Report (CSR) and bridge phase b option requirements of NASA'S competitively selected DAVINCI+ mission.",https://www.usaspending.gov/award/CONT_AWD_80GSFC20C0059_8000_-NONE-_-NONE-/
80GSFC20C0059,2024,7,2431691.47,0.0,False,080-0120,"Science, National Aeronautics and Space Administration",Lockheed Martin Corp,6e7a895c-aa57-8600-2a8a-4e237f6213f6-C,"This procurement provides for the labor, travel and associated burdens necessary to satisfy the phase a Concept Study Report (CSR) and bridge phase b option requirements of NASA'S competitively selected DAVINCI+ mission.",https://www.usaspending.gov/award/CONT_AWD_80GSFC20C0059_8000_-NONE-_-NONE-/
80GSFC20C0059,2024,6,1275398.28,0.0,False,080-0120,"Science, National Aeronautics and Space Administration",Lockheed Martin Corp,6e7a895c-aa57-8600-2a8a-4e237f6213f6-C,"This procurement provides for the labor, travel and associated burdens necessary to satisfy the phase a Concept Study Report (CSR) and bridge phase b option requirements of NASA'S competitively selected DAVINCI+ mission.",https://www.usaspending.gov/award/CONT_AWD_80GSFC20C0059_8000_-NONE-_-NONE-/
80GSFC20C0059,2024,6,2255894.22,0.0,False,080-0120,"Science, National Aeronautics and Space Administration",Lockheed Martin Corp,6e7a895c-aa57-8600-2a8a-4e237f6213f6-C,"This procurement provides for the labor, travel and associated burdens necessary to satisfy the phase a Concept Study Report (CSR) and bridge phase b option requirements of NASA'S competitively selected DAVINCI+ mission.",https://www.usaspending.gov/award/CONT_AWD_80GSFC20C0059_8000_-NONE-_-NONE-/
80GSFC20C0059,2024,5,0.0,1218116.75,False,080-0120,"Science, National Aeronautics and Space Administration",Lockheed Martin Corp,6e7a895c-aa57-8600-2a8a-4e237f6213f6-C,"This procurement provides for the labor, travel and associated burdens necessary to satisfy the phase a Concept Study Report (CSR) and bridge phase b option requirements of NASA'S competitively selected DAVINCI+ mission.",https://www.usaspending.gov/award/CONT_AWD_80GSFC20C0059_8000_-NONE-_-NONE-/
80GSFC20C0059,2024,5,0.0,188261.25,False,080-0120,"Science, National Aeronautics and Space Administration",Lockheed Martin Corp,6e7a895c-aa57-8600-2a8a-4e237f6213f6-C,"This procurement provides for the labor, travel and associated burdens necessary to satisfy the phase a Concept Study Report (CSR) and bridge phase b option requirements of NASA'S competitively selected DAVINCI+ mission.",https://www.usaspending.gov/award/CONT_AWD_80GSFC20C0059_8000_-NONE-_-NONE-/
80GSFC20C0059,2024,5,1275398.28,0.0,False,080-0120,"Science, National Aeronautics and Space Administration",Lockheed Martin Corp,6e7a895c-aa57-8600-2a8a-4e237f6213f6-C,"This procurement provides for the labor, travel and associated burdens necessary to satisfy the phase a Concept Study Report (CSR) and bridge phase b option requirements of NASA'S competitively selected DAVINCI+ mission.",https://www.usaspending.gov/award/CONT_AWD_80GSFC20C0059_8000_-NONE-_-NONE-/
80GSFC20C0059,2024,5,2080096.97,0.0,False,080-0120,"Science, National Aeronautics and Space Administration",Lockheed Martin Corp,6e7a895c-aa57-8600-2a8a-4e237f6213f6-C,"This procurement provides for the labor, travel and associated burdens necessary to satisfy the phase a Concept Study Report (CSR) and bridge phase b option requirements of NASA'S competitively selected DAVINCI+ mission.",https://www.usaspending.gov/award/CONT_AWD_80GSFC20C0059_8000_-NONE-_-NONE-/
80GSFC20C0059,2024,4,1275398.28,0.0,False,080-0120,"Science, National Aeronautics and Space Administration",Lockheed Martin Corp,6e7a895c-aa57-8600-2a8a-4e237f6213f6-C,"This procurement provides for the labor, travel and associated burdens necessary to satisfy the phase a Concept Study Report (CSR) and bridge phase b option requirements of NASA'S competitively selected DAVINCI+ mission.",https://www.usaspending.gov/award/CONT_AWD_80GSFC20C0059_8000_-NONE-_-NONE-/
80GSFC20C0059,2024,4,1346657.22,0.0,False,080-0120,"Science, National Aeronautics and Space Administration",Lockheed Martin Corp,6e7a895c-aa57-8600-2a8a-4e237f6213f6-C,"This procurement provides for the labor, travel and associated burdens necessary to satisfy the phase a Concept Study Report (CSR) and bridge phase b option requirements of NASA'S competitively selected DAVINCI+ mission.",https://www.usaspending.gov/award/CONT_AWD_80GSFC20C0059_8000_-NONE-_-NONE-/
80GSFC20C0059,2024,3,1205176.00,0.0,False,080-0120,"Science, National Aeronautics and Space Administration",Lockheed Martin Corp,6e7a895c-aa57-8600-2a8a-4e237f6213f6-C,"This procurement provides for the labor, travel and associated burdens necessary to satisfy the phase a Concept Study Report (CSR) and bridge phase b option requirements of NASA'S competitively selected DAVINCI+ mission.",https://www.usaspending.gov/award/CONT_AWD_80GSFC20C0059_8000_-NONE-_-NONE-/
80GSFC20C0059,2024,3,683439.75,0.0,False,080-0120,"Science, National Aeronautics and Space Administration",Lockheed Martin Corp,6e7a895c-aa57-8600-2a8a-4e237f6213f6-C,"This procurement provides for the labor, travel and associated burdens necessary to satisfy the phase a Concept Study Report (CSR) and bridge phase b option requirements of NASA'S competitively selected DAVINCI+ mission.",https://www.usaspending.gov/award/CONT_AWD_80GSFC20C0059_8000_-NONE-_-NONE-/
80GSFC20C0059,2024,2,0.0,2733759.00,False,080-0120,"Science, National Aeronautics and Space Administration",Lockheed Martin Corp,6e7a895c-aa57-8600-2a8a-4e237f6213f6-C,"This procurement provides for the labor, travel and associated burdens necessary to satisfy the phase a Concept Study Report (CSR) and bridge phase b option requirements of NASA'S competitively selected DAVINCI+ mission.",https://www.usaspending.gov/award/CONT_AWD_80GSFC20C0059_8000_-NONE-_-NONE-/
80GSFC20C0059,2024,2,1125398.28,0.0,False,080-0120,"Science, National Aeronautics and Space Administration",Lockheed Martin Corp,6e7a895c-aa57-8600-2a8a-4e237f6213f6-C,"This procurement provides for the labor, travel and associated burdens necessary to satisfy the phase a Concept Study Report (CSR) and bridge phase b option requirements of NASA'S competitively selected DAVINCI+ mission.",https://www.usaspending.gov/award/CONT_AWD_80GSFC20C0059_8000_-NONE-_-NONE-/
80GSFC20C0059,2024,2,29777.72,0.0,False,080-0120,"Science, National Aeronautics and Space Administration",Lockheed Martin Corp,6e7a895c-aa57-8600-2a8a-4e237f6213f6-C,"This procurement provides for the labor, travel and associated burdens necessary to satisfy the phase a Concept Study Report (CSR) and bridge phase b option requirements of NASA'S competitively selected DAVINCI+ mission.",https://www.usaspending.gov/award/CONT_AWD_80GSFC20C0059_8000_-NONE-_-NONE-/
80GSFC20C0059,2023,12,0.0,200000.00,False,080-0120,"Science, National Aeronautics and Space Administration",Lockheed Martin Corp,6e7a895c-aa57-8600-2a8a-4e237f6213f6-C,"This procurement provides for the labor, travel and associated burdens necessary to satisfy the phase a Concept Study Report (CSR) and bridge phase b option requirements of NASA'S competitively selected DAVINCI+ mission.",https://www.usaspending.gov/award/CONT_AWD_80GSFC20C0059_8000_-NONE-_-NONE-/
80GSFC20C0059,2023,12,246654.28,0.0,False,080-0120,"Science, National Aeronautics and Space Administration",Lockheed Martin Corp,6e7a895c-aa57-8600-2a8a-4e237f6213f6-C,"This procurement provides for the labor, travel and associated burdens necessary to satisfy the phase a Concept Study Report (CSR) and bridge phase b option requirements of NASA'S competitively selected DAVINCI+ mission.",https://www.usaspending.gov/award/CONT_AWD_80GSFC20C0059_8000_-NONE-_-NONE-/
80GSFC20C0059,2023,12,4192480.50,0.0,False,080-0120,"Science, National Aeronautics and Space Administration",Lockheed Martin Corp,6e7a895c-aa57-8600-2a8a-4e237f6213f6-C,"This procurement provides for the labor, travel and associated burdens necessary to satisfy the phase a Concept Study Report (CSR) and bridge phase b option requirements of NASA'S competitively selected DAVINCI+ mission.",https://www.usaspending.gov/award/CONT_AWD_80GSFC20C0059_8000_-NONE-_-NONE-/
80GSFC20C0059,2023,12,261280.72,0.0,False,080-0120,"Science, National Aeronautics and Space Administration",Lockheed Martin Corp,6e7a895c-aa57-8600-2a8a-4e237f6213f6-C,"This procurement provides for the labor, travel and associated burdens necessary to satisfy the phase a Concept Study Report (CSR) and bridge phase b option requirements of NASA'S competitively selected DAVINCI+ mission.",https://www.usaspending.gov/award/CONT_AWD_80GSFC20C0059_8000_-NONE-_-NONE-/
80GSFC20C0059,2023,11,246654.28,0.0,False,080-0120,"Science, National Aeronautics and Space Administration",Lockheed Martin Corp,6e7a895c-aa57-8600-2a8a-4e237f6213f6-C,"This procurement provides for the labor, travel and associated burdens necessary to satisfy the phase a Concept Study Report (CSR) and bridge phase b option requirements of NASA'S competitively selected DAVINCI+ mission.",https://www.usaspending.gov/award/CONT_AWD_80GSFC20C0059_8000_-NONE-_-NONE-/
80GSFC20C0059,2023,11,4032024.97,0.0,False,080-0120,"Science, National Aeronautics and Space Administration",Lockheed Martin Corp,6e7a895c-aa57-8600-2a8a-4e237f6213f6-C,"This procurement provides for the labor, travel and associated burdens necessary to satisfy the phase a Concept Study Report (CSR) and bridge phase b option requirements of NASA'S competitively selected DAVINCI+ mission.",https://www.usaspending.gov/award/CONT_AWD_80GSFC20C0059_8000_-NONE-_-NONE-/
80GSFC20C0059,2023,10,246654.28,0.0,False,080-0120,"Science, National Aeronautics and Space Administration",Lockheed Martin Corp,6e7a895c-aa57-8600-2a8a-4e237f6213f6-C,"This procurement provides for the labor, travel and associated burdens necessary to satisfy the phase a Concept Study Report (CSR) and bridge phase b option requirements of NASA'S competitively selected DAVINCI+ mission.",https://www.usaspending.gov/award/CONT_AWD_80GSFC20C0059_8000_-NONE-_-NONE-/
80GSFC20C0059,2023,10,3188552.47,0.0,False,080-0120,"Science, National Aeronautics and Space Administration",Lockheed Martin Corp,6e7a895c-aa57-8600-2a8a-4e237f6213f6-C,"This procurement provides for the labor, travel and associated burdens necessary to satisfy the phase a Concept Study Report (CSR) and bridge phase b option requirements of NASA'S competitively selected DAVINCI+ mission.",https://www.usaspending.gov/award/CONT_AWD_80GSFC20C0059_8000_-NONE-_-NONE-/
80GSFC20C0059,2023,9,246654.28,0.0,False,080-0120,"Science, National Aeronautics and Space Administration",Lockheed Martin Corp,6e7a895c-aa57-8600-2a8a-4e237f6213f6-C,"This procurement provides for the labor, travel and associated burdens necessary to satisfy the phase a Concept Study Report (CSR) and bridge phase b option requirements of NASA'S competitively selected DAVINCI+ mission.",https://www.usaspending.gov/award/CONT_AWD_80GSFC20C0059_8000_-NONE-_-NONE-/
80GSFC20C0059,2023,9,3188552.47,0.0,False,080-0120,"Science, National Aeronautics and Space Administration",Lockheed Martin Corp,6e7a895c-aa57-8600-2a8a-4e237f6213f6-C,"This procurement provides for the labor, travel and associated burdens necessary to satisfy the phase a Concept Study Report (CSR) and bridge phase b option requirements of NASA'S competitively selected DAVINCI+ mission.",https://www.usaspending.gov/award/CONT_AWD_80GSFC20C0059_8000_-NONE-_-NONE-/
80GSFC20C0059,2023,8,2805148.22,0.0,False,080-0120,"Science, National Aeronautics and Space Administration",Lockheed Martin Corp,6e7a895c-aa57-8600-2a8a-4e237f6213f6-C,"This procurement provides for the labor, travel and associated burdens necessary to satisfy the phase a Concept Study Report (CSR) and bridge phase b option requirements of NASA'S competitively selected DAVINCI+ mission.",https://www.usaspending.gov/award/CONT_AWD_80GSFC20C0059_8000_-NONE-_-NONE-/
80GSFC20C0059,2023,8,246654.28,0.0,False,080-0120,"Science, National Aeronautics and Space Administration",Lockheed Martin Corp,6e7a895c-aa57-8600-2a8a-4e237f6213f6-C,"This procurement provides for the labor, travel and associated burdens necessary to satisfy the phase a Concept Study Report (CSR) and bridge phase b option requirements of NASA'S competitively selected DAVINCI+ mission.",https://www.usaspending.gov/award/CONT_AWD_80GSFC20C0059_8000_-NONE-_-NONE-/
80GSFC20C0059,2023,7,246654.28,0.0,False,080-0120,"Science, National Aeronautics and Space Administration",Lockheed Martin Corp,6e7a895c-aa57-8600-2a8a-4e237f6213f6-C,"This procurement provides for the labor, travel and associated burdens necessary to satisfy the phase a Concept Study Report (CSR) and bridge phase b option requirements of NASA'S competitively selected DAVINCI+ mission.",https://www.usaspending.gov/award/CONT_AWD_80GSFC20C0059_8000_-NONE-_-NONE-/
80GSFC20C0059,2023,7,2421743.97,0.0,False,080-0120,"Science, National Aeronautics and Space Administration",Lockheed Martin Corp,6e7a895c-aa57-8600-2a8a-4e237f6213f6-C,"This procurement provides for the labor, travel and associated burdens necessary to satisfy the phase a Concept Study Report (CSR) and bridge phase b option requirements of NASA'S competitively selected DAVINCI+ mission.",https://www.usaspending.gov/award/CONT_AWD_80GSFC20C0059_8000_-NONE-_-NONE-/
80GSFC20C0059,2023,6,246654.28,0.0,False,080-0120,"Science, National Aeronautics and Space Administration",Lockheed Martin Corp,6e7a895c-aa57-8600-2a8a-4e237f6213f6-C,"This procurement provides for the labor, travel and associated burdens necessary to satisfy the phase a Concept Study Report (CSR) and bridge phase b option requirements of NASA'S competitively selected DAVINCI+ mission.",https://www.usaspending.gov/award/CONT_AWD_80GSFC20C0059_8000_-NONE-_-NONE-/
80GSFC20C0059,2023,6,0.0,153328.00,False,080-0120,"Science, National Aeronautics and Space Administration",Lockheed Martin Corp,6e7a895c-aa57-8600-2a8a-4e237f6213f6-C,"This procurement provides for the labor, travel and associated burdens necessary to satisfy the phase a Concept Study Report (CSR) and bridge phase b option requirements of NASA'S competitively selected DAVINCI+ mission.",https://www.usaspending.gov/award/CONT_AWD_80GSFC20C0059_8000_-NONE-_-NONE-/
80GSFC20C0059,2023,6,2038339.72,0.0,False,080-0120,"Science, National Aeronautics and Space Administration",Lockheed Martin Corp,6e7a895c-aa57-8600-2a8a-4e237f6213f6-C,"This procurement provides for the labor, travel and associated burdens necessary to satisfy the phase a Concept Study Report (CSR) and bridge phase b option requirements of NASA'S competitively selected DAVINCI+ mission.",https://www.usaspending.gov/award/CONT_AWD_80GSFC20C0059_8000_-NONE-_-NONE-/
80GSFC20C0059,2023,5,246654.28,0.0,False,080-0120,"Science, National Aeronautics and Space Administration",Lockheed Martin Corp,6e7a895c-aa57-8600-2a8a-4e237f6213f6-C,"This procurement provides for the labor, travel and associated burdens necessary to satisfy the phase a Concept Study Report (CSR) and bridge phase b option requirements of NASA'S competitively selected DAVINCI+ mission.",https://www.usaspending.gov/award/CONT_AWD_80GSFC20C0059_8000_-NONE-_-NONE-/
80GSFC20C0059,2023,5,1654935.47,0.0,False,080-0120,"Science, National Aeronautics and Space Administration",Lockheed Martin Corp,6e7a895c-aa57-8600-2a8a-4e237f6213f6-C,"This procurement provides for the labor, travel and associated burdens necessary to satisfy the phase a Concept Study Report (CSR) and bridge phase b option requirements of NASA'S competitively selected DAVINCI+ mission.",https://www.usaspending.gov/award/CONT_AWD_80GSFC20C0059_8000_-NONE-_-NONE-/
80GSFC20C0059,2023,4,246654.28,0.0,False,080-0120,"Science, National Aeronautics and Space Administration",Lockheed Martin Corp,6e7a895c-aa57-8600-2a8a-4e237f6213f6-C,"This procurement provides for the labor, travel and associated burdens necessary to satisfy the phase a Concept Study Report (CSR) and bridge phase b option requirements of NASA'S competitively selected DAVINCI+ mission.",https://www.usaspending.gov/award/CONT_AWD_80GSFC20C0059_8000_-NONE-_-NONE-/
80GSFC20C0059,2023,4,1271531.22,0.0,False,080-0120,"Science, National Aeronautics and Space Administration",Lockheed Martin Corp,6e7a895c-aa57-8600-2a8a-4e237f6213f6-C,"This procurement provides for the labor, travel and associated burdens necessary to satisfy the phase a Concept Study Report (CSR) and bridge phase b option requirements of NASA'S competitively selected DAVINCI+ mission.",https://www.usaspending.gov/award/CONT_AWD_80GSFC20C0059_8000_-NONE-_-NONE-/
80GSFC20C0059,2023,3,246654.28,0.0,False,080-0120,"Science, National Aeronautics and Space Administration",Lockheed Martin Corp,6e7a895c-aa57-8600-2a8a-4e237f6213f6-C,"This procurement provides for the labor, travel and associated burdens necessary to satisfy the phase a Concept Study Report (CSR) and bridge phase b option requirements of NASA'S competitively selected DAVINCI+ mission.",https://www.usaspending.gov/award/CONT_AWD_80GSFC20C0059_8000_-NONE-_-NONE-/
80GSFC20C0059,2023,3,888126.97,0.0,False,080-0120,"Science, National Aeronautics and Space Administration",Lockheed Martin Corp,6e7a895c-aa57-8600-2a8a-4e237f6213f6-C,"This procurement provides for the labor, travel and associated burdens necessary to satisfy the phase a Concept Study Report (CSR) and bridge phase b option requirements of NASA'S competitively selected DAVINCI+ mission.",https://www.usaspending.gov/award/CONT_AWD_80GSFC20C0059_8000_-NONE-_-NONE-/
80GSFC20C0059,2023,2,0.0,-2622000.00,False,080-0120,"Science, National Aeronautics and Space Administration",Lockheed Martin Corp,6e7a895c-aa57-8600-2a8a-4e237f6213f6-C,"This procurement provides for the labor, travel and associated burdens necessary to satisfy the phase a Concept Study Report (CSR) and bridge phase b option requirements of NASA'S competitively selected DAVINCI+ mission.",https://www.usaspending.gov/award/CONT_AWD_80GSFC20C0059_8000_-NONE-_-NONE-/
80GSFC20C0059,2023,2,0.0,3805351.00,False,080-0120,"Science, National Aeronautics and Space Administration",Lockheed Martin Corp,6e7a895c-aa57-8600-2a8a-4e237f6213f6-C,"This procurement provides for the labor, travel and associated burdens necessary to satisfy the phase a Concept Study Report (CSR) and bridge phase b option requirements of NASA'S competitively selected DAVINCI+ mission.",https://www.usaspending.gov/award/CONT_AWD_80GSFC20C0059_8000_-NONE-_-NONE-/
80GSFC20C0059,2023,2,246654.28,0.0,False,080-0120,"Science, National Aeronautics and Space Administration",Lockheed Martin Corp,6e7a895c-aa57-8600-2a8a-4e237f6213f6-C,"This procurement provides for the labor, travel and associated burdens necessary to satisfy the phase a Concept Study Report (CSR) and bridge phase b option requirements of NASA'S competitively selected DAVINCI+ mission.",https://www.usaspending.gov/award/CONT_AWD_80GSFC20C0059_8000_-NONE-_-NONE-/
80GSFC20C0059,2023,2,504722.72,0.0,False,080-0120,"Science, National Aeronautics and Space Administration",Lockheed Martin Corp,6e7a895c-aa57-8600-2a8a-4e237f6213f6-C,"This procurement provides for the labor, travel and associated burdens necessary to satisfy the phase a Concept Study Report (CSR) and bridge phase b option requirements of NASA'S competitively selected DAVINCI+ mission.",https://www.usaspending.gov/award/CONT_AWD_80GSFC20C0059_8000_-NONE-_-NONE-/
80GSFC20C0059,2023,2,0.0,550000.00,False,080-0120,"Science, National Aeronautics and Space Administration",Lockheed Martin Corp,6e7a895c-aa57-8600-2a8a-4e237f6213f6-C,"This procurement provides for the labor, travel and associated burdens necessary to satisfy the phase a Concept Study Report (CSR) and bridge phase b option requirements of NASA'S competitively selected DAVINCI+ mission.",https://www.usaspending.gov/award/CONT_AWD_80GSFC20C0059_8000_-NONE-_-NONE-/
80GSFC20C0059,2023,2,0.0,245500.00,False,080-0120,"Science, National Aeronautics and Space Administration",Lockheed Martin Corp,6e7a895c-aa57-8600-2a8a-4e237f6213f6-C,"This procurement provides for the labor, travel and associated burdens necessary to satisfy the phase a Concept Study Report (CSR) and bridge phase b option requirements of NASA'S competitively selected DAVINCI+ mission.",https://www.usaspending.gov/award/CONT_AWD_80GSFC20C0059_8000_-NONE-_-NONE-/
80GSFC20C0059,2023,2,0.0,2622000.00,False,080-0120,"Science, National Aeronautics and Space Administration",Lockheed Martin Corp,6e7a895c-aa57-8600-2a8a-4e237f6213f6-C,"This procurement provides for the labor, travel and associated burdens necessary to satisfy the phase a Concept Study Report (CSR) and bridge phase b option requirements of NASA'S competitively selected DAVINCI+ mission.",https://www.usaspending.gov/award/CONT_AWD_80GSFC20C0059_8000_-NONE-_-NONE-/
80GSFC20C0059,2022,12,3330689.64,0.0,False,080-0120,"Science, National Aeronautics and Space Administration",Lockheed Martin Corp,6e7a895c-aa57-8600-2a8a-4e237f6213f6-C,"This procurement provides for the labor, travel and associated burdens necessary to satisfy the phase a Concept Study Report (CSR) and bridge phase b option requirements of NASA'S competitively selected DAVINCI+ mission.",https://www.usaspending.gov/award/CONT_AWD_80GSFC20C0059_8000_-NONE-_-NONE-/
80GSFC20C0059,2022,12,0.03,0.0,False,080-0120,"Science, National Aeronautics and Space Administration",Lockheed Martin Corp,6e7a895c-aa57-8600-2a8a-4e237f6213f6-C,"This procurement provides for the labor, travel and associated burdens necessary to satisfy the phase a Concept Study Report (CSR) and bridge phase b option requirements of NASA'S competitively selected DAVINCI+ mission.",https://www.usaspending.gov/award/CONT_AWD_80GSFC20C0059_8000_-NONE-_-NONE-/
80GSFC20C0059,2022,12,859553.58,0.0,False,080-0120,"Science, National Aeronautics and Space Administration",Lockheed Martin Corp,6e7a895c-aa57-8600-2a8a-4e237f6213f6-C,"This procurement provides for the labor, travel and associated burdens necessary to satisfy the phase a Concept Study Report (CSR) and bridge phase b option requirements of NASA'S competitively selected DAVINCI+ mission.",https://www.usaspending.gov/award/CONT_AWD_80GSFC20C0059_8000_-NONE-_-NONE-/
80GSFC20C0059,2022,11,0.0,653662.00,False,080-0120,"Science, National Aeronautics and Space Administration",Lockheed Martin Corp,6e7a895c-aa57-8600-2a8a-4e237f6213f6-C,"This procurement provides for the labor, travel and associated burdens necessary to satisfy the phase a Concept Study Report (CSR) and bridge phase b option requirements of NASA'S competitively selected DAVINCI+ mission.",https://www.usaspending.gov/award/CONT_AWD_80GSFC20C0059_8000_-NONE-_-NONE-/
80GSFC20C0059,2022,11,0.03,0.0,False,080-0120,"Science, National Aeronautics and Space Administration",Lockheed Martin Corp,6e7a895c-aa57-8600-2a8a-4e237f6213f6-C,"This procurement provides for the labor, travel and associated burdens necessary to satisfy the phase a Concept Study Report (CSR) and bridge phase b option requirements of NASA'S competitively selected DAVINCI+ mission.",https://www.usaspending.gov/award/CONT_AWD_80GSFC20C0059_8000_-NONE-_-NONE-/
80GSFC20C0059,2022,11,2837381.18,0.0,False,080-0120,"Science, National Aeronautics and Space Administration",Lockheed Martin Corp,6e7a895c-aa57-8600-2a8a-4e237f6213f6-C,"This procurement provides for the labor, travel and associated burdens necessary to satisfy the phase a Concept Study Report (CSR) and bridge phase b option requirements of NASA'S competitively selected DAVINCI+ mission.",https://www.usaspending.gov/award/CONT_AWD_80GSFC20C0059_8000_-NONE-_-NONE-/
80GSFC20C0059,2022,11,616916.54,0.0,False,080-0120,"Science, National Aeronautics and Space Administration",Lockheed Martin Corp,6e7a895c-aa57-8600-2a8a-4e237f6213f6-C,"This procurement provides for the labor, travel and associated burdens necessary to satisfy the phase a Concept Study Report (CSR) and bridge phase b option requirements of NASA'S competitively selected DAVINCI+ mission.",https://www.usaspending.gov/award/CONT_AWD_80GSFC20C0059_8000_-NONE-_-NONE-/
80GSFC20C0059,2022,10,2837381.18,0.0,False,080-0120,"Science, National Aeronautics and Space Administration",Lockheed Martin Corp,6e7a895c-aa57-8600-2a8a-4e237f6213f6-C,"This procurement provides for the labor, travel and associated burdens necessary to satisfy the phase a Concept Study Report (CSR) and bridge phase b option requirements of NASA'S competitively selected DAVINCI+ mission.",https://www.usaspending.gov/award/CONT_AWD_80GSFC20C0059_8000_-NONE-_-NONE-/
80GSFC20C0059,2022,10,0.03,0.0,False,080-0120,"Science, National Aeronautics and Space Administration",Lockheed Martin Corp,6e7a895c-aa57-8600-2a8a-4e237f6213f6-C,"This procurement provides for the labor, travel and associated burdens necessary to satisfy the phase a Concept Study Report (CSR) and bridge phase b option requirements of NASA'S competitively selected DAVINCI+ mission.",https://www.usaspending.gov/award/CONT_AWD_80GSFC20C0059_8000_-NONE-_-NONE-/
80GSFC20C0059,2022,10,616916.54,0.0,False,080-0120,"Science, National Aeronautics and Space Administration",Lockheed Martin Corp,6e7a895c-aa57-8600-2a8a-4e237f6213f6-C,"This procurement provides for the labor, travel and associated burdens necessary to satisfy the phase a Concept Study Report (CSR) and bridge phase b option requirements of NASA'S competitively selected DAVINCI+ mission.",https://www.usaspending.gov/award/CONT_AWD_80GSFC20C0059_8000_-NONE-_-NONE-/
80GSFC20C0059,2022,9,2274733.86,0.0,False,080-0120,"Science, National Aeronautics and Space Administration",Lockheed Martin Corp,6e7a895c-aa57-8600-2a8a-4e237f6213f6-C,"This procurement provides for the labor, travel and associated burdens necessary to satisfy the phase a Concept Study Report (CSR) and bridge phase b option requirements of NASA'S competitively selected DAVINCI+ mission.",https://www.usaspending.gov/award/CONT_AWD_80GSFC20C0059_8000_-NONE-_-NONE-/
80GSFC20C0059,2022,9,0.03,0.0,False,080-0120,"Science, National Aeronautics and Space Administration",Lockheed Martin Corp,6e7a895c-aa57-8600-2a8a-4e237f6213f6-C,"This procurement provides for the labor, travel and associated burdens necessary to satisfy the phase a Concept Study Report (CSR) and bridge phase b option requirements of NASA'S competitively selected DAVINCI+ mission.",https://www.usaspending.gov/award/CONT_AWD_80GSFC20C0059_8000_-NONE-_-NONE-/
80GSFC20C0059,2022,9,443618.36,0.0,False,080-0120,"Science, National Aeronautics and Space Administration",Lockheed Martin Corp,6e7a895c-aa57-8600-2a8a-4e237f6213f6-C,"This procurement provides for the labor, travel and associated burdens necessary to satisfy the phase a Concept Study Report (CSR) and bridge phase b option requirements of NASA'S competitively selected DAVINCI+ mission.",https://www.usaspending.gov/award/CONT_AWD_80GSFC20C0059_8000_-NONE-_-NONE-/
80GSFC20C0059,2022,8,2094831.34,0.0,False,080-0120,"Science, National Aeronautics and Space Administration",Lockheed Martin Corp,6e7a895c-aa57-8600-2a8a-4e237f6213f6-C,"This procurement provides for the labor, travel and associated burdens necessary to satisfy the phase a Concept Study Report (CSR) and bridge phase b option requirements of NASA'S competitively selected DAVINCI+ mission.",https://www.usaspending.gov/award/CONT_AWD_80GSFC20C0059_8000_-NONE-_-NONE-/
80GSFC20C0059,2022,8,0.03,0.0,False,080-0120,"Science, National Aeronautics and Space Administration",Lockheed Martin Corp,6e7a895c-aa57-8600-2a8a-4e237f6213f6-C,"This procurement provides for the labor, travel and associated burdens necessary to satisfy the phase a Concept Study Report (CSR) and bridge phase b option requirements of NASA'S competitively selected DAVINCI+ mission.",https://www.usaspending.gov/award/CONT_AWD_80GSFC20C0059_8000_-NONE-_-NONE-/
80GSFC20C0059,2022,8,255548.13,0.0,False,080-0120,"Science, National Aeronautics and Space Administration",Lockheed Martin Corp,6e7a895c-aa57-8600-2a8a-4e237f6213f6-C,"This procurement provides for the labor, travel and associated burdens necessary to satisfy the phase a Concept Study Report (CSR) and bridge phase b option requirements of NASA'S competitively selected DAVINCI+ mission.",https://www.usaspending.gov/award/CONT_AWD_80GSFC20C0059_8000_-NONE-_-NONE-/
80GSFC20C0059,2022,7,0.0,-233000.00,False,080-0120,"Science, National Aeronautics and Space Administration",Lockheed Martin Corp,6e7a895c-aa57-8600-2a8a-4e237f6213f6-C,"This procurement provides for the labor, travel and associated burdens necessary to satisfy the phase a Concept Study Report (CSR) and bridge phase b option requirements of NASA'S competitively selected DAVINCI+ mission.",https://www.usaspending.gov/award/CONT_AWD_80GSFC20C0059_8000_-NONE-_-NONE-/
80GSFC20C0059,2022,7,0.03,0.0,False,080-0120,"Science, National Aeronautics and Space Administration",Lockheed Martin Corp,6e7a895c-aa57-8600-2a8a-4e237f6213f6-C,"This procurement provides for the labor, travel and associated burdens necessary to satisfy the phase a Concept Study Report (CSR) and bridge phase b option requirements of NASA'S competitively selected DAVINCI+ mission.",https://www.usaspending.gov/award/CONT_AWD_80GSFC20C0059_8000_-NONE-_-NONE-/
80GSFC20C0059,2022,7,0.0,583000.00,False,080-0120,"Science, National Aeronautics and Space Administration",Lockheed Martin Corp,6e7a895c-aa57-8600-2a8a-4e237f6213f6-C,"This procurement provides for the labor, travel and associated burdens necessary to satisfy the phase a Concept Study Report (CSR) and bridge phase b option requirements of NASA'S competitively selected DAVINCI+ mission.",https://www.usaspending.gov/award/CONT_AWD_80GSFC20C0059_8000_-NONE-_-NONE-/
80GSFC20C0059,2022,7,1861985.42,0.0,False,080-0120,"Science, National Aeronautics and Space Administration",Lockheed Martin Corp,6e7a895c-aa57-8600-2a8a-4e237f6213f6-C,"This procurement provides for the labor, travel and associated burdens necessary to satisfy the phase a Concept Study Report (CSR) and bridge phase b option requirements of NASA'S competitively selected DAVINCI+ mission.",https://www.usaspending.gov/award/CONT_AWD_80GSFC20C0059_8000_-NONE-_-NONE-/
80GSFC20C0059,2022,7,120421.30,0.0,False,080-0120,"Science, National Aeronautics and Space Administration",Lockheed Martin Corp,6e7a895c-aa57-8600-2a8a-4e237f6213f6-C,"This procurement provides for the labor, travel and associated burdens necessary to satisfy the phase a Concept Study Report (CSR) and bridge phase b option requirements of NASA'S competitively selected DAVINCI+ mission.",https://www.usaspending.gov/award/CONT_AWD_80GSFC20C0059_8000_-NONE-_-NONE-/
80GSFC20C0059,2022,7,0.0,-350000.00,False,080-0120,"Science, National Aeronautics and Space Administration",Lockheed Martin Corp,6e7a895c-aa57-8600-2a8a-4e237f6213f6-C,"This procurement provides for the labor, travel and associated burdens necessary to satisfy the phase a Concept Study Report (CSR) and bridge phase b option requirements of NASA'S competitively selected DAVINCI+ mission.",https://www.usaspending.gov/award/CONT_AWD_80GSFC20C0059_8000_-NONE-_-NONE-/
80GSFC20C0059,2022,6,59310.19,0.0,False,080-0120,"Science, National Aeronautics and Space Administration",Lockheed Martin Corp,6e7a895c-aa57-8600-2a8a-4e237f6213f6-C,"This procurement provides for the labor, travel and associated burdens necessary to satisfy the phase a Concept Study Report (CSR) and bridge phase b option requirements of NASA'S competitively selected DAVINCI+ mission.",https://www.usaspending.gov/award/CONT_AWD_80GSFC20C0059_8000_-NONE-_-NONE-/
80GSFC20C0059,2022,6,0.03,0.0,False,080-0120,"Science, National Aeronautics and Space Administration",Lockheed Martin Corp,6e7a895c-aa57-8600-2a8a-4e237f6213f6-C,"This procurement provides for the labor, travel and associated burdens necessary to satisfy the phase a Concept Study Report (CSR) and bridge phase b option requirements of NASA'S competitively selected DAVINCI+ mission.",https://www.usaspending.gov/award/CONT_AWD_80GSFC20C0059_8000_-NONE-_-NONE-/
80GSFC20C0059,2022,6,1555123.78,0.0,False,080-0120,"Science, National Aeronautics and Space Administration",Lockheed Martin Corp,6e7a895c-aa57-8600-2a8a-4e237f6213f6-C,"This procurement provides for the labor, travel and associated burdens necessary to satisfy the phase a Concept Study Report (CSR) and bridge phase b option requirements of NASA'S competitively selected DAVINCI+ mission.",https://www.usaspending.gov/award/CONT_AWD_80GSFC20C0059_8000_-NONE-_-NONE-/
80GSFC20C0059,2022,6,0.0,515673.00,False,080-0120,"Science, National Aeronautics and Space Administration",Lockheed Martin Corp,6e7a895c-aa57-8600-2a8a-4e237f6213f6-C,"This procurement provides for the labor, travel and associated burdens necessary to satisfy the phase a Concept Study Report (CSR) and bridge phase b option requirements of NASA'S competitively selected DAVINCI+ mission.",https://www.usaspending.gov/award/CONT_AWD_80GSFC20C0059_8000_-NONE-_-NONE-/
80GSFC20C0059,2022,5,0.0,500000.00,False,080-0120,"Science, National Aeronautics and Space Administration",Lockheed Martin Corp,6e7a895c-aa57-8600-2a8a-4e237f6213f6-C,"This procurement provides for the labor, travel and associated burdens necessary to satisfy the phase a Concept Study Report (CSR) and bridge phase b option requirements of NASA'S competitively selected DAVINCI+ mission.",https://www.usaspending.gov/award/CONT_AWD_80GSFC20C0059_8000_-NONE-_-NONE-/
80GSFC20C0059,2022,5,0.03,0.0,False,080-0120,"Science, National Aeronautics and Space Administration",Lockheed Martin Corp,6e7a895c-aa57-8600-2a8a-4e237f6213f6-C,"This procurement provides for the labor, travel and associated burdens necessary to satisfy the phase a Concept Study Report (CSR) and bridge phase b option requirements of NASA'S competitively selected DAVINCI+ mission.",https://www.usaspending.gov/award/CONT_AWD_80GSFC20C0059_8000_-NONE-_-NONE-/
80GSFC20C0059,2022,5,1555123.78,0.0,False,080-0120,"Science, National Aeronautics and Space Administration",Lockheed Martin Corp,6e7a895c-aa57-8600-2a8a-4e237f6213f6-C,"This procurement provides for the labor, travel and associated burdens necessary to satisfy the phase a Concept Study Report (CSR) and bridge phase b option requirements of NASA'S competitively selected DAVINCI+ mission.",https://www.usaspending.gov/award/CONT_AWD_80GSFC20C0059_8000_-NONE-_-NONE-/
80GSFC20C0059,2022,5,59310.19,0.0,False,080-0120,"Science, National Aeronautics and Space Administration",Lockheed Martin Corp,6e7a895c-aa57-8600-2a8a-4e237f6213f6-C,"This procurement provides for the labor, travel and associated burdens necessary to satisfy the phase a Concept Study Report (CSR) and bridge phase b option requirements of NASA'S competitively selected DAVINCI+ mission.",https://www.usaspending.gov/award/CONT_AWD_80GSFC20C0059_8000_-NONE-_-NONE-/
80GSFC20C0059,2022,4,878488.47,0.0,False,080-0120,"Science, National Aeronautics and Space Administration",Lockheed Martin Corp,6e7a895c-aa57-8600-2a8a-4e237f6213f6-C,"This procurement provides for the labor, travel and associated burdens necessary to satisfy the phase a Concept Study Report (CSR) and bridge phase b option requirements of NASA'S competitively selected DAVINCI+ mission.",https://www.usaspending.gov/award/CONT_AWD_80GSFC20C0059_8000_-NONE-_-NONE-/
80GSFC20C0059,2022,4,0.03,0.0,False,080-0120,"Science, National Aeronautics and Space Administration",Lockheed Martin Corp,6e7a895c-aa57-8600-2a8a-4e237f6213f6-C,"This procurement provides for the labor, travel and associated burdens necessary to satisfy the phase a Concept Study Report (CSR) and bridge phase b option requirements of NASA'S competitively selected DAVINCI+ mission.",https://www.usaspending.gov/award/CONT_AWD_80GSFC20C0059_8000_-NONE-_-NONE-/
80GSFC20C0059,2022,3,0.03,0.0,False,080-0120,"Science, National Aeronautics and Space Administration",Lockheed Martin Corp,6e7a895c-aa57-8600-2a8a-4e237f6213f6-C,"This procurement provides for the labor, travel and associated burdens necessary to satisfy the phase a Concept Study Report (CSR) and bridge phase b option requirements of NASA'S competitively selected DAVINCI+ mission.",https://www.usaspending.gov/award/CONT_AWD_80GSFC20C0059_8000_-NONE-_-NONE-/
80GSFC20C0059,2022,3,0.0,548199.08,False,080-0120,"Science, National Aeronautics and Space Administration",Lockheed Martin Corp,6e7a895c-aa57-8600-2a8a-4e237f6213f6-C,"This procurement provides for the labor, travel and associated burdens necessary to satisfy the phase a Concept Study Report (CSR) and bridge phase b option requirements of NASA'S competitively selected DAVINCI+ mission.",https://www.usaspending.gov/award/CONT_AWD_80GSFC20C0059_8000_-NONE-_-NONE-/
80GSFC20C0059,2022,3,0.0,1800.92,False,080-0120,"Science, National Aeronautics and Space Administration",Lockheed Martin Corp,6e7a895c-aa57-8600-2a8a-4e237f6213f6-C,"This procurement provides for the labor, travel and associated burdens necessary to satisfy the phase a Concept Study Report (CSR) and bridge phase b option requirements of NASA'S competitively selected DAVINCI+ mission.",https://www.usaspending.gov/award/CONT_AWD_80GSFC20C0059_8000_-NONE-_-NONE-/
80GSFC20C0059,2022,3,878488.47,0.0,False,080-0120,"Science, National Aeronautics and Space Administration",Lockheed Martin Corp,6e7a895c-aa57-8600-2a8a-4e237f6213f6-C,"This procurement provides for the labor, travel and associated burdens necessary to satisfy the phase a Concept Study Report (CSR) and bridge phase b option requirements of NASA'S competitively selected DAVINCI+ mission.",https://www.usaspending.gov/award/CONT_AWD_80GSFC20C0059_8000_-NONE-_-NONE-/
80GSFC20C0059,2022,2,0.0,2850000.00,False,080-0120,"Science, National Aeronautics and Space Administration",Lockheed Martin Corp,6e7a895c-aa57-8600-2a8a-4e237f6213f6-C,"This procurement provides for the labor, travel and associated burdens necessary to satisfy the phase a Concept Study Report (CSR) and bridge phase b option requirements of NASA'S competitively selected DAVINCI+ mission.",https://www.usaspending.gov/award/CONT_AWD_80GSFC20C0059_8000_-NONE-_-NONE-/
80GSFC20C0059,2021,12,552659.10,0.0,False,080-0120,"Science, National Aeronautics and Space Administration",Lockheed Martin Corp,6e7a895c-aa57-8600-2a8a-4e237f6213f6-C,"This procurement provides for the labor, travel and associated burdens necessary to satisfy the phase a Concept Study Report (CSR) and bridge phase b option requirements of NASA'S competitively selected DAVINCI+ mission.",https://www.usaspending.gov/award/CONT_AWD_80GSFC20C0059_8000_-NONE-_-NONE-/
80GSFC20C0059,2021,11,552659.10,0.0,False,080-0120,"Science, National Aeronautics and Space Administration",Lockheed Martin Corp,6e7a895c-aa57-8600-2a8a-4e237f6213f6-C,"This procurement provides for the labor, travel and associated burdens necessary to satisfy the phase a Concept Study Report (CSR) and bridge phase b option requirements of NASA'S competitively selected DAVINCI+ mission.",https://www.usaspending.gov/award/CONT_AWD_80GSFC20C0059_8000_-NONE-_-NONE-/
80GSFC20C0059,2021,10,0.0,142543.00,False,080-0120,"Science, National Aeronautics and Space Administration",Lockheed Martin Corp,6e7a895c-aa57-8600-2a8a-4e237f6213f6-C,"This procurement provides for the labor, travel and associated burdens necessary to satisfy the phase a Concept Study Report (CSR) and bridge phase b option requirements of NASA'S competitively selected DAVINCI+ mission.",https://www.usaspending.gov/award/CONT_AWD_80GSFC20C0059_8000_-NONE-_-NONE-/
80GSFC20C0059,2021,10,552659.10,0.0,False,080-0120,"Science, National Aeronautics and Space Administration",Lockheed Martin Corp,6e7a895c-aa57-8600-2a8a-4e237f6213f6-C,"This procurement provides for the labor, travel and associated burdens necessary to satisfy the phase a Concept Study Report (CSR) and bridge phase b option requirements of NASA'S competitively selected DAVINCI+ mission.",https://www.usaspending.gov/award/CONT_AWD_80GSFC20C0059_8000_-NONE-_-NONE-/
80GSFC20C0059,2021,9,445197.63,0.0,False,080-0120,"Science, National Aeronautics and Space Administration",Lockheed Martin Corp,6e7a895c-aa57-8600-2a8a-4e237f6213f6-C,"This procurement provides for the labor, travel and associated burdens necessary to satisfy the phase a Concept Study Report (CSR) and bridge phase b option requirements of NASA'S competitively selected DAVINCI+ mission.",https://www.usaspending.gov/award/CONT_AWD_80GSFC20C0059_8000_-NONE-_-NONE-/
80GSFC20C0059,2021,8,445197.63,0.0,False,080-0120,"Science, National Aeronautics and Space Administration",Lockheed Martin Corp,6e7a895c-aa57-8600-2a8a-4e237f6213f6-C,"This procurement provides for the labor, travel and associated burdens necessary to satisfy the phase a Concept Study Report (CSR) and bridge phase b option requirements of NASA'S competitively selected DAVINCI+ mission.",https://www.usaspending.gov/award/CONT_AWD_80GSFC20C0059_8000_-NONE-_-NONE-/
80GSFC20C0059,2021,7,445197.63,0.0,False,080-0120,"Science, National Aeronautics and Space Administration",Lockheed Martin Corp,6e7a895c-aa57-8600-2a8a-4e237f6213f6-C,"This procurement provides for the labor, travel and associated burdens necessary to satisfy the phase a Concept Study Report (CSR) and bridge phase b option requirements of NASA'S competitively selected DAVINCI+ mission.",https://www.usaspending.gov/award/CONT_AWD_80GSFC20C0059_8000_-NONE-_-NONE-/
80GSFC20C0059,2021,6,337736.16,0.0,False,080-0120,"Science, National Aeronautics and Space Administration",Lockheed Martin Corp,6e7a895c-aa57-8600-2a8a-4e237f6213f6-C,"This procurement provides for the labor, travel and associated burdens necessary to satisfy the phase a Concept Study Report (CSR) and bridge phase b option requirements of NASA'S competitively selected DAVINCI+ mission.",https://www.usaspending.gov/award/CONT_AWD_80GSFC20C0059_8000_-NONE-_-NONE-/
80GSFC20C0059,2021,5,337736.16,0.0,False,080-0120,"Science, National Aeronautics and Space Administration",Lockheed Martin Corp,6e7a895c-aa57-8600-2a8a-4e237f6213f6-C,"This procurement provides for the labor, travel and associated burdens necessary to satisfy the phase a Concept Study Report (CSR) and bridge phase b option requirements of NASA'S competitively selected DAVINCI+ mission.",https://www.usaspending.gov/award/CONT_AWD_80GSFC20C0059_8000_-NONE-_-NONE-/
80GSFC20C0059,2021,4,253302.12,0.0,False,080-0120,"Science, National Aeronautics and Space Administration",Lockheed Martin Corp,6e7a895c-aa57-8600-2a8a-4e237f6213f6-C,"This procurement provides for the labor, travel and associated burdens necessary to satisfy the phase a Concept Study Report (CSR) and bridge phase b option requirements of NASA'S competitively selected DAVINCI+ mission.",https://www.usaspending.gov/award/CONT_AWD_80GSFC20C0059_8000_-NONE-_-NONE-/
80GSFC20C0059,2021,3,168868.08,0.0,False,080-0120,"Science, National Aeronautics and Space Administration",Lockheed Martin Corp,6e7a895c-aa57-8600-2a8a-4e237f6213f6-C,"This procurement provides for the labor, travel and associated burdens necessary to satisfy the phase a Concept Study Report (CSR) and bridge phase b option requirements of NASA'S competitively selected DAVINCI+ mission.",https://www.usaspending.gov/award/CONT_AWD_80GSFC20C0059_8000_-NONE-_-NONE-/
80GSFC20C0059,2021,2,168868.08,0.0,False,080-0120,"Science, National Aeronautics and Space Administration",Lockheed Martin Corp,6e7a895c-aa57-8600-2a8a-4e237f6213f6-C,"This procurement provides for the labor, travel and associated burdens necessary to satisfy the phase a Concept Study Report (CSR) and bridge phase b option requirements of NASA'S competitively selected DAVINCI+ mission.",https://www.usaspending.gov/award/CONT_AWD_80GSFC20C0059_8000_-NONE-_-NONE-/
80GSFC20C0059,2021,2,0.0,374615.00,False,080-0120,"Science, National Aeronautics and Space Administration",Lockheed Martin Corp,6e7a895c-aa57-8600-2a8a-4e237f6213f6-C,"This procurement provides for the labor, travel and associated burdens necessary to satisfy the phase a Concept Study Report (CSR) and bridge phase b option requirements of NASA'S competitively selected DAVINCI+ mission.",https://www.usaspending.gov/award/CONT_AWD_80GSFC20C0059_8000_-NONE-_-NONE-/
80GSFC20C0059,2021,2,84434.04,0.0,False,080-0120,"Science, National Aeronautics and Space Administration",Lockheed Martin Corp,6e7a895c-aa57-8600-2a8a-4e237f6213f6-C,"This procurement provides for the labor, travel and associated burdens necessary to satisfy the phase a Concept Study Report (CSR) and bridge phase b option requirements of NASA'S competitively selected DAVINCI+ mission.",https://www.usaspending.gov/award/CONT_AWD_80GSFC20C0059_8000_-NONE-_-NONE-/
80GSFC20C0059,2020,12,521955.87,0.0,False,080-0120,"Science, National Aeronautics and Space Administration",Lockheed Martin Corp,6e7a895c-aa57-8600-2a8a-4e237f6213f6-C,"This procurement provides for the labor, travel and associated burdens necessary to satisfy the phase a Concept Study Report (CSR) and bridge phase b option requirements of NASA'S competitively selected DAVINCI+ mission.",https://www.usaspending.gov/award/CONT_AWD_80GSFC20C0059_8000_-NONE-_-NONE-/
80GSFC20C0059,2020,11,245626.29,0.0,False,080-0120,"Science, National Aeronautics and Space Administration",Lockheed Martin Corp,6e7a895c-aa57-8600-2a8a-4e237f6213f6-C,"This procurement provides for the labor, travel and associated burdens necessary to satisfy the phase a Concept Study Report (CSR) and bridge phase b option requirements of NASA'S competitively selected DAVINCI+ mission.",https://www.usaspending.gov/award/CONT_AWD_80GSFC20C0059_8000_-NONE-_-NONE-/
80GSFC20C0059,2020,10,161192.25,0.0,False,080-0120,"Science, National Aeronautics and Space Administration",Lockheed Martin Corp,6e7a895c-aa57-8600-2a8a-4e237f6213f6-C,"This procurement provides for the labor, travel and associated burdens necessary to satisfy the phase a Concept Study Report (CSR) and bridge phase b option requirements of NASA'S competitively selected DAVINCI+ mission.",https://www.usaspending.gov/award/CONT_AWD_80GSFC20C0059_8000_-NONE-_-NONE-/
80GSFC20C0059,2020,8,0.0,700000.00,False,080-0120,"Science, National Aeronautics and Space Administration",Lockheed Martin Corp,6e7a895c-aa57-8600-2a8a-4e237f6213f6-C,"This procurement provides for the labor, travel and associated burdens necessary to satisfy the phase a Concept Study Report (CSR) and bridge phase b option requirements of NASA'S competitively selected DAVINCI+ mission.",https://www.usaspending.gov/award/CONT_AWD_80GSFC20C0059_8000_-NONE-_-NONE-/
80GSFC20C0062,2026,5,3410.00,0.0,False,080-0120,"Science, National Aeronautics and Space Administration",Kinetx Inc,1c1ce228-4d7b-a4da-7f62-f04fb9642e59-C,"Deep atmosphere Venus investigation of noble gases, chemistry, and imaging plus (DAVINCI+) kinetx phase a",https://www.usaspending.gov/award/CONT_AWD_80GSFC20C0062_8000_-NONE-_-NONE-/
80GSFC20C0062,2026,5,18704.00,0.0,False,080-0120,"Science, National Aeronautics and Space Administration",Kinetx Inc,1c1ce228-4d7b-a4da-7f62-f04fb9642e59-C,"Deep atmosphere Venus investigation of noble gases, chemistry, and imaging plus (DAVINCI+) kinetx phase a",https://www.usaspending.gov/award/CONT_AWD_80GSFC20C0062_8000_-NONE-_-NONE-/
80GSFC20C0062,2026,4,0.0,88456.00,False,080-0120,"Science, National Aeronautics and Space Administration",Kinetx Inc,1c1ce228-4d7b-a4da-7f62-f04fb9642e59-C,"Deep atmosphere Venus investigation of noble gases, chemistry, and imaging plus (DAVINCI+) kinetx phase a",https://www.usaspending.gov/award/CONT_AWD_80GSFC20C0062_8000_-NONE-_-NONE-/
80GSFC20C0062,2025,12,8847.00,0.0,False,080-0120,"Science, National Aeronautics and Space Administration",Kinetx Inc,1c1ce228-4d7b-a4da-7f62-f04fb9642e59-C,"Deep atmosphere Venus investigation of noble gases, chemistry, and imaging plus (DAVINCI+) kinetx phase a",https://www.usaspending.gov/award/CONT_AWD_80GSFC20C0062_8000_-NONE-_-NONE-/
80GSFC20C0062,2025,12,66590.00,0.0,False,080-0120,"Science, National Aeronautics and Space Administration",Kinetx Inc,1c1ce228-4d7b-a4da-7f62-f04fb9642e59-C,"Deep atmosphere Venus investigation of noble gases, chemistry, and imaging plus (DAVINCI+) kinetx phase a",https://www.usaspending.gov/award/CONT_AWD_80GSFC20C0062_8000_-NONE-_-NONE-/
80GSFC20C0062,2025,11,66590.00,0.0,False,080-0120,"Science, National Aeronautics and Space Administration",Kinetx Inc,1c1ce228-4d7b-a4da-7f62-f04fb9642e59-C,"Deep atmosphere Venus investigation of noble gases, chemistry, and imaging plus (DAVINCI+) kinetx phase a",https://www.usaspending.gov/award/CONT_AWD_80GSFC20C0062_8000_-NONE-_-NONE-/
80GSFC20C0062,2025,11,8847.00,0.0,False,080-0120,"Science, National Aeronautics and Space Administration",Kinetx Inc,1c1ce228-4d7b-a4da-7f62-f04fb9642e59-C,"Deep atmosphere Venus investigation of noble gases, chemistry, and imaging plus (DAVINCI+) kinetx phase a",https://www.usaspending.gov/award/CONT_AWD_80GSFC20C0062_8000_-NONE-_-NONE-/
80GSFC20C0062,2025,10,49090.00,0.0,False,080-0120,"Science, National Aeronautics and Space Administration",Kinetx Inc,1c1ce228-4d7b-a4da-7f62-f04fb9642e59-C,"Deep atmosphere Venus investigation of noble gases, chemistry, and imaging plus (DAVINCI+) kinetx phase a",https://www.usaspending.gov/award/CONT_AWD_80GSFC20C0062_8000_-NONE-_-NONE-/
80GSFC20C0062,2025,10,8847.00,0.0,False,080-0120,"Science, National Aeronautics and Space Administration",Kinetx Inc,1c1ce228-4d7b-a4da-7f62-f04fb9642e59-C,"Deep atmosphere Venus investigation of noble gases, chemistry, and imaging plus (DAVINCI+) kinetx phase a",https://www.usaspending.gov/award/CONT_AWD_80GSFC20C0062_8000_-NONE-_-NONE-/
80GSFC20C0062,2025,9,8847.00,0.0,False,080-0120,"Science, National Aeronautics and Space Administration",Kinetx Inc,1c1ce228-4d7b-a4da-7f62-f04fb9642e59-C,"Deep atmosphere Venus investigation of noble gases, chemistry, and imaging plus (DAVINCI+) kinetx phase a",https://www.usaspending.gov/award/CONT_AWD_80GSFC20C0062_8000_-NONE-_-NONE-/
80GSFC20C0062,2025,9,49090.00,0.0,False,080-0120,"Science, National Aeronautics and Space Administration",Kinetx Inc,1c1ce228-4d7b-a4da-7f62-f04fb9642e59-C,"Deep atmosphere Venus investigation of noble gases, chemistry, and imaging plus (DAVINCI+) kinetx phase a",https://www.usaspending.gov/award/CONT_AWD_80GSFC20C0062_8000_-NONE-_-NONE-/
80GSFC20C0062,2025,8,8847.00,0.0,False,080-0120,"Science, National Aeronautics and Space Administration",Kinetx Inc,1c1ce228-4d7b-a4da-7f62-f04fb9642e59-C,"Deep atmosphere Venus investigation of noble gases, chemistry, and imaging plus (DAVINCI+) kinetx phase a",https://www.usaspending.gov/award/CONT_AWD_80GSFC20C0062_8000_-NONE-_-NONE-/
80GSFC20C0062,2025,8,49090.00,0.0,False,080-0120,"Science, National Aeronautics and Space Administration",Kinetx Inc,1c1ce228-4d7b-a4da-7f62-f04fb9642e59-C,"Deep atmosphere Venus investigation of noble gases, chemistry, and imaging plus (DAVINCI+) kinetx phase a",https://www.usaspending.gov/award/CONT_AWD_80GSFC20C0062_8000_-NONE-_-NONE-/
80GSFC20C0062,2025,7,8847.00,0.0,False,080-0120,"Science, National Aeronautics and Space Administration",Kinetx Inc,1c1ce228-4d7b-a4da-7f62-f04fb9642e59-C,"Deep atmosphere Venus investigation of noble gases, chemistry, and imaging plus (DAVINCI+) kinetx phase a",https://www.usaspending.gov/award/CONT_AWD_80GSFC20C0062_8000_-NONE-_-NONE-/
80GSFC20C0062,2025,7,31590.00,0.0,False,080-0120,"Science, National Aeronautics and Space Administration",Kinetx Inc,1c1ce228-4d7b-a4da-7f62-f04fb9642e59-C,"Deep atmosphere Venus investigation of noble gases, chemistry, and imaging plus (DAVINCI+) kinetx phase a",https://www.usaspending.gov/award/CONT_AWD_80GSFC20C0062_8000_-NONE-_-NONE-/
80GSFC20C0062,2025,6,8847.00,0.0,False,080-0120,"Science, National Aeronautics and Space Administration",Kinetx Inc,1c1ce228-4d7b-a4da-7f62-f04fb9642e59-C,"Deep atmosphere Venus investigation of noble gases, chemistry, and imaging plus (DAVINCI+) kinetx phase a",https://www.usaspending.gov/award/CONT_AWD_80GSFC20C0062_8000_-NONE-_-NONE-/
80GSFC20C0062,2025,6,31590.00,0.0,False,080-0120,"Science, National Aeronautics and Space Administration",Kinetx Inc,1c1ce228-4d7b-a4da-7f62-f04fb9642e59-C,"Deep atmosphere Venus investigation of noble gases, chemistry, and imaging plus (DAVINCI+) kinetx phase a",https://www.usaspending.gov/award/CONT_AWD_80GSFC20C0062_8000_-NONE-_-NONE-/
80GSFC20C0062,2025,5,17500.00,0.0,False,080-0120,"Science, National Aeronautics and Space Administration",Kinetx Inc,1c1ce228-4d7b-a4da-7f62-f04fb9642e59-C,"Deep atmosphere Venus investigation of noble gases, chemistry, and imaging plus (DAVINCI+) kinetx phase a",https://www.usaspending.gov/award/CONT_AWD_80GSFC20C0062_8000_-NONE-_-NONE-/
80GSFC20C0062,2025,5,8847.00,0.0,False,080-0120,"Science, National Aeronautics and Space Administration",Kinetx Inc,1c1ce228-4d7b-a4da-7f62-f04fb9642e59-C,"Deep atmosphere Venus investigation of noble gases, chemistry, and imaging plus (DAVINCI+) kinetx phase a",https://www.usaspending.gov/award/CONT_AWD_80GSFC20C0062_8000_-NONE-_-NONE-/
80GSFC20C0062,2025,4,8847.00,0.0,False,080-0120,"Science, National Aeronautics and Space Administration",Kinetx Inc,1c1ce228-4d7b-a4da-7f62-f04fb9642e59-C,"Deep atmosphere Venus investigation of noble gases, chemistry, and imaging plus (DAVINCI+) kinetx phase a",https://www.usaspending.gov/award/CONT_AWD_80GSFC20C0062_8000_-NONE-_-NONE-/
80GSFC20C0062,2025,3,8847.00,0.0,False,080-0120,"Science, National Aeronautics and Space Administration",Kinetx Inc,1c1ce228-4d7b-a4da-7f62-f04fb9642e59-C,"Deep atmosphere Venus investigation of noble gases, chemistry, and imaging plus (DAVINCI+) kinetx phase a",https://www.usaspending.gov/award/CONT_AWD_80GSFC20C0062_8000_-NONE-_-NONE-/
80GSFC20C0062,2025,2,8847.00,0.0,False,080-0120,"Science, National Aeronautics and Space Administration",Kinetx Inc,1c1ce228-4d7b-a4da-7f62-f04fb9642e59-C,"Deep atmosphere Venus investigation of noble gases, chemistry, and imaging plus (DAVINCI+) kinetx phase a",https://www.usaspending.gov/award/CONT_AWD_80GSFC20C0062_8000_-NONE-_-NONE-/
80GSFC20C0062,2025,2,0.0,70000.00,False,080-0120,"Science, National Aeronautics and Space Administration",Kinetx Inc,1c1ce228-4d7b-a4da-7f62-f04fb9642e59-C,"Deep atmosphere Venus investigation of noble gases, chemistry, and imaging plus (DAVINCI+) kinetx phase a",https://www.usaspending.gov/award/CONT_AWD_80GSFC20C0062_8000_-NONE-_-NONE-/
80GSFC20C0062,2024,12,14746.25,0.0,False,080-0120,"Science, National Aeronautics and Space Administration",Kinetx Inc,1c1ce228-4d7b-a4da-7f62-f04fb9642e59-C,"Deep atmosphere Venus investigation of noble gases, chemistry, and imaging plus (DAVINCI+) kinetx phase a",https://www.usaspending.gov/award/CONT_AWD_80GSFC20C0062_8000_-NONE-_-NONE-/
80GSFC20C0062,2024,12,57779.00,0.0,False,080-0120,"Science, National Aeronautics and Space Administration",Kinetx Inc,1c1ce228-4d7b-a4da-7f62-f04fb9642e59-C,"Deep atmosphere Venus investigation of noble gases, chemistry, and imaging plus (DAVINCI+) kinetx phase a",https://www.usaspending.gov/award/CONT_AWD_80GSFC20C0062_8000_-NONE-_-NONE-/
80GSFC20C0062,2024,11,14746.25,0.0,False,080-0120,"Science, National Aeronautics and Space Administration",Kinetx Inc,1c1ce228-4d7b-a4da-7f62-f04fb9642e59-C,"Deep atmosphere Venus investigation of noble gases, chemistry, and imaging plus (DAVINCI+) kinetx phase a",https://www.usaspending.gov/award/CONT_AWD_80GSFC20C0062_8000_-NONE-_-NONE-/
80GSFC20C0062,2024,11,57779.00,0.0,False,080-0120,"Science, National Aeronautics and Space Administration",Kinetx Inc,1c1ce228-4d7b-a4da-7f62-f04fb9642e59-C,"Deep atmosphere Venus investigation of noble gases, chemistry, and imaging plus (DAVINCI+) kinetx phase a",https://www.usaspending.gov/award/CONT_AWD_80GSFC20C0062_8000_-NONE-_-NONE-/
80GSFC20C0062,2024,10,57779.00,0.0,False,080-0120,"Science, National Aeronautics and Space Administration",Kinetx Inc,1c1ce228-4d7b-a4da-7f62-f04fb9642e59-C,"Deep atmosphere Venus investigation of noble gases, chemistry, and imaging plus (DAVINCI+) kinetx phase a",https://www.usaspending.gov/award/CONT_AWD_80GSFC20C0062_8000_-NONE-_-NONE-/
80GSFC20C0062,2024,10,14746.25,0.0,False,080-0120,"Science, National Aeronautics and Space Administration",Kinetx Inc,1c1ce228-4d7b-a4da-7f62-f04fb9642e59-C,"Deep atmosphere Venus investigation of noble gases, chemistry, and imaging plus (DAVINCI+) kinetx phase a",https://www.usaspending.gov/award/CONT_AWD_80GSFC20C0062_8000_-NONE-_-NONE-/
80GSFC20C0062,2024,9,14746.25,0.0,False,080-0120,"Science, National Aeronautics and Space Administration",Kinetx Inc,1c1ce228-4d7b-a4da-7f62-f04fb9642e59-C,"Deep atmosphere Venus investigation of noble gases, chemistry, and imaging plus (DAVINCI+) kinetx phase a",https://www.usaspending.gov/award/CONT_AWD_80GSFC20C0062_8000_-NONE-_-NONE-/
80GSFC20C0062,2024,9,40089.00,0.0,False,080-0120,"Science, National Aeronautics and Space Administration",Kinetx Inc,1c1ce228-4d7b-a4da-7f62-f04fb9642e59-C,"Deep atmosphere Venus investigation of noble gases, chemistry, and imaging plus (DAVINCI+) kinetx phase a",https://www.usaspending.gov/award/CONT_AWD_80GSFC20C0062_8000_-NONE-_-NONE-/
80GSFC20C0062,2024,8,0.0,-93732.00,False,080-0120,"Science, National Aeronautics and Space Administration",Kinetx Inc,1c1ce228-4d7b-a4da-7f62-f04fb9642e59-C,"Deep atmosphere Venus investigation of noble gases, chemistry, and imaging plus (DAVINCI+) kinetx phase a",https://www.usaspending.gov/award/CONT_AWD_80GSFC20C0062_8000_-NONE-_-NONE-/
80GSFC20C0062,2024,8,14746.25,0.0,False,080-0120,"Science, National Aeronautics and Space Administration",Kinetx Inc,1c1ce228-4d7b-a4da-7f62-f04fb9642e59-C,"Deep atmosphere Venus investigation of noble gases, chemistry, and imaging plus (DAVINCI+) kinetx phase a",https://www.usaspending.gov/award/CONT_AWD_80GSFC20C0062_8000_-NONE-_-NONE-/
80GSFC20C0062,2024,8,40089.00,0.0,False,080-0120,"Science, National Aeronautics and Space Administration",Kinetx Inc,1c1ce228-4d7b-a4da-7f62-f04fb9642e59-C,"Deep atmosphere Venus investigation of noble gases, chemistry, and imaging plus (DAVINCI+) kinetx phase a",https://www.usaspending.gov/award/CONT_AWD_80GSFC20C0062_8000_-NONE-_-NONE-/
80GSFC20C0062,2024,7,14746.25,0.0,False,080-0120,"Science, National Aeronautics and Space Administration",Kinetx Inc,1c1ce228-4d7b-a4da-7f62-f04fb9642e59-C,"Deep atmosphere Venus investigation of noble gases, chemistry, and imaging plus (DAVINCI+) kinetx phase a",https://www.usaspending.gov/award/CONT_AWD_80GSFC20C0062_8000_-NONE-_-NONE-/
80GSFC20C0062,2024,7,40089.00,0.0,False,080-0120,"Science, National Aeronautics and Space Administration",Kinetx Inc,1c1ce228-4d7b-a4da-7f62-f04fb9642e59-C,"Deep atmosphere Venus investigation of noble gases, chemistry, and imaging plus (DAVINCI+) kinetx phase a",https://www.usaspending.gov/award/CONT_AWD_80GSFC20C0062_8000_-NONE-_-NONE-/
80GSFC20C0062,2024,6,14746.25,0.0,False,080-0120,"Science, National Aeronautics and Space Administration",Kinetx Inc,1c1ce228-4d7b-a4da-7f62-f04fb9642e59-C,"Deep atmosphere Venus investigation of noble gases, chemistry, and imaging plus (DAVINCI+) kinetx phase a",https://www.usaspending.gov/award/CONT_AWD_80GSFC20C0062_8000_-NONE-_-NONE-/
80GSFC20C0062,2024,6,40089.00,0.0,False,080-0120,"Science, National Aeronautics and Space Administration",Kinetx Inc,1c1ce228-4d7b-a4da-7f62-f04fb9642e59-C,"Deep atmosphere Venus investigation of noble gases, chemistry, and imaging plus (DAVINCI+) kinetx phase a",https://www.usaspending.gov/award/CONT_AWD_80GSFC20C0062_8000_-NONE-_-NONE-/
80GSFC20C0062,2024,5,14746.25,0.0,False,080-0120,"Science, National Aeronautics and Space Administration",Kinetx Inc,1c1ce228-4d7b-a4da-7f62-f04fb9642e59-C,"Deep atmosphere Venus investigation of noble gases, chemistry, and imaging plus (DAVINCI+) kinetx phase a",https://www.usaspending.gov/award/CONT_AWD_80GSFC20C0062_8000_-NONE-_-NONE-/
80GSFC20C0062,2024,5,40089.00,0.0,False,080-0120,"Science, National Aeronautics and Space Administration",Kinetx Inc,1c1ce228-4d7b-a4da-7f62-f04fb9642e59-C,"Deep atmosphere Venus investigation of noble gases, chemistry, and imaging plus (DAVINCI+) kinetx phase a",https://www.usaspending.gov/award/CONT_AWD_80GSFC20C0062_8000_-NONE-_-NONE-/
80GSFC20C0062,2024,4,14746.25,0.0,False,080-0120,"Science, National Aeronautics and Space Administration",Kinetx Inc,1c1ce228-4d7b-a4da-7f62-f04fb9642e59-C,"Deep atmosphere Venus investigation of noble gases, chemistry, and imaging plus (DAVINCI+) kinetx phase a",https://www.usaspending.gov/award/CONT_AWD_80GSFC20C0062_8000_-NONE-_-NONE-/
80GSFC20C0062,2024,4,40089.00,0.0,False,080-0120,"Science, National Aeronautics and Space Administration",Kinetx Inc,1c1ce228-4d7b-a4da-7f62-f04fb9642e59-C,"Deep atmosphere Venus investigation of noble gases, chemistry, and imaging plus (DAVINCI+) kinetx phase a",https://www.usaspending.gov/award/CONT_AWD_80GSFC20C0062_8000_-NONE-_-NONE-/
80GSFC20C0062,2024,3,14746.25,0.0,False,080-0120,"Science, National Aeronautics and Space Administration",Kinetx Inc,1c1ce228-4d7b-a4da-7f62-f04fb9642e59-C,"Deep atmosphere Venus investigation of noble gases, chemistry, and imaging plus (DAVINCI+) kinetx phase a",https://www.usaspending.gov/award/CONT_AWD_80GSFC20C0062_8000_-NONE-_-NONE-/
80GSFC20C0062,2024,3,13363.00,0.0,False,080-0120,"Science, National Aeronautics and Space Administration",Kinetx Inc,1c1ce228-4d7b-a4da-7f62-f04fb9642e59-C,"Deep atmosphere Venus investigation of noble gases, chemistry, and imaging plus (DAVINCI+) kinetx phase a",https://www.usaspending.gov/award/CONT_AWD_80GSFC20C0062_8000_-NONE-_-NONE-/
80GSFC20C0062,2024,2,0.0,160358.00,False,080-0120,"Science, National Aeronautics and Space Administration",Kinetx Inc,1c1ce228-4d7b-a4da-7f62-f04fb9642e59-C,"Deep atmosphere Venus investigation of noble gases, chemistry, and imaging plus (DAVINCI+) kinetx phase a",https://www.usaspending.gov/award/CONT_AWD_80GSFC20C0062_8000_-NONE-_-NONE-/
80GSFC20C0062,2024,2,14746.25,0.0,False,080-0120,"Science, National Aeronautics and Space Administration",Kinetx Inc,1c1ce228-4d7b-a4da-7f62-f04fb9642e59-C,"Deep atmosphere Venus investigation of noble gases, chemistry, and imaging plus (DAVINCI+) kinetx phase a",https://www.usaspending.gov/award/CONT_AWD_80GSFC20C0062_8000_-NONE-_-NONE-/
80GSFC20C0062,2024,2,13363.00,0.0,False,080-0120,"Science, National Aeronautics and Space Administration",Kinetx Inc,1c1ce228-4d7b-a4da-7f62-f04fb9642e59-C,"Deep atmosphere Venus investigation of noble gases, chemistry, and imaging plus (DAVINCI+) kinetx phase a",https://www.usaspending.gov/award/CONT_AWD_80GSFC20C0062_8000_-NONE-_-NONE-/
80GSFC20C0062,2023,12,207974.75,0.0,False,080-0120,"Science, National Aeronautics and Space Administration",Kinetx Inc,1c1ce228-4d7b-a4da-7f62-f04fb9642e59-C,"Deep atmosphere Venus investigation of noble gases, chemistry, and imaging plus (DAVINCI+) kinetx phase a",https://www.usaspending.gov/award/CONT_AWD_80GSFC20C0062_8000_-NONE-_-NONE-/
80GSFC20C0062,2023,11,193228.50,0.0,False,080-0120,"Science, National Aeronautics and Space Administration",Kinetx Inc,1c1ce228-4d7b-a4da-7f62-f04fb9642e59-C,"Deep atmosphere Venus investigation of noble gases, chemistry, and imaging plus (DAVINCI+) kinetx phase a",https://www.usaspending.gov/award/CONT_AWD_80GSFC20C0062_8000_-NONE-_-NONE-/
80GSFC20C0062,2023,10,178482.25,0.0,False,080-0120,"Science, National Aeronautics and Space Administration",Kinetx Inc,1c1ce228-4d7b-a4da-7f62-f04fb9642e59-C,"Deep atmosphere Venus investigation of noble gases, chemistry, and imaging plus (DAVINCI+) kinetx phase a",https://www.usaspending.gov/award/CONT_AWD_80GSFC20C0062_8000_-NONE-_-NONE-/
80GSFC20C0062,2023,9,163736.00,0.0,False,080-0120,"Science, National Aeronautics and Space Administration",Kinetx Inc,1c1ce228-4d7b-a4da-7f62-f04fb9642e59-C,"Deep atmosphere Venus investigation of noble gases, chemistry, and imaging plus (DAVINCI+) kinetx phase a",https://www.usaspending.gov/award/CONT_AWD_80GSFC20C0062_8000_-NONE-_-NONE-/
80GSFC20C0062,2023,8,148989.75,0.0,False,080-0120,"Science, National Aeronautics and Space Administration",Kinetx Inc,1c1ce228-4d7b-a4da-7f62-f04fb9642e59-C,"Deep atmosphere Venus investigation of noble gases, chemistry, and imaging plus (DAVINCI+) kinetx phase a",https://www.usaspending.gov/award/CONT_AWD_80GSFC20C0062_8000_-NONE-_-NONE-/
80GSFC20C0062,2022,12,0.0,176955.00,False,080-0120,"Science, National Aeronautics and Space Administration",Kinetx Inc,1c1ce228-4d7b-a4da-7f62-f04fb9642e59-C,"Deep atmosphere Venus investigation of noble gases, chemistry, and imaging plus (DAVINCI+) kinetx phase a",https://www.usaspending.gov/award/CONT_AWD_80GSFC20C0062_8000_-NONE-_-NONE-/
80GSFC20C0062,2022,12,35917.00,0.0,False,080-0120,"Science, National Aeronautics and Space Administration",Kinetx Inc,1c1ce228-4d7b-a4da-7f62-f04fb9642e59-C,"Deep atmosphere Venus investigation of noble gases, chemistry, and imaging plus (DAVINCI+) kinetx phase a",https://www.usaspending.gov/award/CONT_AWD_80GSFC20C0062_8000_-NONE-_-NONE-/
80GSFC20C0062,2022,12,27850.00,0.0,False,080-0120,"Science, National Aeronautics and Space Administration",Kinetx Inc,1c1ce228-4d7b-a4da-7f62-f04fb9642e59-C,"Deep atmosphere Venus investigation of noble gases, chemistry, and imaging plus (DAVINCI+) kinetx phase a",https://www.usaspending.gov/award/CONT_AWD_80GSFC20C0062_8000_-NONE-_-NONE-/
80GSFC20C0062,2022,12,228810.00,0.0,False,080-0120,"Science, National Aeronautics and Space Administration",Kinetx Inc,1c1ce228-4d7b-a4da-7f62-f04fb9642e59-C,"Deep atmosphere Venus investigation of noble gases, chemistry, and imaging plus (DAVINCI+) kinetx phase a",https://www.usaspending.gov/award/CONT_AWD_80GSFC20C0062_8000_-NONE-_-NONE-/
80GSFC20C0062,2022,11,27850.00,0.0,False,080-0120,"Science, National Aeronautics and Space Administration",Kinetx Inc,1c1ce228-4d7b-a4da-7f62-f04fb9642e59-C,"Deep atmosphere Venus investigation of noble gases, chemistry, and imaging plus (DAVINCI+) kinetx phase a",https://www.usaspending.gov/award/CONT_AWD_80GSFC20C0062_8000_-NONE-_-NONE-/
80GSFC20C0062,2022,11,35917.00,0.0,False,080-0120,"Science, National Aeronautics and Space Administration",Kinetx Inc,1c1ce228-4d7b-a4da-7f62-f04fb9642e59-C,"Deep atmosphere Venus investigation of noble gases, chemistry, and imaging plus (DAVINCI+) kinetx phase a",https://www.usaspending.gov/award/CONT_AWD_80GSFC20C0062_8000_-NONE-_-NONE-/
80GSFC20C0062,2022,11,205929.00,0.0,False,080-0120,"Science, National Aeronautics and Space Administration",Kinetx Inc,1c1ce228-4d7b-a4da-7f62-f04fb9642e59-C,"Deep atmosphere Venus investigation of noble gases, chemistry, and imaging plus (DAVINCI+) kinetx phase a",https://www.usaspending.gov/award/CONT_AWD_80GSFC20C0062_8000_-NONE-_-NONE-/
80GSFC20C0062,2022,10,27850.00,0.0,False,080-0120,"Science, National Aeronautics and Space Administration",Kinetx Inc,1c1ce228-4d7b-a4da-7f62-f04fb9642e59-C,"Deep atmosphere Venus investigation of noble gases, chemistry, and imaging plus (DAVINCI+) kinetx phase a",https://www.usaspending.gov/award/CONT_AWD_80GSFC20C0062_8000_-NONE-_-NONE-/
80GSFC20C0062,2022,10,35917.00,0.0,False,080-0120,"Science, National Aeronautics and Space Administration",Kinetx Inc,1c1ce228-4d7b-a4da-7f62-f04fb9642e59-C,"Deep atmosphere Venus investigation of noble gases, chemistry, and imaging plus (DAVINCI+) kinetx phase a",https://www.usaspending.gov/award/CONT_AWD_80GSFC20C0062_8000_-NONE-_-NONE-/
80GSFC20C0062,2022,10,183048.00,0.0,False,080-0120,"Science, National Aeronautics and Space Administration",Kinetx Inc,1c1ce228-4d7b-a4da-7f62-f04fb9642e59-C,"Deep atmosphere Venus investigation of noble gases, chemistry, and imaging plus (DAVINCI+) kinetx phase a",https://www.usaspending.gov/award/CONT_AWD_80GSFC20C0062_8000_-NONE-_-NONE-/
80GSFC20C0062,2022,9,27850.00,0.0,False,080-0120,"Science, National Aeronautics and Space Administration",Kinetx Inc,1c1ce228-4d7b-a4da-7f62-f04fb9642e59-C,"Deep atmosphere Venus investigation of noble gases, chemistry, and imaging plus (DAVINCI+) kinetx phase a",https://www.usaspending.gov/award/CONT_AWD_80GSFC20C0062_8000_-NONE-_-NONE-/
80GSFC20C0062,2022,9,35917.00,0.0,False,080-0120,"Science, National Aeronautics and Space Administration",Kinetx Inc,1c1ce228-4d7b-a4da-7f62-f04fb9642e59-C,"Deep atmosphere Venus investigation of noble gases, chemistry, and imaging plus (DAVINCI+) kinetx phase a",https://www.usaspending.gov/award/CONT_AWD_80GSFC20C0062_8000_-NONE-_-NONE-/
80GSFC20C0062,2022,9,160167.00,0.0,False,080-0120,"Science, National Aeronautics and Space Administration",Kinetx Inc,1c1ce228-4d7b-a4da-7f62-f04fb9642e59-C,"Deep atmosphere Venus investigation of noble gases, chemistry, and imaging plus (DAVINCI+) kinetx phase a",https://www.usaspending.gov/award/CONT_AWD_80GSFC20C0062_8000_-NONE-_-NONE-/
80GSFC20C0062,2022,8,27850.00,0.0,False,080-0120,"Science, National Aeronautics and Space Administration",Kinetx Inc,1c1ce228-4d7b-a4da-7f62-f04fb9642e59-C,"Deep atmosphere Venus investigation of noble gases, chemistry, and imaging plus (DAVINCI+) kinetx phase a",https://www.usaspending.gov/award/CONT_AWD_80GSFC20C0062_8000_-NONE-_-NONE-/
80GSFC20C0062,2022,8,35917.00,0.0,False,080-0120,"Science, National Aeronautics and Space Administration",Kinetx Inc,1c1ce228-4d7b-a4da-7f62-f04fb9642e59-C,"Deep atmosphere Venus investigation of noble gases, chemistry, and imaging plus (DAVINCI+) kinetx phase a",https://www.usaspending.gov/award/CONT_AWD_80GSFC20C0062_8000_-NONE-_-NONE-/
80GSFC20C0062,2022,8,137286.00,0.0,False,080-0120,"Science, National Aeronautics and Space Administration",Kinetx Inc,1c1ce228-4d7b-a4da-7f62-f04fb9642e59-C,"Deep atmosphere Venus investigation of noble gases, chemistry, and imaging plus (DAVINCI+) kinetx phase a",https://www.usaspending.gov/award/CONT_AWD_80GSFC20C0062_8000_-NONE-_-NONE-/
80GSFC20C0062,2022,7,27850.00,0.0,False,080-0120,"Science, National Aeronautics and Space Administration",Kinetx Inc,1c1ce228-4d7b-a4da-7f62-f04fb9642e59-C,"Deep atmosphere Venus investigation of noble gases, chemistry, and imaging plus (DAVINCI+) kinetx phase a",https://www.usaspending.gov/award/CONT_AWD_80GSFC20C0062_8000_-NONE-_-NONE-/
80GSFC20C0062,2022,7,35917.00,0.0,False,080-0120,"Science, National Aeronautics and Space Administration",Kinetx Inc,1c1ce228-4d7b-a4da-7f62-f04fb9642e59-C,"Deep atmosphere Venus investigation of noble gases, chemistry, and imaging plus (DAVINCI+) kinetx phase a",https://www.usaspending.gov/award/CONT_AWD_80GSFC20C0062_8000_-NONE-_-NONE-/
80GSFC20C0062,2022,7,114405.00,0.0,False,080-0120,"Science, National Aeronautics and Space Administration",Kinetx Inc,1c1ce228-4d7b-a4da-7f62-f04fb9642e59-C,"Deep atmosphere Venus investigation of noble gases, chemistry, and imaging plus (DAVINCI+) kinetx phase a",https://www.usaspending.gov/award/CONT_AWD_80GSFC20C0062_8000_-NONE-_-NONE-/
80GSFC20C0062,2022,6,35917.00,0.0,False,080-0120,"Science, National Aeronautics and Space Administration",Kinetx Inc,1c1ce228-4d7b-a4da-7f62-f04fb9642e59-C,"Deep atmosphere Venus investigation of noble gases, chemistry, and imaging plus (DAVINCI+) kinetx phase a",https://www.usaspending.gov/award/CONT_AWD_80GSFC20C0062_8000_-NONE-_-NONE-/
80GSFC20C0062,2022,6,27850.00,0.0,False,080-0120,"Science, National Aeronautics and Space Administration",Kinetx Inc,1c1ce228-4d7b-a4da-7f62-f04fb9642e59-C,"Deep atmosphere Venus investigation of noble gases, chemistry, and imaging plus (DAVINCI+) kinetx phase a",https://www.usaspending.gov/award/CONT_AWD_80GSFC20C0062_8000_-NONE-_-NONE-/
80GSFC20C0062,2022,6,91524.00,0.0,False,080-0120,"Science, National Aeronautics and Space Administration",Kinetx Inc,1c1ce228-4d7b-a4da-7f62-f04fb9642e59-C,"Deep atmosphere Venus investigation of noble gases, chemistry, and imaging plus (DAVINCI+) kinetx phase a",https://www.usaspending.gov/award/CONT_AWD_80GSFC20C0062_8000_-NONE-_-NONE-/
80GSFC20C0062,2022,5,35917.00,0.0,False,080-0120,"Science, National Aeronautics and Space Administration",Kinetx Inc,1c1ce228-4d7b-a4da-7f62-f04fb9642e59-C,"Deep atmosphere Venus investigation of noble gases, chemistry, and imaging plus (DAVINCI+) kinetx phase a",https://www.usaspending.gov/award/CONT_AWD_80GSFC20C0062_8000_-NONE-_-NONE-/
80GSFC20C0062,2022,5,27850.00,0.0,False,080-0120,"Science, National Aeronautics and Space Administration",Kinetx Inc,1c1ce228-4d7b-a4da-7f62-f04fb9642e59-C,"Deep atmosphere Venus investigation of noble gases, chemistry, and imaging plus (DAVINCI+) kinetx phase a",https://www.usaspending.gov/award/CONT_AWD_80GSFC20C0062_8000_-NONE-_-NONE-/
80GSFC20C0062,2022,5,68643.00,0.0,False,080-0120,"Science, National Aeronautics and Space Administration",Kinetx Inc,1c1ce228-4d7b-a4da-7f62-f04fb9642e59-C,"Deep atmosphere Venus investigation of noble gases, chemistry, and imaging plus (DAVINCI+) kinetx phase a",https://www.usaspending.gov/award/CONT_AWD_80GSFC20C0062_8000_-NONE-_-NONE-/
80GSFC20C0062,2022,4,35917.00,0.0,False,080-0120,"Science, National Aeronautics and Space Administration",Kinetx Inc,1c1ce228-4d7b-a4da-7f62-f04fb9642e59-C,"Deep atmosphere Venus investigation of noble gases, chemistry, and imaging plus (DAVINCI+) kinetx phase a",https://www.usaspending.gov/award/CONT_AWD_80GSFC20C0062_8000_-NONE-_-NONE-/
80GSFC20C0062,2022,4,45762.00,0.0,False,080-0120,"Science, National Aeronautics and Space Administration",Kinetx Inc,1c1ce228-4d7b-a4da-7f62-f04fb9642e59-C,"Deep atmosphere Venus investigation of noble gases, chemistry, and imaging plus (DAVINCI+) kinetx phase a",https://www.usaspending.gov/award/CONT_AWD_80GSFC20C0062_8000_-NONE-_-NONE-/
80GSFC20C0062,2022,4,27850.00,0.0,False,080-0120,"Science, National Aeronautics and Space Administration",Kinetx Inc,1c1ce228-4d7b-a4da-7f62-f04fb9642e59-C,"Deep atmosphere Venus investigation of noble gases, chemistry, and imaging plus (DAVINCI+) kinetx phase a",https://www.usaspending.gov/award/CONT_AWD_80GSFC20C0062_8000_-NONE-_-NONE-/
80GSFC20C0062,2022,3,14213.64,0.0,False,080-0120,"Science, National Aeronautics and Space Administration",Kinetx Inc,1c1ce228-4d7b-a4da-7f62-f04fb9642e59-C,"Deep atmosphere Venus investigation of noble gases, chemistry, and imaging plus (DAVINCI+) kinetx phase a",https://www.usaspending.gov/award/CONT_AWD_80GSFC20C0062_8000_-NONE-_-NONE-/
80GSFC20C0062,2022,3,0.0,124576.00,False,080-0120,"Science, National Aeronautics and Space Administration",Kinetx Inc,1c1ce228-4d7b-a4da-7f62-f04fb9642e59-C,"Deep atmosphere Venus investigation of noble gases, chemistry, and imaging plus (DAVINCI+) kinetx phase a",https://www.usaspending.gov/award/CONT_AWD_80GSFC20C0062_8000_-NONE-_-NONE-/
80GSFC20C0062,2022,3,13636.36,0.0,False,080-0120,"Science, National Aeronautics and Space Administration",Kinetx Inc,1c1ce228-4d7b-a4da-7f62-f04fb9642e59-C,"Deep atmosphere Venus investigation of noble gases, chemistry, and imaging plus (DAVINCI+) kinetx phase a",https://www.usaspending.gov/award/CONT_AWD_80GSFC20C0062_8000_-NONE-_-NONE-/
80GSFC20C0062,2022,3,35917.00,0.0,False,080-0120,"Science, National Aeronautics and Space Administration",Kinetx Inc,1c1ce228-4d7b-a4da-7f62-f04fb9642e59-C,"Deep atmosphere Venus investigation of noble gases, chemistry, and imaging plus (DAVINCI+) kinetx phase a",https://www.usaspending.gov/award/CONT_AWD_80GSFC20C0062_8000_-NONE-_-NONE-/
80GSFC20C0062,2022,2,0.0,150000.00,False,080-0120,"Science, National Aeronautics and Space Administration",Kinetx Inc,1c1ce228-4d7b-a4da-7f62-f04fb9642e59-C,"Deep atmosphere Venus investigation of noble gases, chemistry, and imaging plus (DAVINCI+) kinetx phase a",https://www.usaspending.gov/award/CONT_AWD_80GSFC20C0062_8000_-NONE-_-NONE-/
80GSFC20C0062,2022,2,35917.00,0.0,False,080-0120,"Science, National Aeronautics and Space Administration",Kinetx Inc,1c1ce228-4d7b-a4da-7f62-f04fb9642e59-C,"Deep atmosphere Venus investigation of noble gases, chemistry, and imaging plus (DAVINCI+) kinetx phase a",https://www.usaspending.gov/award/CONT_AWD_80GSFC20C0062_8000_-NONE-_-NONE-/
80GSFC20C0062,2021,12,95589.00,0.0,False,080-0120,"Science, National Aeronautics and Space Administration",Kinetx Inc,1c1ce228-4d7b-a4da-7f62-f04fb9642e59-C,"Deep atmosphere Venus investigation of noble gases, chemistry, and imaging plus (DAVINCI+) kinetx phase a",https://www.usaspending.gov/award/CONT_AWD_80GSFC20C0062_8000_-NONE-_-NONE-/
80GSFC20C0062,2021,11,95589.00,0.0,False,080-0120,"Science, National Aeronautics and Space Administration",Kinetx Inc,1c1ce228-4d7b-a4da-7f62-f04fb9642e59-C,"Deep atmosphere Venus investigation of noble gases, chemistry, and imaging plus (DAVINCI+) kinetx phase a",https://www.usaspending.gov/award/CONT_AWD_80GSFC20C0062_8000_-NONE-_-NONE-/
80GSFC20C0062,2021,10,95589.00,0.0,False,080-0120,"Science, National Aeronautics and Space Administration",Kinetx Inc,1c1ce228-4d7b-a4da-7f62-f04fb9642e59-C,"Deep atmosphere Venus investigation of noble gases, chemistry, and imaging plus (DAVINCI+) kinetx phase a",https://www.usaspending.gov/award/CONT_AWD_80GSFC20C0062_8000_-NONE-_-NONE-/
80GSFC20C0062,2021,10,0.0,27850.00,False,080-0120,"Science, National Aeronautics and Space Administration",Kinetx Inc,1c1ce228-4d7b-a4da-7f62-f04fb9642e59-C,"Deep atmosphere Venus investigation of noble gases, chemistry, and imaging plus (DAVINCI+) kinetx phase a",https://www.usaspending.gov/award/CONT_AWD_80GSFC20C0062_8000_-NONE-_-NONE-/
80GSFC20C0062,2021,9,30084.00,0.0,False,080-0120,"Science, National Aeronautics and Space Administration",Kinetx Inc,1c1ce228-4d7b-a4da-7f62-f04fb9642e59-C,"Deep atmosphere Venus investigation of noble gases, chemistry, and imaging plus (DAVINCI+) kinetx phase a",https://www.usaspending.gov/award/CONT_AWD_80GSFC20C0062_8000_-NONE-_-NONE-/
80GSFC20C0062,2021,8,30084.00,0.0,False,080-0120,"Science, National Aeronautics and Space Administration",Kinetx Inc,1c1ce228-4d7b-a4da-7f62-f04fb9642e59-C,"Deep atmosphere Venus investigation of noble gases, chemistry, and imaging plus (DAVINCI+) kinetx phase a",https://www.usaspending.gov/award/CONT_AWD_80GSFC20C0062_8000_-NONE-_-NONE-/
80GSFC20C0062,2021,7,30084.00,0.0,False,080-0120,"Science, National Aeronautics and Space Administration",Kinetx Inc,1c1ce228-4d7b-a4da-7f62-f04fb9642e59-C,"Deep atmosphere Venus investigation of noble gases, chemistry, and imaging plus (DAVINCI+) kinetx phase a",https://www.usaspending.gov/award/CONT_AWD_80GSFC20C0062_8000_-NONE-_-NONE-/
80GSFC20C0062,2021,6,30084.00,0.0,False,080-0120,"Science, National Aeronautics and Space Administration",Kinetx Inc,1c1ce228-4d7b-a4da-7f62-f04fb9642e59-C,"Deep atmosphere Venus investigation of noble gases, chemistry, and imaging plus (DAVINCI+) kinetx phase a",https://www.usaspending.gov/award/CONT_AWD_80GSFC20C0062_8000_-NONE-_-NONE-/
80GSFC20C0062,2020,12,0.0,29930.00,False,080-0120,"Science, National Aeronautics and Space Administration",Kinetx Inc,1c1ce228-4d7b-a4da-7f62-f04fb9642e59-C,"Deep atmosphere Venus investigation of noble gases, chemistry, and imaging plus (DAVINCI+) kinetx phase a",https://www.usaspending.gov/award/CONT_AWD_80GSFC20C0062_8000_-NONE-_-NONE-/
80GSFC20C0062,2020,8,0.0,101576.00,False,080-0120,"Science, National Aeronautics and Space Administration",Kinetx Inc,1c1ce228-4d7b-a4da-7f62-f04fb9642e59-C,"Deep atmosphere Venus investigation of noble gases, chemistry, and imaging plus (DAVINCI+) kinetx phase a",https://www.usaspending.gov/award/CONT_AWD_80GSFC20C0062_8000_-NONE-_-NONE-/
80GSFC20C0063,2026,5,0.0,1500000.00,False,080-0120,"Science, National Aeronautics and Space Administration","Malin Space Science Systems, Inc",16abe9fb-6171-a79b-bfd0-3889dcfdc817-C,"Deep atmosphere Venus investigation of noble gases, chemistry, and imaging plus (DAVINCI+) malin space science systems phase a",https://www.usaspending.gov/award/CONT_AWD_80GSFC20C0063_8000_-NONE-_-NONE-/
80GSFC20C0063,2026,5,227619.00,0.0,False,080-0120,"Science, National Aeronautics and Space Administration","Malin Space Science Systems, Inc",16abe9fb-6171-a79b-bfd0-3889dcfdc817-C,"Deep atmosphere Venus investigation of noble gases, chemistry, and imaging plus (DAVINCI+) malin space science systems phase a",https://www.usaspending.gov/award/CONT_AWD_80GSFC20C0063_8000_-NONE-_-NONE-/
80GSFC20C0063,2026,4,227619.00,0.0,False,080-0120,"Science, National Aeronautics and Space Administration","Malin Space Science Systems, Inc",16abe9fb-6171-a79b-bfd0-3889dcfdc817-C,"Deep atmosphere Venus investigation of noble gases, chemistry, and imaging plus (DAVINCI+) malin space science systems phase a",https://www.usaspending.gov/award/CONT_AWD_80GSFC20C0063_8000_-NONE-_-NONE-/
80GSFC20C0063,2026,3,227619.00,0.0,False,080-0120,"Science, National Aeronautics and Space Administration","Malin Space Science Systems, Inc",16abe9fb-6171-a79b-bfd0-3889dcfdc817-C,"Deep atmosphere Venus investigation of noble gases, chemistry, and imaging plus (DAVINCI+) malin space science systems phase a",https://www.usaspending.gov/award/CONT_AWD_80GSFC20C0063_8000_-NONE-_-NONE-/
80GSFC20C0063,2026,2,227619.00,0.0,False,080-0120,"Science, National Aeronautics and Space Administration","Malin Space Science Systems, Inc",16abe9fb-6171-a79b-bfd0-3889dcfdc817-C,"Deep atmosphere Venus investigation of noble gases, chemistry, and imaging plus (DAVINCI+) malin space science systems phase a",https://www.usaspending.gov/award/CONT_AWD_80GSFC20C0063_8000_-NONE-_-NONE-/
80GSFC20C0063,2025,12,1422324.00,0.0,False,080-0120,"Science, National Aeronautics and Space Administration","Malin Space Science Systems, Inc",16abe9fb-6171-a79b-bfd0-3889dcfdc817-C,"Deep atmosphere Venus investigation of noble gases, chemistry, and imaging plus (DAVINCI+) malin space science systems phase a",https://www.usaspending.gov/award/CONT_AWD_80GSFC20C0063_8000_-NONE-_-NONE-/
80GSFC20C0063,2025,12,550000.00,0.0,False,080-0120,"Science, National Aeronautics and Space Administration","Malin Space Science Systems, Inc",16abe9fb-6171-a79b-bfd0-3889dcfdc817-C,"Deep atmosphere Venus investigation of noble gases, chemistry, and imaging plus (DAVINCI+) malin space science systems phase a",https://www.usaspending.gov/award/CONT_AWD_80GSFC20C0063_8000_-NONE-_-NONE-/
80GSFC20C0063,2025,11,0.0,222324.00,False,080-0120,"Science, National Aeronautics and Space Administration","Malin Space Science Systems, Inc",16abe9fb-6171-a79b-bfd0-3889dcfdc817-C,"Deep atmosphere Venus investigation of noble gases, chemistry, and imaging plus (DAVINCI+) malin space science systems phase a",https://www.usaspending.gov/award/CONT_AWD_80GSFC20C0063_8000_-NONE-_-NONE-/
80GSFC20C0063,2025,11,550000.00,0.0,False,080-0120,"Science, National Aeronautics and Space Administration","Malin Space Science Systems, Inc",16abe9fb-6171-a79b-bfd0-3889dcfdc817-C,"Deep atmosphere Venus investigation of noble gases, chemistry, and imaging plus (DAVINCI+) malin space science systems phase a",https://www.usaspending.gov/award/CONT_AWD_80GSFC20C0063_8000_-NONE-_-NONE-/
80GSFC20C0063,2025,11,1200000.00,0.0,False,080-0120,"Science, National Aeronautics and Space Administration","Malin Space Science Systems, Inc",16abe9fb-6171-a79b-bfd0-3889dcfdc817-C,"Deep atmosphere Venus investigation of noble gases, chemistry, and imaging plus (DAVINCI+) malin space science systems phase a",https://www.usaspending.gov/award/CONT_AWD_80GSFC20C0063_8000_-NONE-_-NONE-/
80GSFC20C0063,2025,10,800000.00,0.0,False,080-0120,"Science, National Aeronautics and Space Administration","Malin Space Science Systems, Inc",16abe9fb-6171-a79b-bfd0-3889dcfdc817-C,"Deep atmosphere Venus investigation of noble gases, chemistry, and imaging plus (DAVINCI+) malin space science systems phase a",https://www.usaspending.gov/award/CONT_AWD_80GSFC20C0063_8000_-NONE-_-NONE-/
80GSFC20C0063,2025,10,550000.00,0.0,False,080-0120,"Science, National Aeronautics and Space Administration","Malin Space Science Systems, Inc",16abe9fb-6171-a79b-bfd0-3889dcfdc817-C,"Deep atmosphere Venus investigation of noble gases, chemistry, and imaging plus (DAVINCI+) malin space science systems phase a",https://www.usaspending.gov/award/CONT_AWD_80GSFC20C0063_8000_-NONE-_-NONE-/
80GSFC20C0063,2025,9,550000.00,0.0,False,080-0120,"Science, National Aeronautics and Space Administration","Malin Space Science Systems, Inc",16abe9fb-6171-a79b-bfd0-3889dcfdc817-C,"Deep atmosphere Venus investigation of noble gases, chemistry, and imaging plus (DAVINCI+) malin space science systems phase a",https://www.usaspending.gov/award/CONT_AWD_80GSFC20C0063_8000_-NONE-_-NONE-/
80GSFC20C0063,2025,9,800000.00,0.0,False,080-0120,"Science, National Aeronautics and Space Administration","Malin Space Science Systems, Inc",16abe9fb-6171-a79b-bfd0-3889dcfdc817-C,"Deep atmosphere Venus investigation of noble gases, chemistry, and imaging plus (DAVINCI+) malin space science systems phase a",https://www.usaspending.gov/award/CONT_AWD_80GSFC20C0063_8000_-NONE-_-NONE-/
80GSFC20C0063,2025,8,550000.00,0.0,False,080-0120,"Science, National Aeronautics and Space Administration","Malin Space Science Systems, Inc",16abe9fb-6171-a79b-bfd0-3889dcfdc817-C,"Deep atmosphere Venus investigation of noble gases, chemistry, and imaging plus (DAVINCI+) malin space science systems phase a",https://www.usaspending.gov/award/CONT_AWD_80GSFC20C0063_8000_-NONE-_-NONE-/
80GSFC20C0063,2025,8,800000.00,0.0,False,080-0120,"Science, National Aeronautics and Space Administration","Malin Space Science Systems, Inc",16abe9fb-6171-a79b-bfd0-3889dcfdc817-C,"Deep atmosphere Venus investigation of noble gases, chemistry, and imaging plus (DAVINCI+) malin space science systems phase a",https://www.usaspending.gov/award/CONT_AWD_80GSFC20C0063_8000_-NONE-_-NONE-/
80GSFC20C0063,2025,7,550000.00,0.0,False,080-0120,"Science, National Aeronautics and Space Administration","Malin Space Science Systems, Inc",16abe9fb-6171-a79b-bfd0-3889dcfdc817-C,"Deep atmosphere Venus investigation of noble gases, chemistry, and imaging plus (DAVINCI+) malin space science systems phase a",https://www.usaspending.gov/award/CONT_AWD_80GSFC20C0063_8000_-NONE-_-NONE-/
80GSFC20C0063,2025,7,800000.00,0.0,False,080-0120,"Science, National Aeronautics and Space Administration","Malin Space Science Systems, Inc",16abe9fb-6171-a79b-bfd0-3889dcfdc817-C,"Deep atmosphere Venus investigation of noble gases, chemistry, and imaging plus (DAVINCI+) malin space science systems phase a",https://www.usaspending.gov/award/CONT_AWD_80GSFC20C0063_8000_-NONE-_-NONE-/
80GSFC20C0063,2025,6,800000.00,0.0,False,080-0120,"Science, National Aeronautics and Space Administration","Malin Space Science Systems, Inc",16abe9fb-6171-a79b-bfd0-3889dcfdc817-C,"Deep atmosphere Venus investigation of noble gases, chemistry, and imaging plus (DAVINCI+) malin space science systems phase a",https://www.usaspending.gov/award/CONT_AWD_80GSFC20C0063_8000_-NONE-_-NONE-/
80GSFC20C0063,2025,6,550000.00,0.0,False,080-0120,"Science, National Aeronautics and Space Administration","Malin Space Science Systems, Inc",16abe9fb-6171-a79b-bfd0-3889dcfdc817-C,"Deep atmosphere Venus investigation of noble gases, chemistry, and imaging plus (DAVINCI+) malin space science systems phase a",https://www.usaspending.gov/award/CONT_AWD_80GSFC20C0063_8000_-NONE-_-NONE-/
80GSFC20C0063,2025,5,800000.00,0.0,False,080-0120,"Science, National Aeronautics and Space Administration","Malin Space Science Systems, Inc",16abe9fb-6171-a79b-bfd0-3889dcfdc817-C,"Deep atmosphere Venus investigation of noble gases, chemistry, and imaging plus (DAVINCI+) malin space science systems phase a",https://www.usaspending.gov/award/CONT_AWD_80GSFC20C0063_8000_-NONE-_-NONE-/
80GSFC20C0063,2025,5,550000.00,0.0,False,080-0120,"Science, National Aeronautics and Space Administration","Malin Space Science Systems, Inc",16abe9fb-6171-a79b-bfd0-3889dcfdc817-C,"Deep atmosphere Venus investigation of noble gases, chemistry, and imaging plus (DAVINCI+) malin space science systems phase a",https://www.usaspending.gov/award/CONT_AWD_80GSFC20C0063_8000_-NONE-_-NONE-/
80GSFC20C0063,2025,4,0.0,627619.00,False,080-0120,"Science, National Aeronautics and Space Administration","Malin Space Science Systems, Inc",16abe9fb-6171-a79b-bfd0-3889dcfdc817-C,"Deep atmosphere Venus investigation of noble gases, chemistry, and imaging plus (DAVINCI+) malin space science systems phase a",https://www.usaspending.gov/award/CONT_AWD_80GSFC20C0063_8000_-NONE-_-NONE-/
80GSFC20C0063,2025,4,800000.00,0.0,False,080-0120,"Science, National Aeronautics and Space Administration","Malin Space Science Systems, Inc",16abe9fb-6171-a79b-bfd0-3889dcfdc817-C,"Deep atmosphere Venus investigation of noble gases, chemistry, and imaging plus (DAVINCI+) malin space science systems phase a",https://www.usaspending.gov/award/CONT_AWD_80GSFC20C0063_8000_-NONE-_-NONE-/
80GSFC20C0063,2025,4,550000.00,0.0,False,080-0120,"Science, National Aeronautics and Space Administration","Malin Space Science Systems, Inc",16abe9fb-6171-a79b-bfd0-3889dcfdc817-C,"Deep atmosphere Venus investigation of noble gases, chemistry, and imaging plus (DAVINCI+) malin space science systems phase a",https://www.usaspending.gov/award/CONT_AWD_80GSFC20C0063_8000_-NONE-_-NONE-/
80GSFC20C0063,2025,3,550000.00,0.0,False,080-0120,"Science, National Aeronautics and Space Administration","Malin Space Science Systems, Inc",16abe9fb-6171-a79b-bfd0-3889dcfdc817-C,"Deep atmosphere Venus investigation of noble gases, chemistry, and imaging plus (DAVINCI+) malin space science systems phase a",https://www.usaspending.gov/award/CONT_AWD_80GSFC20C0063_8000_-NONE-_-NONE-/
80GSFC20C0063,2025,2,0.0,800000.00,False,080-0120,"Science, National Aeronautics and Space Administration","Malin Space Science Systems, Inc",16abe9fb-6171-a79b-bfd0-3889dcfdc817-C,"Deep atmosphere Venus investigation of noble gases, chemistry, and imaging plus (DAVINCI+) malin space science systems phase a",https://www.usaspending.gov/award/CONT_AWD_80GSFC20C0063_8000_-NONE-_-NONE-/
80GSFC20C0063,2025,2,550000.00,0.0,False,080-0120,"Science, National Aeronautics and Space Administration","Malin Space Science Systems, Inc",16abe9fb-6171-a79b-bfd0-3889dcfdc817-C,"Deep atmosphere Venus investigation of noble gases, chemistry, and imaging plus (DAVINCI+) malin space science systems phase a",https://www.usaspending.gov/award/CONT_AWD_80GSFC20C0063_8000_-NONE-_-NONE-/
80GSFC20C0063,2024,12,245838.83,0.0,False,080-0120,"Science, National Aeronautics and Space Administration","Malin Space Science Systems, Inc",16abe9fb-6171-a79b-bfd0-3889dcfdc817-C,"Deep atmosphere Venus investigation of noble gases, chemistry, and imaging plus (DAVINCI+) malin space science systems phase a",https://www.usaspending.gov/award/CONT_AWD_80GSFC20C0063_8000_-NONE-_-NONE-/
80GSFC20C0063,2024,12,504150.17,0.0,False,080-0120,"Science, National Aeronautics and Space Administration","Malin Space Science Systems, Inc",16abe9fb-6171-a79b-bfd0-3889dcfdc817-C,"Deep atmosphere Venus investigation of noble gases, chemistry, and imaging plus (DAVINCI+) malin space science systems phase a",https://www.usaspending.gov/award/CONT_AWD_80GSFC20C0063_8000_-NONE-_-NONE-/
80GSFC20C0063,2024,11,245838.83,0.0,False,080-0120,"Science, National Aeronautics and Space Administration","Malin Space Science Systems, Inc",16abe9fb-6171-a79b-bfd0-3889dcfdc817-C,"Deep atmosphere Venus investigation of noble gases, chemistry, and imaging plus (DAVINCI+) malin space science systems phase a",https://www.usaspending.gov/award/CONT_AWD_80GSFC20C0063_8000_-NONE-_-NONE-/
80GSFC20C0063,2024,11,504150.17,0.0,False,080-0120,"Science, National Aeronautics and Space Administration","Malin Space Science Systems, Inc",16abe9fb-6171-a79b-bfd0-3889dcfdc817-C,"Deep atmosphere Venus investigation of noble gases, chemistry, and imaging plus (DAVINCI+) malin space science systems phase a",https://www.usaspending.gov/award/CONT_AWD_80GSFC20C0063_8000_-NONE-_-NONE-/
80GSFC20C0063,2024,10,245838.83,0.0,False,080-0120,"Science, National Aeronautics and Space Administration","Malin Space Science Systems, Inc",16abe9fb-6171-a79b-bfd0-3889dcfdc817-C,"Deep atmosphere Venus investigation of noble gases, chemistry, and imaging plus (DAVINCI+) malin space science systems phase a",https://www.usaspending.gov/award/CONT_AWD_80GSFC20C0063_8000_-NONE-_-NONE-/
80GSFC20C0063,2024,10,504150.17,0.0,False,080-0120,"Science, National Aeronautics and Space Administration","Malin Space Science Systems, Inc",16abe9fb-6171-a79b-bfd0-3889dcfdc817-C,"Deep atmosphere Venus investigation of noble gases, chemistry, and imaging plus (DAVINCI+) malin space science systems phase a",https://www.usaspending.gov/award/CONT_AWD_80GSFC20C0063_8000_-NONE-_-NONE-/
80GSFC20C0063,2024,9,245838.83,0.0,False,080-0120,"Science, National Aeronautics and Space Administration","Malin Space Science Systems, Inc",16abe9fb-6171-a79b-bfd0-3889dcfdc817-C,"Deep atmosphere Venus investigation of noble gases, chemistry, and imaging plus (DAVINCI+) malin space science systems phase a",https://www.usaspending.gov/award/CONT_AWD_80GSFC20C0063_8000_-NONE-_-NONE-/
80GSFC20C0063,2024,9,504150.17,0.0,False,080-0120,"Science, National Aeronautics and Space Administration","Malin Space Science Systems, Inc",16abe9fb-6171-a79b-bfd0-3889dcfdc817-C,"Deep atmosphere Venus investigation of noble gases, chemistry, and imaging plus (DAVINCI+) malin space science systems phase a",https://www.usaspending.gov/award/CONT_AWD_80GSFC20C0063_8000_-NONE-_-NONE-/
80GSFC20C0063,2024,8,245838.83,0.0,False,080-0120,"Science, National Aeronautics and Space Administration","Malin Space Science Systems, Inc",16abe9fb-6171-a79b-bfd0-3889dcfdc817-C,"Deep atmosphere Venus investigation of noble gases, chemistry, and imaging plus (DAVINCI+) malin space science systems phase a",https://www.usaspending.gov/award/CONT_AWD_80GSFC20C0063_8000_-NONE-_-NONE-/
80GSFC20C0063,2024,8,504150.17,0.0,False,080-0120,"Science, National Aeronautics and Space Administration","Malin Space Science Systems, Inc",16abe9fb-6171-a79b-bfd0-3889dcfdc817-C,"Deep atmosphere Venus investigation of noble gases, chemistry, and imaging plus (DAVINCI+) malin space science systems phase a",https://www.usaspending.gov/award/CONT_AWD_80GSFC20C0063_8000_-NONE-_-NONE-/
80GSFC20C0063,2024,7,504150.17,0.0,False,080-0120,"Science, National Aeronautics and Space Administration","Malin Space Science Systems, Inc",16abe9fb-6171-a79b-bfd0-3889dcfdc817-C,"Deep atmosphere Venus investigation of noble gases, chemistry, and imaging plus (DAVINCI+) malin space science systems phase a",https://www.usaspending.gov/award/CONT_AWD_80GSFC20C0063_8000_-NONE-_-NONE-/
80GSFC20C0063,2024,7,245838.83,0.0,False,080-0120,"Science, National Aeronautics and Space Administration","Malin Space Science Systems, Inc",16abe9fb-6171-a79b-bfd0-3889dcfdc817-C,"Deep atmosphere Venus investigation of noble gases, chemistry, and imaging plus (DAVINCI+) malin space science systems phase a",https://www.usaspending.gov/award/CONT_AWD_80GSFC20C0063_8000_-NONE-_-NONE-/
80GSFC20C0063,2024,6,245838.83,0.0,False,080-0120,"Science, National Aeronautics and Space Administration","Malin Space Science Systems, Inc",16abe9fb-6171-a79b-bfd0-3889dcfdc817-C,"Deep atmosphere Venus investigation of noble gases, chemistry, and imaging plus (DAVINCI+) malin space science systems phase a",https://www.usaspending.gov/award/CONT_AWD_80GSFC20C0063_8000_-NONE-_-NONE-/
80GSFC20C0063,2024,6,504150.17,0.0,False,080-0120,"Science, National Aeronautics and Space Administration","Malin Space Science Systems, Inc",16abe9fb-6171-a79b-bfd0-3889dcfdc817-C,"Deep atmosphere Venus investigation of noble gases, chemistry, and imaging plus (DAVINCI+) malin space science systems phase a",https://www.usaspending.gov/award/CONT_AWD_80GSFC20C0063_8000_-NONE-_-NONE-/
80GSFC20C0063,2024,5,504150.17,0.0,False,080-0120,"Science, National Aeronautics and Space Administration","Malin Space Science Systems, Inc",16abe9fb-6171-a79b-bfd0-3889dcfdc817-C,"Deep atmosphere Venus investigation of noble gases, chemistry, and imaging plus (DAVINCI+) malin space science systems phase a",https://www.usaspending.gov/award/CONT_AWD_80GSFC20C0063_8000_-NONE-_-NONE-/
80GSFC20C0063,2024,5,245838.83,0.0,False,080-0120,"Science, National Aeronautics and Space Administration","Malin Space Science Systems, Inc",16abe9fb-6171-a79b-bfd0-3889dcfdc817-C,"Deep atmosphere Venus investigation of noble gases, chemistry, and imaging plus (DAVINCI+) malin space science systems phase a",https://www.usaspending.gov/award/CONT_AWD_80GSFC20C0063_8000_-NONE-_-NONE-/
80GSFC20C0063,2024,4,245838.83,0.0,False,080-0120,"Science, National Aeronautics and Space Administration","Malin Space Science Systems, Inc",16abe9fb-6171-a79b-bfd0-3889dcfdc817-C,"Deep atmosphere Venus investigation of noble gases, chemistry, and imaging plus (DAVINCI+) malin space science systems phase a",https://www.usaspending.gov/award/CONT_AWD_80GSFC20C0063_8000_-NONE-_-NONE-/
80GSFC20C0063,2024,4,504150.17,0.0,False,080-0120,"Science, National Aeronautics and Space Administration","Malin Space Science Systems, Inc",16abe9fb-6171-a79b-bfd0-3889dcfdc817-C,"Deep atmosphere Venus investigation of noble gases, chemistry, and imaging plus (DAVINCI+) malin space science systems phase a",https://www.usaspending.gov/award/CONT_AWD_80GSFC20C0063_8000_-NONE-_-NONE-/
80GSFC20C0063,2024,4,0.0,150000.00,False,080-0120,"Science, National Aeronautics and Space Administration","Malin Space Science Systems, Inc",16abe9fb-6171-a79b-bfd0-3889dcfdc817-C,"Deep atmosphere Venus investigation of noble gases, chemistry, and imaging plus (DAVINCI+) malin space science systems phase a",https://www.usaspending.gov/award/CONT_AWD_80GSFC20C0063_8000_-NONE-_-NONE-/
80GSFC20C0063,2024,3,504150.17,0.0,False,080-0120,"Science, National Aeronautics and Space Administration","Malin Space Science Systems, Inc",16abe9fb-6171-a79b-bfd0-3889dcfdc817-C,"Deep atmosphere Venus investigation of noble gases, chemistry, and imaging plus (DAVINCI+) malin space science systems phase a",https://www.usaspending.gov/award/CONT_AWD_80GSFC20C0063_8000_-NONE-_-NONE-/
80GSFC20C0063,2024,3,245838.83,0.0,False,080-0120,"Science, National Aeronautics and Space Administration","Malin Space Science Systems, Inc",16abe9fb-6171-a79b-bfd0-3889dcfdc817-C,"Deep atmosphere Venus investigation of noble gases, chemistry, and imaging plus (DAVINCI+) malin space science systems phase a",https://www.usaspending.gov/award/CONT_AWD_80GSFC20C0063_8000_-NONE-_-NONE-/
80GSFC20C0063,2024,2,504150.17,0.0,False,080-0120,"Science, National Aeronautics and Space Administration","Malin Space Science Systems, Inc",16abe9fb-6171-a79b-bfd0-3889dcfdc817-C,"Deep atmosphere Venus investigation of noble gases, chemistry, and imaging plus (DAVINCI+) malin space science systems phase a",https://www.usaspending.gov/award/CONT_AWD_80GSFC20C0063_8000_-NONE-_-NONE-/
80GSFC20C0063,2024,2,245838.83,0.0,False,080-0120,"Science, National Aeronautics and Space Administration","Malin Space Science Systems, Inc",16abe9fb-6171-a79b-bfd0-3889dcfdc817-C,"Deep atmosphere Venus investigation of noble gases, chemistry, and imaging plus (DAVINCI+) malin space science systems phase a",https://www.usaspending.gov/award/CONT_AWD_80GSFC20C0063_8000_-NONE-_-NONE-/
80GSFC20C0063,2024,2,0.0,400000.00,False,080-0120,"Science, National Aeronautics and Space Administration","Malin Space Science Systems, Inc",16abe9fb-6171-a79b-bfd0-3889dcfdc817-C,"Deep atmosphere Venus investigation of noble gases, chemistry, and imaging plus (DAVINCI+) malin space science systems phase a",https://www.usaspending.gov/award/CONT_AWD_80GSFC20C0063_8000_-NONE-_-NONE-/
80GSFC20C0063,2023,12,679341.17,0.0,False,080-0120,"Science, National Aeronautics and Space Administration","Malin Space Science Systems, Inc",16abe9fb-6171-a79b-bfd0-3889dcfdc817-C,"Deep atmosphere Venus investigation of noble gases, chemistry, and imaging plus (DAVINCI+) malin space science systems phase a",https://www.usaspending.gov/award/CONT_AWD_80GSFC20C0063_8000_-NONE-_-NONE-/
80GSFC20C0063,2023,12,53553.00,0.0,False,080-0120,"Science, National Aeronautics and Space Administration","Malin Space Science Systems, Inc",16abe9fb-6171-a79b-bfd0-3889dcfdc817-C,"Deep atmosphere Venus investigation of noble gases, chemistry, and imaging plus (DAVINCI+) malin space science systems phase a",https://www.usaspending.gov/award/CONT_AWD_80GSFC20C0063_8000_-NONE-_-NONE-/
80GSFC20C0063,2023,12,45831.83,0.0,False,080-0120,"Science, National Aeronautics and Space Administration","Malin Space Science Systems, Inc",16abe9fb-6171-a79b-bfd0-3889dcfdc817-C,"Deep atmosphere Venus investigation of noble gases, chemistry, and imaging plus (DAVINCI+) malin space science systems phase a",https://www.usaspending.gov/award/CONT_AWD_80GSFC20C0063_8000_-NONE-_-NONE-/
80GSFC20C0063,2023,11,679341.17,0.0,False,080-0120,"Science, National Aeronautics and Space Administration","Malin Space Science Systems, Inc",16abe9fb-6171-a79b-bfd0-3889dcfdc817-C,"Deep atmosphere Venus investigation of noble gases, chemistry, and imaging plus (DAVINCI+) malin space science systems phase a",https://www.usaspending.gov/award/CONT_AWD_80GSFC20C0063_8000_-NONE-_-NONE-/
80GSFC20C0063,2023,11,53553.00,0.0,False,080-0120,"Science, National Aeronautics and Space Administration","Malin Space Science Systems, Inc",16abe9fb-6171-a79b-bfd0-3889dcfdc817-C,"Deep atmosphere Venus investigation of noble gases, chemistry, and imaging plus (DAVINCI+) malin space science systems phase a",https://www.usaspending.gov/award/CONT_AWD_80GSFC20C0063_8000_-NONE-_-NONE-/
80GSFC20C0063,2023,11,45831.83,0.0,False,080-0120,"Science, National Aeronautics and Space Administration","Malin Space Science Systems, Inc",16abe9fb-6171-a79b-bfd0-3889dcfdc817-C,"Deep atmosphere Venus investigation of noble gases, chemistry, and imaging plus (DAVINCI+) malin space science systems phase a",https://www.usaspending.gov/award/CONT_AWD_80GSFC20C0063_8000_-NONE-_-NONE-/
80GSFC20C0063,2023,10,679341.17,0.0,False,080-0120,"Science, National Aeronautics and Space Administration","Malin Space Science Systems, Inc",16abe9fb-6171-a79b-bfd0-3889dcfdc817-C,"Deep atmosphere Venus investigation of noble gases, chemistry, and imaging plus (DAVINCI+) malin space science systems phase a",https://www.usaspending.gov/award/CONT_AWD_80GSFC20C0063_8000_-NONE-_-NONE-/
80GSFC20C0063,2023,10,53553.00,0.0,False,080-0120,"Science, National Aeronautics and Space Administration","Malin Space Science Systems, Inc",16abe9fb-6171-a79b-bfd0-3889dcfdc817-C,"Deep atmosphere Venus investigation of noble gases, chemistry, and imaging plus (DAVINCI+) malin space science systems phase a",https://www.usaspending.gov/award/CONT_AWD_80GSFC20C0063_8000_-NONE-_-NONE-/
80GSFC20C0063,2023,10,45831.83,0.0,False,080-0120,"Science, National Aeronautics and Space Administration","Malin Space Science Systems, Inc",16abe9fb-6171-a79b-bfd0-3889dcfdc817-C,"Deep atmosphere Venus investigation of noble gases, chemistry, and imaging plus (DAVINCI+) malin space science systems phase a",https://www.usaspending.gov/award/CONT_AWD_80GSFC20C0063_8000_-NONE-_-NONE-/
80GSFC20C0063,2023,9,679341.17,0.0,False,080-0120,"Science, National Aeronautics and Space Administration","Malin Space Science Systems, Inc",16abe9fb-6171-a79b-bfd0-3889dcfdc817-C,"Deep atmosphere Venus investigation of noble gases, chemistry, and imaging plus (DAVINCI+) malin space science systems phase a",https://www.usaspending.gov/award/CONT_AWD_80GSFC20C0063_8000_-NONE-_-NONE-/
80GSFC20C0063,2023,9,53553.00,0.0,False,080-0120,"Science, National Aeronautics and Space Administration","Malin Space Science Systems, Inc",16abe9fb-6171-a79b-bfd0-3889dcfdc817-C,"Deep atmosphere Venus investigation of noble gases, chemistry, and imaging plus (DAVINCI+) malin space science systems phase a",https://www.usaspending.gov/award/CONT_AWD_80GSFC20C0063_8000_-NONE-_-NONE-/
80GSFC20C0063,2023,9,45831.83,0.0,False,080-0120,"Science, National Aeronautics and Space Administration","Malin Space Science Systems, Inc",16abe9fb-6171-a79b-bfd0-3889dcfdc817-C,"Deep atmosphere Venus investigation of noble gases, chemistry, and imaging plus (DAVINCI+) malin space science systems phase a",https://www.usaspending.gov/award/CONT_AWD_80GSFC20C0063_8000_-NONE-_-NONE-/
80GSFC20C0063,2023,2,0.0,549982.00,False,080-0120,"Science, National Aeronautics and Space Administration","Malin Space Science Systems, Inc",16abe9fb-6171-a79b-bfd0-3889dcfdc817-C,"Deep atmosphere Venus investigation of noble gases, chemistry, and imaging plus (DAVINCI+) malin space science systems phase a",https://www.usaspending.gov/award/CONT_AWD_80GSFC20C0063_8000_-NONE-_-NONE-/
80GSFC20C0063,2022,12,0.0,450000.00,False,080-0120,"Science, National Aeronautics and Space Administration","Malin Space Science Systems, Inc",16abe9fb-6171-a79b-bfd0-3889dcfdc817-C,"Deep atmosphere Venus investigation of noble gases, chemistry, and imaging plus (DAVINCI+) malin space science systems phase a",https://www.usaspending.gov/award/CONT_AWD_80GSFC20C0063_8000_-NONE-_-NONE-/
80GSFC20C0063,2022,5,0.0,225180.00,False,080-0120,"Science, National Aeronautics and Space Administration","Malin Space Science Systems, Inc",16abe9fb-6171-a79b-bfd0-3889dcfdc817-C,"Deep atmosphere Venus investigation of noble gases, chemistry, and imaging plus (DAVINCI+) malin space science systems phase a",https://www.usaspending.gov/award/CONT_AWD_80GSFC20C0063_8000_-NONE-_-NONE-/
80GSFC20C0063,2022,2,0.0,250000.00,False,080-0120,"Science, National Aeronautics and Space Administration","Malin Space Science Systems, Inc",16abe9fb-6171-a79b-bfd0-3889dcfdc817-C,"Deep atmosphere Venus investigation of noble gases, chemistry, and imaging plus (DAVINCI+) malin space science systems phase a",https://www.usaspending.gov/award/CONT_AWD_80GSFC20C0063_8000_-NONE-_-NONE-/
80GSFC20C0063,2021,12,69500.00,0.0,False,080-0122,"Safety, Security and Mission Services, National Aeronautics and Space Administration","Malin Space Science Systems, Inc",16abe9fb-6171-a79b-bfd0-3889dcfdc817-C,"Deep atmosphere Venus investigation of noble gases, chemistry, and imaging plus (DAVINCI+) malin space science systems phase a",https://www.usaspending.gov/award/CONT_AWD_80GSFC20C0063_8000_-NONE-_-NONE-/
80GSFC20C0063,2021,12,230177.00,0.0,False,080-0120,"Science, National Aeronautics and Space Administration","Malin Space Science Systems, Inc",16abe9fb-6171-a79b-bfd0-3889dcfdc817-C,"Deep atmosphere Venus investigation of noble gases, chemistry, and imaging plus (DAVINCI+) malin space science systems phase a",https://www.usaspending.gov/award/CONT_AWD_80GSFC20C0063_8000_-NONE-_-NONE-/
80GSFC20C0063,2021,11,69500.00,0.0,False,080-0122,"Safety, Security and Mission Services, National Aeronautics and Space Administration","Malin Space Science Systems, Inc",16abe9fb-6171-a79b-bfd0-3889dcfdc817-C,"Deep atmosphere Venus investigation of noble gases, chemistry, and imaging plus (DAVINCI+) malin space science systems phase a",https://www.usaspending.gov/award/CONT_AWD_80GSFC20C0063_8000_-NONE-_-NONE-/
80GSFC20C0063,2021,11,230177.00,0.0,False,080-0120,"Science, National Aeronautics and Space Administration","Malin Space Science Systems, Inc",16abe9fb-6171-a79b-bfd0-3889dcfdc817-C,"Deep atmosphere Venus investigation of noble gases, chemistry, and imaging plus (DAVINCI+) malin space science systems phase a",https://www.usaspending.gov/award/CONT_AWD_80GSFC20C0063_8000_-NONE-_-NONE-/
80GSFC20C0063,2021,10,69500.00,0.0,False,080-0122,"Safety, Security and Mission Services, National Aeronautics and Space Administration","Malin Space Science Systems, Inc",16abe9fb-6171-a79b-bfd0-3889dcfdc817-C,"Deep atmosphere Venus investigation of noble gases, chemistry, and imaging plus (DAVINCI+) malin space science systems phase a",https://www.usaspending.gov/award/CONT_AWD_80GSFC20C0063_8000_-NONE-_-NONE-/
80GSFC20C0063,2021,10,0.0,53553.00,False,080-0120,"Science, National Aeronautics and Space Administration","Malin Space Science Systems, Inc",16abe9fb-6171-a79b-bfd0-3889dcfdc817-C,"Deep atmosphere Venus investigation of noble gases, chemistry, and imaging plus (DAVINCI+) malin space science systems phase a",https://www.usaspending.gov/award/CONT_AWD_80GSFC20C0063_8000_-NONE-_-NONE-/
80GSFC20C0063,2021,10,230177.00,0.0,False,080-0120,"Science, National Aeronautics and Space Administration","Malin Space Science Systems, Inc",16abe9fb-6171-a79b-bfd0-3889dcfdc817-C,"Deep atmosphere Venus investigation of noble gases, chemistry, and imaging plus (DAVINCI+) malin space science systems phase a",https://www.usaspending.gov/award/CONT_AWD_80GSFC20C0063_8000_-NONE-_-NONE-/
80GSFC20C0063,2021,9,69500.00,0.0,False,080-0122,"Safety, Security and Mission Services, National Aeronautics and Space Administration","Malin Space Science Systems, Inc",16abe9fb-6171-a79b-bfd0-3889dcfdc817-C,"Deep atmosphere Venus investigation of noble gases, chemistry, and imaging plus (DAVINCI+) malin space science systems phase a",https://www.usaspending.gov/award/CONT_AWD_80GSFC20C0063_8000_-NONE-_-NONE-/
80GSFC20C0063,2021,9,230177.00,0.0,False,080-0120,"Science, National Aeronautics and Space Administration","Malin Space Science Systems, Inc",16abe9fb-6171-a79b-bfd0-3889dcfdc817-C,"Deep atmosphere Venus investigation of noble gases, chemistry, and imaging plus (DAVINCI+) malin space science systems phase a",https://www.usaspending.gov/award/CONT_AWD_80GSFC20C0063_8000_-NONE-_-NONE-/
80GSFC20C0063,2021,8,230177.00,0.0,False,080-0120,"Science, National Aeronautics and Space Administration","Malin Space Science Systems, Inc",16abe9fb-6171-a79b-bfd0-3889dcfdc817-C,"Deep atmosphere Venus investigation of noble gases, chemistry, and imaging plus (DAVINCI+) malin space science systems phase a",https://www.usaspending.gov/award/CONT_AWD_80GSFC20C0063_8000_-NONE-_-NONE-/
80GSFC20C0063,2021,8,69500.00,0.0,False,080-0122,"Safety, Security and Mission Services, National Aeronautics and Space Administration","Malin Space Science Systems, Inc",16abe9fb-6171-a79b-bfd0-3889dcfdc817-C,"Deep atmosphere Venus investigation of noble gases, chemistry, and imaging plus (DAVINCI+) malin space science systems phase a",https://www.usaspending.gov/award/CONT_AWD_80GSFC20C0063_8000_-NONE-_-NONE-/
80GSFC20C0063,2020,8,0.0,230177.00,False,080-0120,"Science, National Aeronautics and Space Administration","Malin Space Science Systems, Inc",16abe9fb-6171-a79b-bfd0-3889dcfdc817-C,"Deep atmosphere Venus investigation of noble gases, chemistry, and imaging plus (DAVINCI+) malin space science systems phase a",https://www.usaspending.gov/award/CONT_AWD_80GSFC20C0063_8000_-NONE-_-NONE-/
80GSFC20C0063,2020,8,0.0,69500.00,False,080-0122,"Safety, Security and Mission Services, National Aeronautics and Space Administration","Malin Space Science Systems, Inc",16abe9fb-6171-a79b-bfd0-3889dcfdc817-C,"Deep atmosphere Venus investigation of noble gases, chemistry, and imaging plus (DAVINCI+) malin space science systems phase a",https://www.usaspending.gov/award/CONT_AWD_80GSFC20C0063_8000_-NONE-_-NONE-/
80GSFC23F0049,2024,12,60688.25,0.0,False,080-0120,"Science, National Aeronautics and Space Administration",TMC Technologies of West Virginia Corp,b82c00e0-55f7-580b-c38b-6ff4e109c35d-C,set2 to 22 DAVINCI,https://www.usaspending.gov/award/CONT_AWD_80GSFC23F0049_8000_80GSFC21A0004_8000/
80GSFC23F0049,2024,11,60688.25,0.0,False,080-0120,"Science, National Aeronautics and Space Administration",TMC Technologies of West Virginia Corp,b82c00e0-55f7-580b-c38b-6ff4e109c35d-C,set2 to 22 DAVINCI,https://www.usaspending.gov/award/CONT_AWD_80GSFC23F0049_8000_80GSFC21A0004_8000/
80GSFC23F0049,2024,10,60688.25,0.0,False,080-0120,"Science, National Aeronautics and Space Administration",TMC Technologies of West Virginia Corp,b82c00e0-55f7-580b-c38b-6ff4e109c35d-C,set2 to 22 DAVINCI,https://www.usaspending.gov/award/CONT_AWD_80GSFC23F0049_8000_80GSFC21A0004_8000/
80GSFC23F0049,2024,9,60688.25,0.0,False,080-0120,"Science, National Aeronautics and Space Administration",TMC Technologies of West Virginia Corp,b82c00e0-55f7-580b-c38b-6ff4e109c35d-C,set2 to 22 DAVINCI,https://www.usaspending.gov/award/CONT_AWD_80GSFC23F0049_8000_80GSFC21A0004_8000/
80GSFC23F0049,2024,8,60688.25,0.0,False,080-0120,"Science, National Aeronautics and Space Administration",TMC Technologies of West Virginia Corp,b82c00e0-55f7-580b-c38b-6ff4e109c35d-C,set2 to 22 DAVINCI,https://www.usaspending.gov/award/CONT_AWD_80GSFC23F0049_8000_80GSFC21A0004_8000/
80GSFC23F0049,2024,7,0.0,-179116.09,False,080-0120,"Science, National Aeronautics and Space Administration",TMC Technologies of West Virginia Corp,b82c00e0-55f7-580b-c38b-6ff4e109c35d-C,set2 to 22 DAVINCI,https://www.usaspending.gov/award/CONT_AWD_80GSFC23F0049_8000_80GSFC21A0004_8000/
80GSFC23F0049,2024,7,0.0,-49164.85,False,080-0120,"Science, National Aeronautics and Space Administration",TMC Technologies of West Virginia Corp,b82c00e0-55f7-580b-c38b-6ff4e109c35d-C,set2 to 22 DAVINCI,https://www.usaspending.gov/award/CONT_AWD_80GSFC23F0049_8000_80GSFC21A0004_8000/
80GSFC23F0049,2024,7,60688.25,0.0,False,080-0120,"Science, National Aeronautics and Space Administration",TMC Technologies of West Virginia Corp,b82c00e0-55f7-580b-c38b-6ff4e109c35d-C,set2 to 22 DAVINCI,https://www.usaspending.gov/award/CONT_AWD_80GSFC23F0049_8000_80GSFC21A0004_8000/
80GSFC23F0049,2024,6,53775.14,0.0,False,080-0120,"Science, National Aeronautics and Space Administration",TMC Technologies of West Virginia Corp,b82c00e0-55f7-580b-c38b-6ff4e109c35d-C,set2 to 22 DAVINCI,https://www.usaspending.gov/award/CONT_AWD_80GSFC23F0049_8000_80GSFC21A0004_8000/
80GSFC23F0049,2024,5,36421.25,0.0,False,080-0120,"Science, National Aeronautics and Space Administration",TMC Technologies of West Virginia Corp,b82c00e0-55f7-580b-c38b-6ff4e109c35d-C,set2 to 22 DAVINCI,https://www.usaspending.gov/award/CONT_AWD_80GSFC23F0049_8000_80GSFC21A0004_8000/
80GSFC23F0049,2024,4,36421.25,0.0,False,080-0120,"Science, National Aeronautics and Space Administration",TMC Technologies of West Virginia Corp,b82c00e0-55f7-580b-c38b-6ff4e109c35d-C,set2 to 22 DAVINCI,https://www.usaspending.gov/award/CONT_AWD_80GSFC23F0049_8000_80GSFC21A0004_8000/
80GSFC23F0049,2024,3,11609.16,0.0,False,080-0120,"Science, National Aeronautics and Space Administration",TMC Technologies of West Virginia Corp,b82c00e0-55f7-580b-c38b-6ff4e109c35d-C,set2 to 22 DAVINCI,https://www.usaspending.gov/award/CONT_AWD_80GSFC23F0049_8000_80GSFC21A0004_8000/
80GSFC23F0049,2024,2,3108.71,0.0,False,080-0120,"Science, National Aeronautics and Space Administration",TMC Technologies of West Virginia Corp,b82c00e0-55f7-580b-c38b-6ff4e109c35d-C,set2 to 22 DAVINCI,https://www.usaspending.gov/award/CONT_AWD_80GSFC23F0049_8000_80GSFC21A0004_8000/
80GSFC23F0049,2024,2,0.0,179116.09,False,080-0120,"Science, National Aeronautics and Space Administration",TMC Technologies of West Virginia Corp,b82c00e0-55f7-580b-c38b-6ff4e109c35d-C,set2 to 22 DAVINCI,https://www.usaspending.gov/award/CONT_AWD_80GSFC23F0049_8000_80GSFC21A0004_8000/
80GSFC23F0049,2023,12,18430.90,0.0,False,080-0120,"Science, National Aeronautics and Space Administration",TMC Technologies of West Virginia Corp,b82c00e0-55f7-580b-c38b-6ff4e109c35d-C,set2 to 22 DAVINCI,https://www.usaspending.gov/award/CONT_AWD_80GSFC23F0049_8000_80GSFC21A0004_8000/
80GSFC23F0049,2023,11,12296.61,0.0,False,080-0120,"Science, National Aeronautics and Space Administration",TMC Technologies of West Virginia Corp,b82c00e0-55f7-580b-c38b-6ff4e109c35d-C,set2 to 22 DAVINCI,https://www.usaspending.gov/award/CONT_AWD_80GSFC23F0049_8000_80GSFC21A0004_8000/
80GSFC23F0049,2023,10,7230.05,0.0,False,080-0120,"Science, National Aeronautics and Space Administration",TMC Technologies of West Virginia Corp,b82c00e0-55f7-580b-c38b-6ff4e109c35d-C,set2 to 22 DAVINCI,https://www.usaspending.gov/award/CONT_AWD_80GSFC23F0049_8000_80GSFC21A0004_8000/
80GSFC23F0049,2023,9,468.55,0.0,False,080-0120,"Science, National Aeronautics and Space Administration",TMC Technologies of West Virginia Corp,b82c00e0-55f7-580b-c38b-6ff4e109c35d-C,set2 to 22 DAVINCI,https://www.usaspending.gov/award/CONT_AWD_80GSFC23F0049_8000_80GSFC21A0004_8000/
80GSFC23F0049,2023,8,0.0,128284.00,False,080-0120,"Science, National Aeronautics and Space Administration",TMC Technologies of West Virginia Corp,b82c00e0-55f7-580b-c38b-6ff4e109c35d-C,set2 to 22 DAVINCI,https://www.usaspending.gov/award/CONT_AWD_80GSFC23F0049_8000_80GSFC21A0004_8000/
80GSFC24CA021,2026,5,381079.77,0.0,False,080-0120,"Science, National Aeronautics and Space Administration",Regents of the University of Michigan,1567efcf-bcdb-61b9-72f2-70cbed5fa626-C,DAVINCI (DV) Venus Mass Spectrometer (VMS) electronics module,https://www.usaspending.gov/award/CONT_AWD_80GSFC24CA021_8000_-NONE-_-NONE-/
80GSFC24CA021,2026,4,302316.47,0.0,False,080-0120,"Science, National Aeronautics and Space Administration",Regents of the University of Michigan,1567efcf-bcdb-61b9-72f2-70cbed5fa626-C,DAVINCI (DV) Venus Mass Spectrometer (VMS) electronics module,https://www.usaspending.gov/award/CONT_AWD_80GSFC24CA021_8000_-NONE-_-NONE-/
80GSFC24CA021,2026,3,213790.20,0.0,False,080-0120,"Science, National Aeronautics and Space Administration",Regents of the University of Michigan,1567efcf-bcdb-61b9-72f2-70cbed5fa626-C,DAVINCI (DV) Venus Mass Spectrometer (VMS) electronics module,https://www.usaspending.gov/award/CONT_AWD_80GSFC24CA021_8000_-NONE-_-NONE-/
80GSFC24CA021,2026,2,41096.92,0.0,False,080-0120,"Science, National Aeronautics and Space Administration",Regents of the University of Michigan,1567efcf-bcdb-61b9-72f2-70cbed5fa626-C,DAVINCI (DV) Venus Mass Spectrometer (VMS) electronics module,https://www.usaspending.gov/award/CONT_AWD_80GSFC24CA021_8000_-NONE-_-NONE-/
80GSFC24CA021,2025,12,249787.04,0.0,False,080-0120,"Science, National Aeronautics and Space Administration",Regents of the University of Michigan,1567efcf-bcdb-61b9-72f2-70cbed5fa626-C,DAVINCI (DV) Venus Mass Spectrometer (VMS) electronics module,https://www.usaspending.gov/award/CONT_AWD_80GSFC24CA021_8000_-NONE-_-NONE-/
80GSFC24CA021,2025,12,40739.18,0.0,False,080-0120,"Science, National Aeronautics and Space Administration",Regents of the University of Michigan,1567efcf-bcdb-61b9-72f2-70cbed5fa626-C,DAVINCI (DV) Venus Mass Spectrometer (VMS) electronics module,https://www.usaspending.gov/award/CONT_AWD_80GSFC24CA021_8000_-NONE-_-NONE-/
80GSFC24CA021,2025,12,500000.00,0.0,False,080-0120,"Science, National Aeronautics and Space Administration",Regents of the University of Michigan,1567efcf-bcdb-61b9-72f2-70cbed5fa626-C,DAVINCI (DV) Venus Mass Spectrometer (VMS) electronics module,https://www.usaspending.gov/award/CONT_AWD_80GSFC24CA021_8000_-NONE-_-NONE-/
80GSFC24CA021,2025,11,500000.00,0.0,False,080-0120,"Science, National Aeronautics and Space Administration",Regents of the University of Michigan,1567efcf-bcdb-61b9-72f2-70cbed5fa626-C,DAVINCI (DV) Venus Mass Spectrometer (VMS) electronics module,https://www.usaspending.gov/award/CONT_AWD_80GSFC24CA021_8000_-NONE-_-NONE-/
80GSFC24CA021,2025,11,40739.18,0.0,False,080-0120,"Science, National Aeronautics and Space Administration",Regents of the University of Michigan,1567efcf-bcdb-61b9-72f2-70cbed5fa626-C,DAVINCI (DV) Venus Mass Spectrometer (VMS) electronics module,https://www.usaspending.gov/award/CONT_AWD_80GSFC24CA021_8000_-NONE-_-NONE-/
80GSFC24CA021,2025,11,122674.41,0.0,False,080-0120,"Science, National Aeronautics and Space Administration",Regents of the University of Michigan,1567efcf-bcdb-61b9-72f2-70cbed5fa626-C,DAVINCI (DV) Venus Mass Spectrometer (VMS) electronics module,https://www.usaspending.gov/award/CONT_AWD_80GSFC24CA021_8000_-NONE-_-NONE-/
80GSFC24CA021,2025,10,69904.75,0.0,False,080-0120,"Science, National Aeronautics and Space Administration",Regents of the University of Michigan,1567efcf-bcdb-61b9-72f2-70cbed5fa626-C,DAVINCI (DV) Venus Mass Spectrometer (VMS) electronics module,https://www.usaspending.gov/award/CONT_AWD_80GSFC24CA021_8000_-NONE-_-NONE-/
80GSFC24CA021,2025,10,40739.18,0.0,False,080-0120,"Science, National Aeronautics and Space Administration",Regents of the University of Michigan,1567efcf-bcdb-61b9-72f2-70cbed5fa626-C,DAVINCI (DV) Venus Mass Spectrometer (VMS) electronics module,https://www.usaspending.gov/award/CONT_AWD_80GSFC24CA021_8000_-NONE-_-NONE-/
80GSFC24CA021,2025,10,500000.00,0.0,False,080-0120,"Science, National Aeronautics and Space Administration",Regents of the University of Michigan,1567efcf-bcdb-61b9-72f2-70cbed5fa626-C,DAVINCI (DV) Venus Mass Spectrometer (VMS) electronics module,https://www.usaspending.gov/award/CONT_AWD_80GSFC24CA021_8000_-NONE-_-NONE-/
80GSFC24CA021,2025,9,500000.00,0.0,False,080-0120,"Science, National Aeronautics and Space Administration",Regents of the University of Michigan,1567efcf-bcdb-61b9-72f2-70cbed5fa626-C,DAVINCI (DV) Venus Mass Spectrometer (VMS) electronics module,https://www.usaspending.gov/award/CONT_AWD_80GSFC24CA021_8000_-NONE-_-NONE-/
80GSFC24CA021,2025,9,40739.18,0.0,False,080-0120,"Science, National Aeronautics and Space Administration",Regents of the University of Michigan,1567efcf-bcdb-61b9-72f2-70cbed5fa626-C,DAVINCI (DV) Venus Mass Spectrometer (VMS) electronics module,https://www.usaspending.gov/award/CONT_AWD_80GSFC24CA021_8000_-NONE-_-NONE-/
80GSFC24CA021,2025,9,13896.82,0.0,False,080-0120,"Science, National Aeronautics and Space Administration",Regents of the University of Michigan,1567efcf-bcdb-61b9-72f2-70cbed5fa626-C,DAVINCI (DV) Venus Mass Spectrometer (VMS) electronics module,https://www.usaspending.gov/award/CONT_AWD_80GSFC24CA021_8000_-NONE-_-NONE-/
80GSFC24CA021,2025,8,448949.12,0.0,False,080-0120,"Science, National Aeronautics and Space Administration",Regents of the University of Michigan,1567efcf-bcdb-61b9-72f2-70cbed5fa626-C,DAVINCI (DV) Venus Mass Spectrometer (VMS) electronics module,https://www.usaspending.gov/award/CONT_AWD_80GSFC24CA021_8000_-NONE-_-NONE-/
80GSFC24CA021,2025,8,40739.18,0.0,False,080-0120,"Science, National Aeronautics and Space Administration",Regents of the University of Michigan,1567efcf-bcdb-61b9-72f2-70cbed5fa626-C,DAVINCI (DV) Venus Mass Spectrometer (VMS) electronics module,https://www.usaspending.gov/award/CONT_AWD_80GSFC24CA021_8000_-NONE-_-NONE-/
80GSFC24CA021,2025,7,40739.18,0.0,False,080-0120,"Science, National Aeronautics and Space Administration",Regents of the University of Michigan,1567efcf-bcdb-61b9-72f2-70cbed5fa626-C,DAVINCI (DV) Venus Mass Spectrometer (VMS) electronics module,https://www.usaspending.gov/award/CONT_AWD_80GSFC24CA021_8000_-NONE-_-NONE-/
80GSFC24CA021,2025,7,448949.12,0.0,False,080-0120,"Science, National Aeronautics and Space Administration",Regents of the University of Michigan,1567efcf-bcdb-61b9-72f2-70cbed5fa626-C,DAVINCI (DV) Venus Mass Spectrometer (VMS) electronics module,https://www.usaspending.gov/award/CONT_AWD_80GSFC24CA021_8000_-NONE-_-NONE-/
80GSFC24CA021,2025,6,40739.18,0.0,False,080-0120,"Science, National Aeronautics and Space Administration",Regents of the University of Michigan,1567efcf-bcdb-61b9-72f2-70cbed5fa626-C,DAVINCI (DV) Venus Mass Spectrometer (VMS) electronics module,https://www.usaspending.gov/award/CONT_AWD_80GSFC24CA021_8000_-NONE-_-NONE-/
80GSFC24CA021,2025,6,303254.02,0.0,False,080-0120,"Science, National Aeronautics and Space Administration",Regents of the University of Michigan,1567efcf-bcdb-61b9-72f2-70cbed5fa626-C,DAVINCI (DV) Venus Mass Spectrometer (VMS) electronics module,https://www.usaspending.gov/award/CONT_AWD_80GSFC24CA021_8000_-NONE-_-NONE-/
80GSFC24CA021,2025,5,248493.77,0.0,False,080-0120,"Science, National Aeronautics and Space Administration",Regents of the University of Michigan,1567efcf-bcdb-61b9-72f2-70cbed5fa626-C,DAVINCI (DV) Venus Mass Spectrometer (VMS) electronics module,https://www.usaspending.gov/award/CONT_AWD_80GSFC24CA021_8000_-NONE-_-NONE-/
80GSFC24CA021,2025,5,40739.18,0.0,False,080-0120,"Science, National Aeronautics and Space Administration",Regents of the University of Michigan,1567efcf-bcdb-61b9-72f2-70cbed5fa626-C,DAVINCI (DV) Venus Mass Spectrometer (VMS) electronics module,https://www.usaspending.gov/award/CONT_AWD_80GSFC24CA021_8000_-NONE-_-NONE-/
80GSFC24CA021,2025,4,40739.18,0.0,False,080-0120,"Science, National Aeronautics and Space Administration",Regents of the University of Michigan,1567efcf-bcdb-61b9-72f2-70cbed5fa626-C,DAVINCI (DV) Venus Mass Spectrometer (VMS) electronics module,https://www.usaspending.gov/award/CONT_AWD_80GSFC24CA021_8000_-NONE-_-NONE-/
80GSFC24CA021,2025,4,206839.55,0.0,False,080-0120,"Science, National Aeronautics and Space Administration",Regents of the University of Michigan,1567efcf-bcdb-61b9-72f2-70cbed5fa626-C,DAVINCI (DV) Venus Mass Spectrometer (VMS) electronics module,https://www.usaspending.gov/award/CONT_AWD_80GSFC24CA021_8000_-NONE-_-NONE-/
80GSFC24CA021,2025,3,40739.18,0.0,False,080-0120,"Science, National Aeronautics and Space Administration",Regents of the University of Michigan,1567efcf-bcdb-61b9-72f2-70cbed5fa626-C,DAVINCI (DV) Venus Mass Spectrometer (VMS) electronics module,https://www.usaspending.gov/award/CONT_AWD_80GSFC24CA021_8000_-NONE-_-NONE-/
80GSFC24CA021,2025,3,132460.14,0.0,False,080-0120,"Science, National Aeronautics and Space Administration",Regents of the University of Michigan,1567efcf-bcdb-61b9-72f2-70cbed5fa626-C,DAVINCI (DV) Venus Mass Spectrometer (VMS) electronics module,https://www.usaspending.gov/award/CONT_AWD_80GSFC24CA021_8000_-NONE-_-NONE-/
80GSFC24CA021,2025,2,0.0,844601.00,False,080-0120,"Science, National Aeronautics and Space Administration",Regents of the University of Michigan,1567efcf-bcdb-61b9-72f2-70cbed5fa626-C,DAVINCI (DV) Venus Mass Spectrometer (VMS) electronics module,https://www.usaspending.gov/award/CONT_AWD_80GSFC24CA021_8000_-NONE-_-NONE-/
80GSFC24CA021,2025,2,40739.18,0.0,False,080-0120,"Science, National Aeronautics and Space Administration",Regents of the University of Michigan,1567efcf-bcdb-61b9-72f2-70cbed5fa626-C,DAVINCI (DV) Venus Mass Spectrometer (VMS) electronics module,https://www.usaspending.gov/award/CONT_AWD_80GSFC24CA021_8000_-NONE-_-NONE-/
80GSFC24CA021,2025,2,132460.14,0.0,False,080-0120,"Science, National Aeronautics and Space Administration",Regents of the University of Michigan,1567efcf-bcdb-61b9-72f2-70cbed5fa626-C,DAVINCI (DV) Venus Mass Spectrometer (VMS) electronics module,https://www.usaspending.gov/award/CONT_AWD_80GSFC24CA021_8000_-NONE-_-NONE-/
80GSFC24CA021,2024,12,109260.82,0.0,False,080-0120,"Science, National Aeronautics and Space Administration",Regents of the University of Michigan,1567efcf-bcdb-61b9-72f2-70cbed5fa626-C,DAVINCI (DV) Venus Mass Spectrometer (VMS) electronics module,https://www.usaspending.gov/award/CONT_AWD_80GSFC24CA021_8000_-NONE-_-NONE-/
80GSFC24CA021,2024,11,5216.59,0.0,False,080-0120,"Science, National Aeronautics and Space Administration",Regents of the University of Michigan,1567efcf-bcdb-61b9-72f2-70cbed5fa626-C,DAVINCI (DV) Venus Mass Spectrometer (VMS) electronics module,https://www.usaspending.gov/award/CONT_AWD_80GSFC24CA021_8000_-NONE-_-NONE-/
80GSFC24CA021,2024,9,0.0,500000.00,False,080-0120,"Science, National Aeronautics and Space Administration",Regents of the University of Michigan,1567efcf-bcdb-61b9-72f2-70cbed5fa626-C,DAVINCI (DV) Venus Mass Spectrometer (VMS) electronics module,https://www.usaspending.gov/award/CONT_AWD_80GSFC24CA021_8000_-NONE-_-NONE-/
80GSFC24CA021,2024,9,0.0,150000.00,False,080-0120,"Science, National Aeronautics and Space Administration",Regents of the University of Michigan,1567efcf-bcdb-61b9-72f2-70cbed5fa626-C,DAVINCI (DV) Venus Mass Spectrometer (VMS) electronics module,https://www.usaspending.gov/award/CONT_AWD_80GSFC24CA021_8000_-NONE-_-NONE-/
80MSFC20F0146,2026,5,335216.18,0.0,False,080-0120,"Science, National Aeronautics and Space Administration",The Johns Hopkins University Applied Physics Laboratory LLC,4eae43e5-e1f1-0e77-b2fe-09a12a9a552c-C,DAVINCI+ phase a concept study under basic 80msfc20d0004.,https://www.usaspending.gov/award/CONT_AWD_80MSFC20F0146_8000_80MSFC20D0004_8000/
80MSFC20F0146,2026,4,0.0,409153.00,False,080-0120,"Science, National Aeronautics and Space Administration",The Johns Hopkins University Applied Physics Laboratory LLC,4eae43e5-e1f1-0e77-b2fe-09a12a9a552c-C,DAVINCI+ phase a concept study under basic 80msfc20d0004.,https://www.usaspending.gov/award/CONT_AWD_80MSFC20F0146_8000_80MSFC20D0004_8000/
80MSFC20F0146,2026,4,307759.95,0.0,False,080-0120,"Science, National Aeronautics and Space Administration",The Johns Hopkins University Applied Physics Laboratory LLC,4eae43e5-e1f1-0e77-b2fe-09a12a9a552c-C,DAVINCI+ phase a concept study under basic 80msfc20d0004.,https://www.usaspending.gov/award/CONT_AWD_80MSFC20F0146_8000_80MSFC20D0004_8000/
80MSFC20F0146,2026,3,259706.28,0.0,False,080-0120,"Science, National Aeronautics and Space Administration",The Johns Hopkins University Applied Physics Laboratory LLC,4eae43e5-e1f1-0e77-b2fe-09a12a9a552c-C,DAVINCI+ phase a concept study under basic 80msfc20d0004.,https://www.usaspending.gov/award/CONT_AWD_80MSFC20F0146_8000_80MSFC20D0004_8000/
80MSFC20F0146,2026,2,146580.99,0.0,False,080-0120,"Science, National Aeronautics and Space Administration",The Johns Hopkins University Applied Physics Laboratory LLC,4eae43e5-e1f1-0e77-b2fe-09a12a9a552c-C,DAVINCI+ phase a concept study under basic 80msfc20d0004.,https://www.usaspending.gov/award/CONT_AWD_80MSFC20F0146_8000_80MSFC20D0004_8000/
80MSFC20F0146,2025,12,0.0,204188.00,False,080-0120,"Science, National Aeronautics and Space Administration",The Johns Hopkins University Applied Physics Laboratory LLC,4eae43e5-e1f1-0e77-b2fe-09a12a9a552c-C,DAVINCI+ phase a concept study under basic 80msfc20d0004.,https://www.usaspending.gov/award/CONT_AWD_80MSFC20F0146_8000_80MSFC20D0004_8000/
80MSFC20F0146,2025,12,36799.69,0.0,False,080-0120,"Science, National Aeronautics and Space Administration",The Johns Hopkins University Applied Physics Laboratory LLC,4eae43e5-e1f1-0e77-b2fe-09a12a9a552c-C,DAVINCI+ phase a concept study under basic 80msfc20d0004.,https://www.usaspending.gov/award/CONT_AWD_80MSFC20F0146_8000_80MSFC20D0004_8000/
80MSFC20F0146,2025,12,865530.49,0.0,False,080-0120,"Science, National Aeronautics and Space Administration",The Johns Hopkins University Applied Physics Laboratory LLC,4eae43e5-e1f1-0e77-b2fe-09a12a9a552c-C,DAVINCI+ phase a concept study under basic 80msfc20d0004.,https://www.usaspending.gov/award/CONT_AWD_80MSFC20F0146_8000_80MSFC20D0004_8000/
80MSFC20F0146,2025,11,36799.69,0.0,False,080-0120,"Science, National Aeronautics and Space Administration",The Johns Hopkins University Applied Physics Laboratory LLC,4eae43e5-e1f1-0e77-b2fe-09a12a9a552c-C,DAVINCI+ phase a concept study under basic 80msfc20d0004.,https://www.usaspending.gov/award/CONT_AWD_80MSFC20F0146_8000_80MSFC20D0004_8000/
80MSFC20F0146,2025,11,767318.49,0.0,False,080-0120,"Science, National Aeronautics and Space Administration",The Johns Hopkins University Applied Physics Laboratory LLC,4eae43e5-e1f1-0e77-b2fe-09a12a9a552c-C,DAVINCI+ phase a concept study under basic 80msfc20d0004.,https://www.usaspending.gov/award/CONT_AWD_80MSFC20F0146_8000_80MSFC20D0004_8000/
80MSFC20F0146,2025,10,673511.57,0.0,False,080-0120,"Science, National Aeronautics and Space Administration",The Johns Hopkins University Applied Physics Laboratory LLC,4eae43e5-e1f1-0e77-b2fe-09a12a9a552c-C,DAVINCI+ phase a concept study under basic 80msfc20d0004.,https://www.usaspending.gov/award/CONT_AWD_80MSFC20F0146_8000_80MSFC20D0004_8000/
80MSFC20F0146,2025,10,36799.69,0.0,False,080-0120,"Science, National Aeronautics and Space Administration",The Johns Hopkins University Applied Physics Laboratory LLC,4eae43e5-e1f1-0e77-b2fe-09a12a9a552c-C,DAVINCI+ phase a concept study under basic 80msfc20d0004.,https://www.usaspending.gov/award/CONT_AWD_80MSFC20F0146_8000_80MSFC20D0004_8000/
80MSFC20F0146,2025,9,36799.69,0.0,False,080-0120,"Science, National Aeronautics and Space Administration",The Johns Hopkins University Applied Physics Laboratory LLC,4eae43e5-e1f1-0e77-b2fe-09a12a9a552c-C,DAVINCI+ phase a concept study under basic 80msfc20d0004.,https://www.usaspending.gov/award/CONT_AWD_80MSFC20F0146_8000_80MSFC20D0004_8000/
80MSFC20F0146,2025,9,673511.57,0.0,False,080-0120,"Science, National Aeronautics and Space Administration",The Johns Hopkins University Applied Physics Laboratory LLC,4eae43e5-e1f1-0e77-b2fe-09a12a9a552c-C,DAVINCI+ phase a concept study under basic 80msfc20d0004.,https://www.usaspending.gov/award/CONT_AWD_80MSFC20F0146_8000_80MSFC20D0004_8000/
80MSFC20F0146,2025,8,36799.69,0.0,False,080-0120,"Science, National Aeronautics and Space Administration",The Johns Hopkins University Applied Physics Laboratory LLC,4eae43e5-e1f1-0e77-b2fe-09a12a9a552c-C,DAVINCI+ phase a concept study under basic 80msfc20d0004.,https://www.usaspending.gov/award/CONT_AWD_80MSFC20F0146_8000_80MSFC20D0004_8000/
80MSFC20F0146,2025,8,421391.72,0.0,False,080-0120,"Science, National Aeronautics and Space Administration",The Johns Hopkins University Applied Physics Laboratory LLC,4eae43e5-e1f1-0e77-b2fe-09a12a9a552c-C,DAVINCI+ phase a concept study under basic 80msfc20d0004.,https://www.usaspending.gov/award/CONT_AWD_80MSFC20F0146_8000_80MSFC20D0004_8000/
80MSFC20F0146,2025,7,36799.69,0.0,False,080-0120,"Science, National Aeronautics and Space Administration",The Johns Hopkins University Applied Physics Laboratory LLC,4eae43e5-e1f1-0e77-b2fe-09a12a9a552c-C,DAVINCI+ phase a concept study under basic 80msfc20d0004.,https://www.usaspending.gov/award/CONT_AWD_80MSFC20F0146_8000_80MSFC20D0004_8000/
80MSFC20F0146,2025,7,328576.31,0.0,False,080-0120,"Science, National Aeronautics and Space Administration",The Johns Hopkins University Applied Physics Laboratory LLC,4eae43e5-e1f1-0e77-b2fe-09a12a9a552c-C,DAVINCI+ phase a concept study under basic 80msfc20d0004.,https://www.usaspending.gov/award/CONT_AWD_80MSFC20F0146_8000_80MSFC20D0004_8000/
80MSFC20F0146,2025,6,0.0,296862.00,False,080-0120,"Science, National Aeronautics and Space Administration",The Johns Hopkins University Applied Physics Laboratory LLC,4eae43e5-e1f1-0e77-b2fe-09a12a9a552c-C,DAVINCI+ phase a concept study under basic 80msfc20d0004.,https://www.usaspending.gov/award/CONT_AWD_80MSFC20F0146_8000_80MSFC20D0004_8000/
80MSFC20F0146,2025,6,36799.69,0.0,False,080-0120,"Science, National Aeronautics and Space Administration",The Johns Hopkins University Applied Physics Laboratory LLC,4eae43e5-e1f1-0e77-b2fe-09a12a9a552c-C,DAVINCI+ phase a concept study under basic 80msfc20d0004.,https://www.usaspending.gov/award/CONT_AWD_80MSFC20F0146_8000_80MSFC20D0004_8000/
80MSFC20F0146,2025,6,210710.55,0.0,False,080-0120,"Science, National Aeronautics and Space Administration",The Johns Hopkins University Applied Physics Laboratory LLC,4eae43e5-e1f1-0e77-b2fe-09a12a9a552c-C,DAVINCI+ phase a concept study under basic 80msfc20d0004.,https://www.usaspending.gov/award/CONT_AWD_80MSFC20F0146_8000_80MSFC20D0004_8000/
80MSFC20F0146,2025,5,119227.13,0.0,False,080-0120,"Science, National Aeronautics and Space Administration",The Johns Hopkins University Applied Physics Laboratory LLC,4eae43e5-e1f1-0e77-b2fe-09a12a9a552c-C,DAVINCI+ phase a concept study under basic 80msfc20d0004.,https://www.usaspending.gov/award/CONT_AWD_80MSFC20F0146_8000_80MSFC20D0004_8000/
80MSFC20F0146,2025,5,0.0,202500.00,False,080-0120,"Science, National Aeronautics and Space Administration",The Johns Hopkins University Applied Physics Laboratory LLC,4eae43e5-e1f1-0e77-b2fe-09a12a9a552c-C,DAVINCI+ phase a concept study under basic 80msfc20d0004.,https://www.usaspending.gov/award/CONT_AWD_80MSFC20F0146_8000_80MSFC20D0004_8000/
80MSFC20F0146,2025,5,36799.69,0.0,False,080-0120,"Science, National Aeronautics and Space Administration",The Johns Hopkins University Applied Physics Laboratory LLC,4eae43e5-e1f1-0e77-b2fe-09a12a9a552c-C,DAVINCI+ phase a concept study under basic 80msfc20d0004.,https://www.usaspending.gov/award/CONT_AWD_80MSFC20F0146_8000_80MSFC20D0004_8000/
80MSFC20F0146,2025,4,69554.54,0.0,False,080-0120,"Science, National Aeronautics and Space Administration",The Johns Hopkins University Applied Physics Laboratory LLC,4eae43e5-e1f1-0e77-b2fe-09a12a9a552c-C,DAVINCI+ phase a concept study under basic 80msfc20d0004.,https://www.usaspending.gov/award/CONT_AWD_80MSFC20F0146_8000_80MSFC20D0004_8000/
80MSFC20F0146,2025,4,36799.69,0.0,False,080-0120,"Science, National Aeronautics and Space Administration",The Johns Hopkins University Applied Physics Laboratory LLC,4eae43e5-e1f1-0e77-b2fe-09a12a9a552c-C,DAVINCI+ phase a concept study under basic 80msfc20d0004.,https://www.usaspending.gov/award/CONT_AWD_80MSFC20F0146_8000_80MSFC20D0004_8000/
80MSFC20F0146,2025,3,23378.54,0.0,False,080-0120,"Science, National Aeronautics and Space Administration",The Johns Hopkins University Applied Physics Laboratory LLC,4eae43e5-e1f1-0e77-b2fe-09a12a9a552c-C,DAVINCI+ phase a concept study under basic 80msfc20d0004.,https://www.usaspending.gov/award/CONT_AWD_80MSFC20F0146_8000_80MSFC20D0004_8000/
80MSFC20F0146,2025,3,36799.69,0.0,False,080-0120,"Science, National Aeronautics and Space Administration",The Johns Hopkins University Applied Physics Laboratory LLC,4eae43e5-e1f1-0e77-b2fe-09a12a9a552c-C,DAVINCI+ phase a concept study under basic 80msfc20d0004.,https://www.usaspending.gov/award/CONT_AWD_80MSFC20F0146_8000_80MSFC20D0004_8000/
80MSFC20F0146,2025,2,0.0,500000.00,False,080-0120,"Science, National Aeronautics and Space Administration",The Johns Hopkins University Applied Physics Laboratory LLC,4eae43e5-e1f1-0e77-b2fe-09a12a9a552c-C,DAVINCI+ phase a concept study under basic 80msfc20d0004.,https://www.usaspending.gov/award/CONT_AWD_80MSFC20F0146_8000_80MSFC20D0004_8000/
80MSFC20F0146,2025,2,29714.81,0.0,False,080-0120,"Science, National Aeronautics and Space Administration",The Johns Hopkins University Applied Physics Laboratory LLC,4eae43e5-e1f1-0e77-b2fe-09a12a9a552c-C,DAVINCI+ phase a concept study under basic 80msfc20d0004.,https://www.usaspending.gov/award/CONT_AWD_80MSFC20F0146_8000_80MSFC20D0004_8000/
80MSFC20F0146,2024,12,499200.31,0.0,False,080-0120,"Science, National Aeronautics and Space Administration",The Johns Hopkins University Applied Physics Laboratory LLC,4eae43e5-e1f1-0e77-b2fe-09a12a9a552c-C,DAVINCI+ phase a concept study under basic 80msfc20d0004.,https://www.usaspending.gov/award/CONT_AWD_80MSFC20F0146_8000_80MSFC20D0004_8000/
80MSFC20F0146,2024,12,245511.71,0.0,False,080-0120,"Science, National Aeronautics and Space Administration",The Johns Hopkins University Applied Physics Laboratory LLC,4eae43e5-e1f1-0e77-b2fe-09a12a9a552c-C,DAVINCI+ phase a concept study under basic 80msfc20d0004.,https://www.usaspending.gov/award/CONT_AWD_80MSFC20F0146_8000_80MSFC20D0004_8000/
80MSFC20F0146,2024,11,245511.71,0.0,False,080-0120,"Science, National Aeronautics and Space Administration",The Johns Hopkins University Applied Physics Laboratory LLC,4eae43e5-e1f1-0e77-b2fe-09a12a9a552c-C,DAVINCI+ phase a concept study under basic 80msfc20d0004.,https://www.usaspending.gov/award/CONT_AWD_80MSFC20F0146_8000_80MSFC20D0004_8000/
80MSFC20F0146,2024,11,492895.09,0.0,False,080-0120,"Science, National Aeronautics and Space Administration",The Johns Hopkins University Applied Physics Laboratory LLC,4eae43e5-e1f1-0e77-b2fe-09a12a9a552c-C,DAVINCI+ phase a concept study under basic 80msfc20d0004.,https://www.usaspending.gov/award/CONT_AWD_80MSFC20F0146_8000_80MSFC20D0004_8000/
80MSFC20F0146,2024,10,245511.71,0.0,False,080-0120,"Science, National Aeronautics and Space Administration",The Johns Hopkins University Applied Physics Laboratory LLC,4eae43e5-e1f1-0e77-b2fe-09a12a9a552c-C,DAVINCI+ phase a concept study under basic 80msfc20d0004.,https://www.usaspending.gov/award/CONT_AWD_80MSFC20F0146_8000_80MSFC20D0004_8000/
80MSFC20F0146,2024,10,488466.00,0.0,False,080-0120,"Science, National Aeronautics and Space Administration",The Johns Hopkins University Applied Physics Laboratory LLC,4eae43e5-e1f1-0e77-b2fe-09a12a9a552c-C,DAVINCI+ phase a concept study under basic 80msfc20d0004.,https://www.usaspending.gov/award/CONT_AWD_80MSFC20F0146_8000_80MSFC20D0004_8000/
80MSFC20F0146,2024,9,0.0,36000.00,False,080-0120,"Science, National Aeronautics and Space Administration",The Johns Hopkins University Applied Physics Laboratory LLC,4eae43e5-e1f1-0e77-b2fe-09a12a9a552c-C,DAVINCI+ phase a concept study under basic 80msfc20d0004.,https://www.usaspending.gov/award/CONT_AWD_80MSFC20F0146_8000_80MSFC20D0004_8000/
80MSFC20F0146,2024,9,245511.71,0.0,False,080-0120,"Science, National Aeronautics and Space Administration",The Johns Hopkins University Applied Physics Laboratory LLC,4eae43e5-e1f1-0e77-b2fe-09a12a9a552c-C,DAVINCI+ phase a concept study under basic 80msfc20d0004.,https://www.usaspending.gov/award/CONT_AWD_80MSFC20F0146_8000_80MSFC20D0004_8000/
80MSFC20F0146,2024,9,488019.32,0.0,False,080-0120,"Science, National Aeronautics and Space Administration",The Johns Hopkins University Applied Physics Laboratory LLC,4eae43e5-e1f1-0e77-b2fe-09a12a9a552c-C,DAVINCI+ phase a concept study under basic 80msfc20d0004.,https://www.usaspending.gov/award/CONT_AWD_80MSFC20F0146_8000_80MSFC20D0004_8000/
80MSFC20F0146,2024,8,245511.71,0.0,False,080-0120,"Science, National Aeronautics and Space Administration",The Johns Hopkins University Applied Physics Laboratory LLC,4eae43e5-e1f1-0e77-b2fe-09a12a9a552c-C,DAVINCI+ phase a concept study under basic 80msfc20d0004.,https://www.usaspending.gov/award/CONT_AWD_80MSFC20F0146_8000_80MSFC20D0004_8000/
80MSFC20F0146,2024,8,483450.32,0.0,False,080-0120,"Science, National Aeronautics and Space Administration",The Johns Hopkins University Applied Physics Laboratory LLC,4eae43e5-e1f1-0e77-b2fe-09a12a9a552c-C,DAVINCI+ phase a concept study under basic 80msfc20d0004.,https://www.usaspending.gov/award/CONT_AWD_80MSFC20F0146_8000_80MSFC20D0004_8000/
80MSFC20F0146,2024,7,245511.71,0.0,False,080-0120,"Science, National Aeronautics and Space Administration",The Johns Hopkins University Applied Physics Laboratory LLC,4eae43e5-e1f1-0e77-b2fe-09a12a9a552c-C,DAVINCI+ phase a concept study under basic 80msfc20d0004.,https://www.usaspending.gov/award/CONT_AWD_80MSFC20F0146_8000_80MSFC20D0004_8000/
80MSFC20F0146,2024,7,479470.32,0.0,False,080-0120,"Science, National Aeronautics and Space Administration",The Johns Hopkins University Applied Physics Laboratory LLC,4eae43e5-e1f1-0e77-b2fe-09a12a9a552c-C,DAVINCI+ phase a concept study under basic 80msfc20d0004.,https://www.usaspending.gov/award/CONT_AWD_80MSFC20F0146_8000_80MSFC20D0004_8000/
80MSFC20F0146,2024,6,245511.71,0.0,False,080-0120,"Science, National Aeronautics and Space Administration",The Johns Hopkins University Applied Physics Laboratory LLC,4eae43e5-e1f1-0e77-b2fe-09a12a9a552c-C,DAVINCI+ phase a concept study under basic 80msfc20d0004.,https://www.usaspending.gov/award/CONT_AWD_80MSFC20F0146_8000_80MSFC20D0004_8000/
80MSFC20F0146,2024,6,479470.32,0.0,False,080-0120,"Science, National Aeronautics and Space Administration",The Johns Hopkins University Applied Physics Laboratory LLC,4eae43e5-e1f1-0e77-b2fe-09a12a9a552c-C,DAVINCI+ phase a concept study under basic 80msfc20d0004.,https://www.usaspending.gov/award/CONT_AWD_80MSFC20F0146_8000_80MSFC20D0004_8000/
80MSFC20F0146,2024,5,245511.71,0.0,False,080-0120,"Science, National Aeronautics and Space Administration",The Johns Hopkins University Applied Physics Laboratory LLC,4eae43e5-e1f1-0e77-b2fe-09a12a9a552c-C,DAVINCI+ phase a concept study under basic 80msfc20d0004.,https://www.usaspending.gov/award/CONT_AWD_80MSFC20F0146_8000_80MSFC20D0004_8000/
80MSFC20F0146,2024,5,338271.17,0.0,False,080-0120,"Science, National Aeronautics and Space Administration",The Johns Hopkins University Applied Physics Laboratory LLC,4eae43e5-e1f1-0e77-b2fe-09a12a9a552c-C,DAVINCI+ phase a concept study under basic 80msfc20d0004.,https://www.usaspending.gov/award/CONT_AWD_80MSFC20F0146_8000_80MSFC20D0004_8000/
80MSFC20F0146,2024,4,245511.71,0.0,False,080-0120,"Science, National Aeronautics and Space Administration",The Johns Hopkins University Applied Physics Laboratory LLC,4eae43e5-e1f1-0e77-b2fe-09a12a9a552c-C,DAVINCI+ phase a concept study under basic 80msfc20d0004.,https://www.usaspending.gov/award/CONT_AWD_80MSFC20F0146_8000_80MSFC20D0004_8000/
80MSFC20F0146,2024,4,196419.63,0.0,False,080-0120,"Science, National Aeronautics and Space Administration",The Johns Hopkins University Applied Physics Laboratory LLC,4eae43e5-e1f1-0e77-b2fe-09a12a9a552c-C,DAVINCI+ phase a concept study under basic 80msfc20d0004.,https://www.usaspending.gov/award/CONT_AWD_80MSFC20F0146_8000_80MSFC20D0004_8000/
80MSFC20F0146,2024,3,245511.71,0.0,False,080-0120,"Science, National Aeronautics and Space Administration",The Johns Hopkins University Applied Physics Laboratory LLC,4eae43e5-e1f1-0e77-b2fe-09a12a9a552c-C,DAVINCI+ phase a concept study under basic 80msfc20d0004.,https://www.usaspending.gov/award/CONT_AWD_80MSFC20F0146_8000_80MSFC20D0004_8000/
80MSFC20F0146,2024,3,40104.63,0.0,False,080-0120,"Science, National Aeronautics and Space Administration",The Johns Hopkins University Applied Physics Laboratory LLC,4eae43e5-e1f1-0e77-b2fe-09a12a9a552c-C,DAVINCI+ phase a concept study under basic 80msfc20d0004.,https://www.usaspending.gov/award/CONT_AWD_80MSFC20F0146_8000_80MSFC20D0004_8000/
80MSFC20F0146,2024,2,0.0,500000.00,False,080-0120,"Science, National Aeronautics and Space Administration",The Johns Hopkins University Applied Physics Laboratory LLC,4eae43e5-e1f1-0e77-b2fe-09a12a9a552c-C,DAVINCI+ phase a concept study under basic 80msfc20d0004.,https://www.usaspending.gov/award/CONT_AWD_80MSFC20F0146_8000_80MSFC20D0004_8000/
80MSFC20F0146,2024,2,0.0,33.00,False,080-0120,"Science, National Aeronautics and Space Administration",The Johns Hopkins University Applied Physics Laboratory LLC,4eae43e5-e1f1-0e77-b2fe-09a12a9a552c-C,DAVINCI+ phase a concept study under basic 80msfc20d0004.,https://www.usaspending.gov/award/CONT_AWD_80MSFC20F0146_8000_80MSFC20D0004_8000/
80MSFC20F0146,2024,2,204530.50,0.0,False,080-0120,"Science, National Aeronautics and Space Administration",The Johns Hopkins University Applied Physics Laboratory LLC,4eae43e5-e1f1-0e77-b2fe-09a12a9a552c-C,DAVINCI+ phase a concept study under basic 80msfc20d0004.,https://www.usaspending.gov/award/CONT_AWD_80MSFC20F0146_8000_80MSFC20D0004_8000/
80MSFC20F0146,2023,12,948332.29,0.0,False,080-0120,"Science, National Aeronautics and Space Administration",The Johns Hopkins University Applied Physics Laboratory LLC,4eae43e5-e1f1-0e77-b2fe-09a12a9a552c-C,DAVINCI+ phase a concept study under basic 80msfc20d0004.,https://www.usaspending.gov/award/CONT_AWD_80MSFC20F0146_8000_80MSFC20D0004_8000/
80MSFC20F0146,2023,12,612264.08,0.0,False,080-0120,"Science, National Aeronautics and Space Administration",The Johns Hopkins University Applied Physics Laboratory LLC,4eae43e5-e1f1-0e77-b2fe-09a12a9a552c-C,DAVINCI+ phase a concept study under basic 80msfc20d0004.,https://www.usaspending.gov/award/CONT_AWD_80MSFC20F0146_8000_80MSFC20D0004_8000/
80MSFC20F0146,2023,11,863156.19,0.0,False,080-0120,"Science, National Aeronautics and Space Administration",The Johns Hopkins University Applied Physics Laboratory LLC,4eae43e5-e1f1-0e77-b2fe-09a12a9a552c-C,DAVINCI+ phase a concept study under basic 80msfc20d0004.,https://www.usaspending.gov/award/CONT_AWD_80MSFC20F0146_8000_80MSFC20D0004_8000/
80MSFC20F0146,2023,11,612264.08,0.0,False,080-0120,"Science, National Aeronautics and Space Administration",The Johns Hopkins University Applied Physics Laboratory LLC,4eae43e5-e1f1-0e77-b2fe-09a12a9a552c-C,DAVINCI+ phase a concept study under basic 80msfc20d0004.,https://www.usaspending.gov/award/CONT_AWD_80MSFC20F0146_8000_80MSFC20D0004_8000/
80MSFC20F0146,2023,11,0.0,108344.00,False,080-0120,"Science, National Aeronautics and Space Administration",The Johns Hopkins University Applied Physics Laboratory LLC,4eae43e5-e1f1-0e77-b2fe-09a12a9a552c-C,DAVINCI+ phase a concept study under basic 80msfc20d0004.,https://www.usaspending.gov/award/CONT_AWD_80MSFC20F0146_8000_80MSFC20D0004_8000/
80MSFC20F0146,2023,10,612264.08,0.0,False,080-0120,"Science, National Aeronautics and Space Administration",The Johns Hopkins University Applied Physics Laboratory LLC,4eae43e5-e1f1-0e77-b2fe-09a12a9a552c-C,DAVINCI+ phase a concept study under basic 80msfc20d0004.,https://www.usaspending.gov/award/CONT_AWD_80MSFC20F0146_8000_80MSFC20D0004_8000/
80MSFC20F0146,2023,10,721068.49,0.0,False,080-0120,"Science, National Aeronautics and Space Administration",The Johns Hopkins University Applied Physics Laboratory LLC,4eae43e5-e1f1-0e77-b2fe-09a12a9a552c-C,DAVINCI+ phase a concept study under basic 80msfc20d0004.,https://www.usaspending.gov/award/CONT_AWD_80MSFC20F0146_8000_80MSFC20D0004_8000/
80MSFC20F0146,2023,9,591904.60,0.0,False,080-0120,"Science, National Aeronautics and Space Administration",The Johns Hopkins University Applied Physics Laboratory LLC,4eae43e5-e1f1-0e77-b2fe-09a12a9a552c-C,DAVINCI+ phase a concept study under basic 80msfc20d0004.,https://www.usaspending.gov/award/CONT_AWD_80MSFC20F0146_8000_80MSFC20D0004_8000/
80MSFC20F0146,2023,9,612264.08,0.0,False,080-0120,"Science, National Aeronautics and Space Administration",The Johns Hopkins University Applied Physics Laboratory LLC,4eae43e5-e1f1-0e77-b2fe-09a12a9a552c-C,DAVINCI+ phase a concept study under basic 80msfc20d0004.,https://www.usaspending.gov/award/CONT_AWD_80MSFC20F0146_8000_80MSFC20D0004_8000/
80MSFC20F0146,2023,8,612264.08,0.0,False,080-0120,"Science, National Aeronautics and Space Administration",The Johns Hopkins University Applied Physics Laboratory LLC,4eae43e5-e1f1-0e77-b2fe-09a12a9a552c-C,DAVINCI+ phase a concept study under basic 80msfc20d0004.,https://www.usaspending.gov/award/CONT_AWD_80MSFC20F0146_8000_80MSFC20D0004_8000/
80MSFC20F0146,2023,8,438662.58,0.0,False,080-0120,"Science, National Aeronautics and Space Administration",The Johns Hopkins University Applied Physics Laboratory LLC,4eae43e5-e1f1-0e77-b2fe-09a12a9a552c-C,DAVINCI+ phase a concept study under basic 80msfc20d0004.,https://www.usaspending.gov/award/CONT_AWD_80MSFC20F0146_8000_80MSFC20D0004_8000/
80MSFC20F0146,2023,7,612264.08,0.0,False,080-0120,"Science, National Aeronautics and Space Administration",The Johns Hopkins University Applied Physics Laboratory LLC,4eae43e5-e1f1-0e77-b2fe-09a12a9a552c-C,DAVINCI+ phase a concept study under basic 80msfc20d0004.,https://www.usaspending.gov/award/CONT_AWD_80MSFC20F0146_8000_80MSFC20D0004_8000/
80MSFC20F0146,2023,7,282825.18,0.0,False,080-0120,"Science, National Aeronautics and Space Administration",The Johns Hopkins University Applied Physics Laboratory LLC,4eae43e5-e1f1-0e77-b2fe-09a12a9a552c-C,DAVINCI+ phase a concept study under basic 80msfc20d0004.,https://www.usaspending.gov/award/CONT_AWD_80MSFC20F0146_8000_80MSFC20D0004_8000/
80MSFC20F0146,2023,6,612264.08,0.0,False,080-0120,"Science, National Aeronautics and Space Administration",The Johns Hopkins University Applied Physics Laboratory LLC,4eae43e5-e1f1-0e77-b2fe-09a12a9a552c-C,DAVINCI+ phase a concept study under basic 80msfc20d0004.,https://www.usaspending.gov/award/CONT_AWD_80MSFC20F0146_8000_80MSFC20D0004_8000/
80MSFC20F0146,2023,6,188507.08,0.0,False,080-0120,"Science, National Aeronautics and Space Administration",The Johns Hopkins University Applied Physics Laboratory LLC,4eae43e5-e1f1-0e77-b2fe-09a12a9a552c-C,DAVINCI+ phase a concept study under basic 80msfc20d0004.,https://www.usaspending.gov/award/CONT_AWD_80MSFC20F0146_8000_80MSFC20D0004_8000/
80MSFC20F0146,2023,5,427394.20,0.0,False,080-0120,"Science, National Aeronautics and Space Administration",The Johns Hopkins University Applied Physics Laboratory LLC,4eae43e5-e1f1-0e77-b2fe-09a12a9a552c-C,DAVINCI+ phase a concept study under basic 80msfc20d0004.,https://www.usaspending.gov/award/CONT_AWD_80MSFC20F0146_8000_80MSFC20D0004_8000/
80MSFC20F0146,2023,5,0.0,410467.00,False,080-0120,"Science, National Aeronautics and Space Administration",The Johns Hopkins University Applied Physics Laboratory LLC,4eae43e5-e1f1-0e77-b2fe-09a12a9a552c-C,DAVINCI+ phase a concept study under basic 80msfc20d0004.,https://www.usaspending.gov/award/CONT_AWD_80MSFC20F0146_8000_80MSFC20D0004_8000/
80MSFC20F0146,2023,4,0.0,180000.00,False,080-0120,"Science, National Aeronautics and Space Administration",The Johns Hopkins University Applied Physics Laboratory LLC,4eae43e5-e1f1-0e77-b2fe-09a12a9a552c-C,DAVINCI+ phase a concept study under basic 80msfc20d0004.,https://www.usaspending.gov/award/CONT_AWD_80MSFC20F0146_8000_80MSFC20D0004_8000/
80MSFC20F0146,2023,4,355563.20,0.0,False,080-0120,"Science, National Aeronautics and Space Administration",The Johns Hopkins University Applied Physics Laboratory LLC,4eae43e5-e1f1-0e77-b2fe-09a12a9a552c-C,DAVINCI+ phase a concept study under basic 80msfc20d0004.,https://www.usaspending.gov/award/CONT_AWD_80MSFC20F0146_8000_80MSFC20D0004_8000/
80MSFC20F0146,2023,3,276021.90,0.0,False,080-0120,"Science, National Aeronautics and Space Administration",The Johns Hopkins University Applied Physics Laboratory LLC,4eae43e5-e1f1-0e77-b2fe-09a12a9a552c-C,DAVINCI+ phase a concept study under basic 80msfc20d0004.,https://www.usaspending.gov/award/CONT_AWD_80MSFC20F0146_8000_80MSFC20D0004_8000/
80MSFC20F0146,2023,2,171259.33,0.0,False,080-0120,"Science, National Aeronautics and Space Administration",The Johns Hopkins University Applied Physics Laboratory LLC,4eae43e5-e1f1-0e77-b2fe-09a12a9a552c-C,DAVINCI+ phase a concept study under basic 80msfc20d0004.,https://www.usaspending.gov/award/CONT_AWD_80MSFC20F0146_8000_80MSFC20D0004_8000/
80MSFC20F0146,2023,2,0.0,495000.00,False,080-0120,"Science, National Aeronautics and Space Administration",The Johns Hopkins University Applied Physics Laboratory LLC,4eae43e5-e1f1-0e77-b2fe-09a12a9a552c-C,DAVINCI+ phase a concept study under basic 80msfc20d0004.,https://www.usaspending.gov/award/CONT_AWD_80MSFC20F0146_8000_80MSFC20D0004_8000/
80MSFC20F0146,2022,12,347008.85,0.0,False,080-0120,"Science, National Aeronautics and Space Administration",The Johns Hopkins University Applied Physics Laboratory LLC,4eae43e5-e1f1-0e77-b2fe-09a12a9a552c-C,DAVINCI+ phase a concept study under basic 80msfc20d0004.,https://www.usaspending.gov/award/CONT_AWD_80MSFC20F0146_8000_80MSFC20D0004_8000/
80MSFC20F0146,2022,12,261015.92,0.0,False,080-0120,"Science, National Aeronautics and Space Administration",The Johns Hopkins University Applied Physics Laboratory LLC,4eae43e5-e1f1-0e77-b2fe-09a12a9a552c-C,DAVINCI+ phase a concept study under basic 80msfc20d0004.,https://www.usaspending.gov/award/CONT_AWD_80MSFC20F0146_8000_80MSFC20D0004_8000/
80MSFC20F0146,2022,11,347008.85,0.0,False,080-0120,"Science, National Aeronautics and Space Administration",The Johns Hopkins University Applied Physics Laboratory LLC,4eae43e5-e1f1-0e77-b2fe-09a12a9a552c-C,DAVINCI+ phase a concept study under basic 80msfc20d0004.,https://www.usaspending.gov/award/CONT_AWD_80MSFC20F0146_8000_80MSFC20D0004_8000/
80MSFC20F0146,2022,11,184798.34,0.0,False,080-0120,"Science, National Aeronautics and Space Administration",The Johns Hopkins University Applied Physics Laboratory LLC,4eae43e5-e1f1-0e77-b2fe-09a12a9a552c-C,DAVINCI+ phase a concept study under basic 80msfc20d0004.,https://www.usaspending.gov/award/CONT_AWD_80MSFC20F0146_8000_80MSFC20D0004_8000/
80MSFC20F0146,2022,10,347008.85,0.0,False,080-0120,"Science, National Aeronautics and Space Administration",The Johns Hopkins University Applied Physics Laboratory LLC,4eae43e5-e1f1-0e77-b2fe-09a12a9a552c-C,DAVINCI+ phase a concept study under basic 80msfc20d0004.,https://www.usaspending.gov/award/CONT_AWD_80MSFC20F0146_8000_80MSFC20D0004_8000/
80MSFC20F0146,2022,10,103469.44,0.0,False,080-0120,"Science, National Aeronautics and Space Administration",The Johns Hopkins University Applied Physics Laboratory LLC,4eae43e5-e1f1-0e77-b2fe-09a12a9a552c-C,DAVINCI+ phase a concept study under basic 80msfc20d0004.,https://www.usaspending.gov/award/CONT_AWD_80MSFC20F0146_8000_80MSFC20D0004_8000/
80MSFC20F0146,2022,9,347008.85,0.0,False,080-0120,"Science, National Aeronautics and Space Administration",The Johns Hopkins University Applied Physics Laboratory LLC,4eae43e5-e1f1-0e77-b2fe-09a12a9a552c-C,DAVINCI+ phase a concept study under basic 80msfc20d0004.,https://www.usaspending.gov/award/CONT_AWD_80MSFC20F0146_8000_80MSFC20D0004_8000/
80MSFC20F0146,2022,9,16939.50,0.0,False,080-0120,"Science, National Aeronautics and Space Administration",The Johns Hopkins University Applied Physics Laboratory LLC,4eae43e5-e1f1-0e77-b2fe-09a12a9a552c-C,DAVINCI+ phase a concept study under basic 80msfc20d0004.,https://www.usaspending.gov/award/CONT_AWD_80MSFC20F0146_8000_80MSFC20D0004_8000/
80MSFC20F0146,2022,8,241519.61,0.0,False,080-0120,"Science, National Aeronautics and Space Administration",The Johns Hopkins University Applied Physics Laboratory LLC,4eae43e5-e1f1-0e77-b2fe-09a12a9a552c-C,DAVINCI+ phase a concept study under basic 80msfc20d0004.,https://www.usaspending.gov/award/CONT_AWD_80MSFC20F0146_8000_80MSFC20D0004_8000/
80MSFC20F0146,2022,8,0.0,477280.00,False,080-0120,"Science, National Aeronautics and Space Administration",The Johns Hopkins University Applied Physics Laboratory LLC,4eae43e5-e1f1-0e77-b2fe-09a12a9a552c-C,DAVINCI+ phase a concept study under basic 80msfc20d0004.,https://www.usaspending.gov/award/CONT_AWD_80MSFC20F0146_8000_80MSFC20D0004_8000/
80MSFC20F0146,2022,7,148168.29,0.0,False,080-0120,"Science, National Aeronautics and Space Administration",The Johns Hopkins University Applied Physics Laboratory LLC,4eae43e5-e1f1-0e77-b2fe-09a12a9a552c-C,DAVINCI+ phase a concept study under basic 80msfc20d0004.,https://www.usaspending.gov/award/CONT_AWD_80MSFC20F0146_8000_80MSFC20D0004_8000/
80MSFC20F0146,2022,6,103505.30,0.0,False,080-0120,"Science, National Aeronautics and Space Administration",The Johns Hopkins University Applied Physics Laboratory LLC,4eae43e5-e1f1-0e77-b2fe-09a12a9a552c-C,DAVINCI+ phase a concept study under basic 80msfc20d0004.,https://www.usaspending.gov/award/CONT_AWD_80MSFC20F0146_8000_80MSFC20D0004_8000/
80MSFC20F0146,2022,5,69941.47,0.0,False,080-0120,"Science, National Aeronautics and Space Administration",The Johns Hopkins University Applied Physics Laboratory LLC,4eae43e5-e1f1-0e77-b2fe-09a12a9a552c-C,DAVINCI+ phase a concept study under basic 80msfc20d0004.,https://www.usaspending.gov/award/CONT_AWD_80MSFC20F0146_8000_80MSFC20D0004_8000/
80MSFC20F0146,2022,4,52637.42,0.0,False,080-0120,"Science, National Aeronautics and Space Administration",The Johns Hopkins University Applied Physics Laboratory LLC,4eae43e5-e1f1-0e77-b2fe-09a12a9a552c-C,DAVINCI+ phase a concept study under basic 80msfc20d0004.,https://www.usaspending.gov/award/CONT_AWD_80MSFC20F0146_8000_80MSFC20D0004_8000/
80MSFC20F0146,2022,4,0.0,315000.00,False,080-0120,"Science, National Aeronautics and Space Administration",The Johns Hopkins University Applied Physics Laboratory LLC,4eae43e5-e1f1-0e77-b2fe-09a12a9a552c-C,DAVINCI+ phase a concept study under basic 80msfc20d0004.,https://www.usaspending.gov/award/CONT_AWD_80MSFC20F0146_8000_80MSFC20D0004_8000/
80MSFC20F0146,2022,3,38262.90,0.0,False,080-0120,"Science, National Aeronautics and Space Administration",The Johns Hopkins University Applied Physics Laboratory LLC,4eae43e5-e1f1-0e77-b2fe-09a12a9a552c-C,DAVINCI+ phase a concept study under basic 80msfc20d0004.,https://www.usaspending.gov/award/CONT_AWD_80MSFC20F0146_8000_80MSFC20D0004_8000/
80MSFC20F0146,2022,2,0.0,200000.00,False,080-0120,"Science, National Aeronautics and Space Administration",The Johns Hopkins University Applied Physics Laboratory LLC,4eae43e5-e1f1-0e77-b2fe-09a12a9a552c-C,DAVINCI+ phase a concept study under basic 80msfc20d0004.,https://www.usaspending.gov/award/CONT_AWD_80MSFC20F0146_8000_80MSFC20D0004_8000/
80MSFC20F0146,2022,2,0.0,81000.00,False,080-0120,"Science, National Aeronautics and Space Administration",The Johns Hopkins University Applied Physics Laboratory LLC,4eae43e5-e1f1-0e77-b2fe-09a12a9a552c-C,DAVINCI+ phase a concept study under basic 80msfc20d0004.,https://www.usaspending.gov/award/CONT_AWD_80MSFC20F0146_8000_80MSFC20D0004_8000/
80MSFC20F0146,2022,2,21065.41,0.0,False,080-0120,"Science, National Aeronautics and Space Administration",The Johns Hopkins University Applied Physics Laboratory LLC,4eae43e5-e1f1-0e77-b2fe-09a12a9a552c-C,DAVINCI+ phase a concept study under basic 80msfc20d0004.,https://www.usaspending.gov/award/CONT_AWD_80MSFC20F0146_8000_80MSFC20D0004_8000/
80MSFC20F0146,2022,2,0.0,100000.00,False,080-0120,"Science, National Aeronautics and Space Administration",The Johns Hopkins University Applied Physics Laboratory LLC,4eae43e5-e1f1-0e77-b2fe-09a12a9a552c-C,DAVINCI+ phase a concept study under basic 80msfc20d0004.,https://www.usaspending.gov/award/CONT_AWD_80MSFC20F0146_8000_80MSFC20D0004_8000/
80MSFC20F0146,2021,12,37882.15,0.0,False,080-0120,"Science, National Aeronautics and Space Administration",The Johns Hopkins University Applied Physics Laboratory LLC,4eae43e5-e1f1-0e77-b2fe-09a12a9a552c-C,DAVINCI+ phase a concept study under basic 80msfc20d0004.,https://www.usaspending.gov/award/CONT_AWD_80MSFC20F0146_8000_80MSFC20D0004_8000/
80MSFC20F0146,2021,12,139628.31,0.0,False,080-0120,"Science, National Aeronautics and Space Administration",The Johns Hopkins University Applied Physics Laboratory LLC,4eae43e5-e1f1-0e77-b2fe-09a12a9a552c-C,DAVINCI+ phase a concept study under basic 80msfc20d0004.,https://www.usaspending.gov/award/CONT_AWD_80MSFC20F0146_8000_80MSFC20D0004_8000/
80MSFC20F0146,2021,11,0.0,33456.00,False,080-0120,"Science, National Aeronautics and Space Administration",The Johns Hopkins University Applied Physics Laboratory LLC,4eae43e5-e1f1-0e77-b2fe-09a12a9a552c-C,DAVINCI+ phase a concept study under basic 80msfc20d0004.,https://www.usaspending.gov/award/CONT_AWD_80MSFC20F0146_8000_80MSFC20D0004_8000/
80MSFC20F0146,2021,11,139628.31,0.0,False,080-0120,"Science, National Aeronautics and Space Administration",The Johns Hopkins University Applied Physics Laboratory LLC,4eae43e5-e1f1-0e77-b2fe-09a12a9a552c-C,DAVINCI+ phase a concept study under basic 80msfc20d0004.,https://www.usaspending.gov/award/CONT_AWD_80MSFC20F0146_8000_80MSFC20D0004_8000/
80MSFC20F0146,2021,11,23651.35,0.0,False,080-0120,"Science, National Aeronautics and Space Administration",The Johns Hopkins University Applied Physics Laboratory LLC,4eae43e5-e1f1-0e77-b2fe-09a12a9a552c-C,DAVINCI+ phase a concept study under basic 80msfc20d0004.,https://www.usaspending.gov/award/CONT_AWD_80MSFC20F0146_8000_80MSFC20D0004_8000/
80MSFC20F0146,2021,10,139628.31,0.0,False,080-0120,"Science, National Aeronautics and Space Administration",The Johns Hopkins University Applied Physics Laboratory LLC,4eae43e5-e1f1-0e77-b2fe-09a12a9a552c-C,DAVINCI+ phase a concept study under basic 80msfc20d0004.,https://www.usaspending.gov/award/CONT_AWD_80MSFC20F0146_8000_80MSFC20D0004_8000/
80MSFC20F0146,2021,10,5254.39,0.0,False,080-0120,"Science, National Aeronautics and Space Administration",The Johns Hopkins University Applied Physics Laboratory LLC,4eae43e5-e1f1-0e77-b2fe-09a12a9a552c-C,DAVINCI+ phase a concept study under basic 80msfc20d0004.,https://www.usaspending.gov/award/CONT_AWD_80MSFC20F0146_8000_80MSFC20D0004_8000/
80MSFC20F0146,2021,10,0.0,15000.00,False,080-0120,"Science, National Aeronautics and Space Administration",The Johns Hopkins University Applied Physics Laboratory LLC,4eae43e5-e1f1-0e77-b2fe-09a12a9a552c-C,DAVINCI+ phase a concept study under basic 80msfc20d0004.,https://www.usaspending.gov/award/CONT_AWD_80MSFC20F0146_8000_80MSFC20D0004_8000/
80MSFC20F0146,2021,9,138804.39,0.0,False,080-0120,"Science, National Aeronautics and Space Administration",The Johns Hopkins University Applied Physics Laboratory LLC,4eae43e5-e1f1-0e77-b2fe-09a12a9a552c-C,DAVINCI+ phase a concept study under basic 80msfc20d0004.,https://www.usaspending.gov/award/CONT_AWD_80MSFC20F0146_8000_80MSFC20D0004_8000/
80MSFC20F0146,2021,8,138804.39,0.0,False,080-0120,"Science, National Aeronautics and Space Administration",The Johns Hopkins University Applied Physics Laboratory LLC,4eae43e5-e1f1-0e77-b2fe-09a12a9a552c-C,DAVINCI+ phase a concept study under basic 80msfc20d0004.,https://www.usaspending.gov/award/CONT_AWD_80MSFC20F0146_8000_80MSFC20D0004_8000/
80MSFC20F0146,2021,8,0.0,36435.00,False,080-0120,"Science, National Aeronautics and Space Administration",The Johns Hopkins University Applied Physics Laboratory LLC,4eae43e5-e1f1-0e77-b2fe-09a12a9a552c-C,DAVINCI+ phase a concept study under basic 80msfc20d0004.,https://www.usaspending.gov/award/CONT_AWD_80MSFC20F0146_8000_80MSFC20D0004_8000/
80MSFC20F0146,2021,7,126467.83,0.0,False,080-0120,"Science, National Aeronautics and Space Administration",The Johns Hopkins University Applied Physics Laboratory LLC,4eae43e5-e1f1-0e77-b2fe-09a12a9a552c-C,DAVINCI+ phase a concept study under basic 80msfc20d0004.,https://www.usaspending.gov/award/CONT_AWD_80MSFC20F0146_8000_80MSFC20D0004_8000/
80MSFC20F0146,2021,6,104661.80,0.0,False,080-0120,"Science, National Aeronautics and Space Administration",The Johns Hopkins University Applied Physics Laboratory LLC,4eae43e5-e1f1-0e77-b2fe-09a12a9a552c-C,DAVINCI+ phase a concept study under basic 80msfc20d0004.,https://www.usaspending.gov/award/CONT_AWD_80MSFC20F0146_8000_80MSFC20D0004_8000/
80MSFC20F0146,2020,12,13591.69,0.0,False,080-0120,"Science, National Aeronautics and Space Administration",The Johns Hopkins University Applied Physics Laboratory LLC,4eae43e5-e1f1-0e77-b2fe-09a12a9a552c-C,DAVINCI+ phase a concept study under basic 80msfc20d0004.,https://www.usaspending.gov/award/CONT_AWD_80MSFC20F0146_8000_80MSFC20D0004_8000/
80MSFC20F0146,2020,9,0.0,153220.00,False,080-0120,"Science, National Aeronautics and Space Administration",The Johns Hopkins University Applied Physics Laboratory LLC,4eae43e5-e1f1-0e77-b2fe-09a12a9a552c-C,DAVINCI+ phase a concept study under basic 80msfc20d0004.,https://www.usaspending.gov/award/CONT_AWD_80MSFC20F0146_8000_80MSFC20D0004_8000/
80MSFC23F0165,2026,5,88748.16,0.0,False,080-0120,"Science, National Aeronautics and Space Administration",The Johns Hopkins University Applied Physics Laboratory LLC,4eae43e5-e1f1-0e77-b2fe-09a12a9a552c-C,DAVINCI+ science support,https://www.usaspending.gov/award/CONT_AWD_80MSFC23F0165_8000_80MSFC20D0004_8000/
80MSFC23F0165,2026,4,0.0,200000.00,False,080-0120,"Science, National Aeronautics and Space Administration",The Johns Hopkins University Applied Physics Laboratory LLC,4eae43e5-e1f1-0e77-b2fe-09a12a9a552c-C,DAVINCI+ science support,https://www.usaspending.gov/award/CONT_AWD_80MSFC23F0165_8000_80MSFC20D0004_8000/
80MSFC23F0165,2026,4,69162.69,0.0,False,080-0120,"Science, National Aeronautics and Space Administration",The Johns Hopkins University Applied Physics Laboratory LLC,4eae43e5-e1f1-0e77-b2fe-09a12a9a552c-C,DAVINCI+ science support,https://www.usaspending.gov/award/CONT_AWD_80MSFC23F0165_8000_80MSFC20D0004_8000/
80MSFC23F0165,2026,3,58826.44,0.0,False,080-0120,"Science, National Aeronautics and Space Administration",The Johns Hopkins University Applied Physics Laboratory LLC,4eae43e5-e1f1-0e77-b2fe-09a12a9a552c-C,DAVINCI+ science support,https://www.usaspending.gov/award/CONT_AWD_80MSFC23F0165_8000_80MSFC20D0004_8000/
80MSFC23F0165,2026,2,44782.51,0.0,False,080-0120,"Science, National Aeronautics and Space Administration",The Johns Hopkins University Applied Physics Laboratory LLC,4eae43e5-e1f1-0e77-b2fe-09a12a9a552c-C,DAVINCI+ science support,https://www.usaspending.gov/award/CONT_AWD_80MSFC23F0165_8000_80MSFC20D0004_8000/
80MSFC23F0165,2025,12,63640.98,0.0,False,080-0120,"Science, National Aeronautics and Space Administration",The Johns Hopkins University Applied Physics Laboratory LLC,4eae43e5-e1f1-0e77-b2fe-09a12a9a552c-C,DAVINCI+ science support,https://www.usaspending.gov/award/CONT_AWD_80MSFC23F0165_8000_80MSFC20D0004_8000/
80MSFC23F0165,2025,12,129359.41,0.0,False,080-0120,"Science, National Aeronautics and Space Administration",The Johns Hopkins University Applied Physics Laboratory LLC,4eae43e5-e1f1-0e77-b2fe-09a12a9a552c-C,DAVINCI+ science support,https://www.usaspending.gov/award/CONT_AWD_80MSFC23F0165_8000_80MSFC20D0004_8000/
80MSFC23F0165,2025,11,129359.41,0.0,False,080-0120,"Science, National Aeronautics and Space Administration",The Johns Hopkins University Applied Physics Laboratory LLC,4eae43e5-e1f1-0e77-b2fe-09a12a9a552c-C,DAVINCI+ science support,https://www.usaspending.gov/award/CONT_AWD_80MSFC23F0165_8000_80MSFC20D0004_8000/
80MSFC23F0165,2025,11,45618.98,0.0,False,080-0120,"Science, National Aeronautics and Space Administration",The Johns Hopkins University Applied Physics Laboratory LLC,4eae43e5-e1f1-0e77-b2fe-09a12a9a552c-C,DAVINCI+ science support,https://www.usaspending.gov/award/CONT_AWD_80MSFC23F0165_8000_80MSFC20D0004_8000/
80MSFC23F0165,2025,10,24281.04,0.0,False,080-0120,"Science, National Aeronautics and Space Administration",The Johns Hopkins University Applied Physics Laboratory LLC,4eae43e5-e1f1-0e77-b2fe-09a12a9a552c-C,DAVINCI+ science support,https://www.usaspending.gov/award/CONT_AWD_80MSFC23F0165_8000_80MSFC20D0004_8000/
80MSFC23F0165,2025,10,129359.41,0.0,False,080-0120,"Science, National Aeronautics and Space Administration",The Johns Hopkins University Applied Physics Laboratory LLC,4eae43e5-e1f1-0e77-b2fe-09a12a9a552c-C,DAVINCI+ science support,https://www.usaspending.gov/award/CONT_AWD_80MSFC23F0165_8000_80MSFC20D0004_8000/
80MSFC23F0165,2025,9,129359.41,0.0,False,080-0120,"Science, National Aeronautics and Space Administration",The Johns Hopkins University Applied Physics Laboratory LLC,4eae43e5-e1f1-0e77-b2fe-09a12a9a552c-C,DAVINCI+ science support,https://www.usaspending.gov/award/CONT_AWD_80MSFC23F0165_8000_80MSFC20D0004_8000/
80MSFC23F0165,2025,9,24281.04,0.0,False,080-0120,"Science, National Aeronautics and Space Administration",The Johns Hopkins University Applied Physics Laboratory LLC,4eae43e5-e1f1-0e77-b2fe-09a12a9a552c-C,DAVINCI+ science support,https://www.usaspending.gov/award/CONT_AWD_80MSFC23F0165_8000_80MSFC20D0004_8000/
80MSFC23F0165,2025,8,118807.90,0.0,False,080-0120,"Science, National Aeronautics and Space Administration",The Johns Hopkins University Applied Physics Laboratory LLC,4eae43e5-e1f1-0e77-b2fe-09a12a9a552c-C,DAVINCI+ science support,https://www.usaspending.gov/award/CONT_AWD_80MSFC23F0165_8000_80MSFC20D0004_8000/
80MSFC23F0165,2025,7,102500.13,0.0,False,080-0120,"Science, National Aeronautics and Space Administration",The Johns Hopkins University Applied Physics Laboratory LLC,4eae43e5-e1f1-0e77-b2fe-09a12a9a552c-C,DAVINCI+ science support,https://www.usaspending.gov/award/CONT_AWD_80MSFC23F0165_8000_80MSFC20D0004_8000/
80MSFC23F0165,2025,6,0.0,42255.00,False,080-0120,"Science, National Aeronautics and Space Administration",The Johns Hopkins University Applied Physics Laboratory LLC,4eae43e5-e1f1-0e77-b2fe-09a12a9a552c-C,DAVINCI+ science support,https://www.usaspending.gov/award/CONT_AWD_80MSFC23F0165_8000_80MSFC20D0004_8000/
80MSFC23F0165,2025,6,93089.26,0.0,False,080-0120,"Science, National Aeronautics and Space Administration",The Johns Hopkins University Applied Physics Laboratory LLC,4eae43e5-e1f1-0e77-b2fe-09a12a9a552c-C,DAVINCI+ science support,https://www.usaspending.gov/award/CONT_AWD_80MSFC23F0165_8000_80MSFC20D0004_8000/
80MSFC23F0165,2025,5,0.0,57500.00,False,080-0120,"Science, National Aeronautics and Space Administration",The Johns Hopkins University Applied Physics Laboratory LLC,4eae43e5-e1f1-0e77-b2fe-09a12a9a552c-C,DAVINCI+ science support,https://www.usaspending.gov/award/CONT_AWD_80MSFC23F0165_8000_80MSFC20D0004_8000/
80MSFC23F0165,2025,5,79950.17,0.0,False,080-0120,"Science, National Aeronautics and Space Administration",The Johns Hopkins University Applied Physics Laboratory LLC,4eae43e5-e1f1-0e77-b2fe-09a12a9a552c-C,DAVINCI+ science support,https://www.usaspending.gov/award/CONT_AWD_80MSFC23F0165_8000_80MSFC20D0004_8000/
80MSFC23F0165,2025,4,66457.82,0.0,False,080-0120,"Science, National Aeronautics and Space Administration",The Johns Hopkins University Applied Physics Laboratory LLC,4eae43e5-e1f1-0e77-b2fe-09a12a9a552c-C,DAVINCI+ science support,https://www.usaspending.gov/award/CONT_AWD_80MSFC23F0165_8000_80MSFC20D0004_8000/
80MSFC23F0165,2025,3,50871.76,0.0,False,080-0120,"Science, National Aeronautics and Space Administration",The Johns Hopkins University Applied Physics Laboratory LLC,4eae43e5-e1f1-0e77-b2fe-09a12a9a552c-C,DAVINCI+ science support,https://www.usaspending.gov/award/CONT_AWD_80MSFC23F0165_8000_80MSFC20D0004_8000/
80MSFC23F0165,2025,2,0.0,125000.00,False,080-0120,"Science, National Aeronautics and Space Administration",The Johns Hopkins University Applied Physics Laboratory LLC,4eae43e5-e1f1-0e77-b2fe-09a12a9a552c-C,DAVINCI+ science support,https://www.usaspending.gov/award/CONT_AWD_80MSFC23F0165_8000_80MSFC20D0004_8000/
80MSFC23F0165,2025,2,30117.52,0.0,False,080-0120,"Science, National Aeronautics and Space Administration",The Johns Hopkins University Applied Physics Laboratory LLC,4eae43e5-e1f1-0e77-b2fe-09a12a9a552c-C,DAVINCI+ science support,https://www.usaspending.gov/award/CONT_AWD_80MSFC23F0165_8000_80MSFC20D0004_8000/
80MSFC23F0165,2024,12,126334.59,0.0,False,080-0120,"Science, National Aeronautics and Space Administration",The Johns Hopkins University Applied Physics Laboratory LLC,4eae43e5-e1f1-0e77-b2fe-09a12a9a552c-C,DAVINCI+ science support,https://www.usaspending.gov/award/CONT_AWD_80MSFC23F0165_8000_80MSFC20D0004_8000/
80MSFC23F0165,2024,12,40000.00,0.0,False,080-0120,"Science, National Aeronautics and Space Administration",The Johns Hopkins University Applied Physics Laboratory LLC,4eae43e5-e1f1-0e77-b2fe-09a12a9a552c-C,DAVINCI+ science support,https://www.usaspending.gov/award/CONT_AWD_80MSFC23F0165_8000_80MSFC20D0004_8000/
80MSFC23F0165,2024,12,0.0,75000.00,False,080-0120,"Science, National Aeronautics and Space Administration",The Johns Hopkins University Applied Physics Laboratory LLC,4eae43e5-e1f1-0e77-b2fe-09a12a9a552c-C,DAVINCI+ science support,https://www.usaspending.gov/award/CONT_AWD_80MSFC23F0165_8000_80MSFC20D0004_8000/
80MSFC23F0165,2024,11,106854.21,0.0,False,080-0120,"Science, National Aeronautics and Space Administration",The Johns Hopkins University Applied Physics Laboratory LLC,4eae43e5-e1f1-0e77-b2fe-09a12a9a552c-C,DAVINCI+ science support,https://www.usaspending.gov/award/CONT_AWD_80MSFC23F0165_8000_80MSFC20D0004_8000/
80MSFC23F0165,2024,11,40000.00,0.0,False,080-0120,"Science, National Aeronautics and Space Administration",The Johns Hopkins University Applied Physics Laboratory LLC,4eae43e5-e1f1-0e77-b2fe-09a12a9a552c-C,DAVINCI+ science support,https://www.usaspending.gov/award/CONT_AWD_80MSFC23F0165_8000_80MSFC20D0004_8000/
80MSFC23F0165,2024,10,90463.96,0.0,False,080-0120,"Science, National Aeronautics and Space Administration",The Johns Hopkins University Applied Physics Laboratory LLC,4eae43e5-e1f1-0e77-b2fe-09a12a9a552c-C,DAVINCI+ science support,https://www.usaspending.gov/award/CONT_AWD_80MSFC23F0165_8000_80MSFC20D0004_8000/
80MSFC23F0165,2024,10,40000.00,0.0,False,080-0120,"Science, National Aeronautics and Space Administration",The Johns Hopkins University Applied Physics Laboratory LLC,4eae43e5-e1f1-0e77-b2fe-09a12a9a552c-C,DAVINCI+ science support,https://www.usaspending.gov/award/CONT_AWD_80MSFC23F0165_8000_80MSFC20D0004_8000/
80MSFC23F0165,2024,9,40000.00,0.0,False,080-0120,"Science, National Aeronautics and Space Administration",The Johns Hopkins University Applied Physics Laboratory LLC,4eae43e5-e1f1-0e77-b2fe-09a12a9a552c-C,DAVINCI+ science support,https://www.usaspending.gov/award/CONT_AWD_80MSFC23F0165_8000_80MSFC20D0004_8000/
80MSFC23F0165,2024,9,68665.16,0.0,False,080-0120,"Science, National Aeronautics and Space Administration",The Johns Hopkins University Applied Physics Laboratory LLC,4eae43e5-e1f1-0e77-b2fe-09a12a9a552c-C,DAVINCI+ science support,https://www.usaspending.gov/award/CONT_AWD_80MSFC23F0165_8000_80MSFC20D0004_8000/
80MSFC23F0165,2024,8,40000.00,0.0,False,080-0120,"Science, National Aeronautics and Space Administration",The Johns Hopkins University Applied Physics Laboratory LLC,4eae43e5-e1f1-0e77-b2fe-09a12a9a552c-C,DAVINCI+ science support,https://www.usaspending.gov/award/CONT_AWD_80MSFC23F0165_8000_80MSFC20D0004_8000/
80MSFC23F0165,2024,8,54377.16,0.0,False,080-0120,"Science, National Aeronautics and Space Administration",The Johns Hopkins University Applied Physics Laboratory LLC,4eae43e5-e1f1-0e77-b2fe-09a12a9a552c-C,DAVINCI+ science support,https://www.usaspending.gov/award/CONT_AWD_80MSFC23F0165_8000_80MSFC20D0004_8000/
80MSFC23F0165,2024,7,40000.00,0.0,False,080-0120,"Science, National Aeronautics and Space Administration",The Johns Hopkins University Applied Physics Laboratory LLC,4eae43e5-e1f1-0e77-b2fe-09a12a9a552c-C,DAVINCI+ science support,https://www.usaspending.gov/award/CONT_AWD_80MSFC23F0165_8000_80MSFC20D0004_8000/
80MSFC23F0165,2024,7,36135.16,0.0,False,080-0120,"Science, National Aeronautics and Space Administration",The Johns Hopkins University Applied Physics Laboratory LLC,4eae43e5-e1f1-0e77-b2fe-09a12a9a552c-C,DAVINCI+ science support,https://www.usaspending.gov/award/CONT_AWD_80MSFC23F0165_8000_80MSFC20D0004_8000/
80MSFC23F0165,2024,6,40000.00,0.0,False,080-0120,"Science, National Aeronautics and Space Administration",The Johns Hopkins University Applied Physics Laboratory LLC,4eae43e5-e1f1-0e77-b2fe-09a12a9a552c-C,DAVINCI+ science support,https://www.usaspending.gov/award/CONT_AWD_80MSFC23F0165_8000_80MSFC20D0004_8000/
80MSFC23F0165,2024,6,5264.32,0.0,False,080-0120,"Science, National Aeronautics and Space Administration",The Johns Hopkins University Applied Physics Laboratory LLC,4eae43e5-e1f1-0e77-b2fe-09a12a9a552c-C,DAVINCI+ science support,https://www.usaspending.gov/award/CONT_AWD_80MSFC23F0165_8000_80MSFC20D0004_8000/
80MSFC23F0165,2024,5,24425.11,0.0,False,080-0120,"Science, National Aeronautics and Space Administration",The Johns Hopkins University Applied Physics Laboratory LLC,4eae43e5-e1f1-0e77-b2fe-09a12a9a552c-C,DAVINCI+ science support,https://www.usaspending.gov/award/CONT_AWD_80MSFC23F0165_8000_80MSFC20D0004_8000/
80MSFC23F0165,2024,5,0.0,110694.00,False,080-0120,"Science, National Aeronautics and Space Administration",The Johns Hopkins University Applied Physics Laboratory LLC,4eae43e5-e1f1-0e77-b2fe-09a12a9a552c-C,DAVINCI+ science support,https://www.usaspending.gov/award/CONT_AWD_80MSFC23F0165_8000_80MSFC20D0004_8000/
80MSFC23F0165,2024,4,15508.86,0.0,False,080-0120,"Science, National Aeronautics and Space Administration",The Johns Hopkins University Applied Physics Laboratory LLC,4eae43e5-e1f1-0e77-b2fe-09a12a9a552c-C,DAVINCI+ science support,https://www.usaspending.gov/award/CONT_AWD_80MSFC23F0165_8000_80MSFC20D0004_8000/
80MSFC23F0165,2024,3,8276.40,0.0,False,080-0120,"Science, National Aeronautics and Space Administration",The Johns Hopkins University Applied Physics Laboratory LLC,4eae43e5-e1f1-0e77-b2fe-09a12a9a552c-C,DAVINCI+ science support,https://www.usaspending.gov/award/CONT_AWD_80MSFC23F0165_8000_80MSFC20D0004_8000/
80MSFC23F0165,2024,2,0.0,70000.00,False,080-0120,"Science, National Aeronautics and Space Administration",The Johns Hopkins University Applied Physics Laboratory LLC,4eae43e5-e1f1-0e77-b2fe-09a12a9a552c-C,DAVINCI+ science support,https://www.usaspending.gov/award/CONT_AWD_80MSFC23F0165_8000_80MSFC20D0004_8000/
80MSFC23F0165,2023,12,0.0,40000.00,False,080-0120,"Science, National Aeronautics and Space Administration",The Johns Hopkins University Applied Physics Laboratory LLC,4eae43e5-e1f1-0e77-b2fe-09a12a9a552c-C,DAVINCI+ science support,https://www.usaspending.gov/award/CONT_AWD_80MSFC23F0165_8000_80MSFC20D0004_8000/
80NM0021F0040,2026,5,447801.19,0.0,False,080-0120,"Science, National Aeronautics and Space Administration",California Institute of Technology,6e76fa33-2d96-c636-941c-bca1997db076-C,"JPL support of deep atmosphere Venus investigation of noble gases, chemistry, and imaging plus (DAVINCI+) project phase b (40-109970)",https://www.usaspending.gov/award/CONT_AWD_80NM0021F0040_8000_80NM0018D0004_8000/
80NM0021F0040,2026,5,1168581.31,0.0,False,080-0120,"Science, National Aeronautics and Space Administration",California Institute of Technology,6e76fa33-2d96-c636-941c-bca1997db076-C,"JPL support of deep atmosphere Venus investigation of noble gases, chemistry, and imaging plus (DAVINCI+) project phase b (40-109970)",https://www.usaspending.gov/award/CONT_AWD_80NM0021F0040_8000_80NM0018D0004_8000/
80NM0021F0040,2026,4,1134296.92,0.0,False,080-0120,"Science, National Aeronautics and Space Administration",California Institute of Technology,6e76fa33-2d96-c636-941c-bca1997db076-C,"JPL support of deep atmosphere Venus investigation of noble gases, chemistry, and imaging plus (DAVINCI+) project phase b (40-109970)",https://www.usaspending.gov/award/CONT_AWD_80NM0021F0040_8000_80NM0018D0004_8000/
80NM0021F0040,2026,3,0.0,2363833.00,False,080-0120,"Science, National Aeronautics and Space Administration",California Institute of Technology,6e76fa33-2d96-c636-941c-bca1997db076-C,"JPL support of deep atmosphere Venus investigation of noble gases, chemistry, and imaging plus (DAVINCI+) project phase b (40-109970)",https://www.usaspending.gov/award/CONT_AWD_80NM0021F0040_8000_80NM0018D0004_8000/
80NM0021F0040,2026,3,898273.77,0.0,False,080-0120,"Science, National Aeronautics and Space Administration",California Institute of Technology,6e76fa33-2d96-c636-941c-bca1997db076-C,"JPL support of deep atmosphere Venus investigation of noble gases, chemistry, and imaging plus (DAVINCI+) project phase b (40-109970)",https://www.usaspending.gov/award/CONT_AWD_80NM0021F0040_8000_80NM0018D0004_8000/
80NM0021F0040,2026,2,620925.64,0.0,False,080-0120,"Science, National Aeronautics and Space Administration",California Institute of Technology,6e76fa33-2d96-c636-941c-bca1997db076-C,"JPL support of deep atmosphere Venus investigation of noble gases, chemistry, and imaging plus (DAVINCI+) project phase b (40-109970)",https://www.usaspending.gov/award/CONT_AWD_80NM0021F0040_8000_80NM0018D0004_8000/
80NM0021F0040,2025,12,315477.30,0.0,False,080-0120,"Science, National Aeronautics and Space Administration",California Institute of Technology,6e76fa33-2d96-c636-941c-bca1997db076-C,"JPL support of deep atmosphere Venus investigation of noble gases, chemistry, and imaging plus (DAVINCI+) project phase b (40-109970)",https://www.usaspending.gov/award/CONT_AWD_80NM0021F0040_8000_80NM0018D0004_8000/
80NM0021F0040,2025,12,3531418.69,0.0,False,080-0120,"Science, National Aeronautics and Space Administration",California Institute of Technology,6e76fa33-2d96-c636-941c-bca1997db076-C,"JPL support of deep atmosphere Venus investigation of noble gases, chemistry, and imaging plus (DAVINCI+) project phase b (40-109970)",https://www.usaspending.gov/award/CONT_AWD_80NM0021F0040_8000_80NM0018D0004_8000/
80NM0021F0040,2025,11,315477.30,0.0,False,080-0120,"Science, National Aeronautics and Space Administration",California Institute of Technology,6e76fa33-2d96-c636-941c-bca1997db076-C,"JPL support of deep atmosphere Venus investigation of noble gases, chemistry, and imaging plus (DAVINCI+) project phase b (40-109970)",https://www.usaspending.gov/award/CONT_AWD_80NM0021F0040_8000_80NM0018D0004_8000/
80NM0021F0040,2025,11,3161627.70,0.0,False,080-0120,"Science, National Aeronautics and Space Administration",California Institute of Technology,6e76fa33-2d96-c636-941c-bca1997db076-C,"JPL support of deep atmosphere Venus investigation of noble gases, chemistry, and imaging plus (DAVINCI+) project phase b (40-109970)",https://www.usaspending.gov/award/CONT_AWD_80NM0021F0040_8000_80NM0018D0004_8000/
80NM0021F0040,2025,10,315477.30,0.0,False,080-0120,"Science, National Aeronautics and Space Administration",California Institute of Technology,6e76fa33-2d96-c636-941c-bca1997db076-C,"JPL support of deep atmosphere Venus investigation of noble gases, chemistry, and imaging plus (DAVINCI+) project phase b (40-109970)",https://www.usaspending.gov/award/CONT_AWD_80NM0021F0040_8000_80NM0018D0004_8000/
80NM0021F0040,2025,10,2826336.10,0.0,False,080-0120,"Science, National Aeronautics and Space Administration",California Institute of Technology,6e76fa33-2d96-c636-941c-bca1997db076-C,"JPL support of deep atmosphere Venus investigation of noble gases, chemistry, and imaging plus (DAVINCI+) project phase b (40-109970)",https://www.usaspending.gov/award/CONT_AWD_80NM0021F0040_8000_80NM0018D0004_8000/
80NM0021F0040,2025,9,0.0,500000.00,False,080-0120,"Science, National Aeronautics and Space Administration",California Institute of Technology,6e76fa33-2d96-c636-941c-bca1997db076-C,"JPL support of deep atmosphere Venus investigation of noble gases, chemistry, and imaging plus (DAVINCI+) project phase b (40-109970)",https://www.usaspending.gov/award/CONT_AWD_80NM0021F0040_8000_80NM0018D0004_8000/
80NM0021F0040,2025,9,315477.30,0.0,False,080-0120,"Science, National Aeronautics and Space Administration",California Institute of Technology,6e76fa33-2d96-c636-941c-bca1997db076-C,"JPL support of deep atmosphere Venus investigation of noble gases, chemistry, and imaging plus (DAVINCI+) project phase b (40-109970)",https://www.usaspending.gov/award/CONT_AWD_80NM0021F0040_8000_80NM0018D0004_8000/
80NM0021F0040,2025,9,0.0,953164.00,False,080-0120,"Science, National Aeronautics and Space Administration",California Institute of Technology,6e76fa33-2d96-c636-941c-bca1997db076-C,"JPL support of deep atmosphere Venus investigation of noble gases, chemistry, and imaging plus (DAVINCI+) project phase b (40-109970)",https://www.usaspending.gov/award/CONT_AWD_80NM0021F0040_8000_80NM0018D0004_8000/
80NM0021F0040,2025,9,2615630.87,0.0,False,080-0120,"Science, National Aeronautics and Space Administration",California Institute of Technology,6e76fa33-2d96-c636-941c-bca1997db076-C,"JPL support of deep atmosphere Venus investigation of noble gases, chemistry, and imaging plus (DAVINCI+) project phase b (40-109970)",https://www.usaspending.gov/award/CONT_AWD_80NM0021F0040_8000_80NM0018D0004_8000/
80NM0021F0040,2025,8,315477.30,0.0,False,080-0120,"Science, National Aeronautics and Space Administration",California Institute of Technology,6e76fa33-2d96-c636-941c-bca1997db076-C,"JPL support of deep atmosphere Venus investigation of noble gases, chemistry, and imaging plus (DAVINCI+) project phase b (40-109970)",https://www.usaspending.gov/award/CONT_AWD_80NM0021F0040_8000_80NM0018D0004_8000/
80NM0021F0040,2025,8,2336784.65,0.0,False,080-0120,"Science, National Aeronautics and Space Administration",California Institute of Technology,6e76fa33-2d96-c636-941c-bca1997db076-C,"JPL support of deep atmosphere Venus investigation of noble gases, chemistry, and imaging plus (DAVINCI+) project phase b (40-109970)",https://www.usaspending.gov/award/CONT_AWD_80NM0021F0040_8000_80NM0018D0004_8000/
80NM0021F0040,2025,7,315477.30,0.0,False,080-0120,"Science, National Aeronautics and Space Administration",California Institute of Technology,6e76fa33-2d96-c636-941c-bca1997db076-C,"JPL support of deep atmosphere Venus investigation of noble gases, chemistry, and imaging plus (DAVINCI+) project phase b (40-109970)",https://www.usaspending.gov/award/CONT_AWD_80NM0021F0040_8000_80NM0018D0004_8000/
80NM0021F0040,2025,7,1933586.32,0.0,False,080-0120,"Science, National Aeronautics and Space Administration",California Institute of Technology,6e76fa33-2d96-c636-941c-bca1997db076-C,"JPL support of deep atmosphere Venus investigation of noble gases, chemistry, and imaging plus (DAVINCI+) project phase b (40-109970)",https://www.usaspending.gov/award/CONT_AWD_80NM0021F0040_8000_80NM0018D0004_8000/
80NM0021F0040,2025,6,315477.30,0.0,False,080-0120,"Science, National Aeronautics and Space Administration",California Institute of Technology,6e76fa33-2d96-c636-941c-bca1997db076-C,"JPL support of deep atmosphere Venus investigation of noble gases, chemistry, and imaging plus (DAVINCI+) project phase b (40-109970)",https://www.usaspending.gov/award/CONT_AWD_80NM0021F0040_8000_80NM0018D0004_8000/
80NM0021F0040,2025,6,1479794.90,0.0,False,080-0120,"Science, National Aeronautics and Space Administration",California Institute of Technology,6e76fa33-2d96-c636-941c-bca1997db076-C,"JPL support of deep atmosphere Venus investigation of noble gases, chemistry, and imaging plus (DAVINCI+) project phase b (40-109970)",https://www.usaspending.gov/award/CONT_AWD_80NM0021F0040_8000_80NM0018D0004_8000/
80NM0021F0040,2025,5,993964.19,0.0,False,080-0120,"Science, National Aeronautics and Space Administration",California Institute of Technology,6e76fa33-2d96-c636-941c-bca1997db076-C,"JPL support of deep atmosphere Venus investigation of noble gases, chemistry, and imaging plus (DAVINCI+) project phase b (40-109970)",https://www.usaspending.gov/award/CONT_AWD_80NM0021F0040_8000_80NM0018D0004_8000/
80NM0021F0040,2025,5,315477.30,0.0,False,080-0120,"Science, National Aeronautics and Space Administration",California Institute of Technology,6e76fa33-2d96-c636-941c-bca1997db076-C,"JPL support of deep atmosphere Venus investigation of noble gases, chemistry, and imaging plus (DAVINCI+) project phase b (40-109970)",https://www.usaspending.gov/award/CONT_AWD_80NM0021F0040_8000_80NM0018D0004_8000/
80NM0021F0040,2025,4,315477.30,0.0,False,080-0120,"Science, National Aeronautics and Space Administration",California Institute of Technology,6e76fa33-2d96-c636-941c-bca1997db076-C,"JPL support of deep atmosphere Venus investigation of noble gases, chemistry, and imaging plus (DAVINCI+) project phase b (40-109970)",https://www.usaspending.gov/award/CONT_AWD_80NM0021F0040_8000_80NM0018D0004_8000/
80NM0021F0040,2025,4,0.0,831836.00,False,080-0120,"Science, National Aeronautics and Space Administration",California Institute of Technology,6e76fa33-2d96-c636-941c-bca1997db076-C,"JPL support of deep atmosphere Venus investigation of noble gases, chemistry, and imaging plus (DAVINCI+) project phase b (40-109970)",https://www.usaspending.gov/award/CONT_AWD_80NM0021F0040_8000_80NM0018D0004_8000/
80NM0021F0040,2025,4,679834.59,0.0,False,080-0120,"Science, National Aeronautics and Space Administration",California Institute of Technology,6e76fa33-2d96-c636-941c-bca1997db076-C,"JPL support of deep atmosphere Venus investigation of noble gases, chemistry, and imaging plus (DAVINCI+) project phase b (40-109970)",https://www.usaspending.gov/award/CONT_AWD_80NM0021F0040_8000_80NM0018D0004_8000/
80NM0021F0040,2025,3,315477.30,0.0,False,080-0120,"Science, National Aeronautics and Space Administration",California Institute of Technology,6e76fa33-2d96-c636-941c-bca1997db076-C,"JPL support of deep atmosphere Venus investigation of noble gases, chemistry, and imaging plus (DAVINCI+) project phase b (40-109970)",https://www.usaspending.gov/award/CONT_AWD_80NM0021F0040_8000_80NM0018D0004_8000/
80NM0021F0040,2025,3,469840.28,0.0,False,080-0120,"Science, National Aeronautics and Space Administration",California Institute of Technology,6e76fa33-2d96-c636-941c-bca1997db076-C,"JPL support of deep atmosphere Venus investigation of noble gases, chemistry, and imaging plus (DAVINCI+) project phase b (40-109970)",https://www.usaspending.gov/award/CONT_AWD_80NM0021F0040_8000_80NM0018D0004_8000/
80NM0021F0040,2025,2,0.0,2415000.00,False,080-0120,"Science, National Aeronautics and Space Administration",California Institute of Technology,6e76fa33-2d96-c636-941c-bca1997db076-C,"JPL support of deep atmosphere Venus investigation of noble gases, chemistry, and imaging plus (DAVINCI+) project phase b (40-109970)",https://www.usaspending.gov/award/CONT_AWD_80NM0021F0040_8000_80NM0018D0004_8000/
80NM0021F0040,2025,2,106791.46,0.0,False,080-0120,"Science, National Aeronautics and Space Administration",California Institute of Technology,6e76fa33-2d96-c636-941c-bca1997db076-C,"JPL support of deep atmosphere Venus investigation of noble gases, chemistry, and imaging plus (DAVINCI+) project phase b (40-109970)",https://www.usaspending.gov/award/CONT_AWD_80NM0021F0040_8000_80NM0018D0004_8000/
80NM0021F0040,2025,2,315477.30,0.0,False,080-0120,"Science, National Aeronautics and Space Administration",California Institute of Technology,6e76fa33-2d96-c636-941c-bca1997db076-C,"JPL support of deep atmosphere Venus investigation of noble gases, chemistry, and imaging plus (DAVINCI+) project phase b (40-109970)",https://www.usaspending.gov/award/CONT_AWD_80NM0021F0040_8000_80NM0018D0004_8000/
80NM0021F0040,2024,12,2009522.70,0.0,False,080-0120,"Science, National Aeronautics and Space Administration",California Institute of Technology,6e76fa33-2d96-c636-941c-bca1997db076-C,"JPL support of deep atmosphere Venus investigation of noble gases, chemistry, and imaging plus (DAVINCI+) project phase b (40-109970)",https://www.usaspending.gov/award/CONT_AWD_80NM0021F0040_8000_80NM0018D0004_8000/
80NM0021F0040,2024,12,214839.31,0.0,False,080-0120,"Science, National Aeronautics and Space Administration",California Institute of Technology,6e76fa33-2d96-c636-941c-bca1997db076-C,"JPL support of deep atmosphere Venus investigation of noble gases, chemistry, and imaging plus (DAVINCI+) project phase b (40-109970)",https://www.usaspending.gov/award/CONT_AWD_80NM0021F0040_8000_80NM0018D0004_8000/
80NM0021F0040,2024,11,1724798.93,0.0,False,080-0120,"Science, National Aeronautics and Space Administration",California Institute of Technology,6e76fa33-2d96-c636-941c-bca1997db076-C,"JPL support of deep atmosphere Venus investigation of noble gases, chemistry, and imaging plus (DAVINCI+) project phase b (40-109970)",https://www.usaspending.gov/award/CONT_AWD_80NM0021F0040_8000_80NM0018D0004_8000/
80NM0021F0040,2024,11,214839.31,0.0,False,080-0120,"Science, National Aeronautics and Space Administration",California Institute of Technology,6e76fa33-2d96-c636-941c-bca1997db076-C,"JPL support of deep atmosphere Venus investigation of noble gases, chemistry, and imaging plus (DAVINCI+) project phase b (40-109970)",https://www.usaspending.gov/award/CONT_AWD_80NM0021F0040_8000_80NM0018D0004_8000/
80NM0021F0040,2024,10,214839.31,0.0,False,080-0120,"Science, National Aeronautics and Space Administration",California Institute of Technology,6e76fa33-2d96-c636-941c-bca1997db076-C,"JPL support of deep atmosphere Venus investigation of noble gases, chemistry, and imaging plus (DAVINCI+) project phase b (40-109970)",https://www.usaspending.gov/award/CONT_AWD_80NM0021F0040_8000_80NM0018D0004_8000/
80NM0021F0040,2024,10,1417584.10,0.0,False,080-0120,"Science, National Aeronautics and Space Administration",California Institute of Technology,6e76fa33-2d96-c636-941c-bca1997db076-C,"JPL support of deep atmosphere Venus investigation of noble gases, chemistry, and imaging plus (DAVINCI+) project phase b (40-109970)",https://www.usaspending.gov/award/CONT_AWD_80NM0021F0040_8000_80NM0018D0004_8000/
80NM0021F0040,2024,9,0.0,195000.00,False,080-0120,"Science, National Aeronautics and Space Administration",California Institute of Technology,6e76fa33-2d96-c636-941c-bca1997db076-C,"JPL support of deep atmosphere Venus investigation of noble gases, chemistry, and imaging plus (DAVINCI+) project phase b (40-109970)",https://www.usaspending.gov/award/CONT_AWD_80NM0021F0040_8000_80NM0018D0004_8000/
80NM0021F0040,2024,9,214839.31,0.0,False,080-0120,"Science, National Aeronautics and Space Administration",California Institute of Technology,6e76fa33-2d96-c636-941c-bca1997db076-C,"JPL support of deep atmosphere Venus investigation of noble gases, chemistry, and imaging plus (DAVINCI+) project phase b (40-109970)",https://www.usaspending.gov/award/CONT_AWD_80NM0021F0040_8000_80NM0018D0004_8000/
80NM0021F0040,2024,9,1237017.43,0.0,False,080-0120,"Science, National Aeronautics and Space Administration",California Institute of Technology,6e76fa33-2d96-c636-941c-bca1997db076-C,"JPL support of deep atmosphere Venus investigation of noble gases, chemistry, and imaging plus (DAVINCI+) project phase b (40-109970)",https://www.usaspending.gov/award/CONT_AWD_80NM0021F0040_8000_80NM0018D0004_8000/
80NM0021F0040,2024,8,214839.31,0.0,False,080-0120,"Science, National Aeronautics and Space Administration",California Institute of Technology,6e76fa33-2d96-c636-941c-bca1997db076-C,"JPL support of deep atmosphere Venus investigation of noble gases, chemistry, and imaging plus (DAVINCI+) project phase b (40-109970)",https://www.usaspending.gov/award/CONT_AWD_80NM0021F0040_8000_80NM0018D0004_8000/
80NM0021F0040,2024,8,1062884.59,0.0,False,080-0120,"Science, National Aeronautics and Space Administration",California Institute of Technology,6e76fa33-2d96-c636-941c-bca1997db076-C,"JPL support of deep atmosphere Venus investigation of noble gases, chemistry, and imaging plus (DAVINCI+) project phase b (40-109970)",https://www.usaspending.gov/award/CONT_AWD_80NM0021F0040_8000_80NM0018D0004_8000/
80NM0021F0040,2024,7,214839.31,0.0,False,080-0120,"Science, National Aeronautics and Space Administration",California Institute of Technology,6e76fa33-2d96-c636-941c-bca1997db076-C,"JPL support of deep atmosphere Venus investigation of noble gases, chemistry, and imaging plus (DAVINCI+) project phase b (40-109970)",https://www.usaspending.gov/award/CONT_AWD_80NM0021F0040_8000_80NM0018D0004_8000/
80NM0021F0040,2024,7,924690.01,0.0,False,080-0120,"Science, National Aeronautics and Space Administration",California Institute of Technology,6e76fa33-2d96-c636-941c-bca1997db076-C,"JPL support of deep atmosphere Venus investigation of noble gases, chemistry, and imaging plus (DAVINCI+) project phase b (40-109970)",https://www.usaspending.gov/award/CONT_AWD_80NM0021F0040_8000_80NM0018D0004_8000/
80NM0021F0040,2024,6,214839.31,0.0,False,080-0120,"Science, National Aeronautics and Space Administration",California Institute of Technology,6e76fa33-2d96-c636-941c-bca1997db076-C,"JPL support of deep atmosphere Venus investigation of noble gases, chemistry, and imaging plus (DAVINCI+) project phase b (40-109970)",https://www.usaspending.gov/award/CONT_AWD_80NM0021F0040_8000_80NM0018D0004_8000/
80NM0021F0040,2024,6,769287.22,0.0,False,080-0120,"Science, National Aeronautics and Space Administration",California Institute of Technology,6e76fa33-2d96-c636-941c-bca1997db076-C,"JPL support of deep atmosphere Venus investigation of noble gases, chemistry, and imaging plus (DAVINCI+) project phase b (40-109970)",https://www.usaspending.gov/award/CONT_AWD_80NM0021F0040_8000_80NM0018D0004_8000/
80NM0021F0040,2024,5,603946.55,0.0,False,080-0120,"Science, National Aeronautics and Space Administration",California Institute of Technology,6e76fa33-2d96-c636-941c-bca1997db076-C,"JPL support of deep atmosphere Venus investigation of noble gases, chemistry, and imaging plus (DAVINCI+) project phase b (40-109970)",https://www.usaspending.gov/award/CONT_AWD_80NM0021F0040_8000_80NM0018D0004_8000/
80NM0021F0040,2024,5,214839.31,0.0,False,080-0120,"Science, National Aeronautics and Space Administration",California Institute of Technology,6e76fa33-2d96-c636-941c-bca1997db076-C,"JPL support of deep atmosphere Venus investigation of noble gases, chemistry, and imaging plus (DAVINCI+) project phase b (40-109970)",https://www.usaspending.gov/award/CONT_AWD_80NM0021F0040_8000_80NM0018D0004_8000/
80NM0021F0040,2024,5,0.0,318000.00,False,080-0120,"Science, National Aeronautics and Space Administration",California Institute of Technology,6e76fa33-2d96-c636-941c-bca1997db076-C,"JPL support of deep atmosphere Venus investigation of noble gases, chemistry, and imaging plus (DAVINCI+) project phase b (40-109970)",https://www.usaspending.gov/award/CONT_AWD_80NM0021F0040_8000_80NM0018D0004_8000/
80NM0021F0040,2024,4,214839.31,0.0,False,080-0120,"Science, National Aeronautics and Space Administration",California Institute of Technology,6e76fa33-2d96-c636-941c-bca1997db076-C,"JPL support of deep atmosphere Venus investigation of noble gases, chemistry, and imaging plus (DAVINCI+) project phase b (40-109970)",https://www.usaspending.gov/award/CONT_AWD_80NM0021F0040_8000_80NM0018D0004_8000/
80NM0021F0040,2024,4,434776.33,0.0,False,080-0120,"Science, National Aeronautics and Space Administration",California Institute of Technology,6e76fa33-2d96-c636-941c-bca1997db076-C,"JPL support of deep atmosphere Venus investigation of noble gases, chemistry, and imaging plus (DAVINCI+) project phase b (40-109970)",https://www.usaspending.gov/award/CONT_AWD_80NM0021F0040_8000_80NM0018D0004_8000/
80NM0021F0040,2024,3,214839.31,0.0,False,080-0120,"Science, National Aeronautics and Space Administration",California Institute of Technology,6e76fa33-2d96-c636-941c-bca1997db076-C,"JPL support of deep atmosphere Venus investigation of noble gases, chemistry, and imaging plus (DAVINCI+) project phase b (40-109970)",https://www.usaspending.gov/award/CONT_AWD_80NM0021F0040_8000_80NM0018D0004_8000/
80NM0021F0040,2024,3,282478.00,0.0,False,080-0120,"Science, National Aeronautics and Space Administration",California Institute of Technology,6e76fa33-2d96-c636-941c-bca1997db076-C,"JPL support of deep atmosphere Venus investigation of noble gases, chemistry, and imaging plus (DAVINCI+) project phase b (40-109970)",https://www.usaspending.gov/award/CONT_AWD_80NM0021F0040_8000_80NM0018D0004_8000/
80NM0021F0040,2024,2,131502.05,0.0,False,080-0120,"Science, National Aeronautics and Space Administration",California Institute of Technology,6e76fa33-2d96-c636-941c-bca1997db076-C,"JPL support of deep atmosphere Venus investigation of noble gases, chemistry, and imaging plus (DAVINCI+) project phase b (40-109970)",https://www.usaspending.gov/award/CONT_AWD_80NM0021F0040_8000_80NM0018D0004_8000/
80NM0021F0040,2024,2,0.0,1812000.00,False,080-0120,"Science, National Aeronautics and Space Administration",California Institute of Technology,6e76fa33-2d96-c636-941c-bca1997db076-C,"JPL support of deep atmosphere Venus investigation of noble gases, chemistry, and imaging plus (DAVINCI+) project phase b (40-109970)",https://www.usaspending.gov/award/CONT_AWD_80NM0021F0040_8000_80NM0018D0004_8000/
80NM0021F0040,2024,2,214839.31,0.0,False,080-0120,"Science, National Aeronautics and Space Administration",California Institute of Technology,6e76fa33-2d96-c636-941c-bca1997db076-C,"JPL support of deep atmosphere Venus investigation of noble gases, chemistry, and imaging plus (DAVINCI+) project phase b (40-109970)",https://www.usaspending.gov/award/CONT_AWD_80NM0021F0040_8000_80NM0018D0004_8000/
80NM0021F0040,2023,12,1442160.69,0.0,False,080-0120,"Science, National Aeronautics and Space Administration",California Institute of Technology,6e76fa33-2d96-c636-941c-bca1997db076-C,"JPL support of deep atmosphere Venus investigation of noble gases, chemistry, and imaging plus (DAVINCI+) project phase b (40-109970)",https://www.usaspending.gov/award/CONT_AWD_80NM0021F0040_8000_80NM0018D0004_8000/
80NM0021F0040,2023,12,268289.20,0.0,False,080-0120,"Science, National Aeronautics and Space Administration",California Institute of Technology,6e76fa33-2d96-c636-941c-bca1997db076-C,"JPL support of deep atmosphere Venus investigation of noble gases, chemistry, and imaging plus (DAVINCI+) project phase b (40-109970)",https://www.usaspending.gov/award/CONT_AWD_80NM0021F0040_8000_80NM0018D0004_8000/
80NM0021F0040,2023,11,268289.20,0.0,False,080-0120,"Science, National Aeronautics and Space Administration",California Institute of Technology,6e76fa33-2d96-c636-941c-bca1997db076-C,"JPL support of deep atmosphere Venus investigation of noble gases, chemistry, and imaging plus (DAVINCI+) project phase b (40-109970)",https://www.usaspending.gov/award/CONT_AWD_80NM0021F0040_8000_80NM0018D0004_8000/
80NM0021F0040,2023,11,1297786.20,0.0,False,080-0120,"Science, National Aeronautics and Space Administration",California Institute of Technology,6e76fa33-2d96-c636-941c-bca1997db076-C,"JPL support of deep atmosphere Venus investigation of noble gases, chemistry, and imaging plus (DAVINCI+) project phase b (40-109970)",https://www.usaspending.gov/award/CONT_AWD_80NM0021F0040_8000_80NM0018D0004_8000/
80NM0021F0040,2023,11,0.0,181341.00,False,080-0120,"Science, National Aeronautics and Space Administration",California Institute of Technology,6e76fa33-2d96-c636-941c-bca1997db076-C,"JPL support of deep atmosphere Venus investigation of noble gases, chemistry, and imaging plus (DAVINCI+) project phase b (40-109970)",https://www.usaspending.gov/award/CONT_AWD_80NM0021F0040_8000_80NM0018D0004_8000/
80NM0021F0040,2023,10,1132588.97,0.0,False,080-0120,"Science, National Aeronautics and Space Administration",California Institute of Technology,6e76fa33-2d96-c636-941c-bca1997db076-C,"JPL support of deep atmosphere Venus investigation of noble gases, chemistry, and imaging plus (DAVINCI+) project phase b (40-109970)",https://www.usaspending.gov/award/CONT_AWD_80NM0021F0040_8000_80NM0018D0004_8000/
80NM0021F0040,2023,10,268289.20,0.0,False,080-0120,"Science, National Aeronautics and Space Administration",California Institute of Technology,6e76fa33-2d96-c636-941c-bca1997db076-C,"JPL support of deep atmosphere Venus investigation of noble gases, chemistry, and imaging plus (DAVINCI+) project phase b (40-109970)",https://www.usaspending.gov/award/CONT_AWD_80NM0021F0040_8000_80NM0018D0004_8000/
80NM0021F0040,2023,9,268289.20,0.0,False,080-0120,"Science, National Aeronautics and Space Administration",California Institute of Technology,6e76fa33-2d96-c636-941c-bca1997db076-C,"JPL support of deep atmosphere Venus investigation of noble gases, chemistry, and imaging plus (DAVINCI+) project phase b (40-109970)",https://www.usaspending.gov/award/CONT_AWD_80NM0021F0040_8000_80NM0018D0004_8000/
80NM0021F0040,2023,9,1061767.79,0.0,False,080-0120,"Science, National Aeronautics and Space Administration",California Institute of Technology,6e76fa33-2d96-c636-941c-bca1997db076-C,"JPL support of deep atmosphere Venus investigation of noble gases, chemistry, and imaging plus (DAVINCI+) project phase b (40-109970)",https://www.usaspending.gov/award/CONT_AWD_80NM0021F0040_8000_80NM0018D0004_8000/
80NM0021F0040,2023,8,268289.20,0.0,False,080-0120,"Science, National Aeronautics and Space Administration",California Institute of Technology,6e76fa33-2d96-c636-941c-bca1997db076-C,"JPL support of deep atmosphere Venus investigation of noble gases, chemistry, and imaging plus (DAVINCI+) project phase b (40-109970)",https://www.usaspending.gov/award/CONT_AWD_80NM0021F0040_8000_80NM0018D0004_8000/
80NM0021F0040,2023,8,889629.55,0.0,False,080-0120,"Science, National Aeronautics and Space Administration",California Institute of Technology,6e76fa33-2d96-c636-941c-bca1997db076-C,"JPL support of deep atmosphere Venus investigation of noble gases, chemistry, and imaging plus (DAVINCI+) project phase b (40-109970)",https://www.usaspending.gov/award/CONT_AWD_80NM0021F0040_8000_80NM0018D0004_8000/
80NM0021F0040,2023,7,268289.20,0.0,False,080-0120,"Science, National Aeronautics and Space Administration",California Institute of Technology,6e76fa33-2d96-c636-941c-bca1997db076-C,"JPL support of deep atmosphere Venus investigation of noble gases, chemistry, and imaging plus (DAVINCI+) project phase b (40-109970)",https://www.usaspending.gov/award/CONT_AWD_80NM0021F0040_8000_80NM0018D0004_8000/
80NM0021F0040,2023,7,665391.65,0.0,False,080-0120,"Science, National Aeronautics and Space Administration",California Institute of Technology,6e76fa33-2d96-c636-941c-bca1997db076-C,"JPL support of deep atmosphere Venus investigation of noble gases, chemistry, and imaging plus (DAVINCI+) project phase b (40-109970)",https://www.usaspending.gov/award/CONT_AWD_80NM0021F0040_8000_80NM0018D0004_8000/
80NM0021F0040,2023,6,268289.20,0.0,False,080-0120,"Science, National Aeronautics and Space Administration",California Institute of Technology,6e76fa33-2d96-c636-941c-bca1997db076-C,"JPL support of deep atmosphere Venus investigation of noble gases, chemistry, and imaging plus (DAVINCI+) project phase b (40-109970)",https://www.usaspending.gov/award/CONT_AWD_80NM0021F0040_8000_80NM0018D0004_8000/
80NM0021F0040,2023,6,478776.70,0.0,False,080-0120,"Science, National Aeronautics and Space Administration",California Institute of Technology,6e76fa33-2d96-c636-941c-bca1997db076-C,"JPL support of deep atmosphere Venus investigation of noble gases, chemistry, and imaging plus (DAVINCI+) project phase b (40-109970)",https://www.usaspending.gov/award/CONT_AWD_80NM0021F0040_8000_80NM0018D0004_8000/
80NM0021F0040,2023,5,268289.20,0.0,False,080-0120,"Science, National Aeronautics and Space Administration",California Institute of Technology,6e76fa33-2d96-c636-941c-bca1997db076-C,"JPL support of deep atmosphere Venus investigation of noble gases, chemistry, and imaging plus (DAVINCI+) project phase b (40-109970)",https://www.usaspending.gov/award/CONT_AWD_80NM0021F0040_8000_80NM0018D0004_8000/
80NM0021F0040,2023,5,272023.16,0.0,False,080-0120,"Science, National Aeronautics and Space Administration",California Institute of Technology,6e76fa33-2d96-c636-941c-bca1997db076-C,"JPL support of deep atmosphere Venus investigation of noble gases, chemistry, and imaging plus (DAVINCI+) project phase b (40-109970)",https://www.usaspending.gov/award/CONT_AWD_80NM0021F0040_8000_80NM0018D0004_8000/
80NM0021F0040,2023,4,0.0,250000.00,False,080-0120,"Science, National Aeronautics and Space Administration",California Institute of Technology,6e76fa33-2d96-c636-941c-bca1997db076-C,"JPL support of deep atmosphere Venus investigation of noble gases, chemistry, and imaging plus (DAVINCI+) project phase b (40-109970)",https://www.usaspending.gov/award/CONT_AWD_80NM0021F0040_8000_80NM0018D0004_8000/
80NM0021F0040,2023,4,268289.20,0.0,False,080-0120,"Science, National Aeronautics and Space Administration",California Institute of Technology,6e76fa33-2d96-c636-941c-bca1997db076-C,"JPL support of deep atmosphere Venus investigation of noble gases, chemistry, and imaging plus (DAVINCI+) project phase b (40-109970)",https://www.usaspending.gov/award/CONT_AWD_80NM0021F0040_8000_80NM0018D0004_8000/
80NM0021F0040,2023,4,153325.41,0.0,False,080-0120,"Science, National Aeronautics and Space Administration",California Institute of Technology,6e76fa33-2d96-c636-941c-bca1997db076-C,"JPL support of deep atmosphere Venus investigation of noble gases, chemistry, and imaging plus (DAVINCI+) project phase b (40-109970)",https://www.usaspending.gov/award/CONT_AWD_80NM0021F0040_8000_80NM0018D0004_8000/
80NM0021F0040,2023,4,0.0,475659.00,False,080-0120,"Science, National Aeronautics and Space Administration",California Institute of Technology,6e76fa33-2d96-c636-941c-bca1997db076-C,"JPL support of deep atmosphere Venus investigation of noble gases, chemistry, and imaging plus (DAVINCI+) project phase b (40-109970)",https://www.usaspending.gov/award/CONT_AWD_80NM0021F0040_8000_80NM0018D0004_8000/
80NM0021F0040,2023,3,268289.20,0.0,False,080-0120,"Science, National Aeronautics and Space Administration",California Institute of Technology,6e76fa33-2d96-c636-941c-bca1997db076-C,"JPL support of deep atmosphere Venus investigation of noble gases, chemistry, and imaging plus (DAVINCI+) project phase b (40-109970)",https://www.usaspending.gov/award/CONT_AWD_80NM0021F0040_8000_80NM0018D0004_8000/
80NM0021F0040,2023,3,79887.14,0.0,False,080-0120,"Science, National Aeronautics and Space Administration",California Institute of Technology,6e76fa33-2d96-c636-941c-bca1997db076-C,"JPL support of deep atmosphere Venus investigation of noble gases, chemistry, and imaging plus (DAVINCI+) project phase b (40-109970)",https://www.usaspending.gov/award/CONT_AWD_80NM0021F0040_8000_80NM0018D0004_8000/
80NM0021F0040,2023,2,224414.98,0.0,False,080-0120,"Science, National Aeronautics and Space Administration",California Institute of Technology,6e76fa33-2d96-c636-941c-bca1997db076-C,"JPL support of deep atmosphere Venus investigation of noble gases, chemistry, and imaging plus (DAVINCI+) project phase b (40-109970)",https://www.usaspending.gov/award/CONT_AWD_80NM0021F0040_8000_80NM0018D0004_8000/
80NM0021F0040,2023,2,0.0,750000.00,False,080-0120,"Science, National Aeronautics and Space Administration",California Institute of Technology,6e76fa33-2d96-c636-941c-bca1997db076-C,"JPL support of deep atmosphere Venus investigation of noble gases, chemistry, and imaging plus (DAVINCI+) project phase b (40-109970)",https://www.usaspending.gov/award/CONT_AWD_80NM0021F0040_8000_80NM0018D0004_8000/
80NM0021F0040,2022,12,28808.77,0.0,False,080-0120,"Science, National Aeronautics and Space Administration",California Institute of Technology,6e76fa33-2d96-c636-941c-bca1997db076-C,"JPL support of deep atmosphere Venus investigation of noble gases, chemistry, and imaging plus (DAVINCI+) project phase b (40-109970)",https://www.usaspending.gov/award/CONT_AWD_80NM0021F0040_8000_80NM0018D0004_8000/
80NM0021F0040,2022,12,671710.80,0.0,False,080-0120,"Science, National Aeronautics and Space Administration",California Institute of Technology,6e76fa33-2d96-c636-941c-bca1997db076-C,"JPL support of deep atmosphere Venus investigation of noble gases, chemistry, and imaging plus (DAVINCI+) project phase b (40-109970)",https://www.usaspending.gov/award/CONT_AWD_80NM0021F0040_8000_80NM0018D0004_8000/
80NM0021F0040,2022,11,28808.77,0.0,False,080-0120,"Science, National Aeronautics and Space Administration",California Institute of Technology,6e76fa33-2d96-c636-941c-bca1997db076-C,"JPL support of deep atmosphere Venus investigation of noble gases, chemistry, and imaging plus (DAVINCI+) project phase b (40-109970)",https://www.usaspending.gov/award/CONT_AWD_80NM0021F0040_8000_80NM0018D0004_8000/
80NM0021F0040,2022,11,612274.64,0.0,False,080-0120,"Science, National Aeronautics and Space Administration",California Institute of Technology,6e76fa33-2d96-c636-941c-bca1997db076-C,"JPL support of deep atmosphere Venus investigation of noble gases, chemistry, and imaging plus (DAVINCI+) project phase b (40-109970)",https://www.usaspending.gov/award/CONT_AWD_80NM0021F0040_8000_80NM0018D0004_8000/
80NM0021F0040,2022,10,28808.77,0.0,False,080-0120,"Science, National Aeronautics and Space Administration",California Institute of Technology,6e76fa33-2d96-c636-941c-bca1997db076-C,"JPL support of deep atmosphere Venus investigation of noble gases, chemistry, and imaging plus (DAVINCI+) project phase b (40-109970)",https://www.usaspending.gov/award/CONT_AWD_80NM0021F0040_8000_80NM0018D0004_8000/
80NM0021F0040,2022,10,0.0,50000.00,False,080-0120,"Science, National Aeronautics and Space Administration",California Institute of Technology,6e76fa33-2d96-c636-941c-bca1997db076-C,"JPL support of deep atmosphere Venus investigation of noble gases, chemistry, and imaging plus (DAVINCI+) project phase b (40-109970)",https://www.usaspending.gov/award/CONT_AWD_80NM0021F0040_8000_80NM0018D0004_8000/
80NM0021F0040,2022,10,464384.08,0.0,False,080-0120,"Science, National Aeronautics and Space Administration",California Institute of Technology,6e76fa33-2d96-c636-941c-bca1997db076-C,"JPL support of deep atmosphere Venus investigation of noble gases, chemistry, and imaging plus (DAVINCI+) project phase b (40-109970)",https://www.usaspending.gov/award/CONT_AWD_80NM0021F0040_8000_80NM0018D0004_8000/
80NM0021F0040,2022,9,417744.82,0.0,False,080-0120,"Science, National Aeronautics and Space Administration",California Institute of Technology,6e76fa33-2d96-c636-941c-bca1997db076-C,"JPL support of deep atmosphere Venus investigation of noble gases, chemistry, and imaging plus (DAVINCI+) project phase b (40-109970)",https://www.usaspending.gov/award/CONT_AWD_80NM0021F0040_8000_80NM0018D0004_8000/
80NM0021F0040,2022,9,28808.77,0.0,False,080-0120,"Science, National Aeronautics and Space Administration",California Institute of Technology,6e76fa33-2d96-c636-941c-bca1997db076-C,"JPL support of deep atmosphere Venus investigation of noble gases, chemistry, and imaging plus (DAVINCI+) project phase b (40-109970)",https://www.usaspending.gov/award/CONT_AWD_80NM0021F0040_8000_80NM0018D0004_8000/
80NM0021F0040,2022,8,0.0,340000.00,False,080-0120,"Science, National Aeronautics and Space Administration",California Institute of Technology,6e76fa33-2d96-c636-941c-bca1997db076-C,"JPL support of deep atmosphere Venus investigation of noble gases, chemistry, and imaging plus (DAVINCI+) project phase b (40-109970)",https://www.usaspending.gov/award/CONT_AWD_80NM0021F0040_8000_80NM0018D0004_8000/
80NM0021F0040,2022,8,28808.77,0.0,False,080-0120,"Science, National Aeronautics and Space Administration",California Institute of Technology,6e76fa33-2d96-c636-941c-bca1997db076-C,"JPL support of deep atmosphere Venus investigation of noble gases, chemistry, and imaging plus (DAVINCI+) project phase b (40-109970)",https://www.usaspending.gov/award/CONT_AWD_80NM0021F0040_8000_80NM0018D0004_8000/
80NM0021F0040,2022,8,310772.86,0.0,False,080-0120,"Science, National Aeronautics and Space Administration",California Institute of Technology,6e76fa33-2d96-c636-941c-bca1997db076-C,"JPL support of deep atmosphere Venus investigation of noble gases, chemistry, and imaging plus (DAVINCI+) project phase b (40-109970)",https://www.usaspending.gov/award/CONT_AWD_80NM0021F0040_8000_80NM0018D0004_8000/
80NM0021F0040,2022,7,28808.77,0.0,False,080-0120,"Science, National Aeronautics and Space Administration",California Institute of Technology,6e76fa33-2d96-c636-941c-bca1997db076-C,"JPL support of deep atmosphere Venus investigation of noble gases, chemistry, and imaging plus (DAVINCI+) project phase b (40-109970)",https://www.usaspending.gov/award/CONT_AWD_80NM0021F0040_8000_80NM0018D0004_8000/
80NM0021F0040,2022,7,238625.65,0.0,False,080-0120,"Science, National Aeronautics and Space Administration",California Institute of Technology,6e76fa33-2d96-c636-941c-bca1997db076-C,"JPL support of deep atmosphere Venus investigation of noble gases, chemistry, and imaging plus (DAVINCI+) project phase b (40-109970)",https://www.usaspending.gov/award/CONT_AWD_80NM0021F0040_8000_80NM0018D0004_8000/
80NM0021F0040,2022,6,28808.77,0.0,False,080-0120,"Science, National Aeronautics and Space Administration",California Institute of Technology,6e76fa33-2d96-c636-941c-bca1997db076-C,"JPL support of deep atmosphere Venus investigation of noble gases, chemistry, and imaging plus (DAVINCI+) project phase b (40-109970)",https://www.usaspending.gov/award/CONT_AWD_80NM0021F0040_8000_80NM0018D0004_8000/
80NM0021F0040,2022,6,165385.87,0.0,False,080-0120,"Science, National Aeronautics and Space Administration",California Institute of Technology,6e76fa33-2d96-c636-941c-bca1997db076-C,"JPL support of deep atmosphere Venus investigation of noble gases, chemistry, and imaging plus (DAVINCI+) project phase b (40-109970)",https://www.usaspending.gov/award/CONT_AWD_80NM0021F0040_8000_80NM0018D0004_8000/
80NM0021F0040,2022,5,130573.74,0.0,False,080-0120,"Science, National Aeronautics and Space Administration",California Institute of Technology,6e76fa33-2d96-c636-941c-bca1997db076-C,"JPL support of deep atmosphere Venus investigation of noble gases, chemistry, and imaging plus (DAVINCI+) project phase b (40-109970)",https://www.usaspending.gov/award/CONT_AWD_80NM0021F0040_8000_80NM0018D0004_8000/
80NM0021F0040,2022,5,28808.77,0.0,False,080-0120,"Science, National Aeronautics and Space Administration",California Institute of Technology,6e76fa33-2d96-c636-941c-bca1997db076-C,"JPL support of deep atmosphere Venus investigation of noble gases, chemistry, and imaging plus (DAVINCI+) project phase b (40-109970)",https://www.usaspending.gov/award/CONT_AWD_80NM0021F0040_8000_80NM0018D0004_8000/
80NM0021F0040,2022,5,0.0,200000.00,False,080-0120,"Science, National Aeronautics and Space Administration",California Institute of Technology,6e76fa33-2d96-c636-941c-bca1997db076-C,"JPL support of deep atmosphere Venus investigation of noble gases, chemistry, and imaging plus (DAVINCI+) project phase b (40-109970)",https://www.usaspending.gov/award/CONT_AWD_80NM0021F0040_8000_80NM0018D0004_8000/
80NM0021F0040,2022,4,100086.04,0.0,False,080-0120,"Science, National Aeronautics and Space Administration",California Institute of Technology,6e76fa33-2d96-c636-941c-bca1997db076-C,"JPL support of deep atmosphere Venus investigation of noble gases, chemistry, and imaging plus (DAVINCI+) project phase b (40-109970)",https://www.usaspending.gov/award/CONT_AWD_80NM0021F0040_8000_80NM0018D0004_8000/
80NM0021F0040,2022,4,28808.77,0.0,False,080-0120,"Science, National Aeronautics and Space Administration",California Institute of Technology,6e76fa33-2d96-c636-941c-bca1997db076-C,"JPL support of deep atmosphere Venus investigation of noble gases, chemistry, and imaging plus (DAVINCI+) project phase b (40-109970)",https://www.usaspending.gov/award/CONT_AWD_80NM0021F0040_8000_80NM0018D0004_8000/
80NM0021F0040,2022,3,29063.95,0.0,False,080-0120,"Science, National Aeronautics and Space Administration",California Institute of Technology,6e76fa33-2d96-c636-941c-bca1997db076-C,"JPL support of deep atmosphere Venus investigation of noble gases, chemistry, and imaging plus (DAVINCI+) project phase b (40-109970)",https://www.usaspending.gov/award/CONT_AWD_80NM0021F0040_8000_80NM0018D0004_8000/
80NM0021F0040,2022,3,0.0,200000.00,False,080-0120,"Science, National Aeronautics and Space Administration",California Institute of Technology,6e76fa33-2d96-c636-941c-bca1997db076-C,"JPL support of deep atmosphere Venus investigation of noble gases, chemistry, and imaging plus (DAVINCI+) project phase b (40-109970)",https://www.usaspending.gov/award/CONT_AWD_80NM0021F0040_8000_80NM0018D0004_8000/
80NM0021F0040,2022,3,28808.77,0.0,False,080-0120,"Science, National Aeronautics and Space Administration",California Institute of Technology,6e76fa33-2d96-c636-941c-bca1997db076-C,"JPL support of deep atmosphere Venus investigation of noble gases, chemistry, and imaging plus (DAVINCI+) project phase b (40-109970)",https://www.usaspending.gov/award/CONT_AWD_80NM0021F0040_8000_80NM0018D0004_8000/
80NM0021F0040,2022,2,0.0,150000.00,False,080-0120,"Science, National Aeronautics and Space Administration",California Institute of Technology,6e76fa33-2d96-c636-941c-bca1997db076-C,"JPL support of deep atmosphere Venus investigation of noble gases, chemistry, and imaging plus (DAVINCI+) project phase b (40-109970)",https://www.usaspending.gov/award/CONT_AWD_80NM0021F0040_8000_80NM0018D0004_8000/
80NM0021F0040,2022,2,5495.26,0.0,False,080-0120,"Science, National Aeronautics and Space Administration",California Institute of Technology,6e76fa33-2d96-c636-941c-bca1997db076-C,"JPL support of deep atmosphere Venus investigation of noble gases, chemistry, and imaging plus (DAVINCI+) project phase b (40-109970)",https://www.usaspending.gov/award/CONT_AWD_80NM0021F0040_8000_80NM0018D0004_8000/
80NM0021F0040,2022,2,28808.77,0.0,False,080-0120,"Science, National Aeronautics and Space Administration",California Institute of Technology,6e76fa33-2d96-c636-941c-bca1997db076-C,"JPL support of deep atmosphere Venus investigation of noble gases, chemistry, and imaging plus (DAVINCI+) project phase b (40-109970)",https://www.usaspending.gov/award/CONT_AWD_80NM0021F0040_8000_80NM0018D0004_8000/
80NM0021F0040,2021,12,21191.23,0.0,False,080-0120,"Science, National Aeronautics and Space Administration",California Institute of Technology,6e76fa33-2d96-c636-941c-bca1997db076-C,"JPL support of deep atmosphere Venus investigation of noble gases, chemistry, and imaging plus (DAVINCI+) project phase b (40-109970)",https://www.usaspending.gov/award/CONT_AWD_80NM0021F0040_8000_80NM0018D0004_8000/
80NM0021F0040,2021,11,9783.55,0.0,False,080-0120,"Science, National Aeronautics and Space Administration",California Institute of Technology,6e76fa33-2d96-c636-941c-bca1997db076-C,"JPL support of deep atmosphere Venus investigation of noble gases, chemistry, and imaging plus (DAVINCI+) project phase b (40-109970)",https://www.usaspending.gov/award/CONT_AWD_80NM0021F0040_8000_80NM0018D0004_8000/
80NM0021F0040,2021,10,0.0,35000.00,False,080-0120,"Science, National Aeronautics and Space Administration",California Institute of Technology,6e76fa33-2d96-c636-941c-bca1997db076-C,"JPL support of deep atmosphere Venus investigation of noble gases, chemistry, and imaging plus (DAVINCI+) project phase b (40-109970)",https://www.usaspending.gov/award/CONT_AWD_80NM0021F0040_8000_80NM0018D0004_8000/
80NM0021F0040,2021,10,2447.54,0.0,False,080-0120,"Science, National Aeronautics and Space Administration",California Institute of Technology,6e76fa33-2d96-c636-941c-bca1997db076-C,"JPL support of deep atmosphere Venus investigation of noble gases, chemistry, and imaging plus (DAVINCI+) project phase b (40-109970)",https://www.usaspending.gov/award/CONT_AWD_80NM0021F0040_8000_80NM0018D0004_8000/
80NM0021F0040,2021,9,0.0,15000.00,False,080-0120,"Science, National Aeronautics and Space Administration",California Institute of Technology,6e76fa33-2d96-c636-941c-bca1997db076-C,"JPL support of deep atmosphere Venus investigation of noble gases, chemistry, and imaging plus (DAVINCI+) project phase b (40-109970)",https://www.usaspending.gov/award/CONT_AWD_80NM0021F0040_8000_80NM0018D0004_8000/
80NSSC20P1584,2021,12,60175.00,0.0,False,080-0120,"Science, National Aeronautics and Space Administration","Jenkins Iii, Frank Addison",ddad14db-96c7-86a4-871c-d1471d653057-C,Etu for the DAVINCI+,https://www.usaspending.gov/award/CONT_AWD_80NSSC20P1584_8000_-NONE-_-NONE-/
80NSSC20P1584,2021,12,15428.50,0.0,False,080-0120,"Science, National Aeronautics and Space Administration","Jenkins Iii, Frank Addison",ddad14db-96c7-86a4-871c-d1471d653057-C,Etu for the DAVINCI+,https://www.usaspending.gov/award/CONT_AWD_80NSSC20P1584_8000_-NONE-_-NONE-/
80NSSC20P1584,2021,11,15428.50,0.0,False,080-0120,"Science, National Aeronautics and Space Administration","Jenkins Iii, Frank Addison",ddad14db-96c7-86a4-871c-d1471d653057-C,Etu for the DAVINCI+,https://www.usaspending.gov/award/CONT_AWD_80NSSC20P1584_8000_-NONE-_-NONE-/
80NSSC20P1584,2021,11,60175.00,0.0,False,080-0120,"Science, National Aeronautics and Space Administration","Jenkins Iii, Frank Addison",ddad14db-96c7-86a4-871c-d1471d653057-C,Etu for the DAVINCI+,https://www.usaspending.gov/award/CONT_AWD_80NSSC20P1584_8000_-NONE-_-NONE-/
80NSSC20P1584,2021,10,15428.50,0.0,False,080-0120,"Science, National Aeronautics and Space Administration","Jenkins Iii, Frank Addison",ddad14db-96c7-86a4-871c-d1471d653057-C,Etu for the DAVINCI+,https://www.usaspending.gov/award/CONT_AWD_80NSSC20P1584_8000_-NONE-_-NONE-/
80NSSC20P1584,2021,10,60175.00,0.0,False,080-0120,"Science, National Aeronautics and Space Administration","Jenkins Iii, Frank Addison",ddad14db-96c7-86a4-871c-d1471d653057-C,Etu for the DAVINCI+,https://www.usaspending.gov/award/CONT_AWD_80NSSC20P1584_8000_-NONE-_-NONE-/
80NSSC20P1584,2021,9,60175.00,0.0,False,080-0120,"Science, National Aeronautics and Space Administration","Jenkins Iii, Frank Addison",ddad14db-96c7-86a4-871c-d1471d653057-C,Etu for the DAVINCI+,https://www.usaspending.gov/award/CONT_AWD_80NSSC20P1584_8000_-NONE-_-NONE-/
80NSSC20P1584,2021,9,15428.50,0.0,False,080-0120,"Science, National Aeronautics and Space Administration","Jenkins Iii, Frank Addison",ddad14db-96c7-86a4-871c-d1471d653057-C,Etu for the DAVINCI+,https://www.usaspending.gov/award/CONT_AWD_80NSSC20P1584_8000_-NONE-_-NONE-/
80NSSC20P1584,2021,8,60175.00,0.0,False,080-0120,"Science, National Aeronautics and Space Administration","Jenkins Iii, Frank Addison",ddad14db-96c7-86a4-871c-d1471d653057-C,Etu for the DAVINCI+,https://www.usaspending.gov/award/CONT_AWD_80NSSC20P1584_8000_-NONE-_-NONE-/
80NSSC20P1584,2021,8,15428.50,0.0,False,080-0120,"Science, National Aeronautics and Space Administration","Jenkins Iii, Frank Addison",ddad14db-96c7-86a4-871c-d1471d653057-C,Etu for the DAVINCI+,https://www.usaspending.gov/award/CONT_AWD_80NSSC20P1584_8000_-NONE-_-NONE-/
80NSSC20P1584,2021,7,15428.50,0.0,False,080-0120,"Science, National Aeronautics and Space Administration","Jenkins Iii, Frank Addison",ddad14db-96c7-86a4-871c-d1471d653057-C,Etu for the DAVINCI+,https://www.usaspending.gov/award/CONT_AWD_80NSSC20P1584_8000_-NONE-_-NONE-/
80NSSC20P1584,2021,7,60175.00,0.0,False,080-0120,"Science, National Aeronautics and Space Administration","Jenkins Iii, Frank Addison",ddad14db-96c7-86a4-871c-d1471d653057-C,Etu for the DAVINCI+,https://www.usaspending.gov/award/CONT_AWD_80NSSC20P1584_8000_-NONE-_-NONE-/
80NSSC20P1584,2021,6,15428.50,0.0,False,080-0120,"Science, National Aeronautics and Space Administration","Jenkins Iii, Frank Addison",ddad14db-96c7-86a4-871c-d1471d653057-C,Etu for the DAVINCI+,https://www.usaspending.gov/award/CONT_AWD_80NSSC20P1584_8000_-NONE-_-NONE-/
80NSSC20P1584,2021,6,60175.00,0.0,False,080-0120,"Science, National Aeronautics and Space Administration","Jenkins Iii, Frank Addison",ddad14db-96c7-86a4-871c-d1471d653057-C,Etu for the DAVINCI+,https://www.usaspending.gov/award/CONT_AWD_80NSSC20P1584_8000_-NONE-_-NONE-/
80NSSC20P1584,2021,5,60175.00,0.0,False,080-0120,"Science, National Aeronautics and Space Administration","Jenkins Iii, Frank Addison",ddad14db-96c7-86a4-871c-d1471d653057-C,Etu for the DAVINCI+,https://www.usaspending.gov/award/CONT_AWD_80NSSC20P1584_8000_-NONE-_-NONE-/
80NSSC20P1584,2021,5,15428.50,0.0,False,080-0120,"Science, National Aeronautics and Space Administration","Jenkins Iii, Frank Addison",ddad14db-96c7-86a4-871c-d1471d653057-C,Etu for the DAVINCI+,https://www.usaspending.gov/award/CONT_AWD_80NSSC20P1584_8000_-NONE-_-NONE-/
80NSSC20P1584,2021,3,0.0,15428.50,False,080-0120,"Science, National Aeronautics and Space Administration","Jenkins Iii, Frank Addison",ddad14db-96c7-86a4-871c-d1471d653057-C,Etu for the DAVINCI+,https://www.usaspending.gov/award/CONT_AWD_80NSSC20P1584_8000_-NONE-_-NONE-/
80NSSC20P1584,2020,10,0.0,60175.00,False,080-0120,"Science, National Aeronautics and Space Administration","Jenkins Iii, Frank Addison",ddad14db-96c7-86a4-871c-d1471d653057-C,Etu for the DAVINCI+,https://www.usaspending.gov/award/CONT_AWD_80NSSC20P1584_8000_-NONE-_-NONE-/
80NSSC20P1667,2020,11,0.0,36281.90,False,080-0122,"Safety, Security and Mission Services, National Aeronautics and Space Administration",Parker-Hannifin Corporation,73cd514b-394d-c90d-3fb9-440d1b0e5b3a-C,Ot : c-seal fabrication effort for the DAVINCI+ program : 4200734908,https://www.usaspending.gov/award/CONT_AWD_80NSSC20P1667_8000_-NONE-_-NONE-/
80NSSC20P2009,2020,12,0.0,20802.00,False,080-0120,"Science, National Aeronautics and Space Administration","NTS Technical Systems, LLC.",f44c2970-9ddb-db87-af46-b01366b3e2ef-C,DAVINCI + Venus environment testing chamber analysis,https://www.usaspending.gov/award/CONT_AWD_80NSSC20P2009_8000_-NONE-_-NONE-/
80NSSC21P0495,2021,12,79916.00,0.0,False,080-0120,"Science, National Aeronautics and Space Administration","Rayotek Scientific, LLC",39e68b8c-8b76-d451-c540-b6da698c8bb8-C,Sapphire window assembly testing for DAVINCI+,https://www.usaspending.gov/award/CONT_AWD_80NSSC21P0495_8000_-NONE-_-NONE-/
80NSSC21P0495,2021,11,79916.00,0.0,False,080-0120,"Science, National Aeronautics and Space Administration","Rayotek Scientific, LLC",39e68b8c-8b76-d451-c540-b6da698c8bb8-C,Sapphire window assembly testing for DAVINCI+,https://www.usaspending.gov/award/CONT_AWD_80NSSC21P0495_8000_-NONE-_-NONE-/
80NSSC21P0495,2021,10,79916.00,0.0,False,080-0120,"Science, National Aeronautics and Space Administration","Rayotek Scientific, LLC",39e68b8c-8b76-d451-c540-b6da698c8bb8-C,Sapphire window assembly testing for DAVINCI+,https://www.usaspending.gov/award/CONT_AWD_80NSSC21P0495_8000_-NONE-_-NONE-/
80NSSC21P0495,2021,9,79916.00,0.0,False,080-0120,"Science, National Aeronautics and Space Administration","Rayotek Scientific, LLC",39e68b8c-8b76-d451-c540-b6da698c8bb8-C,Sapphire window assembly testing for DAVINCI+,https://www.usaspending.gov/award/CONT_AWD_80NSSC21P0495_8000_-NONE-_-NONE-/
80NSSC21P0495,2021,8,79916.00,0.0,False,080-0120,"Science, National Aeronautics and Space Administration","Rayotek Scientific, LLC",39e68b8c-8b76-d451-c540-b6da698c8bb8-C,Sapphire window assembly testing for DAVINCI+,https://www.usaspending.gov/award/CONT_AWD_80NSSC21P0495_8000_-NONE-_-NONE-/
80NSSC21P0794,2024,12,20000.00,0.0,False,080-0120,"Science, National Aeronautics and Space Administration",Situation Awareness Systems LLC,cb9f9609-3102-e324-7e4f-5d41657376c9-C,"Conduct algorithm computations using tailored, flight-relevant sfm software for the DAVINCI+",https://www.usaspending.gov/award/CONT_AWD_80NSSC21P0794_8000_-NONE-_-NONE-/
80NSSC21P0794,2024,11,20000.00,0.0,False,080-0120,"Science, National Aeronautics and Space Administration",Situation Awareness Systems LLC,cb9f9609-3102-e324-7e4f-5d41657376c9-C,"Conduct algorithm computations using tailored, flight-relevant sfm software for the DAVINCI+",https://www.usaspending.gov/award/CONT_AWD_80NSSC21P0794_8000_-NONE-_-NONE-/
80NSSC21P0794,2024,10,20000.00,0.0,False,080-0120,"Science, National Aeronautics and Space Administration",Situation Awareness Systems LLC,cb9f9609-3102-e324-7e4f-5d41657376c9-C,"Conduct algorithm computations using tailored, flight-relevant sfm software for the DAVINCI+",https://www.usaspending.gov/award/CONT_AWD_80NSSC21P0794_8000_-NONE-_-NONE-/
80NSSC21P0794,2024,9,20000.00,0.0,False,080-0120,"Science, National Aeronautics and Space Administration",Situation Awareness Systems LLC,cb9f9609-3102-e324-7e4f-5d41657376c9-C,"Conduct algorithm computations using tailored, flight-relevant sfm software for the DAVINCI+",https://www.usaspending.gov/award/CONT_AWD_80NSSC21P0794_8000_-NONE-_-NONE-/
80NSSC21P0794,2024,8,20000.00,0.0,False,080-0120,"Science, National Aeronautics and Space Administration",Situation Awareness Systems LLC,cb9f9609-3102-e324-7e4f-5d41657376c9-C,"Conduct algorithm computations using tailored, flight-relevant sfm software for the DAVINCI+",https://www.usaspending.gov/award/CONT_AWD_80NSSC21P0794_8000_-NONE-_-NONE-/
80NSSC21P0794,2024,7,20000.00,0.0,False,080-0120,"Science, National Aeronautics and Space Administration",Situation Awareness Systems LLC,cb9f9609-3102-e324-7e4f-5d41657376c9-C,"Conduct algorithm computations using tailored, flight-relevant sfm software for the DAVINCI+",https://www.usaspending.gov/award/CONT_AWD_80NSSC21P0794_8000_-NONE-_-NONE-/
80NSSC21P0794,2024,6,20000.00,0.0,False,080-0120,"Science, National Aeronautics and Space Administration",Situation Awareness Systems LLC,cb9f9609-3102-e324-7e4f-5d41657376c9-C,"Conduct algorithm computations using tailored, flight-relevant sfm software for the DAVINCI+",https://www.usaspending.gov/award/CONT_AWD_80NSSC21P0794_8000_-NONE-_-NONE-/
80NSSC21P0794,2024,5,20000.00,0.0,False,080-0120,"Science, National Aeronautics and Space Administration",Situation Awareness Systems LLC,cb9f9609-3102-e324-7e4f-5d41657376c9-C,"Conduct algorithm computations using tailored, flight-relevant sfm software for the DAVINCI+",https://www.usaspending.gov/award/CONT_AWD_80NSSC21P0794_8000_-NONE-_-NONE-/
80NSSC21P0794,2024,4,20000.00,0.0,False,080-0120,"Science, National Aeronautics and Space Administration",Situation Awareness Systems LLC,cb9f9609-3102-e324-7e4f-5d41657376c9-C,"Conduct algorithm computations using tailored, flight-relevant sfm software for the DAVINCI+",https://www.usaspending.gov/award/CONT_AWD_80NSSC21P0794_8000_-NONE-_-NONE-/
80NSSC21P0794,2024,3,20000.00,0.0,False,080-0120,"Science, National Aeronautics and Space Administration",Situation Awareness Systems LLC,cb9f9609-3102-e324-7e4f-5d41657376c9-C,"Conduct algorithm computations using tailored, flight-relevant sfm software for the DAVINCI+",https://www.usaspending.gov/award/CONT_AWD_80NSSC21P0794_8000_-NONE-_-NONE-/
80NSSC21P0794,2024,2,10000.00,0.0,False,080-0120,"Science, National Aeronautics and Space Administration",Situation Awareness Systems LLC,cb9f9609-3102-e324-7e4f-5d41657376c9-C,"Conduct algorithm computations using tailored, flight-relevant sfm software for the DAVINCI+",https://www.usaspending.gov/award/CONT_AWD_80NSSC21P0794_8000_-NONE-_-NONE-/
80NSSC21P0794,2023,12,20000.00,0.0,False,080-0120,"Science, National Aeronautics and Space Administration",Situation Awareness Systems LLC,cb9f9609-3102-e324-7e4f-5d41657376c9-C,"Conduct algorithm computations using tailored, flight-relevant sfm software for the DAVINCI+",https://www.usaspending.gov/award/CONT_AWD_80NSSC21P0794_8000_-NONE-_-NONE-/
80NSSC21P0794,2023,12,20000.00,0.0,False,080-0120,"Science, National Aeronautics and Space Administration",Situation Awareness Systems LLC,cb9f9609-3102-e324-7e4f-5d41657376c9-C,"Conduct algorithm computations using tailored, flight-relevant sfm software for the DAVINCI+",https://www.usaspending.gov/award/CONT_AWD_80NSSC21P0794_8000_-NONE-_-NONE-/
80NSSC21P0794,2023,11,20000.00,0.0,False,080-0120,"Science, National Aeronautics and Space Administration",Situation Awareness Systems LLC,cb9f9609-3102-e324-7e4f-5d41657376c9-C,"Conduct algorithm computations using tailored, flight-relevant sfm software for the DAVINCI+",https://www.usaspending.gov/award/CONT_AWD_80NSSC21P0794_8000_-NONE-_-NONE-/
80NSSC21P0794,2023,11,20000.00,0.0,False,080-0120,"Science, National Aeronautics and Space Administration",Situation Awareness Systems LLC,cb9f9609-3102-e324-7e4f-5d41657376c9-C,"Conduct algorithm computations using tailored, flight-relevant sfm software for the DAVINCI+",https://www.usaspending.gov/award/CONT_AWD_80NSSC21P0794_8000_-NONE-_-NONE-/
80NSSC21P0794,2023,10,20000.00,0.0,False,080-0120,"Science, National Aeronautics and Space Administration",Situation Awareness Systems LLC,cb9f9609-3102-e324-7e4f-5d41657376c9-C,"Conduct algorithm computations using tailored, flight-relevant sfm software for the DAVINCI+",https://www.usaspending.gov/award/CONT_AWD_80NSSC21P0794_8000_-NONE-_-NONE-/
80NSSC21P0794,2023,10,20000.00,0.0,False,080-0120,"Science, National Aeronautics and Space Administration",Situation Awareness Systems LLC,cb9f9609-3102-e324-7e4f-5d41657376c9-C,"Conduct algorithm computations using tailored, flight-relevant sfm software for the DAVINCI+",https://www.usaspending.gov/award/CONT_AWD_80NSSC21P0794_8000_-NONE-_-NONE-/
80NSSC21P0794,2023,9,20000.00,0.0,False,080-0120,"Science, National Aeronautics and Space Administration",Situation Awareness Systems LLC,cb9f9609-3102-e324-7e4f-5d41657376c9-C,"Conduct algorithm computations using tailored, flight-relevant sfm software for the DAVINCI+",https://www.usaspending.gov/award/CONT_AWD_80NSSC21P0794_8000_-NONE-_-NONE-/
80NSSC21P0794,2023,9,10000.00,0.0,False,080-0120,"Science, National Aeronautics and Space Administration",Situation Awareness Systems LLC,cb9f9609-3102-e324-7e4f-5d41657376c9-C,"Conduct algorithm computations using tailored, flight-relevant sfm software for the DAVINCI+",https://www.usaspending.gov/award/CONT_AWD_80NSSC21P0794_8000_-NONE-_-NONE-/
80NSSC21P0794,2023,8,10000.00,0.0,False,080-0120,"Science, National Aeronautics and Space Administration",Situation Awareness Systems LLC,cb9f9609-3102-e324-7e4f-5d41657376c9-C,"Conduct algorithm computations using tailored, flight-relevant sfm software for the DAVINCI+",https://www.usaspending.gov/award/CONT_AWD_80NSSC21P0794_8000_-NONE-_-NONE-/
80NSSC21P0794,2023,8,20000.00,0.0,False,080-0120,"Science, National Aeronautics and Space Administration",Situation Awareness Systems LLC,cb9f9609-3102-e324-7e4f-5d41657376c9-C,"Conduct algorithm computations using tailored, flight-relevant sfm software for the DAVINCI+",https://www.usaspending.gov/award/CONT_AWD_80NSSC21P0794_8000_-NONE-_-NONE-/
80NSSC21P0794,2023,7,20000.00,0.0,False,080-0120,"Science, National Aeronautics and Space Administration",Situation Awareness Systems LLC,cb9f9609-3102-e324-7e4f-5d41657376c9-C,"Conduct algorithm computations using tailored, flight-relevant sfm software for the DAVINCI+",https://www.usaspending.gov/award/CONT_AWD_80NSSC21P0794_8000_-NONE-_-NONE-/
80NSSC21P0794,2023,6,20000.00,0.0,False,080-0120,"Science, National Aeronautics and Space Administration",Situation Awareness Systems LLC,cb9f9609-3102-e324-7e4f-5d41657376c9-C,"Conduct algorithm computations using tailored, flight-relevant sfm software for the DAVINCI+",https://www.usaspending.gov/award/CONT_AWD_80NSSC21P0794_8000_-NONE-_-NONE-/
80NSSC21P0794,2023,5,20000.00,0.0,False,080-0120,"Science, National Aeronautics and Space Administration",Situation Awareness Systems LLC,cb9f9609-3102-e324-7e4f-5d41657376c9-C,"Conduct algorithm computations using tailored, flight-relevant sfm software for the DAVINCI+",https://www.usaspending.gov/award/CONT_AWD_80NSSC21P0794_8000_-NONE-_-NONE-/
80NSSC21P0794,2023,4,20000.00,0.0,False,080-0120,"Science, National Aeronautics and Space Administration",Situation Awareness Systems LLC,cb9f9609-3102-e324-7e4f-5d41657376c9-C,"Conduct algorithm computations using tailored, flight-relevant sfm software for the DAVINCI+",https://www.usaspending.gov/award/CONT_AWD_80NSSC21P0794_8000_-NONE-_-NONE-/
80NSSC21P0794,2023,3,0.0,40000.00,False,080-0120,"Science, National Aeronautics and Space Administration",Situation Awareness Systems LLC,cb9f9609-3102-e324-7e4f-5d41657376c9-C,"Conduct algorithm computations using tailored, flight-relevant sfm software for the DAVINCI+",https://www.usaspending.gov/award/CONT_AWD_80NSSC21P0794_8000_-NONE-_-NONE-/
80NSSC21P0794,2022,12,40000.00,0.0,False,080-0120,"Science, National Aeronautics and Space Administration",Situation Awareness Systems LLC,cb9f9609-3102-e324-7e4f-5d41657376c9-C,"Conduct algorithm computations using tailored, flight-relevant sfm software for the DAVINCI+",https://www.usaspending.gov/award/CONT_AWD_80NSSC21P0794_8000_-NONE-_-NONE-/
80NSSC21P0794,2022,12,42500.00,0.0,False,080-0120,"Science, National Aeronautics and Space Administration",Situation Awareness Systems LLC,cb9f9609-3102-e324-7e4f-5d41657376c9-C,"Conduct algorithm computations using tailored, flight-relevant sfm software for the DAVINCI+",https://www.usaspending.gov/award/CONT_AWD_80NSSC21P0794_8000_-NONE-_-NONE-/
80NSSC21P0794,2022,11,42500.00,0.0,False,080-0120,"Science, National Aeronautics and Space Administration",Situation Awareness Systems LLC,cb9f9609-3102-e324-7e4f-5d41657376c9-C,"Conduct algorithm computations using tailored, flight-relevant sfm software for the DAVINCI+",https://www.usaspending.gov/award/CONT_AWD_80NSSC21P0794_8000_-NONE-_-NONE-/
80NSSC21P0794,2022,11,20000.00,0.0,False,080-0120,"Science, National Aeronautics and Space Administration",Situation Awareness Systems LLC,cb9f9609-3102-e324-7e4f-5d41657376c9-C,"Conduct algorithm computations using tailored, flight-relevant sfm software for the DAVINCI+",https://www.usaspending.gov/award/CONT_AWD_80NSSC21P0794_8000_-NONE-_-NONE-/
80NSSC21P0794,2022,10,42500.00,0.0,False,080-0120,"Science, National Aeronautics and Space Administration",Situation Awareness Systems LLC,cb9f9609-3102-e324-7e4f-5d41657376c9-C,"Conduct algorithm computations using tailored, flight-relevant sfm software for the DAVINCI+",https://www.usaspending.gov/award/CONT_AWD_80NSSC21P0794_8000_-NONE-_-NONE-/
80NSSC21P0794,2022,10,20000.00,0.0,False,080-0120,"Science, National Aeronautics and Space Administration",Situation Awareness Systems LLC,cb9f9609-3102-e324-7e4f-5d41657376c9-C,"Conduct algorithm computations using tailored, flight-relevant sfm software for the DAVINCI+",https://www.usaspending.gov/award/CONT_AWD_80NSSC21P0794_8000_-NONE-_-NONE-/
80NSSC21P0794,2022,9,20000.00,0.0,False,080-0120,"Science, National Aeronautics and Space Administration",Situation Awareness Systems LLC,cb9f9609-3102-e324-7e4f-5d41657376c9-C,"Conduct algorithm computations using tailored, flight-relevant sfm software for the DAVINCI+",https://www.usaspending.gov/award/CONT_AWD_80NSSC21P0794_8000_-NONE-_-NONE-/
80NSSC21P0794,2022,9,42500.00,0.0,False,080-0120,"Science, National Aeronautics and Space Administration",Situation Awareness Systems LLC,cb9f9609-3102-e324-7e4f-5d41657376c9-C,"Conduct algorithm computations using tailored, flight-relevant sfm software for the DAVINCI+",https://www.usaspending.gov/award/CONT_AWD_80NSSC21P0794_8000_-NONE-_-NONE-/
80NSSC21P0794,2022,8,20000.00,0.0,False,080-0120,"Science, National Aeronautics and Space Administration",Situation Awareness Systems LLC,cb9f9609-3102-e324-7e4f-5d41657376c9-C,"Conduct algorithm computations using tailored, flight-relevant sfm software for the DAVINCI+",https://www.usaspending.gov/award/CONT_AWD_80NSSC21P0794_8000_-NONE-_-NONE-/
80NSSC21P0794,2022,8,42500.00,0.0,False,080-0120,"Science, National Aeronautics and Space Administration",Situation Awareness Systems LLC,cb9f9609-3102-e324-7e4f-5d41657376c9-C,"Conduct algorithm computations using tailored, flight-relevant sfm software for the DAVINCI+",https://www.usaspending.gov/award/CONT_AWD_80NSSC21P0794_8000_-NONE-_-NONE-/
80NSSC21P0794,2022,7,42500.00,0.0,False,080-0120,"Science, National Aeronautics and Space Administration",Situation Awareness Systems LLC,cb9f9609-3102-e324-7e4f-5d41657376c9-C,"Conduct algorithm computations using tailored, flight-relevant sfm software for the DAVINCI+",https://www.usaspending.gov/award/CONT_AWD_80NSSC21P0794_8000_-NONE-_-NONE-/
80NSSC21P0794,2022,6,42500.00,0.0,False,080-0120,"Science, National Aeronautics and Space Administration",Situation Awareness Systems LLC,cb9f9609-3102-e324-7e4f-5d41657376c9-C,"Conduct algorithm computations using tailored, flight-relevant sfm software for the DAVINCI+",https://www.usaspending.gov/award/CONT_AWD_80NSSC21P0794_8000_-NONE-_-NONE-/
80NSSC21P0794,2022,5,42500.00,0.0,False,080-0120,"Science, National Aeronautics and Space Administration",Situation Awareness Systems LLC,cb9f9609-3102-e324-7e4f-5d41657376c9-C,"Conduct algorithm computations using tailored, flight-relevant sfm software for the DAVINCI+",https://www.usaspending.gov/award/CONT_AWD_80NSSC21P0794_8000_-NONE-_-NONE-/
80NSSC21P0794,2022,4,0.0,60000.00,False,080-0120,"Science, National Aeronautics and Space Administration",Situation Awareness Systems LLC,cb9f9609-3102-e324-7e4f-5d41657376c9-C,"Conduct algorithm computations using tailored, flight-relevant sfm software for the DAVINCI+",https://www.usaspending.gov/award/CONT_AWD_80NSSC21P0794_8000_-NONE-_-NONE-/
80NSSC21P0794,2022,4,42500.00,0.0,False,080-0120,"Science, National Aeronautics and Space Administration",Situation Awareness Systems LLC,cb9f9609-3102-e324-7e4f-5d41657376c9-C,"Conduct algorithm computations using tailored, flight-relevant sfm software for the DAVINCI+",https://www.usaspending.gov/award/CONT_AWD_80NSSC21P0794_8000_-NONE-_-NONE-/
80NSSC21P0794,2021,12,46777.53,0.0,False,080-0120,"Science, National Aeronautics and Space Administration",Situation Awareness Systems LLC,cb9f9609-3102-e324-7e4f-5d41657376c9-C,"Conduct algorithm computations using tailored, flight-relevant sfm software for the DAVINCI+",https://www.usaspending.gov/award/CONT_AWD_80NSSC21P0794_8000_-NONE-_-NONE-/
80NSSC21P0794,2021,12,3222.47,0.0,False,080-0120,"Science, National Aeronautics and Space Administration",Situation Awareness Systems LLC,cb9f9609-3102-e324-7e4f-5d41657376c9-C,"Conduct algorithm computations using tailored, flight-relevant sfm software for the DAVINCI+",https://www.usaspending.gov/award/CONT_AWD_80NSSC21P0794_8000_-NONE-_-NONE-/
80NSSC21P0794,2021,11,3222.47,0.0,False,080-0120,"Science, National Aeronautics and Space Administration",Situation Awareness Systems LLC,cb9f9609-3102-e324-7e4f-5d41657376c9-C,"Conduct algorithm computations using tailored, flight-relevant sfm software for the DAVINCI+",https://www.usaspending.gov/award/CONT_AWD_80NSSC21P0794_8000_-NONE-_-NONE-/
80NSSC21P0794,2021,11,46777.53,0.0,False,080-0120,"Science, National Aeronautics and Space Administration",Situation Awareness Systems LLC,cb9f9609-3102-e324-7e4f-5d41657376c9-C,"Conduct algorithm computations using tailored, flight-relevant sfm software for the DAVINCI+",https://www.usaspending.gov/award/CONT_AWD_80NSSC21P0794_8000_-NONE-_-NONE-/
80NSSC21P0794,2021,10,46777.53,0.0,False,080-0120,"Science, National Aeronautics and Space Administration",Situation Awareness Systems LLC,cb9f9609-3102-e324-7e4f-5d41657376c9-C,"Conduct algorithm computations using tailored, flight-relevant sfm software for the DAVINCI+",https://www.usaspending.gov/award/CONT_AWD_80NSSC21P0794_8000_-NONE-_-NONE-/
80NSSC21P0794,2021,10,3222.47,0.0,False,080-0120,"Science, National Aeronautics and Space Administration",Situation Awareness Systems LLC,cb9f9609-3102-e324-7e4f-5d41657376c9-C,"Conduct algorithm computations using tailored, flight-relevant sfm software for the DAVINCI+",https://www.usaspending.gov/award/CONT_AWD_80NSSC21P0794_8000_-NONE-_-NONE-/
80NSSC21P0794,2021,9,3222.47,0.0,False,080-0120,"Science, National Aeronautics and Space Administration",Situation Awareness Systems LLC,cb9f9609-3102-e324-7e4f-5d41657376c9-C,"Conduct algorithm computations using tailored, flight-relevant sfm software for the DAVINCI+",https://www.usaspending.gov/award/CONT_AWD_80NSSC21P0794_8000_-NONE-_-NONE-/
80NSSC21P0794,2021,9,46777.53,0.0,False,080-0120,"Science, National Aeronautics and Space Administration",Situation Awareness Systems LLC,cb9f9609-3102-e324-7e4f-5d41657376c9-C,"Conduct algorithm computations using tailored, flight-relevant sfm software for the DAVINCI+",https://www.usaspending.gov/award/CONT_AWD_80NSSC21P0794_8000_-NONE-_-NONE-/
80NSSC21P0794,2021,8,3222.47,0.0,False,080-0120,"Science, National Aeronautics and Space Administration",Situation Awareness Systems LLC,cb9f9609-3102-e324-7e4f-5d41657376c9-C,"Conduct algorithm computations using tailored, flight-relevant sfm software for the DAVINCI+",https://www.usaspending.gov/award/CONT_AWD_80NSSC21P0794_8000_-NONE-_-NONE-/
80NSSC21P0794,2021,8,46777.53,0.0,False,080-0120,"Science, National Aeronautics and Space Administration",Situation Awareness Systems LLC,cb9f9609-3102-e324-7e4f-5d41657376c9-C,"Conduct algorithm computations using tailored, flight-relevant sfm software for the DAVINCI+",https://www.usaspending.gov/award/CONT_AWD_80NSSC21P0794_8000_-NONE-_-NONE-/
80NSSC21P0794,2021,7,3222.47,0.0,False,080-0120,"Science, National Aeronautics and Space Administration",Situation Awareness Systems LLC,cb9f9609-3102-e324-7e4f-5d41657376c9-C,"Conduct algorithm computations using tailored, flight-relevant sfm software for the DAVINCI+",https://www.usaspending.gov/award/CONT_AWD_80NSSC21P0794_8000_-NONE-_-NONE-/
80NSSC21P0794,2021,7,46777.53,0.0,False,080-0120,"Science, National Aeronautics and Space Administration",Situation Awareness Systems LLC,cb9f9609-3102-e324-7e4f-5d41657376c9-C,"Conduct algorithm computations using tailored, flight-relevant sfm software for the DAVINCI+",https://www.usaspending.gov/award/CONT_AWD_80NSSC21P0794_8000_-NONE-_-NONE-/
80NSSC21P0794,2021,7,0.0,42500.00,False,080-0120,"Science, National Aeronautics and Space Administration",Situation Awareness Systems LLC,cb9f9609-3102-e324-7e4f-5d41657376c9-C,"Conduct algorithm computations using tailored, flight-relevant sfm software for the DAVINCI+",https://www.usaspending.gov/award/CONT_AWD_80NSSC21P0794_8000_-NONE-_-NONE-/
80NSSC21P0794,2021,4,0.0,3222.47,False,080-0120,"Science, National Aeronautics and Space Administration",Situation Awareness Systems LLC,cb9f9609-3102-e324-7e4f-5d41657376c9-C,"Conduct algorithm computations using tailored, flight-relevant sfm software for the DAVINCI+",https://www.usaspending.gov/award/CONT_AWD_80NSSC21P0794_8000_-NONE-_-NONE-/
80NSSC21P0794,2021,4,0.0,46777.53,False,080-0120,"Science, National Aeronautics and Space Administration",Situation Awareness Systems LLC,cb9f9609-3102-e324-7e4f-5d41657376c9-C,"Conduct algorithm computations using tailored, flight-relevant sfm software for the DAVINCI+",https://www.usaspending.gov/award/CONT_AWD_80NSSC21P0794_8000_-NONE-_-NONE-/
80NSSC22M0183,2026,5,5196.46,0.0,False,080-0120,"Science, National Aeronautics and Space Administration",Regents of the University of Michigan,1567efcf-bcdb-61b9-72f2-70cbed5fa626-C,DAVINCI+ (deep atmosphere Venus investigation of noble gases chemistry  and imaging plus) mission,https://www.usaspending.gov/award/ASST_NON_80NSSC22M0183_080/
80NSSC22M0183,2026,4,5196.46,0.0,False,080-0120,"Science, National Aeronautics and Space Administration",Regents of the University of Michigan,1567efcf-bcdb-61b9-72f2-70cbed5fa626-C,DAVINCI+ (deep atmosphere Venus investigation of noble gases chemistry  and imaging plus) mission,https://www.usaspending.gov/award/ASST_NON_80NSSC22M0183_080/
80NSSC22M0183,2026,3,5196.46,0.0,False,080-0120,"Science, National Aeronautics and Space Administration",Regents of the University of Michigan,1567efcf-bcdb-61b9-72f2-70cbed5fa626-C,DAVINCI+ (deep atmosphere Venus investigation of noble gases chemistry  and imaging plus) mission,https://www.usaspending.gov/award/ASST_NON_80NSSC22M0183_080/
80NSSC22M0183,2026,2,5196.46,0.0,False,080-0120,"Science, National Aeronautics and Space Administration",Regents of the University of Michigan,1567efcf-bcdb-61b9-72f2-70cbed5fa626-C,DAVINCI+ (deep atmosphere Venus investigation of noble gases chemistry  and imaging plus) mission,https://www.usaspending.gov/award/ASST_NON_80NSSC22M0183_080/
80NSSC22M0183,2025,12,24803.54,0.0,False,080-0120,"Science, National Aeronautics and Space Administration",Regents of the University of Michigan,1567efcf-bcdb-61b9-72f2-70cbed5fa626-C,DAVINCI+ (deep atmosphere Venus investigation of noble gases chemistry  and imaging plus) mission,https://www.usaspending.gov/award/ASST_NON_80NSSC22M0183_080/
80NSSC22M0183,2025,11,20737.27,0.0,False,080-0120,"Science, National Aeronautics and Space Administration",Regents of the University of Michigan,1567efcf-bcdb-61b9-72f2-70cbed5fa626-C,DAVINCI+ (deep atmosphere Venus investigation of noble gases chemistry  and imaging plus) mission,https://www.usaspending.gov/award/ASST_NON_80NSSC22M0183_080/
80NSSC22M0183,2025,10,16658.18,0.0,False,080-0120,"Science, National Aeronautics and Space Administration",Regents of the University of Michigan,1567efcf-bcdb-61b9-72f2-70cbed5fa626-C,DAVINCI+ (deep atmosphere Venus investigation of noble gases chemistry  and imaging plus) mission,https://www.usaspending.gov/award/ASST_NON_80NSSC22M0183_080/
80NSSC22M0183,2025,9,11116.39,0.0,False,080-0120,"Science, National Aeronautics and Space Administration",Regents of the University of Michigan,1567efcf-bcdb-61b9-72f2-70cbed5fa626-C,DAVINCI+ (deep atmosphere Venus investigation of noble gases chemistry  and imaging plus) mission,https://www.usaspending.gov/award/ASST_NON_80NSSC22M0183_080/
80NSSC22M0183,2025,8,5574.60,0.0,False,080-0120,"Science, National Aeronautics and Space Administration",Regents of the University of Michigan,1567efcf-bcdb-61b9-72f2-70cbed5fa626-C,DAVINCI+ (deep atmosphere Venus investigation of noble gases chemistry  and imaging plus) mission,https://www.usaspending.gov/award/ASST_NON_80NSSC22M0183_080/
80NSSC22M0183,2025,7,101.17,0.0,False,080-0120,"Science, National Aeronautics and Space Administration",Regents of the University of Michigan,1567efcf-bcdb-61b9-72f2-70cbed5fa626-C,DAVINCI+ (deep atmosphere Venus investigation of noble gases chemistry  and imaging plus) mission,https://www.usaspending.gov/award/ASST_NON_80NSSC22M0183_080/
80NSSC22M0183,2025,6,101.17,0.0,False,080-0120,"Science, National Aeronautics and Space Administration",Regents of the University of Michigan,1567efcf-bcdb-61b9-72f2-70cbed5fa626-C,DAVINCI+ (deep atmosphere Venus investigation of noble gases chemistry  and imaging plus) mission,https://www.usaspending.gov/award/ASST_NON_80NSSC22M0183_080/
80NSSC22M0183,2025,5,101.17,0.0,False,080-0120,"Science, National Aeronautics and Space Administration",Regents of the University of Michigan,1567efcf-bcdb-61b9-72f2-70cbed5fa626-C,DAVINCI+ (deep atmosphere Venus investigation of noble gases chemistry  and imaging plus) mission,https://www.usaspending.gov/award/ASST_NON_80NSSC22M0183_080/
80NSSC22M0183,2025,4,101.17,0.0,False,080-0120,"Science, National Aeronautics and Space Administration",Regents of the University of Michigan,1567efcf-bcdb-61b9-72f2-70cbed5fa626-C,DAVINCI+ (deep atmosphere Venus investigation of noble gases chemistry  and imaging plus) mission,https://www.usaspending.gov/award/ASST_NON_80NSSC22M0183_080/
80NSSC22M0183,2025,3,0.0,30000.00,False,080-0120,"Science, National Aeronautics and Space Administration",Regents of the University of Michigan,1567efcf-bcdb-61b9-72f2-70cbed5fa626-C,DAVINCI+ (deep atmosphere Venus investigation of noble gases chemistry  and imaging plus) mission,https://www.usaspending.gov/award/ASST_NON_80NSSC22M0183_080/
80NSSC22M0183,2024,12,6910.66,0.0,False,080-0120,"Science, National Aeronautics and Space Administration",Regents of the University of Michigan,1567efcf-bcdb-61b9-72f2-70cbed5fa626-C,DAVINCI+ (deep atmosphere Venus investigation of noble gases chemistry  and imaging plus) mission,https://www.usaspending.gov/award/ASST_NON_80NSSC22M0183_080/
80NSSC22M0183,2024,12,15000.00,0.0,False,080-0120,"Science, National Aeronautics and Space Administration",Regents of the University of Michigan,1567efcf-bcdb-61b9-72f2-70cbed5fa626-C,DAVINCI+ (deep atmosphere Venus investigation of noble gases chemistry  and imaging plus) mission,https://www.usaspending.gov/award/ASST_NON_80NSSC22M0183_080/
80NSSC22M0183,2024,11,6910.66,0.0,False,080-0120,"Science, National Aeronautics and Space Administration",Regents of the University of Michigan,1567efcf-bcdb-61b9-72f2-70cbed5fa626-C,DAVINCI+ (deep atmosphere Venus investigation of noble gases chemistry  and imaging plus) mission,https://www.usaspending.gov/award/ASST_NON_80NSSC22M0183_080/
80NSSC22M0183,2024,11,15000.00,0.0,False,080-0120,"Science, National Aeronautics and Space Administration",Regents of the University of Michigan,1567efcf-bcdb-61b9-72f2-70cbed5fa626-C,DAVINCI+ (deep atmosphere Venus investigation of noble gases chemistry  and imaging plus) mission,https://www.usaspending.gov/award/ASST_NON_80NSSC22M0183_080/
80NSSC22M0183,2024,10,6910.66,0.0,False,080-0120,"Science, National Aeronautics and Space Administration",Regents of the University of Michigan,1567efcf-bcdb-61b9-72f2-70cbed5fa626-C,DAVINCI+ (deep atmosphere Venus investigation of noble gases chemistry  and imaging plus) mission,https://www.usaspending.gov/award/ASST_NON_80NSSC22M0183_080/
80NSSC22M0183,2024,10,15000.00,0.0,False,080-0120,"Science, National Aeronautics and Space Administration",Regents of the University of Michigan,1567efcf-bcdb-61b9-72f2-70cbed5fa626-C,DAVINCI+ (deep atmosphere Venus investigation of noble gases chemistry  and imaging plus) mission,https://www.usaspending.gov/award/ASST_NON_80NSSC22M0183_080/
80NSSC22M0183,2024,9,15000.00,0.0,False,080-0120,"Science, National Aeronautics and Space Administration",Regents of the University of Michigan,1567efcf-bcdb-61b9-72f2-70cbed5fa626-C,DAVINCI+ (deep atmosphere Venus investigation of noble gases chemistry  and imaging plus) mission,https://www.usaspending.gov/award/ASST_NON_80NSSC22M0183_080/
80NSSC22M0183,2024,9,6910.66,0.0,False,080-0120,"Science, National Aeronautics and Space Administration",Regents of the University of Michigan,1567efcf-bcdb-61b9-72f2-70cbed5fa626-C,DAVINCI+ (deep atmosphere Venus investigation of noble gases chemistry  and imaging plus) mission,https://www.usaspending.gov/award/ASST_NON_80NSSC22M0183_080/
80NSSC22M0183,2024,8,6910.66,0.0,False,080-0120,"Science, National Aeronautics and Space Administration",Regents of the University of Michigan,1567efcf-bcdb-61b9-72f2-70cbed5fa626-C,DAVINCI+ (deep atmosphere Venus investigation of noble gases chemistry  and imaging plus) mission,https://www.usaspending.gov/award/ASST_NON_80NSSC22M0183_080/
80NSSC22M0183,2024,8,15000.00,0.0,False,080-0120,"Science, National Aeronautics and Space Administration",Regents of the University of Michigan,1567efcf-bcdb-61b9-72f2-70cbed5fa626-C,DAVINCI+ (deep atmosphere Venus investigation of noble gases chemistry  and imaging plus) mission,https://www.usaspending.gov/award/ASST_NON_80NSSC22M0183_080/
80NSSC22M0183,2024,7,6910.66,0.0,False,080-0120,"Science, National Aeronautics and Space Administration",Regents of the University of Michigan,1567efcf-bcdb-61b9-72f2-70cbed5fa626-C,DAVINCI+ (deep atmosphere Venus investigation of noble gases chemistry  and imaging plus) mission,https://www.usaspending.gov/award/ASST_NON_80NSSC22M0183_080/
80NSSC22M0183,2024,7,15000.00,0.0,False,080-0120,"Science, National Aeronautics and Space Administration",Regents of the University of Michigan,1567efcf-bcdb-61b9-72f2-70cbed5fa626-C,DAVINCI+ (deep atmosphere Venus investigation of noble gases chemistry  and imaging plus) mission,https://www.usaspending.gov/award/ASST_NON_80NSSC22M0183_080/
80NSSC22M0183,2024,6,15000.00,0.0,False,080-0120,"Science, National Aeronautics and Space Administration",Regents of the University of Michigan,1567efcf-bcdb-61b9-72f2-70cbed5fa626-C,DAVINCI+ (deep atmosphere Venus investigation of noble gases chemistry  and imaging plus) mission,https://www.usaspending.gov/award/ASST_NON_80NSSC22M0183_080/
80NSSC22M0183,2024,6,6910.66,0.0,False,080-0120,"Science, National Aeronautics and Space Administration",Regents of the University of Michigan,1567efcf-bcdb-61b9-72f2-70cbed5fa626-C,DAVINCI+ (deep atmosphere Venus investigation of noble gases chemistry  and imaging plus) mission,https://www.usaspending.gov/award/ASST_NON_80NSSC22M0183_080/
80NSSC22M0183,2024,5,6910.66,0.0,False,080-0120,"Science, National Aeronautics and Space Administration",Regents of the University of Michigan,1567efcf-bcdb-61b9-72f2-70cbed5fa626-C,DAVINCI+ (deep atmosphere Venus investigation of noble gases chemistry  and imaging plus) mission,https://www.usaspending.gov/award/ASST_NON_80NSSC22M0183_080/
80NSSC22M0183,2024,5,15000.00,0.0,False,080-0120,"Science, National Aeronautics and Space Administration",Regents of the University of Michigan,1567efcf-bcdb-61b9-72f2-70cbed5fa626-C,DAVINCI+ (deep atmosphere Venus investigation of noble gases chemistry  and imaging plus) mission,https://www.usaspending.gov/award/ASST_NON_80NSSC22M0183_080/
80NSSC22M0183,2024,4,6910.66,0.0,False,080-0120,"Science, National Aeronautics and Space Administration",Regents of the University of Michigan,1567efcf-bcdb-61b9-72f2-70cbed5fa626-C,DAVINCI+ (deep atmosphere Venus investigation of noble gases chemistry  and imaging plus) mission,https://www.usaspending.gov/award/ASST_NON_80NSSC22M0183_080/
80NSSC22M0183,2024,4,15000.00,0.0,False,080-0120,"Science, National Aeronautics and Space Administration",Regents of the University of Michigan,1567efcf-bcdb-61b9-72f2-70cbed5fa626-C,DAVINCI+ (deep atmosphere Venus investigation of noble gases chemistry  and imaging plus) mission,https://www.usaspending.gov/award/ASST_NON_80NSSC22M0183_080/
80NSSC22M0183,2024,3,6910.66,0.0,False,080-0120,"Science, National Aeronautics and Space Administration",Regents of the University of Michigan,1567efcf-bcdb-61b9-72f2-70cbed5fa626-C,DAVINCI+ (deep atmosphere Venus investigation of noble gases chemistry  and imaging plus) mission,https://www.usaspending.gov/award/ASST_NON_80NSSC22M0183_080/
80NSSC22M0183,2024,3,14774.32,0.0,False,080-0120,"Science, National Aeronautics and Space Administration",Regents of the University of Michigan,1567efcf-bcdb-61b9-72f2-70cbed5fa626-C,DAVINCI+ (deep atmosphere Venus investigation of noble gases chemistry  and imaging plus) mission,https://www.usaspending.gov/award/ASST_NON_80NSSC22M0183_080/
80NSSC22M0183,2024,2,0.0,15000.00,False,080-0120,"Science, National Aeronautics and Space Administration",Regents of the University of Michigan,1567efcf-bcdb-61b9-72f2-70cbed5fa626-C,DAVINCI+ (deep atmosphere Venus investigation of noble gases chemistry  and imaging plus) mission,https://www.usaspending.gov/award/ASST_NON_80NSSC22M0183_080/
80NSSC22M0183,2024,2,6380.51,0.0,False,080-0120,"Science, National Aeronautics and Space Administration",Regents of the University of Michigan,1567efcf-bcdb-61b9-72f2-70cbed5fa626-C,DAVINCI+ (deep atmosphere Venus investigation of noble gases chemistry  and imaging plus) mission,https://www.usaspending.gov/award/ASST_NON_80NSSC22M0183_080/
80NSSC22M0183,2023,12,53089.34,0.0,False,080-0120,"Science, National Aeronautics and Space Administration",Regents of the University of Michigan,1567efcf-bcdb-61b9-72f2-70cbed5fa626-C,DAVINCI+ (deep atmosphere Venus investigation of noble gases chemistry  and imaging plus) mission,https://www.usaspending.gov/award/ASST_NON_80NSSC22M0183_080/
80NSSC22M0183,2023,11,52852.16,0.0,False,080-0120,"Science, National Aeronautics and Space Administration",Regents of the University of Michigan,1567efcf-bcdb-61b9-72f2-70cbed5fa626-C,DAVINCI+ (deep atmosphere Venus investigation of noble gases chemistry  and imaging plus) mission,https://www.usaspending.gov/award/ASST_NON_80NSSC22M0183_080/
80NSSC22M0183,2023,10,26478.38,0.0,False,080-0120,"Science, National Aeronautics and Space Administration",Regents of the University of Michigan,1567efcf-bcdb-61b9-72f2-70cbed5fa626-C,DAVINCI+ (deep atmosphere Venus investigation of noble gases chemistry  and imaging plus) mission,https://www.usaspending.gov/award/ASST_NON_80NSSC22M0183_080/
80NSSC22M0183,2023,9,5223.94,0.0,False,080-0120,"Science, National Aeronautics and Space Administration",Regents of the University of Michigan,1567efcf-bcdb-61b9-72f2-70cbed5fa626-C,DAVINCI+ (deep atmosphere Venus investigation of noble gases chemistry  and imaging plus) mission,https://www.usaspending.gov/award/ASST_NON_80NSSC22M0183_080/
80NSSC22M0183,2023,8,2714.82,0.0,False,080-0120,"Science, National Aeronautics and Space Administration",Regents of the University of Michigan,1567efcf-bcdb-61b9-72f2-70cbed5fa626-C,DAVINCI+ (deep atmosphere Venus investigation of noble gases chemistry  and imaging plus) mission,https://www.usaspending.gov/award/ASST_NON_80NSSC22M0183_080/
80NSSC22M0183,2023,7,1317.64,0.0,False,080-0120,"Science, National Aeronautics and Space Administration",Regents of the University of Michigan,1567efcf-bcdb-61b9-72f2-70cbed5fa626-C,DAVINCI+ (deep atmosphere Venus investigation of noble gases chemistry  and imaging plus) mission,https://www.usaspending.gov/award/ASST_NON_80NSSC22M0183_080/
80NSSC22M0183,2022,12,0.0,60000.00,False,080-0120,"Science, National Aeronautics and Space Administration",Regents of the University of Michigan,1567efcf-bcdb-61b9-72f2-70cbed5fa626-C,DAVINCI+ (deep atmosphere Venus investigation of noble gases chemistry  and imaging plus) mission,https://www.usaspending.gov/award/ASST_NON_80NSSC22M0183_080/
80NSSC22M0186,2025,12,14762.61,0.0,False,080-0120,"Science, National Aeronautics and Space Administration",Wesleyan University,b4003de5-c2a1-484c-4a3f-8c87b55e677c-C,Deep atmosphere Venus investigation of noble gases  chemistry and imaging plus (DAVINCI+),https://www.usaspending.gov/award/ASST_NON_80NSSC22M0186_080/
80NSSC22M0186,2025,12,15001.00,0.0,False,080-0120,"Science, National Aeronautics and Space Administration",Wesleyan University,b4003de5-c2a1-484c-4a3f-8c87b55e677c-C,Deep atmosphere Venus investigation of noble gases  chemistry and imaging plus (DAVINCI+),https://www.usaspending.gov/award/ASST_NON_80NSSC22M0186_080/
80NSSC22M0186,2025,11,15001.00,0.0,False,080-0120,"Science, National Aeronautics and Space Administration",Wesleyan University,b4003de5-c2a1-484c-4a3f-8c87b55e677c-C,Deep atmosphere Venus investigation of noble gases  chemistry and imaging plus (DAVINCI+),https://www.usaspending.gov/award/ASST_NON_80NSSC22M0186_080/
80NSSC22M0186,2025,11,14762.61,0.0,False,080-0120,"Science, National Aeronautics and Space Administration",Wesleyan University,b4003de5-c2a1-484c-4a3f-8c87b55e677c-C,Deep atmosphere Venus investigation of noble gases  chemistry and imaging plus (DAVINCI+),https://www.usaspending.gov/award/ASST_NON_80NSSC22M0186_080/
80NSSC22M0186,2025,10,14762.61,0.0,False,080-0120,"Science, National Aeronautics and Space Administration",Wesleyan University,b4003de5-c2a1-484c-4a3f-8c87b55e677c-C,Deep atmosphere Venus investigation of noble gases  chemistry and imaging plus (DAVINCI+),https://www.usaspending.gov/award/ASST_NON_80NSSC22M0186_080/
80NSSC22M0186,2025,10,15001.00,0.0,False,080-0120,"Science, National Aeronautics and Space Administration",Wesleyan University,b4003de5-c2a1-484c-4a3f-8c87b55e677c-C,Deep atmosphere Venus investigation of noble gases  chemistry and imaging plus (DAVINCI+),https://www.usaspending.gov/award/ASST_NON_80NSSC22M0186_080/
80NSSC22M0186,2025,9,14762.61,0.0,False,080-0120,"Science, National Aeronautics and Space Administration",Wesleyan University,b4003de5-c2a1-484c-4a3f-8c87b55e677c-C,Deep atmosphere Venus investigation of noble gases  chemistry and imaging plus (DAVINCI+),https://www.usaspending.gov/award/ASST_NON_80NSSC22M0186_080/
80NSSC22M0186,2025,9,15001.00,0.0,False,080-0120,"Science, National Aeronautics and Space Administration",Wesleyan University,b4003de5-c2a1-484c-4a3f-8c87b55e677c-C,Deep atmosphere Venus investigation of noble gases  chemistry and imaging plus (DAVINCI+),https://www.usaspending.gov/award/ASST_NON_80NSSC22M0186_080/
80NSSC22M0186,2025,8,14762.61,0.0,False,080-0120,"Science, National Aeronautics and Space Administration",Wesleyan University,b4003de5-c2a1-484c-4a3f-8c87b55e677c-C,Deep atmosphere Venus investigation of noble gases  chemistry and imaging plus (DAVINCI+),https://www.usaspending.gov/award/ASST_NON_80NSSC22M0186_080/
80NSSC22M0186,2025,8,15001.00,0.0,False,080-0120,"Science, National Aeronautics and Space Administration",Wesleyan University,b4003de5-c2a1-484c-4a3f-8c87b55e677c-C,Deep atmosphere Venus investigation of noble gases  chemistry and imaging plus (DAVINCI+),https://www.usaspending.gov/award/ASST_NON_80NSSC22M0186_080/
80NSSC22M0186,2025,7,14762.61,0.0,False,080-0120,"Science, National Aeronautics and Space Administration",Wesleyan University,b4003de5-c2a1-484c-4a3f-8c87b55e677c-C,Deep atmosphere Venus investigation of noble gases  chemistry and imaging plus (DAVINCI+),https://www.usaspending.gov/award/ASST_NON_80NSSC22M0186_080/
80NSSC22M0186,2025,7,15001.00,0.0,False,080-0120,"Science, National Aeronautics and Space Administration",Wesleyan University,b4003de5-c2a1-484c-4a3f-8c87b55e677c-C,Deep atmosphere Venus investigation of noble gases  chemistry and imaging plus (DAVINCI+),https://www.usaspending.gov/award/ASST_NON_80NSSC22M0186_080/
80NSSC22M0186,2025,6,15001.00,0.0,False,080-0120,"Science, National Aeronautics and Space Administration",Wesleyan University,b4003de5-c2a1-484c-4a3f-8c87b55e677c-C,Deep atmosphere Venus investigation of noble gases  chemistry and imaging plus (DAVINCI+),https://www.usaspending.gov/award/ASST_NON_80NSSC22M0186_080/
80NSSC22M0186,2025,6,14762.61,0.0,False,080-0120,"Science, National Aeronautics and Space Administration",Wesleyan University,b4003de5-c2a1-484c-4a3f-8c87b55e677c-C,Deep atmosphere Venus investigation of noble gases  chemistry and imaging plus (DAVINCI+),https://www.usaspending.gov/award/ASST_NON_80NSSC22M0186_080/
80NSSC22M0186,2025,5,14762.61,0.0,False,080-0120,"Science, National Aeronautics and Space Administration",Wesleyan University,b4003de5-c2a1-484c-4a3f-8c87b55e677c-C,Deep atmosphere Venus investigation of noble gases  chemistry and imaging plus (DAVINCI+),https://www.usaspending.gov/award/ASST_NON_80NSSC22M0186_080/
80NSSC22M0186,2025,5,15001.00,0.0,False,080-0120,"Science, National Aeronautics and Space Administration",Wesleyan University,b4003de5-c2a1-484c-4a3f-8c87b55e677c-C,Deep atmosphere Venus investigation of noble gases  chemistry and imaging plus (DAVINCI+),https://www.usaspending.gov/award/ASST_NON_80NSSC22M0186_080/
80NSSC22M0186,2025,4,14762.61,0.0,False,080-0120,"Science, National Aeronautics and Space Administration",Wesleyan University,b4003de5-c2a1-484c-4a3f-8c87b55e677c-C,Deep atmosphere Venus investigation of noble gases  chemistry and imaging plus (DAVINCI+),https://www.usaspending.gov/award/ASST_NON_80NSSC22M0186_080/
80NSSC22M0186,2025,4,15001.00,0.0,False,080-0120,"Science, National Aeronautics and Space Administration",Wesleyan University,b4003de5-c2a1-484c-4a3f-8c87b55e677c-C,Deep atmosphere Venus investigation of noble gases  chemistry and imaging plus (DAVINCI+),https://www.usaspending.gov/award/ASST_NON_80NSSC22M0186_080/
80NSSC22M0186,2025,3,0.0,15001.00,False,080-0120,"Science, National Aeronautics and Space Administration",Wesleyan University,b4003de5-c2a1-484c-4a3f-8c87b55e677c-C,Deep atmosphere Venus investigation of noble gases  chemistry and imaging plus (DAVINCI+),https://www.usaspending.gov/award/ASST_NON_80NSSC22M0186_080/
80NSSC22M0186,2025,3,14673.60,0.0,False,080-0120,"Science, National Aeronautics and Space Administration",Wesleyan University,b4003de5-c2a1-484c-4a3f-8c87b55e677c-C,Deep atmosphere Venus investigation of noble gases  chemistry and imaging plus (DAVINCI+),https://www.usaspending.gov/award/ASST_NON_80NSSC22M0186_080/
80NSSC22M0186,2025,2,14673.60,0.0,False,080-0120,"Science, National Aeronautics and Space Administration",Wesleyan University,b4003de5-c2a1-484c-4a3f-8c87b55e677c-C,Deep atmosphere Venus investigation of noble gases  chemistry and imaging plus (DAVINCI+),https://www.usaspending.gov/award/ASST_NON_80NSSC22M0186_080/
80NSSC22M0186,2024,12,238.39,0.0,False,080-0120,"Science, National Aeronautics and Space Administration",Wesleyan University,b4003de5-c2a1-484c-4a3f-8c87b55e677c-C,Deep atmosphere Venus investigation of noble gases  chemistry and imaging plus (DAVINCI+),https://www.usaspending.gov/award/ASST_NON_80NSSC22M0186_080/
80NSSC22M0186,2024,12,2733.15,0.0,False,080-0120,"Science, National Aeronautics and Space Administration",Wesleyan University,b4003de5-c2a1-484c-4a3f-8c87b55e677c-C,Deep atmosphere Venus investigation of noble gases  chemistry and imaging plus (DAVINCI+),https://www.usaspending.gov/award/ASST_NON_80NSSC22M0186_080/
80NSSC22M0186,2024,12,15022.00,0.0,False,080-0120,"Science, National Aeronautics and Space Administration",Wesleyan University,b4003de5-c2a1-484c-4a3f-8c87b55e677c-C,Deep atmosphere Venus investigation of noble gases  chemistry and imaging plus (DAVINCI+),https://www.usaspending.gov/award/ASST_NON_80NSSC22M0186_080/
80NSSC22M0186,2024,11,15022.00,0.0,False,080-0120,"Science, National Aeronautics and Space Administration",Wesleyan University,b4003de5-c2a1-484c-4a3f-8c87b55e677c-C,Deep atmosphere Venus investigation of noble gases  chemistry and imaging plus (DAVINCI+),https://www.usaspending.gov/award/ASST_NON_80NSSC22M0186_080/
80NSSC22M0186,2024,11,2733.15,0.0,False,080-0120,"Science, National Aeronautics and Space Administration",Wesleyan University,b4003de5-c2a1-484c-4a3f-8c87b55e677c-C,Deep atmosphere Venus investigation of noble gases  chemistry and imaging plus (DAVINCI+),https://www.usaspending.gov/award/ASST_NON_80NSSC22M0186_080/
80NSSC22M0186,2024,11,238.39,0.0,False,080-0120,"Science, National Aeronautics and Space Administration",Wesleyan University,b4003de5-c2a1-484c-4a3f-8c87b55e677c-C,Deep atmosphere Venus investigation of noble gases  chemistry and imaging plus (DAVINCI+),https://www.usaspending.gov/award/ASST_NON_80NSSC22M0186_080/
80NSSC22M0186,2024,10,15022.00,0.0,False,080-0120,"Science, National Aeronautics and Space Administration",Wesleyan University,b4003de5-c2a1-484c-4a3f-8c87b55e677c-C,Deep atmosphere Venus investigation of noble gases  chemistry and imaging plus (DAVINCI+),https://www.usaspending.gov/award/ASST_NON_80NSSC22M0186_080/
80NSSC22M0186,2024,10,238.39,0.0,False,080-0120,"Science, National Aeronautics and Space Administration",Wesleyan University,b4003de5-c2a1-484c-4a3f-8c87b55e677c-C,Deep atmosphere Venus investigation of noble gases  chemistry and imaging plus (DAVINCI+),https://www.usaspending.gov/award/ASST_NON_80NSSC22M0186_080/
80NSSC22M0186,2024,10,2733.15,0.0,False,080-0120,"Science, National Aeronautics and Space Administration",Wesleyan University,b4003de5-c2a1-484c-4a3f-8c87b55e677c-C,Deep atmosphere Venus investigation of noble gases  chemistry and imaging plus (DAVINCI+),https://www.usaspending.gov/award/ASST_NON_80NSSC22M0186_080/
80NSSC22M0186,2024,9,11692.84,0.0,False,080-0120,"Science, National Aeronautics and Space Administration",Wesleyan University,b4003de5-c2a1-484c-4a3f-8c87b55e677c-C,Deep atmosphere Venus investigation of noble gases  chemistry and imaging plus (DAVINCI+),https://www.usaspending.gov/award/ASST_NON_80NSSC22M0186_080/
80NSSC22M0186,2024,9,2733.15,0.0,False,080-0120,"Science, National Aeronautics and Space Administration",Wesleyan University,b4003de5-c2a1-484c-4a3f-8c87b55e677c-C,Deep atmosphere Venus investigation of noble gases  chemistry and imaging plus (DAVINCI+),https://www.usaspending.gov/award/ASST_NON_80NSSC22M0186_080/
80NSSC22M0186,2024,8,2733.15,0.0,False,080-0120,"Science, National Aeronautics and Space Administration",Wesleyan University,b4003de5-c2a1-484c-4a3f-8c87b55e677c-C,Deep atmosphere Venus investigation of noble gases  chemistry and imaging plus (DAVINCI+),https://www.usaspending.gov/award/ASST_NON_80NSSC22M0186_080/
80NSSC22M0186,2024,8,11692.84,0.0,False,080-0120,"Science, National Aeronautics and Space Administration",Wesleyan University,b4003de5-c2a1-484c-4a3f-8c87b55e677c-C,Deep atmosphere Venus investigation of noble gases  chemistry and imaging plus (DAVINCI+),https://www.usaspending.gov/award/ASST_NON_80NSSC22M0186_080/
80NSSC22M0186,2024,7,11358.75,0.0,False,080-0120,"Science, National Aeronautics and Space Administration",Wesleyan University,b4003de5-c2a1-484c-4a3f-8c87b55e677c-C,Deep atmosphere Venus investigation of noble gases  chemistry and imaging plus (DAVINCI+),https://www.usaspending.gov/award/ASST_NON_80NSSC22M0186_080/
80NSSC22M0186,2024,7,2733.15,0.0,False,080-0120,"Science, National Aeronautics and Space Administration",Wesleyan University,b4003de5-c2a1-484c-4a3f-8c87b55e677c-C,Deep atmosphere Venus investigation of noble gases  chemistry and imaging plus (DAVINCI+),https://www.usaspending.gov/award/ASST_NON_80NSSC22M0186_080/
80NSSC22M0186,2024,7,0.0,15001.00,False,080-0120,"Science, National Aeronautics and Space Administration",Wesleyan University,b4003de5-c2a1-484c-4a3f-8c87b55e677c-C,Deep atmosphere Venus investigation of noble gases  chemistry and imaging plus (DAVINCI+),https://www.usaspending.gov/award/ASST_NON_80NSSC22M0186_080/
80NSSC22M0186,2024,6,2733.15,0.0,False,080-0120,"Science, National Aeronautics and Space Administration",Wesleyan University,b4003de5-c2a1-484c-4a3f-8c87b55e677c-C,Deep atmosphere Venus investigation of noble gases  chemistry and imaging plus (DAVINCI+),https://www.usaspending.gov/award/ASST_NON_80NSSC22M0186_080/
80NSSC22M0186,2024,6,10104.65,0.0,False,080-0120,"Science, National Aeronautics and Space Administration",Wesleyan University,b4003de5-c2a1-484c-4a3f-8c87b55e677c-C,Deep atmosphere Venus investigation of noble gases  chemistry and imaging plus (DAVINCI+),https://www.usaspending.gov/award/ASST_NON_80NSSC22M0186_080/
80NSSC22M0186,2024,5,2733.15,0.0,False,080-0120,"Science, National Aeronautics and Space Administration",Wesleyan University,b4003de5-c2a1-484c-4a3f-8c87b55e677c-C,Deep atmosphere Venus investigation of noble gases  chemistry and imaging plus (DAVINCI+),https://www.usaspending.gov/award/ASST_NON_80NSSC22M0186_080/
80NSSC22M0186,2024,5,15022.00,0.0,False,080-0120,"Science, National Aeronautics and Space Administration",Wesleyan University,b4003de5-c2a1-484c-4a3f-8c87b55e677c-C,Deep atmosphere Venus investigation of noble gases  chemistry and imaging plus (DAVINCI+),https://www.usaspending.gov/award/ASST_NON_80NSSC22M0186_080/
80NSSC22M0186,2024,4,2733.15,0.0,False,080-0120,"Science, National Aeronautics and Space Administration",Wesleyan University,b4003de5-c2a1-484c-4a3f-8c87b55e677c-C,Deep atmosphere Venus investigation of noble gases  chemistry and imaging plus (DAVINCI+),https://www.usaspending.gov/award/ASST_NON_80NSSC22M0186_080/
80NSSC22M0186,2024,4,15022.00,0.0,False,080-0120,"Science, National Aeronautics and Space Administration",Wesleyan University,b4003de5-c2a1-484c-4a3f-8c87b55e677c-C,Deep atmosphere Venus investigation of noble gases  chemistry and imaging plus (DAVINCI+),https://www.usaspending.gov/award/ASST_NON_80NSSC22M0186_080/
80NSSC22M0186,2024,3,2733.15,0.0,False,080-0120,"Science, National Aeronautics and Space Administration",Wesleyan University,b4003de5-c2a1-484c-4a3f-8c87b55e677c-C,Deep atmosphere Venus investigation of noble gases  chemistry and imaging plus (DAVINCI+),https://www.usaspending.gov/award/ASST_NON_80NSSC22M0186_080/
80NSSC22M0186,2024,3,15022.00,0.0,False,080-0120,"Science, National Aeronautics and Space Administration",Wesleyan University,b4003de5-c2a1-484c-4a3f-8c87b55e677c-C,Deep atmosphere Venus investigation of noble gases  chemistry and imaging plus (DAVINCI+),https://www.usaspending.gov/award/ASST_NON_80NSSC22M0186_080/
80NSSC22M0186,2024,2,2733.15,0.0,False,080-0120,"Science, National Aeronautics and Space Administration",Wesleyan University,b4003de5-c2a1-484c-4a3f-8c87b55e677c-C,Deep atmosphere Venus investigation of noble gases  chemistry and imaging plus (DAVINCI+),https://www.usaspending.gov/award/ASST_NON_80NSSC22M0186_080/
80NSSC22M0186,2024,2,10366.41,0.0,False,080-0120,"Science, National Aeronautics and Space Administration",Wesleyan University,b4003de5-c2a1-484c-4a3f-8c87b55e677c-C,Deep atmosphere Venus investigation of noble gases  chemistry and imaging plus (DAVINCI+),https://www.usaspending.gov/award/ASST_NON_80NSSC22M0186_080/
80NSSC22M0186,2023,12,27333.85,0.0,False,080-0120,"Science, National Aeronautics and Space Administration",Wesleyan University,b4003de5-c2a1-484c-4a3f-8c87b55e677c-C,Deep atmosphere Venus investigation of noble gases  chemistry and imaging plus (DAVINCI+),https://www.usaspending.gov/award/ASST_NON_80NSSC22M0186_080/
80NSSC22M0186,2023,11,13936.68,0.0,False,080-0120,"Science, National Aeronautics and Space Administration",Wesleyan University,b4003de5-c2a1-484c-4a3f-8c87b55e677c-C,Deep atmosphere Venus investigation of noble gases  chemistry and imaging plus (DAVINCI+),https://www.usaspending.gov/award/ASST_NON_80NSSC22M0186_080/
80NSSC22M0186,2023,10,13936.68,0.0,False,080-0120,"Science, National Aeronautics and Space Administration",Wesleyan University,b4003de5-c2a1-484c-4a3f-8c87b55e677c-C,Deep atmosphere Venus investigation of noble gases  chemistry and imaging plus (DAVINCI+),https://www.usaspending.gov/award/ASST_NON_80NSSC22M0186_080/
80NSSC22M0186,2023,9,7061.82,0.0,False,080-0120,"Science, National Aeronautics and Space Administration",Wesleyan University,b4003de5-c2a1-484c-4a3f-8c87b55e677c-C,Deep atmosphere Venus investigation of noble gases  chemistry and imaging plus (DAVINCI+),https://www.usaspending.gov/award/ASST_NON_80NSSC22M0186_080/
80NSSC22M0186,2023,8,7061.82,0.0,False,080-0120,"Science, National Aeronautics and Space Administration",Wesleyan University,b4003de5-c2a1-484c-4a3f-8c87b55e677c-C,Deep atmosphere Venus investigation of noble gases  chemistry and imaging plus (DAVINCI+),https://www.usaspending.gov/award/ASST_NON_80NSSC22M0186_080/
80NSSC22M0186,2023,7,6981.81,0.0,False,080-0120,"Science, National Aeronautics and Space Administration",Wesleyan University,b4003de5-c2a1-484c-4a3f-8c87b55e677c-C,Deep atmosphere Venus investigation of noble gases  chemistry and imaging plus (DAVINCI+),https://www.usaspending.gov/award/ASST_NON_80NSSC22M0186_080/
80NSSC22M0186,2023,6,6981.81,0.0,False,080-0120,"Science, National Aeronautics and Space Administration",Wesleyan University,b4003de5-c2a1-484c-4a3f-8c87b55e677c-C,Deep atmosphere Venus investigation of noble gases  chemistry and imaging plus (DAVINCI+),https://www.usaspending.gov/award/ASST_NON_80NSSC22M0186_080/
80NSSC22M0186,2023,6,0.0,15022.00,False,080-0120,"Science, National Aeronautics and Space Administration",Wesleyan University,b4003de5-c2a1-484c-4a3f-8c87b55e677c-C,Deep atmosphere Venus investigation of noble gases  chemistry and imaging plus (DAVINCI+),https://www.usaspending.gov/award/ASST_NON_80NSSC22M0186_080/
80NSSC22M0186,2022,12,0.0,15067.00,False,080-0120,"Science, National Aeronautics and Space Administration",Wesleyan University,b4003de5-c2a1-484c-4a3f-8c87b55e677c-C,Deep atmosphere Venus investigation of noble gases  chemistry and imaging plus (DAVINCI+),https://www.usaspending.gov/award/ASST_NON_80NSSC22M0186_080/
80NSSC22M0186,2022,10,0.0,15000.00,False,080-0120,"Science, National Aeronautics and Space Administration",Wesleyan University,b4003de5-c2a1-484c-4a3f-8c87b55e677c-C,Deep atmosphere Venus investigation of noble gases  chemistry and imaging plus (DAVINCI+),https://www.usaspending.gov/award/ASST_NON_80NSSC22M0186_080/
80NSSC22M0188,2026,5,619.82,0.0,False,080-0120,"Science, National Aeronautics and Space Administration",Regents of the University of California at Riverside,9bf7f829-5f05-a40d-9f7c-fdadacaf3e56-C,eo14042 DAVINCI+ a giant leap forward in Venus exploration,https://www.usaspending.gov/award/ASST_NON_80NSSC22M0188_080/
80NSSC22M0188,2026,4,619.82,0.0,False,080-0120,"Science, National Aeronautics and Space Administration",Regents of the University of California at Riverside,9bf7f829-5f05-a40d-9f7c-fdadacaf3e56-C,eo14042 DAVINCI+ a giant leap forward in Venus exploration,https://www.usaspending.gov/award/ASST_NON_80NSSC22M0188_080/
80NSSC22M0188,2026,3,170.61,0.0,False,080-0120,"Science, National Aeronautics and Space Administration",Regents of the University of California at Riverside,9bf7f829-5f05-a40d-9f7c-fdadacaf3e56-C,eo14042 DAVINCI+ a giant leap forward in Venus exploration,https://www.usaspending.gov/award/ASST_NON_80NSSC22M0188_080/
80NSSC22M0188,2026,2,170.61,0.0,False,080-0120,"Science, National Aeronautics and Space Administration",Regents of the University of California at Riverside,9bf7f829-5f05-a40d-9f7c-fdadacaf3e56-C,eo14042 DAVINCI+ a giant leap forward in Venus exploration,https://www.usaspending.gov/award/ASST_NON_80NSSC22M0188_080/
80NSSC22M0188,2025,12,14378.75,0.0,False,080-0120,"Science, National Aeronautics and Space Administration",Regents of the University of California at Riverside,9bf7f829-5f05-a40d-9f7c-fdadacaf3e56-C,eo14042 DAVINCI+ a giant leap forward in Venus exploration,https://www.usaspending.gov/award/ASST_NON_80NSSC22M0188_080/
80NSSC22M0188,2025,12,7584.20,0.0,False,080-0120,"Science, National Aeronautics and Space Administration",Regents of the University of California at Riverside,9bf7f829-5f05-a40d-9f7c-fdadacaf3e56-C,eo14042 DAVINCI+ a giant leap forward in Venus exploration,https://www.usaspending.gov/award/ASST_NON_80NSSC22M0188_080/
80NSSC22M0188,2025,11,8144.96,0.0,False,080-0120,"Science, National Aeronautics and Space Administration",Regents of the University of California at Riverside,9bf7f829-5f05-a40d-9f7c-fdadacaf3e56-C,eo14042 DAVINCI+ a giant leap forward in Venus exploration,https://www.usaspending.gov/award/ASST_NON_80NSSC22M0188_080/
80NSSC22M0188,2025,11,7584.20,0.0,False,080-0120,"Science, National Aeronautics and Space Administration",Regents of the University of California at Riverside,9bf7f829-5f05-a40d-9f7c-fdadacaf3e56-C,eo14042 DAVINCI+ a giant leap forward in Venus exploration,https://www.usaspending.gov/award/ASST_NON_80NSSC22M0188_080/
80NSSC22M0188,2025,10,3462.85,0.0,False,080-0120,"Science, National Aeronautics and Space Administration",Regents of the University of California at Riverside,9bf7f829-5f05-a40d-9f7c-fdadacaf3e56-C,eo14042 DAVINCI+ a giant leap forward in Venus exploration,https://www.usaspending.gov/award/ASST_NON_80NSSC22M0188_080/
80NSSC22M0188,2025,10,7584.20,0.0,False,080-0120,"Science, National Aeronautics and Space Administration",Regents of the University of California at Riverside,9bf7f829-5f05-a40d-9f7c-fdadacaf3e56-C,eo14042 DAVINCI+ a giant leap forward in Venus exploration,https://www.usaspending.gov/award/ASST_NON_80NSSC22M0188_080/
80NSSC22M0188,2025,9,3462.85,0.0,False,080-0120,"Science, National Aeronautics and Space Administration",Regents of the University of California at Riverside,9bf7f829-5f05-a40d-9f7c-fdadacaf3e56-C,eo14042 DAVINCI+ a giant leap forward in Venus exploration,https://www.usaspending.gov/award/ASST_NON_80NSSC22M0188_080/
80NSSC22M0188,2025,9,7584.20,0.0,False,080-0120,"Science, National Aeronautics and Space Administration",Regents of the University of California at Riverside,9bf7f829-5f05-a40d-9f7c-fdadacaf3e56-C,eo14042 DAVINCI+ a giant leap forward in Venus exploration,https://www.usaspending.gov/award/ASST_NON_80NSSC22M0188_080/
80NSSC22M0188,2025,8,7584.20,0.0,False,080-0120,"Science, National Aeronautics and Space Administration",Regents of the University of California at Riverside,9bf7f829-5f05-a40d-9f7c-fdadacaf3e56-C,eo14042 DAVINCI+ a giant leap forward in Venus exploration,https://www.usaspending.gov/award/ASST_NON_80NSSC22M0188_080/
80NSSC22M0188,2025,8,2299.89,0.0,False,080-0120,"Science, National Aeronautics and Space Administration",Regents of the University of California at Riverside,9bf7f829-5f05-a40d-9f7c-fdadacaf3e56-C,eo14042 DAVINCI+ a giant leap forward in Venus exploration,https://www.usaspending.gov/award/ASST_NON_80NSSC22M0188_080/
80NSSC22M0188,2025,7,7584.20,0.0,False,080-0120,"Science, National Aeronautics and Space Administration",Regents of the University of California at Riverside,9bf7f829-5f05-a40d-9f7c-fdadacaf3e56-C,eo14042 DAVINCI+ a giant leap forward in Venus exploration,https://www.usaspending.gov/award/ASST_NON_80NSSC22M0188_080/
80NSSC22M0188,2025,7,2299.89,0.0,False,080-0120,"Science, National Aeronautics and Space Administration",Regents of the University of California at Riverside,9bf7f829-5f05-a40d-9f7c-fdadacaf3e56-C,eo14042 DAVINCI+ a giant leap forward in Venus exploration,https://www.usaspending.gov/award/ASST_NON_80NSSC22M0188_080/
80NSSC22M0188,2025,6,7584.20,0.0,False,080-0120,"Science, National Aeronautics and Space Administration",Regents of the University of California at Riverside,9bf7f829-5f05-a40d-9f7c-fdadacaf3e56-C,eo14042 DAVINCI+ a giant leap forward in Venus exploration,https://www.usaspending.gov/award/ASST_NON_80NSSC22M0188_080/
80NSSC22M0188,2025,6,2299.89,0.0,False,080-0120,"Science, National Aeronautics and Space Administration",Regents of the University of California at Riverside,9bf7f829-5f05-a40d-9f7c-fdadacaf3e56-C,eo14042 DAVINCI+ a giant leap forward in Venus exploration,https://www.usaspending.gov/award/ASST_NON_80NSSC22M0188_080/
80NSSC22M0188,2025,5,7584.20,0.0,False,080-0120,"Science, National Aeronautics and Space Administration",Regents of the University of California at Riverside,9bf7f829-5f05-a40d-9f7c-fdadacaf3e56-C,eo14042 DAVINCI+ a giant leap forward in Venus exploration,https://www.usaspending.gov/award/ASST_NON_80NSSC22M0188_080/
80NSSC22M0188,2025,5,2299.89,0.0,False,080-0120,"Science, National Aeronautics and Space Administration",Regents of the University of California at Riverside,9bf7f829-5f05-a40d-9f7c-fdadacaf3e56-C,eo14042 DAVINCI+ a giant leap forward in Venus exploration,https://www.usaspending.gov/award/ASST_NON_80NSSC22M0188_080/
80NSSC22M0188,2025,3,0.0,15000.00,False,080-0120,"Science, National Aeronautics and Space Administration",Regents of the University of California at Riverside,9bf7f829-5f05-a40d-9f7c-fdadacaf3e56-C,eo14042 DAVINCI+ a giant leap forward in Venus exploration,https://www.usaspending.gov/award/ASST_NON_80NSSC22M0188_080/
80NSSC22M0188,2024,12,14526.59,0.0,False,080-0120,"Science, National Aeronautics and Space Administration",Regents of the University of California at Riverside,9bf7f829-5f05-a40d-9f7c-fdadacaf3e56-C,eo14042 DAVINCI+ a giant leap forward in Venus exploration,https://www.usaspending.gov/award/ASST_NON_80NSSC22M0188_080/
80NSSC22M0188,2024,12,7415.80,0.0,False,080-0120,"Science, National Aeronautics and Space Administration",Regents of the University of California at Riverside,9bf7f829-5f05-a40d-9f7c-fdadacaf3e56-C,eo14042 DAVINCI+ a giant leap forward in Venus exploration,https://www.usaspending.gov/award/ASST_NON_80NSSC22M0188_080/
80NSSC22M0188,2024,11,7415.80,0.0,False,080-0120,"Science, National Aeronautics and Space Administration",Regents of the University of California at Riverside,9bf7f829-5f05-a40d-9f7c-fdadacaf3e56-C,eo14042 DAVINCI+ a giant leap forward in Venus exploration,https://www.usaspending.gov/award/ASST_NON_80NSSC22M0188_080/
80NSSC22M0188,2024,11,14526.59,0.0,False,080-0120,"Science, National Aeronautics and Space Administration",Regents of the University of California at Riverside,9bf7f829-5f05-a40d-9f7c-fdadacaf3e56-C,eo14042 DAVINCI+ a giant leap forward in Venus exploration,https://www.usaspending.gov/award/ASST_NON_80NSSC22M0188_080/
80NSSC22M0188,2024,10,14526.59,0.0,False,080-0120,"Science, National Aeronautics and Space Administration",Regents of the University of California at Riverside,9bf7f829-5f05-a40d-9f7c-fdadacaf3e56-C,eo14042 DAVINCI+ a giant leap forward in Venus exploration,https://www.usaspending.gov/award/ASST_NON_80NSSC22M0188_080/
80NSSC22M0188,2024,10,7415.80,0.0,False,080-0120,"Science, National Aeronautics and Space Administration",Regents of the University of California at Riverside,9bf7f829-5f05-a40d-9f7c-fdadacaf3e56-C,eo14042 DAVINCI+ a giant leap forward in Venus exploration,https://www.usaspending.gov/award/ASST_NON_80NSSC22M0188_080/
80NSSC22M0188,2024,9,14526.59,0.0,False,080-0120,"Science, National Aeronautics and Space Administration",Regents of the University of California at Riverside,9bf7f829-5f05-a40d-9f7c-fdadacaf3e56-C,eo14042 DAVINCI+ a giant leap forward in Venus exploration,https://www.usaspending.gov/award/ASST_NON_80NSSC22M0188_080/
80NSSC22M0188,2024,9,7415.80,0.0,False,080-0120,"Science, National Aeronautics and Space Administration",Regents of the University of California at Riverside,9bf7f829-5f05-a40d-9f7c-fdadacaf3e56-C,eo14042 DAVINCI+ a giant leap forward in Venus exploration,https://www.usaspending.gov/award/ASST_NON_80NSSC22M0188_080/
80NSSC22M0188,2024,8,14526.59,0.0,False,080-0120,"Science, National Aeronautics and Space Administration",Regents of the University of California at Riverside,9bf7f829-5f05-a40d-9f7c-fdadacaf3e56-C,eo14042 DAVINCI+ a giant leap forward in Venus exploration,https://www.usaspending.gov/award/ASST_NON_80NSSC22M0188_080/
80NSSC22M0188,2024,8,7415.80,0.0,False,080-0120,"Science, National Aeronautics and Space Administration",Regents of the University of California at Riverside,9bf7f829-5f05-a40d-9f7c-fdadacaf3e56-C,eo14042 DAVINCI+ a giant leap forward in Venus exploration,https://www.usaspending.gov/award/ASST_NON_80NSSC22M0188_080/
80NSSC22M0188,2024,7,7415.80,0.0,False,080-0120,"Science, National Aeronautics and Space Administration",Regents of the University of California at Riverside,9bf7f829-5f05-a40d-9f7c-fdadacaf3e56-C,eo14042 DAVINCI+ a giant leap forward in Venus exploration,https://www.usaspending.gov/award/ASST_NON_80NSSC22M0188_080/
80NSSC22M0188,2024,7,14526.59,0.0,False,080-0120,"Science, National Aeronautics and Space Administration",Regents of the University of California at Riverside,9bf7f829-5f05-a40d-9f7c-fdadacaf3e56-C,eo14042 DAVINCI+ a giant leap forward in Venus exploration,https://www.usaspending.gov/award/ASST_NON_80NSSC22M0188_080/
80NSSC22M0188,2024,6,14526.59,0.0,False,080-0120,"Science, National Aeronautics and Space Administration",Regents of the University of California at Riverside,9bf7f829-5f05-a40d-9f7c-fdadacaf3e56-C,eo14042 DAVINCI+ a giant leap forward in Venus exploration,https://www.usaspending.gov/award/ASST_NON_80NSSC22M0188_080/
80NSSC22M0188,2024,6,7415.80,0.0,False,080-0120,"Science, National Aeronautics and Space Administration",Regents of the University of California at Riverside,9bf7f829-5f05-a40d-9f7c-fdadacaf3e56-C,eo14042 DAVINCI+ a giant leap forward in Venus exploration,https://www.usaspending.gov/award/ASST_NON_80NSSC22M0188_080/
80NSSC22M0188,2024,5,14526.59,0.0,False,080-0120,"Science, National Aeronautics and Space Administration",Regents of the University of California at Riverside,9bf7f829-5f05-a40d-9f7c-fdadacaf3e56-C,eo14042 DAVINCI+ a giant leap forward in Venus exploration,https://www.usaspending.gov/award/ASST_NON_80NSSC22M0188_080/
80NSSC22M0188,2024,5,7415.80,0.0,False,080-0120,"Science, National Aeronautics and Space Administration",Regents of the University of California at Riverside,9bf7f829-5f05-a40d-9f7c-fdadacaf3e56-C,eo14042 DAVINCI+ a giant leap forward in Venus exploration,https://www.usaspending.gov/award/ASST_NON_80NSSC22M0188_080/
80NSSC22M0188,2024,4,0.0,15000.00,False,080-0120,"Science, National Aeronautics and Space Administration",Regents of the University of California at Riverside,9bf7f829-5f05-a40d-9f7c-fdadacaf3e56-C,eo14042 DAVINCI+ a giant leap forward in Venus exploration,https://www.usaspending.gov/award/ASST_NON_80NSSC22M0188_080/
80NSSC22M0188,2024,4,14526.59,0.0,False,080-0120,"Science, National Aeronautics and Space Administration",Regents of the University of California at Riverside,9bf7f829-5f05-a40d-9f7c-fdadacaf3e56-C,eo14042 DAVINCI+ a giant leap forward in Venus exploration,https://www.usaspending.gov/award/ASST_NON_80NSSC22M0188_080/
80NSSC22M0188,2024,3,14526.59,0.0,False,080-0120,"Science, National Aeronautics and Space Administration",Regents of the University of California at Riverside,9bf7f829-5f05-a40d-9f7c-fdadacaf3e56-C,eo14042 DAVINCI+ a giant leap forward in Venus exploration,https://www.usaspending.gov/award/ASST_NON_80NSSC22M0188_080/
80NSSC22M0188,2024,2,14526.59,0.0,False,080-0120,"Science, National Aeronautics and Space Administration",Regents of the University of California at Riverside,9bf7f829-5f05-a40d-9f7c-fdadacaf3e56-C,eo14042 DAVINCI+ a giant leap forward in Venus exploration,https://www.usaspending.gov/award/ASST_NON_80NSSC22M0188_080/
80NSSC22M0188,2023,12,14342.41,0.0,False,080-0120,"Science, National Aeronautics and Space Administration",Regents of the University of California at Riverside,9bf7f829-5f05-a40d-9f7c-fdadacaf3e56-C,eo14042 DAVINCI+ a giant leap forward in Venus exploration,https://www.usaspending.gov/award/ASST_NON_80NSSC22M0188_080/
80NSSC22M0188,2023,11,9312.60,0.0,False,080-0120,"Science, National Aeronautics and Space Administration",Regents of the University of California at Riverside,9bf7f829-5f05-a40d-9f7c-fdadacaf3e56-C,eo14042 DAVINCI+ a giant leap forward in Venus exploration,https://www.usaspending.gov/award/ASST_NON_80NSSC22M0188_080/
80NSSC22M0188,2023,10,9312.60,0.0,False,080-0120,"Science, National Aeronautics and Space Administration",Regents of the University of California at Riverside,9bf7f829-5f05-a40d-9f7c-fdadacaf3e56-C,eo14042 DAVINCI+ a giant leap forward in Venus exploration,https://www.usaspending.gov/award/ASST_NON_80NSSC22M0188_080/
80NSSC22M0188,2023,9,8950.10,0.0,False,080-0120,"Science, National Aeronautics and Space Administration",Regents of the University of California at Riverside,9bf7f829-5f05-a40d-9f7c-fdadacaf3e56-C,eo14042 DAVINCI+ a giant leap forward in Venus exploration,https://www.usaspending.gov/award/ASST_NON_80NSSC22M0188_080/
80NSSC22M0188,2023,8,8950.10,0.0,False,080-0120,"Science, National Aeronautics and Space Administration",Regents of the University of California at Riverside,9bf7f829-5f05-a40d-9f7c-fdadacaf3e56-C,eo14042 DAVINCI+ a giant leap forward in Venus exploration,https://www.usaspending.gov/award/ASST_NON_80NSSC22M0188_080/
80NSSC22M0188,2023,7,2966.02,0.0,False,080-0120,"Science, National Aeronautics and Space Administration",Regents of the University of California at Riverside,9bf7f829-5f05-a40d-9f7c-fdadacaf3e56-C,eo14042 DAVINCI+ a giant leap forward in Venus exploration,https://www.usaspending.gov/award/ASST_NON_80NSSC22M0188_080/
80NSSC22M0188,2023,6,2966.02,0.0,False,080-0120,"Science, National Aeronautics and Space Administration",Regents of the University of California at Riverside,9bf7f829-5f05-a40d-9f7c-fdadacaf3e56-C,eo14042 DAVINCI+ a giant leap forward in Venus exploration,https://www.usaspending.gov/award/ASST_NON_80NSSC22M0188_080/
80NSSC22M0188,2023,5,2966.02,0.0,False,080-0120,"Science, National Aeronautics and Space Administration",Regents of the University of California at Riverside,9bf7f829-5f05-a40d-9f7c-fdadacaf3e56-C,eo14042 DAVINCI+ a giant leap forward in Venus exploration,https://www.usaspending.gov/award/ASST_NON_80NSSC22M0188_080/
80NSSC22M0188,2023,5,0.0,15000.00,False,080-0120,"Science, National Aeronautics and Space Administration",Regents of the University of California at Riverside,9bf7f829-5f05-a40d-9f7c-fdadacaf3e56-C,eo14042 DAVINCI+ a giant leap forward in Venus exploration,https://www.usaspending.gov/award/ASST_NON_80NSSC22M0188_080/
80NSSC22M0188,2022,11,0.0,13869.00,False,080-0120,"Science, National Aeronautics and Space Administration",Regents of the University of California at Riverside,9bf7f829-5f05-a40d-9f7c-fdadacaf3e56-C,eo14042 DAVINCI+ a giant leap forward in Venus exploration,https://www.usaspending.gov/award/ASST_NON_80NSSC22M0188_080/
80NSSC22M0189,2026,5,3075.51,0.0,False,080-0120,"Science, National Aeronautics and Space Administration",Universities Space Research Association,26e104c4-1307-f677-c014-ac7fe7ab9e6d-C,Discovery mission proposal DAVINCI + concept study report participate in DAVINCI science team meetings and provide science support for planning DAVINCI studies of volcanic degassing history and tessera tectonic and geologic processes.,https://www.usaspending.gov/award/ASST_NON_80NSSC22M0189_080/
80NSSC22M0189,2026,5,962.87,0.0,False,080-0120,"Science, National Aeronautics and Space Administration",Universities Space Research Association,26e104c4-1307-f677-c014-ac7fe7ab9e6d-C,Discovery mission proposal DAVINCI + concept study report participate in DAVINCI science team meetings and provide science support for planning DAVINCI studies of volcanic degassing history and tessera tectonic and geologic processes.,https://www.usaspending.gov/award/ASST_NON_80NSSC22M0189_080/
80NSSC22M0189,2026,4,962.87,0.0,False,080-0120,"Science, National Aeronautics and Space Administration",Universities Space Research Association,26e104c4-1307-f677-c014-ac7fe7ab9e6d-C,Discovery mission proposal DAVINCI + concept study report participate in DAVINCI science team meetings and provide science support for planning DAVINCI studies of volcanic degassing history and tessera tectonic and geologic processes.,https://www.usaspending.gov/award/ASST_NON_80NSSC22M0189_080/
80NSSC22M0189,2026,4,2670.89,0.0,False,080-0120,"Science, National Aeronautics and Space Administration",Universities Space Research Association,26e104c4-1307-f677-c014-ac7fe7ab9e6d-C,Discovery mission proposal DAVINCI + concept study report participate in DAVINCI science team meetings and provide science support for planning DAVINCI studies of volcanic degassing history and tessera tectonic and geologic processes.,https://www.usaspending.gov/award/ASST_NON_80NSSC22M0189_080/
80NSSC22M0189,2026,3,2612.97,0.0,False,080-0120,"Science, National Aeronautics and Space Administration",Universities Space Research Association,26e104c4-1307-f677-c014-ac7fe7ab9e6d-C,Discovery mission proposal DAVINCI + concept study report participate in DAVINCI science team meetings and provide science support for planning DAVINCI studies of volcanic degassing history and tessera tectonic and geologic processes.,https://www.usaspending.gov/award/ASST_NON_80NSSC22M0189_080/
80NSSC22M0189,2026,3,962.87,0.0,False,080-0120,"Science, National Aeronautics and Space Administration",Universities Space Research Association,26e104c4-1307-f677-c014-ac7fe7ab9e6d-C,Discovery mission proposal DAVINCI + concept study report participate in DAVINCI science team meetings and provide science support for planning DAVINCI studies of volcanic degassing history and tessera tectonic and geologic processes.,https://www.usaspending.gov/award/ASST_NON_80NSSC22M0189_080/
80NSSC22M0189,2026,2,2049.43,0.0,False,080-0120,"Science, National Aeronautics and Space Administration",Universities Space Research Association,26e104c4-1307-f677-c014-ac7fe7ab9e6d-C,Discovery mission proposal DAVINCI + concept study report participate in DAVINCI science team meetings and provide science support for planning DAVINCI studies of volcanic degassing history and tessera tectonic and geologic processes.,https://www.usaspending.gov/award/ASST_NON_80NSSC22M0189_080/
80NSSC22M0189,2026,2,962.87,0.0,False,080-0120,"Science, National Aeronautics and Space Administration",Universities Space Research Association,26e104c4-1307-f677-c014-ac7fe7ab9e6d-C,Discovery mission proposal DAVINCI + concept study report participate in DAVINCI science team meetings and provide science support for planning DAVINCI studies of volcanic degassing history and tessera tectonic and geologic processes.,https://www.usaspending.gov/award/ASST_NON_80NSSC22M0189_080/
80NSSC22M0189,2025,12,16807.49,0.0,False,080-0120,"Science, National Aeronautics and Space Administration",Universities Space Research Association,26e104c4-1307-f677-c014-ac7fe7ab9e6d-C,Discovery mission proposal DAVINCI + concept study report participate in DAVINCI science team meetings and provide science support for planning DAVINCI studies of volcanic degassing history and tessera tectonic and geologic processes.,https://www.usaspending.gov/award/ASST_NON_80NSSC22M0189_080/
80NSSC22M0189,2025,11,15969.40,0.0,False,080-0120,"Science, National Aeronautics and Space Administration",Universities Space Research Association,26e104c4-1307-f677-c014-ac7fe7ab9e6d-C,Discovery mission proposal DAVINCI + concept study report participate in DAVINCI science team meetings and provide science support for planning DAVINCI studies of volcanic degassing history and tessera tectonic and geologic processes.,https://www.usaspending.gov/award/ASST_NON_80NSSC22M0189_080/
80NSSC22M0189,2025,10,15937.04,0.0,False,080-0120,"Science, National Aeronautics and Space Administration",Universities Space Research Association,26e104c4-1307-f677-c014-ac7fe7ab9e6d-C,Discovery mission proposal DAVINCI + concept study report participate in DAVINCI science team meetings and provide science support for planning DAVINCI studies of volcanic degassing history and tessera tectonic and geologic processes.,https://www.usaspending.gov/award/ASST_NON_80NSSC22M0189_080/
80NSSC22M0189,2025,9,15713.90,0.0,False,080-0120,"Science, National Aeronautics and Space Administration",Universities Space Research Association,26e104c4-1307-f677-c014-ac7fe7ab9e6d-C,Discovery mission proposal DAVINCI + concept study report participate in DAVINCI science team meetings and provide science support for planning DAVINCI studies of volcanic degassing history and tessera tectonic and geologic processes.,https://www.usaspending.gov/award/ASST_NON_80NSSC22M0189_080/
80NSSC22M0189,2025,8,8582.57,0.0,False,080-0120,"Science, National Aeronautics and Space Administration",Universities Space Research Association,26e104c4-1307-f677-c014-ac7fe7ab9e6d-C,Discovery mission proposal DAVINCI + concept study report participate in DAVINCI science team meetings and provide science support for planning DAVINCI studies of volcanic degassing history and tessera tectonic and geologic processes.,https://www.usaspending.gov/award/ASST_NON_80NSSC22M0189_080/
80NSSC22M0189,2025,7,4910.29,0.0,False,080-0120,"Science, National Aeronautics and Space Administration",Universities Space Research Association,26e104c4-1307-f677-c014-ac7fe7ab9e6d-C,Discovery mission proposal DAVINCI + concept study report participate in DAVINCI science team meetings and provide science support for planning DAVINCI studies of volcanic degassing history and tessera tectonic and geologic processes.,https://www.usaspending.gov/award/ASST_NON_80NSSC22M0189_080/
80NSSC22M0189,2025,6,2786.04,0.0,False,080-0120,"Science, National Aeronautics and Space Administration",Universities Space Research Association,26e104c4-1307-f677-c014-ac7fe7ab9e6d-C,Discovery mission proposal DAVINCI + concept study report participate in DAVINCI science team meetings and provide science support for planning DAVINCI studies of volcanic degassing history and tessera tectonic and geologic processes.,https://www.usaspending.gov/award/ASST_NON_80NSSC22M0189_080/
80NSSC22M0189,2025,5,2566.96,0.0,False,080-0120,"Science, National Aeronautics and Space Administration",Universities Space Research Association,26e104c4-1307-f677-c014-ac7fe7ab9e6d-C,Discovery mission proposal DAVINCI + concept study report participate in DAVINCI science team meetings and provide science support for planning DAVINCI studies of volcanic degassing history and tessera tectonic and geologic processes.,https://www.usaspending.gov/award/ASST_NON_80NSSC22M0189_080/
80NSSC22M0189,2025,4,2542.70,0.0,False,080-0120,"Science, National Aeronautics and Space Administration",Universities Space Research Association,26e104c4-1307-f677-c014-ac7fe7ab9e6d-C,Discovery mission proposal DAVINCI + concept study report participate in DAVINCI science team meetings and provide science support for planning DAVINCI studies of volcanic degassing history and tessera tectonic and geologic processes.,https://www.usaspending.gov/award/ASST_NON_80NSSC22M0189_080/
80NSSC22M0189,2025,3,2212.72,0.0,False,080-0120,"Science, National Aeronautics and Space Administration",Universities Space Research Association,26e104c4-1307-f677-c014-ac7fe7ab9e6d-C,Discovery mission proposal DAVINCI + concept study report participate in DAVINCI science team meetings and provide science support for planning DAVINCI studies of volcanic degassing history and tessera tectonic and geologic processes.,https://www.usaspending.gov/award/ASST_NON_80NSSC22M0189_080/
80NSSC22M0189,2025,3,0.0,15000.00,False,080-0120,"Science, National Aeronautics and Space Administration",Universities Space Research Association,26e104c4-1307-f677-c014-ac7fe7ab9e6d-C,Discovery mission proposal DAVINCI + concept study report participate in DAVINCI science team meetings and provide science support for planning DAVINCI studies of volcanic degassing history and tessera tectonic and geologic processes.,https://www.usaspending.gov/award/ASST_NON_80NSSC22M0189_080/
80NSSC22M0189,2025,2,616.37,0.0,False,080-0120,"Science, National Aeronautics and Space Administration",Universities Space Research Association,26e104c4-1307-f677-c014-ac7fe7ab9e6d-C,Discovery mission proposal DAVINCI + concept study report participate in DAVINCI science team meetings and provide science support for planning DAVINCI studies of volcanic degassing history and tessera tectonic and geologic processes.,https://www.usaspending.gov/award/ASST_NON_80NSSC22M0189_080/
80NSSC22M0189,2024,12,2929.64,0.0,False,080-0120,"Science, National Aeronautics and Space Administration",Universities Space Research Association,26e104c4-1307-f677-c014-ac7fe7ab9e6d-C,Discovery mission proposal DAVINCI + concept study report participate in DAVINCI science team meetings and provide science support for planning DAVINCI studies of volcanic degassing history and tessera tectonic and geologic processes.,https://www.usaspending.gov/award/ASST_NON_80NSSC22M0189_080/
80NSSC22M0189,2024,11,2399.92,0.0,False,080-0120,"Science, National Aeronautics and Space Administration",Universities Space Research Association,26e104c4-1307-f677-c014-ac7fe7ab9e6d-C,Discovery mission proposal DAVINCI + concept study report participate in DAVINCI science team meetings and provide science support for planning DAVINCI studies of volcanic degassing history and tessera tectonic and geologic processes.,https://www.usaspending.gov/award/ASST_NON_80NSSC22M0189_080/
80NSSC22M0189,2024,10,2392.29,0.0,False,080-0120,"Science, National Aeronautics and Space Administration",Universities Space Research Association,26e104c4-1307-f677-c014-ac7fe7ab9e6d-C,Discovery mission proposal DAVINCI + concept study report participate in DAVINCI science team meetings and provide science support for planning DAVINCI studies of volcanic degassing history and tessera tectonic and geologic processes.,https://www.usaspending.gov/award/ASST_NON_80NSSC22M0189_080/
80NSSC22M0189,2024,9,2173.84,0.0,False,080-0120,"Science, National Aeronautics and Space Administration",Universities Space Research Association,26e104c4-1307-f677-c014-ac7fe7ab9e6d-C,Discovery mission proposal DAVINCI + concept study report participate in DAVINCI science team meetings and provide science support for planning DAVINCI studies of volcanic degassing history and tessera tectonic and geologic processes.,https://www.usaspending.gov/award/ASST_NON_80NSSC22M0189_080/
80NSSC22M0189,2024,8,2166.21,0.0,False,080-0120,"Science, National Aeronautics and Space Administration",Universities Space Research Association,26e104c4-1307-f677-c014-ac7fe7ab9e6d-C,Discovery mission proposal DAVINCI + concept study report participate in DAVINCI science team meetings and provide science support for planning DAVINCI studies of volcanic degassing history and tessera tectonic and geologic processes.,https://www.usaspending.gov/award/ASST_NON_80NSSC22M0189_080/
80NSSC22M0189,2024,7,1951.29,0.0,False,080-0120,"Science, National Aeronautics and Space Administration",Universities Space Research Association,26e104c4-1307-f677-c014-ac7fe7ab9e6d-C,Discovery mission proposal DAVINCI + concept study report participate in DAVINCI science team meetings and provide science support for planning DAVINCI studies of volcanic degassing history and tessera tectonic and geologic processes.,https://www.usaspending.gov/award/ASST_NON_80NSSC22M0189_080/
80NSSC22M0189,2024,6,1298.30,0.0,False,080-0120,"Science, National Aeronautics and Space Administration",Universities Space Research Association,26e104c4-1307-f677-c014-ac7fe7ab9e6d-C,Discovery mission proposal DAVINCI + concept study report participate in DAVINCI science team meetings and provide science support for planning DAVINCI studies of volcanic degassing history and tessera tectonic and geologic processes.,https://www.usaspending.gov/award/ASST_NON_80NSSC22M0189_080/
80NSSC22M0189,2024,5,1097.08,0.0,False,080-0120,"Science, National Aeronautics and Space Administration",Universities Space Research Association,26e104c4-1307-f677-c014-ac7fe7ab9e6d-C,Discovery mission proposal DAVINCI + concept study report participate in DAVINCI science team meetings and provide science support for planning DAVINCI studies of volcanic degassing history and tessera tectonic and geologic processes.,https://www.usaspending.gov/award/ASST_NON_80NSSC22M0189_080/
80NSSC22M0189,2024,4,1097.08,0.0,False,080-0120,"Science, National Aeronautics and Space Administration",Universities Space Research Association,26e104c4-1307-f677-c014-ac7fe7ab9e6d-C,Discovery mission proposal DAVINCI + concept study report participate in DAVINCI science team meetings and provide science support for planning DAVINCI studies of volcanic degassing history and tessera tectonic and geologic processes.,https://www.usaspending.gov/award/ASST_NON_80NSSC22M0189_080/
80NSSC22M0189,2023,12,9300.00,0.0,False,080-0120,"Science, National Aeronautics and Space Administration",Universities Space Research Association,26e104c4-1307-f677-c014-ac7fe7ab9e6d-C,Discovery mission proposal DAVINCI + concept study report participate in DAVINCI science team meetings and provide science support for planning DAVINCI studies of volcanic degassing history and tessera tectonic and geologic processes.,https://www.usaspending.gov/award/ASST_NON_80NSSC22M0189_080/
80NSSC22M0189,2023,11,9300.00,0.0,False,080-0120,"Science, National Aeronautics and Space Administration",Universities Space Research Association,26e104c4-1307-f677-c014-ac7fe7ab9e6d-C,Discovery mission proposal DAVINCI + concept study report participate in DAVINCI science team meetings and provide science support for planning DAVINCI studies of volcanic degassing history and tessera tectonic and geologic processes.,https://www.usaspending.gov/award/ASST_NON_80NSSC22M0189_080/
80NSSC22M0189,2023,10,8000.00,0.0,False,080-0120,"Science, National Aeronautics and Space Administration",Universities Space Research Association,26e104c4-1307-f677-c014-ac7fe7ab9e6d-C,Discovery mission proposal DAVINCI + concept study report participate in DAVINCI science team meetings and provide science support for planning DAVINCI studies of volcanic degassing history and tessera tectonic and geologic processes.,https://www.usaspending.gov/award/ASST_NON_80NSSC22M0189_080/
80NSSC22M0189,2023,9,8000.00,0.0,False,080-0120,"Science, National Aeronautics and Space Administration",Universities Space Research Association,26e104c4-1307-f677-c014-ac7fe7ab9e6d-C,Discovery mission proposal DAVINCI + concept study report participate in DAVINCI science team meetings and provide science support for planning DAVINCI studies of volcanic degassing history and tessera tectonic and geologic processes.,https://www.usaspending.gov/award/ASST_NON_80NSSC22M0189_080/
80NSSC22M0189,2023,8,8000.00,0.0,False,080-0120,"Science, National Aeronautics and Space Administration",Universities Space Research Association,26e104c4-1307-f677-c014-ac7fe7ab9e6d-C,Discovery mission proposal DAVINCI + concept study report participate in DAVINCI science team meetings and provide science support for planning DAVINCI studies of volcanic degassing history and tessera tectonic and geologic processes.,https://www.usaspending.gov/award/ASST_NON_80NSSC22M0189_080/
80NSSC22M0189,2023,8,0.0,15000.00,False,080-0120,"Science, National Aeronautics and Space Administration",Universities Space Research Association,26e104c4-1307-f677-c014-ac7fe7ab9e6d-C,Discovery mission proposal DAVINCI + concept study report participate in DAVINCI science team meetings and provide science support for planning DAVINCI studies of volcanic degassing history and tessera tectonic and geologic processes.,https://www.usaspending.gov/award/ASST_NON_80NSSC22M0189_080/
80NSSC22M0189,2022,12,0.0,15000.00,False,080-0120,"Science, National Aeronautics and Space Administration",Universities Space Research Association,26e104c4-1307-f677-c014-ac7fe7ab9e6d-C,Discovery mission proposal DAVINCI + concept study report participate in DAVINCI science team meetings and provide science support for planning DAVINCI studies of volcanic degassing history and tessera tectonic and geologic processes.,https://www.usaspending.gov/award/ASST_NON_80NSSC22M0189_080/
80NSSC22M0189,2022,11,0.0,15000.00,False,080-0120,"Science, National Aeronautics and Space Administration",Universities Space Research Association,26e104c4-1307-f677-c014-ac7fe7ab9e6d-C,Discovery mission proposal DAVINCI + concept study report participate in DAVINCI science team meetings and provide science support for planning DAVINCI studies of volcanic degassing history and tessera tectonic and geologic processes.,https://www.usaspending.gov/award/ASST_NON_80NSSC22M0189_080/
80NSSC22PA432,2022,7,0.0,26026.00,False,080-0120,"Science, National Aeronautics and Space Administration",Smithstown Light Engineering Unlimited Company,109dceb5-4eb5-37c2-ed41-757dca2cb103-C,"Manufacture 6"" quadrupole rods for DAVINCI vms instrument",https://www.usaspending.gov/award/CONT_AWD_80NSSC22PA432_8000_-NONE-_-NONE-/
80NSSC23M0115,2026,5,0.0,400000.00,False,080-0120,"Science, National Aeronautics and Space Administration",The Johns Hopkins University,e895f676-c226-223f-b5ed-dda80c2ec73a-C,DAVINCI a giant leap forward in Venus exploration,https://www.usaspending.gov/award/ASST_NON_80NSSC23M0115_080/
80NSSC23M0115,2026,5,114979.95,0.0,False,080-0120,"Science, National Aeronautics and Space Administration",The Johns Hopkins University,e895f676-c226-223f-b5ed-dda80c2ec73a-C,DAVINCI a giant leap forward in Venus exploration,https://www.usaspending.gov/award/ASST_NON_80NSSC23M0115_080/
80NSSC23M0115,2026,4,92023.93,0.0,False,080-0120,"Science, National Aeronautics and Space Administration",The Johns Hopkins University,e895f676-c226-223f-b5ed-dda80c2ec73a-C,DAVINCI a giant leap forward in Venus exploration,https://www.usaspending.gov/award/ASST_NON_80NSSC23M0115_080/
80NSSC23M0115,2026,3,53326.55,0.0,False,080-0120,"Science, National Aeronautics and Space Administration",The Johns Hopkins University,e895f676-c226-223f-b5ed-dda80c2ec73a-C,DAVINCI a giant leap forward in Venus exploration,https://www.usaspending.gov/award/ASST_NON_80NSSC23M0115_080/
80NSSC23M0115,2026,2,41684.36,0.0,False,080-0120,"Science, National Aeronautics and Space Administration",The Johns Hopkins University,e895f676-c226-223f-b5ed-dda80c2ec73a-C,DAVINCI a giant leap forward in Venus exploration,https://www.usaspending.gov/award/ASST_NON_80NSSC23M0115_080/
80NSSC23M0115,2025,12,190761.54,0.0,False,080-0120,"Science, National Aeronautics and Space Administration",The Johns Hopkins University,e895f676-c226-223f-b5ed-dda80c2ec73a-C,DAVINCI a giant leap forward in Venus exploration,https://www.usaspending.gov/award/ASST_NON_80NSSC23M0115_080/
80NSSC23M0115,2025,12,197558.52,0.0,False,080-0120,"Science, National Aeronautics and Space Administration",The Johns Hopkins University,e895f676-c226-223f-b5ed-dda80c2ec73a-C,DAVINCI a giant leap forward in Venus exploration,https://www.usaspending.gov/award/ASST_NON_80NSSC23M0115_080/
80NSSC23M0115,2025,11,197558.52,0.0,False,080-0120,"Science, National Aeronautics and Space Administration",The Johns Hopkins University,e895f676-c226-223f-b5ed-dda80c2ec73a-C,DAVINCI a giant leap forward in Venus exploration,https://www.usaspending.gov/award/ASST_NON_80NSSC23M0115_080/
80NSSC23M0115,2025,11,153295.80,0.0,False,080-0120,"Science, National Aeronautics and Space Administration",The Johns Hopkins University,e895f676-c226-223f-b5ed-dda80c2ec73a-C,DAVINCI a giant leap forward in Venus exploration,https://www.usaspending.gov/award/ASST_NON_80NSSC23M0115_080/
80NSSC23M0115,2025,10,197558.52,0.0,False,080-0120,"Science, National Aeronautics and Space Administration",The Johns Hopkins University,e895f676-c226-223f-b5ed-dda80c2ec73a-C,DAVINCI a giant leap forward in Venus exploration,https://www.usaspending.gov/award/ASST_NON_80NSSC23M0115_080/
80NSSC23M0115,2025,10,81683.47,0.0,False,080-0120,"Science, National Aeronautics and Space Administration",The Johns Hopkins University,e895f676-c226-223f-b5ed-dda80c2ec73a-C,DAVINCI a giant leap forward in Venus exploration,https://www.usaspending.gov/award/ASST_NON_80NSSC23M0115_080/
80NSSC23M0115,2025,9,197558.52,0.0,False,080-0120,"Science, National Aeronautics and Space Administration",The Johns Hopkins University,e895f676-c226-223f-b5ed-dda80c2ec73a-C,DAVINCI a giant leap forward in Venus exploration,https://www.usaspending.gov/award/ASST_NON_80NSSC23M0115_080/
80NSSC23M0115,2025,9,18778.77,0.0,False,080-0120,"Science, National Aeronautics and Space Administration",The Johns Hopkins University,e895f676-c226-223f-b5ed-dda80c2ec73a-C,DAVINCI a giant leap forward in Venus exploration,https://www.usaspending.gov/award/ASST_NON_80NSSC23M0115_080/
80NSSC23M0115,2025,8,185865.11,0.0,False,080-0120,"Science, National Aeronautics and Space Administration",The Johns Hopkins University,e895f676-c226-223f-b5ed-dda80c2ec73a-C,DAVINCI a giant leap forward in Venus exploration,https://www.usaspending.gov/award/ASST_NON_80NSSC23M0115_080/
80NSSC23M0115,2025,7,160063.15,0.0,False,080-0120,"Science, National Aeronautics and Space Administration",The Johns Hopkins University,e895f676-c226-223f-b5ed-dda80c2ec73a-C,DAVINCI a giant leap forward in Venus exploration,https://www.usaspending.gov/award/ASST_NON_80NSSC23M0115_080/
80NSSC23M0115,2025,6,141946.36,0.0,False,080-0120,"Science, National Aeronautics and Space Administration",The Johns Hopkins University,e895f676-c226-223f-b5ed-dda80c2ec73a-C,DAVINCI a giant leap forward in Venus exploration,https://www.usaspending.gov/award/ASST_NON_80NSSC23M0115_080/
80NSSC23M0115,2025,5,125628.09,0.0,False,080-0120,"Science, National Aeronautics and Space Administration",The Johns Hopkins University,e895f676-c226-223f-b5ed-dda80c2ec73a-C,DAVINCI a giant leap forward in Venus exploration,https://www.usaspending.gov/award/ASST_NON_80NSSC23M0115_080/
80NSSC23M0115,2025,5,0.0,300000.00,False,080-0120,"Science, National Aeronautics and Space Administration",The Johns Hopkins University,e895f676-c226-223f-b5ed-dda80c2ec73a-C,DAVINCI a giant leap forward in Venus exploration,https://www.usaspending.gov/award/ASST_NON_80NSSC23M0115_080/
80NSSC23M0115,2025,4,102598.96,0.0,False,080-0120,"Science, National Aeronautics and Space Administration",The Johns Hopkins University,e895f676-c226-223f-b5ed-dda80c2ec73a-C,DAVINCI a giant leap forward in Venus exploration,https://www.usaspending.gov/award/ASST_NON_80NSSC23M0115_080/
80NSSC23M0115,2025,3,0.0,100000.00,False,080-0120,"Science, National Aeronautics and Space Administration",The Johns Hopkins University,e895f676-c226-223f-b5ed-dda80c2ec73a-C,DAVINCI a giant leap forward in Venus exploration,https://www.usaspending.gov/award/ASST_NON_80NSSC23M0115_080/
80NSSC23M0115,2025,3,91239.47,0.0,False,080-0120,"Science, National Aeronautics and Space Administration",The Johns Hopkins University,e895f676-c226-223f-b5ed-dda80c2ec73a-C,DAVINCI a giant leap forward in Venus exploration,https://www.usaspending.gov/award/ASST_NON_80NSSC23M0115_080/
80NSSC23M0115,2025,2,63073.91,0.0,False,080-0120,"Science, National Aeronautics and Space Administration",The Johns Hopkins University,e895f676-c226-223f-b5ed-dda80c2ec73a-C,DAVINCI a giant leap forward in Venus exploration,https://www.usaspending.gov/award/ASST_NON_80NSSC23M0115_080/
80NSSC23M0115,2024,12,75000.00,0.0,False,080-0120,"Science, National Aeronautics and Space Administration",The Johns Hopkins University,e895f676-c226-223f-b5ed-dda80c2ec73a-C,DAVINCI a giant leap forward in Venus exploration,https://www.usaspending.gov/award/ASST_NON_80NSSC23M0115_080/
80NSSC23M0115,2024,12,202441.48,0.0,False,080-0120,"Science, National Aeronautics and Space Administration",The Johns Hopkins University,e895f676-c226-223f-b5ed-dda80c2ec73a-C,DAVINCI a giant leap forward in Venus exploration,https://www.usaspending.gov/award/ASST_NON_80NSSC23M0115_080/
80NSSC23M0115,2024,11,179079.70,0.0,False,080-0120,"Science, National Aeronautics and Space Administration",The Johns Hopkins University,e895f676-c226-223f-b5ed-dda80c2ec73a-C,DAVINCI a giant leap forward in Venus exploration,https://www.usaspending.gov/award/ASST_NON_80NSSC23M0115_080/
80NSSC23M0115,2024,11,75000.00,0.0,False,080-0120,"Science, National Aeronautics and Space Administration",The Johns Hopkins University,e895f676-c226-223f-b5ed-dda80c2ec73a-C,DAVINCI a giant leap forward in Venus exploration,https://www.usaspending.gov/award/ASST_NON_80NSSC23M0115_080/
80NSSC23M0115,2024,10,75000.00,0.0,False,080-0120,"Science, National Aeronautics and Space Administration",The Johns Hopkins University,e895f676-c226-223f-b5ed-dda80c2ec73a-C,DAVINCI a giant leap forward in Venus exploration,https://www.usaspending.gov/award/ASST_NON_80NSSC23M0115_080/
80NSSC23M0115,2024,10,146768.50,0.0,False,080-0120,"Science, National Aeronautics and Space Administration",The Johns Hopkins University,e895f676-c226-223f-b5ed-dda80c2ec73a-C,DAVINCI a giant leap forward in Venus exploration,https://www.usaspending.gov/award/ASST_NON_80NSSC23M0115_080/
80NSSC23M0115,2024,9,128007.31,0.0,False,080-0120,"Science, National Aeronautics and Space Administration",The Johns Hopkins University,e895f676-c226-223f-b5ed-dda80c2ec73a-C,DAVINCI a giant leap forward in Venus exploration,https://www.usaspending.gov/award/ASST_NON_80NSSC23M0115_080/
80NSSC23M0115,2024,9,75000.00,0.0,False,080-0120,"Science, National Aeronautics and Space Administration",The Johns Hopkins University,e895f676-c226-223f-b5ed-dda80c2ec73a-C,DAVINCI a giant leap forward in Venus exploration,https://www.usaspending.gov/award/ASST_NON_80NSSC23M0115_080/
80NSSC23M0115,2024,8,75000.00,0.0,False,080-0120,"Science, National Aeronautics and Space Administration",The Johns Hopkins University,e895f676-c226-223f-b5ed-dda80c2ec73a-C,DAVINCI a giant leap forward in Venus exploration,https://www.usaspending.gov/award/ASST_NON_80NSSC23M0115_080/
80NSSC23M0115,2024,8,102697.69,0.0,False,080-0120,"Science, National Aeronautics and Space Administration",The Johns Hopkins University,e895f676-c226-223f-b5ed-dda80c2ec73a-C,DAVINCI a giant leap forward in Venus exploration,https://www.usaspending.gov/award/ASST_NON_80NSSC23M0115_080/
80NSSC23M0115,2024,7,75000.00,0.0,False,080-0120,"Science, National Aeronautics and Space Administration",The Johns Hopkins University,e895f676-c226-223f-b5ed-dda80c2ec73a-C,DAVINCI a giant leap forward in Venus exploration,https://www.usaspending.gov/award/ASST_NON_80NSSC23M0115_080/
80NSSC23M0115,2024,7,68175.87,0.0,False,080-0120,"Science, National Aeronautics and Space Administration",The Johns Hopkins University,e895f676-c226-223f-b5ed-dda80c2ec73a-C,DAVINCI a giant leap forward in Venus exploration,https://www.usaspending.gov/award/ASST_NON_80NSSC23M0115_080/
80NSSC23M0115,2024,6,75000.00,0.0,False,080-0120,"Science, National Aeronautics and Space Administration",The Johns Hopkins University,e895f676-c226-223f-b5ed-dda80c2ec73a-C,DAVINCI a giant leap forward in Venus exploration,https://www.usaspending.gov/award/ASST_NON_80NSSC23M0115_080/
80NSSC23M0115,2024,6,42899.84,0.0,False,080-0120,"Science, National Aeronautics and Space Administration",The Johns Hopkins University,e895f676-c226-223f-b5ed-dda80c2ec73a-C,DAVINCI a giant leap forward in Venus exploration,https://www.usaspending.gov/award/ASST_NON_80NSSC23M0115_080/
80NSSC23M0115,2024,5,28190.11,0.0,False,080-0120,"Science, National Aeronautics and Space Administration",The Johns Hopkins University,e895f676-c226-223f-b5ed-dda80c2ec73a-C,DAVINCI a giant leap forward in Venus exploration,https://www.usaspending.gov/award/ASST_NON_80NSSC23M0115_080/
80NSSC23M0115,2024,5,75000.00,0.0,False,080-0120,"Science, National Aeronautics and Space Administration",The Johns Hopkins University,e895f676-c226-223f-b5ed-dda80c2ec73a-C,DAVINCI a giant leap forward in Venus exploration,https://www.usaspending.gov/award/ASST_NON_80NSSC23M0115_080/
80NSSC23M0115,2024,5,0.0,272000.00,False,080-0120,"Science, National Aeronautics and Space Administration",The Johns Hopkins University,e895f676-c226-223f-b5ed-dda80c2ec73a-C,DAVINCI a giant leap forward in Venus exploration,https://www.usaspending.gov/award/ASST_NON_80NSSC23M0115_080/
80NSSC23M0115,2024,4,75000.00,0.0,False,080-0120,"Science, National Aeronautics and Space Administration",The Johns Hopkins University,e895f676-c226-223f-b5ed-dda80c2ec73a-C,DAVINCI a giant leap forward in Venus exploration,https://www.usaspending.gov/award/ASST_NON_80NSSC23M0115_080/
80NSSC23M0115,2024,4,7119.70,0.0,False,080-0120,"Science, National Aeronautics and Space Administration",The Johns Hopkins University,e895f676-c226-223f-b5ed-dda80c2ec73a-C,DAVINCI a giant leap forward in Venus exploration,https://www.usaspending.gov/award/ASST_NON_80NSSC23M0115_080/
80NSSC23M0115,2024,3,75000.00,0.0,False,080-0120,"Science, National Aeronautics and Space Administration",The Johns Hopkins University,e895f676-c226-223f-b5ed-dda80c2ec73a-C,DAVINCI a giant leap forward in Venus exploration,https://www.usaspending.gov/award/ASST_NON_80NSSC23M0115_080/
80NSSC23M0115,2024,3,4053.06,0.0,False,080-0120,"Science, National Aeronautics and Space Administration",The Johns Hopkins University,e895f676-c226-223f-b5ed-dda80c2ec73a-C,DAVINCI a giant leap forward in Venus exploration,https://www.usaspending.gov/award/ASST_NON_80NSSC23M0115_080/
80NSSC23M0115,2024,2,0.0,128000.00,False,080-0120,"Science, National Aeronautics and Space Administration",The Johns Hopkins University,e895f676-c226-223f-b5ed-dda80c2ec73a-C,DAVINCI a giant leap forward in Venus exploration,https://www.usaspending.gov/award/ASST_NON_80NSSC23M0115_080/
80NSSC23M0115,2024,2,66197.55,0.0,False,080-0120,"Science, National Aeronautics and Space Administration",The Johns Hopkins University,e895f676-c226-223f-b5ed-dda80c2ec73a-C,DAVINCI a giant leap forward in Venus exploration,https://www.usaspending.gov/award/ASST_NON_80NSSC23M0115_080/
80NSSC23M0115,2023,12,0.0,75000.00,False,080-0120,"Science, National Aeronautics and Space Administration",The Johns Hopkins University,e895f676-c226-223f-b5ed-dda80c2ec73a-C,DAVINCI a giant leap forward in Venus exploration,https://www.usaspending.gov/award/ASST_NON_80NSSC23M0115_080/
80NSSC23PA917,2026,5,3482.22,0.0,False,080-0120,"Science, National Aeronautics and Space Administration",Creare LLC,4491538c-a280-803a-dc2f-2156613e47d8-C,Perform analysis and subject matter expertise in support of a Wide Range Pump (WRP) trade study for the DAVINCI vms instrument,https://www.usaspending.gov/award/CONT_AWD_80NSSC23PA917_8000_-NONE-_-NONE-/
80NSSC23PA917,2026,4,3482.22,0.0,False,080-0120,"Science, National Aeronautics and Space Administration",Creare LLC,4491538c-a280-803a-dc2f-2156613e47d8-C,Perform analysis and subject matter expertise in support of a Wide Range Pump (WRP) trade study for the DAVINCI vms instrument,https://www.usaspending.gov/award/CONT_AWD_80NSSC23PA917_8000_-NONE-_-NONE-/
80NSSC23PA917,2026,3,3482.22,0.0,False,080-0120,"Science, National Aeronautics and Space Administration",Creare LLC,4491538c-a280-803a-dc2f-2156613e47d8-C,Perform analysis and subject matter expertise in support of a Wide Range Pump (WRP) trade study for the DAVINCI vms instrument,https://www.usaspending.gov/award/CONT_AWD_80NSSC23PA917_8000_-NONE-_-NONE-/
80NSSC23PA917,2026,2,3482.22,0.0,False,080-0120,"Science, National Aeronautics and Space Administration",Creare LLC,4491538c-a280-803a-dc2f-2156613e47d8-C,Perform analysis and subject matter expertise in support of a Wide Range Pump (WRP) trade study for the DAVINCI vms instrument,https://www.usaspending.gov/award/CONT_AWD_80NSSC23PA917_8000_-NONE-_-NONE-/
80NSSC23PA917,2025,12,44950.41,0.0,False,080-0120,"Science, National Aeronautics and Space Administration",Creare LLC,4491538c-a280-803a-dc2f-2156613e47d8-C,Perform analysis and subject matter expertise in support of a Wide Range Pump (WRP) trade study for the DAVINCI vms instrument,https://www.usaspending.gov/award/CONT_AWD_80NSSC23PA917_8000_-NONE-_-NONE-/
80NSSC23PA917,2025,11,44950.41,0.0,False,080-0120,"Science, National Aeronautics and Space Administration",Creare LLC,4491538c-a280-803a-dc2f-2156613e47d8-C,Perform analysis and subject matter expertise in support of a Wide Range Pump (WRP) trade study for the DAVINCI vms instrument,https://www.usaspending.gov/award/CONT_AWD_80NSSC23PA917_8000_-NONE-_-NONE-/
80NSSC23PA917,2025,10,44950.41,0.0,False,080-0120,"Science, National Aeronautics and Space Administration",Creare LLC,4491538c-a280-803a-dc2f-2156613e47d8-C,Perform analysis and subject matter expertise in support of a Wide Range Pump (WRP) trade study for the DAVINCI vms instrument,https://www.usaspending.gov/award/CONT_AWD_80NSSC23PA917_8000_-NONE-_-NONE-/
80NSSC23PA917,2025,9,44950.41,0.0,False,080-0120,"Science, National Aeronautics and Space Administration",Creare LLC,4491538c-a280-803a-dc2f-2156613e47d8-C,Perform analysis and subject matter expertise in support of a Wide Range Pump (WRP) trade study for the DAVINCI vms instrument,https://www.usaspending.gov/award/CONT_AWD_80NSSC23PA917_8000_-NONE-_-NONE-/
80NSSC23PA917,2025,8,44950.41,0.0,False,080-0120,"Science, National Aeronautics and Space Administration",Creare LLC,4491538c-a280-803a-dc2f-2156613e47d8-C,Perform analysis and subject matter expertise in support of a Wide Range Pump (WRP) trade study for the DAVINCI vms instrument,https://www.usaspending.gov/award/CONT_AWD_80NSSC23PA917_8000_-NONE-_-NONE-/
80NSSC23PA917,2025,7,44950.41,0.0,False,080-0120,"Science, National Aeronautics and Space Administration",Creare LLC,4491538c-a280-803a-dc2f-2156613e47d8-C,Perform analysis and subject matter expertise in support of a Wide Range Pump (WRP) trade study for the DAVINCI vms instrument,https://www.usaspending.gov/award/CONT_AWD_80NSSC23PA917_8000_-NONE-_-NONE-/
80NSSC23PA917,2025,6,44950.41,0.0,False,080-0120,"Science, National Aeronautics and Space Administration",Creare LLC,4491538c-a280-803a-dc2f-2156613e47d8-C,Perform analysis and subject matter expertise in support of a Wide Range Pump (WRP) trade study for the DAVINCI vms instrument,https://www.usaspending.gov/award/CONT_AWD_80NSSC23PA917_8000_-NONE-_-NONE-/
80NSSC23PA917,2025,5,27264.16,0.0,False,080-0120,"Science, National Aeronautics and Space Administration",Creare LLC,4491538c-a280-803a-dc2f-2156613e47d8-C,Perform analysis and subject matter expertise in support of a Wide Range Pump (WRP) trade study for the DAVINCI vms instrument,https://www.usaspending.gov/award/CONT_AWD_80NSSC23PA917_8000_-NONE-_-NONE-/
80NSSC23PA917,2025,4,27264.16,0.0,False,080-0120,"Science, National Aeronautics and Space Administration",Creare LLC,4491538c-a280-803a-dc2f-2156613e47d8-C,Perform analysis and subject matter expertise in support of a Wide Range Pump (WRP) trade study for the DAVINCI vms instrument,https://www.usaspending.gov/award/CONT_AWD_80NSSC23PA917_8000_-NONE-_-NONE-/
80NSSC23PA917,2025,3,11938.00,0.0,False,080-0120,"Science, National Aeronautics and Space Administration",Creare LLC,4491538c-a280-803a-dc2f-2156613e47d8-C,Perform analysis and subject matter expertise in support of a Wide Range Pump (WRP) trade study for the DAVINCI vms instrument,https://www.usaspending.gov/award/CONT_AWD_80NSSC23PA917_8000_-NONE-_-NONE-/
80NSSC23PA917,2025,2,8827.92,0.0,False,080-0120,"Science, National Aeronautics and Space Administration",Creare LLC,4491538c-a280-803a-dc2f-2156613e47d8-C,Perform analysis and subject matter expertise in support of a Wide Range Pump (WRP) trade study for the DAVINCI vms instrument,https://www.usaspending.gov/award/CONT_AWD_80NSSC23PA917_8000_-NONE-_-NONE-/
80NSSC23PA917,2024,12,184007.07,0.0,False,080-0120,"Science, National Aeronautics and Space Administration",Creare LLC,4491538c-a280-803a-dc2f-2156613e47d8-C,Perform analysis and subject matter expertise in support of a Wide Range Pump (WRP) trade study for the DAVINCI vms instrument,https://www.usaspending.gov/award/CONT_AWD_80NSSC23PA917_8000_-NONE-_-NONE-/
80NSSC23PA917,2024,11,164020.41,0.0,False,080-0120,"Science, National Aeronautics and Space Administration",Creare LLC,4491538c-a280-803a-dc2f-2156613e47d8-C,Perform analysis and subject matter expertise in support of a Wide Range Pump (WRP) trade study for the DAVINCI vms instrument,https://www.usaspending.gov/award/CONT_AWD_80NSSC23PA917_8000_-NONE-_-NONE-/
80NSSC23PA917,2024,10,150387.15,0.0,False,080-0120,"Science, National Aeronautics and Space Administration",Creare LLC,4491538c-a280-803a-dc2f-2156613e47d8-C,Perform analysis and subject matter expertise in support of a Wide Range Pump (WRP) trade study for the DAVINCI vms instrument,https://www.usaspending.gov/award/CONT_AWD_80NSSC23PA917_8000_-NONE-_-NONE-/
80NSSC23PA917,2024,9,143096.97,0.0,False,080-0120,"Science, National Aeronautics and Space Administration",Creare LLC,4491538c-a280-803a-dc2f-2156613e47d8-C,Perform analysis and subject matter expertise in support of a Wide Range Pump (WRP) trade study for the DAVINCI vms instrument,https://www.usaspending.gov/award/CONT_AWD_80NSSC23PA917_8000_-NONE-_-NONE-/
80NSSC23PA917,2024,8,126711.07,0.0,False,080-0120,"Science, National Aeronautics and Space Administration",Creare LLC,4491538c-a280-803a-dc2f-2156613e47d8-C,Perform analysis and subject matter expertise in support of a Wide Range Pump (WRP) trade study for the DAVINCI vms instrument,https://www.usaspending.gov/award/CONT_AWD_80NSSC23PA917_8000_-NONE-_-NONE-/
80NSSC23PA917,2024,7,126711.07,0.0,False,080-0120,"Science, National Aeronautics and Space Administration",Creare LLC,4491538c-a280-803a-dc2f-2156613e47d8-C,Perform analysis and subject matter expertise in support of a Wide Range Pump (WRP) trade study for the DAVINCI vms instrument,https://www.usaspending.gov/award/CONT_AWD_80NSSC23PA917_8000_-NONE-_-NONE-/
80NSSC23PA917,2024,6,97902.36,0.0,False,080-0120,"Science, National Aeronautics and Space Administration",Creare LLC,4491538c-a280-803a-dc2f-2156613e47d8-C,Perform analysis and subject matter expertise in support of a Wide Range Pump (WRP) trade study for the DAVINCI vms instrument,https://www.usaspending.gov/award/CONT_AWD_80NSSC23PA917_8000_-NONE-_-NONE-/
80NSSC23PA917,2024,5,82554.02,0.0,False,080-0120,"Science, National Aeronautics and Space Administration",Creare LLC,4491538c-a280-803a-dc2f-2156613e47d8-C,Perform analysis and subject matter expertise in support of a Wide Range Pump (WRP) trade study for the DAVINCI vms instrument,https://www.usaspending.gov/award/CONT_AWD_80NSSC23PA917_8000_-NONE-_-NONE-/
80NSSC23PA917,2024,4,47814.34,0.0,False,080-0120,"Science, National Aeronautics and Space Administration",Creare LLC,4491538c-a280-803a-dc2f-2156613e47d8-C,Perform analysis and subject matter expertise in support of a Wide Range Pump (WRP) trade study for the DAVINCI vms instrument,https://www.usaspending.gov/award/CONT_AWD_80NSSC23PA917_8000_-NONE-_-NONE-/
80NSSC23PA917,2024,3,47814.34,0.0,False,080-0120,"Science, National Aeronautics and Space Administration",Creare LLC,4491538c-a280-803a-dc2f-2156613e47d8-C,Perform analysis and subject matter expertise in support of a Wide Range Pump (WRP) trade study for the DAVINCI vms instrument,https://www.usaspending.gov/award/CONT_AWD_80NSSC23PA917_8000_-NONE-_-NONE-/
80NSSC23PA917,2024,2,37193.09,0.0,False,080-0120,"Science, National Aeronautics and Space Administration",Creare LLC,4491538c-a280-803a-dc2f-2156613e47d8-C,Perform analysis and subject matter expertise in support of a Wide Range Pump (WRP) trade study for the DAVINCI vms instrument,https://www.usaspending.gov/award/CONT_AWD_80NSSC23PA917_8000_-NONE-_-NONE-/
80NSSC23PA917,2023,12,17166.52,0.0,False,080-0120,"Science, National Aeronautics and Space Administration",Creare LLC,4491538c-a280-803a-dc2f-2156613e47d8-C,Perform analysis and subject matter expertise in support of a Wide Range Pump (WRP) trade study for the DAVINCI vms instrument,https://www.usaspending.gov/award/CONT_AWD_80NSSC23PA917_8000_-NONE-_-NONE-/
80NSSC23PA917,2023,11,0.0,165000.00,False,080-0120,"Science, National Aeronautics and Space Administration",Creare LLC,4491538c-a280-803a-dc2f-2156613e47d8-C,Perform analysis and subject matter expertise in support of a Wide Range Pump (WRP) trade study for the DAVINCI vms instrument,https://www.usaspending.gov/award/CONT_AWD_80NSSC23PA917_8000_-NONE-_-NONE-/
80NSSC23PA917,2023,11,5396.71,0.0,False,080-0120,"Science, National Aeronautics and Space Administration",Creare LLC,4491538c-a280-803a-dc2f-2156613e47d8-C,Perform analysis and subject matter expertise in support of a Wide Range Pump (WRP) trade study for the DAVINCI vms instrument,https://www.usaspending.gov/award/CONT_AWD_80NSSC23PA917_8000_-NONE-_-NONE-/
80NSSC23PA917,2023,10,473.91,0.0,False,080-0120,"Science, National Aeronautics and Space Administration",Creare LLC,4491538c-a280-803a-dc2f-2156613e47d8-C,Perform analysis and subject matter expertise in support of a Wide Range Pump (WRP) trade study for the DAVINCI vms instrument,https://www.usaspending.gov/award/CONT_AWD_80NSSC23PA917_8000_-NONE-_-NONE-/
80NSSC23PA917,2023,7,0.0,85000.00,False,080-0120,"Science, National Aeronautics and Space Administration",Creare LLC,4491538c-a280-803a-dc2f-2156613e47d8-C,Perform analysis and subject matter expertise in support of a Wide Range Pump (WRP) trade study for the DAVINCI vms instrument,https://www.usaspending.gov/award/CONT_AWD_80NSSC23PA917_8000_-NONE-_-NONE-/
80NSSC23PB083,2024,12,11792.25,0.0,False,080-0120,"Science, National Aeronautics and Space Administration","Colliflower, Inc.",33268dc2-bfad-86d1-a376-252e84468d05-C,Procurement of fittins for DAVINCI mission,https://www.usaspending.gov/award/CONT_AWD_80NSSC23PB083_8000_-NONE-_-NONE-/
80NSSC23PB083,2024,12,19183.50,0.0,False,080-0120,"Science, National Aeronautics and Space Administration","Colliflower, Inc.",33268dc2-bfad-86d1-a376-252e84468d05-C,Procurement of fittins for DAVINCI mission,https://www.usaspending.gov/award/CONT_AWD_80NSSC23PB083_8000_-NONE-_-NONE-/
80NSSC23PB083,2024,12,500.00,0.0,False,080-0120,"Science, National Aeronautics and Space Administration","Colliflower, Inc.",33268dc2-bfad-86d1-a376-252e84468d05-C,Procurement of fittins for DAVINCI mission,https://www.usaspending.gov/award/CONT_AWD_80NSSC23PB083_8000_-NONE-_-NONE-/
80NSSC23PB083,2024,11,500.00,0.0,False,080-0120,"Science, National Aeronautics and Space Administration","Colliflower, Inc.",33268dc2-bfad-86d1-a376-252e84468d05-C,Procurement of fittins for DAVINCI mission,https://www.usaspending.gov/award/CONT_AWD_80NSSC23PB083_8000_-NONE-_-NONE-/
80NSSC23PB083,2024,11,11792.25,0.0,False,080-0120,"Science, National Aeronautics and Space Administration","Colliflower, Inc.",33268dc2-bfad-86d1-a376-252e84468d05-C,Procurement of fittins for DAVINCI mission,https://www.usaspending.gov/award/CONT_AWD_80NSSC23PB083_8000_-NONE-_-NONE-/
80NSSC23PB083,2024,11,19183.50,0.0,False,080-0120,"Science, National Aeronautics and Space Administration","Colliflower, Inc.",33268dc2-bfad-86d1-a376-252e84468d05-C,Procurement of fittins for DAVINCI mission,https://www.usaspending.gov/award/CONT_AWD_80NSSC23PB083_8000_-NONE-_-NONE-/
80NSSC23PB083,2024,10,19183.50,0.0,False,080-0120,"Science, National Aeronautics and Space Administration","Colliflower, Inc.",33268dc2-bfad-86d1-a376-252e84468d05-C,Procurement of fittins for DAVINCI mission,https://www.usaspending.gov/award/CONT_AWD_80NSSC23PB083_8000_-NONE-_-NONE-/
80NSSC23PB083,2024,10,11792.25,0.0,False,080-0120,"Science, National Aeronautics and Space Administration","Colliflower, Inc.",33268dc2-bfad-86d1-a376-252e84468d05-C,Procurement of fittins for DAVINCI mission,https://www.usaspending.gov/award/CONT_AWD_80NSSC23PB083_8000_-NONE-_-NONE-/
80NSSC23PB083,2024,10,500.00,0.0,False,080-0120,"Science, National Aeronautics and Space Administration","Colliflower, Inc.",33268dc2-bfad-86d1-a376-252e84468d05-C,Procurement of fittins for DAVINCI mission,https://www.usaspending.gov/award/CONT_AWD_80NSSC23PB083_8000_-NONE-_-NONE-/
80NSSC23PB083,2024,9,19183.50,0.0,False,080-0120,"Science, National Aeronautics and Space Administration","Colliflower, Inc.",33268dc2-bfad-86d1-a376-252e84468d05-C,Procurement of fittins for DAVINCI mission,https://www.usaspending.gov/award/CONT_AWD_80NSSC23PB083_8000_-NONE-_-NONE-/
80NSSC23PB083,2024,9,11792.25,0.0,False,080-0120,"Science, National Aeronautics and Space Administration","Colliflower, Inc.",33268dc2-bfad-86d1-a376-252e84468d05-C,Procurement of fittins for DAVINCI mission,https://www.usaspending.gov/award/CONT_AWD_80NSSC23PB083_8000_-NONE-_-NONE-/
80NSSC23PB083,2024,9,500.00,0.0,False,080-0120,"Science, National Aeronautics and Space Administration","Colliflower, Inc.",33268dc2-bfad-86d1-a376-252e84468d05-C,Procurement of fittins for DAVINCI mission,https://www.usaspending.gov/award/CONT_AWD_80NSSC23PB083_8000_-NONE-_-NONE-/
80NSSC23PB083,2024,8,500.00,0.0,False,080-0120,"Science, National Aeronautics and Space Administration","Colliflower, Inc.",33268dc2-bfad-86d1-a376-252e84468d05-C,Procurement of fittins for DAVINCI mission,https://www.usaspending.gov/award/CONT_AWD_80NSSC23PB083_8000_-NONE-_-NONE-/
80NSSC23PB083,2024,8,19183.50,0.0,False,080-0120,"Science, National Aeronautics and Space Administration","Colliflower, Inc.",33268dc2-bfad-86d1-a376-252e84468d05-C,Procurement of fittins for DAVINCI mission,https://www.usaspending.gov/award/CONT_AWD_80NSSC23PB083_8000_-NONE-_-NONE-/
80NSSC23PB083,2024,8,11792.25,0.0,False,080-0120,"Science, National Aeronautics and Space Administration","Colliflower, Inc.",33268dc2-bfad-86d1-a376-252e84468d05-C,Procurement of fittins for DAVINCI mission,https://www.usaspending.gov/award/CONT_AWD_80NSSC23PB083_8000_-NONE-_-NONE-/
80NSSC23PB083,2024,7,11792.25,0.0,False,080-0120,"Science, National Aeronautics and Space Administration","Colliflower, Inc.",33268dc2-bfad-86d1-a376-252e84468d05-C,Procurement of fittins for DAVINCI mission,https://www.usaspending.gov/award/CONT_AWD_80NSSC23PB083_8000_-NONE-_-NONE-/
80NSSC23PB083,2024,7,19183.50,0.0,False,080-0120,"Science, National Aeronautics and Space Administration","Colliflower, Inc.",33268dc2-bfad-86d1-a376-252e84468d05-C,Procurement of fittins for DAVINCI mission,https://www.usaspending.gov/award/CONT_AWD_80NSSC23PB083_8000_-NONE-_-NONE-/
80NSSC23PB083,2024,7,500.00,0.0,False,080-0120,"Science, National Aeronautics and Space Administration","Colliflower, Inc.",33268dc2-bfad-86d1-a376-252e84468d05-C,Procurement of fittins for DAVINCI mission,https://www.usaspending.gov/award/CONT_AWD_80NSSC23PB083_8000_-NONE-_-NONE-/
80NSSC23PB083,2024,6,500.00,0.0,False,080-0120,"Science, National Aeronautics and Space Administration","Colliflower, Inc.",33268dc2-bfad-86d1-a376-252e84468d05-C,Procurement of fittins for DAVINCI mission,https://www.usaspending.gov/award/CONT_AWD_80NSSC23PB083_8000_-NONE-_-NONE-/
80NSSC23PB083,2024,6,11792.25,0.0,False,080-0120,"Science, National Aeronautics and Space Administration","Colliflower, Inc.",33268dc2-bfad-86d1-a376-252e84468d05-C,Procurement of fittins for DAVINCI mission,https://www.usaspending.gov/award/CONT_AWD_80NSSC23PB083_8000_-NONE-_-NONE-/
80NSSC23PB083,2024,6,19183.50,0.0,False,080-0120,"Science, National Aeronautics and Space Administration","Colliflower, Inc.",33268dc2-bfad-86d1-a376-252e84468d05-C,Procurement of fittins for DAVINCI mission,https://www.usaspending.gov/award/CONT_AWD_80NSSC23PB083_8000_-NONE-_-NONE-/
80NSSC23PB083,2024,5,11792.25,0.0,False,080-0120,"Science, National Aeronautics and Space Administration","Colliflower, Inc.",33268dc2-bfad-86d1-a376-252e84468d05-C,Procurement of fittins for DAVINCI mission,https://www.usaspending.gov/award/CONT_AWD_80NSSC23PB083_8000_-NONE-_-NONE-/
80NSSC23PB083,2024,5,19183.50,0.0,False,080-0120,"Science, National Aeronautics and Space Administration","Colliflower, Inc.",33268dc2-bfad-86d1-a376-252e84468d05-C,Procurement of fittins for DAVINCI mission,https://www.usaspending.gov/award/CONT_AWD_80NSSC23PB083_8000_-NONE-_-NONE-/
80NSSC23PB083,2024,5,500.00,0.0,False,080-0120,"Science, National Aeronautics and Space Administration","Colliflower, Inc.",33268dc2-bfad-86d1-a376-252e84468d05-C,Procurement of fittins for DAVINCI mission,https://www.usaspending.gov/award/CONT_AWD_80NSSC23PB083_8000_-NONE-_-NONE-/
80NSSC23PB083,2024,4,500.00,0.0,False,080-0120,"Science, National Aeronautics and Space Administration","Colliflower, Inc.",33268dc2-bfad-86d1-a376-252e84468d05-C,Procurement of fittins for DAVINCI mission,https://www.usaspending.gov/award/CONT_AWD_80NSSC23PB083_8000_-NONE-_-NONE-/
80NSSC23PB083,2024,4,19183.50,0.0,False,080-0120,"Science, National Aeronautics and Space Administration","Colliflower, Inc.",33268dc2-bfad-86d1-a376-252e84468d05-C,Procurement of fittins for DAVINCI mission,https://www.usaspending.gov/award/CONT_AWD_80NSSC23PB083_8000_-NONE-_-NONE-/
80NSSC23PB083,2024,4,11792.25,0.0,False,080-0120,"Science, National Aeronautics and Space Administration","Colliflower, Inc.",33268dc2-bfad-86d1-a376-252e84468d05-C,Procurement of fittins for DAVINCI mission,https://www.usaspending.gov/award/CONT_AWD_80NSSC23PB083_8000_-NONE-_-NONE-/
80NSSC23PB083,2023,8,0.0,11792.25,False,080-0120,"Science, National Aeronautics and Space Administration","Colliflower, Inc.",33268dc2-bfad-86d1-a376-252e84468d05-C,Procurement of fittins for DAVINCI mission,https://www.usaspending.gov/award/CONT_AWD_80NSSC23PB083_8000_-NONE-_-NONE-/
80NSSC23PB083,2023,8,0.0,500.00,False,080-0120,"Science, National Aeronautics and Space Administration","Colliflower, Inc.",33268dc2-bfad-86d1-a376-252e84468d05-C,Procurement of fittins for DAVINCI mission,https://www.usaspending.gov/award/CONT_AWD_80NSSC23PB083_8000_-NONE-_-NONE-/
80NSSC23PB083,2023,8,0.0,19183.50,False,080-0120,"Science, National Aeronautics and Space Administration","Colliflower, Inc.",33268dc2-bfad-86d1-a376-252e84468d05-C,Procurement of fittins for DAVINCI mission,https://www.usaspending.gov/award/CONT_AWD_80NSSC23PB083_8000_-NONE-_-NONE-/
80NSSC23PC195,2025,12,37478.20,0.0,False,080-0120,"Science, National Aeronautics and Space Administration","Pacific Aerospace & Electronics, LLC",292abb14-0537-2fca-1ad6-3228637a9f5a-C,Procurement of the high temperature 38999 series iii connectors for DAVINCI,https://www.usaspending.gov/award/CONT_AWD_80NSSC23PC195_8000_-NONE-_-NONE-/
80NSSC23PC195,2025,12,55.00,0.0,False,080-0120,"Science, National Aeronautics and Space Administration","Pacific Aerospace & Electronics, LLC",292abb14-0537-2fca-1ad6-3228637a9f5a-C,Procurement of the high temperature 38999 series iii connectors for DAVINCI,https://www.usaspending.gov/award/CONT_AWD_80NSSC23PC195_8000_-NONE-_-NONE-/
80NSSC23PC195,2025,11,37478.20,0.0,False,080-0120,"Science, National Aeronautics and Space Administration","Pacific Aerospace & Electronics, LLC",292abb14-0537-2fca-1ad6-3228637a9f5a-C,Procurement of the high temperature 38999 series iii connectors for DAVINCI,https://www.usaspending.gov/award/CONT_AWD_80NSSC23PC195_8000_-NONE-_-NONE-/
80NSSC23PC195,2025,11,55.00,0.0,False,080-0120,"Science, National Aeronautics and Space Administration","Pacific Aerospace & Electronics, LLC",292abb14-0537-2fca-1ad6-3228637a9f5a-C,Procurement of the high temperature 38999 series iii connectors for DAVINCI,https://www.usaspending.gov/award/CONT_AWD_80NSSC23PC195_8000_-NONE-_-NONE-/
80NSSC23PC195,2025,10,55.00,0.0,False,080-0120,"Science, National Aeronautics and Space Administration","Pacific Aerospace & Electronics, LLC",292abb14-0537-2fca-1ad6-3228637a9f5a-C,Procurement of the high temperature 38999 series iii connectors for DAVINCI,https://www.usaspending.gov/award/CONT_AWD_80NSSC23PC195_8000_-NONE-_-NONE-/
80NSSC23PC195,2025,10,37478.20,0.0,False,080-0120,"Science, National Aeronautics and Space Administration","Pacific Aerospace & Electronics, LLC",292abb14-0537-2fca-1ad6-3228637a9f5a-C,Procurement of the high temperature 38999 series iii connectors for DAVINCI,https://www.usaspending.gov/award/CONT_AWD_80NSSC23PC195_8000_-NONE-_-NONE-/
80NSSC23PC195,2025,9,55.00,0.0,False,080-0120,"Science, National Aeronautics and Space Administration","Pacific Aerospace & Electronics, LLC",292abb14-0537-2fca-1ad6-3228637a9f5a-C,Procurement of the high temperature 38999 series iii connectors for DAVINCI,https://www.usaspending.gov/award/CONT_AWD_80NSSC23PC195_8000_-NONE-_-NONE-/
80NSSC23PC195,2025,9,37478.20,0.0,False,080-0120,"Science, National Aeronautics and Space Administration","Pacific Aerospace & Electronics, LLC",292abb14-0537-2fca-1ad6-3228637a9f5a-C,Procurement of the high temperature 38999 series iii connectors for DAVINCI,https://www.usaspending.gov/award/CONT_AWD_80NSSC23PC195_8000_-NONE-_-NONE-/
80NSSC23PC195,2025,8,55.00,0.0,False,080-0120,"Science, National Aeronautics and Space Administration","Pacific Aerospace & Electronics, LLC",292abb14-0537-2fca-1ad6-3228637a9f5a-C,Procurement of the high temperature 38999 series iii connectors for DAVINCI,https://www.usaspending.gov/award/CONT_AWD_80NSSC23PC195_8000_-NONE-_-NONE-/
80NSSC23PC195,2025,8,37478.20,0.0,False,080-0120,"Science, National Aeronautics and Space Administration","Pacific Aerospace & Electronics, LLC",292abb14-0537-2fca-1ad6-3228637a9f5a-C,Procurement of the high temperature 38999 series iii connectors for DAVINCI,https://www.usaspending.gov/award/CONT_AWD_80NSSC23PC195_8000_-NONE-_-NONE-/
80NSSC23PC195,2025,7,37478.20,0.0,False,080-0120,"Science, National Aeronautics and Space Administration","Pacific Aerospace & Electronics, LLC",292abb14-0537-2fca-1ad6-3228637a9f5a-C,Procurement of the high temperature 38999 series iii connectors for DAVINCI,https://www.usaspending.gov/award/CONT_AWD_80NSSC23PC195_8000_-NONE-_-NONE-/
80NSSC23PC195,2025,7,55.00,0.0,False,080-0120,"Science, National Aeronautics and Space Administration","Pacific Aerospace & Electronics, LLC",292abb14-0537-2fca-1ad6-3228637a9f5a-C,Procurement of the high temperature 38999 series iii connectors for DAVINCI,https://www.usaspending.gov/award/CONT_AWD_80NSSC23PC195_8000_-NONE-_-NONE-/
80NSSC23PC195,2024,12,0.0,-5000.00,False,080-0120,"Science, National Aeronautics and Space Administration","Pacific Aerospace & Electronics, LLC",292abb14-0537-2fca-1ad6-3228637a9f5a-C,Procurement of the high temperature 38999 series iii connectors for DAVINCI,https://www.usaspending.gov/award/CONT_AWD_80NSSC23PC195_8000_-NONE-_-NONE-/
80NSSC23PC195,2023,11,0.0,55.00,False,080-0120,"Science, National Aeronautics and Space Administration","Pacific Aerospace & Electronics, LLC",292abb14-0537-2fca-1ad6-3228637a9f5a-C,Procurement of the high temperature 38999 series iii connectors for DAVINCI,https://www.usaspending.gov/award/CONT_AWD_80NSSC23PC195_8000_-NONE-_-NONE-/
80NSSC23PC195,2023,11,0.0,42478.20,False,080-0120,"Science, National Aeronautics and Space Administration","Pacific Aerospace & Electronics, LLC",292abb14-0537-2fca-1ad6-3228637a9f5a-C,Procurement of the high temperature 38999 series iii connectors for DAVINCI,https://www.usaspending.gov/award/CONT_AWD_80NSSC23PC195_8000_-NONE-_-NONE-/
80NSSC24PA430,2026,5,10000.00,0.0,False,080-0120,"Science, National Aeronautics and Space Administration",Situation Awareness Systems LLC,cb9f9609-3102-e324-7e4f-5d41657376c9-C,Compute topography Digital Elevation Models (DEM) via structure-from-motion (SFM) algorithms via planetary descent imaging systems with attention to Venus applications tailored to DAVINCI.,https://www.usaspending.gov/award/CONT_AWD_80NSSC24PA430_8000_-NONE-_-NONE-/
80NSSC24PA430,2026,4,10000.00,0.0,False,080-0120,"Science, National Aeronautics and Space Administration",Situation Awareness Systems LLC,cb9f9609-3102-e324-7e4f-5d41657376c9-C,Compute topography Digital Elevation Models (DEM) via structure-from-motion (SFM) algorithms via planetary descent imaging systems with attention to Venus applications tailored to DAVINCI.,https://www.usaspending.gov/award/CONT_AWD_80NSSC24PA430_8000_-NONE-_-NONE-/
80NSSC24PA430,2026,3,10000.00,0.0,False,080-0120,"Science, National Aeronautics and Space Administration",Situation Awareness Systems LLC,cb9f9609-3102-e324-7e4f-5d41657376c9-C,Compute topography Digital Elevation Models (DEM) via structure-from-motion (SFM) algorithms via planetary descent imaging systems with attention to Venus applications tailored to DAVINCI.,https://www.usaspending.gov/award/CONT_AWD_80NSSC24PA430_8000_-NONE-_-NONE-/
80NSSC24PA430,2026,2,10000.00,0.0,False,080-0120,"Science, National Aeronautics and Space Administration",Situation Awareness Systems LLC,cb9f9609-3102-e324-7e4f-5d41657376c9-C,Compute topography Digital Elevation Models (DEM) via structure-from-motion (SFM) algorithms via planetary descent imaging systems with attention to Venus applications tailored to DAVINCI.,https://www.usaspending.gov/award/CONT_AWD_80NSSC24PA430_8000_-NONE-_-NONE-/
80NSSC24PA430,2025,12,30000.00,0.0,False,080-0120,"Science, National Aeronautics and Space Administration",Situation Awareness Systems LLC,cb9f9609-3102-e324-7e4f-5d41657376c9-C,Compute topography Digital Elevation Models (DEM) via structure-from-motion (SFM) algorithms via planetary descent imaging systems with attention to Venus applications tailored to DAVINCI.,https://www.usaspending.gov/award/CONT_AWD_80NSSC24PA430_8000_-NONE-_-NONE-/
80NSSC24PA430,2025,12,16000.00,0.0,False,080-0120,"Science, National Aeronautics and Space Administration",Situation Awareness Systems LLC,cb9f9609-3102-e324-7e4f-5d41657376c9-C,Compute topography Digital Elevation Models (DEM) via structure-from-motion (SFM) algorithms via planetary descent imaging systems with attention to Venus applications tailored to DAVINCI.,https://www.usaspending.gov/award/CONT_AWD_80NSSC24PA430_8000_-NONE-_-NONE-/
80NSSC24PA430,2025,11,16000.00,0.0,False,080-0120,"Science, National Aeronautics and Space Administration",Situation Awareness Systems LLC,cb9f9609-3102-e324-7e4f-5d41657376c9-C,Compute topography Digital Elevation Models (DEM) via structure-from-motion (SFM) algorithms via planetary descent imaging systems with attention to Venus applications tailored to DAVINCI.,https://www.usaspending.gov/award/CONT_AWD_80NSSC24PA430_8000_-NONE-_-NONE-/
80NSSC24PA430,2025,11,25000.00,0.0,False,080-0120,"Science, National Aeronautics and Space Administration",Situation Awareness Systems LLC,cb9f9609-3102-e324-7e4f-5d41657376c9-C,Compute topography Digital Elevation Models (DEM) via structure-from-motion (SFM) algorithms via planetary descent imaging systems with attention to Venus applications tailored to DAVINCI.,https://www.usaspending.gov/award/CONT_AWD_80NSSC24PA430_8000_-NONE-_-NONE-/
80NSSC24PA430,2025,10,20000.00,0.0,False,080-0120,"Science, National Aeronautics and Space Administration",Situation Awareness Systems LLC,cb9f9609-3102-e324-7e4f-5d41657376c9-C,Compute topography Digital Elevation Models (DEM) via structure-from-motion (SFM) algorithms via planetary descent imaging systems with attention to Venus applications tailored to DAVINCI.,https://www.usaspending.gov/award/CONT_AWD_80NSSC24PA430_8000_-NONE-_-NONE-/
80NSSC24PA430,2025,10,16000.00,0.0,False,080-0120,"Science, National Aeronautics and Space Administration",Situation Awareness Systems LLC,cb9f9609-3102-e324-7e4f-5d41657376c9-C,Compute topography Digital Elevation Models (DEM) via structure-from-motion (SFM) algorithms via planetary descent imaging systems with attention to Venus applications tailored to DAVINCI.,https://www.usaspending.gov/award/CONT_AWD_80NSSC24PA430_8000_-NONE-_-NONE-/
80NSSC24PA430,2025,9,15000.00,0.0,False,080-0120,"Science, National Aeronautics and Space Administration",Situation Awareness Systems LLC,cb9f9609-3102-e324-7e4f-5d41657376c9-C,Compute topography Digital Elevation Models (DEM) via structure-from-motion (SFM) algorithms via planetary descent imaging systems with attention to Venus applications tailored to DAVINCI.,https://www.usaspending.gov/award/CONT_AWD_80NSSC24PA430_8000_-NONE-_-NONE-/
80NSSC24PA430,2025,9,16000.00,0.0,False,080-0120,"Science, National Aeronautics and Space Administration",Situation Awareness Systems LLC,cb9f9609-3102-e324-7e4f-5d41657376c9-C,Compute topography Digital Elevation Models (DEM) via structure-from-motion (SFM) algorithms via planetary descent imaging systems with attention to Venus applications tailored to DAVINCI.,https://www.usaspending.gov/award/CONT_AWD_80NSSC24PA430_8000_-NONE-_-NONE-/
80NSSC24PA430,2025,8,16000.00,0.0,False,080-0120,"Science, National Aeronautics and Space Administration",Situation Awareness Systems LLC,cb9f9609-3102-e324-7e4f-5d41657376c9-C,Compute topography Digital Elevation Models (DEM) via structure-from-motion (SFM) algorithms via planetary descent imaging systems with attention to Venus applications tailored to DAVINCI.,https://www.usaspending.gov/award/CONT_AWD_80NSSC24PA430_8000_-NONE-_-NONE-/
80NSSC24PA430,2025,7,16000.00,0.0,False,080-0120,"Science, National Aeronautics and Space Administration",Situation Awareness Systems LLC,cb9f9609-3102-e324-7e4f-5d41657376c9-C,Compute topography Digital Elevation Models (DEM) via structure-from-motion (SFM) algorithms via planetary descent imaging systems with attention to Venus applications tailored to DAVINCI.,https://www.usaspending.gov/award/CONT_AWD_80NSSC24PA430_8000_-NONE-_-NONE-/
80NSSC24PA430,2025,6,16000.00,0.0,False,080-0120,"Science, National Aeronautics and Space Administration",Situation Awareness Systems LLC,cb9f9609-3102-e324-7e4f-5d41657376c9-C,Compute topography Digital Elevation Models (DEM) via structure-from-motion (SFM) algorithms via planetary descent imaging systems with attention to Venus applications tailored to DAVINCI.,https://www.usaspending.gov/award/CONT_AWD_80NSSC24PA430_8000_-NONE-_-NONE-/
80NSSC24PA430,2025,5,16000.00,0.0,False,080-0120,"Science, National Aeronautics and Space Administration",Situation Awareness Systems LLC,cb9f9609-3102-e324-7e4f-5d41657376c9-C,Compute topography Digital Elevation Models (DEM) via structure-from-motion (SFM) algorithms via planetary descent imaging systems with attention to Venus applications tailored to DAVINCI.,https://www.usaspending.gov/award/CONT_AWD_80NSSC24PA430_8000_-NONE-_-NONE-/
80NSSC24PA430,2025,4,16000.00,0.0,False,080-0120,"Science, National Aeronautics and Space Administration",Situation Awareness Systems LLC,cb9f9609-3102-e324-7e4f-5d41657376c9-C,Compute topography Digital Elevation Models (DEM) via structure-from-motion (SFM) algorithms via planetary descent imaging systems with attention to Venus applications tailored to DAVINCI.,https://www.usaspending.gov/award/CONT_AWD_80NSSC24PA430_8000_-NONE-_-NONE-/
80NSSC24PA430,2025,3,0.0,40000.00,False,080-0120,"Science, National Aeronautics and Space Administration",Situation Awareness Systems LLC,cb9f9609-3102-e324-7e4f-5d41657376c9-C,Compute topography Digital Elevation Models (DEM) via structure-from-motion (SFM) algorithms via planetary descent imaging systems with attention to Venus applications tailored to DAVINCI.,https://www.usaspending.gov/award/CONT_AWD_80NSSC24PA430_8000_-NONE-_-NONE-/
80NSSC24PA430,2025,3,16000.00,0.0,False,080-0120,"Science, National Aeronautics and Space Administration",Situation Awareness Systems LLC,cb9f9609-3102-e324-7e4f-5d41657376c9-C,Compute topography Digital Elevation Models (DEM) via structure-from-motion (SFM) algorithms via planetary descent imaging systems with attention to Venus applications tailored to DAVINCI.,https://www.usaspending.gov/award/CONT_AWD_80NSSC24PA430_8000_-NONE-_-NONE-/
80NSSC24PA430,2025,2,16000.00,0.0,False,080-0120,"Science, National Aeronautics and Space Administration",Situation Awareness Systems LLC,cb9f9609-3102-e324-7e4f-5d41657376c9-C,Compute topography Digital Elevation Models (DEM) via structure-from-motion (SFM) algorithms via planetary descent imaging systems with attention to Venus applications tailored to DAVINCI.,https://www.usaspending.gov/award/CONT_AWD_80NSSC24PA430_8000_-NONE-_-NONE-/
80NSSC24PA430,2024,12,24000.00,0.0,False,080-0120,"Science, National Aeronautics and Space Administration",Situation Awareness Systems LLC,cb9f9609-3102-e324-7e4f-5d41657376c9-C,Compute topography Digital Elevation Models (DEM) via structure-from-motion (SFM) algorithms via planetary descent imaging systems with attention to Venus applications tailored to DAVINCI.,https://www.usaspending.gov/award/CONT_AWD_80NSSC24PA430_8000_-NONE-_-NONE-/
80NSSC24PA430,2024,11,24000.00,0.0,False,080-0120,"Science, National Aeronautics and Space Administration",Situation Awareness Systems LLC,cb9f9609-3102-e324-7e4f-5d41657376c9-C,Compute topography Digital Elevation Models (DEM) via structure-from-motion (SFM) algorithms via planetary descent imaging systems with attention to Venus applications tailored to DAVINCI.,https://www.usaspending.gov/award/CONT_AWD_80NSSC24PA430_8000_-NONE-_-NONE-/
80NSSC24PA430,2024,10,16000.00,0.0,False,080-0120,"Science, National Aeronautics and Space Administration",Situation Awareness Systems LLC,cb9f9609-3102-e324-7e4f-5d41657376c9-C,Compute topography Digital Elevation Models (DEM) via structure-from-motion (SFM) algorithms via planetary descent imaging systems with attention to Venus applications tailored to DAVINCI.,https://www.usaspending.gov/award/CONT_AWD_80NSSC24PA430_8000_-NONE-_-NONE-/
80NSSC24PA430,2024,9,16000.00,0.0,False,080-0120,"Science, National Aeronautics and Space Administration",Situation Awareness Systems LLC,cb9f9609-3102-e324-7e4f-5d41657376c9-C,Compute topography Digital Elevation Models (DEM) via structure-from-motion (SFM) algorithms via planetary descent imaging systems with attention to Venus applications tailored to DAVINCI.,https://www.usaspending.gov/award/CONT_AWD_80NSSC24PA430_8000_-NONE-_-NONE-/
80NSSC24PA430,2024,8,8000.00,0.0,False,080-0120,"Science, National Aeronautics and Space Administration",Situation Awareness Systems LLC,cb9f9609-3102-e324-7e4f-5d41657376c9-C,Compute topography Digital Elevation Models (DEM) via structure-from-motion (SFM) algorithms via planetary descent imaging systems with attention to Venus applications tailored to DAVINCI.,https://www.usaspending.gov/award/CONT_AWD_80NSSC24PA430_8000_-NONE-_-NONE-/
80NSSC24PA430,2024,7,8000.00,0.0,False,080-0120,"Science, National Aeronautics and Space Administration",Situation Awareness Systems LLC,cb9f9609-3102-e324-7e4f-5d41657376c9-C,Compute topography Digital Elevation Models (DEM) via structure-from-motion (SFM) algorithms via planetary descent imaging systems with attention to Venus applications tailored to DAVINCI.,https://www.usaspending.gov/award/CONT_AWD_80NSSC24PA430_8000_-NONE-_-NONE-/
80NSSC24PA430,2024,4,0.0,40000.00,False,080-0120,"Science, National Aeronautics and Space Administration",Situation Awareness Systems LLC,cb9f9609-3102-e324-7e4f-5d41657376c9-C,Compute topography Digital Elevation Models (DEM) via structure-from-motion (SFM) algorithms via planetary descent imaging systems with attention to Venus applications tailored to DAVINCI.,https://www.usaspending.gov/award/CONT_AWD_80NSSC24PA430_8000_-NONE-_-NONE-/
80NSSC25PA150,2025,12,15000.00,0.0,False,080-0120,"Science, National Aeronautics and Space Administration",Crisp Spectra LLC,1d4faf3b-575a-1459-6d26-cb9e31fb4fc5-C,Radiative transfer modeling and analysis for Venus descent imaging and remote sensing on DAVINCI,https://www.usaspending.gov/award/CONT_AWD_80NSSC25PA150_8000_-NONE-_-NONE-/
80NSSC25PA150,2025,11,15000.00,0.0,False,080-0120,"Science, National Aeronautics and Space Administration",Crisp Spectra LLC,1d4faf3b-575a-1459-6d26-cb9e31fb4fc5-C,Radiative transfer modeling and analysis for Venus descent imaging and remote sensing on DAVINCI,https://www.usaspending.gov/award/CONT_AWD_80NSSC25PA150_8000_-NONE-_-NONE-/
80NSSC25PA150,2025,10,15000.00,0.0,False,080-0120,"Science, National Aeronautics and Space Administration",Crisp Spectra LLC,1d4faf3b-575a-1459-6d26-cb9e31fb4fc5-C,Radiative transfer modeling and analysis for Venus descent imaging and remote sensing on DAVINCI,https://www.usaspending.gov/award/CONT_AWD_80NSSC25PA150_8000_-NONE-_-NONE-/
80NSSC25PA150,2025,9,15000.00,0.0,False,080-0120,"Science, National Aeronautics and Space Administration",Crisp Spectra LLC,1d4faf3b-575a-1459-6d26-cb9e31fb4fc5-C,Radiative transfer modeling and analysis for Venus descent imaging and remote sensing on DAVINCI,https://www.usaspending.gov/award/CONT_AWD_80NSSC25PA150_8000_-NONE-_-NONE-/
80NSSC25PA150,2025,2,0.0,15000.00,False,080-0120,"Science, National Aeronautics and Space Administration",Crisp Spectra LLC,1d4faf3b-575a-1459-6d26-cb9e31fb4fc5-C,Radiative transfer modeling and analysis for Venus descent imaging and remote sensing on DAVINCI,https://www.usaspending.gov/award/CONT_AWD_80NSSC25PA150_8000_-NONE-_-NONE-/
NNN16D009T,2019,3,0.0,-319.30,True,080-0120,"Science, National Aeronautics and Space Administration",California Institute of Technology,6e76fa33-2d96-c636-941c-bca1997db076-C,"Igf::CL::igf JPL support of deep atmosphere Venus investigation of noble gases, chemistry, and imaging (DAVINCI)   the contract is the sponsoring agreement between the national aeronautics and space administration NASA and the california institute of technology-contractor, a private nonprofit educational institution, which establishes the relationship for the operation of the federally funded research and development center-ffrdc known as the jet propulsion laboratory. The contractor, JPL, is required to perform work that is designated in task orders issued by the NASA management office-nmo contracting officers. Nasa-sponsored work: jpls primary mission is to support the NASA science mission directorate-smd in carrying out the specific objectives identified in the smd science plan.  The four broad scientific areas are: Earth science, planetary science, heliophysics, and astrophysics.  In performance of this contract, JPL shall: 1. Supply a broad base of scientific and technical capabilities relevant to NASA program and project responsibilities and assignments. 2. Foster its unique relationship with a top-tier university to facilitate the involvement of scientists, engineers, and students from the university and research communities in NASA mission and in supporting other government agencies. 3. Support NASA in enabling program and institutional capabilities. 4. Develop spacecraft and instruments that are sent to various destinations with our solar system, including Earth orbit, planets, planetary satellites, asteroids, and comets.  These missions may be orbiters, landers, or rovers, and typically include cutting-edge technologies required to meet scientific requirements. 5. Perform project tasks involving: i-autonomous deep-space, inner-space and earth-orbiting spacecraft or major subsystems, ii-experiments, instruments, or other devices which may be carried as payload on spacecrafts in missions managed by others, and-or iii-ground-based systems. 6. Beyond its primary mission, JPL may perform work for other NASA mission directorates or offices. 7. JPL is also responsible for the operation, research, technology insertion, and management of nasas deep space network to provide telecommunication and operation services, including data acquisition and data delivery required to meet established agency objectives. 8. JPL is also required to maintain and conduct an education program in close coordination with the NASA headquarters education office, the academic community at large, and in support to NASA strategic objectives to improve student retention in the science, technology, engineering, and mathematics-stem disciplines. Work for non-nasa sponsors:  JPL may perform work for non-nasa sponsors.  This work will be designated in task orders issued by nmo contracting officers based on task plans initiated by the contractor.",https://www.usaspending.gov/award/CONT_AWD_NNN16D009T_8000_NNN12AA01C_8000/
