award_id,reporting_fiscal_year,reporting_fiscal_month,gross_outlay_amount,transaction_obligated_amount,is_quarterly_submission,federal_account,account_title,recipient_name,recipient_id,award_description,award_usaspending_url
80NM0018F0552,2026,4,120535.18,0.0,False,080-0120,"Science, National Aeronautics and Space Administration",California Institute of Technology,6e76fa33-2d96-c636-941c-bca1997db076-C,Electra uhf proximity-link payload for the MAVEN project 60-13422,https://www.usaspending.gov/award/CONT_AWD_80NM0018F0552_8000_80NM0018D0004_8000/
80NM0018F0552,2026,3,87726.42,0.0,False,080-0120,"Science, National Aeronautics and Space Administration",California Institute of Technology,6e76fa33-2d96-c636-941c-bca1997db076-C,Electra uhf proximity-link payload for the MAVEN project 60-13422,https://www.usaspending.gov/award/CONT_AWD_80NM0018F0552_8000_80NM0018D0004_8000/
80NM0018F0552,2026,2,53096.29,0.0,False,080-0120,"Science, National Aeronautics and Space Administration",California Institute of Technology,6e76fa33-2d96-c636-941c-bca1997db076-C,Electra uhf proximity-link payload for the MAVEN project 60-13422,https://www.usaspending.gov/award/CONT_AWD_80NM0018F0552_8000_80NM0018D0004_8000/
80NM0018F0552,2026,2,0.0,500000.00,False,080-0120,"Science, National Aeronautics and Space Administration",California Institute of Technology,6e76fa33-2d96-c636-941c-bca1997db076-C,Electra uhf proximity-link payload for the MAVEN project 60-13422,https://www.usaspending.gov/award/CONT_AWD_80NM0018F0552_8000_80NM0018D0004_8000/
80NM0018F0552,2025,12,367279.11,0.0,False,080-0120,"Science, National Aeronautics and Space Administration",California Institute of Technology,6e76fa33-2d96-c636-941c-bca1997db076-C,Electra uhf proximity-link payload for the MAVEN project 60-13422,https://www.usaspending.gov/award/CONT_AWD_80NM0018F0552_8000_80NM0018D0004_8000/
80NM0018F0552,2025,12,106966.91,0.0,False,080-0120,"Science, National Aeronautics and Space Administration",California Institute of Technology,6e76fa33-2d96-c636-941c-bca1997db076-C,Electra uhf proximity-link payload for the MAVEN project 60-13422,https://www.usaspending.gov/award/CONT_AWD_80NM0018F0552_8000_80NM0018D0004_8000/
80NM0018F0552,2025,11,106966.91,0.0,False,080-0120,"Science, National Aeronautics and Space Administration",California Institute of Technology,6e76fa33-2d96-c636-941c-bca1997db076-C,Electra uhf proximity-link payload for the MAVEN project 60-13422,https://www.usaspending.gov/award/CONT_AWD_80NM0018F0552_8000_80NM0018D0004_8000/
80NM0018F0552,2025,11,329273.01,0.0,False,080-0120,"Science, National Aeronautics and Space Administration",California Institute of Technology,6e76fa33-2d96-c636-941c-bca1997db076-C,Electra uhf proximity-link payload for the MAVEN project 60-13422,https://www.usaspending.gov/award/CONT_AWD_80NM0018F0552_8000_80NM0018D0004_8000/
80NM0018F0552,2025,10,106966.91,0.0,False,080-0120,"Science, National Aeronautics and Space Administration",California Institute of Technology,6e76fa33-2d96-c636-941c-bca1997db076-C,Electra uhf proximity-link payload for the MAVEN project 60-13422,https://www.usaspending.gov/award/CONT_AWD_80NM0018F0552_8000_80NM0018D0004_8000/
80NM0018F0552,2025,10,276174.13,0.0,False,080-0120,"Science, National Aeronautics and Space Administration",California Institute of Technology,6e76fa33-2d96-c636-941c-bca1997db076-C,Electra uhf proximity-link payload for the MAVEN project 60-13422,https://www.usaspending.gov/award/CONT_AWD_80NM0018F0552_8000_80NM0018D0004_8000/
80NM0018F0552,2025,9,106966.91,0.0,False,080-0120,"Science, National Aeronautics and Space Administration",California Institute of Technology,6e76fa33-2d96-c636-941c-bca1997db076-C,Electra uhf proximity-link payload for the MAVEN project 60-13422,https://www.usaspending.gov/award/CONT_AWD_80NM0018F0552_8000_80NM0018D0004_8000/
80NM0018F0552,2025,9,263057.45,0.0,False,080-0120,"Science, National Aeronautics and Space Administration",California Institute of Technology,6e76fa33-2d96-c636-941c-bca1997db076-C,Electra uhf proximity-link payload for the MAVEN project 60-13422,https://www.usaspending.gov/award/CONT_AWD_80NM0018F0552_8000_80NM0018D0004_8000/
80NM0018F0552,2025,8,106966.91,0.0,False,080-0120,"Science, National Aeronautics and Space Administration",California Institute of Technology,6e76fa33-2d96-c636-941c-bca1997db076-C,Electra uhf proximity-link payload for the MAVEN project 60-13422,https://www.usaspending.gov/award/CONT_AWD_80NM0018F0552_8000_80NM0018D0004_8000/
80NM0018F0552,2025,8,226367.37,0.0,False,080-0120,"Science, National Aeronautics and Space Administration",California Institute of Technology,6e76fa33-2d96-c636-941c-bca1997db076-C,Electra uhf proximity-link payload for the MAVEN project 60-13422,https://www.usaspending.gov/award/CONT_AWD_80NM0018F0552_8000_80NM0018D0004_8000/
80NM0018F0552,2025,7,106966.91,0.0,False,080-0120,"Science, National Aeronautics and Space Administration",California Institute of Technology,6e76fa33-2d96-c636-941c-bca1997db076-C,Electra uhf proximity-link payload for the MAVEN project 60-13422,https://www.usaspending.gov/award/CONT_AWD_80NM0018F0552_8000_80NM0018D0004_8000/
80NM0018F0552,2025,7,191358.85,0.0,False,080-0120,"Science, National Aeronautics and Space Administration",California Institute of Technology,6e76fa33-2d96-c636-941c-bca1997db076-C,Electra uhf proximity-link payload for the MAVEN project 60-13422,https://www.usaspending.gov/award/CONT_AWD_80NM0018F0552_8000_80NM0018D0004_8000/
80NM0018F0552,2025,6,106966.91,0.0,False,080-0120,"Science, National Aeronautics and Space Administration",California Institute of Technology,6e76fa33-2d96-c636-941c-bca1997db076-C,Electra uhf proximity-link payload for the MAVEN project 60-13422,https://www.usaspending.gov/award/CONT_AWD_80NM0018F0552_8000_80NM0018D0004_8000/
80NM0018F0552,2025,6,155545.15,0.0,False,080-0120,"Science, National Aeronautics and Space Administration",California Institute of Technology,6e76fa33-2d96-c636-941c-bca1997db076-C,Electra uhf proximity-link payload for the MAVEN project 60-13422,https://www.usaspending.gov/award/CONT_AWD_80NM0018F0552_8000_80NM0018D0004_8000/
80NM0018F0552,2025,5,60264.19,0.0,False,080-0120,"Science, National Aeronautics and Space Administration",California Institute of Technology,6e76fa33-2d96-c636-941c-bca1997db076-C,Electra uhf proximity-link payload for the MAVEN project 60-13422,https://www.usaspending.gov/award/CONT_AWD_80NM0018F0552_8000_80NM0018D0004_8000/
80NM0018F0552,2025,5,106966.91,0.0,False,080-0120,"Science, National Aeronautics and Space Administration",California Institute of Technology,6e76fa33-2d96-c636-941c-bca1997db076-C,Electra uhf proximity-link payload for the MAVEN project 60-13422,https://www.usaspending.gov/award/CONT_AWD_80NM0018F0552_8000_80NM0018D0004_8000/
80NM0018F0552,2025,4,106966.91,0.0,False,080-0120,"Science, National Aeronautics and Space Administration",California Institute of Technology,6e76fa33-2d96-c636-941c-bca1997db076-C,Electra uhf proximity-link payload for the MAVEN project 60-13422,https://www.usaspending.gov/award/CONT_AWD_80NM0018F0552_8000_80NM0018D0004_8000/
80NM0018F0552,2025,4,32047.49,0.0,False,080-0120,"Science, National Aeronautics and Space Administration",California Institute of Technology,6e76fa33-2d96-c636-941c-bca1997db076-C,Electra uhf proximity-link payload for the MAVEN project 60-13422,https://www.usaspending.gov/award/CONT_AWD_80NM0018F0552_8000_80NM0018D0004_8000/
80NM0018F0552,2025,3,101509.28,0.0,False,080-0120,"Science, National Aeronautics and Space Administration",California Institute of Technology,6e76fa33-2d96-c636-941c-bca1997db076-C,Electra uhf proximity-link payload for the MAVEN project 60-13422,https://www.usaspending.gov/award/CONT_AWD_80NM0018F0552_8000_80NM0018D0004_8000/
80NM0018F0552,2025,2,0.0,500000.00,False,080-0120,"Science, National Aeronautics and Space Administration",California Institute of Technology,6e76fa33-2d96-c636-941c-bca1997db076-C,Electra uhf proximity-link payload for the MAVEN project 60-13422,https://www.usaspending.gov/award/CONT_AWD_80NM0018F0552_8000_80NM0018D0004_8000/
80NM0018F0552,2025,2,59480.58,0.0,False,080-0120,"Science, National Aeronautics and Space Administration",California Institute of Technology,6e76fa33-2d96-c636-941c-bca1997db076-C,Electra uhf proximity-link payload for the MAVEN project 60-13422,https://www.usaspending.gov/award/CONT_AWD_80NM0018F0552_8000_80NM0018D0004_8000/
80NM0018F0552,2024,12,393033.09,0.0,False,080-0120,"Science, National Aeronautics and Space Administration",California Institute of Technology,6e76fa33-2d96-c636-941c-bca1997db076-C,Electra uhf proximity-link payload for the MAVEN project 60-13422,https://www.usaspending.gov/award/CONT_AWD_80NM0018F0552_8000_80NM0018D0004_8000/
80NM0018F0552,2024,12,103006.24,0.0,False,080-0120,"Science, National Aeronautics and Space Administration",California Institute of Technology,6e76fa33-2d96-c636-941c-bca1997db076-C,Electra uhf proximity-link payload for the MAVEN project 60-13422,https://www.usaspending.gov/award/CONT_AWD_80NM0018F0552_8000_80NM0018D0004_8000/
80NM0018F0552,2024,11,375488.09,0.0,False,080-0120,"Science, National Aeronautics and Space Administration",California Institute of Technology,6e76fa33-2d96-c636-941c-bca1997db076-C,Electra uhf proximity-link payload for the MAVEN project 60-13422,https://www.usaspending.gov/award/CONT_AWD_80NM0018F0552_8000_80NM0018D0004_8000/
80NM0018F0552,2024,11,103006.24,0.0,False,080-0120,"Science, National Aeronautics and Space Administration",California Institute of Technology,6e76fa33-2d96-c636-941c-bca1997db076-C,Electra uhf proximity-link payload for the MAVEN project 60-13422,https://www.usaspending.gov/award/CONT_AWD_80NM0018F0552_8000_80NM0018D0004_8000/
80NM0018F0552,2024,10,103006.24,0.0,False,080-0120,"Science, National Aeronautics and Space Administration",California Institute of Technology,6e76fa33-2d96-c636-941c-bca1997db076-C,Electra uhf proximity-link payload for the MAVEN project 60-13422,https://www.usaspending.gov/award/CONT_AWD_80NM0018F0552_8000_80NM0018D0004_8000/
80NM0018F0552,2024,10,351968.50,0.0,False,080-0120,"Science, National Aeronautics and Space Administration",California Institute of Technology,6e76fa33-2d96-c636-941c-bca1997db076-C,Electra uhf proximity-link payload for the MAVEN project 60-13422,https://www.usaspending.gov/award/CONT_AWD_80NM0018F0552_8000_80NM0018D0004_8000/
80NM0018F0552,2024,9,103006.24,0.0,False,080-0120,"Science, National Aeronautics and Space Administration",California Institute of Technology,6e76fa33-2d96-c636-941c-bca1997db076-C,Electra uhf proximity-link payload for the MAVEN project 60-13422,https://www.usaspending.gov/award/CONT_AWD_80NM0018F0552_8000_80NM0018D0004_8000/
80NM0018F0552,2024,9,307820.40,0.0,False,080-0120,"Science, National Aeronautics and Space Administration",California Institute of Technology,6e76fa33-2d96-c636-941c-bca1997db076-C,Electra uhf proximity-link payload for the MAVEN project 60-13422,https://www.usaspending.gov/award/CONT_AWD_80NM0018F0552_8000_80NM0018D0004_8000/
80NM0018F0552,2024,8,103006.24,0.0,False,080-0120,"Science, National Aeronautics and Space Administration",California Institute of Technology,6e76fa33-2d96-c636-941c-bca1997db076-C,Electra uhf proximity-link payload for the MAVEN project 60-13422,https://www.usaspending.gov/award/CONT_AWD_80NM0018F0552_8000_80NM0018D0004_8000/
80NM0018F0552,2024,8,250265.53,0.0,False,080-0120,"Science, National Aeronautics and Space Administration",California Institute of Technology,6e76fa33-2d96-c636-941c-bca1997db076-C,Electra uhf proximity-link payload for the MAVEN project 60-13422,https://www.usaspending.gov/award/CONT_AWD_80NM0018F0552_8000_80NM0018D0004_8000/
80NM0018F0552,2024,7,103006.24,0.0,False,080-0120,"Science, National Aeronautics and Space Administration",California Institute of Technology,6e76fa33-2d96-c636-941c-bca1997db076-C,Electra uhf proximity-link payload for the MAVEN project 60-13422,https://www.usaspending.gov/award/CONT_AWD_80NM0018F0552_8000_80NM0018D0004_8000/
80NM0018F0552,2024,7,0.0,250001.00,False,080-0120,"Science, National Aeronautics and Space Administration",California Institute of Technology,6e76fa33-2d96-c636-941c-bca1997db076-C,Electra uhf proximity-link payload for the MAVEN project 60-13422,https://www.usaspending.gov/award/CONT_AWD_80NM0018F0552_8000_80NM0018D0004_8000/
80NM0018F0552,2024,7,216407.86,0.0,False,080-0120,"Science, National Aeronautics and Space Administration",California Institute of Technology,6e76fa33-2d96-c636-941c-bca1997db076-C,Electra uhf proximity-link payload for the MAVEN project 60-13422,https://www.usaspending.gov/award/CONT_AWD_80NM0018F0552_8000_80NM0018D0004_8000/
80NM0018F0552,2024,6,170712.97,0.0,False,080-0120,"Science, National Aeronautics and Space Administration",California Institute of Technology,6e76fa33-2d96-c636-941c-bca1997db076-C,Electra uhf proximity-link payload for the MAVEN project 60-13422,https://www.usaspending.gov/award/CONT_AWD_80NM0018F0552_8000_80NM0018D0004_8000/
80NM0018F0552,2024,6,103006.24,0.0,False,080-0120,"Science, National Aeronautics and Space Administration",California Institute of Technology,6e76fa33-2d96-c636-941c-bca1997db076-C,Electra uhf proximity-link payload for the MAVEN project 60-13422,https://www.usaspending.gov/award/CONT_AWD_80NM0018F0552_8000_80NM0018D0004_8000/
80NM0018F0552,2024,5,103006.24,0.0,False,080-0120,"Science, National Aeronautics and Space Administration",California Institute of Technology,6e76fa33-2d96-c636-941c-bca1997db076-C,Electra uhf proximity-link payload for the MAVEN project 60-13422,https://www.usaspending.gov/award/CONT_AWD_80NM0018F0552_8000_80NM0018D0004_8000/
80NM0018F0552,2024,5,0.0,83333.00,False,080-0120,"Science, National Aeronautics and Space Administration",California Institute of Technology,6e76fa33-2d96-c636-941c-bca1997db076-C,Electra uhf proximity-link payload for the MAVEN project 60-13422,https://www.usaspending.gov/award/CONT_AWD_80NM0018F0552_8000_80NM0018D0004_8000/
80NM0018F0552,2024,5,126544.72,0.0,False,080-0120,"Science, National Aeronautics and Space Administration",California Institute of Technology,6e76fa33-2d96-c636-941c-bca1997db076-C,Electra uhf proximity-link payload for the MAVEN project 60-13422,https://www.usaspending.gov/award/CONT_AWD_80NM0018F0552_8000_80NM0018D0004_8000/
80NM0018F0552,2024,4,72711.14,0.0,False,080-0120,"Science, National Aeronautics and Space Administration",California Institute of Technology,6e76fa33-2d96-c636-941c-bca1997db076-C,Electra uhf proximity-link payload for the MAVEN project 60-13422,https://www.usaspending.gov/award/CONT_AWD_80NM0018F0552_8000_80NM0018D0004_8000/
80NM0018F0552,2024,4,103006.24,0.0,False,080-0120,"Science, National Aeronautics and Space Administration",California Institute of Technology,6e76fa33-2d96-c636-941c-bca1997db076-C,Electra uhf proximity-link payload for the MAVEN project 60-13422,https://www.usaspending.gov/award/CONT_AWD_80NM0018F0552_8000_80NM0018D0004_8000/
80NM0018F0552,2024,3,103006.24,0.0,False,080-0120,"Science, National Aeronautics and Space Administration",California Institute of Technology,6e76fa33-2d96-c636-941c-bca1997db076-C,Electra uhf proximity-link payload for the MAVEN project 60-13422,https://www.usaspending.gov/award/CONT_AWD_80NM0018F0552_8000_80NM0018D0004_8000/
80NM0018F0552,2024,3,16831.07,0.0,False,080-0120,"Science, National Aeronautics and Space Administration",California Institute of Technology,6e76fa33-2d96-c636-941c-bca1997db076-C,Electra uhf proximity-link payload for the MAVEN project 60-13422,https://www.usaspending.gov/award/CONT_AWD_80NM0018F0552_8000_80NM0018D0004_8000/
80NM0018F0552,2024,2,0.0,83333.00,False,080-0120,"Science, National Aeronautics and Space Administration",California Institute of Technology,6e76fa33-2d96-c636-941c-bca1997db076-C,Electra uhf proximity-link payload for the MAVEN project 60-13422,https://www.usaspending.gov/award/CONT_AWD_80NM0018F0552_8000_80NM0018D0004_8000/
80NM0018F0552,2024,2,84732.10,0.0,False,080-0120,"Science, National Aeronautics and Space Administration",California Institute of Technology,6e76fa33-2d96-c636-941c-bca1997db076-C,Electra uhf proximity-link payload for the MAVEN project 60-13422,https://www.usaspending.gov/award/CONT_AWD_80NM0018F0552_8000_80NM0018D0004_8000/
80NM0018F0552,2024,2,0.0,83333.00,False,080-0120,"Science, National Aeronautics and Space Administration",California Institute of Technology,6e76fa33-2d96-c636-941c-bca1997db076-C,Electra uhf proximity-link payload for the MAVEN project 60-13422,https://www.usaspending.gov/award/CONT_AWD_80NM0018F0552_8000_80NM0018D0004_8000/
80NM0018F0552,2023,12,119145.08,0.0,False,080-0120,"Science, National Aeronautics and Space Administration",California Institute of Technology,6e76fa33-2d96-c636-941c-bca1997db076-C,Electra uhf proximity-link payload for the MAVEN project 60-13422,https://www.usaspending.gov/award/CONT_AWD_80NM0018F0552_8000_80NM0018D0004_8000/
80NM0018F0552,2023,12,396993.76,0.0,False,080-0120,"Science, National Aeronautics and Space Administration",California Institute of Technology,6e76fa33-2d96-c636-941c-bca1997db076-C,Electra uhf proximity-link payload for the MAVEN project 60-13422,https://www.usaspending.gov/award/CONT_AWD_80NM0018F0552_8000_80NM0018D0004_8000/
80NM0018F0552,2023,11,119145.08,0.0,False,080-0120,"Science, National Aeronautics and Space Administration",California Institute of Technology,6e76fa33-2d96-c636-941c-bca1997db076-C,Electra uhf proximity-link payload for the MAVEN project 60-13422,https://www.usaspending.gov/award/CONT_AWD_80NM0018F0552_8000_80NM0018D0004_8000/
80NM0018F0552,2023,11,358461.09,0.0,False,080-0120,"Science, National Aeronautics and Space Administration",California Institute of Technology,6e76fa33-2d96-c636-941c-bca1997db076-C,Electra uhf proximity-link payload for the MAVEN project 60-13422,https://www.usaspending.gov/award/CONT_AWD_80NM0018F0552_8000_80NM0018D0004_8000/
80NM0018F0552,2023,10,119145.08,0.0,False,080-0120,"Science, National Aeronautics and Space Administration",California Institute of Technology,6e76fa33-2d96-c636-941c-bca1997db076-C,Electra uhf proximity-link payload for the MAVEN project 60-13422,https://www.usaspending.gov/award/CONT_AWD_80NM0018F0552_8000_80NM0018D0004_8000/
80NM0018F0552,2023,10,285802.81,0.0,False,080-0120,"Science, National Aeronautics and Space Administration",California Institute of Technology,6e76fa33-2d96-c636-941c-bca1997db076-C,Electra uhf proximity-link payload for the MAVEN project 60-13422,https://www.usaspending.gov/award/CONT_AWD_80NM0018F0552_8000_80NM0018D0004_8000/
80NM0018F0552,2023,9,119145.08,0.0,False,080-0120,"Science, National Aeronautics and Space Administration",California Institute of Technology,6e76fa33-2d96-c636-941c-bca1997db076-C,Electra uhf proximity-link payload for the MAVEN project 60-13422,https://www.usaspending.gov/award/CONT_AWD_80NM0018F0552_8000_80NM0018D0004_8000/
80NM0018F0552,2023,9,263680.72,0.0,False,080-0120,"Science, National Aeronautics and Space Administration",California Institute of Technology,6e76fa33-2d96-c636-941c-bca1997db076-C,Electra uhf proximity-link payload for the MAVEN project 60-13422,https://www.usaspending.gov/award/CONT_AWD_80NM0018F0552_8000_80NM0018D0004_8000/
80NM0018F0552,2023,8,119145.08,0.0,False,080-0120,"Science, National Aeronautics and Space Administration",California Institute of Technology,6e76fa33-2d96-c636-941c-bca1997db076-C,Electra uhf proximity-link payload for the MAVEN project 60-13422,https://www.usaspending.gov/award/CONT_AWD_80NM0018F0552_8000_80NM0018D0004_8000/
80NM0018F0552,2023,8,188883.24,0.0,False,080-0120,"Science, National Aeronautics and Space Administration",California Institute of Technology,6e76fa33-2d96-c636-941c-bca1997db076-C,Electra uhf proximity-link payload for the MAVEN project 60-13422,https://www.usaspending.gov/award/CONT_AWD_80NM0018F0552_8000_80NM0018D0004_8000/
80NM0018F0552,2023,7,119145.08,0.0,False,080-0120,"Science, National Aeronautics and Space Administration",California Institute of Technology,6e76fa33-2d96-c636-941c-bca1997db076-C,Electra uhf proximity-link payload for the MAVEN project 60-13422,https://www.usaspending.gov/award/CONT_AWD_80NM0018F0552_8000_80NM0018D0004_8000/
80NM0018F0552,2023,7,125835.75,0.0,False,080-0120,"Science, National Aeronautics and Space Administration",California Institute of Technology,6e76fa33-2d96-c636-941c-bca1997db076-C,Electra uhf proximity-link payload for the MAVEN project 60-13422,https://www.usaspending.gov/award/CONT_AWD_80NM0018F0552_8000_80NM0018D0004_8000/
80NM0018F0552,2023,6,82728.17,0.0,False,080-0120,"Science, National Aeronautics and Space Administration",California Institute of Technology,6e76fa33-2d96-c636-941c-bca1997db076-C,Electra uhf proximity-link payload for the MAVEN project 60-13422,https://www.usaspending.gov/award/CONT_AWD_80NM0018F0552_8000_80NM0018D0004_8000/
80NM0018F0552,2023,6,119145.08,0.0,False,080-0120,"Science, National Aeronautics and Space Administration",California Institute of Technology,6e76fa33-2d96-c636-941c-bca1997db076-C,Electra uhf proximity-link payload for the MAVEN project 60-13422,https://www.usaspending.gov/award/CONT_AWD_80NM0018F0552_8000_80NM0018D0004_8000/
80NM0018F0552,2023,6,0.0,290000.00,False,080-0120,"Science, National Aeronautics and Space Administration",California Institute of Technology,6e76fa33-2d96-c636-941c-bca1997db076-C,Electra uhf proximity-link payload for the MAVEN project 60-13422,https://www.usaspending.gov/award/CONT_AWD_80NM0018F0552_8000_80NM0018D0004_8000/
80NM0018F0552,2023,5,119145.08,0.0,False,080-0120,"Science, National Aeronautics and Space Administration",California Institute of Technology,6e76fa33-2d96-c636-941c-bca1997db076-C,Electra uhf proximity-link payload for the MAVEN project 60-13422,https://www.usaspending.gov/award/CONT_AWD_80NM0018F0552_8000_80NM0018D0004_8000/
80NM0018F0552,2023,5,31388.75,0.0,False,080-0120,"Science, National Aeronautics and Space Administration",California Institute of Technology,6e76fa33-2d96-c636-941c-bca1997db076-C,Electra uhf proximity-link payload for the MAVEN project 60-13422,https://www.usaspending.gov/award/CONT_AWD_80NM0018F0552_8000_80NM0018D0004_8000/
80NM0018F0552,2023,4,0.0,30000.00,False,080-0120,"Science, National Aeronautics and Space Administration",California Institute of Technology,6e76fa33-2d96-c636-941c-bca1997db076-C,Electra uhf proximity-link payload for the MAVEN project 60-13422,https://www.usaspending.gov/award/CONT_AWD_80NM0018F0552_8000_80NM0018D0004_8000/
80NM0018F0552,2023,4,119145.08,0.0,False,080-0120,"Science, National Aeronautics and Space Administration",California Institute of Technology,6e76fa33-2d96-c636-941c-bca1997db076-C,Electra uhf proximity-link payload for the MAVEN project 60-13422,https://www.usaspending.gov/award/CONT_AWD_80NM0018F0552_8000_80NM0018D0004_8000/
80NM0018F0552,2023,4,6503.40,0.0,False,080-0120,"Science, National Aeronautics and Space Administration",California Institute of Technology,6e76fa33-2d96-c636-941c-bca1997db076-C,Electra uhf proximity-link payload for the MAVEN project 60-13422,https://www.usaspending.gov/award/CONT_AWD_80NM0018F0552_8000_80NM0018D0004_8000/
80NM0018F0552,2023,4,0.0,40000.00,False,080-0120,"Science, National Aeronautics and Space Administration",California Institute of Technology,6e76fa33-2d96-c636-941c-bca1997db076-C,Electra uhf proximity-link payload for the MAVEN project 60-13422,https://www.usaspending.gov/award/CONT_AWD_80NM0018F0552_8000_80NM0018D0004_8000/
80NM0018F0552,2023,3,79342.43,0.0,False,080-0120,"Science, National Aeronautics and Space Administration",California Institute of Technology,6e76fa33-2d96-c636-941c-bca1997db076-C,Electra uhf proximity-link payload for the MAVEN project 60-13422,https://www.usaspending.gov/award/CONT_AWD_80NM0018F0552_8000_80NM0018D0004_8000/
80NM0018F0552,2023,2,58680.92,0.0,False,080-0120,"Science, National Aeronautics and Space Administration",California Institute of Technology,6e76fa33-2d96-c636-941c-bca1997db076-C,Electra uhf proximity-link payload for the MAVEN project 60-13422,https://www.usaspending.gov/award/CONT_AWD_80NM0018F0552_8000_80NM0018D0004_8000/
80NM0018F0552,2023,2,0.0,140000.00,False,080-0120,"Science, National Aeronautics and Space Administration",California Institute of Technology,6e76fa33-2d96-c636-941c-bca1997db076-C,Electra uhf proximity-link payload for the MAVEN project 60-13422,https://www.usaspending.gov/award/CONT_AWD_80NM0018F0552_8000_80NM0018D0004_8000/
80NM0018F0552,2022,12,154494.98,0.0,False,080-0120,"Science, National Aeronautics and Space Administration",California Institute of Technology,6e76fa33-2d96-c636-941c-bca1997db076-C,Electra uhf proximity-link payload for the MAVEN project 60-13422,https://www.usaspending.gov/award/CONT_AWD_80NM0018F0552_8000_80NM0018D0004_8000/
80NM0018F0552,2022,12,380854.92,0.0,False,080-0120,"Science, National Aeronautics and Space Administration",California Institute of Technology,6e76fa33-2d96-c636-941c-bca1997db076-C,Electra uhf proximity-link payload for the MAVEN project 60-13422,https://www.usaspending.gov/award/CONT_AWD_80NM0018F0552_8000_80NM0018D0004_8000/
80NM0018F0552,2022,11,154494.98,0.0,False,080-0120,"Science, National Aeronautics and Space Administration",California Institute of Technology,6e76fa33-2d96-c636-941c-bca1997db076-C,Electra uhf proximity-link payload for the MAVEN project 60-13422,https://www.usaspending.gov/award/CONT_AWD_80NM0018F0552_8000_80NM0018D0004_8000/
80NM0018F0552,2022,11,364835.41,0.0,False,080-0120,"Science, National Aeronautics and Space Administration",California Institute of Technology,6e76fa33-2d96-c636-941c-bca1997db076-C,Electra uhf proximity-link payload for the MAVEN project 60-13422,https://www.usaspending.gov/award/CONT_AWD_80NM0018F0552_8000_80NM0018D0004_8000/
80NM0018F0552,2022,10,322273.84,0.0,False,080-0120,"Science, National Aeronautics and Space Administration",California Institute of Technology,6e76fa33-2d96-c636-941c-bca1997db076-C,Electra uhf proximity-link payload for the MAVEN project 60-13422,https://www.usaspending.gov/award/CONT_AWD_80NM0018F0552_8000_80NM0018D0004_8000/
80NM0018F0552,2022,10,154494.98,0.0,False,080-0120,"Science, National Aeronautics and Space Administration",California Institute of Technology,6e76fa33-2d96-c636-941c-bca1997db076-C,Electra uhf proximity-link payload for the MAVEN project 60-13422,https://www.usaspending.gov/award/CONT_AWD_80NM0018F0552_8000_80NM0018D0004_8000/
80NM0018F0552,2022,9,0.0,85000.00,False,080-0120,"Science, National Aeronautics and Space Administration",California Institute of Technology,6e76fa33-2d96-c636-941c-bca1997db076-C,Electra uhf proximity-link payload for the MAVEN project 60-13422,https://www.usaspending.gov/award/CONT_AWD_80NM0018F0552_8000_80NM0018D0004_8000/
80NM0018F0552,2022,9,154494.98,0.0,False,080-0120,"Science, National Aeronautics and Space Administration",California Institute of Technology,6e76fa33-2d96-c636-941c-bca1997db076-C,Electra uhf proximity-link payload for the MAVEN project 60-13422,https://www.usaspending.gov/award/CONT_AWD_80NM0018F0552_8000_80NM0018D0004_8000/
80NM0018F0552,2022,9,294445.99,0.0,False,080-0120,"Science, National Aeronautics and Space Administration",California Institute of Technology,6e76fa33-2d96-c636-941c-bca1997db076-C,Electra uhf proximity-link payload for the MAVEN project 60-13422,https://www.usaspending.gov/award/CONT_AWD_80NM0018F0552_8000_80NM0018D0004_8000/
80NM0018F0552,2022,8,154494.98,0.0,False,080-0120,"Science, National Aeronautics and Space Administration",California Institute of Technology,6e76fa33-2d96-c636-941c-bca1997db076-C,Electra uhf proximity-link payload for the MAVEN project 60-13422,https://www.usaspending.gov/award/CONT_AWD_80NM0018F0552_8000_80NM0018D0004_8000/
80NM0018F0552,2022,8,236688.86,0.0,False,080-0120,"Science, National Aeronautics and Space Administration",California Institute of Technology,6e76fa33-2d96-c636-941c-bca1997db076-C,Electra uhf proximity-link payload for the MAVEN project 60-13422,https://www.usaspending.gov/award/CONT_AWD_80NM0018F0552_8000_80NM0018D0004_8000/
80NM0018F0552,2022,7,0.0,90000.00,False,080-0120,"Science, National Aeronautics and Space Administration",California Institute of Technology,6e76fa33-2d96-c636-941c-bca1997db076-C,Electra uhf proximity-link payload for the MAVEN project 60-13422,https://www.usaspending.gov/award/CONT_AWD_80NM0018F0552_8000_80NM0018D0004_8000/
80NM0018F0552,2022,7,154494.98,0.0,False,080-0120,"Science, National Aeronautics and Space Administration",California Institute of Technology,6e76fa33-2d96-c636-941c-bca1997db076-C,Electra uhf proximity-link payload for the MAVEN project 60-13422,https://www.usaspending.gov/award/CONT_AWD_80NM0018F0552_8000_80NM0018D0004_8000/
80NM0018F0552,2022,7,188257.35,0.0,False,080-0120,"Science, National Aeronautics and Space Administration",California Institute of Technology,6e76fa33-2d96-c636-941c-bca1997db076-C,Electra uhf proximity-link payload for the MAVEN project 60-13422,https://www.usaspending.gov/award/CONT_AWD_80NM0018F0552_8000_80NM0018D0004_8000/
80NM0018F0552,2022,6,154494.98,0.0,False,080-0120,"Science, National Aeronautics and Space Administration",California Institute of Technology,6e76fa33-2d96-c636-941c-bca1997db076-C,Electra uhf proximity-link payload for the MAVEN project 60-13422,https://www.usaspending.gov/award/CONT_AWD_80NM0018F0552_8000_80NM0018D0004_8000/
80NM0018F0552,2022,6,140091.09,0.0,False,080-0120,"Science, National Aeronautics and Space Administration",California Institute of Technology,6e76fa33-2d96-c636-941c-bca1997db076-C,Electra uhf proximity-link payload for the MAVEN project 60-13422,https://www.usaspending.gov/award/CONT_AWD_80NM0018F0552_8000_80NM0018D0004_8000/
80NM0018F0552,2022,5,154494.98,0.0,False,080-0120,"Science, National Aeronautics and Space Administration",California Institute of Technology,6e76fa33-2d96-c636-941c-bca1997db076-C,Electra uhf proximity-link payload for the MAVEN project 60-13422,https://www.usaspending.gov/award/CONT_AWD_80NM0018F0552_8000_80NM0018D0004_8000/
80NM0018F0552,2022,5,45110.20,0.0,False,080-0120,"Science, National Aeronautics and Space Administration",California Institute of Technology,6e76fa33-2d96-c636-941c-bca1997db076-C,Electra uhf proximity-link payload for the MAVEN project 60-13422,https://www.usaspending.gov/award/CONT_AWD_80NM0018F0552_8000_80NM0018D0004_8000/
80NM0018F0552,2022,4,153900.47,0.0,False,080-0120,"Science, National Aeronautics and Space Administration",California Institute of Technology,6e76fa33-2d96-c636-941c-bca1997db076-C,Electra uhf proximity-link payload for the MAVEN project 60-13422,https://www.usaspending.gov/award/CONT_AWD_80NM0018F0552_8000_80NM0018D0004_8000/
80NM0018F0552,2022,4,0.0,165000.00,False,080-0120,"Science, National Aeronautics and Space Administration",California Institute of Technology,6e76fa33-2d96-c636-941c-bca1997db076-C,Electra uhf proximity-link payload for the MAVEN project 60-13422,https://www.usaspending.gov/award/CONT_AWD_80NM0018F0552_8000_80NM0018D0004_8000/
80NM0018F0552,2022,3,109970.26,0.0,False,080-0120,"Science, National Aeronautics and Space Administration",California Institute of Technology,6e76fa33-2d96-c636-941c-bca1997db076-C,Electra uhf proximity-link payload for the MAVEN project 60-13422,https://www.usaspending.gov/award/CONT_AWD_80NM0018F0552_8000_80NM0018D0004_8000/
80NM0018F0552,2022,2,0.0,90000.00,False,080-0120,"Science, National Aeronautics and Space Administration",California Institute of Technology,6e76fa33-2d96-c636-941c-bca1997db076-C,Electra uhf proximity-link payload for the MAVEN project 60-13422,https://www.usaspending.gov/award/CONT_AWD_80NM0018F0552_8000_80NM0018D0004_8000/
80NM0018F0552,2022,2,0.0,70000.00,False,080-0120,"Science, National Aeronautics and Space Administration",California Institute of Technology,6e76fa33-2d96-c636-941c-bca1997db076-C,Electra uhf proximity-link payload for the MAVEN project 60-13422,https://www.usaspending.gov/award/CONT_AWD_80NM0018F0552_8000_80NM0018D0004_8000/
80NM0018F0552,2022,2,59878.97,0.0,False,080-0120,"Science, National Aeronautics and Space Administration",California Institute of Technology,6e76fa33-2d96-c636-941c-bca1997db076-C,Electra uhf proximity-link payload for the MAVEN project 60-13422,https://www.usaspending.gov/award/CONT_AWD_80NM0018F0552_8000_80NM0018D0004_8000/
80NM0018F0552,2021,12,320505.02,0.0,False,080-0120,"Science, National Aeronautics and Space Administration",California Institute of Technology,6e76fa33-2d96-c636-941c-bca1997db076-C,Electra uhf proximity-link payload for the MAVEN project 60-13422,https://www.usaspending.gov/award/CONT_AWD_80NM0018F0552_8000_80NM0018D0004_8000/
80NM0018F0552,2021,12,89553.35,0.0,False,080-0120,"Science, National Aeronautics and Space Administration",California Institute of Technology,6e76fa33-2d96-c636-941c-bca1997db076-C,Electra uhf proximity-link payload for the MAVEN project 60-13422,https://www.usaspending.gov/award/CONT_AWD_80NM0018F0552_8000_80NM0018D0004_8000/
80NM0018F0552,2021,11,89553.35,0.0,False,080-0120,"Science, National Aeronautics and Space Administration",California Institute of Technology,6e76fa33-2d96-c636-941c-bca1997db076-C,Electra uhf proximity-link payload for the MAVEN project 60-13422,https://www.usaspending.gov/award/CONT_AWD_80NM0018F0552_8000_80NM0018D0004_8000/
80NM0018F0552,2021,11,299118.64,0.0,False,080-0120,"Science, National Aeronautics and Space Administration",California Institute of Technology,6e76fa33-2d96-c636-941c-bca1997db076-C,Electra uhf proximity-link payload for the MAVEN project 60-13422,https://www.usaspending.gov/award/CONT_AWD_80NM0018F0552_8000_80NM0018D0004_8000/
80NM0018F0552,2021,10,271435.19,0.0,False,080-0120,"Science, National Aeronautics and Space Administration",California Institute of Technology,6e76fa33-2d96-c636-941c-bca1997db076-C,Electra uhf proximity-link payload for the MAVEN project 60-13422,https://www.usaspending.gov/award/CONT_AWD_80NM0018F0552_8000_80NM0018D0004_8000/
80NM0018F0552,2021,10,89553.35,0.0,False,080-0120,"Science, National Aeronautics and Space Administration",California Institute of Technology,6e76fa33-2d96-c636-941c-bca1997db076-C,Electra uhf proximity-link payload for the MAVEN project 60-13422,https://www.usaspending.gov/award/CONT_AWD_80NM0018F0552_8000_80NM0018D0004_8000/
80NM0018F0552,2021,9,0.0,91258.00,False,080-0120,"Science, National Aeronautics and Space Administration",California Institute of Technology,6e76fa33-2d96-c636-941c-bca1997db076-C,Electra uhf proximity-link payload for the MAVEN project 60-13422,https://www.usaspending.gov/award/CONT_AWD_80NM0018F0552_8000_80NM0018D0004_8000/
80NM0018F0552,2021,9,247267.96,0.0,False,080-0120,"Science, National Aeronautics and Space Administration",California Institute of Technology,6e76fa33-2d96-c636-941c-bca1997db076-C,Electra uhf proximity-link payload for the MAVEN project 60-13422,https://www.usaspending.gov/award/CONT_AWD_80NM0018F0552_8000_80NM0018D0004_8000/
80NM0018F0552,2021,9,89553.35,0.0,False,080-0120,"Science, National Aeronautics and Space Administration",California Institute of Technology,6e76fa33-2d96-c636-941c-bca1997db076-C,Electra uhf proximity-link payload for the MAVEN project 60-13422,https://www.usaspending.gov/award/CONT_AWD_80NM0018F0552_8000_80NM0018D0004_8000/
80NM0018F0552,2021,8,89553.35,0.0,False,080-0120,"Science, National Aeronautics and Space Administration",California Institute of Technology,6e76fa33-2d96-c636-941c-bca1997db076-C,Electra uhf proximity-link payload for the MAVEN project 60-13422,https://www.usaspending.gov/award/CONT_AWD_80NM0018F0552_8000_80NM0018D0004_8000/
80NM0018F0552,2021,8,215549.59,0.0,False,080-0120,"Science, National Aeronautics and Space Administration",California Institute of Technology,6e76fa33-2d96-c636-941c-bca1997db076-C,Electra uhf proximity-link payload for the MAVEN project 60-13422,https://www.usaspending.gov/award/CONT_AWD_80NM0018F0552_8000_80NM0018D0004_8000/
80NM0018F0552,2021,7,182602.92,0.0,False,080-0120,"Science, National Aeronautics and Space Administration",California Institute of Technology,6e76fa33-2d96-c636-941c-bca1997db076-C,Electra uhf proximity-link payload for the MAVEN project 60-13422,https://www.usaspending.gov/award/CONT_AWD_80NM0018F0552_8000_80NM0018D0004_8000/
80NM0018F0552,2021,7,89553.35,0.0,False,080-0120,"Science, National Aeronautics and Space Administration",California Institute of Technology,6e76fa33-2d96-c636-941c-bca1997db076-C,Electra uhf proximity-link payload for the MAVEN project 60-13422,https://www.usaspending.gov/award/CONT_AWD_80NM0018F0552_8000_80NM0018D0004_8000/
80NM0018F0552,2021,6,89553.35,0.0,False,080-0120,"Science, National Aeronautics and Space Administration",California Institute of Technology,6e76fa33-2d96-c636-941c-bca1997db076-C,Electra uhf proximity-link payload for the MAVEN project 60-13422,https://www.usaspending.gov/award/CONT_AWD_80NM0018F0552_8000_80NM0018D0004_8000/
80NM0018F0552,2021,6,169538.27,0.0,False,080-0120,"Science, National Aeronautics and Space Administration",California Institute of Technology,6e76fa33-2d96-c636-941c-bca1997db076-C,Electra uhf proximity-link payload for the MAVEN project 60-13422,https://www.usaspending.gov/award/CONT_AWD_80NM0018F0552_8000_80NM0018D0004_8000/
80NM0018F0552,2021,5,127644.38,0.0,False,080-0120,"Science, National Aeronautics and Space Administration",California Institute of Technology,6e76fa33-2d96-c636-941c-bca1997db076-C,Electra uhf proximity-link payload for the MAVEN project 60-13422,https://www.usaspending.gov/award/CONT_AWD_80NM0018F0552_8000_80NM0018D0004_8000/
80NM0018F0552,2021,5,0.0,146000.00,False,080-0120,"Science, National Aeronautics and Space Administration",California Institute of Technology,6e76fa33-2d96-c636-941c-bca1997db076-C,Electra uhf proximity-link payload for the MAVEN project 60-13422,https://www.usaspending.gov/award/CONT_AWD_80NM0018F0552_8000_80NM0018D0004_8000/
80NM0018F0552,2021,5,89553.35,0.0,False,080-0120,"Science, National Aeronautics and Space Administration",California Institute of Technology,6e76fa33-2d96-c636-941c-bca1997db076-C,Electra uhf proximity-link payload for the MAVEN project 60-13422,https://www.usaspending.gov/award/CONT_AWD_80NM0018F0552_8000_80NM0018D0004_8000/
80NM0018F0552,2021,4,89553.35,0.0,False,080-0120,"Science, National Aeronautics and Space Administration",California Institute of Technology,6e76fa33-2d96-c636-941c-bca1997db076-C,Electra uhf proximity-link payload for the MAVEN project 60-13422,https://www.usaspending.gov/award/CONT_AWD_80NM0018F0552_8000_80NM0018D0004_8000/
80NM0018F0552,2021,4,106890.10,0.0,False,080-0120,"Science, National Aeronautics and Space Administration",California Institute of Technology,6e76fa33-2d96-c636-941c-bca1997db076-C,Electra uhf proximity-link payload for the MAVEN project 60-13422,https://www.usaspending.gov/award/CONT_AWD_80NM0018F0552_8000_80NM0018D0004_8000/
80NM0018F0552,2021,3,77238.33,0.0,False,080-0120,"Science, National Aeronautics and Space Administration",California Institute of Technology,6e76fa33-2d96-c636-941c-bca1997db076-C,Electra uhf proximity-link payload for the MAVEN project 60-13422,https://www.usaspending.gov/award/CONT_AWD_80NM0018F0552_8000_80NM0018D0004_8000/
80NM0018F0552,2021,3,89553.35,0.0,False,080-0120,"Science, National Aeronautics and Space Administration",California Institute of Technology,6e76fa33-2d96-c636-941c-bca1997db076-C,Electra uhf proximity-link payload for the MAVEN project 60-13422,https://www.usaspending.gov/award/CONT_AWD_80NM0018F0552_8000_80NM0018D0004_8000/
80NM0018F0552,2021,2,0.0,100000.00,False,080-0120,"Science, National Aeronautics and Space Administration",California Institute of Technology,6e76fa33-2d96-c636-941c-bca1997db076-C,Electra uhf proximity-link payload for the MAVEN project 60-13422,https://www.usaspending.gov/award/CONT_AWD_80NM0018F0552_8000_80NM0018D0004_8000/
80NM0018F0552,2021,2,0.0,137742.00,False,080-0120,"Science, National Aeronautics and Space Administration",California Institute of Technology,6e76fa33-2d96-c636-941c-bca1997db076-C,Electra uhf proximity-link payload for the MAVEN project 60-13422,https://www.usaspending.gov/award/CONT_AWD_80NM0018F0552_8000_80NM0018D0004_8000/
80NM0018F0552,2021,2,89553.35,0.0,False,080-0120,"Science, National Aeronautics and Space Administration",California Institute of Technology,6e76fa33-2d96-c636-941c-bca1997db076-C,Electra uhf proximity-link payload for the MAVEN project 60-13422,https://www.usaspending.gov/award/CONT_AWD_80NM0018F0552_8000_80NM0018D0004_8000/
80NM0018F0552,2021,2,71504.42,0.0,False,080-0120,"Science, National Aeronautics and Space Administration",California Institute of Technology,6e76fa33-2d96-c636-941c-bca1997db076-C,Electra uhf proximity-link payload for the MAVEN project 60-13422,https://www.usaspending.gov/award/CONT_AWD_80NM0018F0552_8000_80NM0018D0004_8000/
80NM0018F0552,2021,2,47229.52,0.0,False,080-0120,"Science, National Aeronautics and Space Administration",California Institute of Technology,6e76fa33-2d96-c636-941c-bca1997db076-C,Electra uhf proximity-link payload for the MAVEN project 60-13422,https://www.usaspending.gov/award/CONT_AWD_80NM0018F0552_8000_80NM0018D0004_8000/
80NM0018F0552,2020,12,170389.76,0.0,False,080-0120,"Science, National Aeronautics and Space Administration",California Institute of Technology,6e76fa33-2d96-c636-941c-bca1997db076-C,Electra uhf proximity-link payload for the MAVEN project 60-13422,https://www.usaspending.gov/award/CONT_AWD_80NM0018F0552_8000_80NM0018D0004_8000/
80NM0018F0552,2020,12,435446.65,0.0,False,080-0120,"Science, National Aeronautics and Space Administration",California Institute of Technology,6e76fa33-2d96-c636-941c-bca1997db076-C,Electra uhf proximity-link payload for the MAVEN project 60-13422,https://www.usaspending.gov/award/CONT_AWD_80NM0018F0552_8000_80NM0018D0004_8000/
80NM0018F0552,2020,11,0.0,25000.00,False,080-0120,"Science, National Aeronautics and Space Administration",California Institute of Technology,6e76fa33-2d96-c636-941c-bca1997db076-C,Electra uhf proximity-link payload for the MAVEN project 60-13422,https://www.usaspending.gov/award/CONT_AWD_80NM0018F0552_8000_80NM0018D0004_8000/
80NM0018F0552,2020,11,170389.76,0.0,False,080-0120,"Science, National Aeronautics and Space Administration",California Institute of Technology,6e76fa33-2d96-c636-941c-bca1997db076-C,Electra uhf proximity-link payload for the MAVEN project 60-13422,https://www.usaspending.gov/award/CONT_AWD_80NM0018F0552_8000_80NM0018D0004_8000/
80NM0018F0552,2020,11,386816.14,0.0,False,080-0120,"Science, National Aeronautics and Space Administration",California Institute of Technology,6e76fa33-2d96-c636-941c-bca1997db076-C,Electra uhf proximity-link payload for the MAVEN project 60-13422,https://www.usaspending.gov/award/CONT_AWD_80NM0018F0552_8000_80NM0018D0004_8000/
80NM0018F0552,2020,10,170389.76,0.0,False,080-0120,"Science, National Aeronautics and Space Administration",California Institute of Technology,6e76fa33-2d96-c636-941c-bca1997db076-C,Electra uhf proximity-link payload for the MAVEN project 60-13422,https://www.usaspending.gov/award/CONT_AWD_80NM0018F0552_8000_80NM0018D0004_8000/
80NM0018F0552,2020,10,332099.37,0.0,False,080-0120,"Science, National Aeronautics and Space Administration",California Institute of Technology,6e76fa33-2d96-c636-941c-bca1997db076-C,Electra uhf proximity-link payload for the MAVEN project 60-13422,https://www.usaspending.gov/award/CONT_AWD_80NM0018F0552_8000_80NM0018D0004_8000/
80NM0018F0552,2020,9,281141.51,0.0,False,080-0120,"Science, National Aeronautics and Space Administration",California Institute of Technology,6e76fa33-2d96-c636-941c-bca1997db076-C,Electra uhf proximity-link payload for the MAVEN project 60-13422,https://www.usaspending.gov/award/CONT_AWD_80NM0018F0552_8000_80NM0018D0004_8000/
80NM0018F0552,2020,9,170389.76,0.0,False,080-0120,"Science, National Aeronautics and Space Administration",California Institute of Technology,6e76fa33-2d96-c636-941c-bca1997db076-C,Electra uhf proximity-link payload for the MAVEN project 60-13422,https://www.usaspending.gov/award/CONT_AWD_80NM0018F0552_8000_80NM0018D0004_8000/
80NM0018F0552,2020,8,170389.76,0.0,False,080-0120,"Science, National Aeronautics and Space Administration",California Institute of Technology,6e76fa33-2d96-c636-941c-bca1997db076-C,Electra uhf proximity-link payload for the MAVEN project 60-13422,https://www.usaspending.gov/award/CONT_AWD_80NM0018F0552_8000_80NM0018D0004_8000/
80NM0018F0552,2020,8,228994.39,0.0,False,080-0120,"Science, National Aeronautics and Space Administration",California Institute of Technology,6e76fa33-2d96-c636-941c-bca1997db076-C,Electra uhf proximity-link payload for the MAVEN project 60-13422,https://www.usaspending.gov/award/CONT_AWD_80NM0018F0552_8000_80NM0018D0004_8000/
80NM0018F0552,2020,8,0.0,124700.00,False,080-0120,"Science, National Aeronautics and Space Administration",California Institute of Technology,6e76fa33-2d96-c636-941c-bca1997db076-C,Electra uhf proximity-link payload for the MAVEN project 60-13422,https://www.usaspending.gov/award/CONT_AWD_80NM0018F0552_8000_80NM0018D0004_8000/
80NM0018F0552,2020,7,170389.76,0.0,False,080-0120,"Science, National Aeronautics and Space Administration",California Institute of Technology,6e76fa33-2d96-c636-941c-bca1997db076-C,Electra uhf proximity-link payload for the MAVEN project 60-13422,https://www.usaspending.gov/award/CONT_AWD_80NM0018F0552_8000_80NM0018D0004_8000/
80NM0018F0552,2020,7,196881.64,0.0,False,080-0120,"Science, National Aeronautics and Space Administration",California Institute of Technology,6e76fa33-2d96-c636-941c-bca1997db076-C,Electra uhf proximity-link payload for the MAVEN project 60-13422,https://www.usaspending.gov/award/CONT_AWD_80NM0018F0552_8000_80NM0018D0004_8000/
80NM0018F0552,2020,6,0.0,205000.00,True,080-0120,"Science, National Aeronautics and Space Administration",California Institute of Technology,6e76fa33-2d96-c636-941c-bca1997db076-C,Electra uhf proximity-link payload for the MAVEN project 60-13422,https://www.usaspending.gov/award/CONT_AWD_80NM0018F0552_8000_80NM0018D0004_8000/
80NM0018F0552,2020,3,0.0,50000.00,True,080-0120,"Science, National Aeronautics and Space Administration",California Institute of Technology,6e76fa33-2d96-c636-941c-bca1997db076-C,Electra uhf proximity-link payload for the MAVEN project 60-13422,https://www.usaspending.gov/award/CONT_AWD_80NM0018F0552_8000_80NM0018D0004_8000/
80NM0018F0552,2020,3,0.0,20300.00,True,080-0120,"Science, National Aeronautics and Space Administration",California Institute of Technology,6e76fa33-2d96-c636-941c-bca1997db076-C,Electra uhf proximity-link payload for the MAVEN project 60-13422,https://www.usaspending.gov/award/CONT_AWD_80NM0018F0552_8000_80NM0018D0004_8000/
80NM0018F0552,2020,3,0.0,100000.00,True,080-0120,"Science, National Aeronautics and Space Administration",California Institute of Technology,6e76fa33-2d96-c636-941c-bca1997db076-C,Electra uhf proximity-link payload for the MAVEN project 60-13422,https://www.usaspending.gov/award/CONT_AWD_80NM0018F0552_8000_80NM0018D0004_8000/
80NM0018F0552,2019,12,0.0,100000.00,True,080-0120,"Science, National Aeronautics and Space Administration",California Institute of Technology,6e76fa33-2d96-c636-941c-bca1997db076-C,Electra uhf proximity-link payload for the MAVEN project 60-13422,https://www.usaspending.gov/award/CONT_AWD_80NM0018F0552_8000_80NM0018D0004_8000/
80NM0018F0552,2019,9,0.0,350000.00,True,080-0120,"Science, National Aeronautics and Space Administration",California Institute of Technology,6e76fa33-2d96-c636-941c-bca1997db076-C,Electra uhf proximity-link payload for the MAVEN project 60-13422,https://www.usaspending.gov/award/CONT_AWD_80NM0018F0552_8000_80NM0018D0004_8000/
80NM0018F0552,2018,12,0.0,68585.95,True,080-0120,"Science, National Aeronautics and Space Administration",California Institute of Technology,6e76fa33-2d96-c636-941c-bca1997db076-C,Electra uhf proximity-link payload for the MAVEN project 60-13422,https://www.usaspending.gov/award/CONT_AWD_80NM0018F0552_8000_80NM0018D0004_8000/
80NM0018F0797,2026,4,50333.43,0.0,False,080-0120,"Science, National Aeronautics and Space Administration",California Institute of Technology,6e76fa33-2d96-c636-941c-bca1997db076-C,JPL technical support to the MAVEN project 40-15537,https://www.usaspending.gov/award/CONT_AWD_80NM0018F0797_8000_80NM0018D0004_8000/
80NM0018F0797,2026,3,46508.53,0.0,False,080-0120,"Science, National Aeronautics and Space Administration",California Institute of Technology,6e76fa33-2d96-c636-941c-bca1997db076-C,JPL technical support to the MAVEN project 40-15537,https://www.usaspending.gov/award/CONT_AWD_80NM0018F0797_8000_80NM0018D0004_8000/
80NM0018F0797,2026,2,22375.71,0.0,False,080-0120,"Science, National Aeronautics and Space Administration",California Institute of Technology,6e76fa33-2d96-c636-941c-bca1997db076-C,JPL technical support to the MAVEN project 40-15537,https://www.usaspending.gov/award/CONT_AWD_80NM0018F0797_8000_80NM0018D0004_8000/
80NM0018F0797,2025,12,30533.99,0.0,False,080-0120,"Science, National Aeronautics and Space Administration",California Institute of Technology,6e76fa33-2d96-c636-941c-bca1997db076-C,JPL technical support to the MAVEN project 40-15537,https://www.usaspending.gov/award/CONT_AWD_80NM0018F0797_8000_80NM0018D0004_8000/
80NM0018F0797,2025,12,96378.75,0.0,False,080-0120,"Science, National Aeronautics and Space Administration",California Institute of Technology,6e76fa33-2d96-c636-941c-bca1997db076-C,JPL technical support to the MAVEN project 40-15537,https://www.usaspending.gov/award/CONT_AWD_80NM0018F0797_8000_80NM0018D0004_8000/
80NM0018F0797,2025,11,0.0,109863.00,False,080-0120,"Science, National Aeronautics and Space Administration",California Institute of Technology,6e76fa33-2d96-c636-941c-bca1997db076-C,JPL technical support to the MAVEN project 40-15537,https://www.usaspending.gov/award/CONT_AWD_80NM0018F0797_8000_80NM0018D0004_8000/
80NM0018F0797,2025,11,30533.99,0.0,False,080-0120,"Science, National Aeronautics and Space Administration",California Institute of Technology,6e76fa33-2d96-c636-941c-bca1997db076-C,JPL technical support to the MAVEN project 40-15537,https://www.usaspending.gov/award/CONT_AWD_80NM0018F0797_8000_80NM0018D0004_8000/
80NM0018F0797,2025,11,87574.67,0.0,False,080-0120,"Science, National Aeronautics and Space Administration",California Institute of Technology,6e76fa33-2d96-c636-941c-bca1997db076-C,JPL technical support to the MAVEN project 40-15537,https://www.usaspending.gov/award/CONT_AWD_80NM0018F0797_8000_80NM0018D0004_8000/
80NM0018F0797,2025,10,70803.40,0.0,False,080-0120,"Science, National Aeronautics and Space Administration",California Institute of Technology,6e76fa33-2d96-c636-941c-bca1997db076-C,JPL technical support to the MAVEN project 40-15537,https://www.usaspending.gov/award/CONT_AWD_80NM0018F0797_8000_80NM0018D0004_8000/
80NM0018F0797,2025,10,30533.99,0.0,False,080-0120,"Science, National Aeronautics and Space Administration",California Institute of Technology,6e76fa33-2d96-c636-941c-bca1997db076-C,JPL technical support to the MAVEN project 40-15537,https://www.usaspending.gov/award/CONT_AWD_80NM0018F0797_8000_80NM0018D0004_8000/
80NM0018F0797,2025,9,30533.99,0.0,False,080-0120,"Science, National Aeronautics and Space Administration",California Institute of Technology,6e76fa33-2d96-c636-941c-bca1997db076-C,JPL technical support to the MAVEN project 40-15537,https://www.usaspending.gov/award/CONT_AWD_80NM0018F0797_8000_80NM0018D0004_8000/
80NM0018F0797,2025,9,69841.19,0.0,False,080-0120,"Science, National Aeronautics and Space Administration",California Institute of Technology,6e76fa33-2d96-c636-941c-bca1997db076-C,JPL technical support to the MAVEN project 40-15537,https://www.usaspending.gov/award/CONT_AWD_80NM0018F0797_8000_80NM0018D0004_8000/
80NM0018F0797,2025,8,30533.99,0.0,False,080-0120,"Science, National Aeronautics and Space Administration",California Institute of Technology,6e76fa33-2d96-c636-941c-bca1997db076-C,JPL technical support to the MAVEN project 40-15537,https://www.usaspending.gov/award/CONT_AWD_80NM0018F0797_8000_80NM0018D0004_8000/
80NM0018F0797,2025,8,64504.43,0.0,False,080-0120,"Science, National Aeronautics and Space Administration",California Institute of Technology,6e76fa33-2d96-c636-941c-bca1997db076-C,JPL technical support to the MAVEN project 40-15537,https://www.usaspending.gov/award/CONT_AWD_80NM0018F0797_8000_80NM0018D0004_8000/
80NM0018F0797,2025,7,30533.99,0.0,False,080-0120,"Science, National Aeronautics and Space Administration",California Institute of Technology,6e76fa33-2d96-c636-941c-bca1997db076-C,JPL technical support to the MAVEN project 40-15537,https://www.usaspending.gov/award/CONT_AWD_80NM0018F0797_8000_80NM0018D0004_8000/
80NM0018F0797,2025,7,54350.85,0.0,False,080-0120,"Science, National Aeronautics and Space Administration",California Institute of Technology,6e76fa33-2d96-c636-941c-bca1997db076-C,JPL technical support to the MAVEN project 40-15537,https://www.usaspending.gov/award/CONT_AWD_80NM0018F0797_8000_80NM0018D0004_8000/
80NM0018F0797,2025,6,30533.99,0.0,False,080-0120,"Science, National Aeronautics and Space Administration",California Institute of Technology,6e76fa33-2d96-c636-941c-bca1997db076-C,JPL technical support to the MAVEN project 40-15537,https://www.usaspending.gov/award/CONT_AWD_80NM0018F0797_8000_80NM0018D0004_8000/
80NM0018F0797,2025,6,46922.96,0.0,False,080-0120,"Science, National Aeronautics and Space Administration",California Institute of Technology,6e76fa33-2d96-c636-941c-bca1997db076-C,JPL technical support to the MAVEN project 40-15537,https://www.usaspending.gov/award/CONT_AWD_80NM0018F0797_8000_80NM0018D0004_8000/
80NM0018F0797,2025,5,41063.56,0.0,False,080-0120,"Science, National Aeronautics and Space Administration",California Institute of Technology,6e76fa33-2d96-c636-941c-bca1997db076-C,JPL technical support to the MAVEN project 40-15537,https://www.usaspending.gov/award/CONT_AWD_80NM0018F0797_8000_80NM0018D0004_8000/
80NM0018F0797,2025,5,30533.99,0.0,False,080-0120,"Science, National Aeronautics and Space Administration",California Institute of Technology,6e76fa33-2d96-c636-941c-bca1997db076-C,JPL technical support to the MAVEN project 40-15537,https://www.usaspending.gov/award/CONT_AWD_80NM0018F0797_8000_80NM0018D0004_8000/
80NM0018F0797,2025,4,26113.99,0.0,False,080-0120,"Science, National Aeronautics and Space Administration",California Institute of Technology,6e76fa33-2d96-c636-941c-bca1997db076-C,JPL technical support to the MAVEN project 40-15537,https://www.usaspending.gov/award/CONT_AWD_80NM0018F0797_8000_80NM0018D0004_8000/
80NM0018F0797,2025,4,30533.99,0.0,False,080-0120,"Science, National Aeronautics and Space Administration",California Institute of Technology,6e76fa33-2d96-c636-941c-bca1997db076-C,JPL technical support to the MAVEN project 40-15537,https://www.usaspending.gov/award/CONT_AWD_80NM0018F0797_8000_80NM0018D0004_8000/
80NM0018F0797,2025,3,13171.10,0.0,False,080-0120,"Science, National Aeronautics and Space Administration",California Institute of Technology,6e76fa33-2d96-c636-941c-bca1997db076-C,JPL technical support to the MAVEN project 40-15537,https://www.usaspending.gov/award/CONT_AWD_80NM0018F0797_8000_80NM0018D0004_8000/
80NM0018F0797,2025,3,30533.99,0.0,False,080-0120,"Science, National Aeronautics and Space Administration",California Institute of Technology,6e76fa33-2d96-c636-941c-bca1997db076-C,JPL technical support to the MAVEN project 40-15537,https://www.usaspending.gov/award/CONT_AWD_80NM0018F0797_8000_80NM0018D0004_8000/
80NM0018F0797,2025,2,0.0,193153.00,False,080-0120,"Science, National Aeronautics and Space Administration",California Institute of Technology,6e76fa33-2d96-c636-941c-bca1997db076-C,JPL technical support to the MAVEN project 40-15537,https://www.usaspending.gov/award/CONT_AWD_80NM0018F0797_8000_80NM0018D0004_8000/
80NM0018F0797,2025,2,27182.99,0.0,False,080-0120,"Science, National Aeronautics and Space Administration",California Institute of Technology,6e76fa33-2d96-c636-941c-bca1997db076-C,JPL technical support to the MAVEN project 40-15537,https://www.usaspending.gov/award/CONT_AWD_80NM0018F0797_8000_80NM0018D0004_8000/
80NM0018F0797,2024,12,109467.01,0.0,False,080-0120,"Science, National Aeronautics and Space Administration",California Institute of Technology,6e76fa33-2d96-c636-941c-bca1997db076-C,JPL technical support to the MAVEN project 40-15537,https://www.usaspending.gov/award/CONT_AWD_80NM0018F0797_8000_80NM0018D0004_8000/
80NM0018F0797,2024,12,48694.12,0.0,False,080-0120,"Science, National Aeronautics and Space Administration",California Institute of Technology,6e76fa33-2d96-c636-941c-bca1997db076-C,JPL technical support to the MAVEN project 40-15537,https://www.usaspending.gov/award/CONT_AWD_80NM0018F0797_8000_80NM0018D0004_8000/
80NM0018F0797,2024,11,97545.02,0.0,False,080-0120,"Science, National Aeronautics and Space Administration",California Institute of Technology,6e76fa33-2d96-c636-941c-bca1997db076-C,JPL technical support to the MAVEN project 40-15537,https://www.usaspending.gov/award/CONT_AWD_80NM0018F0797_8000_80NM0018D0004_8000/
80NM0018F0797,2024,11,48694.12,0.0,False,080-0120,"Science, National Aeronautics and Space Administration",California Institute of Technology,6e76fa33-2d96-c636-941c-bca1997db076-C,JPL technical support to the MAVEN project 40-15537,https://www.usaspending.gov/award/CONT_AWD_80NM0018F0797_8000_80NM0018D0004_8000/
80NM0018F0797,2024,10,48694.12,0.0,False,080-0120,"Science, National Aeronautics and Space Administration",California Institute of Technology,6e76fa33-2d96-c636-941c-bca1997db076-C,JPL technical support to the MAVEN project 40-15537,https://www.usaspending.gov/award/CONT_AWD_80NM0018F0797_8000_80NM0018D0004_8000/
80NM0018F0797,2024,10,82980.94,0.0,False,080-0120,"Science, National Aeronautics and Space Administration",California Institute of Technology,6e76fa33-2d96-c636-941c-bca1997db076-C,JPL technical support to the MAVEN project 40-15537,https://www.usaspending.gov/award/CONT_AWD_80NM0018F0797_8000_80NM0018D0004_8000/
80NM0018F0797,2024,9,48694.12,0.0,False,080-0120,"Science, National Aeronautics and Space Administration",California Institute of Technology,6e76fa33-2d96-c636-941c-bca1997db076-C,JPL technical support to the MAVEN project 40-15537,https://www.usaspending.gov/award/CONT_AWD_80NM0018F0797_8000_80NM0018D0004_8000/
80NM0018F0797,2024,9,67268.31,0.0,False,080-0120,"Science, National Aeronautics and Space Administration",California Institute of Technology,6e76fa33-2d96-c636-941c-bca1997db076-C,JPL technical support to the MAVEN project 40-15537,https://www.usaspending.gov/award/CONT_AWD_80NM0018F0797_8000_80NM0018D0004_8000/
80NM0018F0797,2024,8,48694.12,0.0,False,080-0120,"Science, National Aeronautics and Space Administration",California Institute of Technology,6e76fa33-2d96-c636-941c-bca1997db076-C,JPL technical support to the MAVEN project 40-15537,https://www.usaspending.gov/award/CONT_AWD_80NM0018F0797_8000_80NM0018D0004_8000/
80NM0018F0797,2024,8,55459.32,0.0,False,080-0120,"Science, National Aeronautics and Space Administration",California Institute of Technology,6e76fa33-2d96-c636-941c-bca1997db076-C,JPL technical support to the MAVEN project 40-15537,https://www.usaspending.gov/award/CONT_AWD_80NM0018F0797_8000_80NM0018D0004_8000/
80NM0018F0797,2024,7,42773.28,0.0,False,080-0120,"Science, National Aeronautics and Space Administration",California Institute of Technology,6e76fa33-2d96-c636-941c-bca1997db076-C,JPL technical support to the MAVEN project 40-15537,https://www.usaspending.gov/award/CONT_AWD_80NM0018F0797_8000_80NM0018D0004_8000/
80NM0018F0797,2024,7,48694.12,0.0,False,080-0120,"Science, National Aeronautics and Space Administration",California Institute of Technology,6e76fa33-2d96-c636-941c-bca1997db076-C,JPL technical support to the MAVEN project 40-15537,https://www.usaspending.gov/award/CONT_AWD_80NM0018F0797_8000_80NM0018D0004_8000/
80NM0018F0797,2024,6,48694.12,0.0,False,080-0120,"Science, National Aeronautics and Space Administration",California Institute of Technology,6e76fa33-2d96-c636-941c-bca1997db076-C,JPL technical support to the MAVEN project 40-15537,https://www.usaspending.gov/award/CONT_AWD_80NM0018F0797_8000_80NM0018D0004_8000/
80NM0018F0797,2024,6,27316.05,0.0,False,080-0120,"Science, National Aeronautics and Space Administration",California Institute of Technology,6e76fa33-2d96-c636-941c-bca1997db076-C,JPL technical support to the MAVEN project 40-15537,https://www.usaspending.gov/award/CONT_AWD_80NM0018F0797_8000_80NM0018D0004_8000/
80NM0018F0797,2024,5,18191.87,0.0,False,080-0120,"Science, National Aeronautics and Space Administration",California Institute of Technology,6e76fa33-2d96-c636-941c-bca1997db076-C,JPL technical support to the MAVEN project 40-15537,https://www.usaspending.gov/award/CONT_AWD_80NM0018F0797_8000_80NM0018D0004_8000/
80NM0018F0797,2024,5,48694.12,0.0,False,080-0120,"Science, National Aeronautics and Space Administration",California Institute of Technology,6e76fa33-2d96-c636-941c-bca1997db076-C,JPL technical support to the MAVEN project 40-15537,https://www.usaspending.gov/award/CONT_AWD_80NM0018F0797_8000_80NM0018D0004_8000/
80NM0018F0797,2024,5,0.0,46667.00,False,080-0120,"Science, National Aeronautics and Space Administration",California Institute of Technology,6e76fa33-2d96-c636-941c-bca1997db076-C,JPL technical support to the MAVEN project 40-15537,https://www.usaspending.gov/award/CONT_AWD_80NM0018F0797_8000_80NM0018D0004_8000/
80NM0018F0797,2024,4,4690.50,0.0,False,080-0120,"Science, National Aeronautics and Space Administration",California Institute of Technology,6e76fa33-2d96-c636-941c-bca1997db076-C,JPL technical support to the MAVEN project 40-15537,https://www.usaspending.gov/award/CONT_AWD_80NM0018F0797_8000_80NM0018D0004_8000/
80NM0018F0797,2024,4,48694.12,0.0,False,080-0120,"Science, National Aeronautics and Space Administration",California Institute of Technology,6e76fa33-2d96-c636-941c-bca1997db076-C,JPL technical support to the MAVEN project 40-15537,https://www.usaspending.gov/award/CONT_AWD_80NM0018F0797_8000_80NM0018D0004_8000/
80NM0018F0797,2024,3,37086.17,0.0,False,080-0120,"Science, National Aeronautics and Space Administration",California Institute of Technology,6e76fa33-2d96-c636-941c-bca1997db076-C,JPL technical support to the MAVEN project 40-15537,https://www.usaspending.gov/award/CONT_AWD_80NM0018F0797_8000_80NM0018D0004_8000/
80NM0018F0797,2024,2,0.0,46667.00,False,080-0120,"Science, National Aeronautics and Space Administration",California Institute of Technology,6e76fa33-2d96-c636-941c-bca1997db076-C,JPL technical support to the MAVEN project 40-15537,https://www.usaspending.gov/award/CONT_AWD_80NM0018F0797_8000_80NM0018D0004_8000/
80NM0018F0797,2024,2,27734.36,0.0,False,080-0120,"Science, National Aeronautics and Space Administration",California Institute of Technology,6e76fa33-2d96-c636-941c-bca1997db076-C,JPL technical support to the MAVEN project 40-15537,https://www.usaspending.gov/award/CONT_AWD_80NM0018F0797_8000_80NM0018D0004_8000/
80NM0018F0797,2024,2,0.0,46667.00,False,080-0120,"Science, National Aeronautics and Space Administration",California Institute of Technology,6e76fa33-2d96-c636-941c-bca1997db076-C,JPL technical support to the MAVEN project 40-15537,https://www.usaspending.gov/award/CONT_AWD_80NM0018F0797_8000_80NM0018D0004_8000/
80NM0018F0797,2023,12,68716.76,0.0,False,080-0120,"Science, National Aeronautics and Space Administration",California Institute of Technology,6e76fa33-2d96-c636-941c-bca1997db076-C,JPL technical support to the MAVEN project 40-15537,https://www.usaspending.gov/award/CONT_AWD_80NM0018F0797_8000_80NM0018D0004_8000/
80NM0018F0797,2023,12,100790.88,0.0,False,080-0120,"Science, National Aeronautics and Space Administration",California Institute of Technology,6e76fa33-2d96-c636-941c-bca1997db076-C,JPL technical support to the MAVEN project 40-15537,https://www.usaspending.gov/award/CONT_AWD_80NM0018F0797_8000_80NM0018D0004_8000/
80NM0018F0797,2023,11,68716.76,0.0,False,080-0120,"Science, National Aeronautics and Space Administration",California Institute of Technology,6e76fa33-2d96-c636-941c-bca1997db076-C,JPL technical support to the MAVEN project 40-15537,https://www.usaspending.gov/award/CONT_AWD_80NM0018F0797_8000_80NM0018D0004_8000/
80NM0018F0797,2023,11,83605.36,0.0,False,080-0120,"Science, National Aeronautics and Space Administration",California Institute of Technology,6e76fa33-2d96-c636-941c-bca1997db076-C,JPL technical support to the MAVEN project 40-15537,https://www.usaspending.gov/award/CONT_AWD_80NM0018F0797_8000_80NM0018D0004_8000/
80NM0018F0797,2023,10,68716.76,0.0,False,080-0120,"Science, National Aeronautics and Space Administration",California Institute of Technology,6e76fa33-2d96-c636-941c-bca1997db076-C,JPL technical support to the MAVEN project 40-15537,https://www.usaspending.gov/award/CONT_AWD_80NM0018F0797_8000_80NM0018D0004_8000/
80NM0018F0797,2023,10,69007.58,0.0,False,080-0120,"Science, National Aeronautics and Space Administration",California Institute of Technology,6e76fa33-2d96-c636-941c-bca1997db076-C,JPL technical support to the MAVEN project 40-15537,https://www.usaspending.gov/award/CONT_AWD_80NM0018F0797_8000_80NM0018D0004_8000/
80NM0018F0797,2023,9,68716.76,0.0,False,080-0120,"Science, National Aeronautics and Space Administration",California Institute of Technology,6e76fa33-2d96-c636-941c-bca1997db076-C,JPL technical support to the MAVEN project 40-15537,https://www.usaspending.gov/award/CONT_AWD_80NM0018F0797_8000_80NM0018D0004_8000/
80NM0018F0797,2023,9,63585.52,0.0,False,080-0120,"Science, National Aeronautics and Space Administration",California Institute of Technology,6e76fa33-2d96-c636-941c-bca1997db076-C,JPL technical support to the MAVEN project 40-15537,https://www.usaspending.gov/award/CONT_AWD_80NM0018F0797_8000_80NM0018D0004_8000/
80NM0018F0797,2023,8,68716.76,0.0,False,080-0120,"Science, National Aeronautics and Space Administration",California Institute of Technology,6e76fa33-2d96-c636-941c-bca1997db076-C,JPL technical support to the MAVEN project 40-15537,https://www.usaspending.gov/award/CONT_AWD_80NM0018F0797_8000_80NM0018D0004_8000/
80NM0018F0797,2023,8,44566.43,0.0,False,080-0120,"Science, National Aeronautics and Space Administration",California Institute of Technology,6e76fa33-2d96-c636-941c-bca1997db076-C,JPL technical support to the MAVEN project 40-15537,https://www.usaspending.gov/award/CONT_AWD_80NM0018F0797_8000_80NM0018D0004_8000/
80NM0018F0797,2023,7,68716.76,0.0,False,080-0120,"Science, National Aeronautics and Space Administration",California Institute of Technology,6e76fa33-2d96-c636-941c-bca1997db076-C,JPL technical support to the MAVEN project 40-15537,https://www.usaspending.gov/award/CONT_AWD_80NM0018F0797_8000_80NM0018D0004_8000/
80NM0018F0797,2023,7,31325.02,0.0,False,080-0120,"Science, National Aeronautics and Space Administration",California Institute of Technology,6e76fa33-2d96-c636-941c-bca1997db076-C,JPL technical support to the MAVEN project 40-15537,https://www.usaspending.gov/award/CONT_AWD_80NM0018F0797_8000_80NM0018D0004_8000/
80NM0018F0797,2023,6,20140.18,0.0,False,080-0120,"Science, National Aeronautics and Space Administration",California Institute of Technology,6e76fa33-2d96-c636-941c-bca1997db076-C,JPL technical support to the MAVEN project 40-15537,https://www.usaspending.gov/award/CONT_AWD_80NM0018F0797_8000_80NM0018D0004_8000/
80NM0018F0797,2023,6,68716.76,0.0,False,080-0120,"Science, National Aeronautics and Space Administration",California Institute of Technology,6e76fa33-2d96-c636-941c-bca1997db076-C,JPL technical support to the MAVEN project 40-15537,https://www.usaspending.gov/award/CONT_AWD_80NM0018F0797_8000_80NM0018D0004_8000/
80NM0018F0797,2023,6,0.0,31485.00,False,080-0120,"Science, National Aeronautics and Space Administration",California Institute of Technology,6e76fa33-2d96-c636-941c-bca1997db076-C,JPL technical support to the MAVEN project 40-15537,https://www.usaspending.gov/award/CONT_AWD_80NM0018F0797_8000_80NM0018D0004_8000/
80NM0018F0797,2023,5,68716.76,0.0,False,080-0120,"Science, National Aeronautics and Space Administration",California Institute of Technology,6e76fa33-2d96-c636-941c-bca1997db076-C,JPL technical support to the MAVEN project 40-15537,https://www.usaspending.gov/award/CONT_AWD_80NM0018F0797_8000_80NM0018D0004_8000/
80NM0018F0797,2023,5,2245.71,0.0,False,080-0120,"Science, National Aeronautics and Space Administration",California Institute of Technology,6e76fa33-2d96-c636-941c-bca1997db076-C,JPL technical support to the MAVEN project 40-15537,https://www.usaspending.gov/award/CONT_AWD_80NM0018F0797_8000_80NM0018D0004_8000/
80NM0018F0797,2023,4,0.0,24000.00,False,080-0120,"Science, National Aeronautics and Space Administration",California Institute of Technology,6e76fa33-2d96-c636-941c-bca1997db076-C,JPL technical support to the MAVEN project 40-15537,https://www.usaspending.gov/award/CONT_AWD_80NM0018F0797_8000_80NM0018D0004_8000/
80NM0018F0797,2023,4,55742.94,0.0,False,080-0120,"Science, National Aeronautics and Space Administration",California Institute of Technology,6e76fa33-2d96-c636-941c-bca1997db076-C,JPL technical support to the MAVEN project 40-15537,https://www.usaspending.gov/award/CONT_AWD_80NM0018F0797_8000_80NM0018D0004_8000/
80NM0018F0797,2023,4,0.0,18000.00,False,080-0120,"Science, National Aeronautics and Space Administration",California Institute of Technology,6e76fa33-2d96-c636-941c-bca1997db076-C,JPL technical support to the MAVEN project 40-15537,https://www.usaspending.gov/award/CONT_AWD_80NM0018F0797_8000_80NM0018D0004_8000/
80NM0018F0797,2023,3,38753.66,0.0,False,080-0120,"Science, National Aeronautics and Space Administration",California Institute of Technology,6e76fa33-2d96-c636-941c-bca1997db076-C,JPL technical support to the MAVEN project 40-15537,https://www.usaspending.gov/award/CONT_AWD_80NM0018F0797_8000_80NM0018D0004_8000/
80NM0018F0797,2023,2,29396.23,0.0,False,080-0120,"Science, National Aeronautics and Space Administration",California Institute of Technology,6e76fa33-2d96-c636-941c-bca1997db076-C,JPL technical support to the MAVEN project 40-15537,https://www.usaspending.gov/award/CONT_AWD_80NM0018F0797_8000_80NM0018D0004_8000/
80NM0018F0797,2023,2,0.0,76000.00,False,080-0120,"Science, National Aeronautics and Space Administration",California Institute of Technology,6e76fa33-2d96-c636-941c-bca1997db076-C,JPL technical support to the MAVEN project 40-15537,https://www.usaspending.gov/award/CONT_AWD_80NM0018F0797_8000_80NM0018D0004_8000/
80NM0018F0797,2022,12,53669.54,0.0,False,080-0120,"Science, National Aeronautics and Space Administration",California Institute of Technology,6e76fa33-2d96-c636-941c-bca1997db076-C,JPL technical support to the MAVEN project 40-15537,https://www.usaspending.gov/award/CONT_AWD_80NM0018F0797_8000_80NM0018D0004_8000/
80NM0018F0797,2022,12,71283.24,0.0,False,080-0120,"Science, National Aeronautics and Space Administration",California Institute of Technology,6e76fa33-2d96-c636-941c-bca1997db076-C,JPL technical support to the MAVEN project 40-15537,https://www.usaspending.gov/award/CONT_AWD_80NM0018F0797_8000_80NM0018D0004_8000/
80NM0018F0797,2022,11,53669.54,0.0,False,080-0120,"Science, National Aeronautics and Space Administration",California Institute of Technology,6e76fa33-2d96-c636-941c-bca1997db076-C,JPL technical support to the MAVEN project 40-15537,https://www.usaspending.gov/award/CONT_AWD_80NM0018F0797_8000_80NM0018D0004_8000/
80NM0018F0797,2022,11,63008.13,0.0,False,080-0120,"Science, National Aeronautics and Space Administration",California Institute of Technology,6e76fa33-2d96-c636-941c-bca1997db076-C,JPL technical support to the MAVEN project 40-15537,https://www.usaspending.gov/award/CONT_AWD_80NM0018F0797_8000_80NM0018D0004_8000/
80NM0018F0797,2022,10,45767.08,0.0,False,080-0120,"Science, National Aeronautics and Space Administration",California Institute of Technology,6e76fa33-2d96-c636-941c-bca1997db076-C,JPL technical support to the MAVEN project 40-15537,https://www.usaspending.gov/award/CONT_AWD_80NM0018F0797_8000_80NM0018D0004_8000/
80NM0018F0797,2022,10,53669.54,0.0,False,080-0120,"Science, National Aeronautics and Space Administration",California Institute of Technology,6e76fa33-2d96-c636-941c-bca1997db076-C,JPL technical support to the MAVEN project 40-15537,https://www.usaspending.gov/award/CONT_AWD_80NM0018F0797_8000_80NM0018D0004_8000/
80NM0018F0797,2022,9,53669.54,0.0,False,080-0120,"Science, National Aeronautics and Space Administration",California Institute of Technology,6e76fa33-2d96-c636-941c-bca1997db076-C,JPL technical support to the MAVEN project 40-15537,https://www.usaspending.gov/award/CONT_AWD_80NM0018F0797_8000_80NM0018D0004_8000/
80NM0018F0797,2022,9,33396.35,0.0,False,080-0120,"Science, National Aeronautics and Space Administration",California Institute of Technology,6e76fa33-2d96-c636-941c-bca1997db076-C,JPL technical support to the MAVEN project 40-15537,https://www.usaspending.gov/award/CONT_AWD_80NM0018F0797_8000_80NM0018D0004_8000/
80NM0018F0797,2022,8,53669.54,0.0,False,080-0120,"Science, National Aeronautics and Space Administration",California Institute of Technology,6e76fa33-2d96-c636-941c-bca1997db076-C,JPL technical support to the MAVEN project 40-15537,https://www.usaspending.gov/award/CONT_AWD_80NM0018F0797_8000_80NM0018D0004_8000/
80NM0018F0797,2022,8,22765.64,0.0,False,080-0120,"Science, National Aeronautics and Space Administration",California Institute of Technology,6e76fa33-2d96-c636-941c-bca1997db076-C,JPL technical support to the MAVEN project 40-15537,https://www.usaspending.gov/award/CONT_AWD_80NM0018F0797_8000_80NM0018D0004_8000/
80NM0018F0797,2022,7,53669.54,0.0,False,080-0120,"Science, National Aeronautics and Space Administration",California Institute of Technology,6e76fa33-2d96-c636-941c-bca1997db076-C,JPL technical support to the MAVEN project 40-15537,https://www.usaspending.gov/award/CONT_AWD_80NM0018F0797_8000_80NM0018D0004_8000/
80NM0018F0797,2022,7,12721.67,0.0,False,080-0120,"Science, National Aeronautics and Space Administration",California Institute of Technology,6e76fa33-2d96-c636-941c-bca1997db076-C,JPL technical support to the MAVEN project 40-15537,https://www.usaspending.gov/award/CONT_AWD_80NM0018F0797_8000_80NM0018D0004_8000/
80NM0018F0797,2022,6,3079.20,0.0,False,080-0120,"Science, National Aeronautics and Space Administration",California Institute of Technology,6e76fa33-2d96-c636-941c-bca1997db076-C,JPL technical support to the MAVEN project 40-15537,https://www.usaspending.gov/award/CONT_AWD_80NM0018F0797_8000_80NM0018D0004_8000/
80NM0018F0797,2022,6,53669.54,0.0,False,080-0120,"Science, National Aeronautics and Space Administration",California Institute of Technology,6e76fa33-2d96-c636-941c-bca1997db076-C,JPL technical support to the MAVEN project 40-15537,https://www.usaspending.gov/award/CONT_AWD_80NM0018F0797_8000_80NM0018D0004_8000/
80NM0018F0797,2022,5,43095.38,0.0,False,080-0120,"Science, National Aeronautics and Space Administration",California Institute of Technology,6e76fa33-2d96-c636-941c-bca1997db076-C,JPL technical support to the MAVEN project 40-15537,https://www.usaspending.gov/award/CONT_AWD_80NM0018F0797_8000_80NM0018D0004_8000/
80NM0018F0797,2022,4,36624.32,0.0,False,080-0120,"Science, National Aeronautics and Space Administration",California Institute of Technology,6e76fa33-2d96-c636-941c-bca1997db076-C,JPL technical support to the MAVEN project 40-15537,https://www.usaspending.gov/award/CONT_AWD_80NM0018F0797_8000_80NM0018D0004_8000/
80NM0018F0797,2022,4,0.0,40000.00,False,080-0120,"Science, National Aeronautics and Space Administration",California Institute of Technology,6e76fa33-2d96-c636-941c-bca1997db076-C,JPL technical support to the MAVEN project 40-15537,https://www.usaspending.gov/award/CONT_AWD_80NM0018F0797_8000_80NM0018D0004_8000/
80NM0018F0797,2022,3,28368.98,0.0,False,080-0120,"Science, National Aeronautics and Space Administration",California Institute of Technology,6e76fa33-2d96-c636-941c-bca1997db076-C,JPL technical support to the MAVEN project 40-15537,https://www.usaspending.gov/award/CONT_AWD_80NM0018F0797_8000_80NM0018D0004_8000/
80NM0018F0797,2022,2,0.0,80000.00,False,080-0120,"Science, National Aeronautics and Space Administration",California Institute of Technology,6e76fa33-2d96-c636-941c-bca1997db076-C,JPL technical support to the MAVEN project 40-15537,https://www.usaspending.gov/award/CONT_AWD_80NM0018F0797_8000_80NM0018D0004_8000/
80NM0018F0797,2022,2,0.0,20000.00,False,080-0120,"Science, National Aeronautics and Space Administration",California Institute of Technology,6e76fa33-2d96-c636-941c-bca1997db076-C,JPL technical support to the MAVEN project 40-15537,https://www.usaspending.gov/award/CONT_AWD_80NM0018F0797_8000_80NM0018D0004_8000/
80NM0018F0797,2022,2,17955.29,0.0,False,080-0120,"Science, National Aeronautics and Space Administration",California Institute of Technology,6e76fa33-2d96-c636-941c-bca1997db076-C,JPL technical support to the MAVEN project 40-15537,https://www.usaspending.gov/award/CONT_AWD_80NM0018F0797_8000_80NM0018D0004_8000/
80NM0018F0797,2021,12,108322.46,0.0,False,080-0120,"Science, National Aeronautics and Space Administration",California Institute of Technology,6e76fa33-2d96-c636-941c-bca1997db076-C,JPL technical support to the MAVEN project 40-15537,https://www.usaspending.gov/award/CONT_AWD_80NM0018F0797_8000_80NM0018D0004_8000/
80NM0018F0797,2021,12,104961.99,0.0,False,080-0120,"Science, National Aeronautics and Space Administration",California Institute of Technology,6e76fa33-2d96-c636-941c-bca1997db076-C,JPL technical support to the MAVEN project 40-15537,https://www.usaspending.gov/award/CONT_AWD_80NM0018F0797_8000_80NM0018D0004_8000/
80NM0018F0797,2021,11,104961.99,0.0,False,080-0120,"Science, National Aeronautics and Space Administration",California Institute of Technology,6e76fa33-2d96-c636-941c-bca1997db076-C,JPL technical support to the MAVEN project 40-15537,https://www.usaspending.gov/award/CONT_AWD_80NM0018F0797_8000_80NM0018D0004_8000/
80NM0018F0797,2021,11,96163.90,0.0,False,080-0120,"Science, National Aeronautics and Space Administration",California Institute of Technology,6e76fa33-2d96-c636-941c-bca1997db076-C,JPL technical support to the MAVEN project 40-15537,https://www.usaspending.gov/award/CONT_AWD_80NM0018F0797_8000_80NM0018D0004_8000/
80NM0018F0797,2021,10,0.0,25000.00,False,080-0120,"Science, National Aeronautics and Space Administration",California Institute of Technology,6e76fa33-2d96-c636-941c-bca1997db076-C,JPL technical support to the MAVEN project 40-15537,https://www.usaspending.gov/award/CONT_AWD_80NM0018F0797_8000_80NM0018D0004_8000/
80NM0018F0797,2021,10,76115.07,0.0,False,080-0120,"Science, National Aeronautics and Space Administration",California Institute of Technology,6e76fa33-2d96-c636-941c-bca1997db076-C,JPL technical support to the MAVEN project 40-15537,https://www.usaspending.gov/award/CONT_AWD_80NM0018F0797_8000_80NM0018D0004_8000/
80NM0018F0797,2021,10,104961.99,0.0,False,080-0120,"Science, National Aeronautics and Space Administration",California Institute of Technology,6e76fa33-2d96-c636-941c-bca1997db076-C,JPL technical support to the MAVEN project 40-15537,https://www.usaspending.gov/award/CONT_AWD_80NM0018F0797_8000_80NM0018D0004_8000/
80NM0018F0797,2021,9,67279.83,0.0,False,080-0120,"Science, National Aeronautics and Space Administration",California Institute of Technology,6e76fa33-2d96-c636-941c-bca1997db076-C,JPL technical support to the MAVEN project 40-15537,https://www.usaspending.gov/award/CONT_AWD_80NM0018F0797_8000_80NM0018D0004_8000/
80NM0018F0797,2021,9,104961.99,0.0,False,080-0120,"Science, National Aeronautics and Space Administration",California Institute of Technology,6e76fa33-2d96-c636-941c-bca1997db076-C,JPL technical support to the MAVEN project 40-15537,https://www.usaspending.gov/award/CONT_AWD_80NM0018F0797_8000_80NM0018D0004_8000/
80NM0018F0797,2021,8,104961.99,0.0,False,080-0120,"Science, National Aeronautics and Space Administration",California Institute of Technology,6e76fa33-2d96-c636-941c-bca1997db076-C,JPL technical support to the MAVEN project 40-15537,https://www.usaspending.gov/award/CONT_AWD_80NM0018F0797_8000_80NM0018D0004_8000/
80NM0018F0797,2021,8,55912.06,0.0,False,080-0120,"Science, National Aeronautics and Space Administration",California Institute of Technology,6e76fa33-2d96-c636-941c-bca1997db076-C,JPL technical support to the MAVEN project 40-15537,https://www.usaspending.gov/award/CONT_AWD_80NM0018F0797_8000_80NM0018D0004_8000/
80NM0018F0797,2021,7,39519.97,0.0,False,080-0120,"Science, National Aeronautics and Space Administration",California Institute of Technology,6e76fa33-2d96-c636-941c-bca1997db076-C,JPL technical support to the MAVEN project 40-15537,https://www.usaspending.gov/award/CONT_AWD_80NM0018F0797_8000_80NM0018D0004_8000/
80NM0018F0797,2021,7,104961.99,0.0,False,080-0120,"Science, National Aeronautics and Space Administration",California Institute of Technology,6e76fa33-2d96-c636-941c-bca1997db076-C,JPL technical support to the MAVEN project 40-15537,https://www.usaspending.gov/award/CONT_AWD_80NM0018F0797_8000_80NM0018D0004_8000/
80NM0018F0797,2021,6,20757.09,0.0,False,080-0120,"Science, National Aeronautics and Space Administration",California Institute of Technology,6e76fa33-2d96-c636-941c-bca1997db076-C,JPL technical support to the MAVEN project 40-15537,https://www.usaspending.gov/award/CONT_AWD_80NM0018F0797_8000_80NM0018D0004_8000/
80NM0018F0797,2021,6,104961.99,0.0,False,080-0120,"Science, National Aeronautics and Space Administration",California Institute of Technology,6e76fa33-2d96-c636-941c-bca1997db076-C,JPL technical support to the MAVEN project 40-15537,https://www.usaspending.gov/award/CONT_AWD_80NM0018F0797_8000_80NM0018D0004_8000/
80NM0018F0797,2021,5,97263.32,0.0,False,080-0120,"Science, National Aeronautics and Space Administration",California Institute of Technology,6e76fa33-2d96-c636-941c-bca1997db076-C,JPL technical support to the MAVEN project 40-15537,https://www.usaspending.gov/award/CONT_AWD_80NM0018F0797_8000_80NM0018D0004_8000/
80NM0018F0797,2021,5,0.0,96992.00,False,080-0120,"Science, National Aeronautics and Space Administration",California Institute of Technology,6e76fa33-2d96-c636-941c-bca1997db076-C,JPL technical support to the MAVEN project 40-15537,https://www.usaspending.gov/award/CONT_AWD_80NM0018F0797_8000_80NM0018D0004_8000/
80NM0018F0797,2021,4,83835.81,0.0,False,080-0120,"Science, National Aeronautics and Space Administration",California Institute of Technology,6e76fa33-2d96-c636-941c-bca1997db076-C,JPL technical support to the MAVEN project 40-15537,https://www.usaspending.gov/award/CONT_AWD_80NM0018F0797_8000_80NM0018D0004_8000/
80NM0018F0797,2021,3,64838.08,0.0,False,080-0120,"Science, National Aeronautics and Space Administration",California Institute of Technology,6e76fa33-2d96-c636-941c-bca1997db076-C,JPL technical support to the MAVEN project 40-15537,https://www.usaspending.gov/award/CONT_AWD_80NM0018F0797_8000_80NM0018D0004_8000/
80NM0018F0797,2021,2,0.0,40000.00,False,080-0120,"Science, National Aeronautics and Space Administration",California Institute of Technology,6e76fa33-2d96-c636-941c-bca1997db076-C,JPL technical support to the MAVEN project 40-15537,https://www.usaspending.gov/award/CONT_AWD_80NM0018F0797_8000_80NM0018D0004_8000/
80NM0018F0797,2021,2,43055.00,0.0,False,080-0120,"Science, National Aeronautics and Space Administration",California Institute of Technology,6e76fa33-2d96-c636-941c-bca1997db076-C,JPL technical support to the MAVEN project 40-15537,https://www.usaspending.gov/award/CONT_AWD_80NM0018F0797_8000_80NM0018D0004_8000/
80NM0018F0797,2021,2,18925.55,0.0,False,080-0120,"Science, National Aeronautics and Space Administration",California Institute of Technology,6e76fa33-2d96-c636-941c-bca1997db076-C,JPL technical support to the MAVEN project 40-15537,https://www.usaspending.gov/award/CONT_AWD_80NM0018F0797_8000_80NM0018D0004_8000/
80NM0018F0797,2020,12,92777.48,0.0,False,080-0120,"Science, National Aeronautics and Space Administration",California Institute of Technology,6e76fa33-2d96-c636-941c-bca1997db076-C,JPL technical support to the MAVEN project 40-15537,https://www.usaspending.gov/award/CONT_AWD_80NM0018F0797_8000_80NM0018D0004_8000/
80NM0018F0797,2020,12,103171.03,0.0,False,080-0120,"Science, National Aeronautics and Space Administration",California Institute of Technology,6e76fa33-2d96-c636-941c-bca1997db076-C,JPL technical support to the MAVEN project 40-15537,https://www.usaspending.gov/award/CONT_AWD_80NM0018F0797_8000_80NM0018D0004_8000/
80NM0018F0797,2020,11,83714.56,0.0,False,080-0120,"Science, National Aeronautics and Space Administration",California Institute of Technology,6e76fa33-2d96-c636-941c-bca1997db076-C,JPL technical support to the MAVEN project 40-15537,https://www.usaspending.gov/award/CONT_AWD_80NM0018F0797_8000_80NM0018D0004_8000/
80NM0018F0797,2020,11,92777.48,0.0,False,080-0120,"Science, National Aeronautics and Space Administration",California Institute of Technology,6e76fa33-2d96-c636-941c-bca1997db076-C,JPL technical support to the MAVEN project 40-15537,https://www.usaspending.gov/award/CONT_AWD_80NM0018F0797_8000_80NM0018D0004_8000/
80NM0018F0797,2020,11,0.0,10000.00,False,080-0120,"Science, National Aeronautics and Space Administration",California Institute of Technology,6e76fa33-2d96-c636-941c-bca1997db076-C,JPL technical support to the MAVEN project 40-15537,https://www.usaspending.gov/award/CONT_AWD_80NM0018F0797_8000_80NM0018D0004_8000/
80NM0018F0797,2020,10,92777.48,0.0,False,080-0120,"Science, National Aeronautics and Space Administration",California Institute of Technology,6e76fa33-2d96-c636-941c-bca1997db076-C,JPL technical support to the MAVEN project 40-15537,https://www.usaspending.gov/award/CONT_AWD_80NM0018F0797_8000_80NM0018D0004_8000/
80NM0018F0797,2020,10,61036.72,0.0,False,080-0120,"Science, National Aeronautics and Space Administration",California Institute of Technology,6e76fa33-2d96-c636-941c-bca1997db076-C,JPL technical support to the MAVEN project 40-15537,https://www.usaspending.gov/award/CONT_AWD_80NM0018F0797_8000_80NM0018D0004_8000/
80NM0018F0797,2020,9,44372.10,0.0,False,080-0120,"Science, National Aeronautics and Space Administration",California Institute of Technology,6e76fa33-2d96-c636-941c-bca1997db076-C,JPL technical support to the MAVEN project 40-15537,https://www.usaspending.gov/award/CONT_AWD_80NM0018F0797_8000_80NM0018D0004_8000/
80NM0018F0797,2020,9,92777.48,0.0,False,080-0120,"Science, National Aeronautics and Space Administration",California Institute of Technology,6e76fa33-2d96-c636-941c-bca1997db076-C,JPL technical support to the MAVEN project 40-15537,https://www.usaspending.gov/award/CONT_AWD_80NM0018F0797_8000_80NM0018D0004_8000/
80NM0018F0797,2020,8,92777.48,0.0,False,080-0120,"Science, National Aeronautics and Space Administration",California Institute of Technology,6e76fa33-2d96-c636-941c-bca1997db076-C,JPL technical support to the MAVEN project 40-15537,https://www.usaspending.gov/award/CONT_AWD_80NM0018F0797_8000_80NM0018D0004_8000/
80NM0018F0797,2020,8,30138.26,0.0,False,080-0120,"Science, National Aeronautics and Space Administration",California Institute of Technology,6e76fa33-2d96-c636-941c-bca1997db076-C,JPL technical support to the MAVEN project 40-15537,https://www.usaspending.gov/award/CONT_AWD_80NM0018F0797_8000_80NM0018D0004_8000/
80NM0018F0797,2020,8,0.0,78000.00,False,080-0120,"Science, National Aeronautics and Space Administration",California Institute of Technology,6e76fa33-2d96-c636-941c-bca1997db076-C,JPL technical support to the MAVEN project 40-15537,https://www.usaspending.gov/award/CONT_AWD_80NM0018F0797_8000_80NM0018D0004_8000/
80NM0018F0797,2020,6,0.0,100000.00,True,080-0120,"Science, National Aeronautics and Space Administration",California Institute of Technology,6e76fa33-2d96-c636-941c-bca1997db076-C,JPL technical support to the MAVEN project 40-15537,https://www.usaspending.gov/award/CONT_AWD_80NM0018F0797_8000_80NM0018D0004_8000/
80NM0018F0797,2020,6,0.0,-169999.98,True,080-0120,"Science, National Aeronautics and Space Administration",California Institute of Technology,6e76fa33-2d96-c636-941c-bca1997db076-C,JPL technical support to the MAVEN project 40-15537,https://www.usaspending.gov/award/CONT_AWD_80NM0018F0797_8000_80NM0018D0004_8000/
80NM0018F0797,2020,3,0.0,-100000.00,True,080-0120,"Science, National Aeronautics and Space Administration",California Institute of Technology,6e76fa33-2d96-c636-941c-bca1997db076-C,JPL technical support to the MAVEN project 40-15537,https://www.usaspending.gov/award/CONT_AWD_80NM0018F0797_8000_80NM0018D0004_8000/
80NM0018F0797,2020,3,0.0,20133.00,True,080-0120,"Science, National Aeronautics and Space Administration",California Institute of Technology,6e76fa33-2d96-c636-941c-bca1997db076-C,JPL technical support to the MAVEN project 40-15537,https://www.usaspending.gov/award/CONT_AWD_80NM0018F0797_8000_80NM0018D0004_8000/
80NM0018F0797,2020,3,0.0,100000.00,True,080-0120,"Science, National Aeronautics and Space Administration",California Institute of Technology,6e76fa33-2d96-c636-941c-bca1997db076-C,JPL technical support to the MAVEN project 40-15537,https://www.usaspending.gov/award/CONT_AWD_80NM0018F0797_8000_80NM0018D0004_8000/
80NM0018F0797,2020,3,0.0,170000.00,True,080-0120,"Science, National Aeronautics and Space Administration",California Institute of Technology,6e76fa33-2d96-c636-941c-bca1997db076-C,JPL technical support to the MAVEN project 40-15537,https://www.usaspending.gov/award/CONT_AWD_80NM0018F0797_8000_80NM0018D0004_8000/
80NM0018F0797,2019,9,0.0,66500.00,True,080-0120,"Science, National Aeronautics and Space Administration",California Institute of Technology,6e76fa33-2d96-c636-941c-bca1997db076-C,JPL technical support to the MAVEN project 40-15537,https://www.usaspending.gov/award/CONT_AWD_80NM0018F0797_8000_80NM0018D0004_8000/
80NM0018F0797,2019,6,0.0,6500.00,True,080-0120,"Science, National Aeronautics and Space Administration",California Institute of Technology,6e76fa33-2d96-c636-941c-bca1997db076-C,JPL technical support to the MAVEN project 40-15537,https://www.usaspending.gov/award/CONT_AWD_80NM0018F0797_8000_80NM0018D0004_8000/
80NM0018F0797,2019,6,0.0,79000.00,True,080-0120,"Science, National Aeronautics and Space Administration",California Institute of Technology,6e76fa33-2d96-c636-941c-bca1997db076-C,JPL technical support to the MAVEN project 40-15537,https://www.usaspending.gov/award/CONT_AWD_80NM0018F0797_8000_80NM0018D0004_8000/
80NM0018F0797,2019,3,0.0,16063.00,True,080-0120,"Science, National Aeronautics and Space Administration",California Institute of Technology,6e76fa33-2d96-c636-941c-bca1997db076-C,JPL technical support to the MAVEN project 40-15537,https://www.usaspending.gov/award/CONT_AWD_80NM0018F0797_8000_80NM0018D0004_8000/
80NM0018F0797,2019,3,0.0,70937.00,True,080-0120,"Science, National Aeronautics and Space Administration",California Institute of Technology,6e76fa33-2d96-c636-941c-bca1997db076-C,JPL technical support to the MAVEN project 40-15537,https://www.usaspending.gov/award/CONT_AWD_80NM0018F0797_8000_80NM0018D0004_8000/
80NM0018F0797,2019,3,0.0,41204.45,True,080-0120,"Science, National Aeronautics and Space Administration",California Institute of Technology,6e76fa33-2d96-c636-941c-bca1997db076-C,JPL technical support to the MAVEN project 40-15537,https://www.usaspending.gov/award/CONT_AWD_80NM0018F0797_8000_80NM0018D0004_8000/
80NM0018F0797,2018,12,0.0,22939.24,True,080-0120,"Science, National Aeronautics and Space Administration",California Institute of Technology,6e76fa33-2d96-c636-941c-bca1997db076-C,JPL technical support to the MAVEN project 40-15537,https://www.usaspending.gov/award/CONT_AWD_80NM0018F0797_8000_80NM0018D0004_8000/
80NM0018F0797,2018,12,0.0,350000.00,True,080-0120,"Science, National Aeronautics and Space Administration",California Institute of Technology,6e76fa33-2d96-c636-941c-bca1997db076-C,JPL technical support to the MAVEN project 40-15537,https://www.usaspending.gov/award/CONT_AWD_80NM0018F0797_8000_80NM0018D0004_8000/
80NM0018F0797,2018,12,0.0,-350000.00,True,080-0120,"Science, National Aeronautics and Space Administration",California Institute of Technology,6e76fa33-2d96-c636-941c-bca1997db076-C,JPL technical support to the MAVEN project 40-15537,https://www.usaspending.gov/award/CONT_AWD_80NM0018F0797_8000_80NM0018D0004_8000/
80NM0022F0057,2026,4,577421.14,0.0,False,080-0120,"Science, National Aeronautics and Space Administration",California Institute of Technology,6e76fa33-2d96-c636-941c-bca1997db076-C,Ind support of MAVEN (91-203892),https://www.usaspending.gov/award/CONT_AWD_80NM0022F0057_8000_80NM0018D0004_8000/
80NM0022F0057,2026,3,0.0,308783.00,False,080-0120,"Science, National Aeronautics and Space Administration",California Institute of Technology,6e76fa33-2d96-c636-941c-bca1997db076-C,Ind support of MAVEN (91-203892),https://www.usaspending.gov/award/CONT_AWD_80NM0022F0057_8000_80NM0018D0004_8000/
80NM0022F0057,2026,3,453939.53,0.0,False,080-0120,"Science, National Aeronautics and Space Administration",California Institute of Technology,6e76fa33-2d96-c636-941c-bca1997db076-C,Ind support of MAVEN (91-203892),https://www.usaspending.gov/award/CONT_AWD_80NM0022F0057_8000_80NM0018D0004_8000/
80NM0022F0057,2026,2,279064.78,0.0,False,080-0120,"Science, National Aeronautics and Space Administration",California Institute of Technology,6e76fa33-2d96-c636-941c-bca1997db076-C,Ind support of MAVEN (91-203892),https://www.usaspending.gov/award/CONT_AWD_80NM0022F0057_8000_80NM0018D0004_8000/
80NM0022F0057,2025,12,1229863.31,0.0,False,080-0120,"Science, National Aeronautics and Space Administration",California Institute of Technology,6e76fa33-2d96-c636-941c-bca1997db076-C,Ind support of MAVEN (91-203892),https://www.usaspending.gov/award/CONT_AWD_80NM0022F0057_8000_80NM0018D0004_8000/
80NM0022F0057,2025,12,337797.33,0.0,False,080-0120,"Science, National Aeronautics and Space Administration",California Institute of Technology,6e76fa33-2d96-c636-941c-bca1997db076-C,Ind support of MAVEN (91-203892),https://www.usaspending.gov/award/CONT_AWD_80NM0022F0057_8000_80NM0018D0004_8000/
80NM0022F0057,2025,11,0.0,318095.00,False,080-0120,"Science, National Aeronautics and Space Administration",California Institute of Technology,6e76fa33-2d96-c636-941c-bca1997db076-C,Ind support of MAVEN (91-203892),https://www.usaspending.gov/award/CONT_AWD_80NM0022F0057_8000_80NM0018D0004_8000/
80NM0022F0057,2025,11,337797.33,0.0,False,080-0120,"Science, National Aeronautics and Space Administration",California Institute of Technology,6e76fa33-2d96-c636-941c-bca1997db076-C,Ind support of MAVEN (91-203892),https://www.usaspending.gov/award/CONT_AWD_80NM0022F0057_8000_80NM0018D0004_8000/
80NM0022F0057,2025,11,1052800.88,0.0,False,080-0120,"Science, National Aeronautics and Space Administration",California Institute of Technology,6e76fa33-2d96-c636-941c-bca1997db076-C,Ind support of MAVEN (91-203892),https://www.usaspending.gov/award/CONT_AWD_80NM0022F0057_8000_80NM0018D0004_8000/
80NM0022F0057,2025,10,337797.33,0.0,False,080-0120,"Science, National Aeronautics and Space Administration",California Institute of Technology,6e76fa33-2d96-c636-941c-bca1997db076-C,Ind support of MAVEN (91-203892),https://www.usaspending.gov/award/CONT_AWD_80NM0022F0057_8000_80NM0018D0004_8000/
80NM0022F0057,2025,10,870268.18,0.0,False,080-0120,"Science, National Aeronautics and Space Administration",California Institute of Technology,6e76fa33-2d96-c636-941c-bca1997db076-C,Ind support of MAVEN (91-203892),https://www.usaspending.gov/award/CONT_AWD_80NM0022F0057_8000_80NM0018D0004_8000/
80NM0022F0057,2025,9,337797.33,0.0,False,080-0120,"Science, National Aeronautics and Space Administration",California Institute of Technology,6e76fa33-2d96-c636-941c-bca1997db076-C,Ind support of MAVEN (91-203892),https://www.usaspending.gov/award/CONT_AWD_80NM0022F0057_8000_80NM0018D0004_8000/
80NM0022F0057,2025,9,766200.51,0.0,False,080-0120,"Science, National Aeronautics and Space Administration",California Institute of Technology,6e76fa33-2d96-c636-941c-bca1997db076-C,Ind support of MAVEN (91-203892),https://www.usaspending.gov/award/CONT_AWD_80NM0022F0057_8000_80NM0018D0004_8000/
80NM0022F0057,2025,8,337797.33,0.0,False,080-0120,"Science, National Aeronautics and Space Administration",California Institute of Technology,6e76fa33-2d96-c636-941c-bca1997db076-C,Ind support of MAVEN (91-203892),https://www.usaspending.gov/award/CONT_AWD_80NM0022F0057_8000_80NM0018D0004_8000/
80NM0022F0057,2025,8,638746.73,0.0,False,080-0120,"Science, National Aeronautics and Space Administration",California Institute of Technology,6e76fa33-2d96-c636-941c-bca1997db076-C,Ind support of MAVEN (91-203892),https://www.usaspending.gov/award/CONT_AWD_80NM0022F0057_8000_80NM0018D0004_8000/
80NM0022F0057,2025,7,337797.33,0.0,False,080-0120,"Science, National Aeronautics and Space Administration",California Institute of Technology,6e76fa33-2d96-c636-941c-bca1997db076-C,Ind support of MAVEN (91-203892),https://www.usaspending.gov/award/CONT_AWD_80NM0022F0057_8000_80NM0018D0004_8000/
80NM0022F0057,2025,7,513548.36,0.0,False,080-0120,"Science, National Aeronautics and Space Administration",California Institute of Technology,6e76fa33-2d96-c636-941c-bca1997db076-C,Ind support of MAVEN (91-203892),https://www.usaspending.gov/award/CONT_AWD_80NM0022F0057_8000_80NM0018D0004_8000/
80NM0022F0057,2025,6,337797.33,0.0,False,080-0120,"Science, National Aeronautics and Space Administration",California Institute of Technology,6e76fa33-2d96-c636-941c-bca1997db076-C,Ind support of MAVEN (91-203892),https://www.usaspending.gov/award/CONT_AWD_80NM0022F0057_8000_80NM0018D0004_8000/
80NM0022F0057,2025,6,361531.77,0.0,False,080-0120,"Science, National Aeronautics and Space Administration",California Institute of Technology,6e76fa33-2d96-c636-941c-bca1997db076-C,Ind support of MAVEN (91-203892),https://www.usaspending.gov/award/CONT_AWD_80NM0022F0057_8000_80NM0018D0004_8000/
80NM0022F0057,2025,5,250167.08,0.0,False,080-0120,"Science, National Aeronautics and Space Administration",California Institute of Technology,6e76fa33-2d96-c636-941c-bca1997db076-C,Ind support of MAVEN (91-203892),https://www.usaspending.gov/award/CONT_AWD_80NM0022F0057_8000_80NM0018D0004_8000/
80NM0022F0057,2025,5,337797.33,0.0,False,080-0120,"Science, National Aeronautics and Space Administration",California Institute of Technology,6e76fa33-2d96-c636-941c-bca1997db076-C,Ind support of MAVEN (91-203892),https://www.usaspending.gov/award/CONT_AWD_80NM0022F0057_8000_80NM0018D0004_8000/
80NM0022F0057,2025,4,148079.19,0.0,False,080-0120,"Science, National Aeronautics and Space Administration",California Institute of Technology,6e76fa33-2d96-c636-941c-bca1997db076-C,Ind support of MAVEN (91-203892),https://www.usaspending.gov/award/CONT_AWD_80NM0022F0057_8000_80NM0018D0004_8000/
80NM0022F0057,2025,4,337797.33,0.0,False,080-0120,"Science, National Aeronautics and Space Administration",California Institute of Technology,6e76fa33-2d96-c636-941c-bca1997db076-C,Ind support of MAVEN (91-203892),https://www.usaspending.gov/award/CONT_AWD_80NM0022F0057_8000_80NM0018D0004_8000/
80NM0022F0057,2025,3,43276.05,0.0,False,080-0120,"Science, National Aeronautics and Space Administration",California Institute of Technology,6e76fa33-2d96-c636-941c-bca1997db076-C,Ind support of MAVEN (91-203892),https://www.usaspending.gov/award/CONT_AWD_80NM0022F0057_8000_80NM0018D0004_8000/
80NM0022F0057,2025,3,337797.33,0.0,False,080-0120,"Science, National Aeronautics and Space Administration",California Institute of Technology,6e76fa33-2d96-c636-941c-bca1997db076-C,Ind support of MAVEN (91-203892),https://www.usaspending.gov/award/CONT_AWD_80NM0022F0057_8000_80NM0018D0004_8000/
80NM0022F0057,2025,2,0.0,1527090.00,False,080-0120,"Science, National Aeronautics and Space Administration",California Institute of Technology,6e76fa33-2d96-c636-941c-bca1997db076-C,Ind support of MAVEN (91-203892),https://www.usaspending.gov/award/CONT_AWD_80NM0022F0057_8000_80NM0018D0004_8000/
80NM0022F0057,2025,2,223350.41,0.0,False,080-0120,"Science, National Aeronautics and Space Administration",California Institute of Technology,6e76fa33-2d96-c636-941c-bca1997db076-C,Ind support of MAVEN (91-203892),https://www.usaspending.gov/award/CONT_AWD_80NM0022F0057_8000_80NM0018D0004_8000/
80NM0022F0057,2024,12,339090.24,0.0,False,080-0120,"Science, National Aeronautics and Space Administration",California Institute of Technology,6e76fa33-2d96-c636-941c-bca1997db076-C,Ind support of MAVEN (91-203892),https://www.usaspending.gov/award/CONT_AWD_80NM0022F0057_8000_80NM0018D0004_8000/
80NM0022F0057,2024,12,1146562.67,0.0,False,080-0120,"Science, National Aeronautics and Space Administration",California Institute of Technology,6e76fa33-2d96-c636-941c-bca1997db076-C,Ind support of MAVEN (91-203892),https://www.usaspending.gov/award/CONT_AWD_80NM0022F0057_8000_80NM0018D0004_8000/
80NM0022F0057,2024,11,1021777.30,0.0,False,080-0120,"Science, National Aeronautics and Space Administration",California Institute of Technology,6e76fa33-2d96-c636-941c-bca1997db076-C,Ind support of MAVEN (91-203892),https://www.usaspending.gov/award/CONT_AWD_80NM0022F0057_8000_80NM0018D0004_8000/
80NM0022F0057,2024,11,339090.24,0.0,False,080-0120,"Science, National Aeronautics and Space Administration",California Institute of Technology,6e76fa33-2d96-c636-941c-bca1997db076-C,Ind support of MAVEN (91-203892),https://www.usaspending.gov/award/CONT_AWD_80NM0022F0057_8000_80NM0018D0004_8000/
80NM0022F0057,2024,10,339090.24,0.0,False,080-0120,"Science, National Aeronautics and Space Administration",California Institute of Technology,6e76fa33-2d96-c636-941c-bca1997db076-C,Ind support of MAVEN (91-203892),https://www.usaspending.gov/award/CONT_AWD_80NM0022F0057_8000_80NM0018D0004_8000/
80NM0022F0057,2024,10,879622.17,0.0,False,080-0120,"Science, National Aeronautics and Space Administration",California Institute of Technology,6e76fa33-2d96-c636-941c-bca1997db076-C,Ind support of MAVEN (91-203892),https://www.usaspending.gov/award/CONT_AWD_80NM0022F0057_8000_80NM0018D0004_8000/
80NM0022F0057,2024,9,339090.24,0.0,False,080-0120,"Science, National Aeronautics and Space Administration",California Institute of Technology,6e76fa33-2d96-c636-941c-bca1997db076-C,Ind support of MAVEN (91-203892),https://www.usaspending.gov/award/CONT_AWD_80NM0022F0057_8000_80NM0018D0004_8000/
80NM0022F0057,2024,9,755026.79,0.0,False,080-0120,"Science, National Aeronautics and Space Administration",California Institute of Technology,6e76fa33-2d96-c636-941c-bca1997db076-C,Ind support of MAVEN (91-203892),https://www.usaspending.gov/award/CONT_AWD_80NM0022F0057_8000_80NM0018D0004_8000/
80NM0022F0057,2024,8,339090.24,0.0,False,080-0120,"Science, National Aeronautics and Space Administration",California Institute of Technology,6e76fa33-2d96-c636-941c-bca1997db076-C,Ind support of MAVEN (91-203892),https://www.usaspending.gov/award/CONT_AWD_80NM0022F0057_8000_80NM0018D0004_8000/
80NM0022F0057,2024,8,629050.85,0.0,False,080-0120,"Science, National Aeronautics and Space Administration",California Institute of Technology,6e76fa33-2d96-c636-941c-bca1997db076-C,Ind support of MAVEN (91-203892),https://www.usaspending.gov/award/CONT_AWD_80NM0022F0057_8000_80NM0018D0004_8000/
80NM0022F0057,2024,7,494289.87,0.0,False,080-0120,"Science, National Aeronautics and Space Administration",California Institute of Technology,6e76fa33-2d96-c636-941c-bca1997db076-C,Ind support of MAVEN (91-203892),https://www.usaspending.gov/award/CONT_AWD_80NM0022F0057_8000_80NM0018D0004_8000/
80NM0022F0057,2024,7,0.0,201585.00,False,080-0120,"Science, National Aeronautics and Space Administration",California Institute of Technology,6e76fa33-2d96-c636-941c-bca1997db076-C,Ind support of MAVEN (91-203892),https://www.usaspending.gov/award/CONT_AWD_80NM0022F0057_8000_80NM0018D0004_8000/
80NM0022F0057,2024,7,339090.24,0.0,False,080-0120,"Science, National Aeronautics and Space Administration",California Institute of Technology,6e76fa33-2d96-c636-941c-bca1997db076-C,Ind support of MAVEN (91-203892),https://www.usaspending.gov/award/CONT_AWD_80NM0022F0057_8000_80NM0018D0004_8000/
80NM0022F0057,2024,6,361466.93,0.0,False,080-0120,"Science, National Aeronautics and Space Administration",California Institute of Technology,6e76fa33-2d96-c636-941c-bca1997db076-C,Ind support of MAVEN (91-203892),https://www.usaspending.gov/award/CONT_AWD_80NM0022F0057_8000_80NM0018D0004_8000/
80NM0022F0057,2024,6,339090.24,0.0,False,080-0120,"Science, National Aeronautics and Space Administration",California Institute of Technology,6e76fa33-2d96-c636-941c-bca1997db076-C,Ind support of MAVEN (91-203892),https://www.usaspending.gov/award/CONT_AWD_80NM0022F0057_8000_80NM0018D0004_8000/
80NM0022F0057,2024,5,339090.24,0.0,False,080-0120,"Science, National Aeronautics and Space Administration",California Institute of Technology,6e76fa33-2d96-c636-941c-bca1997db076-C,Ind support of MAVEN (91-203892),https://www.usaspending.gov/award/CONT_AWD_80NM0022F0057_8000_80NM0018D0004_8000/
80NM0022F0057,2024,5,240059.57,0.0,False,080-0120,"Science, National Aeronautics and Space Administration",California Institute of Technology,6e76fa33-2d96-c636-941c-bca1997db076-C,Ind support of MAVEN (91-203892),https://www.usaspending.gov/award/CONT_AWD_80NM0022F0057_8000_80NM0018D0004_8000/
80NM0022F0057,2024,5,0.0,708426.00,False,080-0120,"Science, National Aeronautics and Space Administration",California Institute of Technology,6e76fa33-2d96-c636-941c-bca1997db076-C,Ind support of MAVEN (91-203892),https://www.usaspending.gov/award/CONT_AWD_80NM0022F0057_8000_80NM0018D0004_8000/
80NM0022F0057,2024,4,119974.91,0.0,False,080-0120,"Science, National Aeronautics and Space Administration",California Institute of Technology,6e76fa33-2d96-c636-941c-bca1997db076-C,Ind support of MAVEN (91-203892),https://www.usaspending.gov/award/CONT_AWD_80NM0022F0057_8000_80NM0018D0004_8000/
80NM0022F0057,2024,4,339090.24,0.0,False,080-0120,"Science, National Aeronautics and Space Administration",California Institute of Technology,6e76fa33-2d96-c636-941c-bca1997db076-C,Ind support of MAVEN (91-203892),https://www.usaspending.gov/award/CONT_AWD_80NM0022F0057_8000_80NM0018D0004_8000/
80NM0022F0057,2024,3,339090.24,0.0,False,080-0120,"Science, National Aeronautics and Space Administration",California Institute of Technology,6e76fa33-2d96-c636-941c-bca1997db076-C,Ind support of MAVEN (91-203892),https://www.usaspending.gov/award/CONT_AWD_80NM0022F0057_8000_80NM0018D0004_8000/
80NM0022F0057,2024,3,15266.59,0.0,False,080-0120,"Science, National Aeronautics and Space Administration",California Institute of Technology,6e76fa33-2d96-c636-941c-bca1997db076-C,Ind support of MAVEN (91-203892),https://www.usaspending.gov/award/CONT_AWD_80NM0022F0057_8000_80NM0018D0004_8000/
80NM0022F0057,2024,2,0.0,278910.00,False,080-0120,"Science, National Aeronautics and Space Administration",California Institute of Technology,6e76fa33-2d96-c636-941c-bca1997db076-C,Ind support of MAVEN (91-203892),https://www.usaspending.gov/award/CONT_AWD_80NM0022F0057_8000_80NM0018D0004_8000/
80NM0022F0057,2024,2,242911.56,0.0,False,080-0120,"Science, National Aeronautics and Space Administration",California Institute of Technology,6e76fa33-2d96-c636-941c-bca1997db076-C,Ind support of MAVEN (91-203892),https://www.usaspending.gov/award/CONT_AWD_80NM0022F0057_8000_80NM0018D0004_8000/
80NM0022F0057,2024,2,0.0,295439.00,False,080-0120,"Science, National Aeronautics and Space Administration",California Institute of Technology,6e76fa33-2d96-c636-941c-bca1997db076-C,Ind support of MAVEN (91-203892),https://www.usaspending.gov/award/CONT_AWD_80NM0022F0057_8000_80NM0018D0004_8000/
80NM0022F0057,2023,12,441000.00,0.0,False,080-0120,"Science, National Aeronautics and Space Administration",California Institute of Technology,6e76fa33-2d96-c636-941c-bca1997db076-C,Ind support of MAVEN (91-203892),https://www.usaspending.gov/award/CONT_AWD_80NM0022F0057_8000_80NM0018D0004_8000/
80NM0022F0057,2023,12,756401.76,0.0,False,080-0120,"Science, National Aeronautics and Space Administration",California Institute of Technology,6e76fa33-2d96-c636-941c-bca1997db076-C,Ind support of MAVEN (91-203892),https://www.usaspending.gov/award/CONT_AWD_80NM0022F0057_8000_80NM0018D0004_8000/
80NM0022F0057,2023,11,0.0,90000.00,False,080-0120,"Science, National Aeronautics and Space Administration",California Institute of Technology,6e76fa33-2d96-c636-941c-bca1997db076-C,Ind support of MAVEN (91-203892),https://www.usaspending.gov/award/CONT_AWD_80NM0022F0057_8000_80NM0018D0004_8000/
80NM0022F0057,2023,11,441000.00,0.0,False,080-0120,"Science, National Aeronautics and Space Administration",California Institute of Technology,6e76fa33-2d96-c636-941c-bca1997db076-C,Ind support of MAVEN (91-203892),https://www.usaspending.gov/award/CONT_AWD_80NM0022F0057_8000_80NM0018D0004_8000/
80NM0022F0057,2023,11,634232.83,0.0,False,080-0120,"Science, National Aeronautics and Space Administration",California Institute of Technology,6e76fa33-2d96-c636-941c-bca1997db076-C,Ind support of MAVEN (91-203892),https://www.usaspending.gov/award/CONT_AWD_80NM0022F0057_8000_80NM0018D0004_8000/
80NM0022F0057,2023,10,441000.00,0.0,False,080-0120,"Science, National Aeronautics and Space Administration",California Institute of Technology,6e76fa33-2d96-c636-941c-bca1997db076-C,Ind support of MAVEN (91-203892),https://www.usaspending.gov/award/CONT_AWD_80NM0022F0057_8000_80NM0018D0004_8000/
80NM0022F0057,2023,10,505705.62,0.0,False,080-0120,"Science, National Aeronautics and Space Administration",California Institute of Technology,6e76fa33-2d96-c636-941c-bca1997db076-C,Ind support of MAVEN (91-203892),https://www.usaspending.gov/award/CONT_AWD_80NM0022F0057_8000_80NM0018D0004_8000/
80NM0022F0057,2023,9,441000.00,0.0,False,080-0120,"Science, National Aeronautics and Space Administration",California Institute of Technology,6e76fa33-2d96-c636-941c-bca1997db076-C,Ind support of MAVEN (91-203892),https://www.usaspending.gov/award/CONT_AWD_80NM0022F0057_8000_80NM0018D0004_8000/
80NM0022F0057,2023,9,407510.39,0.0,False,080-0120,"Science, National Aeronautics and Space Administration",California Institute of Technology,6e76fa33-2d96-c636-941c-bca1997db076-C,Ind support of MAVEN (91-203892),https://www.usaspending.gov/award/CONT_AWD_80NM0022F0057_8000_80NM0018D0004_8000/
80NM0022F0057,2023,8,441000.00,0.0,False,080-0120,"Science, National Aeronautics and Space Administration",California Institute of Technology,6e76fa33-2d96-c636-941c-bca1997db076-C,Ind support of MAVEN (91-203892),https://www.usaspending.gov/award/CONT_AWD_80NM0022F0057_8000_80NM0018D0004_8000/
80NM0022F0057,2023,8,290367.92,0.0,False,080-0120,"Science, National Aeronautics and Space Administration",California Institute of Technology,6e76fa33-2d96-c636-941c-bca1997db076-C,Ind support of MAVEN (91-203892),https://www.usaspending.gov/award/CONT_AWD_80NM0022F0057_8000_80NM0018D0004_8000/
80NM0022F0057,2023,7,441000.00,0.0,False,080-0120,"Science, National Aeronautics and Space Administration",California Institute of Technology,6e76fa33-2d96-c636-941c-bca1997db076-C,Ind support of MAVEN (91-203892),https://www.usaspending.gov/award/CONT_AWD_80NM0022F0057_8000_80NM0018D0004_8000/
80NM0022F0057,2023,7,196678.92,0.0,False,080-0120,"Science, National Aeronautics and Space Administration",California Institute of Technology,6e76fa33-2d96-c636-941c-bca1997db076-C,Ind support of MAVEN (91-203892),https://www.usaspending.gov/award/CONT_AWD_80NM0022F0057_8000_80NM0018D0004_8000/
80NM0022F0057,2023,6,0.0,486492.00,False,080-0120,"Science, National Aeronautics and Space Administration",California Institute of Technology,6e76fa33-2d96-c636-941c-bca1997db076-C,Ind support of MAVEN (91-203892),https://www.usaspending.gov/award/CONT_AWD_80NM0022F0057_8000_80NM0018D0004_8000/
80NM0022F0057,2023,6,441000.00,0.0,False,080-0120,"Science, National Aeronautics and Space Administration",California Institute of Technology,6e76fa33-2d96-c636-941c-bca1997db076-C,Ind support of MAVEN (91-203892),https://www.usaspending.gov/award/CONT_AWD_80NM0022F0057_8000_80NM0018D0004_8000/
80NM0022F0057,2023,6,101580.15,0.0,False,080-0120,"Science, National Aeronautics and Space Administration",California Institute of Technology,6e76fa33-2d96-c636-941c-bca1997db076-C,Ind support of MAVEN (91-203892),https://www.usaspending.gov/award/CONT_AWD_80NM0022F0057_8000_80NM0018D0004_8000/
80NM0022F0057,2023,5,441000.00,0.0,False,080-0120,"Science, National Aeronautics and Space Administration",California Institute of Technology,6e76fa33-2d96-c636-941c-bca1997db076-C,Ind support of MAVEN (91-203892),https://www.usaspending.gov/award/CONT_AWD_80NM0022F0057_8000_80NM0018D0004_8000/
80NM0022F0057,2023,5,0.0,141000.00,False,080-0120,"Science, National Aeronautics and Space Administration",California Institute of Technology,6e76fa33-2d96-c636-941c-bca1997db076-C,Ind support of MAVEN (91-203892),https://www.usaspending.gov/award/CONT_AWD_80NM0022F0057_8000_80NM0018D0004_8000/
80NM0022F0057,2023,5,7591.77,0.0,False,080-0120,"Science, National Aeronautics and Space Administration",California Institute of Technology,6e76fa33-2d96-c636-941c-bca1997db076-C,Ind support of MAVEN (91-203892),https://www.usaspending.gov/award/CONT_AWD_80NM0022F0057_8000_80NM0018D0004_8000/
80NM0022F0057,2023,4,0.0,104000.00,False,080-0120,"Science, National Aeronautics and Space Administration",California Institute of Technology,6e76fa33-2d96-c636-941c-bca1997db076-C,Ind support of MAVEN (91-203892),https://www.usaspending.gov/award/CONT_AWD_80NM0022F0057_8000_80NM0018D0004_8000/
80NM0022F0057,2023,4,300000.00,0.0,False,080-0120,"Science, National Aeronautics and Space Administration",California Institute of Technology,6e76fa33-2d96-c636-941c-bca1997db076-C,Ind support of MAVEN (91-203892),https://www.usaspending.gov/award/CONT_AWD_80NM0022F0057_8000_80NM0018D0004_8000/
80NM0022F0057,2023,4,58485.44,0.0,False,080-0120,"Science, National Aeronautics and Space Administration",California Institute of Technology,6e76fa33-2d96-c636-941c-bca1997db076-C,Ind support of MAVEN (91-203892),https://www.usaspending.gov/award/CONT_AWD_80NM0022F0057_8000_80NM0018D0004_8000/
80NM0022F0057,2023,4,0.0,78000.00,False,080-0120,"Science, National Aeronautics and Space Administration",California Institute of Technology,6e76fa33-2d96-c636-941c-bca1997db076-C,Ind support of MAVEN (91-203892),https://www.usaspending.gov/award/CONT_AWD_80NM0022F0057_8000_80NM0018D0004_8000/
80NM0022F0057,2023,3,261755.97,0.0,False,080-0120,"Science, National Aeronautics and Space Administration",California Institute of Technology,6e76fa33-2d96-c636-941c-bca1997db076-C,Ind support of MAVEN (91-203892),https://www.usaspending.gov/award/CONT_AWD_80NM0022F0057_8000_80NM0018D0004_8000/
80NM0022F0057,2023,2,164364.52,0.0,False,080-0120,"Science, National Aeronautics and Space Administration",California Institute of Technology,6e76fa33-2d96-c636-941c-bca1997db076-C,Ind support of MAVEN (91-203892),https://www.usaspending.gov/award/CONT_AWD_80NM0022F0057_8000_80NM0018D0004_8000/
80NM0022F0057,2023,2,0.0,337000.00,False,080-0120,"Science, National Aeronautics and Space Administration",California Institute of Technology,6e76fa33-2d96-c636-941c-bca1997db076-C,Ind support of MAVEN (91-203892),https://www.usaspending.gov/award/CONT_AWD_80NM0022F0057_8000_80NM0018D0004_8000/
80NM0022F0057,2022,12,0.0,300000.00,False,080-0120,"Science, National Aeronautics and Space Administration",California Institute of Technology,6e76fa33-2d96-c636-941c-bca1997db076-C,Ind support of MAVEN (91-203892),https://www.usaspending.gov/award/CONT_AWD_80NM0022F0057_8000_80NM0018D0004_8000/
NNG09EK34C,2026,4,2426747.42,0.0,False,080-0120,"Science, National Aeronautics and Space Administration",Lockheed Martin Corp,6e7a895c-aa57-8600-2a8a-4e237f6213f6-C,"Risk reduction and phase b effort in support of the Mars atmospheric and volatile evoluation (MAVEN) project.  The contractor shall provide the resources necessary to support the MAVEN project to define and complete the definition of the preliminary design, and the plans for development, manufacture, test, verification and operation of a flight system, which consists of the integrated spacecraft and science payloads in accordance with the statement of work.",https://www.usaspending.gov/award/CONT_AWD_NNG09EK34C_8000_-NONE-_-NONE-/
NNG09EK34C,2026,3,1636850.81,0.0,False,080-0120,"Science, National Aeronautics and Space Administration",Lockheed Martin Corp,6e7a895c-aa57-8600-2a8a-4e237f6213f6-C,"Risk reduction and phase b effort in support of the Mars atmospheric and volatile evoluation (MAVEN) project.  The contractor shall provide the resources necessary to support the MAVEN project to define and complete the definition of the preliminary design, and the plans for development, manufacture, test, verification and operation of a flight system, which consists of the integrated spacecraft and science payloads in accordance with the statement of work.",https://www.usaspending.gov/award/CONT_AWD_NNG09EK34C_8000_-NONE-_-NONE-/
NNG09EK34C,2026,2,716854.28,0.0,False,080-0120,"Science, National Aeronautics and Space Administration",Lockheed Martin Corp,6e7a895c-aa57-8600-2a8a-4e237f6213f6-C,"Risk reduction and phase b effort in support of the Mars atmospheric and volatile evoluation (MAVEN) project.  The contractor shall provide the resources necessary to support the MAVEN project to define and complete the definition of the preliminary design, and the plans for development, manufacture, test, verification and operation of a flight system, which consists of the integrated spacecraft and science payloads in accordance with the statement of work.",https://www.usaspending.gov/award/CONT_AWD_NNG09EK34C_8000_-NONE-_-NONE-/
NNG09EK34C,2025,12,3682164.69,0.0,False,080-0120,"Science, National Aeronautics and Space Administration",Lockheed Martin Corp,6e7a895c-aa57-8600-2a8a-4e237f6213f6-C,"Risk reduction and phase b effort in support of the Mars atmospheric and volatile evoluation (MAVEN) project.  The contractor shall provide the resources necessary to support the MAVEN project to define and complete the definition of the preliminary design, and the plans for development, manufacture, test, verification and operation of a flight system, which consists of the integrated spacecraft and science payloads in accordance with the statement of work.",https://www.usaspending.gov/award/CONT_AWD_NNG09EK34C_8000_-NONE-_-NONE-/
NNG09EK34C,2025,12,3336844.25,0.0,False,080-0120,"Science, National Aeronautics and Space Administration",Lockheed Martin Corp,6e7a895c-aa57-8600-2a8a-4e237f6213f6-C,"Risk reduction and phase b effort in support of the Mars atmospheric and volatile evoluation (MAVEN) project.  The contractor shall provide the resources necessary to support the MAVEN project to define and complete the definition of the preliminary design, and the plans for development, manufacture, test, verification and operation of a flight system, which consists of the integrated spacecraft and science payloads in accordance with the statement of work.",https://www.usaspending.gov/award/CONT_AWD_NNG09EK34C_8000_-NONE-_-NONE-/
NNG09EK34C,2025,12,0.0,3550000.00,False,080-0120,"Science, National Aeronautics and Space Administration",Lockheed Martin Corp,6e7a895c-aa57-8600-2a8a-4e237f6213f6-C,"Risk reduction and phase b effort in support of the Mars atmospheric and volatile evoluation (MAVEN) project.  The contractor shall provide the resources necessary to support the MAVEN project to define and complete the definition of the preliminary design, and the plans for development, manufacture, test, verification and operation of a flight system, which consists of the integrated spacecraft and science payloads in accordance with the statement of work.",https://www.usaspending.gov/award/CONT_AWD_NNG09EK34C_8000_-NONE-_-NONE-/
NNG09EK34C,2025,11,3336844.25,0.0,False,080-0120,"Science, National Aeronautics and Space Administration",Lockheed Martin Corp,6e7a895c-aa57-8600-2a8a-4e237f6213f6-C,"Risk reduction and phase b effort in support of the Mars atmospheric and volatile evoluation (MAVEN) project.  The contractor shall provide the resources necessary to support the MAVEN project to define and complete the definition of the preliminary design, and the plans for development, manufacture, test, verification and operation of a flight system, which consists of the integrated spacecraft and science payloads in accordance with the statement of work.",https://www.usaspending.gov/award/CONT_AWD_NNG09EK34C_8000_-NONE-_-NONE-/
NNG09EK34C,2025,11,3177919.29,0.0,False,080-0120,"Science, National Aeronautics and Space Administration",Lockheed Martin Corp,6e7a895c-aa57-8600-2a8a-4e237f6213f6-C,"Risk reduction and phase b effort in support of the Mars atmospheric and volatile evoluation (MAVEN) project.  The contractor shall provide the resources necessary to support the MAVEN project to define and complete the definition of the preliminary design, and the plans for development, manufacture, test, verification and operation of a flight system, which consists of the integrated spacecraft and science payloads in accordance with the statement of work.",https://www.usaspending.gov/award/CONT_AWD_NNG09EK34C_8000_-NONE-_-NONE-/
NNG09EK34C,2025,10,3336844.25,0.0,False,080-0120,"Science, National Aeronautics and Space Administration",Lockheed Martin Corp,6e7a895c-aa57-8600-2a8a-4e237f6213f6-C,"Risk reduction and phase b effort in support of the Mars atmospheric and volatile evoluation (MAVEN) project.  The contractor shall provide the resources necessary to support the MAVEN project to define and complete the definition of the preliminary design, and the plans for development, manufacture, test, verification and operation of a flight system, which consists of the integrated spacecraft and science payloads in accordance with the statement of work.",https://www.usaspending.gov/award/CONT_AWD_NNG09EK34C_8000_-NONE-_-NONE-/
NNG09EK34C,2025,10,2361909.11,0.0,False,080-0120,"Science, National Aeronautics and Space Administration",Lockheed Martin Corp,6e7a895c-aa57-8600-2a8a-4e237f6213f6-C,"Risk reduction and phase b effort in support of the Mars atmospheric and volatile evoluation (MAVEN) project.  The contractor shall provide the resources necessary to support the MAVEN project to define and complete the definition of the preliminary design, and the plans for development, manufacture, test, verification and operation of a flight system, which consists of the integrated spacecraft and science payloads in accordance with the statement of work.",https://www.usaspending.gov/award/CONT_AWD_NNG09EK34C_8000_-NONE-_-NONE-/
NNG09EK34C,2025,10,0.0,682204.00,False,080-0120,"Science, National Aeronautics and Space Administration",Lockheed Martin Corp,6e7a895c-aa57-8600-2a8a-4e237f6213f6-C,"Risk reduction and phase b effort in support of the Mars atmospheric and volatile evoluation (MAVEN) project.  The contractor shall provide the resources necessary to support the MAVEN project to define and complete the definition of the preliminary design, and the plans for development, manufacture, test, verification and operation of a flight system, which consists of the integrated spacecraft and science payloads in accordance with the statement of work.",https://www.usaspending.gov/award/CONT_AWD_NNG09EK34C_8000_-NONE-_-NONE-/
NNG09EK34C,2025,9,3336844.25,0.0,False,080-0120,"Science, National Aeronautics and Space Administration",Lockheed Martin Corp,6e7a895c-aa57-8600-2a8a-4e237f6213f6-C,"Risk reduction and phase b effort in support of the Mars atmospheric and volatile evoluation (MAVEN) project.  The contractor shall provide the resources necessary to support the MAVEN project to define and complete the definition of the preliminary design, and the plans for development, manufacture, test, verification and operation of a flight system, which consists of the integrated spacecraft and science payloads in accordance with the statement of work.",https://www.usaspending.gov/award/CONT_AWD_NNG09EK34C_8000_-NONE-_-NONE-/
NNG09EK34C,2025,9,1777343.64,0.0,False,080-0120,"Science, National Aeronautics and Space Administration",Lockheed Martin Corp,6e7a895c-aa57-8600-2a8a-4e237f6213f6-C,"Risk reduction and phase b effort in support of the Mars atmospheric and volatile evoluation (MAVEN) project.  The contractor shall provide the resources necessary to support the MAVEN project to define and complete the definition of the preliminary design, and the plans for development, manufacture, test, verification and operation of a flight system, which consists of the integrated spacecraft and science payloads in accordance with the statement of work.",https://www.usaspending.gov/award/CONT_AWD_NNG09EK34C_8000_-NONE-_-NONE-/
NNG09EK34C,2025,8,0.0,2000000.00,False,080-0120,"Science, National Aeronautics and Space Administration",Lockheed Martin Corp,6e7a895c-aa57-8600-2a8a-4e237f6213f6-C,"Risk reduction and phase b effort in support of the Mars atmospheric and volatile evoluation (MAVEN) project.  The contractor shall provide the resources necessary to support the MAVEN project to define and complete the definition of the preliminary design, and the plans for development, manufacture, test, verification and operation of a flight system, which consists of the integrated spacecraft and science payloads in accordance with the statement of work.",https://www.usaspending.gov/award/CONT_AWD_NNG09EK34C_8000_-NONE-_-NONE-/
NNG09EK34C,2025,8,3336844.25,0.0,False,080-0120,"Science, National Aeronautics and Space Administration",Lockheed Martin Corp,6e7a895c-aa57-8600-2a8a-4e237f6213f6-C,"Risk reduction and phase b effort in support of the Mars atmospheric and volatile evoluation (MAVEN) project.  The contractor shall provide the resources necessary to support the MAVEN project to define and complete the definition of the preliminary design, and the plans for development, manufacture, test, verification and operation of a flight system, which consists of the integrated spacecraft and science payloads in accordance with the statement of work.",https://www.usaspending.gov/award/CONT_AWD_NNG09EK34C_8000_-NONE-_-NONE-/
NNG09EK34C,2025,8,936474.24,0.0,False,080-0120,"Science, National Aeronautics and Space Administration",Lockheed Martin Corp,6e7a895c-aa57-8600-2a8a-4e237f6213f6-C,"Risk reduction and phase b effort in support of the Mars atmospheric and volatile evoluation (MAVEN) project.  The contractor shall provide the resources necessary to support the MAVEN project to define and complete the definition of the preliminary design, and the plans for development, manufacture, test, verification and operation of a flight system, which consists of the integrated spacecraft and science payloads in accordance with the statement of work.",https://www.usaspending.gov/award/CONT_AWD_NNG09EK34C_8000_-NONE-_-NONE-/
NNG09EK34C,2025,7,668645.07,0.0,False,080-0120,"Science, National Aeronautics and Space Administration",Lockheed Martin Corp,6e7a895c-aa57-8600-2a8a-4e237f6213f6-C,"Risk reduction and phase b effort in support of the Mars atmospheric and volatile evoluation (MAVEN) project.  The contractor shall provide the resources necessary to support the MAVEN project to define and complete the definition of the preliminary design, and the plans for development, manufacture, test, verification and operation of a flight system, which consists of the integrated spacecraft and science payloads in accordance with the statement of work.",https://www.usaspending.gov/award/CONT_AWD_NNG09EK34C_8000_-NONE-_-NONE-/
NNG09EK34C,2025,7,3336844.25,0.0,False,080-0120,"Science, National Aeronautics and Space Administration",Lockheed Martin Corp,6e7a895c-aa57-8600-2a8a-4e237f6213f6-C,"Risk reduction and phase b effort in support of the Mars atmospheric and volatile evoluation (MAVEN) project.  The contractor shall provide the resources necessary to support the MAVEN project to define and complete the definition of the preliminary design, and the plans for development, manufacture, test, verification and operation of a flight system, which consists of the integrated spacecraft and science payloads in accordance with the statement of work.",https://www.usaspending.gov/award/CONT_AWD_NNG09EK34C_8000_-NONE-_-NONE-/
NNG09EK34C,2025,6,2412278.33,0.0,False,080-0120,"Science, National Aeronautics and Space Administration",Lockheed Martin Corp,6e7a895c-aa57-8600-2a8a-4e237f6213f6-C,"Risk reduction and phase b effort in support of the Mars atmospheric and volatile evoluation (MAVEN) project.  The contractor shall provide the resources necessary to support the MAVEN project to define and complete the definition of the preliminary design, and the plans for development, manufacture, test, verification and operation of a flight system, which consists of the integrated spacecraft and science payloads in accordance with the statement of work.",https://www.usaspending.gov/award/CONT_AWD_NNG09EK34C_8000_-NONE-_-NONE-/
NNG09EK34C,2025,5,0.0,85203.32,False,080-0120,"Science, National Aeronautics and Space Administration",Lockheed Martin Corp,6e7a895c-aa57-8600-2a8a-4e237f6213f6-C,"Risk reduction and phase b effort in support of the Mars atmospheric and volatile evoluation (MAVEN) project.  The contractor shall provide the resources necessary to support the MAVEN project to define and complete the definition of the preliminary design, and the plans for development, manufacture, test, verification and operation of a flight system, which consists of the integrated spacecraft and science payloads in accordance with the statement of work.",https://www.usaspending.gov/award/CONT_AWD_NNG09EK34C_8000_-NONE-_-NONE-/
NNG09EK34C,2025,5,0.0,914797.18,False,080-0120,"Science, National Aeronautics and Space Administration",Lockheed Martin Corp,6e7a895c-aa57-8600-2a8a-4e237f6213f6-C,"Risk reduction and phase b effort in support of the Mars atmospheric and volatile evoluation (MAVEN) project.  The contractor shall provide the resources necessary to support the MAVEN project to define and complete the definition of the preliminary design, and the plans for development, manufacture, test, verification and operation of a flight system, which consists of the integrated spacecraft and science payloads in accordance with the statement of work.",https://www.usaspending.gov/award/CONT_AWD_NNG09EK34C_8000_-NONE-_-NONE-/
NNG09EK34C,2025,5,2125563.56,0.0,False,080-0120,"Science, National Aeronautics and Space Administration",Lockheed Martin Corp,6e7a895c-aa57-8600-2a8a-4e237f6213f6-C,"Risk reduction and phase b effort in support of the Mars atmospheric and volatile evoluation (MAVEN) project.  The contractor shall provide the resources necessary to support the MAVEN project to define and complete the definition of the preliminary design, and the plans for development, manufacture, test, verification and operation of a flight system, which consists of the integrated spacecraft and science payloads in accordance with the statement of work.",https://www.usaspending.gov/award/CONT_AWD_NNG09EK34C_8000_-NONE-_-NONE-/
NNG09EK34C,2025,4,1666762.91,0.0,False,080-0120,"Science, National Aeronautics and Space Administration",Lockheed Martin Corp,6e7a895c-aa57-8600-2a8a-4e237f6213f6-C,"Risk reduction and phase b effort in support of the Mars atmospheric and volatile evoluation (MAVEN) project.  The contractor shall provide the resources necessary to support the MAVEN project to define and complete the definition of the preliminary design, and the plans for development, manufacture, test, verification and operation of a flight system, which consists of the integrated spacecraft and science payloads in accordance with the statement of work.",https://www.usaspending.gov/award/CONT_AWD_NNG09EK34C_8000_-NONE-_-NONE-/
NNG09EK34C,2025,4,0.0,1657121.00,False,080-0120,"Science, National Aeronautics and Space Administration",Lockheed Martin Corp,6e7a895c-aa57-8600-2a8a-4e237f6213f6-C,"Risk reduction and phase b effort in support of the Mars atmospheric and volatile evoluation (MAVEN) project.  The contractor shall provide the resources necessary to support the MAVEN project to define and complete the definition of the preliminary design, and the plans for development, manufacture, test, verification and operation of a flight system, which consists of the integrated spacecraft and science payloads in accordance with the statement of work.",https://www.usaspending.gov/award/CONT_AWD_NNG09EK34C_8000_-NONE-_-NONE-/
NNG09EK34C,2025,3,0.0,1000000.00,False,080-0120,"Science, National Aeronautics and Space Administration",Lockheed Martin Corp,6e7a895c-aa57-8600-2a8a-4e237f6213f6-C,"Risk reduction and phase b effort in support of the Mars atmospheric and volatile evoluation (MAVEN) project.  The contractor shall provide the resources necessary to support the MAVEN project to define and complete the definition of the preliminary design, and the plans for development, manufacture, test, verification and operation of a flight system, which consists of the integrated spacecraft and science payloads in accordance with the statement of work.",https://www.usaspending.gov/award/CONT_AWD_NNG09EK34C_8000_-NONE-_-NONE-/
NNG09EK34C,2025,3,1578895.91,0.0,False,080-0120,"Science, National Aeronautics and Space Administration",Lockheed Martin Corp,6e7a895c-aa57-8600-2a8a-4e237f6213f6-C,"Risk reduction and phase b effort in support of the Mars atmospheric and volatile evoluation (MAVEN) project.  The contractor shall provide the resources necessary to support the MAVEN project to define and complete the definition of the preliminary design, and the plans for development, manufacture, test, verification and operation of a flight system, which consists of the integrated spacecraft and science payloads in accordance with the statement of work.",https://www.usaspending.gov/award/CONT_AWD_NNG09EK34C_8000_-NONE-_-NONE-/
NNG09EK34C,2025,2,1036663.17,0.0,False,080-0120,"Science, National Aeronautics and Space Administration",Lockheed Martin Corp,6e7a895c-aa57-8600-2a8a-4e237f6213f6-C,"Risk reduction and phase b effort in support of the Mars atmospheric and volatile evoluation (MAVEN) project.  The contractor shall provide the resources necessary to support the MAVEN project to define and complete the definition of the preliminary design, and the plans for development, manufacture, test, verification and operation of a flight system, which consists of the integrated spacecraft and science payloads in accordance with the statement of work.",https://www.usaspending.gov/award/CONT_AWD_NNG09EK34C_8000_-NONE-_-NONE-/
NNG09EK34C,2024,12,2922345.07,0.0,False,080-0120,"Science, National Aeronautics and Space Administration",Lockheed Martin Corp,6e7a895c-aa57-8600-2a8a-4e237f6213f6-C,"Risk reduction and phase b effort in support of the Mars atmospheric and volatile evoluation (MAVEN) project.  The contractor shall provide the resources necessary to support the MAVEN project to define and complete the definition of the preliminary design, and the plans for development, manufacture, test, verification and operation of a flight system, which consists of the integrated spacecraft and science payloads in accordance with the statement of work.",https://www.usaspending.gov/award/CONT_AWD_NNG09EK34C_8000_-NONE-_-NONE-/
NNG09EK34C,2024,12,3604301.96,0.0,False,080-0120,"Science, National Aeronautics and Space Administration",Lockheed Martin Corp,6e7a895c-aa57-8600-2a8a-4e237f6213f6-C,"Risk reduction and phase b effort in support of the Mars atmospheric and volatile evoluation (MAVEN) project.  The contractor shall provide the resources necessary to support the MAVEN project to define and complete the definition of the preliminary design, and the plans for development, manufacture, test, verification and operation of a flight system, which consists of the integrated spacecraft and science payloads in accordance with the statement of work.",https://www.usaspending.gov/award/CONT_AWD_NNG09EK34C_8000_-NONE-_-NONE-/
NNG09EK34C,2024,11,0.0,3956.72,False,080-0120,"Science, National Aeronautics and Space Administration",Lockheed Martin Corp,6e7a895c-aa57-8600-2a8a-4e237f6213f6-C,"Risk reduction and phase b effort in support of the Mars atmospheric and volatile evoluation (MAVEN) project.  The contractor shall provide the resources necessary to support the MAVEN project to define and complete the definition of the preliminary design, and the plans for development, manufacture, test, verification and operation of a flight system, which consists of the integrated spacecraft and science payloads in accordance with the statement of work.",https://www.usaspending.gov/award/CONT_AWD_NNG09EK34C_8000_-NONE-_-NONE-/
NNG09EK34C,2024,11,1955754.71,0.0,False,080-0120,"Science, National Aeronautics and Space Administration",Lockheed Martin Corp,6e7a895c-aa57-8600-2a8a-4e237f6213f6-C,"Risk reduction and phase b effort in support of the Mars atmospheric and volatile evoluation (MAVEN) project.  The contractor shall provide the resources necessary to support the MAVEN project to define and complete the definition of the preliminary design, and the plans for development, manufacture, test, verification and operation of a flight system, which consists of the integrated spacecraft and science payloads in accordance with the statement of work.",https://www.usaspending.gov/award/CONT_AWD_NNG09EK34C_8000_-NONE-_-NONE-/
NNG09EK34C,2024,11,3600345.24,0.0,False,080-0120,"Science, National Aeronautics and Space Administration",Lockheed Martin Corp,6e7a895c-aa57-8600-2a8a-4e237f6213f6-C,"Risk reduction and phase b effort in support of the Mars atmospheric and volatile evoluation (MAVEN) project.  The contractor shall provide the resources necessary to support the MAVEN project to define and complete the definition of the preliminary design, and the plans for development, manufacture, test, verification and operation of a flight system, which consists of the integrated spacecraft and science payloads in accordance with the statement of work.",https://www.usaspending.gov/award/CONT_AWD_NNG09EK34C_8000_-NONE-_-NONE-/
NNG09EK34C,2024,10,3600345.24,0.0,False,080-0120,"Science, National Aeronautics and Space Administration",Lockheed Martin Corp,6e7a895c-aa57-8600-2a8a-4e237f6213f6-C,"Risk reduction and phase b effort in support of the Mars atmospheric and volatile evoluation (MAVEN) project.  The contractor shall provide the resources necessary to support the MAVEN project to define and complete the definition of the preliminary design, and the plans for development, manufacture, test, verification and operation of a flight system, which consists of the integrated spacecraft and science payloads in accordance with the statement of work.",https://www.usaspending.gov/award/CONT_AWD_NNG09EK34C_8000_-NONE-_-NONE-/
NNG09EK34C,2024,10,1465568.83,0.0,False,080-0120,"Science, National Aeronautics and Space Administration",Lockheed Martin Corp,6e7a895c-aa57-8600-2a8a-4e237f6213f6-C,"Risk reduction and phase b effort in support of the Mars atmospheric and volatile evoluation (MAVEN) project.  The contractor shall provide the resources necessary to support the MAVEN project to define and complete the definition of the preliminary design, and the plans for development, manufacture, test, verification and operation of a flight system, which consists of the integrated spacecraft and science payloads in accordance with the statement of work.",https://www.usaspending.gov/award/CONT_AWD_NNG09EK34C_8000_-NONE-_-NONE-/
NNG09EK34C,2024,9,3600345.24,0.0,False,080-0120,"Science, National Aeronautics and Space Administration",Lockheed Martin Corp,6e7a895c-aa57-8600-2a8a-4e237f6213f6-C,"Risk reduction and phase b effort in support of the Mars atmospheric and volatile evoluation (MAVEN) project.  The contractor shall provide the resources necessary to support the MAVEN project to define and complete the definition of the preliminary design, and the plans for development, manufacture, test, verification and operation of a flight system, which consists of the integrated spacecraft and science payloads in accordance with the statement of work.",https://www.usaspending.gov/award/CONT_AWD_NNG09EK34C_8000_-NONE-_-NONE-/
NNG09EK34C,2024,9,926673.55,0.0,False,080-0120,"Science, National Aeronautics and Space Administration",Lockheed Martin Corp,6e7a895c-aa57-8600-2a8a-4e237f6213f6-C,"Risk reduction and phase b effort in support of the Mars atmospheric and volatile evoluation (MAVEN) project.  The contractor shall provide the resources necessary to support the MAVEN project to define and complete the definition of the preliminary design, and the plans for development, manufacture, test, verification and operation of a flight system, which consists of the integrated spacecraft and science payloads in accordance with the statement of work.",https://www.usaspending.gov/award/CONT_AWD_NNG09EK34C_8000_-NONE-_-NONE-/
NNG09EK34C,2024,8,0.0,3373986.00,False,080-0120,"Science, National Aeronautics and Space Administration",Lockheed Martin Corp,6e7a895c-aa57-8600-2a8a-4e237f6213f6-C,"Risk reduction and phase b effort in support of the Mars atmospheric and volatile evoluation (MAVEN) project.  The contractor shall provide the resources necessary to support the MAVEN project to define and complete the definition of the preliminary design, and the plans for development, manufacture, test, verification and operation of a flight system, which consists of the integrated spacecraft and science payloads in accordance with the statement of work.",https://www.usaspending.gov/award/CONT_AWD_NNG09EK34C_8000_-NONE-_-NONE-/
NNG09EK34C,2024,8,3600345.24,0.0,False,080-0120,"Science, National Aeronautics and Space Administration",Lockheed Martin Corp,6e7a895c-aa57-8600-2a8a-4e237f6213f6-C,"Risk reduction and phase b effort in support of the Mars atmospheric and volatile evoluation (MAVEN) project.  The contractor shall provide the resources necessary to support the MAVEN project to define and complete the definition of the preliminary design, and the plans for development, manufacture, test, verification and operation of a flight system, which consists of the integrated spacecraft and science payloads in accordance with the statement of work.",https://www.usaspending.gov/award/CONT_AWD_NNG09EK34C_8000_-NONE-_-NONE-/
NNG09EK34C,2024,8,926673.55,0.0,False,080-0120,"Science, National Aeronautics and Space Administration",Lockheed Martin Corp,6e7a895c-aa57-8600-2a8a-4e237f6213f6-C,"Risk reduction and phase b effort in support of the Mars atmospheric and volatile evoluation (MAVEN) project.  The contractor shall provide the resources necessary to support the MAVEN project to define and complete the definition of the preliminary design, and the plans for development, manufacture, test, verification and operation of a flight system, which consists of the integrated spacecraft and science payloads in accordance with the statement of work.",https://www.usaspending.gov/award/CONT_AWD_NNG09EK34C_8000_-NONE-_-NONE-/
NNG09EK34C,2024,7,3600345.24,0.0,False,080-0120,"Science, National Aeronautics and Space Administration",Lockheed Martin Corp,6e7a895c-aa57-8600-2a8a-4e237f6213f6-C,"Risk reduction and phase b effort in support of the Mars atmospheric and volatile evoluation (MAVEN) project.  The contractor shall provide the resources necessary to support the MAVEN project to define and complete the definition of the preliminary design, and the plans for development, manufacture, test, verification and operation of a flight system, which consists of the integrated spacecraft and science payloads in accordance with the statement of work.",https://www.usaspending.gov/award/CONT_AWD_NNG09EK34C_8000_-NONE-_-NONE-/
NNG09EK34C,2024,7,173011.57,0.0,False,080-0120,"Science, National Aeronautics and Space Administration",Lockheed Martin Corp,6e7a895c-aa57-8600-2a8a-4e237f6213f6-C,"Risk reduction and phase b effort in support of the Mars atmospheric and volatile evoluation (MAVEN) project.  The contractor shall provide the resources necessary to support the MAVEN project to define and complete the definition of the preliminary design, and the plans for development, manufacture, test, verification and operation of a flight system, which consists of the integrated spacecraft and science payloads in accordance with the statement of work.",https://www.usaspending.gov/award/CONT_AWD_NNG09EK34C_8000_-NONE-_-NONE-/
NNG09EK34C,2024,6,2893173.40,0.0,False,080-0120,"Science, National Aeronautics and Space Administration",Lockheed Martin Corp,6e7a895c-aa57-8600-2a8a-4e237f6213f6-C,"Risk reduction and phase b effort in support of the Mars atmospheric and volatile evoluation (MAVEN) project.  The contractor shall provide the resources necessary to support the MAVEN project to define and complete the definition of the preliminary design, and the plans for development, manufacture, test, verification and operation of a flight system, which consists of the integrated spacecraft and science payloads in accordance with the statement of work.",https://www.usaspending.gov/award/CONT_AWD_NNG09EK34C_8000_-NONE-_-NONE-/
NNG09EK34C,2024,5,2618015.44,0.0,False,080-0120,"Science, National Aeronautics and Space Administration",Lockheed Martin Corp,6e7a895c-aa57-8600-2a8a-4e237f6213f6-C,"Risk reduction and phase b effort in support of the Mars atmospheric and volatile evoluation (MAVEN) project.  The contractor shall provide the resources necessary to support the MAVEN project to define and complete the definition of the preliminary design, and the plans for development, manufacture, test, verification and operation of a flight system, which consists of the integrated spacecraft and science payloads in accordance with the statement of work.",https://www.usaspending.gov/award/CONT_AWD_NNG09EK34C_8000_-NONE-_-NONE-/
NNG09EK34C,2024,4,1638057.56,0.0,False,080-0120,"Science, National Aeronautics and Space Administration",Lockheed Martin Corp,6e7a895c-aa57-8600-2a8a-4e237f6213f6-C,"Risk reduction and phase b effort in support of the Mars atmospheric and volatile evoluation (MAVEN) project.  The contractor shall provide the resources necessary to support the MAVEN project to define and complete the definition of the preliminary design, and the plans for development, manufacture, test, verification and operation of a flight system, which consists of the integrated spacecraft and science payloads in accordance with the statement of work.",https://www.usaspending.gov/award/CONT_AWD_NNG09EK34C_8000_-NONE-_-NONE-/
NNG09EK34C,2024,4,0.0,2000000.00,False,080-0120,"Science, National Aeronautics and Space Administration",Lockheed Martin Corp,6e7a895c-aa57-8600-2a8a-4e237f6213f6-C,"Risk reduction and phase b effort in support of the Mars atmospheric and volatile evoluation (MAVEN) project.  The contractor shall provide the resources necessary to support the MAVEN project to define and complete the definition of the preliminary design, and the plans for development, manufacture, test, verification and operation of a flight system, which consists of the integrated spacecraft and science payloads in accordance with the statement of work.",https://www.usaspending.gov/award/CONT_AWD_NNG09EK34C_8000_-NONE-_-NONE-/
NNG09EK34C,2024,3,1270047.11,0.0,False,080-0120,"Science, National Aeronautics and Space Administration",Lockheed Martin Corp,6e7a895c-aa57-8600-2a8a-4e237f6213f6-C,"Risk reduction and phase b effort in support of the Mars atmospheric and volatile evoluation (MAVEN) project.  The contractor shall provide the resources necessary to support the MAVEN project to define and complete the definition of the preliminary design, and the plans for development, manufacture, test, verification and operation of a flight system, which consists of the integrated spacecraft and science payloads in accordance with the statement of work.",https://www.usaspending.gov/award/CONT_AWD_NNG09EK34C_8000_-NONE-_-NONE-/
NNG09EK34C,2024,2,856313.83,0.0,False,080-0120,"Science, National Aeronautics and Space Administration",Lockheed Martin Corp,6e7a895c-aa57-8600-2a8a-4e237f6213f6-C,"Risk reduction and phase b effort in support of the Mars atmospheric and volatile evoluation (MAVEN) project.  The contractor shall provide the resources necessary to support the MAVEN project to define and complete the definition of the preliminary design, and the plans for development, manufacture, test, verification and operation of a flight system, which consists of the integrated spacecraft and science payloads in accordance with the statement of work.",https://www.usaspending.gov/award/CONT_AWD_NNG09EK34C_8000_-NONE-_-NONE-/
NNG09EK34C,2024,2,0.0,800000.00,False,080-0120,"Science, National Aeronautics and Space Administration",Lockheed Martin Corp,6e7a895c-aa57-8600-2a8a-4e237f6213f6-C,"Risk reduction and phase b effort in support of the Mars atmospheric and volatile evoluation (MAVEN) project.  The contractor shall provide the resources necessary to support the MAVEN project to define and complete the definition of the preliminary design, and the plans for development, manufacture, test, verification and operation of a flight system, which consists of the integrated spacecraft and science payloads in accordance with the statement of work.",https://www.usaspending.gov/award/CONT_AWD_NNG09EK34C_8000_-NONE-_-NONE-/
NNG09EK34C,2023,12,0.0,1183677.43,False,080-0120,"Science, National Aeronautics and Space Administration",Lockheed Martin Corp,6e7a895c-aa57-8600-2a8a-4e237f6213f6-C,"Risk reduction and phase b effort in support of the Mars atmospheric and volatile evoluation (MAVEN) project.  The contractor shall provide the resources necessary to support the MAVEN project to define and complete the definition of the preliminary design, and the plans for development, manufacture, test, verification and operation of a flight system, which consists of the integrated spacecraft and science payloads in accordance with the statement of work.",https://www.usaspending.gov/award/CONT_AWD_NNG09EK34C_8000_-NONE-_-NONE-/
NNG09EK34C,2023,12,2635702.32,0.0,False,080-0120,"Science, National Aeronautics and Space Administration",Lockheed Martin Corp,6e7a895c-aa57-8600-2a8a-4e237f6213f6-C,"Risk reduction and phase b effort in support of the Mars atmospheric and volatile evoluation (MAVEN) project.  The contractor shall provide the resources necessary to support the MAVEN project to define and complete the definition of the preliminary design, and the plans for development, manufacture, test, verification and operation of a flight system, which consists of the integrated spacecraft and science payloads in accordance with the statement of work.",https://www.usaspending.gov/award/CONT_AWD_NNG09EK34C_8000_-NONE-_-NONE-/
NNG09EK34C,2023,12,3977343.52,0.0,False,080-0120,"Science, National Aeronautics and Space Administration",Lockheed Martin Corp,6e7a895c-aa57-8600-2a8a-4e237f6213f6-C,"Risk reduction and phase b effort in support of the Mars atmospheric and volatile evoluation (MAVEN) project.  The contractor shall provide the resources necessary to support the MAVEN project to define and complete the definition of the preliminary design, and the plans for development, manufacture, test, verification and operation of a flight system, which consists of the integrated spacecraft and science payloads in accordance with the statement of work.",https://www.usaspending.gov/award/CONT_AWD_NNG09EK34C_8000_-NONE-_-NONE-/
NNG09EK34C,2023,11,2635702.32,0.0,False,080-0120,"Science, National Aeronautics and Space Administration",Lockheed Martin Corp,6e7a895c-aa57-8600-2a8a-4e237f6213f6-C,"Risk reduction and phase b effort in support of the Mars atmospheric and volatile evoluation (MAVEN) project.  The contractor shall provide the resources necessary to support the MAVEN project to define and complete the definition of the preliminary design, and the plans for development, manufacture, test, verification and operation of a flight system, which consists of the integrated spacecraft and science payloads in accordance with the statement of work.",https://www.usaspending.gov/award/CONT_AWD_NNG09EK34C_8000_-NONE-_-NONE-/
NNG09EK34C,2023,11,3561263.30,0.0,False,080-0120,"Science, National Aeronautics and Space Administration",Lockheed Martin Corp,6e7a895c-aa57-8600-2a8a-4e237f6213f6-C,"Risk reduction and phase b effort in support of the Mars atmospheric and volatile evoluation (MAVEN) project.  The contractor shall provide the resources necessary to support the MAVEN project to define and complete the definition of the preliminary design, and the plans for development, manufacture, test, verification and operation of a flight system, which consists of the integrated spacecraft and science payloads in accordance with the statement of work.",https://www.usaspending.gov/award/CONT_AWD_NNG09EK34C_8000_-NONE-_-NONE-/
NNG09EK34C,2023,10,2635702.32,0.0,False,080-0120,"Science, National Aeronautics and Space Administration",Lockheed Martin Corp,6e7a895c-aa57-8600-2a8a-4e237f6213f6-C,"Risk reduction and phase b effort in support of the Mars atmospheric and volatile evoluation (MAVEN) project.  The contractor shall provide the resources necessary to support the MAVEN project to define and complete the definition of the preliminary design, and the plans for development, manufacture, test, verification and operation of a flight system, which consists of the integrated spacecraft and science payloads in accordance with the statement of work.",https://www.usaspending.gov/award/CONT_AWD_NNG09EK34C_8000_-NONE-_-NONE-/
NNG09EK34C,2023,10,2916004.80,0.0,False,080-0120,"Science, National Aeronautics and Space Administration",Lockheed Martin Corp,6e7a895c-aa57-8600-2a8a-4e237f6213f6-C,"Risk reduction and phase b effort in support of the Mars atmospheric and volatile evoluation (MAVEN) project.  The contractor shall provide the resources necessary to support the MAVEN project to define and complete the definition of the preliminary design, and the plans for development, manufacture, test, verification and operation of a flight system, which consists of the integrated spacecraft and science payloads in accordance with the statement of work.",https://www.usaspending.gov/award/CONT_AWD_NNG09EK34C_8000_-NONE-_-NONE-/
NNG09EK34C,2023,9,2635702.32,0.0,False,080-0120,"Science, National Aeronautics and Space Administration",Lockheed Martin Corp,6e7a895c-aa57-8600-2a8a-4e237f6213f6-C,"Risk reduction and phase b effort in support of the Mars atmospheric and volatile evoluation (MAVEN) project.  The contractor shall provide the resources necessary to support the MAVEN project to define and complete the definition of the preliminary design, and the plans for development, manufacture, test, verification and operation of a flight system, which consists of the integrated spacecraft and science payloads in accordance with the statement of work.",https://www.usaspending.gov/award/CONT_AWD_NNG09EK34C_8000_-NONE-_-NONE-/
NNG09EK34C,2023,9,2193746.95,0.0,False,080-0120,"Science, National Aeronautics and Space Administration",Lockheed Martin Corp,6e7a895c-aa57-8600-2a8a-4e237f6213f6-C,"Risk reduction and phase b effort in support of the Mars atmospheric and volatile evoluation (MAVEN) project.  The contractor shall provide the resources necessary to support the MAVEN project to define and complete the definition of the preliminary design, and the plans for development, manufacture, test, verification and operation of a flight system, which consists of the integrated spacecraft and science payloads in accordance with the statement of work.",https://www.usaspending.gov/award/CONT_AWD_NNG09EK34C_8000_-NONE-_-NONE-/
NNG09EK34C,2023,8,0.0,1500000.00,False,080-0120,"Science, National Aeronautics and Space Administration",Lockheed Martin Corp,6e7a895c-aa57-8600-2a8a-4e237f6213f6-C,"Risk reduction and phase b effort in support of the Mars atmospheric and volatile evoluation (MAVEN) project.  The contractor shall provide the resources necessary to support the MAVEN project to define and complete the definition of the preliminary design, and the plans for development, manufacture, test, verification and operation of a flight system, which consists of the integrated spacecraft and science payloads in accordance with the statement of work.",https://www.usaspending.gov/award/CONT_AWD_NNG09EK34C_8000_-NONE-_-NONE-/
NNG09EK34C,2023,8,2635702.32,0.0,False,080-0120,"Science, National Aeronautics and Space Administration",Lockheed Martin Corp,6e7a895c-aa57-8600-2a8a-4e237f6213f6-C,"Risk reduction and phase b effort in support of the Mars atmospheric and volatile evoluation (MAVEN) project.  The contractor shall provide the resources necessary to support the MAVEN project to define and complete the definition of the preliminary design, and the plans for development, manufacture, test, verification and operation of a flight system, which consists of the integrated spacecraft and science payloads in accordance with the statement of work.",https://www.usaspending.gov/award/CONT_AWD_NNG09EK34C_8000_-NONE-_-NONE-/
NNG09EK34C,2023,8,1787095.51,0.0,False,080-0120,"Science, National Aeronautics and Space Administration",Lockheed Martin Corp,6e7a895c-aa57-8600-2a8a-4e237f6213f6-C,"Risk reduction and phase b effort in support of the Mars atmospheric and volatile evoluation (MAVEN) project.  The contractor shall provide the resources necessary to support the MAVEN project to define and complete the definition of the preliminary design, and the plans for development, manufacture, test, verification and operation of a flight system, which consists of the integrated spacecraft and science payloads in accordance with the statement of work.",https://www.usaspending.gov/award/CONT_AWD_NNG09EK34C_8000_-NONE-_-NONE-/
NNG09EK34C,2023,7,2635702.32,0.0,False,080-0120,"Science, National Aeronautics and Space Administration",Lockheed Martin Corp,6e7a895c-aa57-8600-2a8a-4e237f6213f6-C,"Risk reduction and phase b effort in support of the Mars atmospheric and volatile evoluation (MAVEN) project.  The contractor shall provide the resources necessary to support the MAVEN project to define and complete the definition of the preliminary design, and the plans for development, manufacture, test, verification and operation of a flight system, which consists of the integrated spacecraft and science payloads in accordance with the statement of work.",https://www.usaspending.gov/award/CONT_AWD_NNG09EK34C_8000_-NONE-_-NONE-/
NNG09EK34C,2023,7,1127747.14,0.0,False,080-0120,"Science, National Aeronautics and Space Administration",Lockheed Martin Corp,6e7a895c-aa57-8600-2a8a-4e237f6213f6-C,"Risk reduction and phase b effort in support of the Mars atmospheric and volatile evoluation (MAVEN) project.  The contractor shall provide the resources necessary to support the MAVEN project to define and complete the definition of the preliminary design, and the plans for development, manufacture, test, verification and operation of a flight system, which consists of the integrated spacecraft and science payloads in accordance with the statement of work.",https://www.usaspending.gov/award/CONT_AWD_NNG09EK34C_8000_-NONE-_-NONE-/
NNG09EK34C,2023,6,2635702.32,0.0,False,080-0120,"Science, National Aeronautics and Space Administration",Lockheed Martin Corp,6e7a895c-aa57-8600-2a8a-4e237f6213f6-C,"Risk reduction and phase b effort in support of the Mars atmospheric and volatile evoluation (MAVEN) project.  The contractor shall provide the resources necessary to support the MAVEN project to define and complete the definition of the preliminary design, and the plans for development, manufacture, test, verification and operation of a flight system, which consists of the integrated spacecraft and science payloads in accordance with the statement of work.",https://www.usaspending.gov/award/CONT_AWD_NNG09EK34C_8000_-NONE-_-NONE-/
NNG09EK34C,2023,6,433834.09,0.0,False,080-0120,"Science, National Aeronautics and Space Administration",Lockheed Martin Corp,6e7a895c-aa57-8600-2a8a-4e237f6213f6-C,"Risk reduction and phase b effort in support of the Mars atmospheric and volatile evoluation (MAVEN) project.  The contractor shall provide the resources necessary to support the MAVEN project to define and complete the definition of the preliminary design, and the plans for development, manufacture, test, verification and operation of a flight system, which consists of the integrated spacecraft and science payloads in accordance with the statement of work.",https://www.usaspending.gov/award/CONT_AWD_NNG09EK34C_8000_-NONE-_-NONE-/
NNG09EK34C,2023,5,161230.93,0.0,False,080-0120,"Science, National Aeronautics and Space Administration",Lockheed Martin Corp,6e7a895c-aa57-8600-2a8a-4e237f6213f6-C,"Risk reduction and phase b effort in support of the Mars atmospheric and volatile evoluation (MAVEN) project.  The contractor shall provide the resources necessary to support the MAVEN project to define and complete the definition of the preliminary design, and the plans for development, manufacture, test, verification and operation of a flight system, which consists of the integrated spacecraft and science payloads in accordance with the statement of work.",https://www.usaspending.gov/award/CONT_AWD_NNG09EK34C_8000_-NONE-_-NONE-/
NNG09EK34C,2023,5,2635702.32,0.0,False,080-0120,"Science, National Aeronautics and Space Administration",Lockheed Martin Corp,6e7a895c-aa57-8600-2a8a-4e237f6213f6-C,"Risk reduction and phase b effort in support of the Mars atmospheric and volatile evoluation (MAVEN) project.  The contractor shall provide the resources necessary to support the MAVEN project to define and complete the definition of the preliminary design, and the plans for development, manufacture, test, verification and operation of a flight system, which consists of the integrated spacecraft and science payloads in accordance with the statement of work.",https://www.usaspending.gov/award/CONT_AWD_NNG09EK34C_8000_-NONE-_-NONE-/
NNG09EK34C,2023,5,0.0,1594011.33,False,080-0120,"Science, National Aeronautics and Space Administration",Lockheed Martin Corp,6e7a895c-aa57-8600-2a8a-4e237f6213f6-C,"Risk reduction and phase b effort in support of the Mars atmospheric and volatile evoluation (MAVEN) project.  The contractor shall provide the resources necessary to support the MAVEN project to define and complete the definition of the preliminary design, and the plans for development, manufacture, test, verification and operation of a flight system, which consists of the integrated spacecraft and science payloads in accordance with the statement of work.",https://www.usaspending.gov/award/CONT_AWD_NNG09EK34C_8000_-NONE-_-NONE-/
NNG09EK34C,2023,4,2395171.17,0.0,False,080-0120,"Science, National Aeronautics and Space Administration",Lockheed Martin Corp,6e7a895c-aa57-8600-2a8a-4e237f6213f6-C,"Risk reduction and phase b effort in support of the Mars atmospheric and volatile evoluation (MAVEN) project.  The contractor shall provide the resources necessary to support the MAVEN project to define and complete the definition of the preliminary design, and the plans for development, manufacture, test, verification and operation of a flight system, which consists of the integrated spacecraft and science payloads in accordance with the statement of work.",https://www.usaspending.gov/award/CONT_AWD_NNG09EK34C_8000_-NONE-_-NONE-/
NNG09EK34C,2023,3,1830751.84,0.0,False,080-0120,"Science, National Aeronautics and Space Administration",Lockheed Martin Corp,6e7a895c-aa57-8600-2a8a-4e237f6213f6-C,"Risk reduction and phase b effort in support of the Mars atmospheric and volatile evoluation (MAVEN) project.  The contractor shall provide the resources necessary to support the MAVEN project to define and complete the definition of the preliminary design, and the plans for development, manufacture, test, verification and operation of a flight system, which consists of the integrated spacecraft and science payloads in accordance with the statement of work.",https://www.usaspending.gov/award/CONT_AWD_NNG09EK34C_8000_-NONE-_-NONE-/
NNG09EK34C,2023,3,0.0,1300000.00,False,080-0120,"Science, National Aeronautics and Space Administration",Lockheed Martin Corp,6e7a895c-aa57-8600-2a8a-4e237f6213f6-C,"Risk reduction and phase b effort in support of the Mars atmospheric and volatile evoluation (MAVEN) project.  The contractor shall provide the resources necessary to support the MAVEN project to define and complete the definition of the preliminary design, and the plans for development, manufacture, test, verification and operation of a flight system, which consists of the integrated spacecraft and science payloads in accordance with the statement of work.",https://www.usaspending.gov/award/CONT_AWD_NNG09EK34C_8000_-NONE-_-NONE-/
NNG09EK34C,2023,2,0.0,2000000.00,False,080-0120,"Science, National Aeronautics and Space Administration",Lockheed Martin Corp,6e7a895c-aa57-8600-2a8a-4e237f6213f6-C,"Risk reduction and phase b effort in support of the Mars atmospheric and volatile evoluation (MAVEN) project.  The contractor shall provide the resources necessary to support the MAVEN project to define and complete the definition of the preliminary design, and the plans for development, manufacture, test, verification and operation of a flight system, which consists of the integrated spacecraft and science payloads in accordance with the statement of work.",https://www.usaspending.gov/award/CONT_AWD_NNG09EK34C_8000_-NONE-_-NONE-/
NNG09EK34C,2023,2,1109449.28,0.0,False,080-0120,"Science, National Aeronautics and Space Administration",Lockheed Martin Corp,6e7a895c-aa57-8600-2a8a-4e237f6213f6-C,"Risk reduction and phase b effort in support of the Mars atmospheric and volatile evoluation (MAVEN) project.  The contractor shall provide the resources necessary to support the MAVEN project to define and complete the definition of the preliminary design, and the plans for development, manufacture, test, verification and operation of a flight system, which consists of the integrated spacecraft and science payloads in accordance with the statement of work.",https://www.usaspending.gov/award/CONT_AWD_NNG09EK34C_8000_-NONE-_-NONE-/
NNG09EK34C,2022,12,0.0,250000.00,False,080-0120,"Science, National Aeronautics and Space Administration",Lockheed Martin Corp,6e7a895c-aa57-8600-2a8a-4e237f6213f6-C,"Risk reduction and phase b effort in support of the Mars atmospheric and volatile evoluation (MAVEN) project.  The contractor shall provide the resources necessary to support the MAVEN project to define and complete the definition of the preliminary design, and the plans for development, manufacture, test, verification and operation of a flight system, which consists of the integrated spacecraft and science payloads in accordance with the statement of work.",https://www.usaspending.gov/award/CONT_AWD_NNG09EK34C_8000_-NONE-_-NONE-/
NNG09EK34C,2022,12,1980417.93,0.0,False,080-0120,"Science, National Aeronautics and Space Administration",Lockheed Martin Corp,6e7a895c-aa57-8600-2a8a-4e237f6213f6-C,"Risk reduction and phase b effort in support of the Mars atmospheric and volatile evoluation (MAVEN) project.  The contractor shall provide the resources necessary to support the MAVEN project to define and complete the definition of the preliminary design, and the plans for development, manufacture, test, verification and operation of a flight system, which consists of the integrated spacecraft and science payloads in accordance with the statement of work.",https://www.usaspending.gov/award/CONT_AWD_NNG09EK34C_8000_-NONE-_-NONE-/
NNG09EK34C,2022,12,5379418.68,0.0,False,080-0120,"Science, National Aeronautics and Space Administration",Lockheed Martin Corp,6e7a895c-aa57-8600-2a8a-4e237f6213f6-C,"Risk reduction and phase b effort in support of the Mars atmospheric and volatile evoluation (MAVEN) project.  The contractor shall provide the resources necessary to support the MAVEN project to define and complete the definition of the preliminary design, and the plans for development, manufacture, test, verification and operation of a flight system, which consists of the integrated spacecraft and science payloads in accordance with the statement of work.",https://www.usaspending.gov/award/CONT_AWD_NNG09EK34C_8000_-NONE-_-NONE-/
NNG09EK34C,2022,11,1980417.93,0.0,False,080-0120,"Science, National Aeronautics and Space Administration",Lockheed Martin Corp,6e7a895c-aa57-8600-2a8a-4e237f6213f6-C,"Risk reduction and phase b effort in support of the Mars atmospheric and volatile evoluation (MAVEN) project.  The contractor shall provide the resources necessary to support the MAVEN project to define and complete the definition of the preliminary design, and the plans for development, manufacture, test, verification and operation of a flight system, which consists of the integrated spacecraft and science payloads in accordance with the statement of work.",https://www.usaspending.gov/award/CONT_AWD_NNG09EK34C_8000_-NONE-_-NONE-/
NNG09EK34C,2022,11,4795178.92,0.0,False,080-0120,"Science, National Aeronautics and Space Administration",Lockheed Martin Corp,6e7a895c-aa57-8600-2a8a-4e237f6213f6-C,"Risk reduction and phase b effort in support of the Mars atmospheric and volatile evoluation (MAVEN) project.  The contractor shall provide the resources necessary to support the MAVEN project to define and complete the definition of the preliminary design, and the plans for development, manufacture, test, verification and operation of a flight system, which consists of the integrated spacecraft and science payloads in accordance with the statement of work.",https://www.usaspending.gov/award/CONT_AWD_NNG09EK34C_8000_-NONE-_-NONE-/
NNG09EK34C,2022,10,1980417.93,0.0,False,080-0120,"Science, National Aeronautics and Space Administration",Lockheed Martin Corp,6e7a895c-aa57-8600-2a8a-4e237f6213f6-C,"Risk reduction and phase b effort in support of the Mars atmospheric and volatile evoluation (MAVEN) project.  The contractor shall provide the resources necessary to support the MAVEN project to define and complete the definition of the preliminary design, and the plans for development, manufacture, test, verification and operation of a flight system, which consists of the integrated spacecraft and science payloads in accordance with the statement of work.",https://www.usaspending.gov/award/CONT_AWD_NNG09EK34C_8000_-NONE-_-NONE-/
NNG09EK34C,2022,10,4315959.81,0.0,False,080-0120,"Science, National Aeronautics and Space Administration",Lockheed Martin Corp,6e7a895c-aa57-8600-2a8a-4e237f6213f6-C,"Risk reduction and phase b effort in support of the Mars atmospheric and volatile evoluation (MAVEN) project.  The contractor shall provide the resources necessary to support the MAVEN project to define and complete the definition of the preliminary design, and the plans for development, manufacture, test, verification and operation of a flight system, which consists of the integrated spacecraft and science payloads in accordance with the statement of work.",https://www.usaspending.gov/award/CONT_AWD_NNG09EK34C_8000_-NONE-_-NONE-/
NNG09EK34C,2022,9,1980417.93,0.0,False,080-0120,"Science, National Aeronautics and Space Administration",Lockheed Martin Corp,6e7a895c-aa57-8600-2a8a-4e237f6213f6-C,"Risk reduction and phase b effort in support of the Mars atmospheric and volatile evoluation (MAVEN) project.  The contractor shall provide the resources necessary to support the MAVEN project to define and complete the definition of the preliminary design, and the plans for development, manufacture, test, verification and operation of a flight system, which consists of the integrated spacecraft and science payloads in accordance with the statement of work.",https://www.usaspending.gov/award/CONT_AWD_NNG09EK34C_8000_-NONE-_-NONE-/
NNG09EK34C,2022,9,3511400.69,0.0,False,080-0120,"Science, National Aeronautics and Space Administration",Lockheed Martin Corp,6e7a895c-aa57-8600-2a8a-4e237f6213f6-C,"Risk reduction and phase b effort in support of the Mars atmospheric and volatile evoluation (MAVEN) project.  The contractor shall provide the resources necessary to support the MAVEN project to define and complete the definition of the preliminary design, and the plans for development, manufacture, test, verification and operation of a flight system, which consists of the integrated spacecraft and science payloads in accordance with the statement of work.",https://www.usaspending.gov/award/CONT_AWD_NNG09EK34C_8000_-NONE-_-NONE-/
NNG09EK34C,2022,8,2437230.66,0.0,False,080-0120,"Science, National Aeronautics and Space Administration",Lockheed Martin Corp,6e7a895c-aa57-8600-2a8a-4e237f6213f6-C,"Risk reduction and phase b effort in support of the Mars atmospheric and volatile evoluation (MAVEN) project.  The contractor shall provide the resources necessary to support the MAVEN project to define and complete the definition of the preliminary design, and the plans for development, manufacture, test, verification and operation of a flight system, which consists of the integrated spacecraft and science payloads in accordance with the statement of work.",https://www.usaspending.gov/award/CONT_AWD_NNG09EK34C_8000_-NONE-_-NONE-/
NNG09EK34C,2022,8,1980417.93,0.0,False,080-0120,"Science, National Aeronautics and Space Administration",Lockheed Martin Corp,6e7a895c-aa57-8600-2a8a-4e237f6213f6-C,"Risk reduction and phase b effort in support of the Mars atmospheric and volatile evoluation (MAVEN) project.  The contractor shall provide the resources necessary to support the MAVEN project to define and complete the definition of the preliminary design, and the plans for development, manufacture, test, verification and operation of a flight system, which consists of the integrated spacecraft and science payloads in accordance with the statement of work.",https://www.usaspending.gov/award/CONT_AWD_NNG09EK34C_8000_-NONE-_-NONE-/
NNG09EK34C,2022,8,0.0,465121.00,False,080-0120,"Science, National Aeronautics and Space Administration",Lockheed Martin Corp,6e7a895c-aa57-8600-2a8a-4e237f6213f6-C,"Risk reduction and phase b effort in support of the Mars atmospheric and volatile evoluation (MAVEN) project.  The contractor shall provide the resources necessary to support the MAVEN project to define and complete the definition of the preliminary design, and the plans for development, manufacture, test, verification and operation of a flight system, which consists of the integrated spacecraft and science payloads in accordance with the statement of work.",https://www.usaspending.gov/award/CONT_AWD_NNG09EK34C_8000_-NONE-_-NONE-/
NNG09EK34C,2022,7,0.0,2200000.00,False,080-0120,"Science, National Aeronautics and Space Administration",Lockheed Martin Corp,6e7a895c-aa57-8600-2a8a-4e237f6213f6-C,"Risk reduction and phase b effort in support of the Mars atmospheric and volatile evoluation (MAVEN) project.  The contractor shall provide the resources necessary to support the MAVEN project to define and complete the definition of the preliminary design, and the plans for development, manufacture, test, verification and operation of a flight system, which consists of the integrated spacecraft and science payloads in accordance with the statement of work.",https://www.usaspending.gov/award/CONT_AWD_NNG09EK34C_8000_-NONE-_-NONE-/
NNG09EK34C,2022,7,1980417.93,0.0,False,080-0120,"Science, National Aeronautics and Space Administration",Lockheed Martin Corp,6e7a895c-aa57-8600-2a8a-4e237f6213f6-C,"Risk reduction and phase b effort in support of the Mars atmospheric and volatile evoluation (MAVEN) project.  The contractor shall provide the resources necessary to support the MAVEN project to define and complete the definition of the preliminary design, and the plans for development, manufacture, test, verification and operation of a flight system, which consists of the integrated spacecraft and science payloads in accordance with the statement of work.",https://www.usaspending.gov/award/CONT_AWD_NNG09EK34C_8000_-NONE-_-NONE-/
NNG09EK34C,2022,7,2178003.28,0.0,False,080-0120,"Science, National Aeronautics and Space Administration",Lockheed Martin Corp,6e7a895c-aa57-8600-2a8a-4e237f6213f6-C,"Risk reduction and phase b effort in support of the Mars atmospheric and volatile evoluation (MAVEN) project.  The contractor shall provide the resources necessary to support the MAVEN project to define and complete the definition of the preliminary design, and the plans for development, manufacture, test, verification and operation of a flight system, which consists of the integrated spacecraft and science payloads in accordance with the statement of work.",https://www.usaspending.gov/award/CONT_AWD_NNG09EK34C_8000_-NONE-_-NONE-/
NNG09EK34C,2022,6,1608064.57,0.0,False,080-0120,"Science, National Aeronautics and Space Administration",Lockheed Martin Corp,6e7a895c-aa57-8600-2a8a-4e237f6213f6-C,"Risk reduction and phase b effort in support of the Mars atmospheric and volatile evoluation (MAVEN) project.  The contractor shall provide the resources necessary to support the MAVEN project to define and complete the definition of the preliminary design, and the plans for development, manufacture, test, verification and operation of a flight system, which consists of the integrated spacecraft and science payloads in accordance with the statement of work.",https://www.usaspending.gov/award/CONT_AWD_NNG09EK34C_8000_-NONE-_-NONE-/
NNG09EK34C,2022,6,1980417.93,0.0,False,080-0120,"Science, National Aeronautics and Space Administration",Lockheed Martin Corp,6e7a895c-aa57-8600-2a8a-4e237f6213f6-C,"Risk reduction and phase b effort in support of the Mars atmospheric and volatile evoluation (MAVEN) project.  The contractor shall provide the resources necessary to support the MAVEN project to define and complete the definition of the preliminary design, and the plans for development, manufacture, test, verification and operation of a flight system, which consists of the integrated spacecraft and science payloads in accordance with the statement of work.",https://www.usaspending.gov/award/CONT_AWD_NNG09EK34C_8000_-NONE-_-NONE-/
NNG09EK34C,2022,5,305515.92,0.0,False,080-0120,"Science, National Aeronautics and Space Administration",Lockheed Martin Corp,6e7a895c-aa57-8600-2a8a-4e237f6213f6-C,"Risk reduction and phase b effort in support of the Mars atmospheric and volatile evoluation (MAVEN) project.  The contractor shall provide the resources necessary to support the MAVEN project to define and complete the definition of the preliminary design, and the plans for development, manufacture, test, verification and operation of a flight system, which consists of the integrated spacecraft and science payloads in accordance with the statement of work.",https://www.usaspending.gov/award/CONT_AWD_NNG09EK34C_8000_-NONE-_-NONE-/
NNG09EK34C,2022,5,1980417.93,0.0,False,080-0120,"Science, National Aeronautics and Space Administration",Lockheed Martin Corp,6e7a895c-aa57-8600-2a8a-4e237f6213f6-C,"Risk reduction and phase b effort in support of the Mars atmospheric and volatile evoluation (MAVEN) project.  The contractor shall provide the resources necessary to support the MAVEN project to define and complete the definition of the preliminary design, and the plans for development, manufacture, test, verification and operation of a flight system, which consists of the integrated spacecraft and science payloads in accordance with the statement of work.",https://www.usaspending.gov/award/CONT_AWD_NNG09EK34C_8000_-NONE-_-NONE-/
NNG09EK34C,2022,4,0.0,1500000.00,False,080-0120,"Science, National Aeronautics and Space Administration",Lockheed Martin Corp,6e7a895c-aa57-8600-2a8a-4e237f6213f6-C,"Risk reduction and phase b effort in support of the Mars atmospheric and volatile evoluation (MAVEN) project.  The contractor shall provide the resources necessary to support the MAVEN project to define and complete the definition of the preliminary design, and the plans for development, manufacture, test, verification and operation of a flight system, which consists of the integrated spacecraft and science payloads in accordance with the statement of work.",https://www.usaspending.gov/award/CONT_AWD_NNG09EK34C_8000_-NONE-_-NONE-/
NNG09EK34C,2022,4,305515.92,0.0,False,080-0120,"Science, National Aeronautics and Space Administration",Lockheed Martin Corp,6e7a895c-aa57-8600-2a8a-4e237f6213f6-C,"Risk reduction and phase b effort in support of the Mars atmospheric and volatile evoluation (MAVEN) project.  The contractor shall provide the resources necessary to support the MAVEN project to define and complete the definition of the preliminary design, and the plans for development, manufacture, test, verification and operation of a flight system, which consists of the integrated spacecraft and science payloads in accordance with the statement of work.",https://www.usaspending.gov/award/CONT_AWD_NNG09EK34C_8000_-NONE-_-NONE-/
NNG09EK34C,2022,4,1980417.93,0.0,False,080-0120,"Science, National Aeronautics and Space Administration",Lockheed Martin Corp,6e7a895c-aa57-8600-2a8a-4e237f6213f6-C,"Risk reduction and phase b effort in support of the Mars atmospheric and volatile evoluation (MAVEN) project.  The contractor shall provide the resources necessary to support the MAVEN project to define and complete the definition of the preliminary design, and the plans for development, manufacture, test, verification and operation of a flight system, which consists of the integrated spacecraft and science payloads in accordance with the statement of work.",https://www.usaspending.gov/award/CONT_AWD_NNG09EK34C_8000_-NONE-_-NONE-/
NNG09EK34C,2022,3,1511301.66,0.0,False,080-0120,"Science, National Aeronautics and Space Administration",Lockheed Martin Corp,6e7a895c-aa57-8600-2a8a-4e237f6213f6-C,"Risk reduction and phase b effort in support of the Mars atmospheric and volatile evoluation (MAVEN) project.  The contractor shall provide the resources necessary to support the MAVEN project to define and complete the definition of the preliminary design, and the plans for development, manufacture, test, verification and operation of a flight system, which consists of the integrated spacecraft and science payloads in accordance with the statement of work.",https://www.usaspending.gov/award/CONT_AWD_NNG09EK34C_8000_-NONE-_-NONE-/
NNG09EK34C,2022,3,0.0,1500000.00,False,080-0120,"Science, National Aeronautics and Space Administration",Lockheed Martin Corp,6e7a895c-aa57-8600-2a8a-4e237f6213f6-C,"Risk reduction and phase b effort in support of the Mars atmospheric and volatile evoluation (MAVEN) project.  The contractor shall provide the resources necessary to support the MAVEN project to define and complete the definition of the preliminary design, and the plans for development, manufacture, test, verification and operation of a flight system, which consists of the integrated spacecraft and science payloads in accordance with the statement of work.",https://www.usaspending.gov/award/CONT_AWD_NNG09EK34C_8000_-NONE-_-NONE-/
NNG09EK34C,2022,3,0.0,300000.00,False,080-0120,"Science, National Aeronautics and Space Administration",Lockheed Martin Corp,6e7a895c-aa57-8600-2a8a-4e237f6213f6-C,"Risk reduction and phase b effort in support of the Mars atmospheric and volatile evoluation (MAVEN) project.  The contractor shall provide the resources necessary to support the MAVEN project to define and complete the definition of the preliminary design, and the plans for development, manufacture, test, verification and operation of a flight system, which consists of the integrated spacecraft and science payloads in accordance with the statement of work.",https://www.usaspending.gov/award/CONT_AWD_NNG09EK34C_8000_-NONE-_-NONE-/
NNG09EK34C,2022,2,0.0,1800000.00,False,080-0120,"Science, National Aeronautics and Space Administration",Lockheed Martin Corp,6e7a895c-aa57-8600-2a8a-4e237f6213f6-C,"Risk reduction and phase b effort in support of the Mars atmospheric and volatile evoluation (MAVEN) project.  The contractor shall provide the resources necessary to support the MAVEN project to define and complete the definition of the preliminary design, and the plans for development, manufacture, test, verification and operation of a flight system, which consists of the integrated spacecraft and science payloads in accordance with the statement of work.",https://www.usaspending.gov/award/CONT_AWD_NNG09EK34C_8000_-NONE-_-NONE-/
NNG09EK34C,2022,2,1098536.48,0.0,False,080-0120,"Science, National Aeronautics and Space Administration",Lockheed Martin Corp,6e7a895c-aa57-8600-2a8a-4e237f6213f6-C,"Risk reduction and phase b effort in support of the Mars atmospheric and volatile evoluation (MAVEN) project.  The contractor shall provide the resources necessary to support the MAVEN project to define and complete the definition of the preliminary design, and the plans for development, manufacture, test, verification and operation of a flight system, which consists of the integrated spacecraft and science payloads in accordance with the statement of work.",https://www.usaspending.gov/award/CONT_AWD_NNG09EK34C_8000_-NONE-_-NONE-/
NNG09EK34C,2021,12,4422697.51,0.0,False,080-0120,"Science, National Aeronautics and Space Administration",Lockheed Martin Corp,6e7a895c-aa57-8600-2a8a-4e237f6213f6-C,"Risk reduction and phase b effort in support of the Mars atmospheric and volatile evoluation (MAVEN) project.  The contractor shall provide the resources necessary to support the MAVEN project to define and complete the definition of the preliminary design, and the plans for development, manufacture, test, verification and operation of a flight system, which consists of the integrated spacecraft and science payloads in accordance with the statement of work.",https://www.usaspending.gov/award/CONT_AWD_NNG09EK34C_8000_-NONE-_-NONE-/
NNG09EK34C,2021,12,0.0,347050.44,False,080-0120,"Science, National Aeronautics and Space Administration",Lockheed Martin Corp,6e7a895c-aa57-8600-2a8a-4e237f6213f6-C,"Risk reduction and phase b effort in support of the Mars atmospheric and volatile evoluation (MAVEN) project.  The contractor shall provide the resources necessary to support the MAVEN project to define and complete the definition of the preliminary design, and the plans for development, manufacture, test, verification and operation of a flight system, which consists of the integrated spacecraft and science payloads in accordance with the statement of work.",https://www.usaspending.gov/award/CONT_AWD_NNG09EK34C_8000_-NONE-_-NONE-/
NNG09EK34C,2021,12,2369056.13,0.0,False,080-0120,"Science, National Aeronautics and Space Administration",Lockheed Martin Corp,6e7a895c-aa57-8600-2a8a-4e237f6213f6-C,"Risk reduction and phase b effort in support of the Mars atmospheric and volatile evoluation (MAVEN) project.  The contractor shall provide the resources necessary to support the MAVEN project to define and complete the definition of the preliminary design, and the plans for development, manufacture, test, verification and operation of a flight system, which consists of the integrated spacecraft and science payloads in accordance with the statement of work.",https://www.usaspending.gov/award/CONT_AWD_NNG09EK34C_8000_-NONE-_-NONE-/
NNG09EK34C,2021,11,2369056.13,0.0,False,080-0120,"Science, National Aeronautics and Space Administration",Lockheed Martin Corp,6e7a895c-aa57-8600-2a8a-4e237f6213f6-C,"Risk reduction and phase b effort in support of the Mars atmospheric and volatile evoluation (MAVEN) project.  The contractor shall provide the resources necessary to support the MAVEN project to define and complete the definition of the preliminary design, and the plans for development, manufacture, test, verification and operation of a flight system, which consists of the integrated spacecraft and science payloads in accordance with the statement of work.",https://www.usaspending.gov/award/CONT_AWD_NNG09EK34C_8000_-NONE-_-NONE-/
NNG09EK34C,2021,11,3682651.44,0.0,False,080-0120,"Science, National Aeronautics and Space Administration",Lockheed Martin Corp,6e7a895c-aa57-8600-2a8a-4e237f6213f6-C,"Risk reduction and phase b effort in support of the Mars atmospheric and volatile evoluation (MAVEN) project.  The contractor shall provide the resources necessary to support the MAVEN project to define and complete the definition of the preliminary design, and the plans for development, manufacture, test, verification and operation of a flight system, which consists of the integrated spacecraft and science payloads in accordance with the statement of work.",https://www.usaspending.gov/award/CONT_AWD_NNG09EK34C_8000_-NONE-_-NONE-/
NNG09EK34C,2021,10,0.0,407465.00,False,080-0120,"Science, National Aeronautics and Space Administration",Lockheed Martin Corp,6e7a895c-aa57-8600-2a8a-4e237f6213f6-C,"Risk reduction and phase b effort in support of the Mars atmospheric and volatile evoluation (MAVEN) project.  The contractor shall provide the resources necessary to support the MAVEN project to define and complete the definition of the preliminary design, and the plans for development, manufacture, test, verification and operation of a flight system, which consists of the integrated spacecraft and science payloads in accordance with the statement of work.",https://www.usaspending.gov/award/CONT_AWD_NNG09EK34C_8000_-NONE-_-NONE-/
NNG09EK34C,2021,10,2934154.88,0.0,False,080-0120,"Science, National Aeronautics and Space Administration",Lockheed Martin Corp,6e7a895c-aa57-8600-2a8a-4e237f6213f6-C,"Risk reduction and phase b effort in support of the Mars atmospheric and volatile evoluation (MAVEN) project.  The contractor shall provide the resources necessary to support the MAVEN project to define and complete the definition of the preliminary design, and the plans for development, manufacture, test, verification and operation of a flight system, which consists of the integrated spacecraft and science payloads in accordance with the statement of work.",https://www.usaspending.gov/award/CONT_AWD_NNG09EK34C_8000_-NONE-_-NONE-/
NNG09EK34C,2021,10,2369056.13,0.0,False,080-0120,"Science, National Aeronautics and Space Administration",Lockheed Martin Corp,6e7a895c-aa57-8600-2a8a-4e237f6213f6-C,"Risk reduction and phase b effort in support of the Mars atmospheric and volatile evoluation (MAVEN) project.  The contractor shall provide the resources necessary to support the MAVEN project to define and complete the definition of the preliminary design, and the plans for development, manufacture, test, verification and operation of a flight system, which consists of the integrated spacecraft and science payloads in accordance with the statement of work.",https://www.usaspending.gov/award/CONT_AWD_NNG09EK34C_8000_-NONE-_-NONE-/
NNG09EK34C,2021,9,2068181.25,0.0,False,080-0120,"Science, National Aeronautics and Space Administration",Lockheed Martin Corp,6e7a895c-aa57-8600-2a8a-4e237f6213f6-C,"Risk reduction and phase b effort in support of the Mars atmospheric and volatile evoluation (MAVEN) project.  The contractor shall provide the resources necessary to support the MAVEN project to define and complete the definition of the preliminary design, and the plans for development, manufacture, test, verification and operation of a flight system, which consists of the integrated spacecraft and science payloads in accordance with the statement of work.",https://www.usaspending.gov/award/CONT_AWD_NNG09EK34C_8000_-NONE-_-NONE-/
NNG09EK34C,2021,9,2369056.13,0.0,False,080-0120,"Science, National Aeronautics and Space Administration",Lockheed Martin Corp,6e7a895c-aa57-8600-2a8a-4e237f6213f6-C,"Risk reduction and phase b effort in support of the Mars atmospheric and volatile evoluation (MAVEN) project.  The contractor shall provide the resources necessary to support the MAVEN project to define and complete the definition of the preliminary design, and the plans for development, manufacture, test, verification and operation of a flight system, which consists of the integrated spacecraft and science payloads in accordance with the statement of work.",https://www.usaspending.gov/award/CONT_AWD_NNG09EK34C_8000_-NONE-_-NONE-/
NNG09EK34C,2021,8,2369056.13,0.0,False,080-0120,"Science, National Aeronautics and Space Administration",Lockheed Martin Corp,6e7a895c-aa57-8600-2a8a-4e237f6213f6-C,"Risk reduction and phase b effort in support of the Mars atmospheric and volatile evoluation (MAVEN) project.  The contractor shall provide the resources necessary to support the MAVEN project to define and complete the definition of the preliminary design, and the plans for development, manufacture, test, verification and operation of a flight system, which consists of the integrated spacecraft and science payloads in accordance with the statement of work.",https://www.usaspending.gov/award/CONT_AWD_NNG09EK34C_8000_-NONE-_-NONE-/
NNG09EK34C,2021,8,1818082.12,0.0,False,080-0120,"Science, National Aeronautics and Space Administration",Lockheed Martin Corp,6e7a895c-aa57-8600-2a8a-4e237f6213f6-C,"Risk reduction and phase b effort in support of the Mars atmospheric and volatile evoluation (MAVEN) project.  The contractor shall provide the resources necessary to support the MAVEN project to define and complete the definition of the preliminary design, and the plans for development, manufacture, test, verification and operation of a flight system, which consists of the integrated spacecraft and science payloads in accordance with the statement of work.",https://www.usaspending.gov/award/CONT_AWD_NNG09EK34C_8000_-NONE-_-NONE-/
NNG09EK34C,2021,7,1063048.43,0.0,False,080-0120,"Science, National Aeronautics and Space Administration",Lockheed Martin Corp,6e7a895c-aa57-8600-2a8a-4e237f6213f6-C,"Risk reduction and phase b effort in support of the Mars atmospheric and volatile evoluation (MAVEN) project.  The contractor shall provide the resources necessary to support the MAVEN project to define and complete the definition of the preliminary design, and the plans for development, manufacture, test, verification and operation of a flight system, which consists of the integrated spacecraft and science payloads in accordance with the statement of work.",https://www.usaspending.gov/award/CONT_AWD_NNG09EK34C_8000_-NONE-_-NONE-/
NNG09EK34C,2021,7,0.0,1500000.00,False,080-0120,"Science, National Aeronautics and Space Administration",Lockheed Martin Corp,6e7a895c-aa57-8600-2a8a-4e237f6213f6-C,"Risk reduction and phase b effort in support of the Mars atmospheric and volatile evoluation (MAVEN) project.  The contractor shall provide the resources necessary to support the MAVEN project to define and complete the definition of the preliminary design, and the plans for development, manufacture, test, verification and operation of a flight system, which consists of the integrated spacecraft and science payloads in accordance with the statement of work.",https://www.usaspending.gov/award/CONT_AWD_NNG09EK34C_8000_-NONE-_-NONE-/
NNG09EK34C,2021,7,2369056.13,0.0,False,080-0120,"Science, National Aeronautics and Space Administration",Lockheed Martin Corp,6e7a895c-aa57-8600-2a8a-4e237f6213f6-C,"Risk reduction and phase b effort in support of the Mars atmospheric and volatile evoluation (MAVEN) project.  The contractor shall provide the resources necessary to support the MAVEN project to define and complete the definition of the preliminary design, and the plans for development, manufacture, test, verification and operation of a flight system, which consists of the integrated spacecraft and science payloads in accordance with the statement of work.",https://www.usaspending.gov/award/CONT_AWD_NNG09EK34C_8000_-NONE-_-NONE-/
NNG09EK34C,2021,6,2369056.13,0.0,False,080-0120,"Science, National Aeronautics and Space Administration",Lockheed Martin Corp,6e7a895c-aa57-8600-2a8a-4e237f6213f6-C,"Risk reduction and phase b effort in support of the Mars atmospheric and volatile evoluation (MAVEN) project.  The contractor shall provide the resources necessary to support the MAVEN project to define and complete the definition of the preliminary design, and the plans for development, manufacture, test, verification and operation of a flight system, which consists of the integrated spacecraft and science payloads in accordance with the statement of work.",https://www.usaspending.gov/award/CONT_AWD_NNG09EK34C_8000_-NONE-_-NONE-/
NNG09EK34C,2021,6,0.0,1908600.00,False,080-0120,"Science, National Aeronautics and Space Administration",Lockheed Martin Corp,6e7a895c-aa57-8600-2a8a-4e237f6213f6-C,"Risk reduction and phase b effort in support of the Mars atmospheric and volatile evoluation (MAVEN) project.  The contractor shall provide the resources necessary to support the MAVEN project to define and complete the definition of the preliminary design, and the plans for development, manufacture, test, verification and operation of a flight system, which consists of the integrated spacecraft and science payloads in accordance with the statement of work.",https://www.usaspending.gov/award/CONT_AWD_NNG09EK34C_8000_-NONE-_-NONE-/
NNG09EK34C,2021,6,757079.31,0.0,False,080-0120,"Science, National Aeronautics and Space Administration",Lockheed Martin Corp,6e7a895c-aa57-8600-2a8a-4e237f6213f6-C,"Risk reduction and phase b effort in support of the Mars atmospheric and volatile evoluation (MAVEN) project.  The contractor shall provide the resources necessary to support the MAVEN project to define and complete the definition of the preliminary design, and the plans for development, manufacture, test, verification and operation of a flight system, which consists of the integrated spacecraft and science payloads in accordance with the statement of work.",https://www.usaspending.gov/award/CONT_AWD_NNG09EK34C_8000_-NONE-_-NONE-/
NNG09EK34C,2021,5,0.0,500000.00,False,080-0120,"Science, National Aeronautics and Space Administration",Lockheed Martin Corp,6e7a895c-aa57-8600-2a8a-4e237f6213f6-C,"Risk reduction and phase b effort in support of the Mars atmospheric and volatile evoluation (MAVEN) project.  The contractor shall provide the resources necessary to support the MAVEN project to define and complete the definition of the preliminary design, and the plans for development, manufacture, test, verification and operation of a flight system, which consists of the integrated spacecraft and science payloads in accordance with the statement of work.",https://www.usaspending.gov/award/CONT_AWD_NNG09EK34C_8000_-NONE-_-NONE-/
NNG09EK34C,2021,5,1829136.84,0.0,False,080-0120,"Science, National Aeronautics and Space Administration",Lockheed Martin Corp,6e7a895c-aa57-8600-2a8a-4e237f6213f6-C,"Risk reduction and phase b effort in support of the Mars atmospheric and volatile evoluation (MAVEN) project.  The contractor shall provide the resources necessary to support the MAVEN project to define and complete the definition of the preliminary design, and the plans for development, manufacture, test, verification and operation of a flight system, which consists of the integrated spacecraft and science payloads in accordance with the statement of work.",https://www.usaspending.gov/award/CONT_AWD_NNG09EK34C_8000_-NONE-_-NONE-/
NNG09EK34C,2021,4,1829136.84,0.0,False,080-0120,"Science, National Aeronautics and Space Administration",Lockheed Martin Corp,6e7a895c-aa57-8600-2a8a-4e237f6213f6-C,"Risk reduction and phase b effort in support of the Mars atmospheric and volatile evoluation (MAVEN) project.  The contractor shall provide the resources necessary to support the MAVEN project to define and complete the definition of the preliminary design, and the plans for development, manufacture, test, verification and operation of a flight system, which consists of the integrated spacecraft and science payloads in accordance with the statement of work.",https://www.usaspending.gov/award/CONT_AWD_NNG09EK34C_8000_-NONE-_-NONE-/
NNG09EK34C,2021,3,1608562.14,0.0,False,080-0120,"Science, National Aeronautics and Space Administration",Lockheed Martin Corp,6e7a895c-aa57-8600-2a8a-4e237f6213f6-C,"Risk reduction and phase b effort in support of the Mars atmospheric and volatile evoluation (MAVEN) project.  The contractor shall provide the resources necessary to support the MAVEN project to define and complete the definition of the preliminary design, and the plans for development, manufacture, test, verification and operation of a flight system, which consists of the integrated spacecraft and science payloads in accordance with the statement of work.",https://www.usaspending.gov/award/CONT_AWD_NNG09EK34C_8000_-NONE-_-NONE-/
NNG09EK34C,2021,2,0.0,1200000.00,False,080-0120,"Science, National Aeronautics and Space Administration",Lockheed Martin Corp,6e7a895c-aa57-8600-2a8a-4e237f6213f6-C,"Risk reduction and phase b effort in support of the Mars atmospheric and volatile evoluation (MAVEN) project.  The contractor shall provide the resources necessary to support the MAVEN project to define and complete the definition of the preliminary design, and the plans for development, manufacture, test, verification and operation of a flight system, which consists of the integrated spacecraft and science payloads in accordance with the statement of work.",https://www.usaspending.gov/award/CONT_AWD_NNG09EK34C_8000_-NONE-_-NONE-/
NNG09EK34C,2021,2,676848.13,0.0,False,080-0120,"Science, National Aeronautics and Space Administration",Lockheed Martin Corp,6e7a895c-aa57-8600-2a8a-4e237f6213f6-C,"Risk reduction and phase b effort in support of the Mars atmospheric and volatile evoluation (MAVEN) project.  The contractor shall provide the resources necessary to support the MAVEN project to define and complete the definition of the preliminary design, and the plans for development, manufacture, test, verification and operation of a flight system, which consists of the integrated spacecraft and science payloads in accordance with the statement of work.",https://www.usaspending.gov/award/CONT_AWD_NNG09EK34C_8000_-NONE-_-NONE-/
NNG09EK34C,2021,2,825758.12,0.0,False,080-0120,"Science, National Aeronautics and Space Administration",Lockheed Martin Corp,6e7a895c-aa57-8600-2a8a-4e237f6213f6-C,"Risk reduction and phase b effort in support of the Mars atmospheric and volatile evoluation (MAVEN) project.  The contractor shall provide the resources necessary to support the MAVEN project to define and complete the definition of the preliminary design, and the plans for development, manufacture, test, verification and operation of a flight system, which consists of the integrated spacecraft and science payloads in accordance with the statement of work.",https://www.usaspending.gov/award/CONT_AWD_NNG09EK34C_8000_-NONE-_-NONE-/
NNG09EK34C,2021,2,0.0,540000.00,False,080-0120,"Science, National Aeronautics and Space Administration",Lockheed Martin Corp,6e7a895c-aa57-8600-2a8a-4e237f6213f6-C,"Risk reduction and phase b effort in support of the Mars atmospheric and volatile evoluation (MAVEN) project.  The contractor shall provide the resources necessary to support the MAVEN project to define and complete the definition of the preliminary design, and the plans for development, manufacture, test, verification and operation of a flight system, which consists of the integrated spacecraft and science payloads in accordance with the statement of work.",https://www.usaspending.gov/award/CONT_AWD_NNG09EK34C_8000_-NONE-_-NONE-/
NNG09EK34C,2020,12,3614145.34,0.0,False,080-0120,"Science, National Aeronautics and Space Administration",Lockheed Martin Corp,6e7a895c-aa57-8600-2a8a-4e237f6213f6-C,"Risk reduction and phase b effort in support of the Mars atmospheric and volatile evoluation (MAVEN) project.  The contractor shall provide the resources necessary to support the MAVEN project to define and complete the definition of the preliminary design, and the plans for development, manufacture, test, verification and operation of a flight system, which consists of the integrated spacecraft and science payloads in accordance with the statement of work.",https://www.usaspending.gov/award/CONT_AWD_NNG09EK34C_8000_-NONE-_-NONE-/
NNG09EK34C,2020,12,2611312.83,0.0,False,080-0120,"Science, National Aeronautics and Space Administration",Lockheed Martin Corp,6e7a895c-aa57-8600-2a8a-4e237f6213f6-C,"Risk reduction and phase b effort in support of the Mars atmospheric and volatile evoluation (MAVEN) project.  The contractor shall provide the resources necessary to support the MAVEN project to define and complete the definition of the preliminary design, and the plans for development, manufacture, test, verification and operation of a flight system, which consists of the integrated spacecraft and science payloads in accordance with the statement of work.",https://www.usaspending.gov/award/CONT_AWD_NNG09EK34C_8000_-NONE-_-NONE-/
NNG09EK34C,2020,12,3.76,0.0,False,080-0120,"Science, National Aeronautics and Space Administration",Lockheed Martin Corp,6e7a895c-aa57-8600-2a8a-4e237f6213f6-C,"Risk reduction and phase b effort in support of the Mars atmospheric and volatile evoluation (MAVEN) project.  The contractor shall provide the resources necessary to support the MAVEN project to define and complete the definition of the preliminary design, and the plans for development, manufacture, test, verification and operation of a flight system, which consists of the integrated spacecraft and science payloads in accordance with the statement of work.",https://www.usaspending.gov/award/CONT_AWD_NNG09EK34C_8000_-NONE-_-NONE-/
NNG09EK34C,2020,12,0.0,47765.47,False,080-0120,"Science, National Aeronautics and Space Administration",Lockheed Martin Corp,6e7a895c-aa57-8600-2a8a-4e237f6213f6-C,"Risk reduction and phase b effort in support of the Mars atmospheric and volatile evoluation (MAVEN) project.  The contractor shall provide the resources necessary to support the MAVEN project to define and complete the definition of the preliminary design, and the plans for development, manufacture, test, verification and operation of a flight system, which consists of the integrated spacecraft and science payloads in accordance with the statement of work.",https://www.usaspending.gov/award/CONT_AWD_NNG09EK34C_8000_-NONE-_-NONE-/
NNG09EK34C,2020,12,0.0,299100.44,False,080-0120,"Science, National Aeronautics and Space Administration",Lockheed Martin Corp,6e7a895c-aa57-8600-2a8a-4e237f6213f6-C,"Risk reduction and phase b effort in support of the Mars atmospheric and volatile evoluation (MAVEN) project.  The contractor shall provide the resources necessary to support the MAVEN project to define and complete the definition of the preliminary design, and the plans for development, manufacture, test, verification and operation of a flight system, which consists of the integrated spacecraft and science payloads in accordance with the statement of work.",https://www.usaspending.gov/award/CONT_AWD_NNG09EK34C_8000_-NONE-_-NONE-/
NNG09EK34C,2020,11,3.76,0.0,False,080-0120,"Science, National Aeronautics and Space Administration",Lockheed Martin Corp,6e7a895c-aa57-8600-2a8a-4e237f6213f6-C,"Risk reduction and phase b effort in support of the Mars atmospheric and volatile evoluation (MAVEN) project.  The contractor shall provide the resources necessary to support the MAVEN project to define and complete the definition of the preliminary design, and the plans for development, manufacture, test, verification and operation of a flight system, which consists of the integrated spacecraft and science payloads in accordance with the statement of work.",https://www.usaspending.gov/award/CONT_AWD_NNG09EK34C_8000_-NONE-_-NONE-/
NNG09EK34C,2020,11,2611312.83,0.0,False,080-0120,"Science, National Aeronautics and Space Administration",Lockheed Martin Corp,6e7a895c-aa57-8600-2a8a-4e237f6213f6-C,"Risk reduction and phase b effort in support of the Mars atmospheric and volatile evoluation (MAVEN) project.  The contractor shall provide the resources necessary to support the MAVEN project to define and complete the definition of the preliminary design, and the plans for development, manufacture, test, verification and operation of a flight system, which consists of the integrated spacecraft and science payloads in accordance with the statement of work.",https://www.usaspending.gov/award/CONT_AWD_NNG09EK34C_8000_-NONE-_-NONE-/
NNG09EK34C,2020,11,3349740.36,0.0,False,080-0120,"Science, National Aeronautics and Space Administration",Lockheed Martin Corp,6e7a895c-aa57-8600-2a8a-4e237f6213f6-C,"Risk reduction and phase b effort in support of the Mars atmospheric and volatile evoluation (MAVEN) project.  The contractor shall provide the resources necessary to support the MAVEN project to define and complete the definition of the preliminary design, and the plans for development, manufacture, test, verification and operation of a flight system, which consists of the integrated spacecraft and science payloads in accordance with the statement of work.",https://www.usaspending.gov/award/CONT_AWD_NNG09EK34C_8000_-NONE-_-NONE-/
NNG09EK34C,2020,10,3.76,0.0,False,080-0120,"Science, National Aeronautics and Space Administration",Lockheed Martin Corp,6e7a895c-aa57-8600-2a8a-4e237f6213f6-C,"Risk reduction and phase b effort in support of the Mars atmospheric and volatile evoluation (MAVEN) project.  The contractor shall provide the resources necessary to support the MAVEN project to define and complete the definition of the preliminary design, and the plans for development, manufacture, test, verification and operation of a flight system, which consists of the integrated spacecraft and science payloads in accordance with the statement of work.",https://www.usaspending.gov/award/CONT_AWD_NNG09EK34C_8000_-NONE-_-NONE-/
NNG09EK34C,2020,10,2611312.83,0.0,False,080-0120,"Science, National Aeronautics and Space Administration",Lockheed Martin Corp,6e7a895c-aa57-8600-2a8a-4e237f6213f6-C,"Risk reduction and phase b effort in support of the Mars atmospheric and volatile evoluation (MAVEN) project.  The contractor shall provide the resources necessary to support the MAVEN project to define and complete the definition of the preliminary design, and the plans for development, manufacture, test, verification and operation of a flight system, which consists of the integrated spacecraft and science payloads in accordance with the statement of work.",https://www.usaspending.gov/award/CONT_AWD_NNG09EK34C_8000_-NONE-_-NONE-/
NNG09EK34C,2020,10,2738445.15,0.0,False,080-0120,"Science, National Aeronautics and Space Administration",Lockheed Martin Corp,6e7a895c-aa57-8600-2a8a-4e237f6213f6-C,"Risk reduction and phase b effort in support of the Mars atmospheric and volatile evoluation (MAVEN) project.  The contractor shall provide the resources necessary to support the MAVEN project to define and complete the definition of the preliminary design, and the plans for development, manufacture, test, verification and operation of a flight system, which consists of the integrated spacecraft and science payloads in accordance with the statement of work.",https://www.usaspending.gov/award/CONT_AWD_NNG09EK34C_8000_-NONE-_-NONE-/
NNG09EK34C,2020,9,3.76,0.0,False,080-0120,"Science, National Aeronautics and Space Administration",Lockheed Martin Corp,6e7a895c-aa57-8600-2a8a-4e237f6213f6-C,"Risk reduction and phase b effort in support of the Mars atmospheric and volatile evoluation (MAVEN) project.  The contractor shall provide the resources necessary to support the MAVEN project to define and complete the definition of the preliminary design, and the plans for development, manufacture, test, verification and operation of a flight system, which consists of the integrated spacecraft and science payloads in accordance with the statement of work.",https://www.usaspending.gov/award/CONT_AWD_NNG09EK34C_8000_-NONE-_-NONE-/
NNG09EK34C,2020,9,2207845.27,0.0,False,080-0120,"Science, National Aeronautics and Space Administration",Lockheed Martin Corp,6e7a895c-aa57-8600-2a8a-4e237f6213f6-C,"Risk reduction and phase b effort in support of the Mars atmospheric and volatile evoluation (MAVEN) project.  The contractor shall provide the resources necessary to support the MAVEN project to define and complete the definition of the preliminary design, and the plans for development, manufacture, test, verification and operation of a flight system, which consists of the integrated spacecraft and science payloads in accordance with the statement of work.",https://www.usaspending.gov/award/CONT_AWD_NNG09EK34C_8000_-NONE-_-NONE-/
NNG09EK34C,2020,9,2611312.83,0.0,False,080-0120,"Science, National Aeronautics and Space Administration",Lockheed Martin Corp,6e7a895c-aa57-8600-2a8a-4e237f6213f6-C,"Risk reduction and phase b effort in support of the Mars atmospheric and volatile evoluation (MAVEN) project.  The contractor shall provide the resources necessary to support the MAVEN project to define and complete the definition of the preliminary design, and the plans for development, manufacture, test, verification and operation of a flight system, which consists of the integrated spacecraft and science payloads in accordance with the statement of work.",https://www.usaspending.gov/award/CONT_AWD_NNG09EK34C_8000_-NONE-_-NONE-/
NNG09EK34C,2020,8,1743434.20,0.0,False,080-0120,"Science, National Aeronautics and Space Administration",Lockheed Martin Corp,6e7a895c-aa57-8600-2a8a-4e237f6213f6-C,"Risk reduction and phase b effort in support of the Mars atmospheric and volatile evoluation (MAVEN) project.  The contractor shall provide the resources necessary to support the MAVEN project to define and complete the definition of the preliminary design, and the plans for development, manufacture, test, verification and operation of a flight system, which consists of the integrated spacecraft and science payloads in accordance with the statement of work.",https://www.usaspending.gov/award/CONT_AWD_NNG09EK34C_8000_-NONE-_-NONE-/
NNG09EK34C,2020,8,3.76,0.0,False,080-0120,"Science, National Aeronautics and Space Administration",Lockheed Martin Corp,6e7a895c-aa57-8600-2a8a-4e237f6213f6-C,"Risk reduction and phase b effort in support of the Mars atmospheric and volatile evoluation (MAVEN) project.  The contractor shall provide the resources necessary to support the MAVEN project to define and complete the definition of the preliminary design, and the plans for development, manufacture, test, verification and operation of a flight system, which consists of the integrated spacecraft and science payloads in accordance with the statement of work.",https://www.usaspending.gov/award/CONT_AWD_NNG09EK34C_8000_-NONE-_-NONE-/
NNG09EK34C,2020,8,2611312.83,0.0,False,080-0120,"Science, National Aeronautics and Space Administration",Lockheed Martin Corp,6e7a895c-aa57-8600-2a8a-4e237f6213f6-C,"Risk reduction and phase b effort in support of the Mars atmospheric and volatile evoluation (MAVEN) project.  The contractor shall provide the resources necessary to support the MAVEN project to define and complete the definition of the preliminary design, and the plans for development, manufacture, test, verification and operation of a flight system, which consists of the integrated spacecraft and science payloads in accordance with the statement of work.",https://www.usaspending.gov/award/CONT_AWD_NNG09EK34C_8000_-NONE-_-NONE-/
NNG09EK34C,2020,7,1214934.06,0.0,False,080-0120,"Science, National Aeronautics and Space Administration",Lockheed Martin Corp,6e7a895c-aa57-8600-2a8a-4e237f6213f6-C,"Risk reduction and phase b effort in support of the Mars atmospheric and volatile evoluation (MAVEN) project.  The contractor shall provide the resources necessary to support the MAVEN project to define and complete the definition of the preliminary design, and the plans for development, manufacture, test, verification and operation of a flight system, which consists of the integrated spacecraft and science payloads in accordance with the statement of work.",https://www.usaspending.gov/award/CONT_AWD_NNG09EK34C_8000_-NONE-_-NONE-/
NNG09EK34C,2020,7,2611312.83,0.0,False,080-0120,"Science, National Aeronautics and Space Administration",Lockheed Martin Corp,6e7a895c-aa57-8600-2a8a-4e237f6213f6-C,"Risk reduction and phase b effort in support of the Mars atmospheric and volatile evoluation (MAVEN) project.  The contractor shall provide the resources necessary to support the MAVEN project to define and complete the definition of the preliminary design, and the plans for development, manufacture, test, verification and operation of a flight system, which consists of the integrated spacecraft and science payloads in accordance with the statement of work.",https://www.usaspending.gov/award/CONT_AWD_NNG09EK34C_8000_-NONE-_-NONE-/
NNG09EK34C,2020,7,0.0,400000.00,False,080-0120,"Science, National Aeronautics and Space Administration",Lockheed Martin Corp,6e7a895c-aa57-8600-2a8a-4e237f6213f6-C,"Risk reduction and phase b effort in support of the Mars atmospheric and volatile evoluation (MAVEN) project.  The contractor shall provide the resources necessary to support the MAVEN project to define and complete the definition of the preliminary design, and the plans for development, manufacture, test, verification and operation of a flight system, which consists of the integrated spacecraft and science payloads in accordance with the statement of work.",https://www.usaspending.gov/award/CONT_AWD_NNG09EK34C_8000_-NONE-_-NONE-/
NNG09EK34C,2020,7,3.76,0.0,False,080-0120,"Science, National Aeronautics and Space Administration",Lockheed Martin Corp,6e7a895c-aa57-8600-2a8a-4e237f6213f6-C,"Risk reduction and phase b effort in support of the Mars atmospheric and volatile evoluation (MAVEN) project.  The contractor shall provide the resources necessary to support the MAVEN project to define and complete the definition of the preliminary design, and the plans for development, manufacture, test, verification and operation of a flight system, which consists of the integrated spacecraft and science payloads in accordance with the statement of work.",https://www.usaspending.gov/award/CONT_AWD_NNG09EK34C_8000_-NONE-_-NONE-/
NNG09EK34C,2020,6,0.0,650000.56,True,080-0120,"Science, National Aeronautics and Space Administration",Lockheed Martin Corp,6e7a895c-aa57-8600-2a8a-4e237f6213f6-C,"Risk reduction and phase b effort in support of the Mars atmospheric and volatile evoluation (MAVEN) project.  The contractor shall provide the resources necessary to support the MAVEN project to define and complete the definition of the preliminary design, and the plans for development, manufacture, test, verification and operation of a flight system, which consists of the integrated spacecraft and science payloads in accordance with the statement of work.",https://www.usaspending.gov/award/CONT_AWD_NNG09EK34C_8000_-NONE-_-NONE-/
NNG09EK34C,2020,6,0.0,0.44,True,080-0120,"Science, National Aeronautics and Space Administration",Lockheed Martin Corp,6e7a895c-aa57-8600-2a8a-4e237f6213f6-C,"Risk reduction and phase b effort in support of the Mars atmospheric and volatile evoluation (MAVEN) project.  The contractor shall provide the resources necessary to support the MAVEN project to define and complete the definition of the preliminary design, and the plans for development, manufacture, test, verification and operation of a flight system, which consists of the integrated spacecraft and science payloads in accordance with the statement of work.",https://www.usaspending.gov/award/CONT_AWD_NNG09EK34C_8000_-NONE-_-NONE-/
NNG09EK34C,2020,6,0.0,760335.00,True,080-0120,"Science, National Aeronautics and Space Administration",Lockheed Martin Corp,6e7a895c-aa57-8600-2a8a-4e237f6213f6-C,"Risk reduction and phase b effort in support of the Mars atmospheric and volatile evoluation (MAVEN) project.  The contractor shall provide the resources necessary to support the MAVEN project to define and complete the definition of the preliminary design, and the plans for development, manufacture, test, verification and operation of a flight system, which consists of the integrated spacecraft and science payloads in accordance with the statement of work.",https://www.usaspending.gov/award/CONT_AWD_NNG09EK34C_8000_-NONE-_-NONE-/
NNG09EK34C,2020,6,0.0,1500000.00,True,080-0120,"Science, National Aeronautics and Space Administration",Lockheed Martin Corp,6e7a895c-aa57-8600-2a8a-4e237f6213f6-C,"Risk reduction and phase b effort in support of the Mars atmospheric and volatile evoluation (MAVEN) project.  The contractor shall provide the resources necessary to support the MAVEN project to define and complete the definition of the preliminary design, and the plans for development, manufacture, test, verification and operation of a flight system, which consists of the integrated spacecraft and science payloads in accordance with the statement of work.",https://www.usaspending.gov/award/CONT_AWD_NNG09EK34C_8000_-NONE-_-NONE-/
NNG09EK34C,2020,3,0.0,960000.00,True,080-0120,"Science, National Aeronautics and Space Administration",Lockheed Martin Corp,6e7a895c-aa57-8600-2a8a-4e237f6213f6-C,"Risk reduction and phase b effort in support of the Mars atmospheric and volatile evoluation (MAVEN) project.  The contractor shall provide the resources necessary to support the MAVEN project to define and complete the definition of the preliminary design, and the plans for development, manufacture, test, verification and operation of a flight system, which consists of the integrated spacecraft and science payloads in accordance with the statement of work.",https://www.usaspending.gov/award/CONT_AWD_NNG09EK34C_8000_-NONE-_-NONE-/
NNG09EK34C,2020,3,0.0,600000.00,True,080-0120,"Science, National Aeronautics and Space Administration",Lockheed Martin Corp,6e7a895c-aa57-8600-2a8a-4e237f6213f6-C,"Risk reduction and phase b effort in support of the Mars atmospheric and volatile evoluation (MAVEN) project.  The contractor shall provide the resources necessary to support the MAVEN project to define and complete the definition of the preliminary design, and the plans for development, manufacture, test, verification and operation of a flight system, which consists of the integrated spacecraft and science payloads in accordance with the statement of work.",https://www.usaspending.gov/award/CONT_AWD_NNG09EK34C_8000_-NONE-_-NONE-/
NNG09EK34C,2020,3,0.0,766000.00,True,080-0120,"Science, National Aeronautics and Space Administration",Lockheed Martin Corp,6e7a895c-aa57-8600-2a8a-4e237f6213f6-C,"Risk reduction and phase b effort in support of the Mars atmospheric and volatile evoluation (MAVEN) project.  The contractor shall provide the resources necessary to support the MAVEN project to define and complete the definition of the preliminary design, and the plans for development, manufacture, test, verification and operation of a flight system, which consists of the integrated spacecraft and science payloads in accordance with the statement of work.",https://www.usaspending.gov/award/CONT_AWD_NNG09EK34C_8000_-NONE-_-NONE-/
NNG09EK34C,2019,12,0.0,3.76,True,080-0120,"Science, National Aeronautics and Space Administration",Lockheed Martin Corp,6e7a895c-aa57-8600-2a8a-4e237f6213f6-C,"Risk reduction and phase b effort in support of the Mars atmospheric and volatile evoluation (MAVEN) project.  The contractor shall provide the resources necessary to support the MAVEN project to define and complete the definition of the preliminary design, and the plans for development, manufacture, test, verification and operation of a flight system, which consists of the integrated spacecraft and science payloads in accordance with the statement of work.",https://www.usaspending.gov/award/CONT_AWD_NNG09EK34C_8000_-NONE-_-NONE-/
NNG09EK34C,2019,12,0.0,625000.00,True,080-0120,"Science, National Aeronautics and Space Administration",Lockheed Martin Corp,6e7a895c-aa57-8600-2a8a-4e237f6213f6-C,"Risk reduction and phase b effort in support of the Mars atmospheric and volatile evoluation (MAVEN) project.  The contractor shall provide the resources necessary to support the MAVEN project to define and complete the definition of the preliminary design, and the plans for development, manufacture, test, verification and operation of a flight system, which consists of the integrated spacecraft and science payloads in accordance with the statement of work.",https://www.usaspending.gov/award/CONT_AWD_NNG09EK34C_8000_-NONE-_-NONE-/
NNG09EK34C,2019,9,0.0,4372.97,True,080-0120,"Science, National Aeronautics and Space Administration",Lockheed Martin Corp,6e7a895c-aa57-8600-2a8a-4e237f6213f6-C,"Risk reduction and phase b effort in support of the Mars atmospheric and volatile evoluation (MAVEN) project.  The contractor shall provide the resources necessary to support the MAVEN project to define and complete the definition of the preliminary design, and the plans for development, manufacture, test, verification and operation of a flight system, which consists of the integrated spacecraft and science payloads in accordance with the statement of work.",https://www.usaspending.gov/award/CONT_AWD_NNG09EK34C_8000_-NONE-_-NONE-/
NNG09EK34C,2019,9,0.0,2000000.03,True,080-0120,"Science, National Aeronautics and Space Administration",Lockheed Martin Corp,6e7a895c-aa57-8600-2a8a-4e237f6213f6-C,"Risk reduction and phase b effort in support of the Mars atmospheric and volatile evoluation (MAVEN) project.  The contractor shall provide the resources necessary to support the MAVEN project to define and complete the definition of the preliminary design, and the plans for development, manufacture, test, verification and operation of a flight system, which consists of the integrated spacecraft and science payloads in accordance with the statement of work.",https://www.usaspending.gov/award/CONT_AWD_NNG09EK34C_8000_-NONE-_-NONE-/
NNG09EK34C,2019,6,0.0,1850000.00,True,080-0120,"Science, National Aeronautics and Space Administration",Lockheed Martin Corp,6e7a895c-aa57-8600-2a8a-4e237f6213f6-C,"Risk reduction and phase b effort in support of the Mars atmospheric and volatile evoluation (MAVEN) project.  The contractor shall provide the resources necessary to support the MAVEN project to define and complete the definition of the preliminary design, and the plans for development, manufacture, test, verification and operation of a flight system, which consists of the integrated spacecraft and science payloads in accordance with the statement of work.",https://www.usaspending.gov/award/CONT_AWD_NNG09EK34C_8000_-NONE-_-NONE-/
NNG09EK34C,2019,3,0.0,1000000.00,True,080-0120,"Science, National Aeronautics and Space Administration",Lockheed Martin Corp,6e7a895c-aa57-8600-2a8a-4e237f6213f6-C,"Risk reduction and phase b effort in support of the Mars atmospheric and volatile evoluation (MAVEN) project.  The contractor shall provide the resources necessary to support the MAVEN project to define and complete the definition of the preliminary design, and the plans for development, manufacture, test, verification and operation of a flight system, which consists of the integrated spacecraft and science payloads in accordance with the statement of work.",https://www.usaspending.gov/award/CONT_AWD_NNG09EK34C_8000_-NONE-_-NONE-/
NNG09EK34C,2019,3,0.0,-1000000.00,True,080-0120,"Science, National Aeronautics and Space Administration",Lockheed Martin Corp,6e7a895c-aa57-8600-2a8a-4e237f6213f6-C,"Risk reduction and phase b effort in support of the Mars atmospheric and volatile evoluation (MAVEN) project.  The contractor shall provide the resources necessary to support the MAVEN project to define and complete the definition of the preliminary design, and the plans for development, manufacture, test, verification and operation of a flight system, which consists of the integrated spacecraft and science payloads in accordance with the statement of work.",https://www.usaspending.gov/award/CONT_AWD_NNG09EK34C_8000_-NONE-_-NONE-/
NNG09EK34C,2018,12,0.0,11765.11,True,080-0120,"Science, National Aeronautics and Space Administration",Lockheed Martin Corp,6e7a895c-aa57-8600-2a8a-4e237f6213f6-C,"Risk reduction and phase b effort in support of the Mars atmospheric and volatile evoluation (MAVEN) project.  The contractor shall provide the resources necessary to support the MAVEN project to define and complete the definition of the preliminary design, and the plans for development, manufacture, test, verification and operation of a flight system, which consists of the integrated spacecraft and science payloads in accordance with the statement of work.",https://www.usaspending.gov/award/CONT_AWD_NNG09EK34C_8000_-NONE-_-NONE-/
NNG09EK34C,2018,12,0.0,1000000.00,True,080-0120,"Science, National Aeronautics and Space Administration",Lockheed Martin Corp,6e7a895c-aa57-8600-2a8a-4e237f6213f6-C,"Risk reduction and phase b effort in support of the Mars atmospheric and volatile evoluation (MAVEN) project.  The contractor shall provide the resources necessary to support the MAVEN project to define and complete the definition of the preliminary design, and the plans for development, manufacture, test, verification and operation of a flight system, which consists of the integrated spacecraft and science payloads in accordance with the statement of work.",https://www.usaspending.gov/award/CONT_AWD_NNG09EK34C_8000_-NONE-_-NONE-/
NNG09EK34C,2018,12,0.0,600000.00,True,080-0120,"Science, National Aeronautics and Space Administration",Lockheed Martin Corp,6e7a895c-aa57-8600-2a8a-4e237f6213f6-C,"Risk reduction and phase b effort in support of the Mars atmospheric and volatile evoluation (MAVEN) project.  The contractor shall provide the resources necessary to support the MAVEN project to define and complete the definition of the preliminary design, and the plans for development, manufacture, test, verification and operation of a flight system, which consists of the integrated spacecraft and science payloads in accordance with the statement of work.",https://www.usaspending.gov/award/CONT_AWD_NNG09EK34C_8000_-NONE-_-NONE-/
NNG09EK34C,2018,12,0.0,13.25,True,080-0120,"Science, National Aeronautics and Space Administration",Lockheed Martin Corp,6e7a895c-aa57-8600-2a8a-4e237f6213f6-C,"Risk reduction and phase b effort in support of the Mars atmospheric and volatile evoluation (MAVEN) project.  The contractor shall provide the resources necessary to support the MAVEN project to define and complete the definition of the preliminary design, and the plans for development, manufacture, test, verification and operation of a flight system, which consists of the integrated spacecraft and science payloads in accordance with the statement of work.",https://www.usaspending.gov/award/CONT_AWD_NNG09EK34C_8000_-NONE-_-NONE-/
NNG09EK34C,2018,9,0.0,479000.00,True,080-0120,"Science, National Aeronautics and Space Administration",Lockheed Martin Corp,6e7a895c-aa57-8600-2a8a-4e237f6213f6-C,"Risk reduction and phase b effort in support of the Mars atmospheric and volatile evoluation (MAVEN) project.  The contractor shall provide the resources necessary to support the MAVEN project to define and complete the definition of the preliminary design, and the plans for development, manufacture, test, verification and operation of a flight system, which consists of the integrated spacecraft and science payloads in accordance with the statement of work.",https://www.usaspending.gov/award/CONT_AWD_NNG09EK34C_8000_-NONE-_-NONE-/
NNG09EK34C,2018,9,0.0,2100000.00,True,080-0120,"Science, National Aeronautics and Space Administration",Lockheed Martin Corp,6e7a895c-aa57-8600-2a8a-4e237f6213f6-C,"Risk reduction and phase b effort in support of the Mars atmospheric and volatile evoluation (MAVEN) project.  The contractor shall provide the resources necessary to support the MAVEN project to define and complete the definition of the preliminary design, and the plans for development, manufacture, test, verification and operation of a flight system, which consists of the integrated spacecraft and science payloads in accordance with the statement of work.",https://www.usaspending.gov/award/CONT_AWD_NNG09EK34C_8000_-NONE-_-NONE-/
NNG09EK34C,2018,6,0.0,300000.00,True,080-0120,"Science, National Aeronautics and Space Administration",Lockheed Martin Corp,6e7a895c-aa57-8600-2a8a-4e237f6213f6-C,"Risk reduction and phase b effort in support of the Mars atmospheric and volatile evoluation (MAVEN) project.  The contractor shall provide the resources necessary to support the MAVEN project to define and complete the definition of the preliminary design, and the plans for development, manufacture, test, verification and operation of a flight system, which consists of the integrated spacecraft and science payloads in accordance with the statement of work.",https://www.usaspending.gov/award/CONT_AWD_NNG09EK34C_8000_-NONE-_-NONE-/
NNG09EK34C,2018,6,0.0,800000.00,True,080-0120,"Science, National Aeronautics and Space Administration",Lockheed Martin Corp,6e7a895c-aa57-8600-2a8a-4e237f6213f6-C,"Risk reduction and phase b effort in support of the Mars atmospheric and volatile evoluation (MAVEN) project.  The contractor shall provide the resources necessary to support the MAVEN project to define and complete the definition of the preliminary design, and the plans for development, manufacture, test, verification and operation of a flight system, which consists of the integrated spacecraft and science payloads in accordance with the statement of work.",https://www.usaspending.gov/award/CONT_AWD_NNG09EK34C_8000_-NONE-_-NONE-/
NNG09EK34C,2018,6,0.0,500000.00,True,080-0120,"Science, National Aeronautics and Space Administration",Lockheed Martin Corp,6e7a895c-aa57-8600-2a8a-4e237f6213f6-C,"Risk reduction and phase b effort in support of the Mars atmospheric and volatile evoluation (MAVEN) project.  The contractor shall provide the resources necessary to support the MAVEN project to define and complete the definition of the preliminary design, and the plans for development, manufacture, test, verification and operation of a flight system, which consists of the integrated spacecraft and science payloads in accordance with the statement of work.",https://www.usaspending.gov/award/CONT_AWD_NNG09EK34C_8000_-NONE-_-NONE-/
NNG09EK34C,2018,3,0.0,138537.26,True,080-0120,"Science, National Aeronautics and Space Administration",Lockheed Martin Corp,6e7a895c-aa57-8600-2a8a-4e237f6213f6-C,"Risk reduction and phase b effort in support of the Mars atmospheric and volatile evoluation (MAVEN) project.  The contractor shall provide the resources necessary to support the MAVEN project to define and complete the definition of the preliminary design, and the plans for development, manufacture, test, verification and operation of a flight system, which consists of the integrated spacecraft and science payloads in accordance with the statement of work.",https://www.usaspending.gov/award/CONT_AWD_NNG09EK34C_8000_-NONE-_-NONE-/
NNG09EK34C,2018,3,0.0,0.74,True,080-0120,"Science, National Aeronautics and Space Administration",Lockheed Martin Corp,6e7a895c-aa57-8600-2a8a-4e237f6213f6-C,"Risk reduction and phase b effort in support of the Mars atmospheric and volatile evoluation (MAVEN) project.  The contractor shall provide the resources necessary to support the MAVEN project to define and complete the definition of the preliminary design, and the plans for development, manufacture, test, verification and operation of a flight system, which consists of the integrated spacecraft and science payloads in accordance with the statement of work.",https://www.usaspending.gov/award/CONT_AWD_NNG09EK34C_8000_-NONE-_-NONE-/
NNG09EK34C,2018,3,0.0,550000.00,True,080-0120,"Science, National Aeronautics and Space Administration",Lockheed Martin Corp,6e7a895c-aa57-8600-2a8a-4e237f6213f6-C,"Risk reduction and phase b effort in support of the Mars atmospheric and volatile evoluation (MAVEN) project.  The contractor shall provide the resources necessary to support the MAVEN project to define and complete the definition of the preliminary design, and the plans for development, manufacture, test, verification and operation of a flight system, which consists of the integrated spacecraft and science payloads in accordance with the statement of work.",https://www.usaspending.gov/award/CONT_AWD_NNG09EK34C_8000_-NONE-_-NONE-/
NNG09EK34C,2017,12,0.0,23863.76,True,080-0120,"Science, National Aeronautics and Space Administration",Lockheed Martin Corp,6e7a895c-aa57-8600-2a8a-4e237f6213f6-C,"Risk reduction and phase b effort in support of the Mars atmospheric and volatile evoluation (MAVEN) project.  The contractor shall provide the resources necessary to support the MAVEN project to define and complete the definition of the preliminary design, and the plans for development, manufacture, test, verification and operation of a flight system, which consists of the integrated spacecraft and science payloads in accordance with the statement of work.",https://www.usaspending.gov/award/CONT_AWD_NNG09EK34C_8000_-NONE-_-NONE-/
NNG09EK34C,2017,12,0.0,1264059.24,True,080-0120,"Science, National Aeronautics and Space Administration",Lockheed Martin Corp,6e7a895c-aa57-8600-2a8a-4e237f6213f6-C,"Risk reduction and phase b effort in support of the Mars atmospheric and volatile evoluation (MAVEN) project.  The contractor shall provide the resources necessary to support the MAVEN project to define and complete the definition of the preliminary design, and the plans for development, manufacture, test, verification and operation of a flight system, which consists of the integrated spacecraft and science payloads in accordance with the statement of work.",https://www.usaspending.gov/award/CONT_AWD_NNG09EK34C_8000_-NONE-_-NONE-/
NNG09EK34C,2017,9,0.0,440000.00,True,080-0120,"Science, National Aeronautics and Space Administration",Lockheed Martin Corp,6e7a895c-aa57-8600-2a8a-4e237f6213f6-C,"Risk reduction and phase b effort in support of the Mars atmospheric and volatile evoluation (MAVEN) project.  The contractor shall provide the resources necessary to support the MAVEN project to define and complete the definition of the preliminary design, and the plans for development, manufacture, test, verification and operation of a flight system, which consists of the integrated spacecraft and science payloads in accordance with the statement of work.",https://www.usaspending.gov/award/CONT_AWD_NNG09EK34C_8000_-NONE-_-NONE-/
NNG09EK34C,2017,9,0.0,1600000.00,True,080-0120,"Science, National Aeronautics and Space Administration",Lockheed Martin Corp,6e7a895c-aa57-8600-2a8a-4e237f6213f6-C,"Risk reduction and phase b effort in support of the Mars atmospheric and volatile evoluation (MAVEN) project.  The contractor shall provide the resources necessary to support the MAVEN project to define and complete the definition of the preliminary design, and the plans for development, manufacture, test, verification and operation of a flight system, which consists of the integrated spacecraft and science payloads in accordance with the statement of work.",https://www.usaspending.gov/award/CONT_AWD_NNG09EK34C_8000_-NONE-_-NONE-/
NNG09EK34C,2017,9,0.0,300000.00,True,080-0120,"Science, National Aeronautics and Space Administration",Lockheed Martin Corp,6e7a895c-aa57-8600-2a8a-4e237f6213f6-C,"Risk reduction and phase b effort in support of the Mars atmospheric and volatile evoluation (MAVEN) project.  The contractor shall provide the resources necessary to support the MAVEN project to define and complete the definition of the preliminary design, and the plans for development, manufacture, test, verification and operation of a flight system, which consists of the integrated spacecraft and science payloads in accordance with the statement of work.",https://www.usaspending.gov/award/CONT_AWD_NNG09EK34C_8000_-NONE-_-NONE-/
NNG09EK34C,2017,6,0.0,-275096.00,True,080-0120,"Science, National Aeronautics and Space Administration",Lockheed Martin Corp,6e7a895c-aa57-8600-2a8a-4e237f6213f6-C,"Risk reduction and phase b effort in support of the Mars atmospheric and volatile evoluation (MAVEN) project.  The contractor shall provide the resources necessary to support the MAVEN project to define and complete the definition of the preliminary design, and the plans for development, manufacture, test, verification and operation of a flight system, which consists of the integrated spacecraft and science payloads in accordance with the statement of work.",https://www.usaspending.gov/award/CONT_AWD_NNG09EK34C_8000_-NONE-_-NONE-/
NNG09EK34C,2017,6,0.0,2522000.00,True,080-0120,"Science, National Aeronautics and Space Administration",Lockheed Martin Corp,6e7a895c-aa57-8600-2a8a-4e237f6213f6-C,"Risk reduction and phase b effort in support of the Mars atmospheric and volatile evoluation (MAVEN) project.  The contractor shall provide the resources necessary to support the MAVEN project to define and complete the definition of the preliminary design, and the plans for development, manufacture, test, verification and operation of a flight system, which consists of the integrated spacecraft and science payloads in accordance with the statement of work.",https://www.usaspending.gov/award/CONT_AWD_NNG09EK34C_8000_-NONE-_-NONE-/
NNG09EK34C,2017,6,0.0,222618.00,True,080-0120,"Science, National Aeronautics and Space Administration",Lockheed Martin Corp,6e7a895c-aa57-8600-2a8a-4e237f6213f6-C,"Risk reduction and phase b effort in support of the Mars atmospheric and volatile evoluation (MAVEN) project.  The contractor shall provide the resources necessary to support the MAVEN project to define and complete the definition of the preliminary design, and the plans for development, manufacture, test, verification and operation of a flight system, which consists of the integrated spacecraft and science payloads in accordance with the statement of work.",https://www.usaspending.gov/award/CONT_AWD_NNG09EK34C_8000_-NONE-_-NONE-/
NNG09EK34C,2017,6,0.0,71478.00,True,080-0120,"Science, National Aeronautics and Space Administration",Lockheed Martin Corp,6e7a895c-aa57-8600-2a8a-4e237f6213f6-C,"Risk reduction and phase b effort in support of the Mars atmospheric and volatile evoluation (MAVEN) project.  The contractor shall provide the resources necessary to support the MAVEN project to define and complete the definition of the preliminary design, and the plans for development, manufacture, test, verification and operation of a flight system, which consists of the integrated spacecraft and science payloads in accordance with the statement of work.",https://www.usaspending.gov/award/CONT_AWD_NNG09EK34C_8000_-NONE-_-NONE-/
NNG09EK34C,2017,6,0.0,-3564904.00,True,080-0120,"Science, National Aeronautics and Space Administration",Lockheed Martin Corp,6e7a895c-aa57-8600-2a8a-4e237f6213f6-C,"Risk reduction and phase b effort in support of the Mars atmospheric and volatile evoluation (MAVEN) project.  The contractor shall provide the resources necessary to support the MAVEN project to define and complete the definition of the preliminary design, and the plans for development, manufacture, test, verification and operation of a flight system, which consists of the integrated spacecraft and science payloads in accordance with the statement of work.",https://www.usaspending.gov/award/CONT_AWD_NNG09EK34C_8000_-NONE-_-NONE-/
NNH10CC04C,2026,4,3093230.49,0.0,False,080-0120,"Science, National Aeronautics and Space Administration",The Regents of the University of Colorado,7d586cfa-95f6-0e31-3589-fbd59b788eda-C,"NASA headquarters (HQ) manages the Mars Exploration Program (MEP), which selected the Mars atmosphere and volatile evolution (MAVEN) project as a Mars scout mission.  The MAVEN Principal Investigator (PI) is Dr. Bruce jakosky, of the university of colorado, Laboratory for Atmospheric and Space Physics (LASP) in boulder, co.  The PI will have overall control of the MAVEN project. He will provide science leadership for the MAVEN mission and manage education and public outreach.  This effort applies to lasp and covers phases a, b, c, d, and E of the MAVEN mission.  Under phase a of this contract, the contractor is responsible for schedule management, providing technical progress reports, and mission reviews.  Under phase b, the contractor is responsible for supporting requirements analysis, project plans, preliminary design reviews, monthly status reviews, quarterly team meetings, E/po activities, and the preliminary science data management plan.  Under phases c and d, the contractor is responsible for supporting monthly status reviews, quarterly team reviews, responding to action items that result from meetings/reviews, supporting formal reviews and launch site activities, and management of E/po activities.  Under phase E, the contractor is responsible for providing overall management of the MAVEN science Program and data analysis activities, ensuring delivery of MAVEN science data products, mission documentation, and analytical software tools into PDS, participating in analysis and resolution of spacecraft anomalies, as necessary, providing overall management of E/po activities per E/po plan, presenting scientific results at national conferences and in scientific literature, and providing contract closeout support.",https://www.usaspending.gov/award/CONT_AWD_NNH10CC04C_8000_-NONE-_-NONE-/
NNH10CC04C,2026,3,2725175.37,0.0,False,080-0120,"Science, National Aeronautics and Space Administration",The Regents of the University of Colorado,7d586cfa-95f6-0e31-3589-fbd59b788eda-C,"NASA headquarters (HQ) manages the Mars Exploration Program (MEP), which selected the Mars atmosphere and volatile evolution (MAVEN) project as a Mars scout mission.  The MAVEN Principal Investigator (PI) is Dr. Bruce jakosky, of the university of colorado, Laboratory for Atmospheric and Space Physics (LASP) in boulder, co.  The PI will have overall control of the MAVEN project. He will provide science leadership for the MAVEN mission and manage education and public outreach.  This effort applies to lasp and covers phases a, b, c, d, and E of the MAVEN mission.  Under phase a of this contract, the contractor is responsible for schedule management, providing technical progress reports, and mission reviews.  Under phase b, the contractor is responsible for supporting requirements analysis, project plans, preliminary design reviews, monthly status reviews, quarterly team meetings, E/po activities, and the preliminary science data management plan.  Under phases c and d, the contractor is responsible for supporting monthly status reviews, quarterly team reviews, responding to action items that result from meetings/reviews, supporting formal reviews and launch site activities, and management of E/po activities.  Under phase E, the contractor is responsible for providing overall management of the MAVEN science Program and data analysis activities, ensuring delivery of MAVEN science data products, mission documentation, and analytical software tools into PDS, participating in analysis and resolution of spacecraft anomalies, as necessary, providing overall management of E/po activities per E/po plan, presenting scientific results at national conferences and in scientific literature, and providing contract closeout support.",https://www.usaspending.gov/award/CONT_AWD_NNH10CC04C_8000_-NONE-_-NONE-/
NNH10CC04C,2026,3,0.0,2700000.00,False,080-0120,"Science, National Aeronautics and Space Administration",The Regents of the University of Colorado,7d586cfa-95f6-0e31-3589-fbd59b788eda-C,"NASA headquarters (HQ) manages the Mars Exploration Program (MEP), which selected the Mars atmosphere and volatile evolution (MAVEN) project as a Mars scout mission.  The MAVEN Principal Investigator (PI) is Dr. Bruce jakosky, of the university of colorado, Laboratory for Atmospheric and Space Physics (LASP) in boulder, co.  The PI will have overall control of the MAVEN project. He will provide science leadership for the MAVEN mission and manage education and public outreach.  This effort applies to lasp and covers phases a, b, c, d, and E of the MAVEN mission.  Under phase a of this contract, the contractor is responsible for schedule management, providing technical progress reports, and mission reviews.  Under phase b, the contractor is responsible for supporting requirements analysis, project plans, preliminary design reviews, monthly status reviews, quarterly team meetings, E/po activities, and the preliminary science data management plan.  Under phases c and d, the contractor is responsible for supporting monthly status reviews, quarterly team reviews, responding to action items that result from meetings/reviews, supporting formal reviews and launch site activities, and management of E/po activities.  Under phase E, the contractor is responsible for providing overall management of the MAVEN science Program and data analysis activities, ensuring delivery of MAVEN science data products, mission documentation, and analytical software tools into PDS, participating in analysis and resolution of spacecraft anomalies, as necessary, providing overall management of E/po activities per E/po plan, presenting scientific results at national conferences and in scientific literature, and providing contract closeout support.",https://www.usaspending.gov/award/CONT_AWD_NNH10CC04C_8000_-NONE-_-NONE-/
NNH10CC04C,2026,2,1994285.50,0.0,False,080-0120,"Science, National Aeronautics and Space Administration",The Regents of the University of Colorado,7d586cfa-95f6-0e31-3589-fbd59b788eda-C,"NASA headquarters (HQ) manages the Mars Exploration Program (MEP), which selected the Mars atmosphere and volatile evolution (MAVEN) project as a Mars scout mission.  The MAVEN Principal Investigator (PI) is Dr. Bruce jakosky, of the university of colorado, Laboratory for Atmospheric and Space Physics (LASP) in boulder, co.  The PI will have overall control of the MAVEN project. He will provide science leadership for the MAVEN mission and manage education and public outreach.  This effort applies to lasp and covers phases a, b, c, d, and E of the MAVEN mission.  Under phase a of this contract, the contractor is responsible for schedule management, providing technical progress reports, and mission reviews.  Under phase b, the contractor is responsible for supporting requirements analysis, project plans, preliminary design reviews, monthly status reviews, quarterly team meetings, E/po activities, and the preliminary science data management plan.  Under phases c and d, the contractor is responsible for supporting monthly status reviews, quarterly team reviews, responding to action items that result from meetings/reviews, supporting formal reviews and launch site activities, and management of E/po activities.  Under phase E, the contractor is responsible for providing overall management of the MAVEN science Program and data analysis activities, ensuring delivery of MAVEN science data products, mission documentation, and analytical software tools into PDS, participating in analysis and resolution of spacecraft anomalies, as necessary, providing overall management of E/po activities per E/po plan, presenting scientific results at national conferences and in scientific literature, and providing contract closeout support.",https://www.usaspending.gov/award/CONT_AWD_NNH10CC04C_8000_-NONE-_-NONE-/
NNH10CC04C,2026,2,0.0,2000000.00,False,080-0120,"Science, National Aeronautics and Space Administration",The Regents of the University of Colorado,7d586cfa-95f6-0e31-3589-fbd59b788eda-C,"NASA headquarters (HQ) manages the Mars Exploration Program (MEP), which selected the Mars atmosphere and volatile evolution (MAVEN) project as a Mars scout mission.  The MAVEN Principal Investigator (PI) is Dr. Bruce jakosky, of the university of colorado, Laboratory for Atmospheric and Space Physics (LASP) in boulder, co.  The PI will have overall control of the MAVEN project. He will provide science leadership for the MAVEN mission and manage education and public outreach.  This effort applies to lasp and covers phases a, b, c, d, and E of the MAVEN mission.  Under phase a of this contract, the contractor is responsible for schedule management, providing technical progress reports, and mission reviews.  Under phase b, the contractor is responsible for supporting requirements analysis, project plans, preliminary design reviews, monthly status reviews, quarterly team meetings, E/po activities, and the preliminary science data management plan.  Under phases c and d, the contractor is responsible for supporting monthly status reviews, quarterly team reviews, responding to action items that result from meetings/reviews, supporting formal reviews and launch site activities, and management of E/po activities.  Under phase E, the contractor is responsible for providing overall management of the MAVEN science Program and data analysis activities, ensuring delivery of MAVEN science data products, mission documentation, and analytical software tools into PDS, participating in analysis and resolution of spacecraft anomalies, as necessary, providing overall management of E/po activities per E/po plan, presenting scientific results at national conferences and in scientific literature, and providing contract closeout support.",https://www.usaspending.gov/award/CONT_AWD_NNH10CC04C_8000_-NONE-_-NONE-/
NNH10CC04C,2025,12,4520226.61,0.0,False,080-0120,"Science, National Aeronautics and Space Administration",The Regents of the University of Colorado,7d586cfa-95f6-0e31-3589-fbd59b788eda-C,"NASA headquarters (HQ) manages the Mars Exploration Program (MEP), which selected the Mars atmosphere and volatile evolution (MAVEN) project as a Mars scout mission.  The MAVEN Principal Investigator (PI) is Dr. Bruce jakosky, of the university of colorado, Laboratory for Atmospheric and Space Physics (LASP) in boulder, co.  The PI will have overall control of the MAVEN project. He will provide science leadership for the MAVEN mission and manage education and public outreach.  This effort applies to lasp and covers phases a, b, c, d, and E of the MAVEN mission.  Under phase a of this contract, the contractor is responsible for schedule management, providing technical progress reports, and mission reviews.  Under phase b, the contractor is responsible for supporting requirements analysis, project plans, preliminary design reviews, monthly status reviews, quarterly team meetings, E/po activities, and the preliminary science data management plan.  Under phases c and d, the contractor is responsible for supporting monthly status reviews, quarterly team reviews, responding to action items that result from meetings/reviews, supporting formal reviews and launch site activities, and management of E/po activities.  Under phase E, the contractor is responsible for providing overall management of the MAVEN science Program and data analysis activities, ensuring delivery of MAVEN science data products, mission documentation, and analytical software tools into PDS, participating in analysis and resolution of spacecraft anomalies, as necessary, providing overall management of E/po activities per E/po plan, presenting scientific results at national conferences and in scientific literature, and providing contract closeout support.",https://www.usaspending.gov/award/CONT_AWD_NNH10CC04C_8000_-NONE-_-NONE-/
NNH10CC04C,2025,12,5435973.98,0.0,False,080-0120,"Science, National Aeronautics and Space Administration",The Regents of the University of Colorado,7d586cfa-95f6-0e31-3589-fbd59b788eda-C,"NASA headquarters (HQ) manages the Mars Exploration Program (MEP), which selected the Mars atmosphere and volatile evolution (MAVEN) project as a Mars scout mission.  The MAVEN Principal Investigator (PI) is Dr. Bruce jakosky, of the university of colorado, Laboratory for Atmospheric and Space Physics (LASP) in boulder, co.  The PI will have overall control of the MAVEN project. He will provide science leadership for the MAVEN mission and manage education and public outreach.  This effort applies to lasp and covers phases a, b, c, d, and E of the MAVEN mission.  Under phase a of this contract, the contractor is responsible for schedule management, providing technical progress reports, and mission reviews.  Under phase b, the contractor is responsible for supporting requirements analysis, project plans, preliminary design reviews, monthly status reviews, quarterly team meetings, E/po activities, and the preliminary science data management plan.  Under phases c and d, the contractor is responsible for supporting monthly status reviews, quarterly team reviews, responding to action items that result from meetings/reviews, supporting formal reviews and launch site activities, and management of E/po activities.  Under phase E, the contractor is responsible for providing overall management of the MAVEN science Program and data analysis activities, ensuring delivery of MAVEN science data products, mission documentation, and analytical software tools into PDS, participating in analysis and resolution of spacecraft anomalies, as necessary, providing overall management of E/po activities per E/po plan, presenting scientific results at national conferences and in scientific literature, and providing contract closeout support.",https://www.usaspending.gov/award/CONT_AWD_NNH10CC04C_8000_-NONE-_-NONE-/
NNH10CC04C,2025,11,5435973.98,0.0,False,080-0120,"Science, National Aeronautics and Space Administration",The Regents of the University of Colorado,7d586cfa-95f6-0e31-3589-fbd59b788eda-C,"NASA headquarters (HQ) manages the Mars Exploration Program (MEP), which selected the Mars atmosphere and volatile evolution (MAVEN) project as a Mars scout mission.  The MAVEN Principal Investigator (PI) is Dr. Bruce jakosky, of the university of colorado, Laboratory for Atmospheric and Space Physics (LASP) in boulder, co.  The PI will have overall control of the MAVEN project. He will provide science leadership for the MAVEN mission and manage education and public outreach.  This effort applies to lasp and covers phases a, b, c, d, and E of the MAVEN mission.  Under phase a of this contract, the contractor is responsible for schedule management, providing technical progress reports, and mission reviews.  Under phase b, the contractor is responsible for supporting requirements analysis, project plans, preliminary design reviews, monthly status reviews, quarterly team meetings, E/po activities, and the preliminary science data management plan.  Under phases c and d, the contractor is responsible for supporting monthly status reviews, quarterly team reviews, responding to action items that result from meetings/reviews, supporting formal reviews and launch site activities, and management of E/po activities.  Under phase E, the contractor is responsible for providing overall management of the MAVEN science Program and data analysis activities, ensuring delivery of MAVEN science data products, mission documentation, and analytical software tools into PDS, participating in analysis and resolution of spacecraft anomalies, as necessary, providing overall management of E/po activities per E/po plan, presenting scientific results at national conferences and in scientific literature, and providing contract closeout support.",https://www.usaspending.gov/award/CONT_AWD_NNH10CC04C_8000_-NONE-_-NONE-/
NNH10CC04C,2025,11,2780489.56,0.0,False,080-0120,"Science, National Aeronautics and Space Administration",The Regents of the University of Colorado,7d586cfa-95f6-0e31-3589-fbd59b788eda-C,"NASA headquarters (HQ) manages the Mars Exploration Program (MEP), which selected the Mars atmosphere and volatile evolution (MAVEN) project as a Mars scout mission.  The MAVEN Principal Investigator (PI) is Dr. Bruce jakosky, of the university of colorado, Laboratory for Atmospheric and Space Physics (LASP) in boulder, co.  The PI will have overall control of the MAVEN project. He will provide science leadership for the MAVEN mission and manage education and public outreach.  This effort applies to lasp and covers phases a, b, c, d, and E of the MAVEN mission.  Under phase a of this contract, the contractor is responsible for schedule management, providing technical progress reports, and mission reviews.  Under phase b, the contractor is responsible for supporting requirements analysis, project plans, preliminary design reviews, monthly status reviews, quarterly team meetings, E/po activities, and the preliminary science data management plan.  Under phases c and d, the contractor is responsible for supporting monthly status reviews, quarterly team reviews, responding to action items that result from meetings/reviews, supporting formal reviews and launch site activities, and management of E/po activities.  Under phase E, the contractor is responsible for providing overall management of the MAVEN science Program and data analysis activities, ensuring delivery of MAVEN science data products, mission documentation, and analytical software tools into PDS, participating in analysis and resolution of spacecraft anomalies, as necessary, providing overall management of E/po activities per E/po plan, presenting scientific results at national conferences and in scientific literature, and providing contract closeout support.",https://www.usaspending.gov/award/CONT_AWD_NNH10CC04C_8000_-NONE-_-NONE-/
NNH10CC04C,2025,10,0.0,2596602.00,False,080-0120,"Science, National Aeronautics and Space Administration",The Regents of the University of Colorado,7d586cfa-95f6-0e31-3589-fbd59b788eda-C,"NASA headquarters (HQ) manages the Mars Exploration Program (MEP), which selected the Mars atmosphere and volatile evolution (MAVEN) project as a Mars scout mission.  The MAVEN Principal Investigator (PI) is Dr. Bruce jakosky, of the university of colorado, Laboratory for Atmospheric and Space Physics (LASP) in boulder, co.  The PI will have overall control of the MAVEN project. He will provide science leadership for the MAVEN mission and manage education and public outreach.  This effort applies to lasp and covers phases a, b, c, d, and E of the MAVEN mission.  Under phase a of this contract, the contractor is responsible for schedule management, providing technical progress reports, and mission reviews.  Under phase b, the contractor is responsible for supporting requirements analysis, project plans, preliminary design reviews, monthly status reviews, quarterly team meetings, E/po activities, and the preliminary science data management plan.  Under phases c and d, the contractor is responsible for supporting monthly status reviews, quarterly team reviews, responding to action items that result from meetings/reviews, supporting formal reviews and launch site activities, and management of E/po activities.  Under phase E, the contractor is responsible for providing overall management of the MAVEN science Program and data analysis activities, ensuring delivery of MAVEN science data products, mission documentation, and analytical software tools into PDS, participating in analysis and resolution of spacecraft anomalies, as necessary, providing overall management of E/po activities per E/po plan, presenting scientific results at national conferences and in scientific literature, and providing contract closeout support.",https://www.usaspending.gov/award/CONT_AWD_NNH10CC04C_8000_-NONE-_-NONE-/
NNH10CC04C,2025,10,5435973.98,0.0,False,080-0120,"Science, National Aeronautics and Space Administration",The Regents of the University of Colorado,7d586cfa-95f6-0e31-3589-fbd59b788eda-C,"NASA headquarters (HQ) manages the Mars Exploration Program (MEP), which selected the Mars atmosphere and volatile evolution (MAVEN) project as a Mars scout mission.  The MAVEN Principal Investigator (PI) is Dr. Bruce jakosky, of the university of colorado, Laboratory for Atmospheric and Space Physics (LASP) in boulder, co.  The PI will have overall control of the MAVEN project. He will provide science leadership for the MAVEN mission and manage education and public outreach.  This effort applies to lasp and covers phases a, b, c, d, and E of the MAVEN mission.  Under phase a of this contract, the contractor is responsible for schedule management, providing technical progress reports, and mission reviews.  Under phase b, the contractor is responsible for supporting requirements analysis, project plans, preliminary design reviews, monthly status reviews, quarterly team meetings, E/po activities, and the preliminary science data management plan.  Under phases c and d, the contractor is responsible for supporting monthly status reviews, quarterly team reviews, responding to action items that result from meetings/reviews, supporting formal reviews and launch site activities, and management of E/po activities.  Under phase E, the contractor is responsible for providing overall management of the MAVEN science Program and data analysis activities, ensuring delivery of MAVEN science data products, mission documentation, and analytical software tools into PDS, participating in analysis and resolution of spacecraft anomalies, as necessary, providing overall management of E/po activities per E/po plan, presenting scientific results at national conferences and in scientific literature, and providing contract closeout support.",https://www.usaspending.gov/award/CONT_AWD_NNH10CC04C_8000_-NONE-_-NONE-/
NNH10CC04C,2025,10,2780489.56,0.0,False,080-0120,"Science, National Aeronautics and Space Administration",The Regents of the University of Colorado,7d586cfa-95f6-0e31-3589-fbd59b788eda-C,"NASA headquarters (HQ) manages the Mars Exploration Program (MEP), which selected the Mars atmosphere and volatile evolution (MAVEN) project as a Mars scout mission.  The MAVEN Principal Investigator (PI) is Dr. Bruce jakosky, of the university of colorado, Laboratory for Atmospheric and Space Physics (LASP) in boulder, co.  The PI will have overall control of the MAVEN project. He will provide science leadership for the MAVEN mission and manage education and public outreach.  This effort applies to lasp and covers phases a, b, c, d, and E of the MAVEN mission.  Under phase a of this contract, the contractor is responsible for schedule management, providing technical progress reports, and mission reviews.  Under phase b, the contractor is responsible for supporting requirements analysis, project plans, preliminary design reviews, monthly status reviews, quarterly team meetings, E/po activities, and the preliminary science data management plan.  Under phases c and d, the contractor is responsible for supporting monthly status reviews, quarterly team reviews, responding to action items that result from meetings/reviews, supporting formal reviews and launch site activities, and management of E/po activities.  Under phase E, the contractor is responsible for providing overall management of the MAVEN science Program and data analysis activities, ensuring delivery of MAVEN science data products, mission documentation, and analytical software tools into PDS, participating in analysis and resolution of spacecraft anomalies, as necessary, providing overall management of E/po activities per E/po plan, presenting scientific results at national conferences and in scientific literature, and providing contract closeout support.",https://www.usaspending.gov/award/CONT_AWD_NNH10CC04C_8000_-NONE-_-NONE-/
NNH10CC04C,2025,9,0.0,2446363.50,False,080-0120,"Science, National Aeronautics and Space Administration",The Regents of the University of Colorado,7d586cfa-95f6-0e31-3589-fbd59b788eda-C,"NASA headquarters (HQ) manages the Mars Exploration Program (MEP), which selected the Mars atmosphere and volatile evolution (MAVEN) project as a Mars scout mission.  The MAVEN Principal Investigator (PI) is Dr. Bruce jakosky, of the university of colorado, Laboratory for Atmospheric and Space Physics (LASP) in boulder, co.  The PI will have overall control of the MAVEN project. He will provide science leadership for the MAVEN mission and manage education and public outreach.  This effort applies to lasp and covers phases a, b, c, d, and E of the MAVEN mission.  Under phase a of this contract, the contractor is responsible for schedule management, providing technical progress reports, and mission reviews.  Under phase b, the contractor is responsible for supporting requirements analysis, project plans, preliminary design reviews, monthly status reviews, quarterly team meetings, E/po activities, and the preliminary science data management plan.  Under phases c and d, the contractor is responsible for supporting monthly status reviews, quarterly team reviews, responding to action items that result from meetings/reviews, supporting formal reviews and launch site activities, and management of E/po activities.  Under phase E, the contractor is responsible for providing overall management of the MAVEN science Program and data analysis activities, ensuring delivery of MAVEN science data products, mission documentation, and analytical software tools into PDS, participating in analysis and resolution of spacecraft anomalies, as necessary, providing overall management of E/po activities per E/po plan, presenting scientific results at national conferences and in scientific literature, and providing contract closeout support.",https://www.usaspending.gov/award/CONT_AWD_NNH10CC04C_8000_-NONE-_-NONE-/
NNH10CC04C,2025,9,5435973.98,0.0,False,080-0120,"Science, National Aeronautics and Space Administration",The Regents of the University of Colorado,7d586cfa-95f6-0e31-3589-fbd59b788eda-C,"NASA headquarters (HQ) manages the Mars Exploration Program (MEP), which selected the Mars atmosphere and volatile evolution (MAVEN) project as a Mars scout mission.  The MAVEN Principal Investigator (PI) is Dr. Bruce jakosky, of the university of colorado, Laboratory for Atmospheric and Space Physics (LASP) in boulder, co.  The PI will have overall control of the MAVEN project. He will provide science leadership for the MAVEN mission and manage education and public outreach.  This effort applies to lasp and covers phases a, b, c, d, and E of the MAVEN mission.  Under phase a of this contract, the contractor is responsible for schedule management, providing technical progress reports, and mission reviews.  Under phase b, the contractor is responsible for supporting requirements analysis, project plans, preliminary design reviews, monthly status reviews, quarterly team meetings, E/po activities, and the preliminary science data management plan.  Under phases c and d, the contractor is responsible for supporting monthly status reviews, quarterly team reviews, responding to action items that result from meetings/reviews, supporting formal reviews and launch site activities, and management of E/po activities.  Under phase E, the contractor is responsible for providing overall management of the MAVEN science Program and data analysis activities, ensuring delivery of MAVEN science data products, mission documentation, and analytical software tools into PDS, participating in analysis and resolution of spacecraft anomalies, as necessary, providing overall management of E/po activities per E/po plan, presenting scientific results at national conferences and in scientific literature, and providing contract closeout support.",https://www.usaspending.gov/award/CONT_AWD_NNH10CC04C_8000_-NONE-_-NONE-/
NNH10CC04C,2025,9,1992416.81,0.0,False,080-0120,"Science, National Aeronautics and Space Administration",The Regents of the University of Colorado,7d586cfa-95f6-0e31-3589-fbd59b788eda-C,"NASA headquarters (HQ) manages the Mars Exploration Program (MEP), which selected the Mars atmosphere and volatile evolution (MAVEN) project as a Mars scout mission.  The MAVEN Principal Investigator (PI) is Dr. Bruce jakosky, of the university of colorado, Laboratory for Atmospheric and Space Physics (LASP) in boulder, co.  The PI will have overall control of the MAVEN project. He will provide science leadership for the MAVEN mission and manage education and public outreach.  This effort applies to lasp and covers phases a, b, c, d, and E of the MAVEN mission.  Under phase a of this contract, the contractor is responsible for schedule management, providing technical progress reports, and mission reviews.  Under phase b, the contractor is responsible for supporting requirements analysis, project plans, preliminary design reviews, monthly status reviews, quarterly team meetings, E/po activities, and the preliminary science data management plan.  Under phases c and d, the contractor is responsible for supporting monthly status reviews, quarterly team reviews, responding to action items that result from meetings/reviews, supporting formal reviews and launch site activities, and management of E/po activities.  Under phase E, the contractor is responsible for providing overall management of the MAVEN science Program and data analysis activities, ensuring delivery of MAVEN science data products, mission documentation, and analytical software tools into PDS, participating in analysis and resolution of spacecraft anomalies, as necessary, providing overall management of E/po activities per E/po plan, presenting scientific results at national conferences and in scientific literature, and providing contract closeout support.",https://www.usaspending.gov/award/CONT_AWD_NNH10CC04C_8000_-NONE-_-NONE-/
NNH10CC04C,2025,8,5435973.98,0.0,False,080-0120,"Science, National Aeronautics and Space Administration",The Regents of the University of Colorado,7d586cfa-95f6-0e31-3589-fbd59b788eda-C,"NASA headquarters (HQ) manages the Mars Exploration Program (MEP), which selected the Mars atmosphere and volatile evolution (MAVEN) project as a Mars scout mission.  The MAVEN Principal Investigator (PI) is Dr. Bruce jakosky, of the university of colorado, Laboratory for Atmospheric and Space Physics (LASP) in boulder, co.  The PI will have overall control of the MAVEN project. He will provide science leadership for the MAVEN mission and manage education and public outreach.  This effort applies to lasp and covers phases a, b, c, d, and E of the MAVEN mission.  Under phase a of this contract, the contractor is responsible for schedule management, providing technical progress reports, and mission reviews.  Under phase b, the contractor is responsible for supporting requirements analysis, project plans, preliminary design reviews, monthly status reviews, quarterly team meetings, E/po activities, and the preliminary science data management plan.  Under phases c and d, the contractor is responsible for supporting monthly status reviews, quarterly team reviews, responding to action items that result from meetings/reviews, supporting formal reviews and launch site activities, and management of E/po activities.  Under phase E, the contractor is responsible for providing overall management of the MAVEN science Program and data analysis activities, ensuring delivery of MAVEN science data products, mission documentation, and analytical software tools into PDS, participating in analysis and resolution of spacecraft anomalies, as necessary, providing overall management of E/po activities per E/po plan, presenting scientific results at national conferences and in scientific literature, and providing contract closeout support.",https://www.usaspending.gov/award/CONT_AWD_NNH10CC04C_8000_-NONE-_-NONE-/
NNH10CC04C,2025,8,1131281.51,0.0,False,080-0120,"Science, National Aeronautics and Space Administration",The Regents of the University of Colorado,7d586cfa-95f6-0e31-3589-fbd59b788eda-C,"NASA headquarters (HQ) manages the Mars Exploration Program (MEP), which selected the Mars atmosphere and volatile evolution (MAVEN) project as a Mars scout mission.  The MAVEN Principal Investigator (PI) is Dr. Bruce jakosky, of the university of colorado, Laboratory for Atmospheric and Space Physics (LASP) in boulder, co.  The PI will have overall control of the MAVEN project. He will provide science leadership for the MAVEN mission and manage education and public outreach.  This effort applies to lasp and covers phases a, b, c, d, and E of the MAVEN mission.  Under phase a of this contract, the contractor is responsible for schedule management, providing technical progress reports, and mission reviews.  Under phase b, the contractor is responsible for supporting requirements analysis, project plans, preliminary design reviews, monthly status reviews, quarterly team meetings, E/po activities, and the preliminary science data management plan.  Under phases c and d, the contractor is responsible for supporting monthly status reviews, quarterly team reviews, responding to action items that result from meetings/reviews, supporting formal reviews and launch site activities, and management of E/po activities.  Under phase E, the contractor is responsible for providing overall management of the MAVEN science Program and data analysis activities, ensuring delivery of MAVEN science data products, mission documentation, and analytical software tools into PDS, participating in analysis and resolution of spacecraft anomalies, as necessary, providing overall management of E/po activities per E/po plan, presenting scientific results at national conferences and in scientific literature, and providing contract closeout support.",https://www.usaspending.gov/award/CONT_AWD_NNH10CC04C_8000_-NONE-_-NONE-/
NNH10CC04C,2025,7,5435973.98,0.0,False,080-0120,"Science, National Aeronautics and Space Administration",The Regents of the University of Colorado,7d586cfa-95f6-0e31-3589-fbd59b788eda-C,"NASA headquarters (HQ) manages the Mars Exploration Program (MEP), which selected the Mars atmosphere and volatile evolution (MAVEN) project as a Mars scout mission.  The MAVEN Principal Investigator (PI) is Dr. Bruce jakosky, of the university of colorado, Laboratory for Atmospheric and Space Physics (LASP) in boulder, co.  The PI will have overall control of the MAVEN project. He will provide science leadership for the MAVEN mission and manage education and public outreach.  This effort applies to lasp and covers phases a, b, c, d, and E of the MAVEN mission.  Under phase a of this contract, the contractor is responsible for schedule management, providing technical progress reports, and mission reviews.  Under phase b, the contractor is responsible for supporting requirements analysis, project plans, preliminary design reviews, monthly status reviews, quarterly team meetings, E/po activities, and the preliminary science data management plan.  Under phases c and d, the contractor is responsible for supporting monthly status reviews, quarterly team reviews, responding to action items that result from meetings/reviews, supporting formal reviews and launch site activities, and management of E/po activities.  Under phase E, the contractor is responsible for providing overall management of the MAVEN science Program and data analysis activities, ensuring delivery of MAVEN science data products, mission documentation, and analytical software tools into PDS, participating in analysis and resolution of spacecraft anomalies, as necessary, providing overall management of E/po activities per E/po plan, presenting scientific results at national conferences and in scientific literature, and providing contract closeout support.",https://www.usaspending.gov/award/CONT_AWD_NNH10CC04C_8000_-NONE-_-NONE-/
NNH10CC04C,2025,7,398670.72,0.0,False,080-0120,"Science, National Aeronautics and Space Administration",The Regents of the University of Colorado,7d586cfa-95f6-0e31-3589-fbd59b788eda-C,"NASA headquarters (HQ) manages the Mars Exploration Program (MEP), which selected the Mars atmosphere and volatile evolution (MAVEN) project as a Mars scout mission.  The MAVEN Principal Investigator (PI) is Dr. Bruce jakosky, of the university of colorado, Laboratory for Atmospheric and Space Physics (LASP) in boulder, co.  The PI will have overall control of the MAVEN project. He will provide science leadership for the MAVEN mission and manage education and public outreach.  This effort applies to lasp and covers phases a, b, c, d, and E of the MAVEN mission.  Under phase a of this contract, the contractor is responsible for schedule management, providing technical progress reports, and mission reviews.  Under phase b, the contractor is responsible for supporting requirements analysis, project plans, preliminary design reviews, monthly status reviews, quarterly team meetings, E/po activities, and the preliminary science data management plan.  Under phases c and d, the contractor is responsible for supporting monthly status reviews, quarterly team reviews, responding to action items that result from meetings/reviews, supporting formal reviews and launch site activities, and management of E/po activities.  Under phase E, the contractor is responsible for providing overall management of the MAVEN science Program and data analysis activities, ensuring delivery of MAVEN science data products, mission documentation, and analytical software tools into PDS, participating in analysis and resolution of spacecraft anomalies, as necessary, providing overall management of E/po activities per E/po plan, presenting scientific results at national conferences and in scientific literature, and providing contract closeout support.",https://www.usaspending.gov/award/CONT_AWD_NNH10CC04C_8000_-NONE-_-NONE-/
NNH10CC04C,2025,6,4987899.11,0.0,False,080-0120,"Science, National Aeronautics and Space Administration",The Regents of the University of Colorado,7d586cfa-95f6-0e31-3589-fbd59b788eda-C,"NASA headquarters (HQ) manages the Mars Exploration Program (MEP), which selected the Mars atmosphere and volatile evolution (MAVEN) project as a Mars scout mission.  The MAVEN Principal Investigator (PI) is Dr. Bruce jakosky, of the university of colorado, Laboratory for Atmospheric and Space Physics (LASP) in boulder, co.  The PI will have overall control of the MAVEN project. He will provide science leadership for the MAVEN mission and manage education and public outreach.  This effort applies to lasp and covers phases a, b, c, d, and E of the MAVEN mission.  Under phase a of this contract, the contractor is responsible for schedule management, providing technical progress reports, and mission reviews.  Under phase b, the contractor is responsible for supporting requirements analysis, project plans, preliminary design reviews, monthly status reviews, quarterly team meetings, E/po activities, and the preliminary science data management plan.  Under phases c and d, the contractor is responsible for supporting monthly status reviews, quarterly team reviews, responding to action items that result from meetings/reviews, supporting formal reviews and launch site activities, and management of E/po activities.  Under phase E, the contractor is responsible for providing overall management of the MAVEN science Program and data analysis activities, ensuring delivery of MAVEN science data products, mission documentation, and analytical software tools into PDS, participating in analysis and resolution of spacecraft anomalies, as necessary, providing overall management of E/po activities per E/po plan, presenting scientific results at national conferences and in scientific literature, and providing contract closeout support.",https://www.usaspending.gov/award/CONT_AWD_NNH10CC04C_8000_-NONE-_-NONE-/
NNH10CC04C,2025,5,0.0,1489242.50,False,080-0120,"Science, National Aeronautics and Space Administration",The Regents of the University of Colorado,7d586cfa-95f6-0e31-3589-fbd59b788eda-C,"NASA headquarters (HQ) manages the Mars Exploration Program (MEP), which selected the Mars atmosphere and volatile evolution (MAVEN) project as a Mars scout mission.  The MAVEN Principal Investigator (PI) is Dr. Bruce jakosky, of the university of colorado, Laboratory for Atmospheric and Space Physics (LASP) in boulder, co.  The PI will have overall control of the MAVEN project. He will provide science leadership for the MAVEN mission and manage education and public outreach.  This effort applies to lasp and covers phases a, b, c, d, and E of the MAVEN mission.  Under phase a of this contract, the contractor is responsible for schedule management, providing technical progress reports, and mission reviews.  Under phase b, the contractor is responsible for supporting requirements analysis, project plans, preliminary design reviews, monthly status reviews, quarterly team meetings, E/po activities, and the preliminary science data management plan.  Under phases c and d, the contractor is responsible for supporting monthly status reviews, quarterly team reviews, responding to action items that result from meetings/reviews, supporting formal reviews and launch site activities, and management of E/po activities.  Under phase E, the contractor is responsible for providing overall management of the MAVEN science Program and data analysis activities, ensuring delivery of MAVEN science data products, mission documentation, and analytical software tools into PDS, participating in analysis and resolution of spacecraft anomalies, as necessary, providing overall management of E/po activities per E/po plan, presenting scientific results at national conferences and in scientific literature, and providing contract closeout support.",https://www.usaspending.gov/award/CONT_AWD_NNH10CC04C_8000_-NONE-_-NONE-/
NNH10CC04C,2025,5,3727742.86,0.0,False,080-0120,"Science, National Aeronautics and Space Administration",The Regents of the University of Colorado,7d586cfa-95f6-0e31-3589-fbd59b788eda-C,"NASA headquarters (HQ) manages the Mars Exploration Program (MEP), which selected the Mars atmosphere and volatile evolution (MAVEN) project as a Mars scout mission.  The MAVEN Principal Investigator (PI) is Dr. Bruce jakosky, of the university of colorado, Laboratory for Atmospheric and Space Physics (LASP) in boulder, co.  The PI will have overall control of the MAVEN project. He will provide science leadership for the MAVEN mission and manage education and public outreach.  This effort applies to lasp and covers phases a, b, c, d, and E of the MAVEN mission.  Under phase a of this contract, the contractor is responsible for schedule management, providing technical progress reports, and mission reviews.  Under phase b, the contractor is responsible for supporting requirements analysis, project plans, preliminary design reviews, monthly status reviews, quarterly team meetings, E/po activities, and the preliminary science data management plan.  Under phases c and d, the contractor is responsible for supporting monthly status reviews, quarterly team reviews, responding to action items that result from meetings/reviews, supporting formal reviews and launch site activities, and management of E/po activities.  Under phase E, the contractor is responsible for providing overall management of the MAVEN science Program and data analysis activities, ensuring delivery of MAVEN science data products, mission documentation, and analytical software tools into PDS, participating in analysis and resolution of spacecraft anomalies, as necessary, providing overall management of E/po activities per E/po plan, presenting scientific results at national conferences and in scientific literature, and providing contract closeout support.",https://www.usaspending.gov/award/CONT_AWD_NNH10CC04C_8000_-NONE-_-NONE-/
NNH10CC04C,2025,4,3321736.41,0.0,False,080-0120,"Science, National Aeronautics and Space Administration",The Regents of the University of Colorado,7d586cfa-95f6-0e31-3589-fbd59b788eda-C,"NASA headquarters (HQ) manages the Mars Exploration Program (MEP), which selected the Mars atmosphere and volatile evolution (MAVEN) project as a Mars scout mission.  The MAVEN Principal Investigator (PI) is Dr. Bruce jakosky, of the university of colorado, Laboratory for Atmospheric and Space Physics (LASP) in boulder, co.  The PI will have overall control of the MAVEN project. He will provide science leadership for the MAVEN mission and manage education and public outreach.  This effort applies to lasp and covers phases a, b, c, d, and E of the MAVEN mission.  Under phase a of this contract, the contractor is responsible for schedule management, providing technical progress reports, and mission reviews.  Under phase b, the contractor is responsible for supporting requirements analysis, project plans, preliminary design reviews, monthly status reviews, quarterly team meetings, E/po activities, and the preliminary science data management plan.  Under phases c and d, the contractor is responsible for supporting monthly status reviews, quarterly team reviews, responding to action items that result from meetings/reviews, supporting formal reviews and launch site activities, and management of E/po activities.  Under phase E, the contractor is responsible for providing overall management of the MAVEN science Program and data analysis activities, ensuring delivery of MAVEN science data products, mission documentation, and analytical software tools into PDS, participating in analysis and resolution of spacecraft anomalies, as necessary, providing overall management of E/po activities per E/po plan, presenting scientific results at national conferences and in scientific literature, and providing contract closeout support.",https://www.usaspending.gov/award/CONT_AWD_NNH10CC04C_8000_-NONE-_-NONE-/
NNH10CC04C,2025,4,0.0,1324121.00,False,080-0120,"Science, National Aeronautics and Space Administration",The Regents of the University of Colorado,7d586cfa-95f6-0e31-3589-fbd59b788eda-C,"NASA headquarters (HQ) manages the Mars Exploration Program (MEP), which selected the Mars atmosphere and volatile evolution (MAVEN) project as a Mars scout mission.  The MAVEN Principal Investigator (PI) is Dr. Bruce jakosky, of the university of colorado, Laboratory for Atmospheric and Space Physics (LASP) in boulder, co.  The PI will have overall control of the MAVEN project. He will provide science leadership for the MAVEN mission and manage education and public outreach.  This effort applies to lasp and covers phases a, b, c, d, and E of the MAVEN mission.  Under phase a of this contract, the contractor is responsible for schedule management, providing technical progress reports, and mission reviews.  Under phase b, the contractor is responsible for supporting requirements analysis, project plans, preliminary design reviews, monthly status reviews, quarterly team meetings, E/po activities, and the preliminary science data management plan.  Under phases c and d, the contractor is responsible for supporting monthly status reviews, quarterly team reviews, responding to action items that result from meetings/reviews, supporting formal reviews and launch site activities, and management of E/po activities.  Under phase E, the contractor is responsible for providing overall management of the MAVEN science Program and data analysis activities, ensuring delivery of MAVEN science data products, mission documentation, and analytical software tools into PDS, participating in analysis and resolution of spacecraft anomalies, as necessary, providing overall management of E/po activities per E/po plan, presenting scientific results at national conferences and in scientific literature, and providing contract closeout support.",https://www.usaspending.gov/award/CONT_AWD_NNH10CC04C_8000_-NONE-_-NONE-/
NNH10CC04C,2025,3,2342771.33,0.0,False,080-0120,"Science, National Aeronautics and Space Administration",The Regents of the University of Colorado,7d586cfa-95f6-0e31-3589-fbd59b788eda-C,"NASA headquarters (HQ) manages the Mars Exploration Program (MEP), which selected the Mars atmosphere and volatile evolution (MAVEN) project as a Mars scout mission.  The MAVEN Principal Investigator (PI) is Dr. Bruce jakosky, of the university of colorado, Laboratory for Atmospheric and Space Physics (LASP) in boulder, co.  The PI will have overall control of the MAVEN project. He will provide science leadership for the MAVEN mission and manage education and public outreach.  This effort applies to lasp and covers phases a, b, c, d, and E of the MAVEN mission.  Under phase a of this contract, the contractor is responsible for schedule management, providing technical progress reports, and mission reviews.  Under phase b, the contractor is responsible for supporting requirements analysis, project plans, preliminary design reviews, monthly status reviews, quarterly team meetings, E/po activities, and the preliminary science data management plan.  Under phases c and d, the contractor is responsible for supporting monthly status reviews, quarterly team reviews, responding to action items that result from meetings/reviews, supporting formal reviews and launch site activities, and management of E/po activities.  Under phase E, the contractor is responsible for providing overall management of the MAVEN science Program and data analysis activities, ensuring delivery of MAVEN science data products, mission documentation, and analytical software tools into PDS, participating in analysis and resolution of spacecraft anomalies, as necessary, providing overall management of E/po activities per E/po plan, presenting scientific results at national conferences and in scientific literature, and providing contract closeout support.",https://www.usaspending.gov/award/CONT_AWD_NNH10CC04C_8000_-NONE-_-NONE-/
NNH10CC04C,2025,3,0.0,1333000.00,False,080-0120,"Science, National Aeronautics and Space Administration",The Regents of the University of Colorado,7d586cfa-95f6-0e31-3589-fbd59b788eda-C,"NASA headquarters (HQ) manages the Mars Exploration Program (MEP), which selected the Mars atmosphere and volatile evolution (MAVEN) project as a Mars scout mission.  The MAVEN Principal Investigator (PI) is Dr. Bruce jakosky, of the university of colorado, Laboratory for Atmospheric and Space Physics (LASP) in boulder, co.  The PI will have overall control of the MAVEN project. He will provide science leadership for the MAVEN mission and manage education and public outreach.  This effort applies to lasp and covers phases a, b, c, d, and E of the MAVEN mission.  Under phase a of this contract, the contractor is responsible for schedule management, providing technical progress reports, and mission reviews.  Under phase b, the contractor is responsible for supporting requirements analysis, project plans, preliminary design reviews, monthly status reviews, quarterly team meetings, E/po activities, and the preliminary science data management plan.  Under phases c and d, the contractor is responsible for supporting monthly status reviews, quarterly team reviews, responding to action items that result from meetings/reviews, supporting formal reviews and launch site activities, and management of E/po activities.  Under phase E, the contractor is responsible for providing overall management of the MAVEN science Program and data analysis activities, ensuring delivery of MAVEN science data products, mission documentation, and analytical software tools into PDS, participating in analysis and resolution of spacecraft anomalies, as necessary, providing overall management of E/po activities per E/po plan, presenting scientific results at national conferences and in scientific literature, and providing contract closeout support.",https://www.usaspending.gov/award/CONT_AWD_NNH10CC04C_8000_-NONE-_-NONE-/
NNH10CC04C,2025,3,0.0,501752.18,False,080-0120,"Science, National Aeronautics and Space Administration",The Regents of the University of Colorado,7d586cfa-95f6-0e31-3589-fbd59b788eda-C,"NASA headquarters (HQ) manages the Mars Exploration Program (MEP), which selected the Mars atmosphere and volatile evolution (MAVEN) project as a Mars scout mission.  The MAVEN Principal Investigator (PI) is Dr. Bruce jakosky, of the university of colorado, Laboratory for Atmospheric and Space Physics (LASP) in boulder, co.  The PI will have overall control of the MAVEN project. He will provide science leadership for the MAVEN mission and manage education and public outreach.  This effort applies to lasp and covers phases a, b, c, d, and E of the MAVEN mission.  Under phase a of this contract, the contractor is responsible for schedule management, providing technical progress reports, and mission reviews.  Under phase b, the contractor is responsible for supporting requirements analysis, project plans, preliminary design reviews, monthly status reviews, quarterly team meetings, E/po activities, and the preliminary science data management plan.  Under phases c and d, the contractor is responsible for supporting monthly status reviews, quarterly team reviews, responding to action items that result from meetings/reviews, supporting formal reviews and launch site activities, and management of E/po activities.  Under phase E, the contractor is responsible for providing overall management of the MAVEN science Program and data analysis activities, ensuring delivery of MAVEN science data products, mission documentation, and analytical software tools into PDS, participating in analysis and resolution of spacecraft anomalies, as necessary, providing overall management of E/po activities per E/po plan, presenting scientific results at national conferences and in scientific literature, and providing contract closeout support.",https://www.usaspending.gov/award/CONT_AWD_NNH10CC04C_8000_-NONE-_-NONE-/
NNH10CC04C,2025,2,1705491.09,0.0,False,080-0120,"Science, National Aeronautics and Space Administration",The Regents of the University of Colorado,7d586cfa-95f6-0e31-3589-fbd59b788eda-C,"NASA headquarters (HQ) manages the Mars Exploration Program (MEP), which selected the Mars atmosphere and volatile evolution (MAVEN) project as a Mars scout mission.  The MAVEN Principal Investigator (PI) is Dr. Bruce jakosky, of the university of colorado, Laboratory for Atmospheric and Space Physics (LASP) in boulder, co.  The PI will have overall control of the MAVEN project. He will provide science leadership for the MAVEN mission and manage education and public outreach.  This effort applies to lasp and covers phases a, b, c, d, and E of the MAVEN mission.  Under phase a of this contract, the contractor is responsible for schedule management, providing technical progress reports, and mission reviews.  Under phase b, the contractor is responsible for supporting requirements analysis, project plans, preliminary design reviews, monthly status reviews, quarterly team meetings, E/po activities, and the preliminary science data management plan.  Under phases c and d, the contractor is responsible for supporting monthly status reviews, quarterly team reviews, responding to action items that result from meetings/reviews, supporting formal reviews and launch site activities, and management of E/po activities.  Under phase E, the contractor is responsible for providing overall management of the MAVEN science Program and data analysis activities, ensuring delivery of MAVEN science data products, mission documentation, and analytical software tools into PDS, participating in analysis and resolution of spacecraft anomalies, as necessary, providing overall management of E/po activities per E/po plan, presenting scientific results at national conferences and in scientific literature, and providing contract closeout support.",https://www.usaspending.gov/award/CONT_AWD_NNH10CC04C_8000_-NONE-_-NONE-/
NNH10CC04C,2024,12,4919328.90,0.0,False,080-0120,"Science, National Aeronautics and Space Administration",The Regents of the University of Colorado,7d586cfa-95f6-0e31-3589-fbd59b788eda-C,"NASA headquarters (HQ) manages the Mars Exploration Program (MEP), which selected the Mars atmosphere and volatile evolution (MAVEN) project as a Mars scout mission.  The MAVEN Principal Investigator (PI) is Dr. Bruce jakosky, of the university of colorado, Laboratory for Atmospheric and Space Physics (LASP) in boulder, co.  The PI will have overall control of the MAVEN project. He will provide science leadership for the MAVEN mission and manage education and public outreach.  This effort applies to lasp and covers phases a, b, c, d, and E of the MAVEN mission.  Under phase a of this contract, the contractor is responsible for schedule management, providing technical progress reports, and mission reviews.  Under phase b, the contractor is responsible for supporting requirements analysis, project plans, preliminary design reviews, monthly status reviews, quarterly team meetings, E/po activities, and the preliminary science data management plan.  Under phases c and d, the contractor is responsible for supporting monthly status reviews, quarterly team reviews, responding to action items that result from meetings/reviews, supporting formal reviews and launch site activities, and management of E/po activities.  Under phase E, the contractor is responsible for providing overall management of the MAVEN science Program and data analysis activities, ensuring delivery of MAVEN science data products, mission documentation, and analytical software tools into PDS, participating in analysis and resolution of spacecraft anomalies, as necessary, providing overall management of E/po activities per E/po plan, presenting scientific results at national conferences and in scientific literature, and providing contract closeout support.",https://www.usaspending.gov/award/CONT_AWD_NNH10CC04C_8000_-NONE-_-NONE-/
NNH10CC04C,2024,12,4943983.20,0.0,False,080-0120,"Science, National Aeronautics and Space Administration",The Regents of the University of Colorado,7d586cfa-95f6-0e31-3589-fbd59b788eda-C,"NASA headquarters (HQ) manages the Mars Exploration Program (MEP), which selected the Mars atmosphere and volatile evolution (MAVEN) project as a Mars scout mission.  The MAVEN Principal Investigator (PI) is Dr. Bruce jakosky, of the university of colorado, Laboratory for Atmospheric and Space Physics (LASP) in boulder, co.  The PI will have overall control of the MAVEN project. He will provide science leadership for the MAVEN mission and manage education and public outreach.  This effort applies to lasp and covers phases a, b, c, d, and E of the MAVEN mission.  Under phase a of this contract, the contractor is responsible for schedule management, providing technical progress reports, and mission reviews.  Under phase b, the contractor is responsible for supporting requirements analysis, project plans, preliminary design reviews, monthly status reviews, quarterly team meetings, E/po activities, and the preliminary science data management plan.  Under phases c and d, the contractor is responsible for supporting monthly status reviews, quarterly team reviews, responding to action items that result from meetings/reviews, supporting formal reviews and launch site activities, and management of E/po activities.  Under phase E, the contractor is responsible for providing overall management of the MAVEN science Program and data analysis activities, ensuring delivery of MAVEN science data products, mission documentation, and analytical software tools into PDS, participating in analysis and resolution of spacecraft anomalies, as necessary, providing overall management of E/po activities per E/po plan, presenting scientific results at national conferences and in scientific literature, and providing contract closeout support.",https://www.usaspending.gov/award/CONT_AWD_NNH10CC04C_8000_-NONE-_-NONE-/
NNH10CC04C,2024,11,4350827.84,0.0,False,080-0120,"Science, National Aeronautics and Space Administration",The Regents of the University of Colorado,7d586cfa-95f6-0e31-3589-fbd59b788eda-C,"NASA headquarters (HQ) manages the Mars Exploration Program (MEP), which selected the Mars atmosphere and volatile evolution (MAVEN) project as a Mars scout mission.  The MAVEN Principal Investigator (PI) is Dr. Bruce jakosky, of the university of colorado, Laboratory for Atmospheric and Space Physics (LASP) in boulder, co.  The PI will have overall control of the MAVEN project. He will provide science leadership for the MAVEN mission and manage education and public outreach.  This effort applies to lasp and covers phases a, b, c, d, and E of the MAVEN mission.  Under phase a of this contract, the contractor is responsible for schedule management, providing technical progress reports, and mission reviews.  Under phase b, the contractor is responsible for supporting requirements analysis, project plans, preliminary design reviews, monthly status reviews, quarterly team meetings, E/po activities, and the preliminary science data management plan.  Under phases c and d, the contractor is responsible for supporting monthly status reviews, quarterly team reviews, responding to action items that result from meetings/reviews, supporting formal reviews and launch site activities, and management of E/po activities.  Under phase E, the contractor is responsible for providing overall management of the MAVEN science Program and data analysis activities, ensuring delivery of MAVEN science data products, mission documentation, and analytical software tools into PDS, participating in analysis and resolution of spacecraft anomalies, as necessary, providing overall management of E/po activities per E/po plan, presenting scientific results at national conferences and in scientific literature, and providing contract closeout support.",https://www.usaspending.gov/award/CONT_AWD_NNH10CC04C_8000_-NONE-_-NONE-/
NNH10CC04C,2024,11,4919328.90,0.0,False,080-0120,"Science, National Aeronautics and Space Administration",The Regents of the University of Colorado,7d586cfa-95f6-0e31-3589-fbd59b788eda-C,"NASA headquarters (HQ) manages the Mars Exploration Program (MEP), which selected the Mars atmosphere and volatile evolution (MAVEN) project as a Mars scout mission.  The MAVEN Principal Investigator (PI) is Dr. Bruce jakosky, of the university of colorado, Laboratory for Atmospheric and Space Physics (LASP) in boulder, co.  The PI will have overall control of the MAVEN project. He will provide science leadership for the MAVEN mission and manage education and public outreach.  This effort applies to lasp and covers phases a, b, c, d, and E of the MAVEN mission.  Under phase a of this contract, the contractor is responsible for schedule management, providing technical progress reports, and mission reviews.  Under phase b, the contractor is responsible for supporting requirements analysis, project plans, preliminary design reviews, monthly status reviews, quarterly team meetings, E/po activities, and the preliminary science data management plan.  Under phases c and d, the contractor is responsible for supporting monthly status reviews, quarterly team reviews, responding to action items that result from meetings/reviews, supporting formal reviews and launch site activities, and management of E/po activities.  Under phase E, the contractor is responsible for providing overall management of the MAVEN science Program and data analysis activities, ensuring delivery of MAVEN science data products, mission documentation, and analytical software tools into PDS, participating in analysis and resolution of spacecraft anomalies, as necessary, providing overall management of E/po activities per E/po plan, presenting scientific results at national conferences and in scientific literature, and providing contract closeout support.",https://www.usaspending.gov/award/CONT_AWD_NNH10CC04C_8000_-NONE-_-NONE-/
NNH10CC04C,2024,10,4919328.90,0.0,False,080-0120,"Science, National Aeronautics and Space Administration",The Regents of the University of Colorado,7d586cfa-95f6-0e31-3589-fbd59b788eda-C,"NASA headquarters (HQ) manages the Mars Exploration Program (MEP), which selected the Mars atmosphere and volatile evolution (MAVEN) project as a Mars scout mission.  The MAVEN Principal Investigator (PI) is Dr. Bruce jakosky, of the university of colorado, Laboratory for Atmospheric and Space Physics (LASP) in boulder, co.  The PI will have overall control of the MAVEN project. He will provide science leadership for the MAVEN mission and manage education and public outreach.  This effort applies to lasp and covers phases a, b, c, d, and E of the MAVEN mission.  Under phase a of this contract, the contractor is responsible for schedule management, providing technical progress reports, and mission reviews.  Under phase b, the contractor is responsible for supporting requirements analysis, project plans, preliminary design reviews, monthly status reviews, quarterly team meetings, E/po activities, and the preliminary science data management plan.  Under phases c and d, the contractor is responsible for supporting monthly status reviews, quarterly team reviews, responding to action items that result from meetings/reviews, supporting formal reviews and launch site activities, and management of E/po activities.  Under phase E, the contractor is responsible for providing overall management of the MAVEN science Program and data analysis activities, ensuring delivery of MAVEN science data products, mission documentation, and analytical software tools into PDS, participating in analysis and resolution of spacecraft anomalies, as necessary, providing overall management of E/po activities per E/po plan, presenting scientific results at national conferences and in scientific literature, and providing contract closeout support.",https://www.usaspending.gov/award/CONT_AWD_NNH10CC04C_8000_-NONE-_-NONE-/
NNH10CC04C,2024,10,2888382.84,0.0,False,080-0120,"Science, National Aeronautics and Space Administration",The Regents of the University of Colorado,7d586cfa-95f6-0e31-3589-fbd59b788eda-C,"NASA headquarters (HQ) manages the Mars Exploration Program (MEP), which selected the Mars atmosphere and volatile evolution (MAVEN) project as a Mars scout mission.  The MAVEN Principal Investigator (PI) is Dr. Bruce jakosky, of the university of colorado, Laboratory for Atmospheric and Space Physics (LASP) in boulder, co.  The PI will have overall control of the MAVEN project. He will provide science leadership for the MAVEN mission and manage education and public outreach.  This effort applies to lasp and covers phases a, b, c, d, and E of the MAVEN mission.  Under phase a of this contract, the contractor is responsible for schedule management, providing technical progress reports, and mission reviews.  Under phase b, the contractor is responsible for supporting requirements analysis, project plans, preliminary design reviews, monthly status reviews, quarterly team meetings, E/po activities, and the preliminary science data management plan.  Under phases c and d, the contractor is responsible for supporting monthly status reviews, quarterly team reviews, responding to action items that result from meetings/reviews, supporting formal reviews and launch site activities, and management of E/po activities.  Under phase E, the contractor is responsible for providing overall management of the MAVEN science Program and data analysis activities, ensuring delivery of MAVEN science data products, mission documentation, and analytical software tools into PDS, participating in analysis and resolution of spacecraft anomalies, as necessary, providing overall management of E/po activities per E/po plan, presenting scientific results at national conferences and in scientific literature, and providing contract closeout support.",https://www.usaspending.gov/award/CONT_AWD_NNH10CC04C_8000_-NONE-_-NONE-/
NNH10CC04C,2024,9,4919328.90,0.0,False,080-0120,"Science, National Aeronautics and Space Administration",The Regents of the University of Colorado,7d586cfa-95f6-0e31-3589-fbd59b788eda-C,"NASA headquarters (HQ) manages the Mars Exploration Program (MEP), which selected the Mars atmosphere and volatile evolution (MAVEN) project as a Mars scout mission.  The MAVEN Principal Investigator (PI) is Dr. Bruce jakosky, of the university of colorado, Laboratory for Atmospheric and Space Physics (LASP) in boulder, co.  The PI will have overall control of the MAVEN project. He will provide science leadership for the MAVEN mission and manage education and public outreach.  This effort applies to lasp and covers phases a, b, c, d, and E of the MAVEN mission.  Under phase a of this contract, the contractor is responsible for schedule management, providing technical progress reports, and mission reviews.  Under phase b, the contractor is responsible for supporting requirements analysis, project plans, preliminary design reviews, monthly status reviews, quarterly team meetings, E/po activities, and the preliminary science data management plan.  Under phases c and d, the contractor is responsible for supporting monthly status reviews, quarterly team reviews, responding to action items that result from meetings/reviews, supporting formal reviews and launch site activities, and management of E/po activities.  Under phase E, the contractor is responsible for providing overall management of the MAVEN science Program and data analysis activities, ensuring delivery of MAVEN science data products, mission documentation, and analytical software tools into PDS, participating in analysis and resolution of spacecraft anomalies, as necessary, providing overall management of E/po activities per E/po plan, presenting scientific results at national conferences and in scientific literature, and providing contract closeout support.",https://www.usaspending.gov/award/CONT_AWD_NNH10CC04C_8000_-NONE-_-NONE-/
NNH10CC04C,2024,9,2316784.94,0.0,False,080-0120,"Science, National Aeronautics and Space Administration",The Regents of the University of Colorado,7d586cfa-95f6-0e31-3589-fbd59b788eda-C,"NASA headquarters (HQ) manages the Mars Exploration Program (MEP), which selected the Mars atmosphere and volatile evolution (MAVEN) project as a Mars scout mission.  The MAVEN Principal Investigator (PI) is Dr. Bruce jakosky, of the university of colorado, Laboratory for Atmospheric and Space Physics (LASP) in boulder, co.  The PI will have overall control of the MAVEN project. He will provide science leadership for the MAVEN mission and manage education and public outreach.  This effort applies to lasp and covers phases a, b, c, d, and E of the MAVEN mission.  Under phase a of this contract, the contractor is responsible for schedule management, providing technical progress reports, and mission reviews.  Under phase b, the contractor is responsible for supporting requirements analysis, project plans, preliminary design reviews, monthly status reviews, quarterly team meetings, E/po activities, and the preliminary science data management plan.  Under phases c and d, the contractor is responsible for supporting monthly status reviews, quarterly team reviews, responding to action items that result from meetings/reviews, supporting formal reviews and launch site activities, and management of E/po activities.  Under phase E, the contractor is responsible for providing overall management of the MAVEN science Program and data analysis activities, ensuring delivery of MAVEN science data products, mission documentation, and analytical software tools into PDS, participating in analysis and resolution of spacecraft anomalies, as necessary, providing overall management of E/po activities per E/po plan, presenting scientific results at national conferences and in scientific literature, and providing contract closeout support.",https://www.usaspending.gov/award/CONT_AWD_NNH10CC04C_8000_-NONE-_-NONE-/
NNH10CC04C,2024,8,0.0,6853205.00,False,080-0120,"Science, National Aeronautics and Space Administration",The Regents of the University of Colorado,7d586cfa-95f6-0e31-3589-fbd59b788eda-C,"NASA headquarters (HQ) manages the Mars Exploration Program (MEP), which selected the Mars atmosphere and volatile evolution (MAVEN) project as a Mars scout mission.  The MAVEN Principal Investigator (PI) is Dr. Bruce jakosky, of the university of colorado, Laboratory for Atmospheric and Space Physics (LASP) in boulder, co.  The PI will have overall control of the MAVEN project. He will provide science leadership for the MAVEN mission and manage education and public outreach.  This effort applies to lasp and covers phases a, b, c, d, and E of the MAVEN mission.  Under phase a of this contract, the contractor is responsible for schedule management, providing technical progress reports, and mission reviews.  Under phase b, the contractor is responsible for supporting requirements analysis, project plans, preliminary design reviews, monthly status reviews, quarterly team meetings, E/po activities, and the preliminary science data management plan.  Under phases c and d, the contractor is responsible for supporting monthly status reviews, quarterly team reviews, responding to action items that result from meetings/reviews, supporting formal reviews and launch site activities, and management of E/po activities.  Under phase E, the contractor is responsible for providing overall management of the MAVEN science Program and data analysis activities, ensuring delivery of MAVEN science data products, mission documentation, and analytical software tools into PDS, participating in analysis and resolution of spacecraft anomalies, as necessary, providing overall management of E/po activities per E/po plan, presenting scientific results at national conferences and in scientific literature, and providing contract closeout support.",https://www.usaspending.gov/award/CONT_AWD_NNH10CC04C_8000_-NONE-_-NONE-/
NNH10CC04C,2024,8,4919328.90,0.0,False,080-0120,"Science, National Aeronautics and Space Administration",The Regents of the University of Colorado,7d586cfa-95f6-0e31-3589-fbd59b788eda-C,"NASA headquarters (HQ) manages the Mars Exploration Program (MEP), which selected the Mars atmosphere and volatile evolution (MAVEN) project as a Mars scout mission.  The MAVEN Principal Investigator (PI) is Dr. Bruce jakosky, of the university of colorado, Laboratory for Atmospheric and Space Physics (LASP) in boulder, co.  The PI will have overall control of the MAVEN project. He will provide science leadership for the MAVEN mission and manage education and public outreach.  This effort applies to lasp and covers phases a, b, c, d, and E of the MAVEN mission.  Under phase a of this contract, the contractor is responsible for schedule management, providing technical progress reports, and mission reviews.  Under phase b, the contractor is responsible for supporting requirements analysis, project plans, preliminary design reviews, monthly status reviews, quarterly team meetings, E/po activities, and the preliminary science data management plan.  Under phases c and d, the contractor is responsible for supporting monthly status reviews, quarterly team reviews, responding to action items that result from meetings/reviews, supporting formal reviews and launch site activities, and management of E/po activities.  Under phase E, the contractor is responsible for providing overall management of the MAVEN science Program and data analysis activities, ensuring delivery of MAVEN science data products, mission documentation, and analytical software tools into PDS, participating in analysis and resolution of spacecraft anomalies, as necessary, providing overall management of E/po activities per E/po plan, presenting scientific results at national conferences and in scientific literature, and providing contract closeout support.",https://www.usaspending.gov/award/CONT_AWD_NNH10CC04C_8000_-NONE-_-NONE-/
NNH10CC04C,2024,8,1437737.60,0.0,False,080-0120,"Science, National Aeronautics and Space Administration",The Regents of the University of Colorado,7d586cfa-95f6-0e31-3589-fbd59b788eda-C,"NASA headquarters (HQ) manages the Mars Exploration Program (MEP), which selected the Mars atmosphere and volatile evolution (MAVEN) project as a Mars scout mission.  The MAVEN Principal Investigator (PI) is Dr. Bruce jakosky, of the university of colorado, Laboratory for Atmospheric and Space Physics (LASP) in boulder, co.  The PI will have overall control of the MAVEN project. He will provide science leadership for the MAVEN mission and manage education and public outreach.  This effort applies to lasp and covers phases a, b, c, d, and E of the MAVEN mission.  Under phase a of this contract, the contractor is responsible for schedule management, providing technical progress reports, and mission reviews.  Under phase b, the contractor is responsible for supporting requirements analysis, project plans, preliminary design reviews, monthly status reviews, quarterly team meetings, E/po activities, and the preliminary science data management plan.  Under phases c and d, the contractor is responsible for supporting monthly status reviews, quarterly team reviews, responding to action items that result from meetings/reviews, supporting formal reviews and launch site activities, and management of E/po activities.  Under phase E, the contractor is responsible for providing overall management of the MAVEN science Program and data analysis activities, ensuring delivery of MAVEN science data products, mission documentation, and analytical software tools into PDS, participating in analysis and resolution of spacecraft anomalies, as necessary, providing overall management of E/po activities per E/po plan, presenting scientific results at national conferences and in scientific literature, and providing contract closeout support.",https://www.usaspending.gov/award/CONT_AWD_NNH10CC04C_8000_-NONE-_-NONE-/
NNH10CC04C,2024,7,4919328.90,0.0,False,080-0120,"Science, National Aeronautics and Space Administration",The Regents of the University of Colorado,7d586cfa-95f6-0e31-3589-fbd59b788eda-C,"NASA headquarters (HQ) manages the Mars Exploration Program (MEP), which selected the Mars atmosphere and volatile evolution (MAVEN) project as a Mars scout mission.  The MAVEN Principal Investigator (PI) is Dr. Bruce jakosky, of the university of colorado, Laboratory for Atmospheric and Space Physics (LASP) in boulder, co.  The PI will have overall control of the MAVEN project. He will provide science leadership for the MAVEN mission and manage education and public outreach.  This effort applies to lasp and covers phases a, b, c, d, and E of the MAVEN mission.  Under phase a of this contract, the contractor is responsible for schedule management, providing technical progress reports, and mission reviews.  Under phase b, the contractor is responsible for supporting requirements analysis, project plans, preliminary design reviews, monthly status reviews, quarterly team meetings, E/po activities, and the preliminary science data management plan.  Under phases c and d, the contractor is responsible for supporting monthly status reviews, quarterly team reviews, responding to action items that result from meetings/reviews, supporting formal reviews and launch site activities, and management of E/po activities.  Under phase E, the contractor is responsible for providing overall management of the MAVEN science Program and data analysis activities, ensuring delivery of MAVEN science data products, mission documentation, and analytical software tools into PDS, participating in analysis and resolution of spacecraft anomalies, as necessary, providing overall management of E/po activities per E/po plan, presenting scientific results at national conferences and in scientific literature, and providing contract closeout support.",https://www.usaspending.gov/award/CONT_AWD_NNH10CC04C_8000_-NONE-_-NONE-/
NNH10CC04C,2024,7,292717.23,0.0,False,080-0120,"Science, National Aeronautics and Space Administration",The Regents of the University of Colorado,7d586cfa-95f6-0e31-3589-fbd59b788eda-C,"NASA headquarters (HQ) manages the Mars Exploration Program (MEP), which selected the Mars atmosphere and volatile evolution (MAVEN) project as a Mars scout mission.  The MAVEN Principal Investigator (PI) is Dr. Bruce jakosky, of the university of colorado, Laboratory for Atmospheric and Space Physics (LASP) in boulder, co.  The PI will have overall control of the MAVEN project. He will provide science leadership for the MAVEN mission and manage education and public outreach.  This effort applies to lasp and covers phases a, b, c, d, and E of the MAVEN mission.  Under phase a of this contract, the contractor is responsible for schedule management, providing technical progress reports, and mission reviews.  Under phase b, the contractor is responsible for supporting requirements analysis, project plans, preliminary design reviews, monthly status reviews, quarterly team meetings, E/po activities, and the preliminary science data management plan.  Under phases c and d, the contractor is responsible for supporting monthly status reviews, quarterly team reviews, responding to action items that result from meetings/reviews, supporting formal reviews and launch site activities, and management of E/po activities.  Under phase E, the contractor is responsible for providing overall management of the MAVEN science Program and data analysis activities, ensuring delivery of MAVEN science data products, mission documentation, and analytical software tools into PDS, participating in analysis and resolution of spacecraft anomalies, as necessary, providing overall management of E/po activities per E/po plan, presenting scientific results at national conferences and in scientific literature, and providing contract closeout support.",https://www.usaspending.gov/award/CONT_AWD_NNH10CC04C_8000_-NONE-_-NONE-/
NNH10CC04C,2024,6,4599782.28,0.0,False,080-0120,"Science, National Aeronautics and Space Administration",The Regents of the University of Colorado,7d586cfa-95f6-0e31-3589-fbd59b788eda-C,"NASA headquarters (HQ) manages the Mars Exploration Program (MEP), which selected the Mars atmosphere and volatile evolution (MAVEN) project as a Mars scout mission.  The MAVEN Principal Investigator (PI) is Dr. Bruce jakosky, of the university of colorado, Laboratory for Atmospheric and Space Physics (LASP) in boulder, co.  The PI will have overall control of the MAVEN project. He will provide science leadership for the MAVEN mission and manage education and public outreach.  This effort applies to lasp and covers phases a, b, c, d, and E of the MAVEN mission.  Under phase a of this contract, the contractor is responsible for schedule management, providing technical progress reports, and mission reviews.  Under phase b, the contractor is responsible for supporting requirements analysis, project plans, preliminary design reviews, monthly status reviews, quarterly team meetings, E/po activities, and the preliminary science data management plan.  Under phases c and d, the contractor is responsible for supporting monthly status reviews, quarterly team reviews, responding to action items that result from meetings/reviews, supporting formal reviews and launch site activities, and management of E/po activities.  Under phase E, the contractor is responsible for providing overall management of the MAVEN science Program and data analysis activities, ensuring delivery of MAVEN science data products, mission documentation, and analytical software tools into PDS, participating in analysis and resolution of spacecraft anomalies, as necessary, providing overall management of E/po activities per E/po plan, presenting scientific results at national conferences and in scientific literature, and providing contract closeout support.",https://www.usaspending.gov/award/CONT_AWD_NNH10CC04C_8000_-NONE-_-NONE-/
NNH10CC04C,2024,5,4076584.14,0.0,False,080-0120,"Science, National Aeronautics and Space Administration",The Regents of the University of Colorado,7d586cfa-95f6-0e31-3589-fbd59b788eda-C,"NASA headquarters (HQ) manages the Mars Exploration Program (MEP), which selected the Mars atmosphere and volatile evolution (MAVEN) project as a Mars scout mission.  The MAVEN Principal Investigator (PI) is Dr. Bruce jakosky, of the university of colorado, Laboratory for Atmospheric and Space Physics (LASP) in boulder, co.  The PI will have overall control of the MAVEN project. He will provide science leadership for the MAVEN mission and manage education and public outreach.  This effort applies to lasp and covers phases a, b, c, d, and E of the MAVEN mission.  Under phase a of this contract, the contractor is responsible for schedule management, providing technical progress reports, and mission reviews.  Under phase b, the contractor is responsible for supporting requirements analysis, project plans, preliminary design reviews, monthly status reviews, quarterly team meetings, E/po activities, and the preliminary science data management plan.  Under phases c and d, the contractor is responsible for supporting monthly status reviews, quarterly team reviews, responding to action items that result from meetings/reviews, supporting formal reviews and launch site activities, and management of E/po activities.  Under phase E, the contractor is responsible for providing overall management of the MAVEN science Program and data analysis activities, ensuring delivery of MAVEN science data products, mission documentation, and analytical software tools into PDS, participating in analysis and resolution of spacecraft anomalies, as necessary, providing overall management of E/po activities per E/po plan, presenting scientific results at national conferences and in scientific literature, and providing contract closeout support.",https://www.usaspending.gov/award/CONT_AWD_NNH10CC04C_8000_-NONE-_-NONE-/
NNH10CC04C,2024,4,3367941.97,0.0,False,080-0120,"Science, National Aeronautics and Space Administration",The Regents of the University of Colorado,7d586cfa-95f6-0e31-3589-fbd59b788eda-C,"NASA headquarters (HQ) manages the Mars Exploration Program (MEP), which selected the Mars atmosphere and volatile evolution (MAVEN) project as a Mars scout mission.  The MAVEN Principal Investigator (PI) is Dr. Bruce jakosky, of the university of colorado, Laboratory for Atmospheric and Space Physics (LASP) in boulder, co.  The PI will have overall control of the MAVEN project. He will provide science leadership for the MAVEN mission and manage education and public outreach.  This effort applies to lasp and covers phases a, b, c, d, and E of the MAVEN mission.  Under phase a of this contract, the contractor is responsible for schedule management, providing technical progress reports, and mission reviews.  Under phase b, the contractor is responsible for supporting requirements analysis, project plans, preliminary design reviews, monthly status reviews, quarterly team meetings, E/po activities, and the preliminary science data management plan.  Under phases c and d, the contractor is responsible for supporting monthly status reviews, quarterly team reviews, responding to action items that result from meetings/reviews, supporting formal reviews and launch site activities, and management of E/po activities.  Under phase E, the contractor is responsible for providing overall management of the MAVEN science Program and data analysis activities, ensuring delivery of MAVEN science data products, mission documentation, and analytical software tools into PDS, participating in analysis and resolution of spacecraft anomalies, as necessary, providing overall management of E/po activities per E/po plan, presenting scientific results at national conferences and in scientific literature, and providing contract closeout support.",https://www.usaspending.gov/award/CONT_AWD_NNH10CC04C_8000_-NONE-_-NONE-/
NNH10CC04C,2024,4,0.0,2150000.00,False,080-0120,"Science, National Aeronautics and Space Administration",The Regents of the University of Colorado,7d586cfa-95f6-0e31-3589-fbd59b788eda-C,"NASA headquarters (HQ) manages the Mars Exploration Program (MEP), which selected the Mars atmosphere and volatile evolution (MAVEN) project as a Mars scout mission.  The MAVEN Principal Investigator (PI) is Dr. Bruce jakosky, of the university of colorado, Laboratory for Atmospheric and Space Physics (LASP) in boulder, co.  The PI will have overall control of the MAVEN project. He will provide science leadership for the MAVEN mission and manage education and public outreach.  This effort applies to lasp and covers phases a, b, c, d, and E of the MAVEN mission.  Under phase a of this contract, the contractor is responsible for schedule management, providing technical progress reports, and mission reviews.  Under phase b, the contractor is responsible for supporting requirements analysis, project plans, preliminary design reviews, monthly status reviews, quarterly team meetings, E/po activities, and the preliminary science data management plan.  Under phases c and d, the contractor is responsible for supporting monthly status reviews, quarterly team reviews, responding to action items that result from meetings/reviews, supporting formal reviews and launch site activities, and management of E/po activities.  Under phase E, the contractor is responsible for providing overall management of the MAVEN science Program and data analysis activities, ensuring delivery of MAVEN science data products, mission documentation, and analytical software tools into PDS, participating in analysis and resolution of spacecraft anomalies, as necessary, providing overall management of E/po activities per E/po plan, presenting scientific results at national conferences and in scientific literature, and providing contract closeout support.",https://www.usaspending.gov/award/CONT_AWD_NNH10CC04C_8000_-NONE-_-NONE-/
NNH10CC04C,2024,3,2693014.89,0.0,False,080-0120,"Science, National Aeronautics and Space Administration",The Regents of the University of Colorado,7d586cfa-95f6-0e31-3589-fbd59b788eda-C,"NASA headquarters (HQ) manages the Mars Exploration Program (MEP), which selected the Mars atmosphere and volatile evolution (MAVEN) project as a Mars scout mission.  The MAVEN Principal Investigator (PI) is Dr. Bruce jakosky, of the university of colorado, Laboratory for Atmospheric and Space Physics (LASP) in boulder, co.  The PI will have overall control of the MAVEN project. He will provide science leadership for the MAVEN mission and manage education and public outreach.  This effort applies to lasp and covers phases a, b, c, d, and E of the MAVEN mission.  Under phase a of this contract, the contractor is responsible for schedule management, providing technical progress reports, and mission reviews.  Under phase b, the contractor is responsible for supporting requirements analysis, project plans, preliminary design reviews, monthly status reviews, quarterly team meetings, E/po activities, and the preliminary science data management plan.  Under phases c and d, the contractor is responsible for supporting monthly status reviews, quarterly team reviews, responding to action items that result from meetings/reviews, supporting formal reviews and launch site activities, and management of E/po activities.  Under phase E, the contractor is responsible for providing overall management of the MAVEN science Program and data analysis activities, ensuring delivery of MAVEN science data products, mission documentation, and analytical software tools into PDS, participating in analysis and resolution of spacecraft anomalies, as necessary, providing overall management of E/po activities per E/po plan, presenting scientific results at national conferences and in scientific literature, and providing contract closeout support.",https://www.usaspending.gov/award/CONT_AWD_NNH10CC04C_8000_-NONE-_-NONE-/
NNH10CC04C,2024,2,0.0,875000.00,False,080-0120,"Science, National Aeronautics and Space Administration",The Regents of the University of Colorado,7d586cfa-95f6-0e31-3589-fbd59b788eda-C,"NASA headquarters (HQ) manages the Mars Exploration Program (MEP), which selected the Mars atmosphere and volatile evolution (MAVEN) project as a Mars scout mission.  The MAVEN Principal Investigator (PI) is Dr. Bruce jakosky, of the university of colorado, Laboratory for Atmospheric and Space Physics (LASP) in boulder, co.  The PI will have overall control of the MAVEN project. He will provide science leadership for the MAVEN mission and manage education and public outreach.  This effort applies to lasp and covers phases a, b, c, d, and E of the MAVEN mission.  Under phase a of this contract, the contractor is responsible for schedule management, providing technical progress reports, and mission reviews.  Under phase b, the contractor is responsible for supporting requirements analysis, project plans, preliminary design reviews, monthly status reviews, quarterly team meetings, E/po activities, and the preliminary science data management plan.  Under phases c and d, the contractor is responsible for supporting monthly status reviews, quarterly team reviews, responding to action items that result from meetings/reviews, supporting formal reviews and launch site activities, and management of E/po activities.  Under phase E, the contractor is responsible for providing overall management of the MAVEN science Program and data analysis activities, ensuring delivery of MAVEN science data products, mission documentation, and analytical software tools into PDS, participating in analysis and resolution of spacecraft anomalies, as necessary, providing overall management of E/po activities per E/po plan, presenting scientific results at national conferences and in scientific literature, and providing contract closeout support.",https://www.usaspending.gov/award/CONT_AWD_NNH10CC04C_8000_-NONE-_-NONE-/
NNH10CC04C,2024,2,1588025.31,0.0,False,080-0120,"Science, National Aeronautics and Space Administration",The Regents of the University of Colorado,7d586cfa-95f6-0e31-3589-fbd59b788eda-C,"NASA headquarters (HQ) manages the Mars Exploration Program (MEP), which selected the Mars atmosphere and volatile evolution (MAVEN) project as a Mars scout mission.  The MAVEN Principal Investigator (PI) is Dr. Bruce jakosky, of the university of colorado, Laboratory for Atmospheric and Space Physics (LASP) in boulder, co.  The PI will have overall control of the MAVEN project. He will provide science leadership for the MAVEN mission and manage education and public outreach.  This effort applies to lasp and covers phases a, b, c, d, and E of the MAVEN mission.  Under phase a of this contract, the contractor is responsible for schedule management, providing technical progress reports, and mission reviews.  Under phase b, the contractor is responsible for supporting requirements analysis, project plans, preliminary design reviews, monthly status reviews, quarterly team meetings, E/po activities, and the preliminary science data management plan.  Under phases c and d, the contractor is responsible for supporting monthly status reviews, quarterly team reviews, responding to action items that result from meetings/reviews, supporting formal reviews and launch site activities, and management of E/po activities.  Under phase E, the contractor is responsible for providing overall management of the MAVEN science Program and data analysis activities, ensuring delivery of MAVEN science data products, mission documentation, and analytical software tools into PDS, participating in analysis and resolution of spacecraft anomalies, as necessary, providing overall management of E/po activities per E/po plan, presenting scientific results at national conferences and in scientific literature, and providing contract closeout support.",https://www.usaspending.gov/award/CONT_AWD_NNH10CC04C_8000_-NONE-_-NONE-/
NNH10CC04C,2023,12,4177830.05,0.0,False,080-0120,"Science, National Aeronautics and Space Administration",The Regents of the University of Colorado,7d586cfa-95f6-0e31-3589-fbd59b788eda-C,"NASA headquarters (HQ) manages the Mars Exploration Program (MEP), which selected the Mars atmosphere and volatile evolution (MAVEN) project as a Mars scout mission.  The MAVEN Principal Investigator (PI) is Dr. Bruce jakosky, of the university of colorado, Laboratory for Atmospheric and Space Physics (LASP) in boulder, co.  The PI will have overall control of the MAVEN project. He will provide science leadership for the MAVEN mission and manage education and public outreach.  This effort applies to lasp and covers phases a, b, c, d, and E of the MAVEN mission.  Under phase a of this contract, the contractor is responsible for schedule management, providing technical progress reports, and mission reviews.  Under phase b, the contractor is responsible for supporting requirements analysis, project plans, preliminary design reviews, monthly status reviews, quarterly team meetings, E/po activities, and the preliminary science data management plan.  Under phases c and d, the contractor is responsible for supporting monthly status reviews, quarterly team reviews, responding to action items that result from meetings/reviews, supporting formal reviews and launch site activities, and management of E/po activities.  Under phase E, the contractor is responsible for providing overall management of the MAVEN science Program and data analysis activities, ensuring delivery of MAVEN science data products, mission documentation, and analytical software tools into PDS, participating in analysis and resolution of spacecraft anomalies, as necessary, providing overall management of E/po activities per E/po plan, presenting scientific results at national conferences and in scientific literature, and providing contract closeout support.",https://www.usaspending.gov/award/CONT_AWD_NNH10CC04C_8000_-NONE-_-NONE-/
NNH10CC04C,2023,12,4530671.10,0.0,False,080-0120,"Science, National Aeronautics and Space Administration",The Regents of the University of Colorado,7d586cfa-95f6-0e31-3589-fbd59b788eda-C,"NASA headquarters (HQ) manages the Mars Exploration Program (MEP), which selected the Mars atmosphere and volatile evolution (MAVEN) project as a Mars scout mission.  The MAVEN Principal Investigator (PI) is Dr. Bruce jakosky, of the university of colorado, Laboratory for Atmospheric and Space Physics (LASP) in boulder, co.  The PI will have overall control of the MAVEN project. He will provide science leadership for the MAVEN mission and manage education and public outreach.  This effort applies to lasp and covers phases a, b, c, d, and E of the MAVEN mission.  Under phase a of this contract, the contractor is responsible for schedule management, providing technical progress reports, and mission reviews.  Under phase b, the contractor is responsible for supporting requirements analysis, project plans, preliminary design reviews, monthly status reviews, quarterly team meetings, E/po activities, and the preliminary science data management plan.  Under phases c and d, the contractor is responsible for supporting monthly status reviews, quarterly team reviews, responding to action items that result from meetings/reviews, supporting formal reviews and launch site activities, and management of E/po activities.  Under phase E, the contractor is responsible for providing overall management of the MAVEN science Program and data analysis activities, ensuring delivery of MAVEN science data products, mission documentation, and analytical software tools into PDS, participating in analysis and resolution of spacecraft anomalies, as necessary, providing overall management of E/po activities per E/po plan, presenting scientific results at national conferences and in scientific literature, and providing contract closeout support.",https://www.usaspending.gov/award/CONT_AWD_NNH10CC04C_8000_-NONE-_-NONE-/
NNH10CC04C,2023,11,3186314.70,0.0,False,080-0120,"Science, National Aeronautics and Space Administration",The Regents of the University of Colorado,7d586cfa-95f6-0e31-3589-fbd59b788eda-C,"NASA headquarters (HQ) manages the Mars Exploration Program (MEP), which selected the Mars atmosphere and volatile evolution (MAVEN) project as a Mars scout mission.  The MAVEN Principal Investigator (PI) is Dr. Bruce jakosky, of the university of colorado, Laboratory for Atmospheric and Space Physics (LASP) in boulder, co.  The PI will have overall control of the MAVEN project. He will provide science leadership for the MAVEN mission and manage education and public outreach.  This effort applies to lasp and covers phases a, b, c, d, and E of the MAVEN mission.  Under phase a of this contract, the contractor is responsible for schedule management, providing technical progress reports, and mission reviews.  Under phase b, the contractor is responsible for supporting requirements analysis, project plans, preliminary design reviews, monthly status reviews, quarterly team meetings, E/po activities, and the preliminary science data management plan.  Under phases c and d, the contractor is responsible for supporting monthly status reviews, quarterly team reviews, responding to action items that result from meetings/reviews, supporting formal reviews and launch site activities, and management of E/po activities.  Under phase E, the contractor is responsible for providing overall management of the MAVEN science Program and data analysis activities, ensuring delivery of MAVEN science data products, mission documentation, and analytical software tools into PDS, participating in analysis and resolution of spacecraft anomalies, as necessary, providing overall management of E/po activities per E/po plan, presenting scientific results at national conferences and in scientific literature, and providing contract closeout support.",https://www.usaspending.gov/award/CONT_AWD_NNH10CC04C_8000_-NONE-_-NONE-/
NNH10CC04C,2023,11,3803945.59,0.0,False,080-0120,"Science, National Aeronautics and Space Administration",The Regents of the University of Colorado,7d586cfa-95f6-0e31-3589-fbd59b788eda-C,"NASA headquarters (HQ) manages the Mars Exploration Program (MEP), which selected the Mars atmosphere and volatile evolution (MAVEN) project as a Mars scout mission.  The MAVEN Principal Investigator (PI) is Dr. Bruce jakosky, of the university of colorado, Laboratory for Atmospheric and Space Physics (LASP) in boulder, co.  The PI will have overall control of the MAVEN project. He will provide science leadership for the MAVEN mission and manage education and public outreach.  This effort applies to lasp and covers phases a, b, c, d, and E of the MAVEN mission.  Under phase a of this contract, the contractor is responsible for schedule management, providing technical progress reports, and mission reviews.  Under phase b, the contractor is responsible for supporting requirements analysis, project plans, preliminary design reviews, monthly status reviews, quarterly team meetings, E/po activities, and the preliminary science data management plan.  Under phases c and d, the contractor is responsible for supporting monthly status reviews, quarterly team reviews, responding to action items that result from meetings/reviews, supporting formal reviews and launch site activities, and management of E/po activities.  Under phase E, the contractor is responsible for providing overall management of the MAVEN science Program and data analysis activities, ensuring delivery of MAVEN science data products, mission documentation, and analytical software tools into PDS, participating in analysis and resolution of spacecraft anomalies, as necessary, providing overall management of E/po activities per E/po plan, presenting scientific results at national conferences and in scientific literature, and providing contract closeout support.",https://www.usaspending.gov/award/CONT_AWD_NNH10CC04C_8000_-NONE-_-NONE-/
NNH10CC04C,2023,10,3186314.70,0.0,False,080-0120,"Science, National Aeronautics and Space Administration",The Regents of the University of Colorado,7d586cfa-95f6-0e31-3589-fbd59b788eda-C,"NASA headquarters (HQ) manages the Mars Exploration Program (MEP), which selected the Mars atmosphere and volatile evolution (MAVEN) project as a Mars scout mission.  The MAVEN Principal Investigator (PI) is Dr. Bruce jakosky, of the university of colorado, Laboratory for Atmospheric and Space Physics (LASP) in boulder, co.  The PI will have overall control of the MAVEN project. He will provide science leadership for the MAVEN mission and manage education and public outreach.  This effort applies to lasp and covers phases a, b, c, d, and E of the MAVEN mission.  Under phase a of this contract, the contractor is responsible for schedule management, providing technical progress reports, and mission reviews.  Under phase b, the contractor is responsible for supporting requirements analysis, project plans, preliminary design reviews, monthly status reviews, quarterly team meetings, E/po activities, and the preliminary science data management plan.  Under phases c and d, the contractor is responsible for supporting monthly status reviews, quarterly team reviews, responding to action items that result from meetings/reviews, supporting formal reviews and launch site activities, and management of E/po activities.  Under phase E, the contractor is responsible for providing overall management of the MAVEN science Program and data analysis activities, ensuring delivery of MAVEN science data products, mission documentation, and analytical software tools into PDS, participating in analysis and resolution of spacecraft anomalies, as necessary, providing overall management of E/po activities per E/po plan, presenting scientific results at national conferences and in scientific literature, and providing contract closeout support.",https://www.usaspending.gov/award/CONT_AWD_NNH10CC04C_8000_-NONE-_-NONE-/
NNH10CC04C,2023,10,3803945.59,0.0,False,080-0120,"Science, National Aeronautics and Space Administration",The Regents of the University of Colorado,7d586cfa-95f6-0e31-3589-fbd59b788eda-C,"NASA headquarters (HQ) manages the Mars Exploration Program (MEP), which selected the Mars atmosphere and volatile evolution (MAVEN) project as a Mars scout mission.  The MAVEN Principal Investigator (PI) is Dr. Bruce jakosky, of the university of colorado, Laboratory for Atmospheric and Space Physics (LASP) in boulder, co.  The PI will have overall control of the MAVEN project. He will provide science leadership for the MAVEN mission and manage education and public outreach.  This effort applies to lasp and covers phases a, b, c, d, and E of the MAVEN mission.  Under phase a of this contract, the contractor is responsible for schedule management, providing technical progress reports, and mission reviews.  Under phase b, the contractor is responsible for supporting requirements analysis, project plans, preliminary design reviews, monthly status reviews, quarterly team meetings, E/po activities, and the preliminary science data management plan.  Under phases c and d, the contractor is responsible for supporting monthly status reviews, quarterly team reviews, responding to action items that result from meetings/reviews, supporting formal reviews and launch site activities, and management of E/po activities.  Under phase E, the contractor is responsible for providing overall management of the MAVEN science Program and data analysis activities, ensuring delivery of MAVEN science data products, mission documentation, and analytical software tools into PDS, participating in analysis and resolution of spacecraft anomalies, as necessary, providing overall management of E/po activities per E/po plan, presenting scientific results at national conferences and in scientific literature, and providing contract closeout support.",https://www.usaspending.gov/award/CONT_AWD_NNH10CC04C_8000_-NONE-_-NONE-/
NNH10CC04C,2023,9,2926295.23,0.0,False,080-0120,"Science, National Aeronautics and Space Administration",The Regents of the University of Colorado,7d586cfa-95f6-0e31-3589-fbd59b788eda-C,"NASA headquarters (HQ) manages the Mars Exploration Program (MEP), which selected the Mars atmosphere and volatile evolution (MAVEN) project as a Mars scout mission.  The MAVEN Principal Investigator (PI) is Dr. Bruce jakosky, of the university of colorado, Laboratory for Atmospheric and Space Physics (LASP) in boulder, co.  The PI will have overall control of the MAVEN project. He will provide science leadership for the MAVEN mission and manage education and public outreach.  This effort applies to lasp and covers phases a, b, c, d, and E of the MAVEN mission.  Under phase a of this contract, the contractor is responsible for schedule management, providing technical progress reports, and mission reviews.  Under phase b, the contractor is responsible for supporting requirements analysis, project plans, preliminary design reviews, monthly status reviews, quarterly team meetings, E/po activities, and the preliminary science data management plan.  Under phases c and d, the contractor is responsible for supporting monthly status reviews, quarterly team reviews, responding to action items that result from meetings/reviews, supporting formal reviews and launch site activities, and management of E/po activities.  Under phase E, the contractor is responsible for providing overall management of the MAVEN science Program and data analysis activities, ensuring delivery of MAVEN science data products, mission documentation, and analytical software tools into PDS, participating in analysis and resolution of spacecraft anomalies, as necessary, providing overall management of E/po activities per E/po plan, presenting scientific results at national conferences and in scientific literature, and providing contract closeout support.",https://www.usaspending.gov/award/CONT_AWD_NNH10CC04C_8000_-NONE-_-NONE-/
NNH10CC04C,2023,9,2781401.58,0.0,False,080-0120,"Science, National Aeronautics and Space Administration",The Regents of the University of Colorado,7d586cfa-95f6-0e31-3589-fbd59b788eda-C,"NASA headquarters (HQ) manages the Mars Exploration Program (MEP), which selected the Mars atmosphere and volatile evolution (MAVEN) project as a Mars scout mission.  The MAVEN Principal Investigator (PI) is Dr. Bruce jakosky, of the university of colorado, Laboratory for Atmospheric and Space Physics (LASP) in boulder, co.  The PI will have overall control of the MAVEN project. He will provide science leadership for the MAVEN mission and manage education and public outreach.  This effort applies to lasp and covers phases a, b, c, d, and E of the MAVEN mission.  Under phase a of this contract, the contractor is responsible for schedule management, providing technical progress reports, and mission reviews.  Under phase b, the contractor is responsible for supporting requirements analysis, project plans, preliminary design reviews, monthly status reviews, quarterly team meetings, E/po activities, and the preliminary science data management plan.  Under phases c and d, the contractor is responsible for supporting monthly status reviews, quarterly team reviews, responding to action items that result from meetings/reviews, supporting formal reviews and launch site activities, and management of E/po activities.  Under phase E, the contractor is responsible for providing overall management of the MAVEN science Program and data analysis activities, ensuring delivery of MAVEN science data products, mission documentation, and analytical software tools into PDS, participating in analysis and resolution of spacecraft anomalies, as necessary, providing overall management of E/po activities per E/po plan, presenting scientific results at national conferences and in scientific literature, and providing contract closeout support.",https://www.usaspending.gov/award/CONT_AWD_NNH10CC04C_8000_-NONE-_-NONE-/
NNH10CC04C,2023,8,0.0,5500000.00,False,080-0120,"Science, National Aeronautics and Space Administration",The Regents of the University of Colorado,7d586cfa-95f6-0e31-3589-fbd59b788eda-C,"NASA headquarters (HQ) manages the Mars Exploration Program (MEP), which selected the Mars atmosphere and volatile evolution (MAVEN) project as a Mars scout mission.  The MAVEN Principal Investigator (PI) is Dr. Bruce jakosky, of the university of colorado, Laboratory for Atmospheric and Space Physics (LASP) in boulder, co.  The PI will have overall control of the MAVEN project. He will provide science leadership for the MAVEN mission and manage education and public outreach.  This effort applies to lasp and covers phases a, b, c, d, and E of the MAVEN mission.  Under phase a of this contract, the contractor is responsible for schedule management, providing technical progress reports, and mission reviews.  Under phase b, the contractor is responsible for supporting requirements analysis, project plans, preliminary design reviews, monthly status reviews, quarterly team meetings, E/po activities, and the preliminary science data management plan.  Under phases c and d, the contractor is responsible for supporting monthly status reviews, quarterly team reviews, responding to action items that result from meetings/reviews, supporting formal reviews and launch site activities, and management of E/po activities.  Under phase E, the contractor is responsible for providing overall management of the MAVEN science Program and data analysis activities, ensuring delivery of MAVEN science data products, mission documentation, and analytical software tools into PDS, participating in analysis and resolution of spacecraft anomalies, as necessary, providing overall management of E/po activities per E/po plan, presenting scientific results at national conferences and in scientific literature, and providing contract closeout support.",https://www.usaspending.gov/award/CONT_AWD_NNH10CC04C_8000_-NONE-_-NONE-/
NNH10CC04C,2023,8,2926295.23,0.0,False,080-0120,"Science, National Aeronautics and Space Administration",The Regents of the University of Colorado,7d586cfa-95f6-0e31-3589-fbd59b788eda-C,"NASA headquarters (HQ) manages the Mars Exploration Program (MEP), which selected the Mars atmosphere and volatile evolution (MAVEN) project as a Mars scout mission.  The MAVEN Principal Investigator (PI) is Dr. Bruce jakosky, of the university of colorado, Laboratory for Atmospheric and Space Physics (LASP) in boulder, co.  The PI will have overall control of the MAVEN project. He will provide science leadership for the MAVEN mission and manage education and public outreach.  This effort applies to lasp and covers phases a, b, c, d, and E of the MAVEN mission.  Under phase a of this contract, the contractor is responsible for schedule management, providing technical progress reports, and mission reviews.  Under phase b, the contractor is responsible for supporting requirements analysis, project plans, preliminary design reviews, monthly status reviews, quarterly team meetings, E/po activities, and the preliminary science data management plan.  Under phases c and d, the contractor is responsible for supporting monthly status reviews, quarterly team reviews, responding to action items that result from meetings/reviews, supporting formal reviews and launch site activities, and management of E/po activities.  Under phase E, the contractor is responsible for providing overall management of the MAVEN science Program and data analysis activities, ensuring delivery of MAVEN science data products, mission documentation, and analytical software tools into PDS, participating in analysis and resolution of spacecraft anomalies, as necessary, providing overall management of E/po activities per E/po plan, presenting scientific results at national conferences and in scientific literature, and providing contract closeout support.",https://www.usaspending.gov/award/CONT_AWD_NNH10CC04C_8000_-NONE-_-NONE-/
NNH10CC04C,2023,8,2781401.58,0.0,False,080-0120,"Science, National Aeronautics and Space Administration",The Regents of the University of Colorado,7d586cfa-95f6-0e31-3589-fbd59b788eda-C,"NASA headquarters (HQ) manages the Mars Exploration Program (MEP), which selected the Mars atmosphere and volatile evolution (MAVEN) project as a Mars scout mission.  The MAVEN Principal Investigator (PI) is Dr. Bruce jakosky, of the university of colorado, Laboratory for Atmospheric and Space Physics (LASP) in boulder, co.  The PI will have overall control of the MAVEN project. He will provide science leadership for the MAVEN mission and manage education and public outreach.  This effort applies to lasp and covers phases a, b, c, d, and E of the MAVEN mission.  Under phase a of this contract, the contractor is responsible for schedule management, providing technical progress reports, and mission reviews.  Under phase b, the contractor is responsible for supporting requirements analysis, project plans, preliminary design reviews, monthly status reviews, quarterly team meetings, E/po activities, and the preliminary science data management plan.  Under phases c and d, the contractor is responsible for supporting monthly status reviews, quarterly team reviews, responding to action items that result from meetings/reviews, supporting formal reviews and launch site activities, and management of E/po activities.  Under phase E, the contractor is responsible for providing overall management of the MAVEN science Program and data analysis activities, ensuring delivery of MAVEN science data products, mission documentation, and analytical software tools into PDS, participating in analysis and resolution of spacecraft anomalies, as necessary, providing overall management of E/po activities per E/po plan, presenting scientific results at national conferences and in scientific literature, and providing contract closeout support.",https://www.usaspending.gov/award/CONT_AWD_NNH10CC04C_8000_-NONE-_-NONE-/
NNH10CC04C,2023,7,2857902.87,0.0,False,080-0120,"Science, National Aeronautics and Space Administration",The Regents of the University of Colorado,7d586cfa-95f6-0e31-3589-fbd59b788eda-C,"NASA headquarters (HQ) manages the Mars Exploration Program (MEP), which selected the Mars atmosphere and volatile evolution (MAVEN) project as a Mars scout mission.  The MAVEN Principal Investigator (PI) is Dr. Bruce jakosky, of the university of colorado, Laboratory for Atmospheric and Space Physics (LASP) in boulder, co.  The PI will have overall control of the MAVEN project. He will provide science leadership for the MAVEN mission and manage education and public outreach.  This effort applies to lasp and covers phases a, b, c, d, and E of the MAVEN mission.  Under phase a of this contract, the contractor is responsible for schedule management, providing technical progress reports, and mission reviews.  Under phase b, the contractor is responsible for supporting requirements analysis, project plans, preliminary design reviews, monthly status reviews, quarterly team meetings, E/po activities, and the preliminary science data management plan.  Under phases c and d, the contractor is responsible for supporting monthly status reviews, quarterly team reviews, responding to action items that result from meetings/reviews, supporting formal reviews and launch site activities, and management of E/po activities.  Under phase E, the contractor is responsible for providing overall management of the MAVEN science Program and data analysis activities, ensuring delivery of MAVEN science data products, mission documentation, and analytical software tools into PDS, participating in analysis and resolution of spacecraft anomalies, as necessary, providing overall management of E/po activities per E/po plan, presenting scientific results at national conferences and in scientific literature, and providing contract closeout support.",https://www.usaspending.gov/award/CONT_AWD_NNH10CC04C_8000_-NONE-_-NONE-/
NNH10CC04C,2023,7,2334030.77,0.0,False,080-0120,"Science, National Aeronautics and Space Administration",The Regents of the University of Colorado,7d586cfa-95f6-0e31-3589-fbd59b788eda-C,"NASA headquarters (HQ) manages the Mars Exploration Program (MEP), which selected the Mars atmosphere and volatile evolution (MAVEN) project as a Mars scout mission.  The MAVEN Principal Investigator (PI) is Dr. Bruce jakosky, of the university of colorado, Laboratory for Atmospheric and Space Physics (LASP) in boulder, co.  The PI will have overall control of the MAVEN project. He will provide science leadership for the MAVEN mission and manage education and public outreach.  This effort applies to lasp and covers phases a, b, c, d, and E of the MAVEN mission.  Under phase a of this contract, the contractor is responsible for schedule management, providing technical progress reports, and mission reviews.  Under phase b, the contractor is responsible for supporting requirements analysis, project plans, preliminary design reviews, monthly status reviews, quarterly team meetings, E/po activities, and the preliminary science data management plan.  Under phases c and d, the contractor is responsible for supporting monthly status reviews, quarterly team reviews, responding to action items that result from meetings/reviews, supporting formal reviews and launch site activities, and management of E/po activities.  Under phase E, the contractor is responsible for providing overall management of the MAVEN science Program and data analysis activities, ensuring delivery of MAVEN science data products, mission documentation, and analytical software tools into PDS, participating in analysis and resolution of spacecraft anomalies, as necessary, providing overall management of E/po activities per E/po plan, presenting scientific results at national conferences and in scientific literature, and providing contract closeout support.",https://www.usaspending.gov/award/CONT_AWD_NNH10CC04C_8000_-NONE-_-NONE-/
NNH10CC04C,2023,6,1531262.68,0.0,False,080-0120,"Science, National Aeronautics and Space Administration",The Regents of the University of Colorado,7d586cfa-95f6-0e31-3589-fbd59b788eda-C,"NASA headquarters (HQ) manages the Mars Exploration Program (MEP), which selected the Mars atmosphere and volatile evolution (MAVEN) project as a Mars scout mission.  The MAVEN Principal Investigator (PI) is Dr. Bruce jakosky, of the university of colorado, Laboratory for Atmospheric and Space Physics (LASP) in boulder, co.  The PI will have overall control of the MAVEN project. He will provide science leadership for the MAVEN mission and manage education and public outreach.  This effort applies to lasp and covers phases a, b, c, d, and E of the MAVEN mission.  Under phase a of this contract, the contractor is responsible for schedule management, providing technical progress reports, and mission reviews.  Under phase b, the contractor is responsible for supporting requirements analysis, project plans, preliminary design reviews, monthly status reviews, quarterly team meetings, E/po activities, and the preliminary science data management plan.  Under phases c and d, the contractor is responsible for supporting monthly status reviews, quarterly team reviews, responding to action items that result from meetings/reviews, supporting formal reviews and launch site activities, and management of E/po activities.  Under phase E, the contractor is responsible for providing overall management of the MAVEN science Program and data analysis activities, ensuring delivery of MAVEN science data products, mission documentation, and analytical software tools into PDS, participating in analysis and resolution of spacecraft anomalies, as necessary, providing overall management of E/po activities per E/po plan, presenting scientific results at national conferences and in scientific literature, and providing contract closeout support.",https://www.usaspending.gov/award/CONT_AWD_NNH10CC04C_8000_-NONE-_-NONE-/
NNH10CC04C,2023,6,2726295.23,0.0,False,080-0120,"Science, National Aeronautics and Space Administration",The Regents of the University of Colorado,7d586cfa-95f6-0e31-3589-fbd59b788eda-C,"NASA headquarters (HQ) manages the Mars Exploration Program (MEP), which selected the Mars atmosphere and volatile evolution (MAVEN) project as a Mars scout mission.  The MAVEN Principal Investigator (PI) is Dr. Bruce jakosky, of the university of colorado, Laboratory for Atmospheric and Space Physics (LASP) in boulder, co.  The PI will have overall control of the MAVEN project. He will provide science leadership for the MAVEN mission and manage education and public outreach.  This effort applies to lasp and covers phases a, b, c, d, and E of the MAVEN mission.  Under phase a of this contract, the contractor is responsible for schedule management, providing technical progress reports, and mission reviews.  Under phase b, the contractor is responsible for supporting requirements analysis, project plans, preliminary design reviews, monthly status reviews, quarterly team meetings, E/po activities, and the preliminary science data management plan.  Under phases c and d, the contractor is responsible for supporting monthly status reviews, quarterly team reviews, responding to action items that result from meetings/reviews, supporting formal reviews and launch site activities, and management of E/po activities.  Under phase E, the contractor is responsible for providing overall management of the MAVEN science Program and data analysis activities, ensuring delivery of MAVEN science data products, mission documentation, and analytical software tools into PDS, participating in analysis and resolution of spacecraft anomalies, as necessary, providing overall management of E/po activities per E/po plan, presenting scientific results at national conferences and in scientific literature, and providing contract closeout support.",https://www.usaspending.gov/award/CONT_AWD_NNH10CC04C_8000_-NONE-_-NONE-/
NNH10CC04C,2023,5,899807.14,0.0,False,080-0120,"Science, National Aeronautics and Space Administration",The Regents of the University of Colorado,7d586cfa-95f6-0e31-3589-fbd59b788eda-C,"NASA headquarters (HQ) manages the Mars Exploration Program (MEP), which selected the Mars atmosphere and volatile evolution (MAVEN) project as a Mars scout mission.  The MAVEN Principal Investigator (PI) is Dr. Bruce jakosky, of the university of colorado, Laboratory for Atmospheric and Space Physics (LASP) in boulder, co.  The PI will have overall control of the MAVEN project. He will provide science leadership for the MAVEN mission and manage education and public outreach.  This effort applies to lasp and covers phases a, b, c, d, and E of the MAVEN mission.  Under phase a of this contract, the contractor is responsible for schedule management, providing technical progress reports, and mission reviews.  Under phase b, the contractor is responsible for supporting requirements analysis, project plans, preliminary design reviews, monthly status reviews, quarterly team meetings, E/po activities, and the preliminary science data management plan.  Under phases c and d, the contractor is responsible for supporting monthly status reviews, quarterly team reviews, responding to action items that result from meetings/reviews, supporting formal reviews and launch site activities, and management of E/po activities.  Under phase E, the contractor is responsible for providing overall management of the MAVEN science Program and data analysis activities, ensuring delivery of MAVEN science data products, mission documentation, and analytical software tools into PDS, participating in analysis and resolution of spacecraft anomalies, as necessary, providing overall management of E/po activities per E/po plan, presenting scientific results at national conferences and in scientific literature, and providing contract closeout support.",https://www.usaspending.gov/award/CONT_AWD_NNH10CC04C_8000_-NONE-_-NONE-/
NNH10CC04C,2023,5,2726295.23,0.0,False,080-0120,"Science, National Aeronautics and Space Administration",The Regents of the University of Colorado,7d586cfa-95f6-0e31-3589-fbd59b788eda-C,"NASA headquarters (HQ) manages the Mars Exploration Program (MEP), which selected the Mars atmosphere and volatile evolution (MAVEN) project as a Mars scout mission.  The MAVEN Principal Investigator (PI) is Dr. Bruce jakosky, of the university of colorado, Laboratory for Atmospheric and Space Physics (LASP) in boulder, co.  The PI will have overall control of the MAVEN project. He will provide science leadership for the MAVEN mission and manage education and public outreach.  This effort applies to lasp and covers phases a, b, c, d, and E of the MAVEN mission.  Under phase a of this contract, the contractor is responsible for schedule management, providing technical progress reports, and mission reviews.  Under phase b, the contractor is responsible for supporting requirements analysis, project plans, preliminary design reviews, monthly status reviews, quarterly team meetings, E/po activities, and the preliminary science data management plan.  Under phases c and d, the contractor is responsible for supporting monthly status reviews, quarterly team reviews, responding to action items that result from meetings/reviews, supporting formal reviews and launch site activities, and management of E/po activities.  Under phase E, the contractor is responsible for providing overall management of the MAVEN science Program and data analysis activities, ensuring delivery of MAVEN science data products, mission documentation, and analytical software tools into PDS, participating in analysis and resolution of spacecraft anomalies, as necessary, providing overall management of E/po activities per E/po plan, presenting scientific results at national conferences and in scientific literature, and providing contract closeout support.",https://www.usaspending.gov/award/CONT_AWD_NNH10CC04C_8000_-NONE-_-NONE-/
NNH10CC04C,2023,5,0.0,2300000.00,False,080-0120,"Science, National Aeronautics and Space Administration",The Regents of the University of Colorado,7d586cfa-95f6-0e31-3589-fbd59b788eda-C,"NASA headquarters (HQ) manages the Mars Exploration Program (MEP), which selected the Mars atmosphere and volatile evolution (MAVEN) project as a Mars scout mission.  The MAVEN Principal Investigator (PI) is Dr. Bruce jakosky, of the university of colorado, Laboratory for Atmospheric and Space Physics (LASP) in boulder, co.  The PI will have overall control of the MAVEN project. He will provide science leadership for the MAVEN mission and manage education and public outreach.  This effort applies to lasp and covers phases a, b, c, d, and E of the MAVEN mission.  Under phase a of this contract, the contractor is responsible for schedule management, providing technical progress reports, and mission reviews.  Under phase b, the contractor is responsible for supporting requirements analysis, project plans, preliminary design reviews, monthly status reviews, quarterly team meetings, E/po activities, and the preliminary science data management plan.  Under phases c and d, the contractor is responsible for supporting monthly status reviews, quarterly team reviews, responding to action items that result from meetings/reviews, supporting formal reviews and launch site activities, and management of E/po activities.  Under phase E, the contractor is responsible for providing overall management of the MAVEN science Program and data analysis activities, ensuring delivery of MAVEN science data products, mission documentation, and analytical software tools into PDS, participating in analysis and resolution of spacecraft anomalies, as necessary, providing overall management of E/po activities per E/po plan, presenting scientific results at national conferences and in scientific literature, and providing contract closeout support.",https://www.usaspending.gov/award/CONT_AWD_NNH10CC04C_8000_-NONE-_-NONE-/
NNH10CC04C,2023,4,2726295.23,0.0,False,080-0120,"Science, National Aeronautics and Space Administration",The Regents of the University of Colorado,7d586cfa-95f6-0e31-3589-fbd59b788eda-C,"NASA headquarters (HQ) manages the Mars Exploration Program (MEP), which selected the Mars atmosphere and volatile evolution (MAVEN) project as a Mars scout mission.  The MAVEN Principal Investigator (PI) is Dr. Bruce jakosky, of the university of colorado, Laboratory for Atmospheric and Space Physics (LASP) in boulder, co.  The PI will have overall control of the MAVEN project. He will provide science leadership for the MAVEN mission and manage education and public outreach.  This effort applies to lasp and covers phases a, b, c, d, and E of the MAVEN mission.  Under phase a of this contract, the contractor is responsible for schedule management, providing technical progress reports, and mission reviews.  Under phase b, the contractor is responsible for supporting requirements analysis, project plans, preliminary design reviews, monthly status reviews, quarterly team meetings, E/po activities, and the preliminary science data management plan.  Under phases c and d, the contractor is responsible for supporting monthly status reviews, quarterly team reviews, responding to action items that result from meetings/reviews, supporting formal reviews and launch site activities, and management of E/po activities.  Under phase E, the contractor is responsible for providing overall management of the MAVEN science Program and data analysis activities, ensuring delivery of MAVEN science data products, mission documentation, and analytical software tools into PDS, participating in analysis and resolution of spacecraft anomalies, as necessary, providing overall management of E/po activities per E/po plan, presenting scientific results at national conferences and in scientific literature, and providing contract closeout support.",https://www.usaspending.gov/award/CONT_AWD_NNH10CC04C_8000_-NONE-_-NONE-/
NNH10CC04C,2023,4,216095.49,0.0,False,080-0120,"Science, National Aeronautics and Space Administration",The Regents of the University of Colorado,7d586cfa-95f6-0e31-3589-fbd59b788eda-C,"NASA headquarters (HQ) manages the Mars Exploration Program (MEP), which selected the Mars atmosphere and volatile evolution (MAVEN) project as a Mars scout mission.  The MAVEN Principal Investigator (PI) is Dr. Bruce jakosky, of the university of colorado, Laboratory for Atmospheric and Space Physics (LASP) in boulder, co.  The PI will have overall control of the MAVEN project. He will provide science leadership for the MAVEN mission and manage education and public outreach.  This effort applies to lasp and covers phases a, b, c, d, and E of the MAVEN mission.  Under phase a of this contract, the contractor is responsible for schedule management, providing technical progress reports, and mission reviews.  Under phase b, the contractor is responsible for supporting requirements analysis, project plans, preliminary design reviews, monthly status reviews, quarterly team meetings, E/po activities, and the preliminary science data management plan.  Under phases c and d, the contractor is responsible for supporting monthly status reviews, quarterly team reviews, responding to action items that result from meetings/reviews, supporting formal reviews and launch site activities, and management of E/po activities.  Under phase E, the contractor is responsible for providing overall management of the MAVEN science Program and data analysis activities, ensuring delivery of MAVEN science data products, mission documentation, and analytical software tools into PDS, participating in analysis and resolution of spacecraft anomalies, as necessary, providing overall management of E/po activities per E/po plan, presenting scientific results at national conferences and in scientific literature, and providing contract closeout support.",https://www.usaspending.gov/award/CONT_AWD_NNH10CC04C_8000_-NONE-_-NONE-/
NNH10CC04C,2023,3,0.0,1650000.00,False,080-0120,"Science, National Aeronautics and Space Administration",The Regents of the University of Colorado,7d586cfa-95f6-0e31-3589-fbd59b788eda-C,"NASA headquarters (HQ) manages the Mars Exploration Program (MEP), which selected the Mars atmosphere and volatile evolution (MAVEN) project as a Mars scout mission.  The MAVEN Principal Investigator (PI) is Dr. Bruce jakosky, of the university of colorado, Laboratory for Atmospheric and Space Physics (LASP) in boulder, co.  The PI will have overall control of the MAVEN project. He will provide science leadership for the MAVEN mission and manage education and public outreach.  This effort applies to lasp and covers phases a, b, c, d, and E of the MAVEN mission.  Under phase a of this contract, the contractor is responsible for schedule management, providing technical progress reports, and mission reviews.  Under phase b, the contractor is responsible for supporting requirements analysis, project plans, preliminary design reviews, monthly status reviews, quarterly team meetings, E/po activities, and the preliminary science data management plan.  Under phases c and d, the contractor is responsible for supporting monthly status reviews, quarterly team reviews, responding to action items that result from meetings/reviews, supporting formal reviews and launch site activities, and management of E/po activities.  Under phase E, the contractor is responsible for providing overall management of the MAVEN science Program and data analysis activities, ensuring delivery of MAVEN science data products, mission documentation, and analytical software tools into PDS, participating in analysis and resolution of spacecraft anomalies, as necessary, providing overall management of E/po activities per E/po plan, presenting scientific results at national conferences and in scientific literature, and providing contract closeout support.",https://www.usaspending.gov/award/CONT_AWD_NNH10CC04C_8000_-NONE-_-NONE-/
NNH10CC04C,2023,3,2146003.57,0.0,False,080-0120,"Science, National Aeronautics and Space Administration",The Regents of the University of Colorado,7d586cfa-95f6-0e31-3589-fbd59b788eda-C,"NASA headquarters (HQ) manages the Mars Exploration Program (MEP), which selected the Mars atmosphere and volatile evolution (MAVEN) project as a Mars scout mission.  The MAVEN Principal Investigator (PI) is Dr. Bruce jakosky, of the university of colorado, Laboratory for Atmospheric and Space Physics (LASP) in boulder, co.  The PI will have overall control of the MAVEN project. He will provide science leadership for the MAVEN mission and manage education and public outreach.  This effort applies to lasp and covers phases a, b, c, d, and E of the MAVEN mission.  Under phase a of this contract, the contractor is responsible for schedule management, providing technical progress reports, and mission reviews.  Under phase b, the contractor is responsible for supporting requirements analysis, project plans, preliminary design reviews, monthly status reviews, quarterly team meetings, E/po activities, and the preliminary science data management plan.  Under phases c and d, the contractor is responsible for supporting monthly status reviews, quarterly team reviews, responding to action items that result from meetings/reviews, supporting formal reviews and launch site activities, and management of E/po activities.  Under phase E, the contractor is responsible for providing overall management of the MAVEN science Program and data analysis activities, ensuring delivery of MAVEN science data products, mission documentation, and analytical software tools into PDS, participating in analysis and resolution of spacecraft anomalies, as necessary, providing overall management of E/po activities per E/po plan, presenting scientific results at national conferences and in scientific literature, and providing contract closeout support.",https://www.usaspending.gov/award/CONT_AWD_NNH10CC04C_8000_-NONE-_-NONE-/
NNH10CC04C,2022,12,0.0,430076.85,False,080-0120,"Science, National Aeronautics and Space Administration",The Regents of the University of Colorado,7d586cfa-95f6-0e31-3589-fbd59b788eda-C,"NASA headquarters (HQ) manages the Mars Exploration Program (MEP), which selected the Mars atmosphere and volatile evolution (MAVEN) project as a Mars scout mission.  The MAVEN Principal Investigator (PI) is Dr. Bruce jakosky, of the university of colorado, Laboratory for Atmospheric and Space Physics (LASP) in boulder, co.  The PI will have overall control of the MAVEN project. He will provide science leadership for the MAVEN mission and manage education and public outreach.  This effort applies to lasp and covers phases a, b, c, d, and E of the MAVEN mission.  Under phase a of this contract, the contractor is responsible for schedule management, providing technical progress reports, and mission reviews.  Under phase b, the contractor is responsible for supporting requirements analysis, project plans, preliminary design reviews, monthly status reviews, quarterly team meetings, E/po activities, and the preliminary science data management plan.  Under phases c and d, the contractor is responsible for supporting monthly status reviews, quarterly team reviews, responding to action items that result from meetings/reviews, supporting formal reviews and launch site activities, and management of E/po activities.  Under phase E, the contractor is responsible for providing overall management of the MAVEN science Program and data analysis activities, ensuring delivery of MAVEN science data products, mission documentation, and analytical software tools into PDS, participating in analysis and resolution of spacecraft anomalies, as necessary, providing overall management of E/po activities per E/po plan, presenting scientific results at national conferences and in scientific literature, and providing contract closeout support.",https://www.usaspending.gov/award/CONT_AWD_NNH10CC04C_8000_-NONE-_-NONE-/
NNH10CC04C,2022,12,3710509.98,0.0,False,080-0120,"Science, National Aeronautics and Space Administration",The Regents of the University of Colorado,7d586cfa-95f6-0e31-3589-fbd59b788eda-C,"NASA headquarters (HQ) manages the Mars Exploration Program (MEP), which selected the Mars atmosphere and volatile evolution (MAVEN) project as a Mars scout mission.  The MAVEN Principal Investigator (PI) is Dr. Bruce jakosky, of the university of colorado, Laboratory for Atmospheric and Space Physics (LASP) in boulder, co.  The PI will have overall control of the MAVEN project. He will provide science leadership for the MAVEN mission and manage education and public outreach.  This effort applies to lasp and covers phases a, b, c, d, and E of the MAVEN mission.  Under phase a of this contract, the contractor is responsible for schedule management, providing technical progress reports, and mission reviews.  Under phase b, the contractor is responsible for supporting requirements analysis, project plans, preliminary design reviews, monthly status reviews, quarterly team meetings, E/po activities, and the preliminary science data management plan.  Under phases c and d, the contractor is responsible for supporting monthly status reviews, quarterly team reviews, responding to action items that result from meetings/reviews, supporting formal reviews and launch site activities, and management of E/po activities.  Under phase E, the contractor is responsible for providing overall management of the MAVEN science Program and data analysis activities, ensuring delivery of MAVEN science data products, mission documentation, and analytical software tools into PDS, participating in analysis and resolution of spacecraft anomalies, as necessary, providing overall management of E/po activities per E/po plan, presenting scientific results at national conferences and in scientific literature, and providing contract closeout support.",https://www.usaspending.gov/award/CONT_AWD_NNH10CC04C_8000_-NONE-_-NONE-/
NNH10CC04C,2022,12,4743314.80,0.0,False,080-0120,"Science, National Aeronautics and Space Administration",The Regents of the University of Colorado,7d586cfa-95f6-0e31-3589-fbd59b788eda-C,"NASA headquarters (HQ) manages the Mars Exploration Program (MEP), which selected the Mars atmosphere and volatile evolution (MAVEN) project as a Mars scout mission.  The MAVEN Principal Investigator (PI) is Dr. Bruce jakosky, of the university of colorado, Laboratory for Atmospheric and Space Physics (LASP) in boulder, co.  The PI will have overall control of the MAVEN project. He will provide science leadership for the MAVEN mission and manage education and public outreach.  This effort applies to lasp and covers phases a, b, c, d, and E of the MAVEN mission.  Under phase a of this contract, the contractor is responsible for schedule management, providing technical progress reports, and mission reviews.  Under phase b, the contractor is responsible for supporting requirements analysis, project plans, preliminary design reviews, monthly status reviews, quarterly team meetings, E/po activities, and the preliminary science data management plan.  Under phases c and d, the contractor is responsible for supporting monthly status reviews, quarterly team reviews, responding to action items that result from meetings/reviews, supporting formal reviews and launch site activities, and management of E/po activities.  Under phase E, the contractor is responsible for providing overall management of the MAVEN science Program and data analysis activities, ensuring delivery of MAVEN science data products, mission documentation, and analytical software tools into PDS, participating in analysis and resolution of spacecraft anomalies, as necessary, providing overall management of E/po activities per E/po plan, presenting scientific results at national conferences and in scientific literature, and providing contract closeout support.",https://www.usaspending.gov/award/CONT_AWD_NNH10CC04C_8000_-NONE-_-NONE-/
NNH10CC04C,2022,11,3710509.98,0.0,False,080-0120,"Science, National Aeronautics and Space Administration",The Regents of the University of Colorado,7d586cfa-95f6-0e31-3589-fbd59b788eda-C,"NASA headquarters (HQ) manages the Mars Exploration Program (MEP), which selected the Mars atmosphere and volatile evolution (MAVEN) project as a Mars scout mission.  The MAVEN Principal Investigator (PI) is Dr. Bruce jakosky, of the university of colorado, Laboratory for Atmospheric and Space Physics (LASP) in boulder, co.  The PI will have overall control of the MAVEN project. He will provide science leadership for the MAVEN mission and manage education and public outreach.  This effort applies to lasp and covers phases a, b, c, d, and E of the MAVEN mission.  Under phase a of this contract, the contractor is responsible for schedule management, providing technical progress reports, and mission reviews.  Under phase b, the contractor is responsible for supporting requirements analysis, project plans, preliminary design reviews, monthly status reviews, quarterly team meetings, E/po activities, and the preliminary science data management plan.  Under phases c and d, the contractor is responsible for supporting monthly status reviews, quarterly team reviews, responding to action items that result from meetings/reviews, supporting formal reviews and launch site activities, and management of E/po activities.  Under phase E, the contractor is responsible for providing overall management of the MAVEN science Program and data analysis activities, ensuring delivery of MAVEN science data products, mission documentation, and analytical software tools into PDS, participating in analysis and resolution of spacecraft anomalies, as necessary, providing overall management of E/po activities per E/po plan, presenting scientific results at national conferences and in scientific literature, and providing contract closeout support.",https://www.usaspending.gov/award/CONT_AWD_NNH10CC04C_8000_-NONE-_-NONE-/
NNH10CC04C,2022,11,4325167.68,0.0,False,080-0120,"Science, National Aeronautics and Space Administration",The Regents of the University of Colorado,7d586cfa-95f6-0e31-3589-fbd59b788eda-C,"NASA headquarters (HQ) manages the Mars Exploration Program (MEP), which selected the Mars atmosphere and volatile evolution (MAVEN) project as a Mars scout mission.  The MAVEN Principal Investigator (PI) is Dr. Bruce jakosky, of the university of colorado, Laboratory for Atmospheric and Space Physics (LASP) in boulder, co.  The PI will have overall control of the MAVEN project. He will provide science leadership for the MAVEN mission and manage education and public outreach.  This effort applies to lasp and covers phases a, b, c, d, and E of the MAVEN mission.  Under phase a of this contract, the contractor is responsible for schedule management, providing technical progress reports, and mission reviews.  Under phase b, the contractor is responsible for supporting requirements analysis, project plans, preliminary design reviews, monthly status reviews, quarterly team meetings, E/po activities, and the preliminary science data management plan.  Under phases c and d, the contractor is responsible for supporting monthly status reviews, quarterly team reviews, responding to action items that result from meetings/reviews, supporting formal reviews and launch site activities, and management of E/po activities.  Under phase E, the contractor is responsible for providing overall management of the MAVEN science Program and data analysis activities, ensuring delivery of MAVEN science data products, mission documentation, and analytical software tools into PDS, participating in analysis and resolution of spacecraft anomalies, as necessary, providing overall management of E/po activities per E/po plan, presenting scientific results at national conferences and in scientific literature, and providing contract closeout support.",https://www.usaspending.gov/award/CONT_AWD_NNH10CC04C_8000_-NONE-_-NONE-/
NNH10CC04C,2022,10,0.0,-500000.00,False,080-0120,"Science, National Aeronautics and Space Administration",The Regents of the University of Colorado,7d586cfa-95f6-0e31-3589-fbd59b788eda-C,"NASA headquarters (HQ) manages the Mars Exploration Program (MEP), which selected the Mars atmosphere and volatile evolution (MAVEN) project as a Mars scout mission.  The MAVEN Principal Investigator (PI) is Dr. Bruce jakosky, of the university of colorado, Laboratory for Atmospheric and Space Physics (LASP) in boulder, co.  The PI will have overall control of the MAVEN project. He will provide science leadership for the MAVEN mission and manage education and public outreach.  This effort applies to lasp and covers phases a, b, c, d, and E of the MAVEN mission.  Under phase a of this contract, the contractor is responsible for schedule management, providing technical progress reports, and mission reviews.  Under phase b, the contractor is responsible for supporting requirements analysis, project plans, preliminary design reviews, monthly status reviews, quarterly team meetings, E/po activities, and the preliminary science data management plan.  Under phases c and d, the contractor is responsible for supporting monthly status reviews, quarterly team reviews, responding to action items that result from meetings/reviews, supporting formal reviews and launch site activities, and management of E/po activities.  Under phase E, the contractor is responsible for providing overall management of the MAVEN science Program and data analysis activities, ensuring delivery of MAVEN science data products, mission documentation, and analytical software tools into PDS, participating in analysis and resolution of spacecraft anomalies, as necessary, providing overall management of E/po activities per E/po plan, presenting scientific results at national conferences and in scientific literature, and providing contract closeout support.",https://www.usaspending.gov/award/CONT_AWD_NNH10CC04C_8000_-NONE-_-NONE-/
NNH10CC04C,2022,10,3710509.98,0.0,False,080-0120,"Science, National Aeronautics and Space Administration",The Regents of the University of Colorado,7d586cfa-95f6-0e31-3589-fbd59b788eda-C,"NASA headquarters (HQ) manages the Mars Exploration Program (MEP), which selected the Mars atmosphere and volatile evolution (MAVEN) project as a Mars scout mission.  The MAVEN Principal Investigator (PI) is Dr. Bruce jakosky, of the university of colorado, Laboratory for Atmospheric and Space Physics (LASP) in boulder, co.  The PI will have overall control of the MAVEN project. He will provide science leadership for the MAVEN mission and manage education and public outreach.  This effort applies to lasp and covers phases a, b, c, d, and E of the MAVEN mission.  Under phase a of this contract, the contractor is responsible for schedule management, providing technical progress reports, and mission reviews.  Under phase b, the contractor is responsible for supporting requirements analysis, project plans, preliminary design reviews, monthly status reviews, quarterly team meetings, E/po activities, and the preliminary science data management plan.  Under phases c and d, the contractor is responsible for supporting monthly status reviews, quarterly team reviews, responding to action items that result from meetings/reviews, supporting formal reviews and launch site activities, and management of E/po activities.  Under phase E, the contractor is responsible for providing overall management of the MAVEN science Program and data analysis activities, ensuring delivery of MAVEN science data products, mission documentation, and analytical software tools into PDS, participating in analysis and resolution of spacecraft anomalies, as necessary, providing overall management of E/po activities per E/po plan, presenting scientific results at national conferences and in scientific literature, and providing contract closeout support.",https://www.usaspending.gov/award/CONT_AWD_NNH10CC04C_8000_-NONE-_-NONE-/
NNH10CC04C,2022,10,2827105.48,0.0,False,080-0120,"Science, National Aeronautics and Space Administration",The Regents of the University of Colorado,7d586cfa-95f6-0e31-3589-fbd59b788eda-C,"NASA headquarters (HQ) manages the Mars Exploration Program (MEP), which selected the Mars atmosphere and volatile evolution (MAVEN) project as a Mars scout mission.  The MAVEN Principal Investigator (PI) is Dr. Bruce jakosky, of the university of colorado, Laboratory for Atmospheric and Space Physics (LASP) in boulder, co.  The PI will have overall control of the MAVEN project. He will provide science leadership for the MAVEN mission and manage education and public outreach.  This effort applies to lasp and covers phases a, b, c, d, and E of the MAVEN mission.  Under phase a of this contract, the contractor is responsible for schedule management, providing technical progress reports, and mission reviews.  Under phase b, the contractor is responsible for supporting requirements analysis, project plans, preliminary design reviews, monthly status reviews, quarterly team meetings, E/po activities, and the preliminary science data management plan.  Under phases c and d, the contractor is responsible for supporting monthly status reviews, quarterly team reviews, responding to action items that result from meetings/reviews, supporting formal reviews and launch site activities, and management of E/po activities.  Under phase E, the contractor is responsible for providing overall management of the MAVEN science Program and data analysis activities, ensuring delivery of MAVEN science data products, mission documentation, and analytical software tools into PDS, participating in analysis and resolution of spacecraft anomalies, as necessary, providing overall management of E/po activities per E/po plan, presenting scientific results at national conferences and in scientific literature, and providing contract closeout support.",https://www.usaspending.gov/award/CONT_AWD_NNH10CC04C_8000_-NONE-_-NONE-/
NNH10CC04C,2022,9,3710509.98,0.0,False,080-0120,"Science, National Aeronautics and Space Administration",The Regents of the University of Colorado,7d586cfa-95f6-0e31-3589-fbd59b788eda-C,"NASA headquarters (HQ) manages the Mars Exploration Program (MEP), which selected the Mars atmosphere and volatile evolution (MAVEN) project as a Mars scout mission.  The MAVEN Principal Investigator (PI) is Dr. Bruce jakosky, of the university of colorado, Laboratory for Atmospheric and Space Physics (LASP) in boulder, co.  The PI will have overall control of the MAVEN project. He will provide science leadership for the MAVEN mission and manage education and public outreach.  This effort applies to lasp and covers phases a, b, c, d, and E of the MAVEN mission.  Under phase a of this contract, the contractor is responsible for schedule management, providing technical progress reports, and mission reviews.  Under phase b, the contractor is responsible for supporting requirements analysis, project plans, preliminary design reviews, monthly status reviews, quarterly team meetings, E/po activities, and the preliminary science data management plan.  Under phases c and d, the contractor is responsible for supporting monthly status reviews, quarterly team reviews, responding to action items that result from meetings/reviews, supporting formal reviews and launch site activities, and management of E/po activities.  Under phase E, the contractor is responsible for providing overall management of the MAVEN science Program and data analysis activities, ensuring delivery of MAVEN science data products, mission documentation, and analytical software tools into PDS, participating in analysis and resolution of spacecraft anomalies, as necessary, providing overall management of E/po activities per E/po plan, presenting scientific results at national conferences and in scientific literature, and providing contract closeout support.",https://www.usaspending.gov/award/CONT_AWD_NNH10CC04C_8000_-NONE-_-NONE-/
NNH10CC04C,2022,9,2212300.64,0.0,False,080-0120,"Science, National Aeronautics and Space Administration",The Regents of the University of Colorado,7d586cfa-95f6-0e31-3589-fbd59b788eda-C,"NASA headquarters (HQ) manages the Mars Exploration Program (MEP), which selected the Mars atmosphere and volatile evolution (MAVEN) project as a Mars scout mission.  The MAVEN Principal Investigator (PI) is Dr. Bruce jakosky, of the university of colorado, Laboratory for Atmospheric and Space Physics (LASP) in boulder, co.  The PI will have overall control of the MAVEN project. He will provide science leadership for the MAVEN mission and manage education and public outreach.  This effort applies to lasp and covers phases a, b, c, d, and E of the MAVEN mission.  Under phase a of this contract, the contractor is responsible for schedule management, providing technical progress reports, and mission reviews.  Under phase b, the contractor is responsible for supporting requirements analysis, project plans, preliminary design reviews, monthly status reviews, quarterly team meetings, E/po activities, and the preliminary science data management plan.  Under phases c and d, the contractor is responsible for supporting monthly status reviews, quarterly team reviews, responding to action items that result from meetings/reviews, supporting formal reviews and launch site activities, and management of E/po activities.  Under phase E, the contractor is responsible for providing overall management of the MAVEN science Program and data analysis activities, ensuring delivery of MAVEN science data products, mission documentation, and analytical software tools into PDS, participating in analysis and resolution of spacecraft anomalies, as necessary, providing overall management of E/po activities per E/po plan, presenting scientific results at national conferences and in scientific literature, and providing contract closeout support.",https://www.usaspending.gov/award/CONT_AWD_NNH10CC04C_8000_-NONE-_-NONE-/
NNH10CC04C,2022,8,0.0,4091068.00,False,080-0120,"Science, National Aeronautics and Space Administration",The Regents of the University of Colorado,7d586cfa-95f6-0e31-3589-fbd59b788eda-C,"NASA headquarters (HQ) manages the Mars Exploration Program (MEP), which selected the Mars atmosphere and volatile evolution (MAVEN) project as a Mars scout mission.  The MAVEN Principal Investigator (PI) is Dr. Bruce jakosky, of the university of colorado, Laboratory for Atmospheric and Space Physics (LASP) in boulder, co.  The PI will have overall control of the MAVEN project. He will provide science leadership for the MAVEN mission and manage education and public outreach.  This effort applies to lasp and covers phases a, b, c, d, and E of the MAVEN mission.  Under phase a of this contract, the contractor is responsible for schedule management, providing technical progress reports, and mission reviews.  Under phase b, the contractor is responsible for supporting requirements analysis, project plans, preliminary design reviews, monthly status reviews, quarterly team meetings, E/po activities, and the preliminary science data management plan.  Under phases c and d, the contractor is responsible for supporting monthly status reviews, quarterly team reviews, responding to action items that result from meetings/reviews, supporting formal reviews and launch site activities, and management of E/po activities.  Under phase E, the contractor is responsible for providing overall management of the MAVEN science Program and data analysis activities, ensuring delivery of MAVEN science data products, mission documentation, and analytical software tools into PDS, participating in analysis and resolution of spacecraft anomalies, as necessary, providing overall management of E/po activities per E/po plan, presenting scientific results at national conferences and in scientific literature, and providing contract closeout support.",https://www.usaspending.gov/award/CONT_AWD_NNH10CC04C_8000_-NONE-_-NONE-/
NNH10CC04C,2022,8,3710509.98,0.0,False,080-0120,"Science, National Aeronautics and Space Administration",The Regents of the University of Colorado,7d586cfa-95f6-0e31-3589-fbd59b788eda-C,"NASA headquarters (HQ) manages the Mars Exploration Program (MEP), which selected the Mars atmosphere and volatile evolution (MAVEN) project as a Mars scout mission.  The MAVEN Principal Investigator (PI) is Dr. Bruce jakosky, of the university of colorado, Laboratory for Atmospheric and Space Physics (LASP) in boulder, co.  The PI will have overall control of the MAVEN project. He will provide science leadership for the MAVEN mission and manage education and public outreach.  This effort applies to lasp and covers phases a, b, c, d, and E of the MAVEN mission.  Under phase a of this contract, the contractor is responsible for schedule management, providing technical progress reports, and mission reviews.  Under phase b, the contractor is responsible for supporting requirements analysis, project plans, preliminary design reviews, monthly status reviews, quarterly team meetings, E/po activities, and the preliminary science data management plan.  Under phases c and d, the contractor is responsible for supporting monthly status reviews, quarterly team reviews, responding to action items that result from meetings/reviews, supporting formal reviews and launch site activities, and management of E/po activities.  Under phase E, the contractor is responsible for providing overall management of the MAVEN science Program and data analysis activities, ensuring delivery of MAVEN science data products, mission documentation, and analytical software tools into PDS, participating in analysis and resolution of spacecraft anomalies, as necessary, providing overall management of E/po activities per E/po plan, presenting scientific results at national conferences and in scientific literature, and providing contract closeout support.",https://www.usaspending.gov/award/CONT_AWD_NNH10CC04C_8000_-NONE-_-NONE-/
NNH10CC04C,2022,8,1334476.26,0.0,False,080-0120,"Science, National Aeronautics and Space Administration",The Regents of the University of Colorado,7d586cfa-95f6-0e31-3589-fbd59b788eda-C,"NASA headquarters (HQ) manages the Mars Exploration Program (MEP), which selected the Mars atmosphere and volatile evolution (MAVEN) project as a Mars scout mission.  The MAVEN Principal Investigator (PI) is Dr. Bruce jakosky, of the university of colorado, Laboratory for Atmospheric and Space Physics (LASP) in boulder, co.  The PI will have overall control of the MAVEN project. He will provide science leadership for the MAVEN mission and manage education and public outreach.  This effort applies to lasp and covers phases a, b, c, d, and E of the MAVEN mission.  Under phase a of this contract, the contractor is responsible for schedule management, providing technical progress reports, and mission reviews.  Under phase b, the contractor is responsible for supporting requirements analysis, project plans, preliminary design reviews, monthly status reviews, quarterly team meetings, E/po activities, and the preliminary science data management plan.  Under phases c and d, the contractor is responsible for supporting monthly status reviews, quarterly team reviews, responding to action items that result from meetings/reviews, supporting formal reviews and launch site activities, and management of E/po activities.  Under phase E, the contractor is responsible for providing overall management of the MAVEN science Program and data analysis activities, ensuring delivery of MAVEN science data products, mission documentation, and analytical software tools into PDS, participating in analysis and resolution of spacecraft anomalies, as necessary, providing overall management of E/po activities per E/po plan, presenting scientific results at national conferences and in scientific literature, and providing contract closeout support.",https://www.usaspending.gov/award/CONT_AWD_NNH10CC04C_8000_-NONE-_-NONE-/
NNH10CC04C,2022,7,3710509.98,0.0,False,080-0120,"Science, National Aeronautics and Space Administration",The Regents of the University of Colorado,7d586cfa-95f6-0e31-3589-fbd59b788eda-C,"NASA headquarters (HQ) manages the Mars Exploration Program (MEP), which selected the Mars atmosphere and volatile evolution (MAVEN) project as a Mars scout mission.  The MAVEN Principal Investigator (PI) is Dr. Bruce jakosky, of the university of colorado, Laboratory for Atmospheric and Space Physics (LASP) in boulder, co.  The PI will have overall control of the MAVEN project. He will provide science leadership for the MAVEN mission and manage education and public outreach.  This effort applies to lasp and covers phases a, b, c, d, and E of the MAVEN mission.  Under phase a of this contract, the contractor is responsible for schedule management, providing technical progress reports, and mission reviews.  Under phase b, the contractor is responsible for supporting requirements analysis, project plans, preliminary design reviews, monthly status reviews, quarterly team meetings, E/po activities, and the preliminary science data management plan.  Under phases c and d, the contractor is responsible for supporting monthly status reviews, quarterly team reviews, responding to action items that result from meetings/reviews, supporting formal reviews and launch site activities, and management of E/po activities.  Under phase E, the contractor is responsible for providing overall management of the MAVEN science Program and data analysis activities, ensuring delivery of MAVEN science data products, mission documentation, and analytical software tools into PDS, participating in analysis and resolution of spacecraft anomalies, as necessary, providing overall management of E/po activities per E/po plan, presenting scientific results at national conferences and in scientific literature, and providing contract closeout support.",https://www.usaspending.gov/award/CONT_AWD_NNH10CC04C_8000_-NONE-_-NONE-/
NNH10CC04C,2022,7,834472.46,0.0,False,080-0120,"Science, National Aeronautics and Space Administration",The Regents of the University of Colorado,7d586cfa-95f6-0e31-3589-fbd59b788eda-C,"NASA headquarters (HQ) manages the Mars Exploration Program (MEP), which selected the Mars atmosphere and volatile evolution (MAVEN) project as a Mars scout mission.  The MAVEN Principal Investigator (PI) is Dr. Bruce jakosky, of the university of colorado, Laboratory for Atmospheric and Space Physics (LASP) in boulder, co.  The PI will have overall control of the MAVEN project. He will provide science leadership for the MAVEN mission and manage education and public outreach.  This effort applies to lasp and covers phases a, b, c, d, and E of the MAVEN mission.  Under phase a of this contract, the contractor is responsible for schedule management, providing technical progress reports, and mission reviews.  Under phase b, the contractor is responsible for supporting requirements analysis, project plans, preliminary design reviews, monthly status reviews, quarterly team meetings, E/po activities, and the preliminary science data management plan.  Under phases c and d, the contractor is responsible for supporting monthly status reviews, quarterly team reviews, responding to action items that result from meetings/reviews, supporting formal reviews and launch site activities, and management of E/po activities.  Under phase E, the contractor is responsible for providing overall management of the MAVEN science Program and data analysis activities, ensuring delivery of MAVEN science data products, mission documentation, and analytical software tools into PDS, participating in analysis and resolution of spacecraft anomalies, as necessary, providing overall management of E/po activities per E/po plan, presenting scientific results at national conferences and in scientific literature, and providing contract closeout support.",https://www.usaspending.gov/award/CONT_AWD_NNH10CC04C_8000_-NONE-_-NONE-/
NNH10CC04C,2022,6,3710509.98,0.0,False,080-0120,"Science, National Aeronautics and Space Administration",The Regents of the University of Colorado,7d586cfa-95f6-0e31-3589-fbd59b788eda-C,"NASA headquarters (HQ) manages the Mars Exploration Program (MEP), which selected the Mars atmosphere and volatile evolution (MAVEN) project as a Mars scout mission.  The MAVEN Principal Investigator (PI) is Dr. Bruce jakosky, of the university of colorado, Laboratory for Atmospheric and Space Physics (LASP) in boulder, co.  The PI will have overall control of the MAVEN project. He will provide science leadership for the MAVEN mission and manage education and public outreach.  This effort applies to lasp and covers phases a, b, c, d, and E of the MAVEN mission.  Under phase a of this contract, the contractor is responsible for schedule management, providing technical progress reports, and mission reviews.  Under phase b, the contractor is responsible for supporting requirements analysis, project plans, preliminary design reviews, monthly status reviews, quarterly team meetings, E/po activities, and the preliminary science data management plan.  Under phases c and d, the contractor is responsible for supporting monthly status reviews, quarterly team reviews, responding to action items that result from meetings/reviews, supporting formal reviews and launch site activities, and management of E/po activities.  Under phase E, the contractor is responsible for providing overall management of the MAVEN science Program and data analysis activities, ensuring delivery of MAVEN science data products, mission documentation, and analytical software tools into PDS, participating in analysis and resolution of spacecraft anomalies, as necessary, providing overall management of E/po activities per E/po plan, presenting scientific results at national conferences and in scientific literature, and providing contract closeout support.",https://www.usaspending.gov/award/CONT_AWD_NNH10CC04C_8000_-NONE-_-NONE-/
NNH10CC04C,2022,6,217751.70,0.0,False,080-0120,"Science, National Aeronautics and Space Administration",The Regents of the University of Colorado,7d586cfa-95f6-0e31-3589-fbd59b788eda-C,"NASA headquarters (HQ) manages the Mars Exploration Program (MEP), which selected the Mars atmosphere and volatile evolution (MAVEN) project as a Mars scout mission.  The MAVEN Principal Investigator (PI) is Dr. Bruce jakosky, of the university of colorado, Laboratory for Atmospheric and Space Physics (LASP) in boulder, co.  The PI will have overall control of the MAVEN project. He will provide science leadership for the MAVEN mission and manage education and public outreach.  This effort applies to lasp and covers phases a, b, c, d, and E of the MAVEN mission.  Under phase a of this contract, the contractor is responsible for schedule management, providing technical progress reports, and mission reviews.  Under phase b, the contractor is responsible for supporting requirements analysis, project plans, preliminary design reviews, monthly status reviews, quarterly team meetings, E/po activities, and the preliminary science data management plan.  Under phases c and d, the contractor is responsible for supporting monthly status reviews, quarterly team reviews, responding to action items that result from meetings/reviews, supporting formal reviews and launch site activities, and management of E/po activities.  Under phase E, the contractor is responsible for providing overall management of the MAVEN science Program and data analysis activities, ensuring delivery of MAVEN science data products, mission documentation, and analytical software tools into PDS, participating in analysis and resolution of spacecraft anomalies, as necessary, providing overall management of E/po activities per E/po plan, presenting scientific results at national conferences and in scientific literature, and providing contract closeout support.",https://www.usaspending.gov/award/CONT_AWD_NNH10CC04C_8000_-NONE-_-NONE-/
NNH10CC04C,2022,5,2974330.08,0.0,False,080-0120,"Science, National Aeronautics and Space Administration",The Regents of the University of Colorado,7d586cfa-95f6-0e31-3589-fbd59b788eda-C,"NASA headquarters (HQ) manages the Mars Exploration Program (MEP), which selected the Mars atmosphere and volatile evolution (MAVEN) project as a Mars scout mission.  The MAVEN Principal Investigator (PI) is Dr. Bruce jakosky, of the university of colorado, Laboratory for Atmospheric and Space Physics (LASP) in boulder, co.  The PI will have overall control of the MAVEN project. He will provide science leadership for the MAVEN mission and manage education and public outreach.  This effort applies to lasp and covers phases a, b, c, d, and E of the MAVEN mission.  Under phase a of this contract, the contractor is responsible for schedule management, providing technical progress reports, and mission reviews.  Under phase b, the contractor is responsible for supporting requirements analysis, project plans, preliminary design reviews, monthly status reviews, quarterly team meetings, E/po activities, and the preliminary science data management plan.  Under phases c and d, the contractor is responsible for supporting monthly status reviews, quarterly team reviews, responding to action items that result from meetings/reviews, supporting formal reviews and launch site activities, and management of E/po activities.  Under phase E, the contractor is responsible for providing overall management of the MAVEN science Program and data analysis activities, ensuring delivery of MAVEN science data products, mission documentation, and analytical software tools into PDS, participating in analysis and resolution of spacecraft anomalies, as necessary, providing overall management of E/po activities per E/po plan, presenting scientific results at national conferences and in scientific literature, and providing contract closeout support.",https://www.usaspending.gov/award/CONT_AWD_NNH10CC04C_8000_-NONE-_-NONE-/
NNH10CC04C,2022,5,130167.64,0.0,False,080-0120,"Science, National Aeronautics and Space Administration",The Regents of the University of Colorado,7d586cfa-95f6-0e31-3589-fbd59b788eda-C,"NASA headquarters (HQ) manages the Mars Exploration Program (MEP), which selected the Mars atmosphere and volatile evolution (MAVEN) project as a Mars scout mission.  The MAVEN Principal Investigator (PI) is Dr. Bruce jakosky, of the university of colorado, Laboratory for Atmospheric and Space Physics (LASP) in boulder, co.  The PI will have overall control of the MAVEN project. He will provide science leadership for the MAVEN mission and manage education and public outreach.  This effort applies to lasp and covers phases a, b, c, d, and E of the MAVEN mission.  Under phase a of this contract, the contractor is responsible for schedule management, providing technical progress reports, and mission reviews.  Under phase b, the contractor is responsible for supporting requirements analysis, project plans, preliminary design reviews, monthly status reviews, quarterly team meetings, E/po activities, and the preliminary science data management plan.  Under phases c and d, the contractor is responsible for supporting monthly status reviews, quarterly team reviews, responding to action items that result from meetings/reviews, supporting formal reviews and launch site activities, and management of E/po activities.  Under phase E, the contractor is responsible for providing overall management of the MAVEN science Program and data analysis activities, ensuring delivery of MAVEN science data products, mission documentation, and analytical software tools into PDS, participating in analysis and resolution of spacecraft anomalies, as necessary, providing overall management of E/po activities per E/po plan, presenting scientific results at national conferences and in scientific literature, and providing contract closeout support.",https://www.usaspending.gov/award/CONT_AWD_NNH10CC04C_8000_-NONE-_-NONE-/
NNH10CC04C,2022,4,2655857.48,0.0,False,080-0120,"Science, National Aeronautics and Space Administration",The Regents of the University of Colorado,7d586cfa-95f6-0e31-3589-fbd59b788eda-C,"NASA headquarters (HQ) manages the Mars Exploration Program (MEP), which selected the Mars atmosphere and volatile evolution (MAVEN) project as a Mars scout mission.  The MAVEN Principal Investigator (PI) is Dr. Bruce jakosky, of the university of colorado, Laboratory for Atmospheric and Space Physics (LASP) in boulder, co.  The PI will have overall control of the MAVEN project. He will provide science leadership for the MAVEN mission and manage education and public outreach.  This effort applies to lasp and covers phases a, b, c, d, and E of the MAVEN mission.  Under phase a of this contract, the contractor is responsible for schedule management, providing technical progress reports, and mission reviews.  Under phase b, the contractor is responsible for supporting requirements analysis, project plans, preliminary design reviews, monthly status reviews, quarterly team meetings, E/po activities, and the preliminary science data management plan.  Under phases c and d, the contractor is responsible for supporting monthly status reviews, quarterly team reviews, responding to action items that result from meetings/reviews, supporting formal reviews and launch site activities, and management of E/po activities.  Under phase E, the contractor is responsible for providing overall management of the MAVEN science Program and data analysis activities, ensuring delivery of MAVEN science data products, mission documentation, and analytical software tools into PDS, participating in analysis and resolution of spacecraft anomalies, as necessary, providing overall management of E/po activities per E/po plan, presenting scientific results at national conferences and in scientific literature, and providing contract closeout support.",https://www.usaspending.gov/award/CONT_AWD_NNH10CC04C_8000_-NONE-_-NONE-/
NNH10CC04C,2022,4,0.0,1800000.00,False,080-0120,"Science, National Aeronautics and Space Administration",The Regents of the University of Colorado,7d586cfa-95f6-0e31-3589-fbd59b788eda-C,"NASA headquarters (HQ) manages the Mars Exploration Program (MEP), which selected the Mars atmosphere and volatile evolution (MAVEN) project as a Mars scout mission.  The MAVEN Principal Investigator (PI) is Dr. Bruce jakosky, of the university of colorado, Laboratory for Atmospheric and Space Physics (LASP) in boulder, co.  The PI will have overall control of the MAVEN project. He will provide science leadership for the MAVEN mission and manage education and public outreach.  This effort applies to lasp and covers phases a, b, c, d, and E of the MAVEN mission.  Under phase a of this contract, the contractor is responsible for schedule management, providing technical progress reports, and mission reviews.  Under phase b, the contractor is responsible for supporting requirements analysis, project plans, preliminary design reviews, monthly status reviews, quarterly team meetings, E/po activities, and the preliminary science data management plan.  Under phases c and d, the contractor is responsible for supporting monthly status reviews, quarterly team reviews, responding to action items that result from meetings/reviews, supporting formal reviews and launch site activities, and management of E/po activities.  Under phase E, the contractor is responsible for providing overall management of the MAVEN science Program and data analysis activities, ensuring delivery of MAVEN science data products, mission documentation, and analytical software tools into PDS, participating in analysis and resolution of spacecraft anomalies, as necessary, providing overall management of E/po activities per E/po plan, presenting scientific results at national conferences and in scientific literature, and providing contract closeout support.",https://www.usaspending.gov/award/CONT_AWD_NNH10CC04C_8000_-NONE-_-NONE-/
NNH10CC04C,2022,4,0.0,1800000.00,False,080-0120,"Science, National Aeronautics and Space Administration",The Regents of the University of Colorado,7d586cfa-95f6-0e31-3589-fbd59b788eda-C,"NASA headquarters (HQ) manages the Mars Exploration Program (MEP), which selected the Mars atmosphere and volatile evolution (MAVEN) project as a Mars scout mission.  The MAVEN Principal Investigator (PI) is Dr. Bruce jakosky, of the university of colorado, Laboratory for Atmospheric and Space Physics (LASP) in boulder, co.  The PI will have overall control of the MAVEN project. He will provide science leadership for the MAVEN mission and manage education and public outreach.  This effort applies to lasp and covers phases a, b, c, d, and E of the MAVEN mission.  Under phase a of this contract, the contractor is responsible for schedule management, providing technical progress reports, and mission reviews.  Under phase b, the contractor is responsible for supporting requirements analysis, project plans, preliminary design reviews, monthly status reviews, quarterly team meetings, E/po activities, and the preliminary science data management plan.  Under phases c and d, the contractor is responsible for supporting monthly status reviews, quarterly team reviews, responding to action items that result from meetings/reviews, supporting formal reviews and launch site activities, and management of E/po activities.  Under phase E, the contractor is responsible for providing overall management of the MAVEN science Program and data analysis activities, ensuring delivery of MAVEN science data products, mission documentation, and analytical software tools into PDS, participating in analysis and resolution of spacecraft anomalies, as necessary, providing overall management of E/po activities per E/po plan, presenting scientific results at national conferences and in scientific literature, and providing contract closeout support.",https://www.usaspending.gov/award/CONT_AWD_NNH10CC04C_8000_-NONE-_-NONE-/
NNH10CC04C,2022,4,86659.01,0.0,False,080-0120,"Science, National Aeronautics and Space Administration",The Regents of the University of Colorado,7d586cfa-95f6-0e31-3589-fbd59b788eda-C,"NASA headquarters (HQ) manages the Mars Exploration Program (MEP), which selected the Mars atmosphere and volatile evolution (MAVEN) project as a Mars scout mission.  The MAVEN Principal Investigator (PI) is Dr. Bruce jakosky, of the university of colorado, Laboratory for Atmospheric and Space Physics (LASP) in boulder, co.  The PI will have overall control of the MAVEN project. He will provide science leadership for the MAVEN mission and manage education and public outreach.  This effort applies to lasp and covers phases a, b, c, d, and E of the MAVEN mission.  Under phase a of this contract, the contractor is responsible for schedule management, providing technical progress reports, and mission reviews.  Under phase b, the contractor is responsible for supporting requirements analysis, project plans, preliminary design reviews, monthly status reviews, quarterly team meetings, E/po activities, and the preliminary science data management plan.  Under phases c and d, the contractor is responsible for supporting monthly status reviews, quarterly team reviews, responding to action items that result from meetings/reviews, supporting formal reviews and launch site activities, and management of E/po activities.  Under phase E, the contractor is responsible for providing overall management of the MAVEN science Program and data analysis activities, ensuring delivery of MAVEN science data products, mission documentation, and analytical software tools into PDS, participating in analysis and resolution of spacecraft anomalies, as necessary, providing overall management of E/po activities per E/po plan, presenting scientific results at national conferences and in scientific literature, and providing contract closeout support.",https://www.usaspending.gov/award/CONT_AWD_NNH10CC04C_8000_-NONE-_-NONE-/
NNH10CC04C,2022,3,37853.98,0.0,False,080-0120,"Science, National Aeronautics and Space Administration",The Regents of the University of Colorado,7d586cfa-95f6-0e31-3589-fbd59b788eda-C,"NASA headquarters (HQ) manages the Mars Exploration Program (MEP), which selected the Mars atmosphere and volatile evolution (MAVEN) project as a Mars scout mission.  The MAVEN Principal Investigator (PI) is Dr. Bruce jakosky, of the university of colorado, Laboratory for Atmospheric and Space Physics (LASP) in boulder, co.  The PI will have overall control of the MAVEN project. He will provide science leadership for the MAVEN mission and manage education and public outreach.  This effort applies to lasp and covers phases a, b, c, d, and E of the MAVEN mission.  Under phase a of this contract, the contractor is responsible for schedule management, providing technical progress reports, and mission reviews.  Under phase b, the contractor is responsible for supporting requirements analysis, project plans, preliminary design reviews, monthly status reviews, quarterly team meetings, E/po activities, and the preliminary science data management plan.  Under phases c and d, the contractor is responsible for supporting monthly status reviews, quarterly team reviews, responding to action items that result from meetings/reviews, supporting formal reviews and launch site activities, and management of E/po activities.  Under phase E, the contractor is responsible for providing overall management of the MAVEN science Program and data analysis activities, ensuring delivery of MAVEN science data products, mission documentation, and analytical software tools into PDS, participating in analysis and resolution of spacecraft anomalies, as necessary, providing overall management of E/po activities per E/po plan, presenting scientific results at national conferences and in scientific literature, and providing contract closeout support.",https://www.usaspending.gov/award/CONT_AWD_NNH10CC04C_8000_-NONE-_-NONE-/
NNH10CC04C,2022,3,2243626.48,0.0,False,080-0120,"Science, National Aeronautics and Space Administration",The Regents of the University of Colorado,7d586cfa-95f6-0e31-3589-fbd59b788eda-C,"NASA headquarters (HQ) manages the Mars Exploration Program (MEP), which selected the Mars atmosphere and volatile evolution (MAVEN) project as a Mars scout mission.  The MAVEN Principal Investigator (PI) is Dr. Bruce jakosky, of the university of colorado, Laboratory for Atmospheric and Space Physics (LASP) in boulder, co.  The PI will have overall control of the MAVEN project. He will provide science leadership for the MAVEN mission and manage education and public outreach.  This effort applies to lasp and covers phases a, b, c, d, and E of the MAVEN mission.  Under phase a of this contract, the contractor is responsible for schedule management, providing technical progress reports, and mission reviews.  Under phase b, the contractor is responsible for supporting requirements analysis, project plans, preliminary design reviews, monthly status reviews, quarterly team meetings, E/po activities, and the preliminary science data management plan.  Under phases c and d, the contractor is responsible for supporting monthly status reviews, quarterly team reviews, responding to action items that result from meetings/reviews, supporting formal reviews and launch site activities, and management of E/po activities.  Under phase E, the contractor is responsible for providing overall management of the MAVEN science Program and data analysis activities, ensuring delivery of MAVEN science data products, mission documentation, and analytical software tools into PDS, participating in analysis and resolution of spacecraft anomalies, as necessary, providing overall management of E/po activities per E/po plan, presenting scientific results at national conferences and in scientific literature, and providing contract closeout support.",https://www.usaspending.gov/award/CONT_AWD_NNH10CC04C_8000_-NONE-_-NONE-/
NNH10CC04C,2022,2,0.0,1300000.00,False,080-0120,"Science, National Aeronautics and Space Administration",The Regents of the University of Colorado,7d586cfa-95f6-0e31-3589-fbd59b788eda-C,"NASA headquarters (HQ) manages the Mars Exploration Program (MEP), which selected the Mars atmosphere and volatile evolution (MAVEN) project as a Mars scout mission.  The MAVEN Principal Investigator (PI) is Dr. Bruce jakosky, of the university of colorado, Laboratory for Atmospheric and Space Physics (LASP) in boulder, co.  The PI will have overall control of the MAVEN project. He will provide science leadership for the MAVEN mission and manage education and public outreach.  This effort applies to lasp and covers phases a, b, c, d, and E of the MAVEN mission.  Under phase a of this contract, the contractor is responsible for schedule management, providing technical progress reports, and mission reviews.  Under phase b, the contractor is responsible for supporting requirements analysis, project plans, preliminary design reviews, monthly status reviews, quarterly team meetings, E/po activities, and the preliminary science data management plan.  Under phases c and d, the contractor is responsible for supporting monthly status reviews, quarterly team reviews, responding to action items that result from meetings/reviews, supporting formal reviews and launch site activities, and management of E/po activities.  Under phase E, the contractor is responsible for providing overall management of the MAVEN science Program and data analysis activities, ensuring delivery of MAVEN science data products, mission documentation, and analytical software tools into PDS, participating in analysis and resolution of spacecraft anomalies, as necessary, providing overall management of E/po activities per E/po plan, presenting scientific results at national conferences and in scientific literature, and providing contract closeout support.",https://www.usaspending.gov/award/CONT_AWD_NNH10CC04C_8000_-NONE-_-NONE-/
NNH10CC04C,2022,2,1405254.60,0.0,False,080-0120,"Science, National Aeronautics and Space Administration",The Regents of the University of Colorado,7d586cfa-95f6-0e31-3589-fbd59b788eda-C,"NASA headquarters (HQ) manages the Mars Exploration Program (MEP), which selected the Mars atmosphere and volatile evolution (MAVEN) project as a Mars scout mission.  The MAVEN Principal Investigator (PI) is Dr. Bruce jakosky, of the university of colorado, Laboratory for Atmospheric and Space Physics (LASP) in boulder, co.  The PI will have overall control of the MAVEN project. He will provide science leadership for the MAVEN mission and manage education and public outreach.  This effort applies to lasp and covers phases a, b, c, d, and E of the MAVEN mission.  Under phase a of this contract, the contractor is responsible for schedule management, providing technical progress reports, and mission reviews.  Under phase b, the contractor is responsible for supporting requirements analysis, project plans, preliminary design reviews, monthly status reviews, quarterly team meetings, E/po activities, and the preliminary science data management plan.  Under phases c and d, the contractor is responsible for supporting monthly status reviews, quarterly team reviews, responding to action items that result from meetings/reviews, supporting formal reviews and launch site activities, and management of E/po activities.  Under phase E, the contractor is responsible for providing overall management of the MAVEN science Program and data analysis activities, ensuring delivery of MAVEN science data products, mission documentation, and analytical software tools into PDS, participating in analysis and resolution of spacecraft anomalies, as necessary, providing overall management of E/po activities per E/po plan, presenting scientific results at national conferences and in scientific literature, and providing contract closeout support.",https://www.usaspending.gov/award/CONT_AWD_NNH10CC04C_8000_-NONE-_-NONE-/
NNH10CC04C,2021,12,3080048.86,0.0,False,080-0120,"Science, National Aeronautics and Space Administration",The Regents of the University of Colorado,7d586cfa-95f6-0e31-3589-fbd59b788eda-C,"NASA headquarters (HQ) manages the Mars Exploration Program (MEP), which selected the Mars atmosphere and volatile evolution (MAVEN) project as a Mars scout mission.  The MAVEN Principal Investigator (PI) is Dr. Bruce jakosky, of the university of colorado, Laboratory for Atmospheric and Space Physics (LASP) in boulder, co.  The PI will have overall control of the MAVEN project. He will provide science leadership for the MAVEN mission and manage education and public outreach.  This effort applies to lasp and covers phases a, b, c, d, and E of the MAVEN mission.  Under phase a of this contract, the contractor is responsible for schedule management, providing technical progress reports, and mission reviews.  Under phase b, the contractor is responsible for supporting requirements analysis, project plans, preliminary design reviews, monthly status reviews, quarterly team meetings, E/po activities, and the preliminary science data management plan.  Under phases c and d, the contractor is responsible for supporting monthly status reviews, quarterly team reviews, responding to action items that result from meetings/reviews, supporting formal reviews and launch site activities, and management of E/po activities.  Under phase E, the contractor is responsible for providing overall management of the MAVEN science Program and data analysis activities, ensuring delivery of MAVEN science data products, mission documentation, and analytical software tools into PDS, participating in analysis and resolution of spacecraft anomalies, as necessary, providing overall management of E/po activities per E/po plan, presenting scientific results at national conferences and in scientific literature, and providing contract closeout support.",https://www.usaspending.gov/award/CONT_AWD_NNH10CC04C_8000_-NONE-_-NONE-/
NNH10CC04C,2021,12,5120484.02,0.0,False,080-0120,"Science, National Aeronautics and Space Administration",The Regents of the University of Colorado,7d586cfa-95f6-0e31-3589-fbd59b788eda-C,"NASA headquarters (HQ) manages the Mars Exploration Program (MEP), which selected the Mars atmosphere and volatile evolution (MAVEN) project as a Mars scout mission.  The MAVEN Principal Investigator (PI) is Dr. Bruce jakosky, of the university of colorado, Laboratory for Atmospheric and Space Physics (LASP) in boulder, co.  The PI will have overall control of the MAVEN project. He will provide science leadership for the MAVEN mission and manage education and public outreach.  This effort applies to lasp and covers phases a, b, c, d, and E of the MAVEN mission.  Under phase a of this contract, the contractor is responsible for schedule management, providing technical progress reports, and mission reviews.  Under phase b, the contractor is responsible for supporting requirements analysis, project plans, preliminary design reviews, monthly status reviews, quarterly team meetings, E/po activities, and the preliminary science data management plan.  Under phases c and d, the contractor is responsible for supporting monthly status reviews, quarterly team reviews, responding to action items that result from meetings/reviews, supporting formal reviews and launch site activities, and management of E/po activities.  Under phase E, the contractor is responsible for providing overall management of the MAVEN science Program and data analysis activities, ensuring delivery of MAVEN science data products, mission documentation, and analytical software tools into PDS, participating in analysis and resolution of spacecraft anomalies, as necessary, providing overall management of E/po activities per E/po plan, presenting scientific results at national conferences and in scientific literature, and providing contract closeout support.",https://www.usaspending.gov/award/CONT_AWD_NNH10CC04C_8000_-NONE-_-NONE-/
NNH10CC04C,2021,12,3.30,0.0,False,080-0120,"Science, National Aeronautics and Space Administration",The Regents of the University of Colorado,7d586cfa-95f6-0e31-3589-fbd59b788eda-C,"NASA headquarters (HQ) manages the Mars Exploration Program (MEP), which selected the Mars atmosphere and volatile evolution (MAVEN) project as a Mars scout mission.  The MAVEN Principal Investigator (PI) is Dr. Bruce jakosky, of the university of colorado, Laboratory for Atmospheric and Space Physics (LASP) in boulder, co.  The PI will have overall control of the MAVEN project. He will provide science leadership for the MAVEN mission and manage education and public outreach.  This effort applies to lasp and covers phases a, b, c, d, and E of the MAVEN mission.  Under phase a of this contract, the contractor is responsible for schedule management, providing technical progress reports, and mission reviews.  Under phase b, the contractor is responsible for supporting requirements analysis, project plans, preliminary design reviews, monthly status reviews, quarterly team meetings, E/po activities, and the preliminary science data management plan.  Under phases c and d, the contractor is responsible for supporting monthly status reviews, quarterly team reviews, responding to action items that result from meetings/reviews, supporting formal reviews and launch site activities, and management of E/po activities.  Under phase E, the contractor is responsible for providing overall management of the MAVEN science Program and data analysis activities, ensuring delivery of MAVEN science data products, mission documentation, and analytical software tools into PDS, participating in analysis and resolution of spacecraft anomalies, as necessary, providing overall management of E/po activities per E/po plan, presenting scientific results at national conferences and in scientific literature, and providing contract closeout support.",https://www.usaspending.gov/award/CONT_AWD_NNH10CC04C_8000_-NONE-_-NONE-/
NNH10CC04C,2021,11,3.30,0.0,False,080-0120,"Science, National Aeronautics and Space Administration",The Regents of the University of Colorado,7d586cfa-95f6-0e31-3589-fbd59b788eda-C,"NASA headquarters (HQ) manages the Mars Exploration Program (MEP), which selected the Mars atmosphere and volatile evolution (MAVEN) project as a Mars scout mission.  The MAVEN Principal Investigator (PI) is Dr. Bruce jakosky, of the university of colorado, Laboratory for Atmospheric and Space Physics (LASP) in boulder, co.  The PI will have overall control of the MAVEN project. He will provide science leadership for the MAVEN mission and manage education and public outreach.  This effort applies to lasp and covers phases a, b, c, d, and E of the MAVEN mission.  Under phase a of this contract, the contractor is responsible for schedule management, providing technical progress reports, and mission reviews.  Under phase b, the contractor is responsible for supporting requirements analysis, project plans, preliminary design reviews, monthly status reviews, quarterly team meetings, E/po activities, and the preliminary science data management plan.  Under phases c and d, the contractor is responsible for supporting monthly status reviews, quarterly team reviews, responding to action items that result from meetings/reviews, supporting formal reviews and launch site activities, and management of E/po activities.  Under phase E, the contractor is responsible for providing overall management of the MAVEN science Program and data analysis activities, ensuring delivery of MAVEN science data products, mission documentation, and analytical software tools into PDS, participating in analysis and resolution of spacecraft anomalies, as necessary, providing overall management of E/po activities per E/po plan, presenting scientific results at national conferences and in scientific literature, and providing contract closeout support.",https://www.usaspending.gov/award/CONT_AWD_NNH10CC04C_8000_-NONE-_-NONE-/
NNH10CC04C,2021,11,3080048.86,0.0,False,080-0120,"Science, National Aeronautics and Space Administration",The Regents of the University of Colorado,7d586cfa-95f6-0e31-3589-fbd59b788eda-C,"NASA headquarters (HQ) manages the Mars Exploration Program (MEP), which selected the Mars atmosphere and volatile evolution (MAVEN) project as a Mars scout mission.  The MAVEN Principal Investigator (PI) is Dr. Bruce jakosky, of the university of colorado, Laboratory for Atmospheric and Space Physics (LASP) in boulder, co.  The PI will have overall control of the MAVEN project. He will provide science leadership for the MAVEN mission and manage education and public outreach.  This effort applies to lasp and covers phases a, b, c, d, and E of the MAVEN mission.  Under phase a of this contract, the contractor is responsible for schedule management, providing technical progress reports, and mission reviews.  Under phase b, the contractor is responsible for supporting requirements analysis, project plans, preliminary design reviews, monthly status reviews, quarterly team meetings, E/po activities, and the preliminary science data management plan.  Under phases c and d, the contractor is responsible for supporting monthly status reviews, quarterly team reviews, responding to action items that result from meetings/reviews, supporting formal reviews and launch site activities, and management of E/po activities.  Under phase E, the contractor is responsible for providing overall management of the MAVEN science Program and data analysis activities, ensuring delivery of MAVEN science data products, mission documentation, and analytical software tools into PDS, participating in analysis and resolution of spacecraft anomalies, as necessary, providing overall management of E/po activities per E/po plan, presenting scientific results at national conferences and in scientific literature, and providing contract closeout support.",https://www.usaspending.gov/award/CONT_AWD_NNH10CC04C_8000_-NONE-_-NONE-/
NNH10CC04C,2021,11,5044663.33,0.0,False,080-0120,"Science, National Aeronautics and Space Administration",The Regents of the University of Colorado,7d586cfa-95f6-0e31-3589-fbd59b788eda-C,"NASA headquarters (HQ) manages the Mars Exploration Program (MEP), which selected the Mars atmosphere and volatile evolution (MAVEN) project as a Mars scout mission.  The MAVEN Principal Investigator (PI) is Dr. Bruce jakosky, of the university of colorado, Laboratory for Atmospheric and Space Physics (LASP) in boulder, co.  The PI will have overall control of the MAVEN project. He will provide science leadership for the MAVEN mission and manage education and public outreach.  This effort applies to lasp and covers phases a, b, c, d, and E of the MAVEN mission.  Under phase a of this contract, the contractor is responsible for schedule management, providing technical progress reports, and mission reviews.  Under phase b, the contractor is responsible for supporting requirements analysis, project plans, preliminary design reviews, monthly status reviews, quarterly team meetings, E/po activities, and the preliminary science data management plan.  Under phases c and d, the contractor is responsible for supporting monthly status reviews, quarterly team reviews, responding to action items that result from meetings/reviews, supporting formal reviews and launch site activities, and management of E/po activities.  Under phase E, the contractor is responsible for providing overall management of the MAVEN science Program and data analysis activities, ensuring delivery of MAVEN science data products, mission documentation, and analytical software tools into PDS, participating in analysis and resolution of spacecraft anomalies, as necessary, providing overall management of E/po activities per E/po plan, presenting scientific results at national conferences and in scientific literature, and providing contract closeout support.",https://www.usaspending.gov/award/CONT_AWD_NNH10CC04C_8000_-NONE-_-NONE-/
NNH10CC04C,2021,10,3080048.86,0.0,False,080-0120,"Science, National Aeronautics and Space Administration",The Regents of the University of Colorado,7d586cfa-95f6-0e31-3589-fbd59b788eda-C,"NASA headquarters (HQ) manages the Mars Exploration Program (MEP), which selected the Mars atmosphere and volatile evolution (MAVEN) project as a Mars scout mission.  The MAVEN Principal Investigator (PI) is Dr. Bruce jakosky, of the university of colorado, Laboratory for Atmospheric and Space Physics (LASP) in boulder, co.  The PI will have overall control of the MAVEN project. He will provide science leadership for the MAVEN mission and manage education and public outreach.  This effort applies to lasp and covers phases a, b, c, d, and E of the MAVEN mission.  Under phase a of this contract, the contractor is responsible for schedule management, providing technical progress reports, and mission reviews.  Under phase b, the contractor is responsible for supporting requirements analysis, project plans, preliminary design reviews, monthly status reviews, quarterly team meetings, E/po activities, and the preliminary science data management plan.  Under phases c and d, the contractor is responsible for supporting monthly status reviews, quarterly team reviews, responding to action items that result from meetings/reviews, supporting formal reviews and launch site activities, and management of E/po activities.  Under phase E, the contractor is responsible for providing overall management of the MAVEN science Program and data analysis activities, ensuring delivery of MAVEN science data products, mission documentation, and analytical software tools into PDS, participating in analysis and resolution of spacecraft anomalies, as necessary, providing overall management of E/po activities per E/po plan, presenting scientific results at national conferences and in scientific literature, and providing contract closeout support.",https://www.usaspending.gov/award/CONT_AWD_NNH10CC04C_8000_-NONE-_-NONE-/
NNH10CC04C,2021,10,3074323.01,0.0,False,080-0120,"Science, National Aeronautics and Space Administration",The Regents of the University of Colorado,7d586cfa-95f6-0e31-3589-fbd59b788eda-C,"NASA headquarters (HQ) manages the Mars Exploration Program (MEP), which selected the Mars atmosphere and volatile evolution (MAVEN) project as a Mars scout mission.  The MAVEN Principal Investigator (PI) is Dr. Bruce jakosky, of the university of colorado, Laboratory for Atmospheric and Space Physics (LASP) in boulder, co.  The PI will have overall control of the MAVEN project. He will provide science leadership for the MAVEN mission and manage education and public outreach.  This effort applies to lasp and covers phases a, b, c, d, and E of the MAVEN mission.  Under phase a of this contract, the contractor is responsible for schedule management, providing technical progress reports, and mission reviews.  Under phase b, the contractor is responsible for supporting requirements analysis, project plans, preliminary design reviews, monthly status reviews, quarterly team meetings, E/po activities, and the preliminary science data management plan.  Under phases c and d, the contractor is responsible for supporting monthly status reviews, quarterly team reviews, responding to action items that result from meetings/reviews, supporting formal reviews and launch site activities, and management of E/po activities.  Under phase E, the contractor is responsible for providing overall management of the MAVEN science Program and data analysis activities, ensuring delivery of MAVEN science data products, mission documentation, and analytical software tools into PDS, participating in analysis and resolution of spacecraft anomalies, as necessary, providing overall management of E/po activities per E/po plan, presenting scientific results at national conferences and in scientific literature, and providing contract closeout support.",https://www.usaspending.gov/award/CONT_AWD_NNH10CC04C_8000_-NONE-_-NONE-/
NNH10CC04C,2021,10,3.30,0.0,False,080-0120,"Science, National Aeronautics and Space Administration",The Regents of the University of Colorado,7d586cfa-95f6-0e31-3589-fbd59b788eda-C,"NASA headquarters (HQ) manages the Mars Exploration Program (MEP), which selected the Mars atmosphere and volatile evolution (MAVEN) project as a Mars scout mission.  The MAVEN Principal Investigator (PI) is Dr. Bruce jakosky, of the university of colorado, Laboratory for Atmospheric and Space Physics (LASP) in boulder, co.  The PI will have overall control of the MAVEN project. He will provide science leadership for the MAVEN mission and manage education and public outreach.  This effort applies to lasp and covers phases a, b, c, d, and E of the MAVEN mission.  Under phase a of this contract, the contractor is responsible for schedule management, providing technical progress reports, and mission reviews.  Under phase b, the contractor is responsible for supporting requirements analysis, project plans, preliminary design reviews, monthly status reviews, quarterly team meetings, E/po activities, and the preliminary science data management plan.  Under phases c and d, the contractor is responsible for supporting monthly status reviews, quarterly team reviews, responding to action items that result from meetings/reviews, supporting formal reviews and launch site activities, and management of E/po activities.  Under phase E, the contractor is responsible for providing overall management of the MAVEN science Program and data analysis activities, ensuring delivery of MAVEN science data products, mission documentation, and analytical software tools into PDS, participating in analysis and resolution of spacecraft anomalies, as necessary, providing overall management of E/po activities per E/po plan, presenting scientific results at national conferences and in scientific literature, and providing contract closeout support.",https://www.usaspending.gov/award/CONT_AWD_NNH10CC04C_8000_-NONE-_-NONE-/
NNH10CC04C,2021,9,2251308.70,0.0,False,080-0120,"Science, National Aeronautics and Space Administration",The Regents of the University of Colorado,7d586cfa-95f6-0e31-3589-fbd59b788eda-C,"NASA headquarters (HQ) manages the Mars Exploration Program (MEP), which selected the Mars atmosphere and volatile evolution (MAVEN) project as a Mars scout mission.  The MAVEN Principal Investigator (PI) is Dr. Bruce jakosky, of the university of colorado, Laboratory for Atmospheric and Space Physics (LASP) in boulder, co.  The PI will have overall control of the MAVEN project. He will provide science leadership for the MAVEN mission and manage education and public outreach.  This effort applies to lasp and covers phases a, b, c, d, and E of the MAVEN mission.  Under phase a of this contract, the contractor is responsible for schedule management, providing technical progress reports, and mission reviews.  Under phase b, the contractor is responsible for supporting requirements analysis, project plans, preliminary design reviews, monthly status reviews, quarterly team meetings, E/po activities, and the preliminary science data management plan.  Under phases c and d, the contractor is responsible for supporting monthly status reviews, quarterly team reviews, responding to action items that result from meetings/reviews, supporting formal reviews and launch site activities, and management of E/po activities.  Under phase E, the contractor is responsible for providing overall management of the MAVEN science Program and data analysis activities, ensuring delivery of MAVEN science data products, mission documentation, and analytical software tools into PDS, participating in analysis and resolution of spacecraft anomalies, as necessary, providing overall management of E/po activities per E/po plan, presenting scientific results at national conferences and in scientific literature, and providing contract closeout support.",https://www.usaspending.gov/award/CONT_AWD_NNH10CC04C_8000_-NONE-_-NONE-/
NNH10CC04C,2021,9,0.0,3265794.00,False,080-0120,"Science, National Aeronautics and Space Administration",The Regents of the University of Colorado,7d586cfa-95f6-0e31-3589-fbd59b788eda-C,"NASA headquarters (HQ) manages the Mars Exploration Program (MEP), which selected the Mars atmosphere and volatile evolution (MAVEN) project as a Mars scout mission.  The MAVEN Principal Investigator (PI) is Dr. Bruce jakosky, of the university of colorado, Laboratory for Atmospheric and Space Physics (LASP) in boulder, co.  The PI will have overall control of the MAVEN project. He will provide science leadership for the MAVEN mission and manage education and public outreach.  This effort applies to lasp and covers phases a, b, c, d, and E of the MAVEN mission.  Under phase a of this contract, the contractor is responsible for schedule management, providing technical progress reports, and mission reviews.  Under phase b, the contractor is responsible for supporting requirements analysis, project plans, preliminary design reviews, monthly status reviews, quarterly team meetings, E/po activities, and the preliminary science data management plan.  Under phases c and d, the contractor is responsible for supporting monthly status reviews, quarterly team reviews, responding to action items that result from meetings/reviews, supporting formal reviews and launch site activities, and management of E/po activities.  Under phase E, the contractor is responsible for providing overall management of the MAVEN science Program and data analysis activities, ensuring delivery of MAVEN science data products, mission documentation, and analytical software tools into PDS, participating in analysis and resolution of spacecraft anomalies, as necessary, providing overall management of E/po activities per E/po plan, presenting scientific results at national conferences and in scientific literature, and providing contract closeout support.",https://www.usaspending.gov/award/CONT_AWD_NNH10CC04C_8000_-NONE-_-NONE-/
NNH10CC04C,2021,9,3080048.86,0.0,False,080-0120,"Science, National Aeronautics and Space Administration",The Regents of the University of Colorado,7d586cfa-95f6-0e31-3589-fbd59b788eda-C,"NASA headquarters (HQ) manages the Mars Exploration Program (MEP), which selected the Mars atmosphere and volatile evolution (MAVEN) project as a Mars scout mission.  The MAVEN Principal Investigator (PI) is Dr. Bruce jakosky, of the university of colorado, Laboratory for Atmospheric and Space Physics (LASP) in boulder, co.  The PI will have overall control of the MAVEN project. He will provide science leadership for the MAVEN mission and manage education and public outreach.  This effort applies to lasp and covers phases a, b, c, d, and E of the MAVEN mission.  Under phase a of this contract, the contractor is responsible for schedule management, providing technical progress reports, and mission reviews.  Under phase b, the contractor is responsible for supporting requirements analysis, project plans, preliminary design reviews, monthly status reviews, quarterly team meetings, E/po activities, and the preliminary science data management plan.  Under phases c and d, the contractor is responsible for supporting monthly status reviews, quarterly team reviews, responding to action items that result from meetings/reviews, supporting formal reviews and launch site activities, and management of E/po activities.  Under phase E, the contractor is responsible for providing overall management of the MAVEN science Program and data analysis activities, ensuring delivery of MAVEN science data products, mission documentation, and analytical software tools into PDS, participating in analysis and resolution of spacecraft anomalies, as necessary, providing overall management of E/po activities per E/po plan, presenting scientific results at national conferences and in scientific literature, and providing contract closeout support.",https://www.usaspending.gov/award/CONT_AWD_NNH10CC04C_8000_-NONE-_-NONE-/
NNH10CC04C,2021,9,3.30,0.0,False,080-0120,"Science, National Aeronautics and Space Administration",The Regents of the University of Colorado,7d586cfa-95f6-0e31-3589-fbd59b788eda-C,"NASA headquarters (HQ) manages the Mars Exploration Program (MEP), which selected the Mars atmosphere and volatile evolution (MAVEN) project as a Mars scout mission.  The MAVEN Principal Investigator (PI) is Dr. Bruce jakosky, of the university of colorado, Laboratory for Atmospheric and Space Physics (LASP) in boulder, co.  The PI will have overall control of the MAVEN project. He will provide science leadership for the MAVEN mission and manage education and public outreach.  This effort applies to lasp and covers phases a, b, c, d, and E of the MAVEN mission.  Under phase a of this contract, the contractor is responsible for schedule management, providing technical progress reports, and mission reviews.  Under phase b, the contractor is responsible for supporting requirements analysis, project plans, preliminary design reviews, monthly status reviews, quarterly team meetings, E/po activities, and the preliminary science data management plan.  Under phases c and d, the contractor is responsible for supporting monthly status reviews, quarterly team reviews, responding to action items that result from meetings/reviews, supporting formal reviews and launch site activities, and management of E/po activities.  Under phase E, the contractor is responsible for providing overall management of the MAVEN science Program and data analysis activities, ensuring delivery of MAVEN science data products, mission documentation, and analytical software tools into PDS, participating in analysis and resolution of spacecraft anomalies, as necessary, providing overall management of E/po activities per E/po plan, presenting scientific results at national conferences and in scientific literature, and providing contract closeout support.",https://www.usaspending.gov/award/CONT_AWD_NNH10CC04C_8000_-NONE-_-NONE-/
NNH10CC04C,2021,8,1805826.34,0.0,False,080-0120,"Science, National Aeronautics and Space Administration",The Regents of the University of Colorado,7d586cfa-95f6-0e31-3589-fbd59b788eda-C,"NASA headquarters (HQ) manages the Mars Exploration Program (MEP), which selected the Mars atmosphere and volatile evolution (MAVEN) project as a Mars scout mission.  The MAVEN Principal Investigator (PI) is Dr. Bruce jakosky, of the university of colorado, Laboratory for Atmospheric and Space Physics (LASP) in boulder, co.  The PI will have overall control of the MAVEN project. He will provide science leadership for the MAVEN mission and manage education and public outreach.  This effort applies to lasp and covers phases a, b, c, d, and E of the MAVEN mission.  Under phase a of this contract, the contractor is responsible for schedule management, providing technical progress reports, and mission reviews.  Under phase b, the contractor is responsible for supporting requirements analysis, project plans, preliminary design reviews, monthly status reviews, quarterly team meetings, E/po activities, and the preliminary science data management plan.  Under phases c and d, the contractor is responsible for supporting monthly status reviews, quarterly team reviews, responding to action items that result from meetings/reviews, supporting formal reviews and launch site activities, and management of E/po activities.  Under phase E, the contractor is responsible for providing overall management of the MAVEN science Program and data analysis activities, ensuring delivery of MAVEN science data products, mission documentation, and analytical software tools into PDS, participating in analysis and resolution of spacecraft anomalies, as necessary, providing overall management of E/po activities per E/po plan, presenting scientific results at national conferences and in scientific literature, and providing contract closeout support.",https://www.usaspending.gov/award/CONT_AWD_NNH10CC04C_8000_-NONE-_-NONE-/
NNH10CC04C,2021,8,3.30,0.0,False,080-0120,"Science, National Aeronautics and Space Administration",The Regents of the University of Colorado,7d586cfa-95f6-0e31-3589-fbd59b788eda-C,"NASA headquarters (HQ) manages the Mars Exploration Program (MEP), which selected the Mars atmosphere and volatile evolution (MAVEN) project as a Mars scout mission.  The MAVEN Principal Investigator (PI) is Dr. Bruce jakosky, of the university of colorado, Laboratory for Atmospheric and Space Physics (LASP) in boulder, co.  The PI will have overall control of the MAVEN project. He will provide science leadership for the MAVEN mission and manage education and public outreach.  This effort applies to lasp and covers phases a, b, c, d, and E of the MAVEN mission.  Under phase a of this contract, the contractor is responsible for schedule management, providing technical progress reports, and mission reviews.  Under phase b, the contractor is responsible for supporting requirements analysis, project plans, preliminary design reviews, monthly status reviews, quarterly team meetings, E/po activities, and the preliminary science data management plan.  Under phases c and d, the contractor is responsible for supporting monthly status reviews, quarterly team reviews, responding to action items that result from meetings/reviews, supporting formal reviews and launch site activities, and management of E/po activities.  Under phase E, the contractor is responsible for providing overall management of the MAVEN science Program and data analysis activities, ensuring delivery of MAVEN science data products, mission documentation, and analytical software tools into PDS, participating in analysis and resolution of spacecraft anomalies, as necessary, providing overall management of E/po activities per E/po plan, presenting scientific results at national conferences and in scientific literature, and providing contract closeout support.",https://www.usaspending.gov/award/CONT_AWD_NNH10CC04C_8000_-NONE-_-NONE-/
NNH10CC04C,2021,8,3080048.86,0.0,False,080-0120,"Science, National Aeronautics and Space Administration",The Regents of the University of Colorado,7d586cfa-95f6-0e31-3589-fbd59b788eda-C,"NASA headquarters (HQ) manages the Mars Exploration Program (MEP), which selected the Mars atmosphere and volatile evolution (MAVEN) project as a Mars scout mission.  The MAVEN Principal Investigator (PI) is Dr. Bruce jakosky, of the university of colorado, Laboratory for Atmospheric and Space Physics (LASP) in boulder, co.  The PI will have overall control of the MAVEN project. He will provide science leadership for the MAVEN mission and manage education and public outreach.  This effort applies to lasp and covers phases a, b, c, d, and E of the MAVEN mission.  Under phase a of this contract, the contractor is responsible for schedule management, providing technical progress reports, and mission reviews.  Under phase b, the contractor is responsible for supporting requirements analysis, project plans, preliminary design reviews, monthly status reviews, quarterly team meetings, E/po activities, and the preliminary science data management plan.  Under phases c and d, the contractor is responsible for supporting monthly status reviews, quarterly team reviews, responding to action items that result from meetings/reviews, supporting formal reviews and launch site activities, and management of E/po activities.  Under phase E, the contractor is responsible for providing overall management of the MAVEN science Program and data analysis activities, ensuring delivery of MAVEN science data products, mission documentation, and analytical software tools into PDS, participating in analysis and resolution of spacecraft anomalies, as necessary, providing overall management of E/po activities per E/po plan, presenting scientific results at national conferences and in scientific literature, and providing contract closeout support.",https://www.usaspending.gov/award/CONT_AWD_NNH10CC04C_8000_-NONE-_-NONE-/
NNH10CC04C,2021,8,0.0,500000.00,False,080-0120,"Science, National Aeronautics and Space Administration",The Regents of the University of Colorado,7d586cfa-95f6-0e31-3589-fbd59b788eda-C,"NASA headquarters (HQ) manages the Mars Exploration Program (MEP), which selected the Mars atmosphere and volatile evolution (MAVEN) project as a Mars scout mission.  The MAVEN Principal Investigator (PI) is Dr. Bruce jakosky, of the university of colorado, Laboratory for Atmospheric and Space Physics (LASP) in boulder, co.  The PI will have overall control of the MAVEN project. He will provide science leadership for the MAVEN mission and manage education and public outreach.  This effort applies to lasp and covers phases a, b, c, d, and E of the MAVEN mission.  Under phase a of this contract, the contractor is responsible for schedule management, providing technical progress reports, and mission reviews.  Under phase b, the contractor is responsible for supporting requirements analysis, project plans, preliminary design reviews, monthly status reviews, quarterly team meetings, E/po activities, and the preliminary science data management plan.  Under phases c and d, the contractor is responsible for supporting monthly status reviews, quarterly team reviews, responding to action items that result from meetings/reviews, supporting formal reviews and launch site activities, and management of E/po activities.  Under phase E, the contractor is responsible for providing overall management of the MAVEN science Program and data analysis activities, ensuring delivery of MAVEN science data products, mission documentation, and analytical software tools into PDS, participating in analysis and resolution of spacecraft anomalies, as necessary, providing overall management of E/po activities per E/po plan, presenting scientific results at national conferences and in scientific literature, and providing contract closeout support.",https://www.usaspending.gov/award/CONT_AWD_NNH10CC04C_8000_-NONE-_-NONE-/
NNH10CC04C,2021,7,3.30,0.0,False,080-0120,"Science, National Aeronautics and Space Administration",The Regents of the University of Colorado,7d586cfa-95f6-0e31-3589-fbd59b788eda-C,"NASA headquarters (HQ) manages the Mars Exploration Program (MEP), which selected the Mars atmosphere and volatile evolution (MAVEN) project as a Mars scout mission.  The MAVEN Principal Investigator (PI) is Dr. Bruce jakosky, of the university of colorado, Laboratory for Atmospheric and Space Physics (LASP) in boulder, co.  The PI will have overall control of the MAVEN project. He will provide science leadership for the MAVEN mission and manage education and public outreach.  This effort applies to lasp and covers phases a, b, c, d, and E of the MAVEN mission.  Under phase a of this contract, the contractor is responsible for schedule management, providing technical progress reports, and mission reviews.  Under phase b, the contractor is responsible for supporting requirements analysis, project plans, preliminary design reviews, monthly status reviews, quarterly team meetings, E/po activities, and the preliminary science data management plan.  Under phases c and d, the contractor is responsible for supporting monthly status reviews, quarterly team reviews, responding to action items that result from meetings/reviews, supporting formal reviews and launch site activities, and management of E/po activities.  Under phase E, the contractor is responsible for providing overall management of the MAVEN science Program and data analysis activities, ensuring delivery of MAVEN science data products, mission documentation, and analytical software tools into PDS, participating in analysis and resolution of spacecraft anomalies, as necessary, providing overall management of E/po activities per E/po plan, presenting scientific results at national conferences and in scientific literature, and providing contract closeout support.",https://www.usaspending.gov/award/CONT_AWD_NNH10CC04C_8000_-NONE-_-NONE-/
NNH10CC04C,2021,7,1127023.48,0.0,False,080-0120,"Science, National Aeronautics and Space Administration",The Regents of the University of Colorado,7d586cfa-95f6-0e31-3589-fbd59b788eda-C,"NASA headquarters (HQ) manages the Mars Exploration Program (MEP), which selected the Mars atmosphere and volatile evolution (MAVEN) project as a Mars scout mission.  The MAVEN Principal Investigator (PI) is Dr. Bruce jakosky, of the university of colorado, Laboratory for Atmospheric and Space Physics (LASP) in boulder, co.  The PI will have overall control of the MAVEN project. He will provide science leadership for the MAVEN mission and manage education and public outreach.  This effort applies to lasp and covers phases a, b, c, d, and E of the MAVEN mission.  Under phase a of this contract, the contractor is responsible for schedule management, providing technical progress reports, and mission reviews.  Under phase b, the contractor is responsible for supporting requirements analysis, project plans, preliminary design reviews, monthly status reviews, quarterly team meetings, E/po activities, and the preliminary science data management plan.  Under phases c and d, the contractor is responsible for supporting monthly status reviews, quarterly team reviews, responding to action items that result from meetings/reviews, supporting formal reviews and launch site activities, and management of E/po activities.  Under phase E, the contractor is responsible for providing overall management of the MAVEN science Program and data analysis activities, ensuring delivery of MAVEN science data products, mission documentation, and analytical software tools into PDS, participating in analysis and resolution of spacecraft anomalies, as necessary, providing overall management of E/po activities per E/po plan, presenting scientific results at national conferences and in scientific literature, and providing contract closeout support.",https://www.usaspending.gov/award/CONT_AWD_NNH10CC04C_8000_-NONE-_-NONE-/
NNH10CC04C,2021,7,3080048.86,0.0,False,080-0120,"Science, National Aeronautics and Space Administration",The Regents of the University of Colorado,7d586cfa-95f6-0e31-3589-fbd59b788eda-C,"NASA headquarters (HQ) manages the Mars Exploration Program (MEP), which selected the Mars atmosphere and volatile evolution (MAVEN) project as a Mars scout mission.  The MAVEN Principal Investigator (PI) is Dr. Bruce jakosky, of the university of colorado, Laboratory for Atmospheric and Space Physics (LASP) in boulder, co.  The PI will have overall control of the MAVEN project. He will provide science leadership for the MAVEN mission and manage education and public outreach.  This effort applies to lasp and covers phases a, b, c, d, and E of the MAVEN mission.  Under phase a of this contract, the contractor is responsible for schedule management, providing technical progress reports, and mission reviews.  Under phase b, the contractor is responsible for supporting requirements analysis, project plans, preliminary design reviews, monthly status reviews, quarterly team meetings, E/po activities, and the preliminary science data management plan.  Under phases c and d, the contractor is responsible for supporting monthly status reviews, quarterly team reviews, responding to action items that result from meetings/reviews, supporting formal reviews and launch site activities, and management of E/po activities.  Under phase E, the contractor is responsible for providing overall management of the MAVEN science Program and data analysis activities, ensuring delivery of MAVEN science data products, mission documentation, and analytical software tools into PDS, participating in analysis and resolution of spacecraft anomalies, as necessary, providing overall management of E/po activities per E/po plan, presenting scientific results at national conferences and in scientific literature, and providing contract closeout support.",https://www.usaspending.gov/award/CONT_AWD_NNH10CC04C_8000_-NONE-_-NONE-/
NNH10CC04C,2021,6,3.30,0.0,False,080-0120,"Science, National Aeronautics and Space Administration",The Regents of the University of Colorado,7d586cfa-95f6-0e31-3589-fbd59b788eda-C,"NASA headquarters (HQ) manages the Mars Exploration Program (MEP), which selected the Mars atmosphere and volatile evolution (MAVEN) project as a Mars scout mission.  The MAVEN Principal Investigator (PI) is Dr. Bruce jakosky, of the university of colorado, Laboratory for Atmospheric and Space Physics (LASP) in boulder, co.  The PI will have overall control of the MAVEN project. He will provide science leadership for the MAVEN mission and manage education and public outreach.  This effort applies to lasp and covers phases a, b, c, d, and E of the MAVEN mission.  Under phase a of this contract, the contractor is responsible for schedule management, providing technical progress reports, and mission reviews.  Under phase b, the contractor is responsible for supporting requirements analysis, project plans, preliminary design reviews, monthly status reviews, quarterly team meetings, E/po activities, and the preliminary science data management plan.  Under phases c and d, the contractor is responsible for supporting monthly status reviews, quarterly team reviews, responding to action items that result from meetings/reviews, supporting formal reviews and launch site activities, and management of E/po activities.  Under phase E, the contractor is responsible for providing overall management of the MAVEN science Program and data analysis activities, ensuring delivery of MAVEN science data products, mission documentation, and analytical software tools into PDS, participating in analysis and resolution of spacecraft anomalies, as necessary, providing overall management of E/po activities per E/po plan, presenting scientific results at national conferences and in scientific literature, and providing contract closeout support.",https://www.usaspending.gov/award/CONT_AWD_NNH10CC04C_8000_-NONE-_-NONE-/
NNH10CC04C,2021,6,108978.47,0.0,False,080-0120,"Science, National Aeronautics and Space Administration",The Regents of the University of Colorado,7d586cfa-95f6-0e31-3589-fbd59b788eda-C,"NASA headquarters (HQ) manages the Mars Exploration Program (MEP), which selected the Mars atmosphere and volatile evolution (MAVEN) project as a Mars scout mission.  The MAVEN Principal Investigator (PI) is Dr. Bruce jakosky, of the university of colorado, Laboratory for Atmospheric and Space Physics (LASP) in boulder, co.  The PI will have overall control of the MAVEN project. He will provide science leadership for the MAVEN mission and manage education and public outreach.  This effort applies to lasp and covers phases a, b, c, d, and E of the MAVEN mission.  Under phase a of this contract, the contractor is responsible for schedule management, providing technical progress reports, and mission reviews.  Under phase b, the contractor is responsible for supporting requirements analysis, project plans, preliminary design reviews, monthly status reviews, quarterly team meetings, E/po activities, and the preliminary science data management plan.  Under phases c and d, the contractor is responsible for supporting monthly status reviews, quarterly team reviews, responding to action items that result from meetings/reviews, supporting formal reviews and launch site activities, and management of E/po activities.  Under phase E, the contractor is responsible for providing overall management of the MAVEN science Program and data analysis activities, ensuring delivery of MAVEN science data products, mission documentation, and analytical software tools into PDS, participating in analysis and resolution of spacecraft anomalies, as necessary, providing overall management of E/po activities per E/po plan, presenting scientific results at national conferences and in scientific literature, and providing contract closeout support.",https://www.usaspending.gov/award/CONT_AWD_NNH10CC04C_8000_-NONE-_-NONE-/
NNH10CC04C,2021,6,0.0,2303700.00,False,080-0120,"Science, National Aeronautics and Space Administration",The Regents of the University of Colorado,7d586cfa-95f6-0e31-3589-fbd59b788eda-C,"NASA headquarters (HQ) manages the Mars Exploration Program (MEP), which selected the Mars atmosphere and volatile evolution (MAVEN) project as a Mars scout mission.  The MAVEN Principal Investigator (PI) is Dr. Bruce jakosky, of the university of colorado, Laboratory for Atmospheric and Space Physics (LASP) in boulder, co.  The PI will have overall control of the MAVEN project. He will provide science leadership for the MAVEN mission and manage education and public outreach.  This effort applies to lasp and covers phases a, b, c, d, and E of the MAVEN mission.  Under phase a of this contract, the contractor is responsible for schedule management, providing technical progress reports, and mission reviews.  Under phase b, the contractor is responsible for supporting requirements analysis, project plans, preliminary design reviews, monthly status reviews, quarterly team meetings, E/po activities, and the preliminary science data management plan.  Under phases c and d, the contractor is responsible for supporting monthly status reviews, quarterly team reviews, responding to action items that result from meetings/reviews, supporting formal reviews and launch site activities, and management of E/po activities.  Under phase E, the contractor is responsible for providing overall management of the MAVEN science Program and data analysis activities, ensuring delivery of MAVEN science data products, mission documentation, and analytical software tools into PDS, participating in analysis and resolution of spacecraft anomalies, as necessary, providing overall management of E/po activities per E/po plan, presenting scientific results at national conferences and in scientific literature, and providing contract closeout support.",https://www.usaspending.gov/award/CONT_AWD_NNH10CC04C_8000_-NONE-_-NONE-/
NNH10CC04C,2021,6,3073750.36,0.0,False,080-0120,"Science, National Aeronautics and Space Administration",The Regents of the University of Colorado,7d586cfa-95f6-0e31-3589-fbd59b788eda-C,"NASA headquarters (HQ) manages the Mars Exploration Program (MEP), which selected the Mars atmosphere and volatile evolution (MAVEN) project as a Mars scout mission.  The MAVEN Principal Investigator (PI) is Dr. Bruce jakosky, of the university of colorado, Laboratory for Atmospheric and Space Physics (LASP) in boulder, co.  The PI will have overall control of the MAVEN project. He will provide science leadership for the MAVEN mission and manage education and public outreach.  This effort applies to lasp and covers phases a, b, c, d, and E of the MAVEN mission.  Under phase a of this contract, the contractor is responsible for schedule management, providing technical progress reports, and mission reviews.  Under phase b, the contractor is responsible for supporting requirements analysis, project plans, preliminary design reviews, monthly status reviews, quarterly team meetings, E/po activities, and the preliminary science data management plan.  Under phases c and d, the contractor is responsible for supporting monthly status reviews, quarterly team reviews, responding to action items that result from meetings/reviews, supporting formal reviews and launch site activities, and management of E/po activities.  Under phase E, the contractor is responsible for providing overall management of the MAVEN science Program and data analysis activities, ensuring delivery of MAVEN science data products, mission documentation, and analytical software tools into PDS, participating in analysis and resolution of spacecraft anomalies, as necessary, providing overall management of E/po activities per E/po plan, presenting scientific results at national conferences and in scientific literature, and providing contract closeout support.",https://www.usaspending.gov/award/CONT_AWD_NNH10CC04C_8000_-NONE-_-NONE-/
NNH10CC04C,2021,5,3073750.36,0.0,False,080-0120,"Science, National Aeronautics and Space Administration",The Regents of the University of Colorado,7d586cfa-95f6-0e31-3589-fbd59b788eda-C,"NASA headquarters (HQ) manages the Mars Exploration Program (MEP), which selected the Mars atmosphere and volatile evolution (MAVEN) project as a Mars scout mission.  The MAVEN Principal Investigator (PI) is Dr. Bruce jakosky, of the university of colorado, Laboratory for Atmospheric and Space Physics (LASP) in boulder, co.  The PI will have overall control of the MAVEN project. He will provide science leadership for the MAVEN mission and manage education and public outreach.  This effort applies to lasp and covers phases a, b, c, d, and E of the MAVEN mission.  Under phase a of this contract, the contractor is responsible for schedule management, providing technical progress reports, and mission reviews.  Under phase b, the contractor is responsible for supporting requirements analysis, project plans, preliminary design reviews, monthly status reviews, quarterly team meetings, E/po activities, and the preliminary science data management plan.  Under phases c and d, the contractor is responsible for supporting monthly status reviews, quarterly team reviews, responding to action items that result from meetings/reviews, supporting formal reviews and launch site activities, and management of E/po activities.  Under phase E, the contractor is responsible for providing overall management of the MAVEN science Program and data analysis activities, ensuring delivery of MAVEN science data products, mission documentation, and analytical software tools into PDS, participating in analysis and resolution of spacecraft anomalies, as necessary, providing overall management of E/po activities per E/po plan, presenting scientific results at national conferences and in scientific literature, and providing contract closeout support.",https://www.usaspending.gov/award/CONT_AWD_NNH10CC04C_8000_-NONE-_-NONE-/
NNH10CC04C,2021,5,108978.47,0.0,False,080-0120,"Science, National Aeronautics and Space Administration",The Regents of the University of Colorado,7d586cfa-95f6-0e31-3589-fbd59b788eda-C,"NASA headquarters (HQ) manages the Mars Exploration Program (MEP), which selected the Mars atmosphere and volatile evolution (MAVEN) project as a Mars scout mission.  The MAVEN Principal Investigator (PI) is Dr. Bruce jakosky, of the university of colorado, Laboratory for Atmospheric and Space Physics (LASP) in boulder, co.  The PI will have overall control of the MAVEN project. He will provide science leadership for the MAVEN mission and manage education and public outreach.  This effort applies to lasp and covers phases a, b, c, d, and E of the MAVEN mission.  Under phase a of this contract, the contractor is responsible for schedule management, providing technical progress reports, and mission reviews.  Under phase b, the contractor is responsible for supporting requirements analysis, project plans, preliminary design reviews, monthly status reviews, quarterly team meetings, E/po activities, and the preliminary science data management plan.  Under phases c and d, the contractor is responsible for supporting monthly status reviews, quarterly team reviews, responding to action items that result from meetings/reviews, supporting formal reviews and launch site activities, and management of E/po activities.  Under phase E, the contractor is responsible for providing overall management of the MAVEN science Program and data analysis activities, ensuring delivery of MAVEN science data products, mission documentation, and analytical software tools into PDS, participating in analysis and resolution of spacecraft anomalies, as necessary, providing overall management of E/po activities per E/po plan, presenting scientific results at national conferences and in scientific literature, and providing contract closeout support.",https://www.usaspending.gov/award/CONT_AWD_NNH10CC04C_8000_-NONE-_-NONE-/
NNH10CC04C,2021,5,0.0,450000.00,False,080-0120,"Science, National Aeronautics and Space Administration",The Regents of the University of Colorado,7d586cfa-95f6-0e31-3589-fbd59b788eda-C,"NASA headquarters (HQ) manages the Mars Exploration Program (MEP), which selected the Mars atmosphere and volatile evolution (MAVEN) project as a Mars scout mission.  The MAVEN Principal Investigator (PI) is Dr. Bruce jakosky, of the university of colorado, Laboratory for Atmospheric and Space Physics (LASP) in boulder, co.  The PI will have overall control of the MAVEN project. He will provide science leadership for the MAVEN mission and manage education and public outreach.  This effort applies to lasp and covers phases a, b, c, d, and E of the MAVEN mission.  Under phase a of this contract, the contractor is responsible for schedule management, providing technical progress reports, and mission reviews.  Under phase b, the contractor is responsible for supporting requirements analysis, project plans, preliminary design reviews, monthly status reviews, quarterly team meetings, E/po activities, and the preliminary science data management plan.  Under phases c and d, the contractor is responsible for supporting monthly status reviews, quarterly team reviews, responding to action items that result from meetings/reviews, supporting formal reviews and launch site activities, and management of E/po activities.  Under phase E, the contractor is responsible for providing overall management of the MAVEN science Program and data analysis activities, ensuring delivery of MAVEN science data products, mission documentation, and analytical software tools into PDS, participating in analysis and resolution of spacecraft anomalies, as necessary, providing overall management of E/po activities per E/po plan, presenting scientific results at national conferences and in scientific literature, and providing contract closeout support.",https://www.usaspending.gov/award/CONT_AWD_NNH10CC04C_8000_-NONE-_-NONE-/
NNH10CC04C,2021,5,3.30,0.0,False,080-0120,"Science, National Aeronautics and Space Administration",The Regents of the University of Colorado,7d586cfa-95f6-0e31-3589-fbd59b788eda-C,"NASA headquarters (HQ) manages the Mars Exploration Program (MEP), which selected the Mars atmosphere and volatile evolution (MAVEN) project as a Mars scout mission.  The MAVEN Principal Investigator (PI) is Dr. Bruce jakosky, of the university of colorado, Laboratory for Atmospheric and Space Physics (LASP) in boulder, co.  The PI will have overall control of the MAVEN project. He will provide science leadership for the MAVEN mission and manage education and public outreach.  This effort applies to lasp and covers phases a, b, c, d, and E of the MAVEN mission.  Under phase a of this contract, the contractor is responsible for schedule management, providing technical progress reports, and mission reviews.  Under phase b, the contractor is responsible for supporting requirements analysis, project plans, preliminary design reviews, monthly status reviews, quarterly team meetings, E/po activities, and the preliminary science data management plan.  Under phases c and d, the contractor is responsible for supporting monthly status reviews, quarterly team reviews, responding to action items that result from meetings/reviews, supporting formal reviews and launch site activities, and management of E/po activities.  Under phase E, the contractor is responsible for providing overall management of the MAVEN science Program and data analysis activities, ensuring delivery of MAVEN science data products, mission documentation, and analytical software tools into PDS, participating in analysis and resolution of spacecraft anomalies, as necessary, providing overall management of E/po activities per E/po plan, presenting scientific results at national conferences and in scientific literature, and providing contract closeout support.",https://www.usaspending.gov/award/CONT_AWD_NNH10CC04C_8000_-NONE-_-NONE-/
NNH10CC04C,2021,4,3.30,0.0,False,080-0120,"Science, National Aeronautics and Space Administration",The Regents of the University of Colorado,7d586cfa-95f6-0e31-3589-fbd59b788eda-C,"NASA headquarters (HQ) manages the Mars Exploration Program (MEP), which selected the Mars atmosphere and volatile evolution (MAVEN) project as a Mars scout mission.  The MAVEN Principal Investigator (PI) is Dr. Bruce jakosky, of the university of colorado, Laboratory for Atmospheric and Space Physics (LASP) in boulder, co.  The PI will have overall control of the MAVEN project. He will provide science leadership for the MAVEN mission and manage education and public outreach.  This effort applies to lasp and covers phases a, b, c, d, and E of the MAVEN mission.  Under phase a of this contract, the contractor is responsible for schedule management, providing technical progress reports, and mission reviews.  Under phase b, the contractor is responsible for supporting requirements analysis, project plans, preliminary design reviews, monthly status reviews, quarterly team meetings, E/po activities, and the preliminary science data management plan.  Under phases c and d, the contractor is responsible for supporting monthly status reviews, quarterly team reviews, responding to action items that result from meetings/reviews, supporting formal reviews and launch site activities, and management of E/po activities.  Under phase E, the contractor is responsible for providing overall management of the MAVEN science Program and data analysis activities, ensuring delivery of MAVEN science data products, mission documentation, and analytical software tools into PDS, participating in analysis and resolution of spacecraft anomalies, as necessary, providing overall management of E/po activities per E/po plan, presenting scientific results at national conferences and in scientific literature, and providing contract closeout support.",https://www.usaspending.gov/award/CONT_AWD_NNH10CC04C_8000_-NONE-_-NONE-/
NNH10CC04C,2021,4,21091.25,0.0,False,080-0120,"Science, National Aeronautics and Space Administration",The Regents of the University of Colorado,7d586cfa-95f6-0e31-3589-fbd59b788eda-C,"NASA headquarters (HQ) manages the Mars Exploration Program (MEP), which selected the Mars atmosphere and volatile evolution (MAVEN) project as a Mars scout mission.  The MAVEN Principal Investigator (PI) is Dr. Bruce jakosky, of the university of colorado, Laboratory for Atmospheric and Space Physics (LASP) in boulder, co.  The PI will have overall control of the MAVEN project. He will provide science leadership for the MAVEN mission and manage education and public outreach.  This effort applies to lasp and covers phases a, b, c, d, and E of the MAVEN mission.  Under phase a of this contract, the contractor is responsible for schedule management, providing technical progress reports, and mission reviews.  Under phase b, the contractor is responsible for supporting requirements analysis, project plans, preliminary design reviews, monthly status reviews, quarterly team meetings, E/po activities, and the preliminary science data management plan.  Under phases c and d, the contractor is responsible for supporting monthly status reviews, quarterly team reviews, responding to action items that result from meetings/reviews, supporting formal reviews and launch site activities, and management of E/po activities.  Under phase E, the contractor is responsible for providing overall management of the MAVEN science Program and data analysis activities, ensuring delivery of MAVEN science data products, mission documentation, and analytical software tools into PDS, participating in analysis and resolution of spacecraft anomalies, as necessary, providing overall management of E/po activities per E/po plan, presenting scientific results at national conferences and in scientific literature, and providing contract closeout support.",https://www.usaspending.gov/award/CONT_AWD_NNH10CC04C_8000_-NONE-_-NONE-/
NNH10CC04C,2021,4,1935674.36,0.0,False,080-0120,"Science, National Aeronautics and Space Administration",The Regents of the University of Colorado,7d586cfa-95f6-0e31-3589-fbd59b788eda-C,"NASA headquarters (HQ) manages the Mars Exploration Program (MEP), which selected the Mars atmosphere and volatile evolution (MAVEN) project as a Mars scout mission.  The MAVEN Principal Investigator (PI) is Dr. Bruce jakosky, of the university of colorado, Laboratory for Atmospheric and Space Physics (LASP) in boulder, co.  The PI will have overall control of the MAVEN project. He will provide science leadership for the MAVEN mission and manage education and public outreach.  This effort applies to lasp and covers phases a, b, c, d, and E of the MAVEN mission.  Under phase a of this contract, the contractor is responsible for schedule management, providing technical progress reports, and mission reviews.  Under phase b, the contractor is responsible for supporting requirements analysis, project plans, preliminary design reviews, monthly status reviews, quarterly team meetings, E/po activities, and the preliminary science data management plan.  Under phases c and d, the contractor is responsible for supporting monthly status reviews, quarterly team reviews, responding to action items that result from meetings/reviews, supporting formal reviews and launch site activities, and management of E/po activities.  Under phase E, the contractor is responsible for providing overall management of the MAVEN science Program and data analysis activities, ensuring delivery of MAVEN science data products, mission documentation, and analytical software tools into PDS, participating in analysis and resolution of spacecraft anomalies, as necessary, providing overall management of E/po activities per E/po plan, presenting scientific results at national conferences and in scientific literature, and providing contract closeout support.",https://www.usaspending.gov/award/CONT_AWD_NNH10CC04C_8000_-NONE-_-NONE-/
NNH10CC04C,2021,3,0.0,1400000.00,False,080-0120,"Science, National Aeronautics and Space Administration",The Regents of the University of Colorado,7d586cfa-95f6-0e31-3589-fbd59b788eda-C,"NASA headquarters (HQ) manages the Mars Exploration Program (MEP), which selected the Mars atmosphere and volatile evolution (MAVEN) project as a Mars scout mission.  The MAVEN Principal Investigator (PI) is Dr. Bruce jakosky, of the university of colorado, Laboratory for Atmospheric and Space Physics (LASP) in boulder, co.  The PI will have overall control of the MAVEN project. He will provide science leadership for the MAVEN mission and manage education and public outreach.  This effort applies to lasp and covers phases a, b, c, d, and E of the MAVEN mission.  Under phase a of this contract, the contractor is responsible for schedule management, providing technical progress reports, and mission reviews.  Under phase b, the contractor is responsible for supporting requirements analysis, project plans, preliminary design reviews, monthly status reviews, quarterly team meetings, E/po activities, and the preliminary science data management plan.  Under phases c and d, the contractor is responsible for supporting monthly status reviews, quarterly team reviews, responding to action items that result from meetings/reviews, supporting formal reviews and launch site activities, and management of E/po activities.  Under phase E, the contractor is responsible for providing overall management of the MAVEN science Program and data analysis activities, ensuring delivery of MAVEN science data products, mission documentation, and analytical software tools into PDS, participating in analysis and resolution of spacecraft anomalies, as necessary, providing overall management of E/po activities per E/po plan, presenting scientific results at national conferences and in scientific literature, and providing contract closeout support.",https://www.usaspending.gov/award/CONT_AWD_NNH10CC04C_8000_-NONE-_-NONE-/
NNH10CC04C,2021,3,0.0,911500.00,False,080-0120,"Science, National Aeronautics and Space Administration",The Regents of the University of Colorado,7d586cfa-95f6-0e31-3589-fbd59b788eda-C,"NASA headquarters (HQ) manages the Mars Exploration Program (MEP), which selected the Mars atmosphere and volatile evolution (MAVEN) project as a Mars scout mission.  The MAVEN Principal Investigator (PI) is Dr. Bruce jakosky, of the university of colorado, Laboratory for Atmospheric and Space Physics (LASP) in boulder, co.  The PI will have overall control of the MAVEN project. He will provide science leadership for the MAVEN mission and manage education and public outreach.  This effort applies to lasp and covers phases a, b, c, d, and E of the MAVEN mission.  Under phase a of this contract, the contractor is responsible for schedule management, providing technical progress reports, and mission reviews.  Under phase b, the contractor is responsible for supporting requirements analysis, project plans, preliminary design reviews, monthly status reviews, quarterly team meetings, E/po activities, and the preliminary science data management plan.  Under phases c and d, the contractor is responsible for supporting monthly status reviews, quarterly team reviews, responding to action items that result from meetings/reviews, supporting formal reviews and launch site activities, and management of E/po activities.  Under phase E, the contractor is responsible for providing overall management of the MAVEN science Program and data analysis activities, ensuring delivery of MAVEN science data products, mission documentation, and analytical software tools into PDS, participating in analysis and resolution of spacecraft anomalies, as necessary, providing overall management of E/po activities per E/po plan, presenting scientific results at national conferences and in scientific literature, and providing contract closeout support.",https://www.usaspending.gov/award/CONT_AWD_NNH10CC04C_8000_-NONE-_-NONE-/
NNH10CC04C,2021,3,1558395.41,0.0,False,080-0120,"Science, National Aeronautics and Space Administration",The Regents of the University of Colorado,7d586cfa-95f6-0e31-3589-fbd59b788eda-C,"NASA headquarters (HQ) manages the Mars Exploration Program (MEP), which selected the Mars atmosphere and volatile evolution (MAVEN) project as a Mars scout mission.  The MAVEN Principal Investigator (PI) is Dr. Bruce jakosky, of the university of colorado, Laboratory for Atmospheric and Space Physics (LASP) in boulder, co.  The PI will have overall control of the MAVEN project. He will provide science leadership for the MAVEN mission and manage education and public outreach.  This effort applies to lasp and covers phases a, b, c, d, and E of the MAVEN mission.  Under phase a of this contract, the contractor is responsible for schedule management, providing technical progress reports, and mission reviews.  Under phase b, the contractor is responsible for supporting requirements analysis, project plans, preliminary design reviews, monthly status reviews, quarterly team meetings, E/po activities, and the preliminary science data management plan.  Under phases c and d, the contractor is responsible for supporting monthly status reviews, quarterly team reviews, responding to action items that result from meetings/reviews, supporting formal reviews and launch site activities, and management of E/po activities.  Under phase E, the contractor is responsible for providing overall management of the MAVEN science Program and data analysis activities, ensuring delivery of MAVEN science data products, mission documentation, and analytical software tools into PDS, participating in analysis and resolution of spacecraft anomalies, as necessary, providing overall management of E/po activities per E/po plan, presenting scientific results at national conferences and in scientific literature, and providing contract closeout support.",https://www.usaspending.gov/award/CONT_AWD_NNH10CC04C_8000_-NONE-_-NONE-/
NNH10CC04C,2021,3,3.30,0.0,False,080-0120,"Science, National Aeronautics and Space Administration",The Regents of the University of Colorado,7d586cfa-95f6-0e31-3589-fbd59b788eda-C,"NASA headquarters (HQ) manages the Mars Exploration Program (MEP), which selected the Mars atmosphere and volatile evolution (MAVEN) project as a Mars scout mission.  The MAVEN Principal Investigator (PI) is Dr. Bruce jakosky, of the university of colorado, Laboratory for Atmospheric and Space Physics (LASP) in boulder, co.  The PI will have overall control of the MAVEN project. He will provide science leadership for the MAVEN mission and manage education and public outreach.  This effort applies to lasp and covers phases a, b, c, d, and E of the MAVEN mission.  Under phase a of this contract, the contractor is responsible for schedule management, providing technical progress reports, and mission reviews.  Under phase b, the contractor is responsible for supporting requirements analysis, project plans, preliminary design reviews, monthly status reviews, quarterly team meetings, E/po activities, and the preliminary science data management plan.  Under phases c and d, the contractor is responsible for supporting monthly status reviews, quarterly team reviews, responding to action items that result from meetings/reviews, supporting formal reviews and launch site activities, and management of E/po activities.  Under phase E, the contractor is responsible for providing overall management of the MAVEN science Program and data analysis activities, ensuring delivery of MAVEN science data products, mission documentation, and analytical software tools into PDS, participating in analysis and resolution of spacecraft anomalies, as necessary, providing overall management of E/po activities per E/po plan, presenting scientific results at national conferences and in scientific literature, and providing contract closeout support.",https://www.usaspending.gov/award/CONT_AWD_NNH10CC04C_8000_-NONE-_-NONE-/
NNH10CC04C,2020,12,5854314.26,0.0,False,080-0120,"Science, National Aeronautics and Space Administration",The Regents of the University of Colorado,7d586cfa-95f6-0e31-3589-fbd59b788eda-C,"NASA headquarters (HQ) manages the Mars Exploration Program (MEP), which selected the Mars atmosphere and volatile evolution (MAVEN) project as a Mars scout mission.  The MAVEN Principal Investigator (PI) is Dr. Bruce jakosky, of the university of colorado, Laboratory for Atmospheric and Space Physics (LASP) in boulder, co.  The PI will have overall control of the MAVEN project. He will provide science leadership for the MAVEN mission and manage education and public outreach.  This effort applies to lasp and covers phases a, b, c, d, and E of the MAVEN mission.  Under phase a of this contract, the contractor is responsible for schedule management, providing technical progress reports, and mission reviews.  Under phase b, the contractor is responsible for supporting requirements analysis, project plans, preliminary design reviews, monthly status reviews, quarterly team meetings, E/po activities, and the preliminary science data management plan.  Under phases c and d, the contractor is responsible for supporting monthly status reviews, quarterly team reviews, responding to action items that result from meetings/reviews, supporting formal reviews and launch site activities, and management of E/po activities.  Under phase E, the contractor is responsible for providing overall management of the MAVEN science Program and data analysis activities, ensuring delivery of MAVEN science data products, mission documentation, and analytical software tools into PDS, participating in analysis and resolution of spacecraft anomalies, as necessary, providing overall management of E/po activities per E/po plan, presenting scientific results at national conferences and in scientific literature, and providing contract closeout support.",https://www.usaspending.gov/award/CONT_AWD_NNH10CC04C_8000_-NONE-_-NONE-/
NNH10CC04C,2020,12,0.0,823363.12,False,080-0120,"Science, National Aeronautics and Space Administration",The Regents of the University of Colorado,7d586cfa-95f6-0e31-3589-fbd59b788eda-C,"NASA headquarters (HQ) manages the Mars Exploration Program (MEP), which selected the Mars atmosphere and volatile evolution (MAVEN) project as a Mars scout mission.  The MAVEN Principal Investigator (PI) is Dr. Bruce jakosky, of the university of colorado, Laboratory for Atmospheric and Space Physics (LASP) in boulder, co.  The PI will have overall control of the MAVEN project. He will provide science leadership for the MAVEN mission and manage education and public outreach.  This effort applies to lasp and covers phases a, b, c, d, and E of the MAVEN mission.  Under phase a of this contract, the contractor is responsible for schedule management, providing technical progress reports, and mission reviews.  Under phase b, the contractor is responsible for supporting requirements analysis, project plans, preliminary design reviews, monthly status reviews, quarterly team meetings, E/po activities, and the preliminary science data management plan.  Under phases c and d, the contractor is responsible for supporting monthly status reviews, quarterly team reviews, responding to action items that result from meetings/reviews, supporting formal reviews and launch site activities, and management of E/po activities.  Under phase E, the contractor is responsible for providing overall management of the MAVEN science Program and data analysis activities, ensuring delivery of MAVEN science data products, mission documentation, and analytical software tools into PDS, participating in analysis and resolution of spacecraft anomalies, as necessary, providing overall management of E/po activities per E/po plan, presenting scientific results at national conferences and in scientific literature, and providing contract closeout support.",https://www.usaspending.gov/award/CONT_AWD_NNH10CC04C_8000_-NONE-_-NONE-/
NNH10CC04C,2020,12,2980129.37,0.0,False,080-0120,"Science, National Aeronautics and Space Administration",The Regents of the University of Colorado,7d586cfa-95f6-0e31-3589-fbd59b788eda-C,"NASA headquarters (HQ) manages the Mars Exploration Program (MEP), which selected the Mars atmosphere and volatile evolution (MAVEN) project as a Mars scout mission.  The MAVEN Principal Investigator (PI) is Dr. Bruce jakosky, of the university of colorado, Laboratory for Atmospheric and Space Physics (LASP) in boulder, co.  The PI will have overall control of the MAVEN project. He will provide science leadership for the MAVEN mission and manage education and public outreach.  This effort applies to lasp and covers phases a, b, c, d, and E of the MAVEN mission.  Under phase a of this contract, the contractor is responsible for schedule management, providing technical progress reports, and mission reviews.  Under phase b, the contractor is responsible for supporting requirements analysis, project plans, preliminary design reviews, monthly status reviews, quarterly team meetings, E/po activities, and the preliminary science data management plan.  Under phases c and d, the contractor is responsible for supporting monthly status reviews, quarterly team reviews, responding to action items that result from meetings/reviews, supporting formal reviews and launch site activities, and management of E/po activities.  Under phase E, the contractor is responsible for providing overall management of the MAVEN science Program and data analysis activities, ensuring delivery of MAVEN science data products, mission documentation, and analytical software tools into PDS, participating in analysis and resolution of spacecraft anomalies, as necessary, providing overall management of E/po activities per E/po plan, presenting scientific results at national conferences and in scientific literature, and providing contract closeout support.",https://www.usaspending.gov/award/CONT_AWD_NNH10CC04C_8000_-NONE-_-NONE-/
NNH10CC04C,2020,11,5470780.26,0.0,False,080-0120,"Science, National Aeronautics and Space Administration",The Regents of the University of Colorado,7d586cfa-95f6-0e31-3589-fbd59b788eda-C,"NASA headquarters (HQ) manages the Mars Exploration Program (MEP), which selected the Mars atmosphere and volatile evolution (MAVEN) project as a Mars scout mission.  The MAVEN Principal Investigator (PI) is Dr. Bruce jakosky, of the university of colorado, Laboratory for Atmospheric and Space Physics (LASP) in boulder, co.  The PI will have overall control of the MAVEN project. He will provide science leadership for the MAVEN mission and manage education and public outreach.  This effort applies to lasp and covers phases a, b, c, d, and E of the MAVEN mission.  Under phase a of this contract, the contractor is responsible for schedule management, providing technical progress reports, and mission reviews.  Under phase b, the contractor is responsible for supporting requirements analysis, project plans, preliminary design reviews, monthly status reviews, quarterly team meetings, E/po activities, and the preliminary science data management plan.  Under phases c and d, the contractor is responsible for supporting monthly status reviews, quarterly team reviews, responding to action items that result from meetings/reviews, supporting formal reviews and launch site activities, and management of E/po activities.  Under phase E, the contractor is responsible for providing overall management of the MAVEN science Program and data analysis activities, ensuring delivery of MAVEN science data products, mission documentation, and analytical software tools into PDS, participating in analysis and resolution of spacecraft anomalies, as necessary, providing overall management of E/po activities per E/po plan, presenting scientific results at national conferences and in scientific literature, and providing contract closeout support.",https://www.usaspending.gov/award/CONT_AWD_NNH10CC04C_8000_-NONE-_-NONE-/
NNH10CC04C,2020,11,2980128.88,0.0,False,080-0120,"Science, National Aeronautics and Space Administration",The Regents of the University of Colorado,7d586cfa-95f6-0e31-3589-fbd59b788eda-C,"NASA headquarters (HQ) manages the Mars Exploration Program (MEP), which selected the Mars atmosphere and volatile evolution (MAVEN) project as a Mars scout mission.  The MAVEN Principal Investigator (PI) is Dr. Bruce jakosky, of the university of colorado, Laboratory for Atmospheric and Space Physics (LASP) in boulder, co.  The PI will have overall control of the MAVEN project. He will provide science leadership for the MAVEN mission and manage education and public outreach.  This effort applies to lasp and covers phases a, b, c, d, and E of the MAVEN mission.  Under phase a of this contract, the contractor is responsible for schedule management, providing technical progress reports, and mission reviews.  Under phase b, the contractor is responsible for supporting requirements analysis, project plans, preliminary design reviews, monthly status reviews, quarterly team meetings, E/po activities, and the preliminary science data management plan.  Under phases c and d, the contractor is responsible for supporting monthly status reviews, quarterly team reviews, responding to action items that result from meetings/reviews, supporting formal reviews and launch site activities, and management of E/po activities.  Under phase E, the contractor is responsible for providing overall management of the MAVEN science Program and data analysis activities, ensuring delivery of MAVEN science data products, mission documentation, and analytical software tools into PDS, participating in analysis and resolution of spacecraft anomalies, as necessary, providing overall management of E/po activities per E/po plan, presenting scientific results at national conferences and in scientific literature, and providing contract closeout support.",https://www.usaspending.gov/award/CONT_AWD_NNH10CC04C_8000_-NONE-_-NONE-/
NNH10CC04C,2020,10,0.0,6013.00,False,080-0120,"Science, National Aeronautics and Space Administration",The Regents of the University of Colorado,7d586cfa-95f6-0e31-3589-fbd59b788eda-C,"NASA headquarters (HQ) manages the Mars Exploration Program (MEP), which selected the Mars atmosphere and volatile evolution (MAVEN) project as a Mars scout mission.  The MAVEN Principal Investigator (PI) is Dr. Bruce jakosky, of the university of colorado, Laboratory for Atmospheric and Space Physics (LASP) in boulder, co.  The PI will have overall control of the MAVEN project. He will provide science leadership for the MAVEN mission and manage education and public outreach.  This effort applies to lasp and covers phases a, b, c, d, and E of the MAVEN mission.  Under phase a of this contract, the contractor is responsible for schedule management, providing technical progress reports, and mission reviews.  Under phase b, the contractor is responsible for supporting requirements analysis, project plans, preliminary design reviews, monthly status reviews, quarterly team meetings, E/po activities, and the preliminary science data management plan.  Under phases c and d, the contractor is responsible for supporting monthly status reviews, quarterly team reviews, responding to action items that result from meetings/reviews, supporting formal reviews and launch site activities, and management of E/po activities.  Under phase E, the contractor is responsible for providing overall management of the MAVEN science Program and data analysis activities, ensuring delivery of MAVEN science data products, mission documentation, and analytical software tools into PDS, participating in analysis and resolution of spacecraft anomalies, as necessary, providing overall management of E/po activities per E/po plan, presenting scientific results at national conferences and in scientific literature, and providing contract closeout support.",https://www.usaspending.gov/award/CONT_AWD_NNH10CC04C_8000_-NONE-_-NONE-/
NNH10CC04C,2020,10,0.0,1586000.00,False,080-0120,"Science, National Aeronautics and Space Administration",The Regents of the University of Colorado,7d586cfa-95f6-0e31-3589-fbd59b788eda-C,"NASA headquarters (HQ) manages the Mars Exploration Program (MEP), which selected the Mars atmosphere and volatile evolution (MAVEN) project as a Mars scout mission.  The MAVEN Principal Investigator (PI) is Dr. Bruce jakosky, of the university of colorado, Laboratory for Atmospheric and Space Physics (LASP) in boulder, co.  The PI will have overall control of the MAVEN project. He will provide science leadership for the MAVEN mission and manage education and public outreach.  This effort applies to lasp and covers phases a, b, c, d, and E of the MAVEN mission.  Under phase a of this contract, the contractor is responsible for schedule management, providing technical progress reports, and mission reviews.  Under phase b, the contractor is responsible for supporting requirements analysis, project plans, preliminary design reviews, monthly status reviews, quarterly team meetings, E/po activities, and the preliminary science data management plan.  Under phases c and d, the contractor is responsible for supporting monthly status reviews, quarterly team reviews, responding to action items that result from meetings/reviews, supporting formal reviews and launch site activities, and management of E/po activities.  Under phase E, the contractor is responsible for providing overall management of the MAVEN science Program and data analysis activities, ensuring delivery of MAVEN science data products, mission documentation, and analytical software tools into PDS, participating in analysis and resolution of spacecraft anomalies, as necessary, providing overall management of E/po activities per E/po plan, presenting scientific results at national conferences and in scientific literature, and providing contract closeout support.",https://www.usaspending.gov/award/CONT_AWD_NNH10CC04C_8000_-NONE-_-NONE-/
NNH10CC04C,2020,10,2974119.67,0.0,False,080-0120,"Science, National Aeronautics and Space Administration",The Regents of the University of Colorado,7d586cfa-95f6-0e31-3589-fbd59b788eda-C,"NASA headquarters (HQ) manages the Mars Exploration Program (MEP), which selected the Mars atmosphere and volatile evolution (MAVEN) project as a Mars scout mission.  The MAVEN Principal Investigator (PI) is Dr. Bruce jakosky, of the university of colorado, Laboratory for Atmospheric and Space Physics (LASP) in boulder, co.  The PI will have overall control of the MAVEN project. He will provide science leadership for the MAVEN mission and manage education and public outreach.  This effort applies to lasp and covers phases a, b, c, d, and E of the MAVEN mission.  Under phase a of this contract, the contractor is responsible for schedule management, providing technical progress reports, and mission reviews.  Under phase b, the contractor is responsible for supporting requirements analysis, project plans, preliminary design reviews, monthly status reviews, quarterly team meetings, E/po activities, and the preliminary science data management plan.  Under phases c and d, the contractor is responsible for supporting monthly status reviews, quarterly team reviews, responding to action items that result from meetings/reviews, supporting formal reviews and launch site activities, and management of E/po activities.  Under phase E, the contractor is responsible for providing overall management of the MAVEN science Program and data analysis activities, ensuring delivery of MAVEN science data products, mission documentation, and analytical software tools into PDS, participating in analysis and resolution of spacecraft anomalies, as necessary, providing overall management of E/po activities per E/po plan, presenting scientific results at national conferences and in scientific literature, and providing contract closeout support.",https://www.usaspending.gov/award/CONT_AWD_NNH10CC04C_8000_-NONE-_-NONE-/
NNH10CC04C,2020,10,4231641.10,0.0,False,080-0120,"Science, National Aeronautics and Space Administration",The Regents of the University of Colorado,7d586cfa-95f6-0e31-3589-fbd59b788eda-C,"NASA headquarters (HQ) manages the Mars Exploration Program (MEP), which selected the Mars atmosphere and volatile evolution (MAVEN) project as a Mars scout mission.  The MAVEN Principal Investigator (PI) is Dr. Bruce jakosky, of the university of colorado, Laboratory for Atmospheric and Space Physics (LASP) in boulder, co.  The PI will have overall control of the MAVEN project. He will provide science leadership for the MAVEN mission and manage education and public outreach.  This effort applies to lasp and covers phases a, b, c, d, and E of the MAVEN mission.  Under phase a of this contract, the contractor is responsible for schedule management, providing technical progress reports, and mission reviews.  Under phase b, the contractor is responsible for supporting requirements analysis, project plans, preliminary design reviews, monthly status reviews, quarterly team meetings, E/po activities, and the preliminary science data management plan.  Under phases c and d, the contractor is responsible for supporting monthly status reviews, quarterly team reviews, responding to action items that result from meetings/reviews, supporting formal reviews and launch site activities, and management of E/po activities.  Under phase E, the contractor is responsible for providing overall management of the MAVEN science Program and data analysis activities, ensuring delivery of MAVEN science data products, mission documentation, and analytical software tools into PDS, participating in analysis and resolution of spacecraft anomalies, as necessary, providing overall management of E/po activities per E/po plan, presenting scientific results at national conferences and in scientific literature, and providing contract closeout support.",https://www.usaspending.gov/award/CONT_AWD_NNH10CC04C_8000_-NONE-_-NONE-/
NNH10CC04C,2020,9,2974119.67,0.0,False,080-0120,"Science, National Aeronautics and Space Administration",The Regents of the University of Colorado,7d586cfa-95f6-0e31-3589-fbd59b788eda-C,"NASA headquarters (HQ) manages the Mars Exploration Program (MEP), which selected the Mars atmosphere and volatile evolution (MAVEN) project as a Mars scout mission.  The MAVEN Principal Investigator (PI) is Dr. Bruce jakosky, of the university of colorado, Laboratory for Atmospheric and Space Physics (LASP) in boulder, co.  The PI will have overall control of the MAVEN project. He will provide science leadership for the MAVEN mission and manage education and public outreach.  This effort applies to lasp and covers phases a, b, c, d, and E of the MAVEN mission.  Under phase a of this contract, the contractor is responsible for schedule management, providing technical progress reports, and mission reviews.  Under phase b, the contractor is responsible for supporting requirements analysis, project plans, preliminary design reviews, monthly status reviews, quarterly team meetings, E/po activities, and the preliminary science data management plan.  Under phases c and d, the contractor is responsible for supporting monthly status reviews, quarterly team reviews, responding to action items that result from meetings/reviews, supporting formal reviews and launch site activities, and management of E/po activities.  Under phase E, the contractor is responsible for providing overall management of the MAVEN science Program and data analysis activities, ensuring delivery of MAVEN science data products, mission documentation, and analytical software tools into PDS, participating in analysis and resolution of spacecraft anomalies, as necessary, providing overall management of E/po activities per E/po plan, presenting scientific results at national conferences and in scientific literature, and providing contract closeout support.",https://www.usaspending.gov/award/CONT_AWD_NNH10CC04C_8000_-NONE-_-NONE-/
NNH10CC04C,2020,9,3586991.97,0.0,False,080-0120,"Science, National Aeronautics and Space Administration",The Regents of the University of Colorado,7d586cfa-95f6-0e31-3589-fbd59b788eda-C,"NASA headquarters (HQ) manages the Mars Exploration Program (MEP), which selected the Mars atmosphere and volatile evolution (MAVEN) project as a Mars scout mission.  The MAVEN Principal Investigator (PI) is Dr. Bruce jakosky, of the university of colorado, Laboratory for Atmospheric and Space Physics (LASP) in boulder, co.  The PI will have overall control of the MAVEN project. He will provide science leadership for the MAVEN mission and manage education and public outreach.  This effort applies to lasp and covers phases a, b, c, d, and E of the MAVEN mission.  Under phase a of this contract, the contractor is responsible for schedule management, providing technical progress reports, and mission reviews.  Under phase b, the contractor is responsible for supporting requirements analysis, project plans, preliminary design reviews, monthly status reviews, quarterly team meetings, E/po activities, and the preliminary science data management plan.  Under phases c and d, the contractor is responsible for supporting monthly status reviews, quarterly team reviews, responding to action items that result from meetings/reviews, supporting formal reviews and launch site activities, and management of E/po activities.  Under phase E, the contractor is responsible for providing overall management of the MAVEN science Program and data analysis activities, ensuring delivery of MAVEN science data products, mission documentation, and analytical software tools into PDS, participating in analysis and resolution of spacecraft anomalies, as necessary, providing overall management of E/po activities per E/po plan, presenting scientific results at national conferences and in scientific literature, and providing contract closeout support.",https://www.usaspending.gov/award/CONT_AWD_NNH10CC04C_8000_-NONE-_-NONE-/
NNH10CC04C,2020,8,2525072.22,0.0,False,080-0120,"Science, National Aeronautics and Space Administration",The Regents of the University of Colorado,7d586cfa-95f6-0e31-3589-fbd59b788eda-C,"NASA headquarters (HQ) manages the Mars Exploration Program (MEP), which selected the Mars atmosphere and volatile evolution (MAVEN) project as a Mars scout mission.  The MAVEN Principal Investigator (PI) is Dr. Bruce jakosky, of the university of colorado, Laboratory for Atmospheric and Space Physics (LASP) in boulder, co.  The PI will have overall control of the MAVEN project. He will provide science leadership for the MAVEN mission and manage education and public outreach.  This effort applies to lasp and covers phases a, b, c, d, and E of the MAVEN mission.  Under phase a of this contract, the contractor is responsible for schedule management, providing technical progress reports, and mission reviews.  Under phase b, the contractor is responsible for supporting requirements analysis, project plans, preliminary design reviews, monthly status reviews, quarterly team meetings, E/po activities, and the preliminary science data management plan.  Under phases c and d, the contractor is responsible for supporting monthly status reviews, quarterly team reviews, responding to action items that result from meetings/reviews, supporting formal reviews and launch site activities, and management of E/po activities.  Under phase E, the contractor is responsible for providing overall management of the MAVEN science Program and data analysis activities, ensuring delivery of MAVEN science data products, mission documentation, and analytical software tools into PDS, participating in analysis and resolution of spacecraft anomalies, as necessary, providing overall management of E/po activities per E/po plan, presenting scientific results at national conferences and in scientific literature, and providing contract closeout support.",https://www.usaspending.gov/award/CONT_AWD_NNH10CC04C_8000_-NONE-_-NONE-/
NNH10CC04C,2020,8,2974119.67,0.0,False,080-0120,"Science, National Aeronautics and Space Administration",The Regents of the University of Colorado,7d586cfa-95f6-0e31-3589-fbd59b788eda-C,"NASA headquarters (HQ) manages the Mars Exploration Program (MEP), which selected the Mars atmosphere and volatile evolution (MAVEN) project as a Mars scout mission.  The MAVEN Principal Investigator (PI) is Dr. Bruce jakosky, of the university of colorado, Laboratory for Atmospheric and Space Physics (LASP) in boulder, co.  The PI will have overall control of the MAVEN project. He will provide science leadership for the MAVEN mission and manage education and public outreach.  This effort applies to lasp and covers phases a, b, c, d, and E of the MAVEN mission.  Under phase a of this contract, the contractor is responsible for schedule management, providing technical progress reports, and mission reviews.  Under phase b, the contractor is responsible for supporting requirements analysis, project plans, preliminary design reviews, monthly status reviews, quarterly team meetings, E/po activities, and the preliminary science data management plan.  Under phases c and d, the contractor is responsible for supporting monthly status reviews, quarterly team reviews, responding to action items that result from meetings/reviews, supporting formal reviews and launch site activities, and management of E/po activities.  Under phase E, the contractor is responsible for providing overall management of the MAVEN science Program and data analysis activities, ensuring delivery of MAVEN science data products, mission documentation, and analytical software tools into PDS, participating in analysis and resolution of spacecraft anomalies, as necessary, providing overall management of E/po activities per E/po plan, presenting scientific results at national conferences and in scientific literature, and providing contract closeout support.",https://www.usaspending.gov/award/CONT_AWD_NNH10CC04C_8000_-NONE-_-NONE-/
NNH10CC04C,2020,8,0.0,975000.00,False,080-0120,"Science, National Aeronautics and Space Administration",The Regents of the University of Colorado,7d586cfa-95f6-0e31-3589-fbd59b788eda-C,"NASA headquarters (HQ) manages the Mars Exploration Program (MEP), which selected the Mars atmosphere and volatile evolution (MAVEN) project as a Mars scout mission.  The MAVEN Principal Investigator (PI) is Dr. Bruce jakosky, of the university of colorado, Laboratory for Atmospheric and Space Physics (LASP) in boulder, co.  The PI will have overall control of the MAVEN project. He will provide science leadership for the MAVEN mission and manage education and public outreach.  This effort applies to lasp and covers phases a, b, c, d, and E of the MAVEN mission.  Under phase a of this contract, the contractor is responsible for schedule management, providing technical progress reports, and mission reviews.  Under phase b, the contractor is responsible for supporting requirements analysis, project plans, preliminary design reviews, monthly status reviews, quarterly team meetings, E/po activities, and the preliminary science data management plan.  Under phases c and d, the contractor is responsible for supporting monthly status reviews, quarterly team reviews, responding to action items that result from meetings/reviews, supporting formal reviews and launch site activities, and management of E/po activities.  Under phase E, the contractor is responsible for providing overall management of the MAVEN science Program and data analysis activities, ensuring delivery of MAVEN science data products, mission documentation, and analytical software tools into PDS, participating in analysis and resolution of spacecraft anomalies, as necessary, providing overall management of E/po activities per E/po plan, presenting scientific results at national conferences and in scientific literature, and providing contract closeout support.",https://www.usaspending.gov/award/CONT_AWD_NNH10CC04C_8000_-NONE-_-NONE-/
NNH10CC04C,2020,6,0.0,1000000.00,True,080-0120,"Science, National Aeronautics and Space Administration",The Regents of the University of Colorado,7d586cfa-95f6-0e31-3589-fbd59b788eda-C,"NASA headquarters (HQ) manages the Mars Exploration Program (MEP), which selected the Mars atmosphere and volatile evolution (MAVEN) project as a Mars scout mission.  The MAVEN Principal Investigator (PI) is Dr. Bruce jakosky, of the university of colorado, Laboratory for Atmospheric and Space Physics (LASP) in boulder, co.  The PI will have overall control of the MAVEN project. He will provide science leadership for the MAVEN mission and manage education and public outreach.  This effort applies to lasp and covers phases a, b, c, d, and E of the MAVEN mission.  Under phase a of this contract, the contractor is responsible for schedule management, providing technical progress reports, and mission reviews.  Under phase b, the contractor is responsible for supporting requirements analysis, project plans, preliminary design reviews, monthly status reviews, quarterly team meetings, E/po activities, and the preliminary science data management plan.  Under phases c and d, the contractor is responsible for supporting monthly status reviews, quarterly team reviews, responding to action items that result from meetings/reviews, supporting formal reviews and launch site activities, and management of E/po activities.  Under phase E, the contractor is responsible for providing overall management of the MAVEN science Program and data analysis activities, ensuring delivery of MAVEN science data products, mission documentation, and analytical software tools into PDS, participating in analysis and resolution of spacecraft anomalies, as necessary, providing overall management of E/po activities per E/po plan, presenting scientific results at national conferences and in scientific literature, and providing contract closeout support.",https://www.usaspending.gov/award/CONT_AWD_NNH10CC04C_8000_-NONE-_-NONE-/
NNH10CC04C,2020,6,0.0,1000000.00,True,080-0120,"Science, National Aeronautics and Space Administration",The Regents of the University of Colorado,7d586cfa-95f6-0e31-3589-fbd59b788eda-C,"NASA headquarters (HQ) manages the Mars Exploration Program (MEP), which selected the Mars atmosphere and volatile evolution (MAVEN) project as a Mars scout mission.  The MAVEN Principal Investigator (PI) is Dr. Bruce jakosky, of the university of colorado, Laboratory for Atmospheric and Space Physics (LASP) in boulder, co.  The PI will have overall control of the MAVEN project. He will provide science leadership for the MAVEN mission and manage education and public outreach.  This effort applies to lasp and covers phases a, b, c, d, and E of the MAVEN mission.  Under phase a of this contract, the contractor is responsible for schedule management, providing technical progress reports, and mission reviews.  Under phase b, the contractor is responsible for supporting requirements analysis, project plans, preliminary design reviews, monthly status reviews, quarterly team meetings, E/po activities, and the preliminary science data management plan.  Under phases c and d, the contractor is responsible for supporting monthly status reviews, quarterly team reviews, responding to action items that result from meetings/reviews, supporting formal reviews and launch site activities, and management of E/po activities.  Under phase E, the contractor is responsible for providing overall management of the MAVEN science Program and data analysis activities, ensuring delivery of MAVEN science data products, mission documentation, and analytical software tools into PDS, participating in analysis and resolution of spacecraft anomalies, as necessary, providing overall management of E/po activities per E/po plan, presenting scientific results at national conferences and in scientific literature, and providing contract closeout support.",https://www.usaspending.gov/award/CONT_AWD_NNH10CC04C_8000_-NONE-_-NONE-/
NNH10CC04C,2020,6,0.0,1700000.00,True,080-0120,"Science, National Aeronautics and Space Administration",The Regents of the University of Colorado,7d586cfa-95f6-0e31-3589-fbd59b788eda-C,"NASA headquarters (HQ) manages the Mars Exploration Program (MEP), which selected the Mars atmosphere and volatile evolution (MAVEN) project as a Mars scout mission.  The MAVEN Principal Investigator (PI) is Dr. Bruce jakosky, of the university of colorado, Laboratory for Atmospheric and Space Physics (LASP) in boulder, co.  The PI will have overall control of the MAVEN project. He will provide science leadership for the MAVEN mission and manage education and public outreach.  This effort applies to lasp and covers phases a, b, c, d, and E of the MAVEN mission.  Under phase a of this contract, the contractor is responsible for schedule management, providing technical progress reports, and mission reviews.  Under phase b, the contractor is responsible for supporting requirements analysis, project plans, preliminary design reviews, monthly status reviews, quarterly team meetings, E/po activities, and the preliminary science data management plan.  Under phases c and d, the contractor is responsible for supporting monthly status reviews, quarterly team reviews, responding to action items that result from meetings/reviews, supporting formal reviews and launch site activities, and management of E/po activities.  Under phase E, the contractor is responsible for providing overall management of the MAVEN science Program and data analysis activities, ensuring delivery of MAVEN science data products, mission documentation, and analytical software tools into PDS, participating in analysis and resolution of spacecraft anomalies, as necessary, providing overall management of E/po activities per E/po plan, presenting scientific results at national conferences and in scientific literature, and providing contract closeout support.",https://www.usaspending.gov/award/CONT_AWD_NNH10CC04C_8000_-NONE-_-NONE-/
NNH10CC04C,2020,3,0.0,1350000.00,True,080-0120,"Science, National Aeronautics and Space Administration",The Regents of the University of Colorado,7d586cfa-95f6-0e31-3589-fbd59b788eda-C,"NASA headquarters (HQ) manages the Mars Exploration Program (MEP), which selected the Mars atmosphere and volatile evolution (MAVEN) project as a Mars scout mission.  The MAVEN Principal Investigator (PI) is Dr. Bruce jakosky, of the university of colorado, Laboratory for Atmospheric and Space Physics (LASP) in boulder, co.  The PI will have overall control of the MAVEN project. He will provide science leadership for the MAVEN mission and manage education and public outreach.  This effort applies to lasp and covers phases a, b, c, d, and E of the MAVEN mission.  Under phase a of this contract, the contractor is responsible for schedule management, providing technical progress reports, and mission reviews.  Under phase b, the contractor is responsible for supporting requirements analysis, project plans, preliminary design reviews, monthly status reviews, quarterly team meetings, E/po activities, and the preliminary science data management plan.  Under phases c and d, the contractor is responsible for supporting monthly status reviews, quarterly team reviews, responding to action items that result from meetings/reviews, supporting formal reviews and launch site activities, and management of E/po activities.  Under phase E, the contractor is responsible for providing overall management of the MAVEN science Program and data analysis activities, ensuring delivery of MAVEN science data products, mission documentation, and analytical software tools into PDS, participating in analysis and resolution of spacecraft anomalies, as necessary, providing overall management of E/po activities per E/po plan, presenting scientific results at national conferences and in scientific literature, and providing contract closeout support.",https://www.usaspending.gov/award/CONT_AWD_NNH10CC04C_8000_-NONE-_-NONE-/
NNH10CC04C,2020,3,0.0,500000.00,True,080-0120,"Science, National Aeronautics and Space Administration",The Regents of the University of Colorado,7d586cfa-95f6-0e31-3589-fbd59b788eda-C,"NASA headquarters (HQ) manages the Mars Exploration Program (MEP), which selected the Mars atmosphere and volatile evolution (MAVEN) project as a Mars scout mission.  The MAVEN Principal Investigator (PI) is Dr. Bruce jakosky, of the university of colorado, Laboratory for Atmospheric and Space Physics (LASP) in boulder, co.  The PI will have overall control of the MAVEN project. He will provide science leadership for the MAVEN mission and manage education and public outreach.  This effort applies to lasp and covers phases a, b, c, d, and E of the MAVEN mission.  Under phase a of this contract, the contractor is responsible for schedule management, providing technical progress reports, and mission reviews.  Under phase b, the contractor is responsible for supporting requirements analysis, project plans, preliminary design reviews, monthly status reviews, quarterly team meetings, E/po activities, and the preliminary science data management plan.  Under phases c and d, the contractor is responsible for supporting monthly status reviews, quarterly team reviews, responding to action items that result from meetings/reviews, supporting formal reviews and launch site activities, and management of E/po activities.  Under phase E, the contractor is responsible for providing overall management of the MAVEN science Program and data analysis activities, ensuring delivery of MAVEN science data products, mission documentation, and analytical software tools into PDS, participating in analysis and resolution of spacecraft anomalies, as necessary, providing overall management of E/po activities per E/po plan, presenting scientific results at national conferences and in scientific literature, and providing contract closeout support.",https://www.usaspending.gov/award/CONT_AWD_NNH10CC04C_8000_-NONE-_-NONE-/
NNH10CC04C,2019,12,0.0,1091.95,True,080-0120,"Science, National Aeronautics and Space Administration",The Regents of the University of Colorado,7d586cfa-95f6-0e31-3589-fbd59b788eda-C,"NASA headquarters (HQ) manages the Mars Exploration Program (MEP), which selected the Mars atmosphere and volatile evolution (MAVEN) project as a Mars scout mission.  The MAVEN Principal Investigator (PI) is Dr. Bruce jakosky, of the university of colorado, Laboratory for Atmospheric and Space Physics (LASP) in boulder, co.  The PI will have overall control of the MAVEN project. He will provide science leadership for the MAVEN mission and manage education and public outreach.  This effort applies to lasp and covers phases a, b, c, d, and E of the MAVEN mission.  Under phase a of this contract, the contractor is responsible for schedule management, providing technical progress reports, and mission reviews.  Under phase b, the contractor is responsible for supporting requirements analysis, project plans, preliminary design reviews, monthly status reviews, quarterly team meetings, E/po activities, and the preliminary science data management plan.  Under phases c and d, the contractor is responsible for supporting monthly status reviews, quarterly team reviews, responding to action items that result from meetings/reviews, supporting formal reviews and launch site activities, and management of E/po activities.  Under phase E, the contractor is responsible for providing overall management of the MAVEN science Program and data analysis activities, ensuring delivery of MAVEN science data products, mission documentation, and analytical software tools into PDS, participating in analysis and resolution of spacecraft anomalies, as necessary, providing overall management of E/po activities per E/po plan, presenting scientific results at national conferences and in scientific literature, and providing contract closeout support.",https://www.usaspending.gov/award/CONT_AWD_NNH10CC04C_8000_-NONE-_-NONE-/
NNH10CC04C,2019,12,0.0,500000.00,True,080-0120,"Science, National Aeronautics and Space Administration",The Regents of the University of Colorado,7d586cfa-95f6-0e31-3589-fbd59b788eda-C,"NASA headquarters (HQ) manages the Mars Exploration Program (MEP), which selected the Mars atmosphere and volatile evolution (MAVEN) project as a Mars scout mission.  The MAVEN Principal Investigator (PI) is Dr. Bruce jakosky, of the university of colorado, Laboratory for Atmospheric and Space Physics (LASP) in boulder, co.  The PI will have overall control of the MAVEN project. He will provide science leadership for the MAVEN mission and manage education and public outreach.  This effort applies to lasp and covers phases a, b, c, d, and E of the MAVEN mission.  Under phase a of this contract, the contractor is responsible for schedule management, providing technical progress reports, and mission reviews.  Under phase b, the contractor is responsible for supporting requirements analysis, project plans, preliminary design reviews, monthly status reviews, quarterly team meetings, E/po activities, and the preliminary science data management plan.  Under phases c and d, the contractor is responsible for supporting monthly status reviews, quarterly team reviews, responding to action items that result from meetings/reviews, supporting formal reviews and launch site activities, and management of E/po activities.  Under phase E, the contractor is responsible for providing overall management of the MAVEN science Program and data analysis activities, ensuring delivery of MAVEN science data products, mission documentation, and analytical software tools into PDS, participating in analysis and resolution of spacecraft anomalies, as necessary, providing overall management of E/po activities per E/po plan, presenting scientific results at national conferences and in scientific literature, and providing contract closeout support.",https://www.usaspending.gov/award/CONT_AWD_NNH10CC04C_8000_-NONE-_-NONE-/
NNH10CC04C,2019,9,0.0,3500000.00,True,080-0120,"Science, National Aeronautics and Space Administration",The Regents of the University of Colorado,7d586cfa-95f6-0e31-3589-fbd59b788eda-C,"NASA headquarters (HQ) manages the Mars Exploration Program (MEP), which selected the Mars atmosphere and volatile evolution (MAVEN) project as a Mars scout mission.  The MAVEN Principal Investigator (PI) is Dr. Bruce jakosky, of the university of colorado, Laboratory for Atmospheric and Space Physics (LASP) in boulder, co.  The PI will have overall control of the MAVEN project. He will provide science leadership for the MAVEN mission and manage education and public outreach.  This effort applies to lasp and covers phases a, b, c, d, and E of the MAVEN mission.  Under phase a of this contract, the contractor is responsible for schedule management, providing technical progress reports, and mission reviews.  Under phase b, the contractor is responsible for supporting requirements analysis, project plans, preliminary design reviews, monthly status reviews, quarterly team meetings, E/po activities, and the preliminary science data management plan.  Under phases c and d, the contractor is responsible for supporting monthly status reviews, quarterly team reviews, responding to action items that result from meetings/reviews, supporting formal reviews and launch site activities, and management of E/po activities.  Under phase E, the contractor is responsible for providing overall management of the MAVEN science Program and data analysis activities, ensuring delivery of MAVEN science data products, mission documentation, and analytical software tools into PDS, participating in analysis and resolution of spacecraft anomalies, as necessary, providing overall management of E/po activities per E/po plan, presenting scientific results at national conferences and in scientific literature, and providing contract closeout support.",https://www.usaspending.gov/award/CONT_AWD_NNH10CC04C_8000_-NONE-_-NONE-/
NNH10CC04C,2019,6,0.0,700000.00,True,080-0120,"Science, National Aeronautics and Space Administration",The Regents of the University of Colorado,7d586cfa-95f6-0e31-3589-fbd59b788eda-C,"NASA headquarters (HQ) manages the Mars Exploration Program (MEP), which selected the Mars atmosphere and volatile evolution (MAVEN) project as a Mars scout mission.  The MAVEN Principal Investigator (PI) is Dr. Bruce jakosky, of the university of colorado, Laboratory for Atmospheric and Space Physics (LASP) in boulder, co.  The PI will have overall control of the MAVEN project. He will provide science leadership for the MAVEN mission and manage education and public outreach.  This effort applies to lasp and covers phases a, b, c, d, and E of the MAVEN mission.  Under phase a of this contract, the contractor is responsible for schedule management, providing technical progress reports, and mission reviews.  Under phase b, the contractor is responsible for supporting requirements analysis, project plans, preliminary design reviews, monthly status reviews, quarterly team meetings, E/po activities, and the preliminary science data management plan.  Under phases c and d, the contractor is responsible for supporting monthly status reviews, quarterly team reviews, responding to action items that result from meetings/reviews, supporting formal reviews and launch site activities, and management of E/po activities.  Under phase E, the contractor is responsible for providing overall management of the MAVEN science Program and data analysis activities, ensuring delivery of MAVEN science data products, mission documentation, and analytical software tools into PDS, participating in analysis and resolution of spacecraft anomalies, as necessary, providing overall management of E/po activities per E/po plan, presenting scientific results at national conferences and in scientific literature, and providing contract closeout support.",https://www.usaspending.gov/award/CONT_AWD_NNH10CC04C_8000_-NONE-_-NONE-/
NNH10CC04C,2019,6,0.0,1850000.00,True,080-0120,"Science, National Aeronautics and Space Administration",The Regents of the University of Colorado,7d586cfa-95f6-0e31-3589-fbd59b788eda-C,"NASA headquarters (HQ) manages the Mars Exploration Program (MEP), which selected the Mars atmosphere and volatile evolution (MAVEN) project as a Mars scout mission.  The MAVEN Principal Investigator (PI) is Dr. Bruce jakosky, of the university of colorado, Laboratory for Atmospheric and Space Physics (LASP) in boulder, co.  The PI will have overall control of the MAVEN project. He will provide science leadership for the MAVEN mission and manage education and public outreach.  This effort applies to lasp and covers phases a, b, c, d, and E of the MAVEN mission.  Under phase a of this contract, the contractor is responsible for schedule management, providing technical progress reports, and mission reviews.  Under phase b, the contractor is responsible for supporting requirements analysis, project plans, preliminary design reviews, monthly status reviews, quarterly team meetings, E/po activities, and the preliminary science data management plan.  Under phases c and d, the contractor is responsible for supporting monthly status reviews, quarterly team reviews, responding to action items that result from meetings/reviews, supporting formal reviews and launch site activities, and management of E/po activities.  Under phase E, the contractor is responsible for providing overall management of the MAVEN science Program and data analysis activities, ensuring delivery of MAVEN science data products, mission documentation, and analytical software tools into PDS, participating in analysis and resolution of spacecraft anomalies, as necessary, providing overall management of E/po activities per E/po plan, presenting scientific results at national conferences and in scientific literature, and providing contract closeout support.",https://www.usaspending.gov/award/CONT_AWD_NNH10CC04C_8000_-NONE-_-NONE-/
NNH10CC04C,2019,3,0.0,119714.90,True,080-0120,"Science, National Aeronautics and Space Administration",The Regents of the University of Colorado,7d586cfa-95f6-0e31-3589-fbd59b788eda-C,"NASA headquarters (HQ) manages the Mars Exploration Program (MEP), which selected the Mars atmosphere and volatile evolution (MAVEN) project as a Mars scout mission.  The MAVEN Principal Investigator (PI) is Dr. Bruce jakosky, of the university of colorado, Laboratory for Atmospheric and Space Physics (LASP) in boulder, co.  The PI will have overall control of the MAVEN project. He will provide science leadership for the MAVEN mission and manage education and public outreach.  This effort applies to lasp and covers phases a, b, c, d, and E of the MAVEN mission.  Under phase a of this contract, the contractor is responsible for schedule management, providing technical progress reports, and mission reviews.  Under phase b, the contractor is responsible for supporting requirements analysis, project plans, preliminary design reviews, monthly status reviews, quarterly team meetings, E/po activities, and the preliminary science data management plan.  Under phases c and d, the contractor is responsible for supporting monthly status reviews, quarterly team reviews, responding to action items that result from meetings/reviews, supporting formal reviews and launch site activities, and management of E/po activities.  Under phase E, the contractor is responsible for providing overall management of the MAVEN science Program and data analysis activities, ensuring delivery of MAVEN science data products, mission documentation, and analytical software tools into PDS, participating in analysis and resolution of spacecraft anomalies, as necessary, providing overall management of E/po activities per E/po plan, presenting scientific results at national conferences and in scientific literature, and providing contract closeout support.",https://www.usaspending.gov/award/CONT_AWD_NNH10CC04C_8000_-NONE-_-NONE-/
NNH10CC04C,2019,3,0.0,1063980.10,True,080-0120,"Science, National Aeronautics and Space Administration",The Regents of the University of Colorado,7d586cfa-95f6-0e31-3589-fbd59b788eda-C,"NASA headquarters (HQ) manages the Mars Exploration Program (MEP), which selected the Mars atmosphere and volatile evolution (MAVEN) project as a Mars scout mission.  The MAVEN Principal Investigator (PI) is Dr. Bruce jakosky, of the university of colorado, Laboratory for Atmospheric and Space Physics (LASP) in boulder, co.  The PI will have overall control of the MAVEN project. He will provide science leadership for the MAVEN mission and manage education and public outreach.  This effort applies to lasp and covers phases a, b, c, d, and E of the MAVEN mission.  Under phase a of this contract, the contractor is responsible for schedule management, providing technical progress reports, and mission reviews.  Under phase b, the contractor is responsible for supporting requirements analysis, project plans, preliminary design reviews, monthly status reviews, quarterly team meetings, E/po activities, and the preliminary science data management plan.  Under phases c and d, the contractor is responsible for supporting monthly status reviews, quarterly team reviews, responding to action items that result from meetings/reviews, supporting formal reviews and launch site activities, and management of E/po activities.  Under phase E, the contractor is responsible for providing overall management of the MAVEN science Program and data analysis activities, ensuring delivery of MAVEN science data products, mission documentation, and analytical software tools into PDS, participating in analysis and resolution of spacecraft anomalies, as necessary, providing overall management of E/po activities per E/po plan, presenting scientific results at national conferences and in scientific literature, and providing contract closeout support.",https://www.usaspending.gov/award/CONT_AWD_NNH10CC04C_8000_-NONE-_-NONE-/
NNH10CC04C,2018,12,0.0,2377000.00,True,080-0120,"Science, National Aeronautics and Space Administration",The Regents of the University of Colorado,7d586cfa-95f6-0e31-3589-fbd59b788eda-C,"NASA headquarters (HQ) manages the Mars Exploration Program (MEP), which selected the Mars atmosphere and volatile evolution (MAVEN) project as a Mars scout mission.  The MAVEN Principal Investigator (PI) is Dr. Bruce jakosky, of the university of colorado, Laboratory for Atmospheric and Space Physics (LASP) in boulder, co.  The PI will have overall control of the MAVEN project. He will provide science leadership for the MAVEN mission and manage education and public outreach.  This effort applies to lasp and covers phases a, b, c, d, and E of the MAVEN mission.  Under phase a of this contract, the contractor is responsible for schedule management, providing technical progress reports, and mission reviews.  Under phase b, the contractor is responsible for supporting requirements analysis, project plans, preliminary design reviews, monthly status reviews, quarterly team meetings, E/po activities, and the preliminary science data management plan.  Under phases c and d, the contractor is responsible for supporting monthly status reviews, quarterly team reviews, responding to action items that result from meetings/reviews, supporting formal reviews and launch site activities, and management of E/po activities.  Under phase E, the contractor is responsible for providing overall management of the MAVEN science Program and data analysis activities, ensuring delivery of MAVEN science data products, mission documentation, and analytical software tools into PDS, participating in analysis and resolution of spacecraft anomalies, as necessary, providing overall management of E/po activities per E/po plan, presenting scientific results at national conferences and in scientific literature, and providing contract closeout support.",https://www.usaspending.gov/award/CONT_AWD_NNH10CC04C_8000_-NONE-_-NONE-/
NNH10CC04C,2018,9,0.0,1976000.00,True,080-0120,"Science, National Aeronautics and Space Administration",The Regents of the University of Colorado,7d586cfa-95f6-0e31-3589-fbd59b788eda-C,"NASA headquarters (HQ) manages the Mars Exploration Program (MEP), which selected the Mars atmosphere and volatile evolution (MAVEN) project as a Mars scout mission.  The MAVEN Principal Investigator (PI) is Dr. Bruce jakosky, of the university of colorado, Laboratory for Atmospheric and Space Physics (LASP) in boulder, co.  The PI will have overall control of the MAVEN project. He will provide science leadership for the MAVEN mission and manage education and public outreach.  This effort applies to lasp and covers phases a, b, c, d, and E of the MAVEN mission.  Under phase a of this contract, the contractor is responsible for schedule management, providing technical progress reports, and mission reviews.  Under phase b, the contractor is responsible for supporting requirements analysis, project plans, preliminary design reviews, monthly status reviews, quarterly team meetings, E/po activities, and the preliminary science data management plan.  Under phases c and d, the contractor is responsible for supporting monthly status reviews, quarterly team reviews, responding to action items that result from meetings/reviews, supporting formal reviews and launch site activities, and management of E/po activities.  Under phase E, the contractor is responsible for providing overall management of the MAVEN science Program and data analysis activities, ensuring delivery of MAVEN science data products, mission documentation, and analytical software tools into PDS, participating in analysis and resolution of spacecraft anomalies, as necessary, providing overall management of E/po activities per E/po plan, presenting scientific results at national conferences and in scientific literature, and providing contract closeout support.",https://www.usaspending.gov/award/CONT_AWD_NNH10CC04C_8000_-NONE-_-NONE-/
NNH10CC04C,2018,6,0.0,1210000.00,True,080-0120,"Science, National Aeronautics and Space Administration",The Regents of the University of Colorado,7d586cfa-95f6-0e31-3589-fbd59b788eda-C,"NASA headquarters (HQ) manages the Mars Exploration Program (MEP), which selected the Mars atmosphere and volatile evolution (MAVEN) project as a Mars scout mission.  The MAVEN Principal Investigator (PI) is Dr. Bruce jakosky, of the university of colorado, Laboratory for Atmospheric and Space Physics (LASP) in boulder, co.  The PI will have overall control of the MAVEN project. He will provide science leadership for the MAVEN mission and manage education and public outreach.  This effort applies to lasp and covers phases a, b, c, d, and E of the MAVEN mission.  Under phase a of this contract, the contractor is responsible for schedule management, providing technical progress reports, and mission reviews.  Under phase b, the contractor is responsible for supporting requirements analysis, project plans, preliminary design reviews, monthly status reviews, quarterly team meetings, E/po activities, and the preliminary science data management plan.  Under phases c and d, the contractor is responsible for supporting monthly status reviews, quarterly team reviews, responding to action items that result from meetings/reviews, supporting formal reviews and launch site activities, and management of E/po activities.  Under phase E, the contractor is responsible for providing overall management of the MAVEN science Program and data analysis activities, ensuring delivery of MAVEN science data products, mission documentation, and analytical software tools into PDS, participating in analysis and resolution of spacecraft anomalies, as necessary, providing overall management of E/po activities per E/po plan, presenting scientific results at national conferences and in scientific literature, and providing contract closeout support.",https://www.usaspending.gov/award/CONT_AWD_NNH10CC04C_8000_-NONE-_-NONE-/
NNH10CC04C,2018,6,0.0,1000000.00,True,080-0120,"Science, National Aeronautics and Space Administration",The Regents of the University of Colorado,7d586cfa-95f6-0e31-3589-fbd59b788eda-C,"NASA headquarters (HQ) manages the Mars Exploration Program (MEP), which selected the Mars atmosphere and volatile evolution (MAVEN) project as a Mars scout mission.  The MAVEN Principal Investigator (PI) is Dr. Bruce jakosky, of the university of colorado, Laboratory for Atmospheric and Space Physics (LASP) in boulder, co.  The PI will have overall control of the MAVEN project. He will provide science leadership for the MAVEN mission and manage education and public outreach.  This effort applies to lasp and covers phases a, b, c, d, and E of the MAVEN mission.  Under phase a of this contract, the contractor is responsible for schedule management, providing technical progress reports, and mission reviews.  Under phase b, the contractor is responsible for supporting requirements analysis, project plans, preliminary design reviews, monthly status reviews, quarterly team meetings, E/po activities, and the preliminary science data management plan.  Under phases c and d, the contractor is responsible for supporting monthly status reviews, quarterly team reviews, responding to action items that result from meetings/reviews, supporting formal reviews and launch site activities, and management of E/po activities.  Under phase E, the contractor is responsible for providing overall management of the MAVEN science Program and data analysis activities, ensuring delivery of MAVEN science data products, mission documentation, and analytical software tools into PDS, participating in analysis and resolution of spacecraft anomalies, as necessary, providing overall management of E/po activities per E/po plan, presenting scientific results at national conferences and in scientific literature, and providing contract closeout support.",https://www.usaspending.gov/award/CONT_AWD_NNH10CC04C_8000_-NONE-_-NONE-/
NNH10CC04C,2018,6,0.0,1500000.00,True,080-0120,"Science, National Aeronautics and Space Administration",The Regents of the University of Colorado,7d586cfa-95f6-0e31-3589-fbd59b788eda-C,"NASA headquarters (HQ) manages the Mars Exploration Program (MEP), which selected the Mars atmosphere and volatile evolution (MAVEN) project as a Mars scout mission.  The MAVEN Principal Investigator (PI) is Dr. Bruce jakosky, of the university of colorado, Laboratory for Atmospheric and Space Physics (LASP) in boulder, co.  The PI will have overall control of the MAVEN project. He will provide science leadership for the MAVEN mission and manage education and public outreach.  This effort applies to lasp and covers phases a, b, c, d, and E of the MAVEN mission.  Under phase a of this contract, the contractor is responsible for schedule management, providing technical progress reports, and mission reviews.  Under phase b, the contractor is responsible for supporting requirements analysis, project plans, preliminary design reviews, monthly status reviews, quarterly team meetings, E/po activities, and the preliminary science data management plan.  Under phases c and d, the contractor is responsible for supporting monthly status reviews, quarterly team reviews, responding to action items that result from meetings/reviews, supporting formal reviews and launch site activities, and management of E/po activities.  Under phase E, the contractor is responsible for providing overall management of the MAVEN science Program and data analysis activities, ensuring delivery of MAVEN science data products, mission documentation, and analytical software tools into PDS, participating in analysis and resolution of spacecraft anomalies, as necessary, providing overall management of E/po activities per E/po plan, presenting scientific results at national conferences and in scientific literature, and providing contract closeout support.",https://www.usaspending.gov/award/CONT_AWD_NNH10CC04C_8000_-NONE-_-NONE-/
NNH10CC04C,2018,3,0.0,1200000.00,True,080-0120,"Science, National Aeronautics and Space Administration",The Regents of the University of Colorado,7d586cfa-95f6-0e31-3589-fbd59b788eda-C,"NASA headquarters (HQ) manages the Mars Exploration Program (MEP), which selected the Mars atmosphere and volatile evolution (MAVEN) project as a Mars scout mission.  The MAVEN Principal Investigator (PI) is Dr. Bruce jakosky, of the university of colorado, Laboratory for Atmospheric and Space Physics (LASP) in boulder, co.  The PI will have overall control of the MAVEN project. He will provide science leadership for the MAVEN mission and manage education and public outreach.  This effort applies to lasp and covers phases a, b, c, d, and E of the MAVEN mission.  Under phase a of this contract, the contractor is responsible for schedule management, providing technical progress reports, and mission reviews.  Under phase b, the contractor is responsible for supporting requirements analysis, project plans, preliminary design reviews, monthly status reviews, quarterly team meetings, E/po activities, and the preliminary science data management plan.  Under phases c and d, the contractor is responsible for supporting monthly status reviews, quarterly team reviews, responding to action items that result from meetings/reviews, supporting formal reviews and launch site activities, and management of E/po activities.  Under phase E, the contractor is responsible for providing overall management of the MAVEN science Program and data analysis activities, ensuring delivery of MAVEN science data products, mission documentation, and analytical software tools into PDS, participating in analysis and resolution of spacecraft anomalies, as necessary, providing overall management of E/po activities per E/po plan, presenting scientific results at national conferences and in scientific literature, and providing contract closeout support.",https://www.usaspending.gov/award/CONT_AWD_NNH10CC04C_8000_-NONE-_-NONE-/
NNH10CC04C,2017,12,0.0,1431000.00,True,080-0120,"Science, National Aeronautics and Space Administration",The Regents of the University of Colorado,7d586cfa-95f6-0e31-3589-fbd59b788eda-C,"NASA headquarters (HQ) manages the Mars Exploration Program (MEP), which selected the Mars atmosphere and volatile evolution (MAVEN) project as a Mars scout mission.  The MAVEN Principal Investigator (PI) is Dr. Bruce jakosky, of the university of colorado, Laboratory for Atmospheric and Space Physics (LASP) in boulder, co.  The PI will have overall control of the MAVEN project. He will provide science leadership for the MAVEN mission and manage education and public outreach.  This effort applies to lasp and covers phases a, b, c, d, and E of the MAVEN mission.  Under phase a of this contract, the contractor is responsible for schedule management, providing technical progress reports, and mission reviews.  Under phase b, the contractor is responsible for supporting requirements analysis, project plans, preliminary design reviews, monthly status reviews, quarterly team meetings, E/po activities, and the preliminary science data management plan.  Under phases c and d, the contractor is responsible for supporting monthly status reviews, quarterly team reviews, responding to action items that result from meetings/reviews, supporting formal reviews and launch site activities, and management of E/po activities.  Under phase E, the contractor is responsible for providing overall management of the MAVEN science Program and data analysis activities, ensuring delivery of MAVEN science data products, mission documentation, and analytical software tools into PDS, participating in analysis and resolution of spacecraft anomalies, as necessary, providing overall management of E/po activities per E/po plan, presenting scientific results at national conferences and in scientific literature, and providing contract closeout support.",https://www.usaspending.gov/award/CONT_AWD_NNH10CC04C_8000_-NONE-_-NONE-/
NNH10CC04C,2017,9,0.0,3000000.00,True,080-0120,"Science, National Aeronautics and Space Administration",The Regents of the University of Colorado,7d586cfa-95f6-0e31-3589-fbd59b788eda-C,"NASA headquarters (HQ) manages the Mars Exploration Program (MEP), which selected the Mars atmosphere and volatile evolution (MAVEN) project as a Mars scout mission.  The MAVEN Principal Investigator (PI) is Dr. Bruce jakosky, of the university of colorado, Laboratory for Atmospheric and Space Physics (LASP) in boulder, co.  The PI will have overall control of the MAVEN project. He will provide science leadership for the MAVEN mission and manage education and public outreach.  This effort applies to lasp and covers phases a, b, c, d, and E of the MAVEN mission.  Under phase a of this contract, the contractor is responsible for schedule management, providing technical progress reports, and mission reviews.  Under phase b, the contractor is responsible for supporting requirements analysis, project plans, preliminary design reviews, monthly status reviews, quarterly team meetings, E/po activities, and the preliminary science data management plan.  Under phases c and d, the contractor is responsible for supporting monthly status reviews, quarterly team reviews, responding to action items that result from meetings/reviews, supporting formal reviews and launch site activities, and management of E/po activities.  Under phase E, the contractor is responsible for providing overall management of the MAVEN science Program and data analysis activities, ensuring delivery of MAVEN science data products, mission documentation, and analytical software tools into PDS, participating in analysis and resolution of spacecraft anomalies, as necessary, providing overall management of E/po activities per E/po plan, presenting scientific results at national conferences and in scientific literature, and providing contract closeout support.",https://www.usaspending.gov/award/CONT_AWD_NNH10CC04C_8000_-NONE-_-NONE-/
NNH10CC04C,2017,9,0.0,515000.00,True,080-0120,"Science, National Aeronautics and Space Administration",The Regents of the University of Colorado,7d586cfa-95f6-0e31-3589-fbd59b788eda-C,"NASA headquarters (HQ) manages the Mars Exploration Program (MEP), which selected the Mars atmosphere and volatile evolution (MAVEN) project as a Mars scout mission.  The MAVEN Principal Investigator (PI) is Dr. Bruce jakosky, of the university of colorado, Laboratory for Atmospheric and Space Physics (LASP) in boulder, co.  The PI will have overall control of the MAVEN project. He will provide science leadership for the MAVEN mission and manage education and public outreach.  This effort applies to lasp and covers phases a, b, c, d, and E of the MAVEN mission.  Under phase a of this contract, the contractor is responsible for schedule management, providing technical progress reports, and mission reviews.  Under phase b, the contractor is responsible for supporting requirements analysis, project plans, preliminary design reviews, monthly status reviews, quarterly team meetings, E/po activities, and the preliminary science data management plan.  Under phases c and d, the contractor is responsible for supporting monthly status reviews, quarterly team reviews, responding to action items that result from meetings/reviews, supporting formal reviews and launch site activities, and management of E/po activities.  Under phase E, the contractor is responsible for providing overall management of the MAVEN science Program and data analysis activities, ensuring delivery of MAVEN science data products, mission documentation, and analytical software tools into PDS, participating in analysis and resolution of spacecraft anomalies, as necessary, providing overall management of E/po activities per E/po plan, presenting scientific results at national conferences and in scientific literature, and providing contract closeout support.",https://www.usaspending.gov/award/CONT_AWD_NNH10CC04C_8000_-NONE-_-NONE-/
NNH10CC04C,2017,9,0.0,1000000.00,True,080-0120,"Science, National Aeronautics and Space Administration",The Regents of the University of Colorado,7d586cfa-95f6-0e31-3589-fbd59b788eda-C,"NASA headquarters (HQ) manages the Mars Exploration Program (MEP), which selected the Mars atmosphere and volatile evolution (MAVEN) project as a Mars scout mission.  The MAVEN Principal Investigator (PI) is Dr. Bruce jakosky, of the university of colorado, Laboratory for Atmospheric and Space Physics (LASP) in boulder, co.  The PI will have overall control of the MAVEN project. He will provide science leadership for the MAVEN mission and manage education and public outreach.  This effort applies to lasp and covers phases a, b, c, d, and E of the MAVEN mission.  Under phase a of this contract, the contractor is responsible for schedule management, providing technical progress reports, and mission reviews.  Under phase b, the contractor is responsible for supporting requirements analysis, project plans, preliminary design reviews, monthly status reviews, quarterly team meetings, E/po activities, and the preliminary science data management plan.  Under phases c and d, the contractor is responsible for supporting monthly status reviews, quarterly team reviews, responding to action items that result from meetings/reviews, supporting formal reviews and launch site activities, and management of E/po activities.  Under phase E, the contractor is responsible for providing overall management of the MAVEN science Program and data analysis activities, ensuring delivery of MAVEN science data products, mission documentation, and analytical software tools into PDS, participating in analysis and resolution of spacecraft anomalies, as necessary, providing overall management of E/po activities per E/po plan, presenting scientific results at national conferences and in scientific literature, and providing contract closeout support.",https://www.usaspending.gov/award/CONT_AWD_NNH10CC04C_8000_-NONE-_-NONE-/
NNH10CC04C,2017,6,0.0,3840000.00,True,080-0120,"Science, National Aeronautics and Space Administration",The Regents of the University of Colorado,7d586cfa-95f6-0e31-3589-fbd59b788eda-C,"NASA headquarters (HQ) manages the Mars Exploration Program (MEP), which selected the Mars atmosphere and volatile evolution (MAVEN) project as a Mars scout mission.  The MAVEN Principal Investigator (PI) is Dr. Bruce jakosky, of the university of colorado, Laboratory for Atmospheric and Space Physics (LASP) in boulder, co.  The PI will have overall control of the MAVEN project. He will provide science leadership for the MAVEN mission and manage education and public outreach.  This effort applies to lasp and covers phases a, b, c, d, and E of the MAVEN mission.  Under phase a of this contract, the contractor is responsible for schedule management, providing technical progress reports, and mission reviews.  Under phase b, the contractor is responsible for supporting requirements analysis, project plans, preliminary design reviews, monthly status reviews, quarterly team meetings, E/po activities, and the preliminary science data management plan.  Under phases c and d, the contractor is responsible for supporting monthly status reviews, quarterly team reviews, responding to action items that result from meetings/reviews, supporting formal reviews and launch site activities, and management of E/po activities.  Under phase E, the contractor is responsible for providing overall management of the MAVEN science Program and data analysis activities, ensuring delivery of MAVEN science data products, mission documentation, and analytical software tools into PDS, participating in analysis and resolution of spacecraft anomalies, as necessary, providing overall management of E/po activities per E/po plan, presenting scientific results at national conferences and in scientific literature, and providing contract closeout support.",https://www.usaspending.gov/award/CONT_AWD_NNH10CC04C_8000_-NONE-_-NONE-/
NNH10CC04C,2017,6,0.0,250000.00,True,080-0120,"Science, National Aeronautics and Space Administration",The Regents of the University of Colorado,7d586cfa-95f6-0e31-3589-fbd59b788eda-C,"NASA headquarters (HQ) manages the Mars Exploration Program (MEP), which selected the Mars atmosphere and volatile evolution (MAVEN) project as a Mars scout mission.  The MAVEN Principal Investigator (PI) is Dr. Bruce jakosky, of the university of colorado, Laboratory for Atmospheric and Space Physics (LASP) in boulder, co.  The PI will have overall control of the MAVEN project. He will provide science leadership for the MAVEN mission and manage education and public outreach.  This effort applies to lasp and covers phases a, b, c, d, and E of the MAVEN mission.  Under phase a of this contract, the contractor is responsible for schedule management, providing technical progress reports, and mission reviews.  Under phase b, the contractor is responsible for supporting requirements analysis, project plans, preliminary design reviews, monthly status reviews, quarterly team meetings, E/po activities, and the preliminary science data management plan.  Under phases c and d, the contractor is responsible for supporting monthly status reviews, quarterly team reviews, responding to action items that result from meetings/reviews, supporting formal reviews and launch site activities, and management of E/po activities.  Under phase E, the contractor is responsible for providing overall management of the MAVEN science Program and data analysis activities, ensuring delivery of MAVEN science data products, mission documentation, and analytical software tools into PDS, participating in analysis and resolution of spacecraft anomalies, as necessary, providing overall management of E/po activities per E/po plan, presenting scientific results at national conferences and in scientific literature, and providing contract closeout support.",https://www.usaspending.gov/award/CONT_AWD_NNH10CC04C_8000_-NONE-_-NONE-/
NNH10CC04C,2017,6,0.0,200000.00,True,080-0120,"Science, National Aeronautics and Space Administration",The Regents of the University of Colorado,7d586cfa-95f6-0e31-3589-fbd59b788eda-C,"NASA headquarters (HQ) manages the Mars Exploration Program (MEP), which selected the Mars atmosphere and volatile evolution (MAVEN) project as a Mars scout mission.  The MAVEN Principal Investigator (PI) is Dr. Bruce jakosky, of the university of colorado, Laboratory for Atmospheric and Space Physics (LASP) in boulder, co.  The PI will have overall control of the MAVEN project. He will provide science leadership for the MAVEN mission and manage education and public outreach.  This effort applies to lasp and covers phases a, b, c, d, and E of the MAVEN mission.  Under phase a of this contract, the contractor is responsible for schedule management, providing technical progress reports, and mission reviews.  Under phase b, the contractor is responsible for supporting requirements analysis, project plans, preliminary design reviews, monthly status reviews, quarterly team meetings, E/po activities, and the preliminary science data management plan.  Under phases c and d, the contractor is responsible for supporting monthly status reviews, quarterly team reviews, responding to action items that result from meetings/reviews, supporting formal reviews and launch site activities, and management of E/po activities.  Under phase E, the contractor is responsible for providing overall management of the MAVEN science Program and data analysis activities, ensuring delivery of MAVEN science data products, mission documentation, and analytical software tools into PDS, participating in analysis and resolution of spacecraft anomalies, as necessary, providing overall management of E/po activities per E/po plan, presenting scientific results at national conferences and in scientific literature, and providing contract closeout support.",https://www.usaspending.gov/award/CONT_AWD_NNH10CC04C_8000_-NONE-_-NONE-/
NNH10CC04C,2017,6,0.0,10949.00,True,080-0120,"Science, National Aeronautics and Space Administration",The Regents of the University of Colorado,7d586cfa-95f6-0e31-3589-fbd59b788eda-C,"NASA headquarters (HQ) manages the Mars Exploration Program (MEP), which selected the Mars atmosphere and volatile evolution (MAVEN) project as a Mars scout mission.  The MAVEN Principal Investigator (PI) is Dr. Bruce jakosky, of the university of colorado, Laboratory for Atmospheric and Space Physics (LASP) in boulder, co.  The PI will have overall control of the MAVEN project. He will provide science leadership for the MAVEN mission and manage education and public outreach.  This effort applies to lasp and covers phases a, b, c, d, and E of the MAVEN mission.  Under phase a of this contract, the contractor is responsible for schedule management, providing technical progress reports, and mission reviews.  Under phase b, the contractor is responsible for supporting requirements analysis, project plans, preliminary design reviews, monthly status reviews, quarterly team meetings, E/po activities, and the preliminary science data management plan.  Under phases c and d, the contractor is responsible for supporting monthly status reviews, quarterly team reviews, responding to action items that result from meetings/reviews, supporting formal reviews and launch site activities, and management of E/po activities.  Under phase E, the contractor is responsible for providing overall management of the MAVEN science Program and data analysis activities, ensuring delivery of MAVEN science data products, mission documentation, and analytical software tools into PDS, participating in analysis and resolution of spacecraft anomalies, as necessary, providing overall management of E/po activities per E/po plan, presenting scientific results at national conferences and in scientific literature, and providing contract closeout support.",https://www.usaspending.gov/award/CONT_AWD_NNH10CC04C_8000_-NONE-_-NONE-/
