award_id,reporting_fiscal_year,reporting_fiscal_month,gross_outlay_amount,transaction_obligated_amount,is_quarterly_submission,federal_account,account_title,recipient_name,recipient_id,award_description,award_usaspending_url
80MSFC20F0178,2026,8,221567.02,0.0,False,080-0120,"Science, National Aeronautics and Space Administration",The Johns Hopkins University Applied Physics Laboratory LLC,4eae43e5-e1f1-0e77-b2fe-09a12a9a552c-C,Thermosphere Ionosphere Mesosphere Energetics and Dynamics (TIMED) mission phase E (follow on from ardes i basic nnn06aa01c task order nnn13aa06c),https://www.usaspending.gov/award/CONT_AWD_80MSFC20F0178_8000_80MSFC20D0004_8000/
80MSFC20F0178,2026,8,687622.96,0.0,False,080-0120,"Science, National Aeronautics and Space Administration",The Johns Hopkins University Applied Physics Laboratory LLC,4eae43e5-e1f1-0e77-b2fe-09a12a9a552c-C,Thermosphere Ionosphere Mesosphere Energetics and Dynamics (TIMED) mission phase E (follow on from ardes i basic nnn06aa01c task order nnn13aa06c),https://www.usaspending.gov/award/CONT_AWD_80MSFC20F0178_8000_80MSFC20D0004_8000/
80MSFC20F0178,2026,7,0.0,1077000.00,False,080-0120,"Science, National Aeronautics and Space Administration",The Johns Hopkins University Applied Physics Laboratory LLC,4eae43e5-e1f1-0e77-b2fe-09a12a9a552c-C,Thermosphere Ionosphere Mesosphere Energetics and Dynamics (TIMED) mission phase E (follow on from ardes i basic nnn06aa01c task order nnn13aa06c),https://www.usaspending.gov/award/CONT_AWD_80MSFC20F0178_8000_80MSFC20D0004_8000/
80MSFC20F0178,2026,7,64961.77,0.0,False,080-0120,"Science, National Aeronautics and Space Administration",The Johns Hopkins University Applied Physics Laboratory LLC,4eae43e5-e1f1-0e77-b2fe-09a12a9a552c-C,Thermosphere Ionosphere Mesosphere Energetics and Dynamics (TIMED) mission phase E (follow on from ardes i basic nnn06aa01c task order nnn13aa06c),https://www.usaspending.gov/award/CONT_AWD_80MSFC20F0178_8000_80MSFC20D0004_8000/
80MSFC20F0178,2026,7,687622.96,0.0,False,080-0120,"Science, National Aeronautics and Space Administration",The Johns Hopkins University Applied Physics Laboratory LLC,4eae43e5-e1f1-0e77-b2fe-09a12a9a552c-C,Thermosphere Ionosphere Mesosphere Energetics and Dynamics (TIMED) mission phase E (follow on from ardes i basic nnn06aa01c task order nnn13aa06c),https://www.usaspending.gov/award/CONT_AWD_80MSFC20F0178_8000_80MSFC20D0004_8000/
80MSFC20F0178,2026,6,640234.01,0.0,False,080-0120,"Science, National Aeronautics and Space Administration",The Johns Hopkins University Applied Physics Laboratory LLC,4eae43e5-e1f1-0e77-b2fe-09a12a9a552c-C,Thermosphere Ionosphere Mesosphere Energetics and Dynamics (TIMED) mission phase E (follow on from ardes i basic nnn06aa01c task order nnn13aa06c),https://www.usaspending.gov/award/CONT_AWD_80MSFC20F0178_8000_80MSFC20D0004_8000/
80MSFC20F0178,2026,5,538245.92,0.0,False,080-0120,"Science, National Aeronautics and Space Administration",The Johns Hopkins University Applied Physics Laboratory LLC,4eae43e5-e1f1-0e77-b2fe-09a12a9a552c-C,Thermosphere Ionosphere Mesosphere Energetics and Dynamics (TIMED) mission phase E (follow on from ardes i basic nnn06aa01c task order nnn13aa06c),https://www.usaspending.gov/award/CONT_AWD_80MSFC20F0178_8000_80MSFC20D0004_8000/
80MSFC20F0178,2026,4,407377.33,0.0,False,080-0120,"Science, National Aeronautics and Space Administration",The Johns Hopkins University Applied Physics Laboratory LLC,4eae43e5-e1f1-0e77-b2fe-09a12a9a552c-C,Thermosphere Ionosphere Mesosphere Energetics and Dynamics (TIMED) mission phase E (follow on from ardes i basic nnn06aa01c task order nnn13aa06c),https://www.usaspending.gov/award/CONT_AWD_80MSFC20F0178_8000_80MSFC20D0004_8000/
80MSFC20F0178,2026,3,0.0,300000.00,False,080-0120,"Science, National Aeronautics and Space Administration",The Johns Hopkins University Applied Physics Laboratory LLC,4eae43e5-e1f1-0e77-b2fe-09a12a9a552c-C,Thermosphere Ionosphere Mesosphere Energetics and Dynamics (TIMED) mission phase E (follow on from ardes i basic nnn06aa01c task order nnn13aa06c),https://www.usaspending.gov/award/CONT_AWD_80MSFC20F0178_8000_80MSFC20D0004_8000/
80MSFC20F0178,2026,3,322126.32,0.0,False,080-0120,"Science, National Aeronautics and Space Administration",The Johns Hopkins University Applied Physics Laboratory LLC,4eae43e5-e1f1-0e77-b2fe-09a12a9a552c-C,Thermosphere Ionosphere Mesosphere Energetics and Dynamics (TIMED) mission phase E (follow on from ardes i basic nnn06aa01c task order nnn13aa06c),https://www.usaspending.gov/award/CONT_AWD_80MSFC20F0178_8000_80MSFC20D0004_8000/
80MSFC20F0178,2026,2,220013.16,0.0,False,080-0120,"Science, National Aeronautics and Space Administration",The Johns Hopkins University Applied Physics Laboratory LLC,4eae43e5-e1f1-0e77-b2fe-09a12a9a552c-C,Thermosphere Ionosphere Mesosphere Energetics and Dynamics (TIMED) mission phase E (follow on from ardes i basic nnn06aa01c task order nnn13aa06c),https://www.usaspending.gov/award/CONT_AWD_80MSFC20F0178_8000_80MSFC20D0004_8000/
80MSFC20F0178,2025,12,0.0,390000.00,False,080-0120,"Science, National Aeronautics and Space Administration",The Johns Hopkins University Applied Physics Laboratory LLC,4eae43e5-e1f1-0e77-b2fe-09a12a9a552c-C,Thermosphere Ionosphere Mesosphere Energetics and Dynamics (TIMED) mission phase E (follow on from ardes i basic nnn06aa01c task order nnn13aa06c),https://www.usaspending.gov/award/CONT_AWD_80MSFC20F0178_8000_80MSFC20D0004_8000/
80MSFC20F0178,2025,12,422347.85,0.0,False,080-0120,"Science, National Aeronautics and Space Administration",The Johns Hopkins University Applied Physics Laboratory LLC,4eae43e5-e1f1-0e77-b2fe-09a12a9a552c-C,Thermosphere Ionosphere Mesosphere Energetics and Dynamics (TIMED) mission phase E (follow on from ardes i basic nnn06aa01c task order nnn13aa06c),https://www.usaspending.gov/award/CONT_AWD_80MSFC20F0178_8000_80MSFC20D0004_8000/
80MSFC20F0178,2025,12,1006377.04,0.0,False,080-0120,"Science, National Aeronautics and Space Administration",The Johns Hopkins University Applied Physics Laboratory LLC,4eae43e5-e1f1-0e77-b2fe-09a12a9a552c-C,Thermosphere Ionosphere Mesosphere Energetics and Dynamics (TIMED) mission phase E (follow on from ardes i basic nnn06aa01c task order nnn13aa06c),https://www.usaspending.gov/award/CONT_AWD_80MSFC20F0178_8000_80MSFC20D0004_8000/
80MSFC20F0178,2025,11,422347.85,0.0,False,080-0120,"Science, National Aeronautics and Space Administration",The Johns Hopkins University Applied Physics Laboratory LLC,4eae43e5-e1f1-0e77-b2fe-09a12a9a552c-C,Thermosphere Ionosphere Mesosphere Energetics and Dynamics (TIMED) mission phase E (follow on from ardes i basic nnn06aa01c task order nnn13aa06c),https://www.usaspending.gov/award/CONT_AWD_80MSFC20F0178_8000_80MSFC20D0004_8000/
80MSFC20F0178,2025,11,876127.04,0.0,False,080-0120,"Science, National Aeronautics and Space Administration",The Johns Hopkins University Applied Physics Laboratory LLC,4eae43e5-e1f1-0e77-b2fe-09a12a9a552c-C,Thermosphere Ionosphere Mesosphere Energetics and Dynamics (TIMED) mission phase E (follow on from ardes i basic nnn06aa01c task order nnn13aa06c),https://www.usaspending.gov/award/CONT_AWD_80MSFC20F0178_8000_80MSFC20D0004_8000/
80MSFC20F0178,2025,10,768789.59,0.0,False,080-0120,"Science, National Aeronautics and Space Administration",The Johns Hopkins University Applied Physics Laboratory LLC,4eae43e5-e1f1-0e77-b2fe-09a12a9a552c-C,Thermosphere Ionosphere Mesosphere Energetics and Dynamics (TIMED) mission phase E (follow on from ardes i basic nnn06aa01c task order nnn13aa06c),https://www.usaspending.gov/award/CONT_AWD_80MSFC20F0178_8000_80MSFC20D0004_8000/
80MSFC20F0178,2025,10,0.0,277000.00,False,080-0120,"Science, National Aeronautics and Space Administration",The Johns Hopkins University Applied Physics Laboratory LLC,4eae43e5-e1f1-0e77-b2fe-09a12a9a552c-C,Thermosphere Ionosphere Mesosphere Energetics and Dynamics (TIMED) mission phase E (follow on from ardes i basic nnn06aa01c task order nnn13aa06c),https://www.usaspending.gov/award/CONT_AWD_80MSFC20F0178_8000_80MSFC20D0004_8000/
80MSFC20F0178,2025,10,422347.85,0.0,False,080-0120,"Science, National Aeronautics and Space Administration",The Johns Hopkins University Applied Physics Laboratory LLC,4eae43e5-e1f1-0e77-b2fe-09a12a9a552c-C,Thermosphere Ionosphere Mesosphere Energetics and Dynamics (TIMED) mission phase E (follow on from ardes i basic nnn06aa01c task order nnn13aa06c),https://www.usaspending.gov/award/CONT_AWD_80MSFC20F0178_8000_80MSFC20D0004_8000/
80MSFC20F0178,2025,9,422347.85,0.0,False,080-0120,"Science, National Aeronautics and Space Administration",The Johns Hopkins University Applied Physics Laboratory LLC,4eae43e5-e1f1-0e77-b2fe-09a12a9a552c-C,Thermosphere Ionosphere Mesosphere Energetics and Dynamics (TIMED) mission phase E (follow on from ardes i basic nnn06aa01c task order nnn13aa06c),https://www.usaspending.gov/award/CONT_AWD_80MSFC20F0178_8000_80MSFC20D0004_8000/
80MSFC20F0178,2025,9,768789.59,0.0,False,080-0120,"Science, National Aeronautics and Space Administration",The Johns Hopkins University Applied Physics Laboratory LLC,4eae43e5-e1f1-0e77-b2fe-09a12a9a552c-C,Thermosphere Ionosphere Mesosphere Energetics and Dynamics (TIMED) mission phase E (follow on from ardes i basic nnn06aa01c task order nnn13aa06c),https://www.usaspending.gov/award/CONT_AWD_80MSFC20F0178_8000_80MSFC20D0004_8000/
80MSFC20F0178,2025,8,422347.85,0.0,False,080-0120,"Science, National Aeronautics and Space Administration",The Johns Hopkins University Applied Physics Laboratory LLC,4eae43e5-e1f1-0e77-b2fe-09a12a9a552c-C,Thermosphere Ionosphere Mesosphere Energetics and Dynamics (TIMED) mission phase E (follow on from ardes i basic nnn06aa01c task order nnn13aa06c),https://www.usaspending.gov/award/CONT_AWD_80MSFC20F0178_8000_80MSFC20D0004_8000/
80MSFC20F0178,2025,8,492388.55,0.0,False,080-0120,"Science, National Aeronautics and Space Administration",The Johns Hopkins University Applied Physics Laboratory LLC,4eae43e5-e1f1-0e77-b2fe-09a12a9a552c-C,Thermosphere Ionosphere Mesosphere Energetics and Dynamics (TIMED) mission phase E (follow on from ardes i basic nnn06aa01c task order nnn13aa06c),https://www.usaspending.gov/award/CONT_AWD_80MSFC20F0178_8000_80MSFC20D0004_8000/
80MSFC20F0178,2025,7,0.0,394943.00,False,080-0120,"Science, National Aeronautics and Space Administration",The Johns Hopkins University Applied Physics Laboratory LLC,4eae43e5-e1f1-0e77-b2fe-09a12a9a552c-C,Thermosphere Ionosphere Mesosphere Energetics and Dynamics (TIMED) mission phase E (follow on from ardes i basic nnn06aa01c task order nnn13aa06c),https://www.usaspending.gov/award/CONT_AWD_80MSFC20F0178_8000_80MSFC20D0004_8000/
80MSFC20F0178,2025,7,422347.85,0.0,False,080-0120,"Science, National Aeronautics and Space Administration",The Johns Hopkins University Applied Physics Laboratory LLC,4eae43e5-e1f1-0e77-b2fe-09a12a9a552c-C,Thermosphere Ionosphere Mesosphere Energetics and Dynamics (TIMED) mission phase E (follow on from ardes i basic nnn06aa01c task order nnn13aa06c),https://www.usaspending.gov/award/CONT_AWD_80MSFC20F0178_8000_80MSFC20D0004_8000/
80MSFC20F0178,2025,7,339560.09,0.0,False,080-0120,"Science, National Aeronautics and Space Administration",The Johns Hopkins University Applied Physics Laboratory LLC,4eae43e5-e1f1-0e77-b2fe-09a12a9a552c-C,Thermosphere Ionosphere Mesosphere Energetics and Dynamics (TIMED) mission phase E (follow on from ardes i basic nnn06aa01c task order nnn13aa06c),https://www.usaspending.gov/award/CONT_AWD_80MSFC20F0178_8000_80MSFC20D0004_8000/
80MSFC20F0178,2025,6,422347.85,0.0,False,080-0120,"Science, National Aeronautics and Space Administration",The Johns Hopkins University Applied Physics Laboratory LLC,4eae43e5-e1f1-0e77-b2fe-09a12a9a552c-C,Thermosphere Ionosphere Mesosphere Energetics and Dynamics (TIMED) mission phase E (follow on from ardes i basic nnn06aa01c task order nnn13aa06c),https://www.usaspending.gov/award/CONT_AWD_80MSFC20F0178_8000_80MSFC20D0004_8000/
80MSFC20F0178,2025,6,232255.93,0.0,False,080-0120,"Science, National Aeronautics and Space Administration",The Johns Hopkins University Applied Physics Laboratory LLC,4eae43e5-e1f1-0e77-b2fe-09a12a9a552c-C,Thermosphere Ionosphere Mesosphere Energetics and Dynamics (TIMED) mission phase E (follow on from ardes i basic nnn06aa01c task order nnn13aa06c),https://www.usaspending.gov/award/CONT_AWD_80MSFC20F0178_8000_80MSFC20D0004_8000/
80MSFC20F0178,2025,5,122540.90,0.0,False,080-0120,"Science, National Aeronautics and Space Administration",The Johns Hopkins University Applied Physics Laboratory LLC,4eae43e5-e1f1-0e77-b2fe-09a12a9a552c-C,Thermosphere Ionosphere Mesosphere Energetics and Dynamics (TIMED) mission phase E (follow on from ardes i basic nnn06aa01c task order nnn13aa06c),https://www.usaspending.gov/award/CONT_AWD_80MSFC20F0178_8000_80MSFC20D0004_8000/
80MSFC20F0178,2025,5,422347.85,0.0,False,080-0120,"Science, National Aeronautics and Space Administration",The Johns Hopkins University Applied Physics Laboratory LLC,4eae43e5-e1f1-0e77-b2fe-09a12a9a552c-C,Thermosphere Ionosphere Mesosphere Energetics and Dynamics (TIMED) mission phase E (follow on from ardes i basic nnn06aa01c task order nnn13aa06c),https://www.usaspending.gov/award/CONT_AWD_80MSFC20F0178_8000_80MSFC20D0004_8000/
80MSFC20F0178,2025,4,36132.37,0.0,False,080-0120,"Science, National Aeronautics and Space Administration",The Johns Hopkins University Applied Physics Laboratory LLC,4eae43e5-e1f1-0e77-b2fe-09a12a9a552c-C,Thermosphere Ionosphere Mesosphere Energetics and Dynamics (TIMED) mission phase E (follow on from ardes i basic nnn06aa01c task order nnn13aa06c),https://www.usaspending.gov/award/CONT_AWD_80MSFC20F0178_8000_80MSFC20D0004_8000/
80MSFC20F0178,2025,4,422347.85,0.0,False,080-0120,"Science, National Aeronautics and Space Administration",The Johns Hopkins University Applied Physics Laboratory LLC,4eae43e5-e1f1-0e77-b2fe-09a12a9a552c-C,Thermosphere Ionosphere Mesosphere Energetics and Dynamics (TIMED) mission phase E (follow on from ardes i basic nnn06aa01c task order nnn13aa06c),https://www.usaspending.gov/award/CONT_AWD_80MSFC20F0178_8000_80MSFC20D0004_8000/
80MSFC20F0178,2025,3,358870.17,0.0,False,080-0120,"Science, National Aeronautics and Space Administration",The Johns Hopkins University Applied Physics Laboratory LLC,4eae43e5-e1f1-0e77-b2fe-09a12a9a552c-C,Thermosphere Ionosphere Mesosphere Energetics and Dynamics (TIMED) mission phase E (follow on from ardes i basic nnn06aa01c task order nnn13aa06c),https://www.usaspending.gov/award/CONT_AWD_80MSFC20F0178_8000_80MSFC20D0004_8000/
80MSFC20F0178,2025,3,0.0,264123.00,False,080-0120,"Science, National Aeronautics and Space Administration",The Johns Hopkins University Applied Physics Laboratory LLC,4eae43e5-e1f1-0e77-b2fe-09a12a9a552c-C,Thermosphere Ionosphere Mesosphere Energetics and Dynamics (TIMED) mission phase E (follow on from ardes i basic nnn06aa01c task order nnn13aa06c),https://www.usaspending.gov/award/CONT_AWD_80MSFC20F0178_8000_80MSFC20D0004_8000/
80MSFC20F0178,2025,2,0.0,367934.00,False,080-0120,"Science, National Aeronautics and Space Administration",The Johns Hopkins University Applied Physics Laboratory LLC,4eae43e5-e1f1-0e77-b2fe-09a12a9a552c-C,Thermosphere Ionosphere Mesosphere Energetics and Dynamics (TIMED) mission phase E (follow on from ardes i basic nnn06aa01c task order nnn13aa06c),https://www.usaspending.gov/award/CONT_AWD_80MSFC20F0178_8000_80MSFC20D0004_8000/
80MSFC20F0178,2025,2,0.0,20000.00,False,080-0120,"Science, National Aeronautics and Space Administration",The Johns Hopkins University Applied Physics Laboratory LLC,4eae43e5-e1f1-0e77-b2fe-09a12a9a552c-C,Thermosphere Ionosphere Mesosphere Energetics and Dynamics (TIMED) mission phase E (follow on from ardes i basic nnn06aa01c task order nnn13aa06c),https://www.usaspending.gov/award/CONT_AWD_80MSFC20F0178_8000_80MSFC20D0004_8000/
80MSFC20F0178,2025,2,231507.17,0.0,False,080-0120,"Science, National Aeronautics and Space Administration",The Johns Hopkins University Applied Physics Laboratory LLC,4eae43e5-e1f1-0e77-b2fe-09a12a9a552c-C,Thermosphere Ionosphere Mesosphere Energetics and Dynamics (TIMED) mission phase E (follow on from ardes i basic nnn06aa01c task order nnn13aa06c),https://www.usaspending.gov/award/CONT_AWD_80MSFC20F0178_8000_80MSFC20D0004_8000/
80MSFC20F0178,2024,12,650733.77,0.0,False,080-0120,"Science, National Aeronautics and Space Administration",The Johns Hopkins University Applied Physics Laboratory LLC,4eae43e5-e1f1-0e77-b2fe-09a12a9a552c-C,Thermosphere Ionosphere Mesosphere Energetics and Dynamics (TIMED) mission phase E (follow on from ardes i basic nnn06aa01c task order nnn13aa06c),https://www.usaspending.gov/award/CONT_AWD_80MSFC20F0178_8000_80MSFC20D0004_8000/
80MSFC20F0178,2024,12,856862.15,0.0,False,080-0120,"Science, National Aeronautics and Space Administration",The Johns Hopkins University Applied Physics Laboratory LLC,4eae43e5-e1f1-0e77-b2fe-09a12a9a552c-C,Thermosphere Ionosphere Mesosphere Energetics and Dynamics (TIMED) mission phase E (follow on from ardes i basic nnn06aa01c task order nnn13aa06c),https://www.usaspending.gov/award/CONT_AWD_80MSFC20F0178_8000_80MSFC20D0004_8000/
80MSFC20F0178,2024,11,754352.59,0.0,False,080-0120,"Science, National Aeronautics and Space Administration",The Johns Hopkins University Applied Physics Laboratory LLC,4eae43e5-e1f1-0e77-b2fe-09a12a9a552c-C,Thermosphere Ionosphere Mesosphere Energetics and Dynamics (TIMED) mission phase E (follow on from ardes i basic nnn06aa01c task order nnn13aa06c),https://www.usaspending.gov/award/CONT_AWD_80MSFC20F0178_8000_80MSFC20D0004_8000/
80MSFC20F0178,2024,11,650733.77,0.0,False,080-0120,"Science, National Aeronautics and Space Administration",The Johns Hopkins University Applied Physics Laboratory LLC,4eae43e5-e1f1-0e77-b2fe-09a12a9a552c-C,Thermosphere Ionosphere Mesosphere Energetics and Dynamics (TIMED) mission phase E (follow on from ardes i basic nnn06aa01c task order nnn13aa06c),https://www.usaspending.gov/award/CONT_AWD_80MSFC20F0178_8000_80MSFC20D0004_8000/
80MSFC20F0178,2024,10,0.0,356210.00,False,080-0120,"Science, National Aeronautics and Space Administration",The Johns Hopkins University Applied Physics Laboratory LLC,4eae43e5-e1f1-0e77-b2fe-09a12a9a552c-C,Thermosphere Ionosphere Mesosphere Energetics and Dynamics (TIMED) mission phase E (follow on from ardes i basic nnn06aa01c task order nnn13aa06c),https://www.usaspending.gov/award/CONT_AWD_80MSFC20F0178_8000_80MSFC20D0004_8000/
80MSFC20F0178,2024,10,650733.77,0.0,False,080-0120,"Science, National Aeronautics and Space Administration",The Johns Hopkins University Applied Physics Laboratory LLC,4eae43e5-e1f1-0e77-b2fe-09a12a9a552c-C,Thermosphere Ionosphere Mesosphere Energetics and Dynamics (TIMED) mission phase E (follow on from ardes i basic nnn06aa01c task order nnn13aa06c),https://www.usaspending.gov/award/CONT_AWD_80MSFC20F0178_8000_80MSFC20D0004_8000/
80MSFC20F0178,2024,10,622274.39,0.0,False,080-0120,"Science, National Aeronautics and Space Administration",The Johns Hopkins University Applied Physics Laboratory LLC,4eae43e5-e1f1-0e77-b2fe-09a12a9a552c-C,Thermosphere Ionosphere Mesosphere Energetics and Dynamics (TIMED) mission phase E (follow on from ardes i basic nnn06aa01c task order nnn13aa06c),https://www.usaspending.gov/award/CONT_AWD_80MSFC20F0178_8000_80MSFC20D0004_8000/
80MSFC20F0178,2024,9,650733.77,0.0,False,080-0120,"Science, National Aeronautics and Space Administration",The Johns Hopkins University Applied Physics Laboratory LLC,4eae43e5-e1f1-0e77-b2fe-09a12a9a552c-C,Thermosphere Ionosphere Mesosphere Energetics and Dynamics (TIMED) mission phase E (follow on from ardes i basic nnn06aa01c task order nnn13aa06c),https://www.usaspending.gov/award/CONT_AWD_80MSFC20F0178_8000_80MSFC20D0004_8000/
80MSFC20F0178,2024,9,511314.34,0.0,False,080-0120,"Science, National Aeronautics and Space Administration",The Johns Hopkins University Applied Physics Laboratory LLC,4eae43e5-e1f1-0e77-b2fe-09a12a9a552c-C,Thermosphere Ionosphere Mesosphere Energetics and Dynamics (TIMED) mission phase E (follow on from ardes i basic nnn06aa01c task order nnn13aa06c),https://www.usaspending.gov/award/CONT_AWD_80MSFC20F0178_8000_80MSFC20D0004_8000/
80MSFC20F0178,2024,8,650733.77,0.0,False,080-0120,"Science, National Aeronautics and Space Administration",The Johns Hopkins University Applied Physics Laboratory LLC,4eae43e5-e1f1-0e77-b2fe-09a12a9a552c-C,Thermosphere Ionosphere Mesosphere Energetics and Dynamics (TIMED) mission phase E (follow on from ardes i basic nnn06aa01c task order nnn13aa06c),https://www.usaspending.gov/award/CONT_AWD_80MSFC20F0178_8000_80MSFC20D0004_8000/
80MSFC20F0178,2024,8,358653.34,0.0,False,080-0120,"Science, National Aeronautics and Space Administration",The Johns Hopkins University Applied Physics Laboratory LLC,4eae43e5-e1f1-0e77-b2fe-09a12a9a552c-C,Thermosphere Ionosphere Mesosphere Energetics and Dynamics (TIMED) mission phase E (follow on from ardes i basic nnn06aa01c task order nnn13aa06c),https://www.usaspending.gov/award/CONT_AWD_80MSFC20F0178_8000_80MSFC20D0004_8000/
80MSFC20F0178,2024,7,0.0,300000.00,False,080-0120,"Science, National Aeronautics and Space Administration",The Johns Hopkins University Applied Physics Laboratory LLC,4eae43e5-e1f1-0e77-b2fe-09a12a9a552c-C,Thermosphere Ionosphere Mesosphere Energetics and Dynamics (TIMED) mission phase E (follow on from ardes i basic nnn06aa01c task order nnn13aa06c),https://www.usaspending.gov/award/CONT_AWD_80MSFC20F0178_8000_80MSFC20D0004_8000/
80MSFC20F0178,2024,7,650733.77,0.0,False,080-0120,"Science, National Aeronautics and Space Administration",The Johns Hopkins University Applied Physics Laboratory LLC,4eae43e5-e1f1-0e77-b2fe-09a12a9a552c-C,Thermosphere Ionosphere Mesosphere Energetics and Dynamics (TIMED) mission phase E (follow on from ardes i basic nnn06aa01c task order nnn13aa06c),https://www.usaspending.gov/award/CONT_AWD_80MSFC20F0178_8000_80MSFC20D0004_8000/
80MSFC20F0178,2024,7,222672.34,0.0,False,080-0120,"Science, National Aeronautics and Space Administration",The Johns Hopkins University Applied Physics Laboratory LLC,4eae43e5-e1f1-0e77-b2fe-09a12a9a552c-C,Thermosphere Ionosphere Mesosphere Energetics and Dynamics (TIMED) mission phase E (follow on from ardes i basic nnn06aa01c task order nnn13aa06c),https://www.usaspending.gov/award/CONT_AWD_80MSFC20F0178_8000_80MSFC20D0004_8000/
80MSFC20F0178,2024,6,650733.77,0.0,False,080-0120,"Science, National Aeronautics and Space Administration",The Johns Hopkins University Applied Physics Laboratory LLC,4eae43e5-e1f1-0e77-b2fe-09a12a9a552c-C,Thermosphere Ionosphere Mesosphere Energetics and Dynamics (TIMED) mission phase E (follow on from ardes i basic nnn06aa01c task order nnn13aa06c),https://www.usaspending.gov/award/CONT_AWD_80MSFC20F0178_8000_80MSFC20D0004_8000/
80MSFC20F0178,2024,6,70315.27,0.0,False,080-0120,"Science, National Aeronautics and Space Administration",The Johns Hopkins University Applied Physics Laboratory LLC,4eae43e5-e1f1-0e77-b2fe-09a12a9a552c-C,Thermosphere Ionosphere Mesosphere Energetics and Dynamics (TIMED) mission phase E (follow on from ardes i basic nnn06aa01c task order nnn13aa06c),https://www.usaspending.gov/award/CONT_AWD_80MSFC20F0178_8000_80MSFC20D0004_8000/
80MSFC20F0178,2024,5,608670.98,0.0,False,080-0120,"Science, National Aeronautics and Space Administration",The Johns Hopkins University Applied Physics Laboratory LLC,4eae43e5-e1f1-0e77-b2fe-09a12a9a552c-C,Thermosphere Ionosphere Mesosphere Energetics and Dynamics (TIMED) mission phase E (follow on from ardes i basic nnn06aa01c task order nnn13aa06c),https://www.usaspending.gov/award/CONT_AWD_80MSFC20F0178_8000_80MSFC20D0004_8000/
80MSFC20F0178,2024,4,463946.37,0.0,False,080-0120,"Science, National Aeronautics and Space Administration",The Johns Hopkins University Applied Physics Laboratory LLC,4eae43e5-e1f1-0e77-b2fe-09a12a9a552c-C,Thermosphere Ionosphere Mesosphere Energetics and Dynamics (TIMED) mission phase E (follow on from ardes i basic nnn06aa01c task order nnn13aa06c),https://www.usaspending.gov/award/CONT_AWD_80MSFC20F0178_8000_80MSFC20D0004_8000/
80MSFC20F0178,2024,3,368710.89,0.0,False,080-0120,"Science, National Aeronautics and Space Administration",The Johns Hopkins University Applied Physics Laboratory LLC,4eae43e5-e1f1-0e77-b2fe-09a12a9a552c-C,Thermosphere Ionosphere Mesosphere Energetics and Dynamics (TIMED) mission phase E (follow on from ardes i basic nnn06aa01c task order nnn13aa06c),https://www.usaspending.gov/award/CONT_AWD_80MSFC20F0178_8000_80MSFC20D0004_8000/
80MSFC20F0178,2024,3,0.0,300000.00,False,080-0120,"Science, National Aeronautics and Space Administration",The Johns Hopkins University Applied Physics Laboratory LLC,4eae43e5-e1f1-0e77-b2fe-09a12a9a552c-C,Thermosphere Ionosphere Mesosphere Energetics and Dynamics (TIMED) mission phase E (follow on from ardes i basic nnn06aa01c task order nnn13aa06c),https://www.usaspending.gov/award/CONT_AWD_80MSFC20F0178_8000_80MSFC20D0004_8000/
80MSFC20F0178,2024,2,234985.97,0.0,False,080-0120,"Science, National Aeronautics and Space Administration",The Johns Hopkins University Applied Physics Laboratory LLC,4eae43e5-e1f1-0e77-b2fe-09a12a9a552c-C,Thermosphere Ionosphere Mesosphere Energetics and Dynamics (TIMED) mission phase E (follow on from ardes i basic nnn06aa01c task order nnn13aa06c),https://www.usaspending.gov/award/CONT_AWD_80MSFC20F0178_8000_80MSFC20D0004_8000/
80MSFC20F0178,2024,2,0.0,303000.00,False,080-0120,"Science, National Aeronautics and Space Administration",The Johns Hopkins University Applied Physics Laboratory LLC,4eae43e5-e1f1-0e77-b2fe-09a12a9a552c-C,Thermosphere Ionosphere Mesosphere Energetics and Dynamics (TIMED) mission phase E (follow on from ardes i basic nnn06aa01c task order nnn13aa06c),https://www.usaspending.gov/award/CONT_AWD_80MSFC20F0178_8000_80MSFC20D0004_8000/
80MSFC20F0178,2023,12,626266.23,0.0,False,080-0120,"Science, National Aeronautics and Space Administration",The Johns Hopkins University Applied Physics Laboratory LLC,4eae43e5-e1f1-0e77-b2fe-09a12a9a552c-C,Thermosphere Ionosphere Mesosphere Energetics and Dynamics (TIMED) mission phase E (follow on from ardes i basic nnn06aa01c task order nnn13aa06c),https://www.usaspending.gov/award/CONT_AWD_80MSFC20F0178_8000_80MSFC20D0004_8000/
80MSFC20F0178,2023,12,34000.00,0.0,False,080-0120,"Science, National Aeronautics and Space Administration",The Johns Hopkins University Applied Physics Laboratory LLC,4eae43e5-e1f1-0e77-b2fe-09a12a9a552c-C,Thermosphere Ionosphere Mesosphere Energetics and Dynamics (TIMED) mission phase E (follow on from ardes i basic nnn06aa01c task order nnn13aa06c),https://www.usaspending.gov/award/CONT_AWD_80MSFC20F0178_8000_80MSFC20D0004_8000/
80MSFC20F0178,2023,12,962608.97,0.0,False,080-0120,"Science, National Aeronautics and Space Administration",The Johns Hopkins University Applied Physics Laboratory LLC,4eae43e5-e1f1-0e77-b2fe-09a12a9a552c-C,Thermosphere Ionosphere Mesosphere Energetics and Dynamics (TIMED) mission phase E (follow on from ardes i basic nnn06aa01c task order nnn13aa06c),https://www.usaspending.gov/award/CONT_AWD_80MSFC20F0178_8000_80MSFC20D0004_8000/
80MSFC20F0178,2023,11,0.0,19000.00,False,080-0120,"Science, National Aeronautics and Space Administration",The Johns Hopkins University Applied Physics Laboratory LLC,4eae43e5-e1f1-0e77-b2fe-09a12a9a552c-C,Thermosphere Ionosphere Mesosphere Energetics and Dynamics (TIMED) mission phase E (follow on from ardes i basic nnn06aa01c task order nnn13aa06c),https://www.usaspending.gov/award/CONT_AWD_80MSFC20F0178_8000_80MSFC20D0004_8000/
80MSFC20F0178,2023,11,509031.48,0.0,False,080-0120,"Science, National Aeronautics and Space Administration",The Johns Hopkins University Applied Physics Laboratory LLC,4eae43e5-e1f1-0e77-b2fe-09a12a9a552c-C,Thermosphere Ionosphere Mesosphere Energetics and Dynamics (TIMED) mission phase E (follow on from ardes i basic nnn06aa01c task order nnn13aa06c),https://www.usaspending.gov/award/CONT_AWD_80MSFC20F0178_8000_80MSFC20D0004_8000/
80MSFC20F0178,2023,11,962608.97,0.0,False,080-0120,"Science, National Aeronautics and Space Administration",The Johns Hopkins University Applied Physics Laboratory LLC,4eae43e5-e1f1-0e77-b2fe-09a12a9a552c-C,Thermosphere Ionosphere Mesosphere Energetics and Dynamics (TIMED) mission phase E (follow on from ardes i basic nnn06aa01c task order nnn13aa06c),https://www.usaspending.gov/award/CONT_AWD_80MSFC20F0178_8000_80MSFC20D0004_8000/
80MSFC20F0178,2023,11,34000.00,0.0,False,080-0120,"Science, National Aeronautics and Space Administration",The Johns Hopkins University Applied Physics Laboratory LLC,4eae43e5-e1f1-0e77-b2fe-09a12a9a552c-C,Thermosphere Ionosphere Mesosphere Energetics and Dynamics (TIMED) mission phase E (follow on from ardes i basic nnn06aa01c task order nnn13aa06c),https://www.usaspending.gov/award/CONT_AWD_80MSFC20F0178_8000_80MSFC20D0004_8000/
80MSFC20F0178,2023,10,34000.00,0.0,False,080-0120,"Science, National Aeronautics and Space Administration",The Johns Hopkins University Applied Physics Laboratory LLC,4eae43e5-e1f1-0e77-b2fe-09a12a9a552c-C,Thermosphere Ionosphere Mesosphere Energetics and Dynamics (TIMED) mission phase E (follow on from ardes i basic nnn06aa01c task order nnn13aa06c),https://www.usaspending.gov/award/CONT_AWD_80MSFC20F0178_8000_80MSFC20D0004_8000/
80MSFC20F0178,2023,10,962608.97,0.0,False,080-0120,"Science, National Aeronautics and Space Administration",The Johns Hopkins University Applied Physics Laboratory LLC,4eae43e5-e1f1-0e77-b2fe-09a12a9a552c-C,Thermosphere Ionosphere Mesosphere Energetics and Dynamics (TIMED) mission phase E (follow on from ardes i basic nnn06aa01c task order nnn13aa06c),https://www.usaspending.gov/award/CONT_AWD_80MSFC20F0178_8000_80MSFC20D0004_8000/
80MSFC20F0178,2023,10,380547.80,0.0,False,080-0120,"Science, National Aeronautics and Space Administration",The Johns Hopkins University Applied Physics Laboratory LLC,4eae43e5-e1f1-0e77-b2fe-09a12a9a552c-C,Thermosphere Ionosphere Mesosphere Energetics and Dynamics (TIMED) mission phase E (follow on from ardes i basic nnn06aa01c task order nnn13aa06c),https://www.usaspending.gov/award/CONT_AWD_80MSFC20F0178_8000_80MSFC20D0004_8000/
80MSFC20F0178,2023,9,267671.65,0.0,False,080-0120,"Science, National Aeronautics and Space Administration",The Johns Hopkins University Applied Physics Laboratory LLC,4eae43e5-e1f1-0e77-b2fe-09a12a9a552c-C,Thermosphere Ionosphere Mesosphere Energetics and Dynamics (TIMED) mission phase E (follow on from ardes i basic nnn06aa01c task order nnn13aa06c),https://www.usaspending.gov/award/CONT_AWD_80MSFC20F0178_8000_80MSFC20D0004_8000/
80MSFC20F0178,2023,9,34000.00,0.0,False,080-0120,"Science, National Aeronautics and Space Administration",The Johns Hopkins University Applied Physics Laboratory LLC,4eae43e5-e1f1-0e77-b2fe-09a12a9a552c-C,Thermosphere Ionosphere Mesosphere Energetics and Dynamics (TIMED) mission phase E (follow on from ardes i basic nnn06aa01c task order nnn13aa06c),https://www.usaspending.gov/award/CONT_AWD_80MSFC20F0178_8000_80MSFC20D0004_8000/
80MSFC20F0178,2023,9,962608.97,0.0,False,080-0120,"Science, National Aeronautics and Space Administration",The Johns Hopkins University Applied Physics Laboratory LLC,4eae43e5-e1f1-0e77-b2fe-09a12a9a552c-C,Thermosphere Ionosphere Mesosphere Energetics and Dynamics (TIMED) mission phase E (follow on from ardes i basic nnn06aa01c task order nnn13aa06c),https://www.usaspending.gov/award/CONT_AWD_80MSFC20F0178_8000_80MSFC20D0004_8000/
80MSFC20F0178,2023,8,962608.97,0.0,False,080-0120,"Science, National Aeronautics and Space Administration",The Johns Hopkins University Applied Physics Laboratory LLC,4eae43e5-e1f1-0e77-b2fe-09a12a9a552c-C,Thermosphere Ionosphere Mesosphere Energetics and Dynamics (TIMED) mission phase E (follow on from ardes i basic nnn06aa01c task order nnn13aa06c),https://www.usaspending.gov/award/CONT_AWD_80MSFC20F0178_8000_80MSFC20D0004_8000/
80MSFC20F0178,2023,8,34000.00,0.0,False,080-0120,"Science, National Aeronautics and Space Administration",The Johns Hopkins University Applied Physics Laboratory LLC,4eae43e5-e1f1-0e77-b2fe-09a12a9a552c-C,Thermosphere Ionosphere Mesosphere Energetics and Dynamics (TIMED) mission phase E (follow on from ardes i basic nnn06aa01c task order nnn13aa06c),https://www.usaspending.gov/award/CONT_AWD_80MSFC20F0178_8000_80MSFC20D0004_8000/
80MSFC20F0178,2023,8,132751.44,0.0,False,080-0120,"Science, National Aeronautics and Space Administration",The Johns Hopkins University Applied Physics Laboratory LLC,4eae43e5-e1f1-0e77-b2fe-09a12a9a552c-C,Thermosphere Ionosphere Mesosphere Energetics and Dynamics (TIMED) mission phase E (follow on from ardes i basic nnn06aa01c task order nnn13aa06c),https://www.usaspending.gov/award/CONT_AWD_80MSFC20F0178_8000_80MSFC20D0004_8000/
80MSFC20F0178,2023,7,34000.00,0.0,False,080-0120,"Science, National Aeronautics and Space Administration",The Johns Hopkins University Applied Physics Laboratory LLC,4eae43e5-e1f1-0e77-b2fe-09a12a9a552c-C,Thermosphere Ionosphere Mesosphere Energetics and Dynamics (TIMED) mission phase E (follow on from ardes i basic nnn06aa01c task order nnn13aa06c),https://www.usaspending.gov/award/CONT_AWD_80MSFC20F0178_8000_80MSFC20D0004_8000/
80MSFC20F0178,2023,7,919799.19,0.0,False,080-0120,"Science, National Aeronautics and Space Administration",The Johns Hopkins University Applied Physics Laboratory LLC,4eae43e5-e1f1-0e77-b2fe-09a12a9a552c-C,Thermosphere Ionosphere Mesosphere Energetics and Dynamics (TIMED) mission phase E (follow on from ardes i basic nnn06aa01c task order nnn13aa06c),https://www.usaspending.gov/award/CONT_AWD_80MSFC20F0178_8000_80MSFC20D0004_8000/
80MSFC20F0178,2023,6,34000.00,0.0,False,080-0120,"Science, National Aeronautics and Space Administration",The Johns Hopkins University Applied Physics Laboratory LLC,4eae43e5-e1f1-0e77-b2fe-09a12a9a552c-C,Thermosphere Ionosphere Mesosphere Energetics and Dynamics (TIMED) mission phase E (follow on from ardes i basic nnn06aa01c task order nnn13aa06c),https://www.usaspending.gov/award/CONT_AWD_80MSFC20F0178_8000_80MSFC20D0004_8000/
80MSFC20F0178,2023,6,718356.08,0.0,False,080-0120,"Science, National Aeronautics and Space Administration",The Johns Hopkins University Applied Physics Laboratory LLC,4eae43e5-e1f1-0e77-b2fe-09a12a9a552c-C,Thermosphere Ionosphere Mesosphere Energetics and Dynamics (TIMED) mission phase E (follow on from ardes i basic nnn06aa01c task order nnn13aa06c),https://www.usaspending.gov/award/CONT_AWD_80MSFC20F0178_8000_80MSFC20D0004_8000/
80MSFC20F0178,2023,5,34000.00,0.0,False,080-0120,"Science, National Aeronautics and Space Administration",The Johns Hopkins University Applied Physics Laboratory LLC,4eae43e5-e1f1-0e77-b2fe-09a12a9a552c-C,Thermosphere Ionosphere Mesosphere Energetics and Dynamics (TIMED) mission phase E (follow on from ardes i basic nnn06aa01c task order nnn13aa06c),https://www.usaspending.gov/award/CONT_AWD_80MSFC20F0178_8000_80MSFC20D0004_8000/
80MSFC20F0178,2023,5,569925.69,0.0,False,080-0120,"Science, National Aeronautics and Space Administration",The Johns Hopkins University Applied Physics Laboratory LLC,4eae43e5-e1f1-0e77-b2fe-09a12a9a552c-C,Thermosphere Ionosphere Mesosphere Energetics and Dynamics (TIMED) mission phase E (follow on from ardes i basic nnn06aa01c task order nnn13aa06c),https://www.usaspending.gov/award/CONT_AWD_80MSFC20F0178_8000_80MSFC20D0004_8000/
80MSFC20F0178,2023,4,467623.69,0.0,False,080-0120,"Science, National Aeronautics and Space Administration",The Johns Hopkins University Applied Physics Laboratory LLC,4eae43e5-e1f1-0e77-b2fe-09a12a9a552c-C,Thermosphere Ionosphere Mesosphere Energetics and Dynamics (TIMED) mission phase E (follow on from ardes i basic nnn06aa01c task order nnn13aa06c),https://www.usaspending.gov/award/CONT_AWD_80MSFC20F0178_8000_80MSFC20D0004_8000/
80MSFC20F0178,2023,4,34000.00,0.0,False,080-0120,"Science, National Aeronautics and Space Administration",The Johns Hopkins University Applied Physics Laboratory LLC,4eae43e5-e1f1-0e77-b2fe-09a12a9a552c-C,Thermosphere Ionosphere Mesosphere Energetics and Dynamics (TIMED) mission phase E (follow on from ardes i basic nnn06aa01c task order nnn13aa06c),https://www.usaspending.gov/award/CONT_AWD_80MSFC20F0178_8000_80MSFC20D0004_8000/
80MSFC20F0178,2023,4,0.0,931000.00,False,080-0120,"Science, National Aeronautics and Space Administration",The Johns Hopkins University Applied Physics Laboratory LLC,4eae43e5-e1f1-0e77-b2fe-09a12a9a552c-C,Thermosphere Ionosphere Mesosphere Energetics and Dynamics (TIMED) mission phase E (follow on from ardes i basic nnn06aa01c task order nnn13aa06c),https://www.usaspending.gov/award/CONT_AWD_80MSFC20F0178_8000_80MSFC20D0004_8000/
80MSFC20F0178,2023,3,34000.00,0.0,False,080-0120,"Science, National Aeronautics and Space Administration",The Johns Hopkins University Applied Physics Laboratory LLC,4eae43e5-e1f1-0e77-b2fe-09a12a9a552c-C,Thermosphere Ionosphere Mesosphere Energetics and Dynamics (TIMED) mission phase E (follow on from ardes i basic nnn06aa01c task order nnn13aa06c),https://www.usaspending.gov/award/CONT_AWD_80MSFC20F0178_8000_80MSFC20D0004_8000/
80MSFC20F0178,2023,3,327483.84,0.0,False,080-0120,"Science, National Aeronautics and Space Administration",The Johns Hopkins University Applied Physics Laboratory LLC,4eae43e5-e1f1-0e77-b2fe-09a12a9a552c-C,Thermosphere Ionosphere Mesosphere Energetics and Dynamics (TIMED) mission phase E (follow on from ardes i basic nnn06aa01c task order nnn13aa06c),https://www.usaspending.gov/award/CONT_AWD_80MSFC20F0178_8000_80MSFC20D0004_8000/
80MSFC20F0178,2023,2,203022.72,0.0,False,080-0120,"Science, National Aeronautics and Space Administration",The Johns Hopkins University Applied Physics Laboratory LLC,4eae43e5-e1f1-0e77-b2fe-09a12a9a552c-C,Thermosphere Ionosphere Mesosphere Energetics and Dynamics (TIMED) mission phase E (follow on from ardes i basic nnn06aa01c task order nnn13aa06c),https://www.usaspending.gov/award/CONT_AWD_80MSFC20F0178_8000_80MSFC20D0004_8000/
80MSFC20F0178,2023,2,34000.00,0.0,False,080-0120,"Science, National Aeronautics and Space Administration",The Johns Hopkins University Applied Physics Laboratory LLC,4eae43e5-e1f1-0e77-b2fe-09a12a9a552c-C,Thermosphere Ionosphere Mesosphere Energetics and Dynamics (TIMED) mission phase E (follow on from ardes i basic nnn06aa01c task order nnn13aa06c),https://www.usaspending.gov/award/CONT_AWD_80MSFC20F0178_8000_80MSFC20D0004_8000/
80MSFC20F0178,2023,2,0.0,327000.00,False,080-0120,"Science, National Aeronautics and Space Administration",The Johns Hopkins University Applied Physics Laboratory LLC,4eae43e5-e1f1-0e77-b2fe-09a12a9a552c-C,Thermosphere Ionosphere Mesosphere Energetics and Dynamics (TIMED) mission phase E (follow on from ardes i basic nnn06aa01c task order nnn13aa06c),https://www.usaspending.gov/award/CONT_AWD_80MSFC20F0178_8000_80MSFC20D0004_8000/
80MSFC20F0178,2022,12,946645.22,0.0,False,080-0120,"Science, National Aeronautics and Space Administration",The Johns Hopkins University Applied Physics Laboratory LLC,4eae43e5-e1f1-0e77-b2fe-09a12a9a552c-C,Thermosphere Ionosphere Mesosphere Energetics and Dynamics (TIMED) mission phase E (follow on from ardes i basic nnn06aa01c task order nnn13aa06c),https://www.usaspending.gov/award/CONT_AWD_80MSFC20F0178_8000_80MSFC20D0004_8000/
80MSFC20F0178,2022,12,184391.03,0.0,False,080-0120,"Science, National Aeronautics and Space Administration",The Johns Hopkins University Applied Physics Laboratory LLC,4eae43e5-e1f1-0e77-b2fe-09a12a9a552c-C,Thermosphere Ionosphere Mesosphere Energetics and Dynamics (TIMED) mission phase E (follow on from ardes i basic nnn06aa01c task order nnn13aa06c),https://www.usaspending.gov/award/CONT_AWD_80MSFC20F0178_8000_80MSFC20D0004_8000/
80MSFC20F0178,2022,11,90586.73,0.0,False,080-0120,"Science, National Aeronautics and Space Administration",The Johns Hopkins University Applied Physics Laboratory LLC,4eae43e5-e1f1-0e77-b2fe-09a12a9a552c-C,Thermosphere Ionosphere Mesosphere Energetics and Dynamics (TIMED) mission phase E (follow on from ardes i basic nnn06aa01c task order nnn13aa06c),https://www.usaspending.gov/award/CONT_AWD_80MSFC20F0178_8000_80MSFC20D0004_8000/
80MSFC20F0178,2022,11,946645.22,0.0,False,080-0120,"Science, National Aeronautics and Space Administration",The Johns Hopkins University Applied Physics Laboratory LLC,4eae43e5-e1f1-0e77-b2fe-09a12a9a552c-C,Thermosphere Ionosphere Mesosphere Energetics and Dynamics (TIMED) mission phase E (follow on from ardes i basic nnn06aa01c task order nnn13aa06c),https://www.usaspending.gov/award/CONT_AWD_80MSFC20F0178_8000_80MSFC20D0004_8000/
80MSFC20F0178,2022,11,0.0,571710.00,False,080-0120,"Science, National Aeronautics and Space Administration",The Johns Hopkins University Applied Physics Laboratory LLC,4eae43e5-e1f1-0e77-b2fe-09a12a9a552c-C,Thermosphere Ionosphere Mesosphere Energetics and Dynamics (TIMED) mission phase E (follow on from ardes i basic nnn06aa01c task order nnn13aa06c),https://www.usaspending.gov/award/CONT_AWD_80MSFC20F0178_8000_80MSFC20D0004_8000/
80MSFC20F0178,2022,10,930260.08,0.0,False,080-0120,"Science, National Aeronautics and Space Administration",The Johns Hopkins University Applied Physics Laboratory LLC,4eae43e5-e1f1-0e77-b2fe-09a12a9a552c-C,Thermosphere Ionosphere Mesosphere Energetics and Dynamics (TIMED) mission phase E (follow on from ardes i basic nnn06aa01c task order nnn13aa06c),https://www.usaspending.gov/award/CONT_AWD_80MSFC20F0178_8000_80MSFC20D0004_8000/
80MSFC20F0178,2022,9,827392.51,0.0,False,080-0120,"Science, National Aeronautics and Space Administration",The Johns Hopkins University Applied Physics Laboratory LLC,4eae43e5-e1f1-0e77-b2fe-09a12a9a552c-C,Thermosphere Ionosphere Mesosphere Energetics and Dynamics (TIMED) mission phase E (follow on from ardes i basic nnn06aa01c task order nnn13aa06c),https://www.usaspending.gov/award/CONT_AWD_80MSFC20F0178_8000_80MSFC20D0004_8000/
80MSFC20F0178,2022,8,727973.98,0.0,False,080-0120,"Science, National Aeronautics and Space Administration",The Johns Hopkins University Applied Physics Laboratory LLC,4eae43e5-e1f1-0e77-b2fe-09a12a9a552c-C,Thermosphere Ionosphere Mesosphere Energetics and Dynamics (TIMED) mission phase E (follow on from ardes i basic nnn06aa01c task order nnn13aa06c),https://www.usaspending.gov/award/CONT_AWD_80MSFC20F0178_8000_80MSFC20D0004_8000/
80MSFC20F0178,2022,7,619795.13,0.0,False,080-0120,"Science, National Aeronautics and Space Administration",The Johns Hopkins University Applied Physics Laboratory LLC,4eae43e5-e1f1-0e77-b2fe-09a12a9a552c-C,Thermosphere Ionosphere Mesosphere Energetics and Dynamics (TIMED) mission phase E (follow on from ardes i basic nnn06aa01c task order nnn13aa06c),https://www.usaspending.gov/award/CONT_AWD_80MSFC20F0178_8000_80MSFC20D0004_8000/
80MSFC20F0178,2022,6,528877.88,0.0,False,080-0120,"Science, National Aeronautics and Space Administration",The Johns Hopkins University Applied Physics Laboratory LLC,4eae43e5-e1f1-0e77-b2fe-09a12a9a552c-C,Thermosphere Ionosphere Mesosphere Energetics and Dynamics (TIMED) mission phase E (follow on from ardes i basic nnn06aa01c task order nnn13aa06c),https://www.usaspending.gov/award/CONT_AWD_80MSFC20F0178_8000_80MSFC20D0004_8000/
80MSFC20F0178,2022,6,0.0,275290.00,False,080-0120,"Science, National Aeronautics and Space Administration",The Johns Hopkins University Applied Physics Laboratory LLC,4eae43e5-e1f1-0e77-b2fe-09a12a9a552c-C,Thermosphere Ionosphere Mesosphere Energetics and Dynamics (TIMED) mission phase E (follow on from ardes i basic nnn06aa01c task order nnn13aa06c),https://www.usaspending.gov/award/CONT_AWD_80MSFC20F0178_8000_80MSFC20D0004_8000/
80MSFC20F0178,2022,5,434394.03,0.0,False,080-0120,"Science, National Aeronautics and Space Administration",The Johns Hopkins University Applied Physics Laboratory LLC,4eae43e5-e1f1-0e77-b2fe-09a12a9a552c-C,Thermosphere Ionosphere Mesosphere Energetics and Dynamics (TIMED) mission phase E (follow on from ardes i basic nnn06aa01c task order nnn13aa06c),https://www.usaspending.gov/award/CONT_AWD_80MSFC20F0178_8000_80MSFC20D0004_8000/
80MSFC20F0178,2022,4,338750.30,0.0,False,080-0120,"Science, National Aeronautics and Space Administration",The Johns Hopkins University Applied Physics Laboratory LLC,4eae43e5-e1f1-0e77-b2fe-09a12a9a552c-C,Thermosphere Ionosphere Mesosphere Energetics and Dynamics (TIMED) mission phase E (follow on from ardes i basic nnn06aa01c task order nnn13aa06c),https://www.usaspending.gov/award/CONT_AWD_80MSFC20F0178_8000_80MSFC20D0004_8000/
80MSFC20F0178,2022,3,252829.20,0.0,False,080-0120,"Science, National Aeronautics and Space Administration",The Johns Hopkins University Applied Physics Laboratory LLC,4eae43e5-e1f1-0e77-b2fe-09a12a9a552c-C,Thermosphere Ionosphere Mesosphere Energetics and Dynamics (TIMED) mission phase E (follow on from ardes i basic nnn06aa01c task order nnn13aa06c),https://www.usaspending.gov/award/CONT_AWD_80MSFC20F0178_8000_80MSFC20D0004_8000/
80MSFC20F0178,2022,3,0.0,34000.00,False,080-0120,"Science, National Aeronautics and Space Administration",The Johns Hopkins University Applied Physics Laboratory LLC,4eae43e5-e1f1-0e77-b2fe-09a12a9a552c-C,Thermosphere Ionosphere Mesosphere Energetics and Dynamics (TIMED) mission phase E (follow on from ardes i basic nnn06aa01c task order nnn13aa06c),https://www.usaspending.gov/award/CONT_AWD_80MSFC20F0178_8000_80MSFC20D0004_8000/
80MSFC20F0178,2022,2,0.0,300000.00,False,080-0120,"Science, National Aeronautics and Space Administration",The Johns Hopkins University Applied Physics Laboratory LLC,4eae43e5-e1f1-0e77-b2fe-09a12a9a552c-C,Thermosphere Ionosphere Mesosphere Energetics and Dynamics (TIMED) mission phase E (follow on from ardes i basic nnn06aa01c task order nnn13aa06c),https://www.usaspending.gov/award/CONT_AWD_80MSFC20F0178_8000_80MSFC20D0004_8000/
80MSFC20F0178,2022,2,159721.05,0.0,False,080-0120,"Science, National Aeronautics and Space Administration",The Johns Hopkins University Applied Physics Laboratory LLC,4eae43e5-e1f1-0e77-b2fe-09a12a9a552c-C,Thermosphere Ionosphere Mesosphere Energetics and Dynamics (TIMED) mission phase E (follow on from ardes i basic nnn06aa01c task order nnn13aa06c),https://www.usaspending.gov/award/CONT_AWD_80MSFC20F0178_8000_80MSFC20D0004_8000/
80MSFC20F0178,2021,12,150000.00,0.0,False,080-0120,"Science, National Aeronautics and Space Administration",The Johns Hopkins University Applied Physics Laboratory LLC,4eae43e5-e1f1-0e77-b2fe-09a12a9a552c-C,Thermosphere Ionosphere Mesosphere Energetics and Dynamics (TIMED) mission phase E (follow on from ardes i basic nnn06aa01c task order nnn13aa06c),https://www.usaspending.gov/award/CONT_AWD_80MSFC20F0178_8000_80MSFC20D0004_8000/
80MSFC20F0178,2021,12,992263.78,0.0,False,080-0120,"Science, National Aeronautics and Space Administration",The Johns Hopkins University Applied Physics Laboratory LLC,4eae43e5-e1f1-0e77-b2fe-09a12a9a552c-C,Thermosphere Ionosphere Mesosphere Energetics and Dynamics (TIMED) mission phase E (follow on from ardes i basic nnn06aa01c task order nnn13aa06c),https://www.usaspending.gov/award/CONT_AWD_80MSFC20F0178_8000_80MSFC20D0004_8000/
80MSFC20F0178,2021,11,871065.86,0.0,False,080-0120,"Science, National Aeronautics and Space Administration",The Johns Hopkins University Applied Physics Laboratory LLC,4eae43e5-e1f1-0e77-b2fe-09a12a9a552c-C,Thermosphere Ionosphere Mesosphere Energetics and Dynamics (TIMED) mission phase E (follow on from ardes i basic nnn06aa01c task order nnn13aa06c),https://www.usaspending.gov/award/CONT_AWD_80MSFC20F0178_8000_80MSFC20D0004_8000/
80MSFC20F0178,2021,11,150000.00,0.0,False,080-0120,"Science, National Aeronautics and Space Administration",The Johns Hopkins University Applied Physics Laboratory LLC,4eae43e5-e1f1-0e77-b2fe-09a12a9a552c-C,Thermosphere Ionosphere Mesosphere Energetics and Dynamics (TIMED) mission phase E (follow on from ardes i basic nnn06aa01c task order nnn13aa06c),https://www.usaspending.gov/award/CONT_AWD_80MSFC20F0178_8000_80MSFC20D0004_8000/
80MSFC20F0178,2021,10,0.0,120000.00,False,080-0120,"Science, National Aeronautics and Space Administration",The Johns Hopkins University Applied Physics Laboratory LLC,4eae43e5-e1f1-0e77-b2fe-09a12a9a552c-C,Thermosphere Ionosphere Mesosphere Energetics and Dynamics (TIMED) mission phase E (follow on from ardes i basic nnn06aa01c task order nnn13aa06c),https://www.usaspending.gov/award/CONT_AWD_80MSFC20F0178_8000_80MSFC20D0004_8000/
80MSFC20F0178,2021,10,150000.00,0.0,False,080-0120,"Science, National Aeronautics and Space Administration",The Johns Hopkins University Applied Physics Laboratory LLC,4eae43e5-e1f1-0e77-b2fe-09a12a9a552c-C,Thermosphere Ionosphere Mesosphere Energetics and Dynamics (TIMED) mission phase E (follow on from ardes i basic nnn06aa01c task order nnn13aa06c),https://www.usaspending.gov/award/CONT_AWD_80MSFC20F0178_8000_80MSFC20D0004_8000/
80MSFC20F0178,2021,10,770655.37,0.0,False,080-0120,"Science, National Aeronautics and Space Administration",The Johns Hopkins University Applied Physics Laboratory LLC,4eae43e5-e1f1-0e77-b2fe-09a12a9a552c-C,Thermosphere Ionosphere Mesosphere Energetics and Dynamics (TIMED) mission phase E (follow on from ardes i basic nnn06aa01c task order nnn13aa06c),https://www.usaspending.gov/award/CONT_AWD_80MSFC20F0178_8000_80MSFC20D0004_8000/
80MSFC20F0178,2021,9,150000.00,0.0,False,080-0120,"Science, National Aeronautics and Space Administration",The Johns Hopkins University Applied Physics Laboratory LLC,4eae43e5-e1f1-0e77-b2fe-09a12a9a552c-C,Thermosphere Ionosphere Mesosphere Energetics and Dynamics (TIMED) mission phase E (follow on from ardes i basic nnn06aa01c task order nnn13aa06c),https://www.usaspending.gov/award/CONT_AWD_80MSFC20F0178_8000_80MSFC20D0004_8000/
80MSFC20F0178,2021,9,675874.26,0.0,False,080-0120,"Science, National Aeronautics and Space Administration",The Johns Hopkins University Applied Physics Laboratory LLC,4eae43e5-e1f1-0e77-b2fe-09a12a9a552c-C,Thermosphere Ionosphere Mesosphere Energetics and Dynamics (TIMED) mission phase E (follow on from ardes i basic nnn06aa01c task order nnn13aa06c),https://www.usaspending.gov/award/CONT_AWD_80MSFC20F0178_8000_80MSFC20D0004_8000/
80MSFC20F0178,2021,8,668909.00,0.0,False,080-0120,"Science, National Aeronautics and Space Administration",The Johns Hopkins University Applied Physics Laboratory LLC,4eae43e5-e1f1-0e77-b2fe-09a12a9a552c-C,Thermosphere Ionosphere Mesosphere Energetics and Dynamics (TIMED) mission phase E (follow on from ardes i basic nnn06aa01c task order nnn13aa06c),https://www.usaspending.gov/award/CONT_AWD_80MSFC20F0178_8000_80MSFC20D0004_8000/
80MSFC20F0178,2021,8,51118.68,0.0,False,080-0120,"Science, National Aeronautics and Space Administration",The Johns Hopkins University Applied Physics Laboratory LLC,4eae43e5-e1f1-0e77-b2fe-09a12a9a552c-C,Thermosphere Ionosphere Mesosphere Energetics and Dynamics (TIMED) mission phase E (follow on from ardes i basic nnn06aa01c task order nnn13aa06c),https://www.usaspending.gov/award/CONT_AWD_80MSFC20F0178_8000_80MSFC20D0004_8000/
80MSFC20F0178,2021,7,606823.74,0.0,False,080-0120,"Science, National Aeronautics and Space Administration",The Johns Hopkins University Applied Physics Laboratory LLC,4eae43e5-e1f1-0e77-b2fe-09a12a9a552c-C,Thermosphere Ionosphere Mesosphere Energetics and Dynamics (TIMED) mission phase E (follow on from ardes i basic nnn06aa01c task order nnn13aa06c),https://www.usaspending.gov/award/CONT_AWD_80MSFC20F0178_8000_80MSFC20D0004_8000/
80MSFC20F0178,2021,7,0.0,1097480.00,False,080-0120,"Science, National Aeronautics and Space Administration",The Johns Hopkins University Applied Physics Laboratory LLC,4eae43e5-e1f1-0e77-b2fe-09a12a9a552c-C,Thermosphere Ionosphere Mesosphere Energetics and Dynamics (TIMED) mission phase E (follow on from ardes i basic nnn06aa01c task order nnn13aa06c),https://www.usaspending.gov/award/CONT_AWD_80MSFC20F0178_8000_80MSFC20D0004_8000/
80MSFC20F0178,2021,6,505519.88,0.0,False,080-0120,"Science, National Aeronautics and Space Administration",The Johns Hopkins University Applied Physics Laboratory LLC,4eae43e5-e1f1-0e77-b2fe-09a12a9a552c-C,Thermosphere Ionosphere Mesosphere Energetics and Dynamics (TIMED) mission phase E (follow on from ardes i basic nnn06aa01c task order nnn13aa06c),https://www.usaspending.gov/award/CONT_AWD_80MSFC20F0178_8000_80MSFC20D0004_8000/
80MSFC20F0178,2021,5,413553.98,0.0,False,080-0120,"Science, National Aeronautics and Space Administration",The Johns Hopkins University Applied Physics Laboratory LLC,4eae43e5-e1f1-0e77-b2fe-09a12a9a552c-C,Thermosphere Ionosphere Mesosphere Energetics and Dynamics (TIMED) mission phase E (follow on from ardes i basic nnn06aa01c task order nnn13aa06c),https://www.usaspending.gov/award/CONT_AWD_80MSFC20F0178_8000_80MSFC20D0004_8000/
80MSFC20F0178,2021,5,0.0,52520.00,False,080-0120,"Science, National Aeronautics and Space Administration",The Johns Hopkins University Applied Physics Laboratory LLC,4eae43e5-e1f1-0e77-b2fe-09a12a9a552c-C,Thermosphere Ionosphere Mesosphere Energetics and Dynamics (TIMED) mission phase E (follow on from ardes i basic nnn06aa01c task order nnn13aa06c),https://www.usaspending.gov/award/CONT_AWD_80MSFC20F0178_8000_80MSFC20D0004_8000/
80MSFC20F0178,2021,4,332436.18,0.0,False,080-0120,"Science, National Aeronautics and Space Administration",The Johns Hopkins University Applied Physics Laboratory LLC,4eae43e5-e1f1-0e77-b2fe-09a12a9a552c-C,Thermosphere Ionosphere Mesosphere Energetics and Dynamics (TIMED) mission phase E (follow on from ardes i basic nnn06aa01c task order nnn13aa06c),https://www.usaspending.gov/award/CONT_AWD_80MSFC20F0178_8000_80MSFC20D0004_8000/
80MSFC20F0178,2021,3,253014.95,0.0,False,080-0120,"Science, National Aeronautics and Space Administration",The Johns Hopkins University Applied Physics Laboratory LLC,4eae43e5-e1f1-0e77-b2fe-09a12a9a552c-C,Thermosphere Ionosphere Mesosphere Energetics and Dynamics (TIMED) mission phase E (follow on from ardes i basic nnn06aa01c task order nnn13aa06c),https://www.usaspending.gov/award/CONT_AWD_80MSFC20F0178_8000_80MSFC20D0004_8000/
80MSFC20F0178,2021,2,0.0,150000.00,False,080-0120,"Science, National Aeronautics and Space Administration",The Johns Hopkins University Applied Physics Laboratory LLC,4eae43e5-e1f1-0e77-b2fe-09a12a9a552c-C,Thermosphere Ionosphere Mesosphere Energetics and Dynamics (TIMED) mission phase E (follow on from ardes i basic nnn06aa01c task order nnn13aa06c),https://www.usaspending.gov/award/CONT_AWD_80MSFC20F0178_8000_80MSFC20D0004_8000/
80MSFC20F0178,2021,2,166717.99,0.0,False,080-0120,"Science, National Aeronautics and Space Administration",The Johns Hopkins University Applied Physics Laboratory LLC,4eae43e5-e1f1-0e77-b2fe-09a12a9a552c-C,Thermosphere Ionosphere Mesosphere Energetics and Dynamics (TIMED) mission phase E (follow on from ardes i basic nnn06aa01c task order nnn13aa06c),https://www.usaspending.gov/award/CONT_AWD_80MSFC20F0178_8000_80MSFC20D0004_8000/
80MSFC20F0178,2021,2,0.0,150000.00,False,080-0120,"Science, National Aeronautics and Space Administration",The Johns Hopkins University Applied Physics Laboratory LLC,4eae43e5-e1f1-0e77-b2fe-09a12a9a552c-C,Thermosphere Ionosphere Mesosphere Energetics and Dynamics (TIMED) mission phase E (follow on from ardes i basic nnn06aa01c task order nnn13aa06c),https://www.usaspending.gov/award/CONT_AWD_80MSFC20F0178_8000_80MSFC20D0004_8000/
80MSFC20F0178,2021,2,83596.34,0.0,False,080-0120,"Science, National Aeronautics and Space Administration",The Johns Hopkins University Applied Physics Laboratory LLC,4eae43e5-e1f1-0e77-b2fe-09a12a9a552c-C,Thermosphere Ionosphere Mesosphere Energetics and Dynamics (TIMED) mission phase E (follow on from ardes i basic nnn06aa01c task order nnn13aa06c),https://www.usaspending.gov/award/CONT_AWD_80MSFC20F0178_8000_80MSFC20D0004_8000/
80MSFC20F0178,2020,12,0.0,580.00,False,080-0120,"Science, National Aeronautics and Space Administration",The Johns Hopkins University Applied Physics Laboratory LLC,4eae43e5-e1f1-0e77-b2fe-09a12a9a552c-C,Thermosphere Ionosphere Mesosphere Energetics and Dynamics (TIMED) mission phase E (follow on from ardes i basic nnn06aa01c task order nnn13aa06c),https://www.usaspending.gov/award/CONT_AWD_80MSFC20F0178_8000_80MSFC20D0004_8000/
80MSFC20F0178,2020,10,0.0,518329.00,False,080-0120,"Science, National Aeronautics and Space Administration",The Johns Hopkins University Applied Physics Laboratory LLC,4eae43e5-e1f1-0e77-b2fe-09a12a9a552c-C,Thermosphere Ionosphere Mesosphere Energetics and Dynamics (TIMED) mission phase E (follow on from ardes i basic nnn06aa01c task order nnn13aa06c),https://www.usaspending.gov/award/CONT_AWD_80MSFC20F0178_8000_80MSFC20D0004_8000/
80NSSC25PA106,2025,12,40025.00,0.0,False,080-0120,"Science, National Aeronautics and Space Administration","Space Environment Technologies, LLC",de54c7d7-4853-fef6-8432-a481c662d0da-C,Timed saber dataset knowledge transfer to new PI,https://www.usaspending.gov/award/CONT_AWD_80NSSC25PA106_8000_-NONE-_-NONE-/
80NSSC25PA106,2025,11,40025.00,0.0,False,080-0120,"Science, National Aeronautics and Space Administration","Space Environment Technologies, LLC",de54c7d7-4853-fef6-8432-a481c662d0da-C,Timed saber dataset knowledge transfer to new PI,https://www.usaspending.gov/award/CONT_AWD_80NSSC25PA106_8000_-NONE-_-NONE-/
80NSSC25PA106,2025,10,40025.00,0.0,False,080-0120,"Science, National Aeronautics and Space Administration","Space Environment Technologies, LLC",de54c7d7-4853-fef6-8432-a481c662d0da-C,Timed saber dataset knowledge transfer to new PI,https://www.usaspending.gov/award/CONT_AWD_80NSSC25PA106_8000_-NONE-_-NONE-/
80NSSC25PA106,2025,9,40025.00,0.0,False,080-0120,"Science, National Aeronautics and Space Administration","Space Environment Technologies, LLC",de54c7d7-4853-fef6-8432-a481c662d0da-C,Timed saber dataset knowledge transfer to new PI,https://www.usaspending.gov/award/CONT_AWD_80NSSC25PA106_8000_-NONE-_-NONE-/
80NSSC25PA106,2025,8,40025.00,0.0,False,080-0120,"Science, National Aeronautics and Space Administration","Space Environment Technologies, LLC",de54c7d7-4853-fef6-8432-a481c662d0da-C,Timed saber dataset knowledge transfer to new PI,https://www.usaspending.gov/award/CONT_AWD_80NSSC25PA106_8000_-NONE-_-NONE-/
80NSSC25PA106,2025,7,40025.00,0.0,False,080-0120,"Science, National Aeronautics and Space Administration","Space Environment Technologies, LLC",de54c7d7-4853-fef6-8432-a481c662d0da-C,Timed saber dataset knowledge transfer to new PI,https://www.usaspending.gov/award/CONT_AWD_80NSSC25PA106_8000_-NONE-_-NONE-/
80NSSC25PA106,2025,6,40025.00,0.0,False,080-0120,"Science, National Aeronautics and Space Administration","Space Environment Technologies, LLC",de54c7d7-4853-fef6-8432-a481c662d0da-C,Timed saber dataset knowledge transfer to new PI,https://www.usaspending.gov/award/CONT_AWD_80NSSC25PA106_8000_-NONE-_-NONE-/
80NSSC25PA106,2025,5,40025.00,0.0,False,080-0120,"Science, National Aeronautics and Space Administration","Space Environment Technologies, LLC",de54c7d7-4853-fef6-8432-a481c662d0da-C,Timed saber dataset knowledge transfer to new PI,https://www.usaspending.gov/award/CONT_AWD_80NSSC25PA106_8000_-NONE-_-NONE-/
80NSSC25PA106,2025,4,31146.24,0.0,False,080-0120,"Science, National Aeronautics and Space Administration","Space Environment Technologies, LLC",de54c7d7-4853-fef6-8432-a481c662d0da-C,Timed saber dataset knowledge transfer to new PI,https://www.usaspending.gov/award/CONT_AWD_80NSSC25PA106_8000_-NONE-_-NONE-/
80NSSC25PA106,2025,3,17562.26,0.0,False,080-0120,"Science, National Aeronautics and Space Administration","Space Environment Technologies, LLC",de54c7d7-4853-fef6-8432-a481c662d0da-C,Timed saber dataset knowledge transfer to new PI,https://www.usaspending.gov/award/CONT_AWD_80NSSC25PA106_8000_-NONE-_-NONE-/
80NSSC25PA106,2025,2,0.0,40025.00,False,080-0120,"Science, National Aeronautics and Space Administration","Space Environment Technologies, LLC",de54c7d7-4853-fef6-8432-a481c662d0da-C,Timed saber dataset knowledge transfer to new PI,https://www.usaspending.gov/award/CONT_AWD_80NSSC25PA106_8000_-NONE-_-NONE-/
NNG07EK68C,2026,8,193154.38,0.0,False,080-0120,"Science, National Aeronautics and Space Administration","Global Atmospheric Technologies and Sciences, Inc.",7fad989e-7d68-1859-7448-3481a3e5a3fa-C,"Tas::80 0120::tas this procurement is for the extended mission Operations support, Payload Operations and science data processing and support by the co-investigator of a flight experiment participant, mr. L.l. Gordley of gats Inc. New port news va for the timed saber mission. This includes developing all necessary command loads and maintaining the software used to assess instrument performance and long-term trends, evaluating instrument data products and taking necessary actions to meet science objectives while safeguarding the health of the saber instrument.   Regularly monitor the instrument S health and status using the realtime and quicklook software, and carefully examine the 24-hour data for any anomalies.  Operator adjustments will be made as necessary based on the assessments, and immediately reported to the science team.  System administration and maintenance of the saber Payload Operations Center (POC) computers and the processing software running on these systems.",https://www.usaspending.gov/award/CONT_AWD_NNG07EK68C_8000_-NONE-_-NONE-/
NNG07EK68C,2026,8,43898.16,0.0,False,080-0122,"Safety, Security and Mission Services, National Aeronautics and Space Administration","Global Atmospheric Technologies and Sciences, Inc.",7fad989e-7d68-1859-7448-3481a3e5a3fa-C,"Tas::80 0120::tas this procurement is for the extended mission Operations support, Payload Operations and science data processing and support by the co-investigator of a flight experiment participant, mr. L.l. Gordley of gats Inc. New port news va for the timed saber mission. This includes developing all necessary command loads and maintaining the software used to assess instrument performance and long-term trends, evaluating instrument data products and taking necessary actions to meet science objectives while safeguarding the health of the saber instrument.   Regularly monitor the instrument S health and status using the realtime and quicklook software, and carefully examine the 24-hour data for any anomalies.  Operator adjustments will be made as necessary based on the assessments, and immediately reported to the science team.  System administration and maintenance of the saber Payload Operations Center (POC) computers and the processing software running on these systems.",https://www.usaspending.gov/award/CONT_AWD_NNG07EK68C_8000_-NONE-_-NONE-/
NNG07EK68C,2026,7,43898.16,0.0,False,080-0122,"Safety, Security and Mission Services, National Aeronautics and Space Administration","Global Atmospheric Technologies and Sciences, Inc.",7fad989e-7d68-1859-7448-3481a3e5a3fa-C,"Tas::80 0120::tas this procurement is for the extended mission Operations support, Payload Operations and science data processing and support by the co-investigator of a flight experiment participant, mr. L.l. Gordley of gats Inc. New port news va for the timed saber mission. This includes developing all necessary command loads and maintaining the software used to assess instrument performance and long-term trends, evaluating instrument data products and taking necessary actions to meet science objectives while safeguarding the health of the saber instrument.   Regularly monitor the instrument S health and status using the realtime and quicklook software, and carefully examine the 24-hour data for any anomalies.  Operator adjustments will be made as necessary based on the assessments, and immediately reported to the science team.  System administration and maintenance of the saber Payload Operations Center (POC) computers and the processing software running on these systems.",https://www.usaspending.gov/award/CONT_AWD_NNG07EK68C_8000_-NONE-_-NONE-/
NNG07EK68C,2026,7,0.0,156393.89,False,080-0120,"Science, National Aeronautics and Space Administration","Global Atmospheric Technologies and Sciences, Inc.",7fad989e-7d68-1859-7448-3481a3e5a3fa-C,"Tas::80 0120::tas this procurement is for the extended mission Operations support, Payload Operations and science data processing and support by the co-investigator of a flight experiment participant, mr. L.l. Gordley of gats Inc. New port news va for the timed saber mission. This includes developing all necessary command loads and maintaining the software used to assess instrument performance and long-term trends, evaluating instrument data products and taking necessary actions to meet science objectives while safeguarding the health of the saber instrument.   Regularly monitor the instrument S health and status using the realtime and quicklook software, and carefully examine the 24-hour data for any anomalies.  Operator adjustments will be made as necessary based on the assessments, and immediately reported to the science team.  System administration and maintenance of the saber Payload Operations Center (POC) computers and the processing software running on these systems.",https://www.usaspending.gov/award/CONT_AWD_NNG07EK68C_8000_-NONE-_-NONE-/
NNG07EK68C,2026,7,159772.17,0.0,False,080-0120,"Science, National Aeronautics and Space Administration","Global Atmospheric Technologies and Sciences, Inc.",7fad989e-7d68-1859-7448-3481a3e5a3fa-C,"Tas::80 0120::tas this procurement is for the extended mission Operations support, Payload Operations and science data processing and support by the co-investigator of a flight experiment participant, mr. L.l. Gordley of gats Inc. New port news va for the timed saber mission. This includes developing all necessary command loads and maintaining the software used to assess instrument performance and long-term trends, evaluating instrument data products and taking necessary actions to meet science objectives while safeguarding the health of the saber instrument.   Regularly monitor the instrument S health and status using the realtime and quicklook software, and carefully examine the 24-hour data for any anomalies.  Operator adjustments will be made as necessary based on the assessments, and immediately reported to the science team.  System administration and maintenance of the saber Payload Operations Center (POC) computers and the processing software running on these systems.",https://www.usaspending.gov/award/CONT_AWD_NNG07EK68C_8000_-NONE-_-NONE-/
NNG07EK68C,2026,6,129018.65,0.0,False,080-0120,"Science, National Aeronautics and Space Administration","Global Atmospheric Technologies and Sciences, Inc.",7fad989e-7d68-1859-7448-3481a3e5a3fa-C,"Tas::80 0120::tas this procurement is for the extended mission Operations support, Payload Operations and science data processing and support by the co-investigator of a flight experiment participant, mr. L.l. Gordley of gats Inc. New port news va for the timed saber mission. This includes developing all necessary command loads and maintaining the software used to assess instrument performance and long-term trends, evaluating instrument data products and taking necessary actions to meet science objectives while safeguarding the health of the saber instrument.   Regularly monitor the instrument S health and status using the realtime and quicklook software, and carefully examine the 24-hour data for any anomalies.  Operator adjustments will be made as necessary based on the assessments, and immediately reported to the science team.  System administration and maintenance of the saber Payload Operations Center (POC) computers and the processing software running on these systems.",https://www.usaspending.gov/award/CONT_AWD_NNG07EK68C_8000_-NONE-_-NONE-/
NNG07EK68C,2026,6,43898.16,0.0,False,080-0122,"Safety, Security and Mission Services, National Aeronautics and Space Administration","Global Atmospheric Technologies and Sciences, Inc.",7fad989e-7d68-1859-7448-3481a3e5a3fa-C,"Tas::80 0120::tas this procurement is for the extended mission Operations support, Payload Operations and science data processing and support by the co-investigator of a flight experiment participant, mr. L.l. Gordley of gats Inc. New port news va for the timed saber mission. This includes developing all necessary command loads and maintaining the software used to assess instrument performance and long-term trends, evaluating instrument data products and taking necessary actions to meet science objectives while safeguarding the health of the saber instrument.   Regularly monitor the instrument S health and status using the realtime and quicklook software, and carefully examine the 24-hour data for any anomalies.  Operator adjustments will be made as necessary based on the assessments, and immediately reported to the science team.  System administration and maintenance of the saber Payload Operations Center (POC) computers and the processing software running on these systems.",https://www.usaspending.gov/award/CONT_AWD_NNG07EK68C_8000_-NONE-_-NONE-/
NNG07EK68C,2026,5,99181.79,0.0,False,080-0120,"Science, National Aeronautics and Space Administration","Global Atmospheric Technologies and Sciences, Inc.",7fad989e-7d68-1859-7448-3481a3e5a3fa-C,"Tas::80 0120::tas this procurement is for the extended mission Operations support, Payload Operations and science data processing and support by the co-investigator of a flight experiment participant, mr. L.l. Gordley of gats Inc. New port news va for the timed saber mission. This includes developing all necessary command loads and maintaining the software used to assess instrument performance and long-term trends, evaluating instrument data products and taking necessary actions to meet science objectives while safeguarding the health of the saber instrument.   Regularly monitor the instrument S health and status using the realtime and quicklook software, and carefully examine the 24-hour data for any anomalies.  Operator adjustments will be made as necessary based on the assessments, and immediately reported to the science team.  System administration and maintenance of the saber Payload Operations Center (POC) computers and the processing software running on these systems.",https://www.usaspending.gov/award/CONT_AWD_NNG07EK68C_8000_-NONE-_-NONE-/
NNG07EK68C,2026,5,43898.16,0.0,False,080-0122,"Safety, Security and Mission Services, National Aeronautics and Space Administration","Global Atmospheric Technologies and Sciences, Inc.",7fad989e-7d68-1859-7448-3481a3e5a3fa-C,"Tas::80 0120::tas this procurement is for the extended mission Operations support, Payload Operations and science data processing and support by the co-investigator of a flight experiment participant, mr. L.l. Gordley of gats Inc. New port news va for the timed saber mission. This includes developing all necessary command loads and maintaining the software used to assess instrument performance and long-term trends, evaluating instrument data products and taking necessary actions to meet science objectives while safeguarding the health of the saber instrument.   Regularly monitor the instrument S health and status using the realtime and quicklook software, and carefully examine the 24-hour data for any anomalies.  Operator adjustments will be made as necessary based on the assessments, and immediately reported to the science team.  System administration and maintenance of the saber Payload Operations Center (POC) computers and the processing software running on these systems.",https://www.usaspending.gov/award/CONT_AWD_NNG07EK68C_8000_-NONE-_-NONE-/
NNG07EK68C,2026,5,0.0,100000.00,False,080-0120,"Science, National Aeronautics and Space Administration","Global Atmospheric Technologies and Sciences, Inc.",7fad989e-7d68-1859-7448-3481a3e5a3fa-C,"Tas::80 0120::tas this procurement is for the extended mission Operations support, Payload Operations and science data processing and support by the co-investigator of a flight experiment participant, mr. L.l. Gordley of gats Inc. New port news va for the timed saber mission. This includes developing all necessary command loads and maintaining the software used to assess instrument performance and long-term trends, evaluating instrument data products and taking necessary actions to meet science objectives while safeguarding the health of the saber instrument.   Regularly monitor the instrument S health and status using the realtime and quicklook software, and carefully examine the 24-hour data for any anomalies.  Operator adjustments will be made as necessary based on the assessments, and immediately reported to the science team.  System administration and maintenance of the saber Payload Operations Center (POC) computers and the processing software running on these systems.",https://www.usaspending.gov/award/CONT_AWD_NNG07EK68C_8000_-NONE-_-NONE-/
NNG07EK68C,2026,4,75660.60,0.0,False,080-0120,"Science, National Aeronautics and Space Administration","Global Atmospheric Technologies and Sciences, Inc.",7fad989e-7d68-1859-7448-3481a3e5a3fa-C,"Tas::80 0120::tas this procurement is for the extended mission Operations support, Payload Operations and science data processing and support by the co-investigator of a flight experiment participant, mr. L.l. Gordley of gats Inc. New port news va for the timed saber mission. This includes developing all necessary command loads and maintaining the software used to assess instrument performance and long-term trends, evaluating instrument data products and taking necessary actions to meet science objectives while safeguarding the health of the saber instrument.   Regularly monitor the instrument S health and status using the realtime and quicklook software, and carefully examine the 24-hour data for any anomalies.  Operator adjustments will be made as necessary based on the assessments, and immediately reported to the science team.  System administration and maintenance of the saber Payload Operations Center (POC) computers and the processing software running on these systems.",https://www.usaspending.gov/award/CONT_AWD_NNG07EK68C_8000_-NONE-_-NONE-/
NNG07EK68C,2026,4,43898.16,0.0,False,080-0122,"Safety, Security and Mission Services, National Aeronautics and Space Administration","Global Atmospheric Technologies and Sciences, Inc.",7fad989e-7d68-1859-7448-3481a3e5a3fa-C,"Tas::80 0120::tas this procurement is for the extended mission Operations support, Payload Operations and science data processing and support by the co-investigator of a flight experiment participant, mr. L.l. Gordley of gats Inc. New port news va for the timed saber mission. This includes developing all necessary command loads and maintaining the software used to assess instrument performance and long-term trends, evaluating instrument data products and taking necessary actions to meet science objectives while safeguarding the health of the saber instrument.   Regularly monitor the instrument S health and status using the realtime and quicklook software, and carefully examine the 24-hour data for any anomalies.  Operator adjustments will be made as necessary based on the assessments, and immediately reported to the science team.  System administration and maintenance of the saber Payload Operations Center (POC) computers and the processing software running on these systems.",https://www.usaspending.gov/award/CONT_AWD_NNG07EK68C_8000_-NONE-_-NONE-/
NNG07EK68C,2026,3,53405.80,0.0,False,080-0120,"Science, National Aeronautics and Space Administration","Global Atmospheric Technologies and Sciences, Inc.",7fad989e-7d68-1859-7448-3481a3e5a3fa-C,"Tas::80 0120::tas this procurement is for the extended mission Operations support, Payload Operations and science data processing and support by the co-investigator of a flight experiment participant, mr. L.l. Gordley of gats Inc. New port news va for the timed saber mission. This includes developing all necessary command loads and maintaining the software used to assess instrument performance and long-term trends, evaluating instrument data products and taking necessary actions to meet science objectives while safeguarding the health of the saber instrument.   Regularly monitor the instrument S health and status using the realtime and quicklook software, and carefully examine the 24-hour data for any anomalies.  Operator adjustments will be made as necessary based on the assessments, and immediately reported to the science team.  System administration and maintenance of the saber Payload Operations Center (POC) computers and the processing software running on these systems.",https://www.usaspending.gov/award/CONT_AWD_NNG07EK68C_8000_-NONE-_-NONE-/
NNG07EK68C,2026,3,41147.93,0.0,False,080-0122,"Safety, Security and Mission Services, National Aeronautics and Space Administration","Global Atmospheric Technologies and Sciences, Inc.",7fad989e-7d68-1859-7448-3481a3e5a3fa-C,"Tas::80 0120::tas this procurement is for the extended mission Operations support, Payload Operations and science data processing and support by the co-investigator of a flight experiment participant, mr. L.l. Gordley of gats Inc. New port news va for the timed saber mission. This includes developing all necessary command loads and maintaining the software used to assess instrument performance and long-term trends, evaluating instrument data products and taking necessary actions to meet science objectives while safeguarding the health of the saber instrument.   Regularly monitor the instrument S health and status using the realtime and quicklook software, and carefully examine the 24-hour data for any anomalies.  Operator adjustments will be made as necessary based on the assessments, and immediately reported to the science team.  System administration and maintenance of the saber Payload Operations Center (POC) computers and the processing software running on these systems.",https://www.usaspending.gov/award/CONT_AWD_NNG07EK68C_8000_-NONE-_-NONE-/
NNG07EK68C,2026,2,33562.50,0.0,False,080-0120,"Science, National Aeronautics and Space Administration","Global Atmospheric Technologies and Sciences, Inc.",7fad989e-7d68-1859-7448-3481a3e5a3fa-C,"Tas::80 0120::tas this procurement is for the extended mission Operations support, Payload Operations and science data processing and support by the co-investigator of a flight experiment participant, mr. L.l. Gordley of gats Inc. New port news va for the timed saber mission. This includes developing all necessary command loads and maintaining the software used to assess instrument performance and long-term trends, evaluating instrument data products and taking necessary actions to meet science objectives while safeguarding the health of the saber instrument.   Regularly monitor the instrument S health and status using the realtime and quicklook software, and carefully examine the 24-hour data for any anomalies.  Operator adjustments will be made as necessary based on the assessments, and immediately reported to the science team.  System administration and maintenance of the saber Payload Operations Center (POC) computers and the processing software running on these systems.",https://www.usaspending.gov/award/CONT_AWD_NNG07EK68C_8000_-NONE-_-NONE-/
NNG07EK68C,2026,2,32768.02,0.0,False,080-0122,"Safety, Security and Mission Services, National Aeronautics and Space Administration","Global Atmospheric Technologies and Sciences, Inc.",7fad989e-7d68-1859-7448-3481a3e5a3fa-C,"Tas::80 0120::tas this procurement is for the extended mission Operations support, Payload Operations and science data processing and support by the co-investigator of a flight experiment participant, mr. L.l. Gordley of gats Inc. New port news va for the timed saber mission. This includes developing all necessary command loads and maintaining the software used to assess instrument performance and long-term trends, evaluating instrument data products and taking necessary actions to meet science objectives while safeguarding the health of the saber instrument.   Regularly monitor the instrument S health and status using the realtime and quicklook software, and carefully examine the 24-hour data for any anomalies.  Operator adjustments will be made as necessary based on the assessments, and immediately reported to the science team.  System administration and maintenance of the saber Payload Operations Center (POC) computers and the processing software running on these systems.",https://www.usaspending.gov/award/CONT_AWD_NNG07EK68C_8000_-NONE-_-NONE-/
NNG07EK68C,2026,2,0.0,90000.00,False,080-0120,"Science, National Aeronautics and Space Administration","Global Atmospheric Technologies and Sciences, Inc.",7fad989e-7d68-1859-7448-3481a3e5a3fa-C,"Tas::80 0120::tas this procurement is for the extended mission Operations support, Payload Operations and science data processing and support by the co-investigator of a flight experiment participant, mr. L.l. Gordley of gats Inc. New port news va for the timed saber mission. This includes developing all necessary command loads and maintaining the software used to assess instrument performance and long-term trends, evaluating instrument data products and taking necessary actions to meet science objectives while safeguarding the health of the saber instrument.   Regularly monitor the instrument S health and status using the realtime and quicklook software, and carefully examine the 24-hour data for any anomalies.  Operator adjustments will be made as necessary based on the assessments, and immediately reported to the science team.  System administration and maintenance of the saber Payload Operations Center (POC) computers and the processing software running on these systems.",https://www.usaspending.gov/award/CONT_AWD_NNG07EK68C_8000_-NONE-_-NONE-/
NNG07EK68C,2025,12,186591.63,0.0,False,080-0120,"Science, National Aeronautics and Space Administration","Global Atmospheric Technologies and Sciences, Inc.",7fad989e-7d68-1859-7448-3481a3e5a3fa-C,"Tas::80 0120::tas this procurement is for the extended mission Operations support, Payload Operations and science data processing and support by the co-investigator of a flight experiment participant, mr. L.l. Gordley of gats Inc. New port news va for the timed saber mission. This includes developing all necessary command loads and maintaining the software used to assess instrument performance and long-term trends, evaluating instrument data products and taking necessary actions to meet science objectives while safeguarding the health of the saber instrument.   Regularly monitor the instrument S health and status using the realtime and quicklook software, and carefully examine the 24-hour data for any anomalies.  Operator adjustments will be made as necessary based on the assessments, and immediately reported to the science team.  System administration and maintenance of the saber Payload Operations Center (POC) computers and the processing software running on these systems.",https://www.usaspending.gov/award/CONT_AWD_NNG07EK68C_8000_-NONE-_-NONE-/
NNG07EK68C,2025,12,235851.98,0.0,False,080-0120,"Science, National Aeronautics and Space Administration","Global Atmospheric Technologies and Sciences, Inc.",7fad989e-7d68-1859-7448-3481a3e5a3fa-C,"Tas::80 0120::tas this procurement is for the extended mission Operations support, Payload Operations and science data processing and support by the co-investigator of a flight experiment participant, mr. L.l. Gordley of gats Inc. New port news va for the timed saber mission. This includes developing all necessary command loads and maintaining the software used to assess instrument performance and long-term trends, evaluating instrument data products and taking necessary actions to meet science objectives while safeguarding the health of the saber instrument.   Regularly monitor the instrument S health and status using the realtime and quicklook software, and carefully examine the 24-hour data for any anomalies.  Operator adjustments will be made as necessary based on the assessments, and immediately reported to the science team.  System administration and maintenance of the saber Payload Operations Center (POC) computers and the processing software running on these systems.",https://www.usaspending.gov/award/CONT_AWD_NNG07EK68C_8000_-NONE-_-NONE-/
NNG07EK68C,2025,12,18000.04,0.0,False,080-0120,"Science, National Aeronautics and Space Administration","Global Atmospheric Technologies and Sciences, Inc.",7fad989e-7d68-1859-7448-3481a3e5a3fa-C,"Tas::80 0120::tas this procurement is for the extended mission Operations support, Payload Operations and science data processing and support by the co-investigator of a flight experiment participant, mr. L.l. Gordley of gats Inc. New port news va for the timed saber mission. This includes developing all necessary command loads and maintaining the software used to assess instrument performance and long-term trends, evaluating instrument data products and taking necessary actions to meet science objectives while safeguarding the health of the saber instrument.   Regularly monitor the instrument S health and status using the realtime and quicklook software, and carefully examine the 24-hour data for any anomalies.  Operator adjustments will be made as necessary based on the assessments, and immediately reported to the science team.  System administration and maintenance of the saber Payload Operations Center (POC) computers and the processing software running on these systems.",https://www.usaspending.gov/award/CONT_AWD_NNG07EK68C_8000_-NONE-_-NONE-/
NNG07EK68C,2025,11,153440.42,0.0,False,080-0120,"Science, National Aeronautics and Space Administration","Global Atmospheric Technologies and Sciences, Inc.",7fad989e-7d68-1859-7448-3481a3e5a3fa-C,"Tas::80 0120::tas this procurement is for the extended mission Operations support, Payload Operations and science data processing and support by the co-investigator of a flight experiment participant, mr. L.l. Gordley of gats Inc. New port news va for the timed saber mission. This includes developing all necessary command loads and maintaining the software used to assess instrument performance and long-term trends, evaluating instrument data products and taking necessary actions to meet science objectives while safeguarding the health of the saber instrument.   Regularly monitor the instrument S health and status using the realtime and quicklook software, and carefully examine the 24-hour data for any anomalies.  Operator adjustments will be made as necessary based on the assessments, and immediately reported to the science team.  System administration and maintenance of the saber Payload Operations Center (POC) computers and the processing software running on these systems.",https://www.usaspending.gov/award/CONT_AWD_NNG07EK68C_8000_-NONE-_-NONE-/
NNG07EK68C,2025,11,0.0,43898.16,False,080-0122,"Safety, Security and Mission Services, National Aeronautics and Space Administration","Global Atmospheric Technologies and Sciences, Inc.",7fad989e-7d68-1859-7448-3481a3e5a3fa-C,"Tas::80 0120::tas this procurement is for the extended mission Operations support, Payload Operations and science data processing and support by the co-investigator of a flight experiment participant, mr. L.l. Gordley of gats Inc. New port news va for the timed saber mission. This includes developing all necessary command loads and maintaining the software used to assess instrument performance and long-term trends, evaluating instrument data products and taking necessary actions to meet science objectives while safeguarding the health of the saber instrument.   Regularly monitor the instrument S health and status using the realtime and quicklook software, and carefully examine the 24-hour data for any anomalies.  Operator adjustments will be made as necessary based on the assessments, and immediately reported to the science team.  System administration and maintenance of the saber Payload Operations Center (POC) computers and the processing software running on these systems.",https://www.usaspending.gov/award/CONT_AWD_NNG07EK68C_8000_-NONE-_-NONE-/
NNG07EK68C,2025,11,235851.98,0.0,False,080-0120,"Science, National Aeronautics and Space Administration","Global Atmospheric Technologies and Sciences, Inc.",7fad989e-7d68-1859-7448-3481a3e5a3fa-C,"Tas::80 0120::tas this procurement is for the extended mission Operations support, Payload Operations and science data processing and support by the co-investigator of a flight experiment participant, mr. L.l. Gordley of gats Inc. New port news va for the timed saber mission. This includes developing all necessary command loads and maintaining the software used to assess instrument performance and long-term trends, evaluating instrument data products and taking necessary actions to meet science objectives while safeguarding the health of the saber instrument.   Regularly monitor the instrument S health and status using the realtime and quicklook software, and carefully examine the 24-hour data for any anomalies.  Operator adjustments will be made as necessary based on the assessments, and immediately reported to the science team.  System administration and maintenance of the saber Payload Operations Center (POC) computers and the processing software running on these systems.",https://www.usaspending.gov/award/CONT_AWD_NNG07EK68C_8000_-NONE-_-NONE-/
NNG07EK68C,2025,11,18000.04,0.0,False,080-0120,"Science, National Aeronautics and Space Administration","Global Atmospheric Technologies and Sciences, Inc.",7fad989e-7d68-1859-7448-3481a3e5a3fa-C,"Tas::80 0120::tas this procurement is for the extended mission Operations support, Payload Operations and science data processing and support by the co-investigator of a flight experiment participant, mr. L.l. Gordley of gats Inc. New port news va for the timed saber mission. This includes developing all necessary command loads and maintaining the software used to assess instrument performance and long-term trends, evaluating instrument data products and taking necessary actions to meet science objectives while safeguarding the health of the saber instrument.   Regularly monitor the instrument S health and status using the realtime and quicklook software, and carefully examine the 24-hour data for any anomalies.  Operator adjustments will be made as necessary based on the assessments, and immediately reported to the science team.  System administration and maintenance of the saber Payload Operations Center (POC) computers and the processing software running on these systems.",https://www.usaspending.gov/award/CONT_AWD_NNG07EK68C_8000_-NONE-_-NONE-/
NNG07EK68C,2025,10,235851.98,0.0,False,080-0120,"Science, National Aeronautics and Space Administration","Global Atmospheric Technologies and Sciences, Inc.",7fad989e-7d68-1859-7448-3481a3e5a3fa-C,"Tas::80 0120::tas this procurement is for the extended mission Operations support, Payload Operations and science data processing and support by the co-investigator of a flight experiment participant, mr. L.l. Gordley of gats Inc. New port news va for the timed saber mission. This includes developing all necessary command loads and maintaining the software used to assess instrument performance and long-term trends, evaluating instrument data products and taking necessary actions to meet science objectives while safeguarding the health of the saber instrument.   Regularly monitor the instrument S health and status using the realtime and quicklook software, and carefully examine the 24-hour data for any anomalies.  Operator adjustments will be made as necessary based on the assessments, and immediately reported to the science team.  System administration and maintenance of the saber Payload Operations Center (POC) computers and the processing software running on these systems.",https://www.usaspending.gov/award/CONT_AWD_NNG07EK68C_8000_-NONE-_-NONE-/
NNG07EK68C,2025,10,120773.95,0.0,False,080-0120,"Science, National Aeronautics and Space Administration","Global Atmospheric Technologies and Sciences, Inc.",7fad989e-7d68-1859-7448-3481a3e5a3fa-C,"Tas::80 0120::tas this procurement is for the extended mission Operations support, Payload Operations and science data processing and support by the co-investigator of a flight experiment participant, mr. L.l. Gordley of gats Inc. New port news va for the timed saber mission. This includes developing all necessary command loads and maintaining the software used to assess instrument performance and long-term trends, evaluating instrument data products and taking necessary actions to meet science objectives while safeguarding the health of the saber instrument.   Regularly monitor the instrument S health and status using the realtime and quicklook software, and carefully examine the 24-hour data for any anomalies.  Operator adjustments will be made as necessary based on the assessments, and immediately reported to the science team.  System administration and maintenance of the saber Payload Operations Center (POC) computers and the processing software running on these systems.",https://www.usaspending.gov/award/CONT_AWD_NNG07EK68C_8000_-NONE-_-NONE-/
NNG07EK68C,2025,10,18000.04,0.0,False,080-0120,"Science, National Aeronautics and Space Administration","Global Atmospheric Technologies and Sciences, Inc.",7fad989e-7d68-1859-7448-3481a3e5a3fa-C,"Tas::80 0120::tas this procurement is for the extended mission Operations support, Payload Operations and science data processing and support by the co-investigator of a flight experiment participant, mr. L.l. Gordley of gats Inc. New port news va for the timed saber mission. This includes developing all necessary command loads and maintaining the software used to assess instrument performance and long-term trends, evaluating instrument data products and taking necessary actions to meet science objectives while safeguarding the health of the saber instrument.   Regularly monitor the instrument S health and status using the realtime and quicklook software, and carefully examine the 24-hour data for any anomalies.  Operator adjustments will be made as necessary based on the assessments, and immediately reported to the science team.  System administration and maintenance of the saber Payload Operations Center (POC) computers and the processing software running on these systems.",https://www.usaspending.gov/award/CONT_AWD_NNG07EK68C_8000_-NONE-_-NONE-/
NNG07EK68C,2025,9,88910.58,0.0,False,080-0120,"Science, National Aeronautics and Space Administration","Global Atmospheric Technologies and Sciences, Inc.",7fad989e-7d68-1859-7448-3481a3e5a3fa-C,"Tas::80 0120::tas this procurement is for the extended mission Operations support, Payload Operations and science data processing and support by the co-investigator of a flight experiment participant, mr. L.l. Gordley of gats Inc. New port news va for the timed saber mission. This includes developing all necessary command loads and maintaining the software used to assess instrument performance and long-term trends, evaluating instrument data products and taking necessary actions to meet science objectives while safeguarding the health of the saber instrument.   Regularly monitor the instrument S health and status using the realtime and quicklook software, and carefully examine the 24-hour data for any anomalies.  Operator adjustments will be made as necessary based on the assessments, and immediately reported to the science team.  System administration and maintenance of the saber Payload Operations Center (POC) computers and the processing software running on these systems.",https://www.usaspending.gov/award/CONT_AWD_NNG07EK68C_8000_-NONE-_-NONE-/
NNG07EK68C,2025,9,235851.98,0.0,False,080-0120,"Science, National Aeronautics and Space Administration","Global Atmospheric Technologies and Sciences, Inc.",7fad989e-7d68-1859-7448-3481a3e5a3fa-C,"Tas::80 0120::tas this procurement is for the extended mission Operations support, Payload Operations and science data processing and support by the co-investigator of a flight experiment participant, mr. L.l. Gordley of gats Inc. New port news va for the timed saber mission. This includes developing all necessary command loads and maintaining the software used to assess instrument performance and long-term trends, evaluating instrument data products and taking necessary actions to meet science objectives while safeguarding the health of the saber instrument.   Regularly monitor the instrument S health and status using the realtime and quicklook software, and carefully examine the 24-hour data for any anomalies.  Operator adjustments will be made as necessary based on the assessments, and immediately reported to the science team.  System administration and maintenance of the saber Payload Operations Center (POC) computers and the processing software running on these systems.",https://www.usaspending.gov/award/CONT_AWD_NNG07EK68C_8000_-NONE-_-NONE-/
NNG07EK68C,2025,9,0.0,150000.00,False,080-0120,"Science, National Aeronautics and Space Administration","Global Atmospheric Technologies and Sciences, Inc.",7fad989e-7d68-1859-7448-3481a3e5a3fa-C,"Tas::80 0120::tas this procurement is for the extended mission Operations support, Payload Operations and science data processing and support by the co-investigator of a flight experiment participant, mr. L.l. Gordley of gats Inc. New port news va for the timed saber mission. This includes developing all necessary command loads and maintaining the software used to assess instrument performance and long-term trends, evaluating instrument data products and taking necessary actions to meet science objectives while safeguarding the health of the saber instrument.   Regularly monitor the instrument S health and status using the realtime and quicklook software, and carefully examine the 24-hour data for any anomalies.  Operator adjustments will be made as necessary based on the assessments, and immediately reported to the science team.  System administration and maintenance of the saber Payload Operations Center (POC) computers and the processing software running on these systems.",https://www.usaspending.gov/award/CONT_AWD_NNG07EK68C_8000_-NONE-_-NONE-/
NNG07EK68C,2025,9,18000.04,0.0,False,080-0120,"Science, National Aeronautics and Space Administration","Global Atmospheric Technologies and Sciences, Inc.",7fad989e-7d68-1859-7448-3481a3e5a3fa-C,"Tas::80 0120::tas this procurement is for the extended mission Operations support, Payload Operations and science data processing and support by the co-investigator of a flight experiment participant, mr. L.l. Gordley of gats Inc. New port news va for the timed saber mission. This includes developing all necessary command loads and maintaining the software used to assess instrument performance and long-term trends, evaluating instrument data products and taking necessary actions to meet science objectives while safeguarding the health of the saber instrument.   Regularly monitor the instrument S health and status using the realtime and quicklook software, and carefully examine the 24-hour data for any anomalies.  Operator adjustments will be made as necessary based on the assessments, and immediately reported to the science team.  System administration and maintenance of the saber Payload Operations Center (POC) computers and the processing software running on these systems.",https://www.usaspending.gov/award/CONT_AWD_NNG07EK68C_8000_-NONE-_-NONE-/
NNG07EK68C,2025,8,18000.04,0.0,False,080-0120,"Science, National Aeronautics and Space Administration","Global Atmospheric Technologies and Sciences, Inc.",7fad989e-7d68-1859-7448-3481a3e5a3fa-C,"Tas::80 0120::tas this procurement is for the extended mission Operations support, Payload Operations and science data processing and support by the co-investigator of a flight experiment participant, mr. L.l. Gordley of gats Inc. New port news va for the timed saber mission. This includes developing all necessary command loads and maintaining the software used to assess instrument performance and long-term trends, evaluating instrument data products and taking necessary actions to meet science objectives while safeguarding the health of the saber instrument.   Regularly monitor the instrument S health and status using the realtime and quicklook software, and carefully examine the 24-hour data for any anomalies.  Operator adjustments will be made as necessary based on the assessments, and immediately reported to the science team.  System administration and maintenance of the saber Payload Operations Center (POC) computers and the processing software running on these systems.",https://www.usaspending.gov/award/CONT_AWD_NNG07EK68C_8000_-NONE-_-NONE-/
NNG07EK68C,2025,8,235851.98,0.0,False,080-0120,"Science, National Aeronautics and Space Administration","Global Atmospheric Technologies and Sciences, Inc.",7fad989e-7d68-1859-7448-3481a3e5a3fa-C,"Tas::80 0120::tas this procurement is for the extended mission Operations support, Payload Operations and science data processing and support by the co-investigator of a flight experiment participant, mr. L.l. Gordley of gats Inc. New port news va for the timed saber mission. This includes developing all necessary command loads and maintaining the software used to assess instrument performance and long-term trends, evaluating instrument data products and taking necessary actions to meet science objectives while safeguarding the health of the saber instrument.   Regularly monitor the instrument S health and status using the realtime and quicklook software, and carefully examine the 24-hour data for any anomalies.  Operator adjustments will be made as necessary based on the assessments, and immediately reported to the science team.  System administration and maintenance of the saber Payload Operations Center (POC) computers and the processing software running on these systems.",https://www.usaspending.gov/award/CONT_AWD_NNG07EK68C_8000_-NONE-_-NONE-/
NNG07EK68C,2025,8,35506.55,0.0,False,080-0120,"Science, National Aeronautics and Space Administration","Global Atmospheric Technologies and Sciences, Inc.",7fad989e-7d68-1859-7448-3481a3e5a3fa-C,"Tas::80 0120::tas this procurement is for the extended mission Operations support, Payload Operations and science data processing and support by the co-investigator of a flight experiment participant, mr. L.l. Gordley of gats Inc. New port news va for the timed saber mission. This includes developing all necessary command loads and maintaining the software used to assess instrument performance and long-term trends, evaluating instrument data products and taking necessary actions to meet science objectives while safeguarding the health of the saber instrument.   Regularly monitor the instrument S health and status using the realtime and quicklook software, and carefully examine the 24-hour data for any anomalies.  Operator adjustments will be made as necessary based on the assessments, and immediately reported to the science team.  System administration and maintenance of the saber Payload Operations Center (POC) computers and the processing software running on these systems.",https://www.usaspending.gov/award/CONT_AWD_NNG07EK68C_8000_-NONE-_-NONE-/
NNG07EK68C,2025,7,5306.22,0.0,False,080-0120,"Science, National Aeronautics and Space Administration","Global Atmospheric Technologies and Sciences, Inc.",7fad989e-7d68-1859-7448-3481a3e5a3fa-C,"Tas::80 0120::tas this procurement is for the extended mission Operations support, Payload Operations and science data processing and support by the co-investigator of a flight experiment participant, mr. L.l. Gordley of gats Inc. New port news va for the timed saber mission. This includes developing all necessary command loads and maintaining the software used to assess instrument performance and long-term trends, evaluating instrument data products and taking necessary actions to meet science objectives while safeguarding the health of the saber instrument.   Regularly monitor the instrument S health and status using the realtime and quicklook software, and carefully examine the 24-hour data for any anomalies.  Operator adjustments will be made as necessary based on the assessments, and immediately reported to the science team.  System administration and maintenance of the saber Payload Operations Center (POC) computers and the processing software running on these systems.",https://www.usaspending.gov/award/CONT_AWD_NNG07EK68C_8000_-NONE-_-NONE-/
NNG07EK68C,2025,7,18000.04,0.0,False,080-0120,"Science, National Aeronautics and Space Administration","Global Atmospheric Technologies and Sciences, Inc.",7fad989e-7d68-1859-7448-3481a3e5a3fa-C,"Tas::80 0120::tas this procurement is for the extended mission Operations support, Payload Operations and science data processing and support by the co-investigator of a flight experiment participant, mr. L.l. Gordley of gats Inc. New port news va for the timed saber mission. This includes developing all necessary command loads and maintaining the software used to assess instrument performance and long-term trends, evaluating instrument data products and taking necessary actions to meet science objectives while safeguarding the health of the saber instrument.   Regularly monitor the instrument S health and status using the realtime and quicklook software, and carefully examine the 24-hour data for any anomalies.  Operator adjustments will be made as necessary based on the assessments, and immediately reported to the science team.  System administration and maintenance of the saber Payload Operations Center (POC) computers and the processing software running on these systems.",https://www.usaspending.gov/award/CONT_AWD_NNG07EK68C_8000_-NONE-_-NONE-/
NNG07EK68C,2025,7,235851.98,0.0,False,080-0120,"Science, National Aeronautics and Space Administration","Global Atmospheric Technologies and Sciences, Inc.",7fad989e-7d68-1859-7448-3481a3e5a3fa-C,"Tas::80 0120::tas this procurement is for the extended mission Operations support, Payload Operations and science data processing and support by the co-investigator of a flight experiment participant, mr. L.l. Gordley of gats Inc. New port news va for the timed saber mission. This includes developing all necessary command loads and maintaining the software used to assess instrument performance and long-term trends, evaluating instrument data products and taking necessary actions to meet science objectives while safeguarding the health of the saber instrument.   Regularly monitor the instrument S health and status using the realtime and quicklook software, and carefully examine the 24-hour data for any anomalies.  Operator adjustments will be made as necessary based on the assessments, and immediately reported to the science team.  System administration and maintenance of the saber Payload Operations Center (POC) computers and the processing software running on these systems.",https://www.usaspending.gov/award/CONT_AWD_NNG07EK68C_8000_-NONE-_-NONE-/
NNG07EK68C,2025,6,18000.04,0.0,False,080-0120,"Science, National Aeronautics and Space Administration","Global Atmospheric Technologies and Sciences, Inc.",7fad989e-7d68-1859-7448-3481a3e5a3fa-C,"Tas::80 0120::tas this procurement is for the extended mission Operations support, Payload Operations and science data processing and support by the co-investigator of a flight experiment participant, mr. L.l. Gordley of gats Inc. New port news va for the timed saber mission. This includes developing all necessary command loads and maintaining the software used to assess instrument performance and long-term trends, evaluating instrument data products and taking necessary actions to meet science objectives while safeguarding the health of the saber instrument.   Regularly monitor the instrument S health and status using the realtime and quicklook software, and carefully examine the 24-hour data for any anomalies.  Operator adjustments will be made as necessary based on the assessments, and immediately reported to the science team.  System administration and maintenance of the saber Payload Operations Center (POC) computers and the processing software running on these systems.",https://www.usaspending.gov/award/CONT_AWD_NNG07EK68C_8000_-NONE-_-NONE-/
NNG07EK68C,2025,6,210002.37,0.0,False,080-0120,"Science, National Aeronautics and Space Administration","Global Atmospheric Technologies and Sciences, Inc.",7fad989e-7d68-1859-7448-3481a3e5a3fa-C,"Tas::80 0120::tas this procurement is for the extended mission Operations support, Payload Operations and science data processing and support by the co-investigator of a flight experiment participant, mr. L.l. Gordley of gats Inc. New port news va for the timed saber mission. This includes developing all necessary command loads and maintaining the software used to assess instrument performance and long-term trends, evaluating instrument data products and taking necessary actions to meet science objectives while safeguarding the health of the saber instrument.   Regularly monitor the instrument S health and status using the realtime and quicklook software, and carefully examine the 24-hour data for any anomalies.  Operator adjustments will be made as necessary based on the assessments, and immediately reported to the science team.  System administration and maintenance of the saber Payload Operations Center (POC) computers and the processing software running on these systems.",https://www.usaspending.gov/award/CONT_AWD_NNG07EK68C_8000_-NONE-_-NONE-/
NNG07EK68C,2025,6,0.0,30000.00,False,080-0120,"Science, National Aeronautics and Space Administration","Global Atmospheric Technologies and Sciences, Inc.",7fad989e-7d68-1859-7448-3481a3e5a3fa-C,"Tas::80 0120::tas this procurement is for the extended mission Operations support, Payload Operations and science data processing and support by the co-investigator of a flight experiment participant, mr. L.l. Gordley of gats Inc. New port news va for the timed saber mission. This includes developing all necessary command loads and maintaining the software used to assess instrument performance and long-term trends, evaluating instrument data products and taking necessary actions to meet science objectives while safeguarding the health of the saber instrument.   Regularly monitor the instrument S health and status using the realtime and quicklook software, and carefully examine the 24-hour data for any anomalies.  Operator adjustments will be made as necessary based on the assessments, and immediately reported to the science team.  System administration and maintenance of the saber Payload Operations Center (POC) computers and the processing software running on these systems.",https://www.usaspending.gov/award/CONT_AWD_NNG07EK68C_8000_-NONE-_-NONE-/
NNG07EK68C,2025,5,18000.04,0.0,False,080-0120,"Science, National Aeronautics and Space Administration","Global Atmospheric Technologies and Sciences, Inc.",7fad989e-7d68-1859-7448-3481a3e5a3fa-C,"Tas::80 0120::tas this procurement is for the extended mission Operations support, Payload Operations and science data processing and support by the co-investigator of a flight experiment participant, mr. L.l. Gordley of gats Inc. New port news va for the timed saber mission. This includes developing all necessary command loads and maintaining the software used to assess instrument performance and long-term trends, evaluating instrument data products and taking necessary actions to meet science objectives while safeguarding the health of the saber instrument.   Regularly monitor the instrument S health and status using the realtime and quicklook software, and carefully examine the 24-hour data for any anomalies.  Operator adjustments will be made as necessary based on the assessments, and immediately reported to the science team.  System administration and maintenance of the saber Payload Operations Center (POC) computers and the processing software running on these systems.",https://www.usaspending.gov/award/CONT_AWD_NNG07EK68C_8000_-NONE-_-NONE-/
NNG07EK68C,2025,5,153514.46,0.0,False,080-0120,"Science, National Aeronautics and Space Administration","Global Atmospheric Technologies and Sciences, Inc.",7fad989e-7d68-1859-7448-3481a3e5a3fa-C,"Tas::80 0120::tas this procurement is for the extended mission Operations support, Payload Operations and science data processing and support by the co-investigator of a flight experiment participant, mr. L.l. Gordley of gats Inc. New port news va for the timed saber mission. This includes developing all necessary command loads and maintaining the software used to assess instrument performance and long-term trends, evaluating instrument data products and taking necessary actions to meet science objectives while safeguarding the health of the saber instrument.   Regularly monitor the instrument S health and status using the realtime and quicklook software, and carefully examine the 24-hour data for any anomalies.  Operator adjustments will be made as necessary based on the assessments, and immediately reported to the science team.  System administration and maintenance of the saber Payload Operations Center (POC) computers and the processing software running on these systems.",https://www.usaspending.gov/award/CONT_AWD_NNG07EK68C_8000_-NONE-_-NONE-/
NNG07EK68C,2025,4,128064.57,0.0,False,080-0120,"Science, National Aeronautics and Space Administration","Global Atmospheric Technologies and Sciences, Inc.",7fad989e-7d68-1859-7448-3481a3e5a3fa-C,"Tas::80 0120::tas this procurement is for the extended mission Operations support, Payload Operations and science data processing and support by the co-investigator of a flight experiment participant, mr. L.l. Gordley of gats Inc. New port news va for the timed saber mission. This includes developing all necessary command loads and maintaining the software used to assess instrument performance and long-term trends, evaluating instrument data products and taking necessary actions to meet science objectives while safeguarding the health of the saber instrument.   Regularly monitor the instrument S health and status using the realtime and quicklook software, and carefully examine the 24-hour data for any anomalies.  Operator adjustments will be made as necessary based on the assessments, and immediately reported to the science team.  System administration and maintenance of the saber Payload Operations Center (POC) computers and the processing software running on these systems.",https://www.usaspending.gov/award/CONT_AWD_NNG07EK68C_8000_-NONE-_-NONE-/
NNG07EK68C,2025,4,0.0,60000.00,False,080-0120,"Science, National Aeronautics and Space Administration","Global Atmospheric Technologies and Sciences, Inc.",7fad989e-7d68-1859-7448-3481a3e5a3fa-C,"Tas::80 0120::tas this procurement is for the extended mission Operations support, Payload Operations and science data processing and support by the co-investigator of a flight experiment participant, mr. L.l. Gordley of gats Inc. New port news va for the timed saber mission. This includes developing all necessary command loads and maintaining the software used to assess instrument performance and long-term trends, evaluating instrument data products and taking necessary actions to meet science objectives while safeguarding the health of the saber instrument.   Regularly monitor the instrument S health and status using the realtime and quicklook software, and carefully examine the 24-hour data for any anomalies.  Operator adjustments will be made as necessary based on the assessments, and immediately reported to the science team.  System administration and maintenance of the saber Payload Operations Center (POC) computers and the processing software running on these systems.",https://www.usaspending.gov/award/CONT_AWD_NNG07EK68C_8000_-NONE-_-NONE-/
NNG07EK68C,2025,4,18000.04,0.0,False,080-0120,"Science, National Aeronautics and Space Administration","Global Atmospheric Technologies and Sciences, Inc.",7fad989e-7d68-1859-7448-3481a3e5a3fa-C,"Tas::80 0120::tas this procurement is for the extended mission Operations support, Payload Operations and science data processing and support by the co-investigator of a flight experiment participant, mr. L.l. Gordley of gats Inc. New port news va for the timed saber mission. This includes developing all necessary command loads and maintaining the software used to assess instrument performance and long-term trends, evaluating instrument data products and taking necessary actions to meet science objectives while safeguarding the health of the saber instrument.   Regularly monitor the instrument S health and status using the realtime and quicklook software, and carefully examine the 24-hour data for any anomalies.  Operator adjustments will be made as necessary based on the assessments, and immediately reported to the science team.  System administration and maintenance of the saber Payload Operations Center (POC) computers and the processing software running on these systems.",https://www.usaspending.gov/award/CONT_AWD_NNG07EK68C_8000_-NONE-_-NONE-/
NNG07EK68C,2025,3,0.0,50000.00,False,080-0120,"Science, National Aeronautics and Space Administration","Global Atmospheric Technologies and Sciences, Inc.",7fad989e-7d68-1859-7448-3481a3e5a3fa-C,"Tas::80 0120::tas this procurement is for the extended mission Operations support, Payload Operations and science data processing and support by the co-investigator of a flight experiment participant, mr. L.l. Gordley of gats Inc. New port news va for the timed saber mission. This includes developing all necessary command loads and maintaining the software used to assess instrument performance and long-term trends, evaluating instrument data products and taking necessary actions to meet science objectives while safeguarding the health of the saber instrument.   Regularly monitor the instrument S health and status using the realtime and quicklook software, and carefully examine the 24-hour data for any anomalies.  Operator adjustments will be made as necessary based on the assessments, and immediately reported to the science team.  System administration and maintenance of the saber Payload Operations Center (POC) computers and the processing software running on these systems.",https://www.usaspending.gov/award/CONT_AWD_NNG07EK68C_8000_-NONE-_-NONE-/
NNG07EK68C,2025,3,18000.04,0.0,False,080-0120,"Science, National Aeronautics and Space Administration","Global Atmospheric Technologies and Sciences, Inc.",7fad989e-7d68-1859-7448-3481a3e5a3fa-C,"Tas::80 0120::tas this procurement is for the extended mission Operations support, Payload Operations and science data processing and support by the co-investigator of a flight experiment participant, mr. L.l. Gordley of gats Inc. New port news va for the timed saber mission. This includes developing all necessary command loads and maintaining the software used to assess instrument performance and long-term trends, evaluating instrument data products and taking necessary actions to meet science objectives while safeguarding the health of the saber instrument.   Regularly monitor the instrument S health and status using the realtime and quicklook software, and carefully examine the 24-hour data for any anomalies.  Operator adjustments will be made as necessary based on the assessments, and immediately reported to the science team.  System administration and maintenance of the saber Payload Operations Center (POC) computers and the processing software running on these systems.",https://www.usaspending.gov/award/CONT_AWD_NNG07EK68C_8000_-NONE-_-NONE-/
NNG07EK68C,2025,3,128064.57,0.0,False,080-0120,"Science, National Aeronautics and Space Administration","Global Atmospheric Technologies and Sciences, Inc.",7fad989e-7d68-1859-7448-3481a3e5a3fa-C,"Tas::80 0120::tas this procurement is for the extended mission Operations support, Payload Operations and science data processing and support by the co-investigator of a flight experiment participant, mr. L.l. Gordley of gats Inc. New port news va for the timed saber mission. This includes developing all necessary command loads and maintaining the software used to assess instrument performance and long-term trends, evaluating instrument data products and taking necessary actions to meet science objectives while safeguarding the health of the saber instrument.   Regularly monitor the instrument S health and status using the realtime and quicklook software, and carefully examine the 24-hour data for any anomalies.  Operator adjustments will be made as necessary based on the assessments, and immediately reported to the science team.  System administration and maintenance of the saber Payload Operations Center (POC) computers and the processing software running on these systems.",https://www.usaspending.gov/award/CONT_AWD_NNG07EK68C_8000_-NONE-_-NONE-/
NNG07EK68C,2025,2,18000.04,0.0,False,080-0120,"Science, National Aeronautics and Space Administration","Global Atmospheric Technologies and Sciences, Inc.",7fad989e-7d68-1859-7448-3481a3e5a3fa-C,"Tas::80 0120::tas this procurement is for the extended mission Operations support, Payload Operations and science data processing and support by the co-investigator of a flight experiment participant, mr. L.l. Gordley of gats Inc. New port news va for the timed saber mission. This includes developing all necessary command loads and maintaining the software used to assess instrument performance and long-term trends, evaluating instrument data products and taking necessary actions to meet science objectives while safeguarding the health of the saber instrument.   Regularly monitor the instrument S health and status using the realtime and quicklook software, and carefully examine the 24-hour data for any anomalies.  Operator adjustments will be made as necessary based on the assessments, and immediately reported to the science team.  System administration and maintenance of the saber Payload Operations Center (POC) computers and the processing software running on these systems.",https://www.usaspending.gov/award/CONT_AWD_NNG07EK68C_8000_-NONE-_-NONE-/
NNG07EK68C,2025,2,100009.56,0.0,False,080-0120,"Science, National Aeronautics and Space Administration","Global Atmospheric Technologies and Sciences, Inc.",7fad989e-7d68-1859-7448-3481a3e5a3fa-C,"Tas::80 0120::tas this procurement is for the extended mission Operations support, Payload Operations and science data processing and support by the co-investigator of a flight experiment participant, mr. L.l. Gordley of gats Inc. New port news va for the timed saber mission. This includes developing all necessary command loads and maintaining the software used to assess instrument performance and long-term trends, evaluating instrument data products and taking necessary actions to meet science objectives while safeguarding the health of the saber instrument.   Regularly monitor the instrument S health and status using the realtime and quicklook software, and carefully examine the 24-hour data for any anomalies.  Operator adjustments will be made as necessary based on the assessments, and immediately reported to the science team.  System administration and maintenance of the saber Payload Operations Center (POC) computers and the processing software running on these systems.",https://www.usaspending.gov/award/CONT_AWD_NNG07EK68C_8000_-NONE-_-NONE-/
NNG07EK68C,2024,12,243148.02,0.0,False,080-0120,"Science, National Aeronautics and Space Administration","Global Atmospheric Technologies and Sciences, Inc.",7fad989e-7d68-1859-7448-3481a3e5a3fa-C,"Tas::80 0120::tas this procurement is for the extended mission Operations support, Payload Operations and science data processing and support by the co-investigator of a flight experiment participant, mr. L.l. Gordley of gats Inc. New port news va for the timed saber mission. This includes developing all necessary command loads and maintaining the software used to assess instrument performance and long-term trends, evaluating instrument data products and taking necessary actions to meet science objectives while safeguarding the health of the saber instrument.   Regularly monitor the instrument S health and status using the realtime and quicklook software, and carefully examine the 24-hour data for any anomalies.  Operator adjustments will be made as necessary based on the assessments, and immediately reported to the science team.  System administration and maintenance of the saber Payload Operations Center (POC) computers and the processing software running on these systems.",https://www.usaspending.gov/award/CONT_AWD_NNG07EK68C_8000_-NONE-_-NONE-/
NNG07EK68C,2024,12,88014.72,0.0,False,080-0120,"Science, National Aeronautics and Space Administration","Global Atmospheric Technologies and Sciences, Inc.",7fad989e-7d68-1859-7448-3481a3e5a3fa-C,"Tas::80 0120::tas this procurement is for the extended mission Operations support, Payload Operations and science data processing and support by the co-investigator of a flight experiment participant, mr. L.l. Gordley of gats Inc. New port news va for the timed saber mission. This includes developing all necessary command loads and maintaining the software used to assess instrument performance and long-term trends, evaluating instrument data products and taking necessary actions to meet science objectives while safeguarding the health of the saber instrument.   Regularly monitor the instrument S health and status using the realtime and quicklook software, and carefully examine the 24-hour data for any anomalies.  Operator adjustments will be made as necessary based on the assessments, and immediately reported to the science team.  System administration and maintenance of the saber Payload Operations Center (POC) computers and the processing software running on these systems.",https://www.usaspending.gov/award/CONT_AWD_NNG07EK68C_8000_-NONE-_-NONE-/
NNG07EK68C,2024,11,211556.11,0.0,False,080-0120,"Science, National Aeronautics and Space Administration","Global Atmospheric Technologies and Sciences, Inc.",7fad989e-7d68-1859-7448-3481a3e5a3fa-C,"Tas::80 0120::tas this procurement is for the extended mission Operations support, Payload Operations and science data processing and support by the co-investigator of a flight experiment participant, mr. L.l. Gordley of gats Inc. New port news va for the timed saber mission. This includes developing all necessary command loads and maintaining the software used to assess instrument performance and long-term trends, evaluating instrument data products and taking necessary actions to meet science objectives while safeguarding the health of the saber instrument.   Regularly monitor the instrument S health and status using the realtime and quicklook software, and carefully examine the 24-hour data for any anomalies.  Operator adjustments will be made as necessary based on the assessments, and immediately reported to the science team.  System administration and maintenance of the saber Payload Operations Center (POC) computers and the processing software running on these systems.",https://www.usaspending.gov/award/CONT_AWD_NNG07EK68C_8000_-NONE-_-NONE-/
NNG07EK68C,2024,11,0.0,189000.00,False,080-0120,"Science, National Aeronautics and Space Administration","Global Atmospheric Technologies and Sciences, Inc.",7fad989e-7d68-1859-7448-3481a3e5a3fa-C,"Tas::80 0120::tas this procurement is for the extended mission Operations support, Payload Operations and science data processing and support by the co-investigator of a flight experiment participant, mr. L.l. Gordley of gats Inc. New port news va for the timed saber mission. This includes developing all necessary command loads and maintaining the software used to assess instrument performance and long-term trends, evaluating instrument data products and taking necessary actions to meet science objectives while safeguarding the health of the saber instrument.   Regularly monitor the instrument S health and status using the realtime and quicklook software, and carefully examine the 24-hour data for any anomalies.  Operator adjustments will be made as necessary based on the assessments, and immediately reported to the science team.  System administration and maintenance of the saber Payload Operations Center (POC) computers and the processing software running on these systems.",https://www.usaspending.gov/award/CONT_AWD_NNG07EK68C_8000_-NONE-_-NONE-/
NNG07EK68C,2024,11,88014.72,0.0,False,080-0120,"Science, National Aeronautics and Space Administration","Global Atmospheric Technologies and Sciences, Inc.",7fad989e-7d68-1859-7448-3481a3e5a3fa-C,"Tas::80 0120::tas this procurement is for the extended mission Operations support, Payload Operations and science data processing and support by the co-investigator of a flight experiment participant, mr. L.l. Gordley of gats Inc. New port news va for the timed saber mission. This includes developing all necessary command loads and maintaining the software used to assess instrument performance and long-term trends, evaluating instrument data products and taking necessary actions to meet science objectives while safeguarding the health of the saber instrument.   Regularly monitor the instrument S health and status using the realtime and quicklook software, and carefully examine the 24-hour data for any anomalies.  Operator adjustments will be made as necessary based on the assessments, and immediately reported to the science team.  System administration and maintenance of the saber Payload Operations Center (POC) computers and the processing software running on these systems.",https://www.usaspending.gov/award/CONT_AWD_NNG07EK68C_8000_-NONE-_-NONE-/
NNG07EK68C,2024,10,88014.72,0.0,False,080-0120,"Science, National Aeronautics and Space Administration","Global Atmospheric Technologies and Sciences, Inc.",7fad989e-7d68-1859-7448-3481a3e5a3fa-C,"Tas::80 0120::tas this procurement is for the extended mission Operations support, Payload Operations and science data processing and support by the co-investigator of a flight experiment participant, mr. L.l. Gordley of gats Inc. New port news va for the timed saber mission. This includes developing all necessary command loads and maintaining the software used to assess instrument performance and long-term trends, evaluating instrument data products and taking necessary actions to meet science objectives while safeguarding the health of the saber instrument.   Regularly monitor the instrument S health and status using the realtime and quicklook software, and carefully examine the 24-hour data for any anomalies.  Operator adjustments will be made as necessary based on the assessments, and immediately reported to the science team.  System administration and maintenance of the saber Payload Operations Center (POC) computers and the processing software running on these systems.",https://www.usaspending.gov/award/CONT_AWD_NNG07EK68C_8000_-NONE-_-NONE-/
NNG07EK68C,2024,10,151430.81,0.0,False,080-0120,"Science, National Aeronautics and Space Administration","Global Atmospheric Technologies and Sciences, Inc.",7fad989e-7d68-1859-7448-3481a3e5a3fa-C,"Tas::80 0120::tas this procurement is for the extended mission Operations support, Payload Operations and science data processing and support by the co-investigator of a flight experiment participant, mr. L.l. Gordley of gats Inc. New port news va for the timed saber mission. This includes developing all necessary command loads and maintaining the software used to assess instrument performance and long-term trends, evaluating instrument data products and taking necessary actions to meet science objectives while safeguarding the health of the saber instrument.   Regularly monitor the instrument S health and status using the realtime and quicklook software, and carefully examine the 24-hour data for any anomalies.  Operator adjustments will be made as necessary based on the assessments, and immediately reported to the science team.  System administration and maintenance of the saber Payload Operations Center (POC) computers and the processing software running on these systems.",https://www.usaspending.gov/award/CONT_AWD_NNG07EK68C_8000_-NONE-_-NONE-/
NNG07EK68C,2024,9,88014.72,0.0,False,080-0120,"Science, National Aeronautics and Space Administration","Global Atmospheric Technologies and Sciences, Inc.",7fad989e-7d68-1859-7448-3481a3e5a3fa-C,"Tas::80 0120::tas this procurement is for the extended mission Operations support, Payload Operations and science data processing and support by the co-investigator of a flight experiment participant, mr. L.l. Gordley of gats Inc. New port news va for the timed saber mission. This includes developing all necessary command loads and maintaining the software used to assess instrument performance and long-term trends, evaluating instrument data products and taking necessary actions to meet science objectives while safeguarding the health of the saber instrument.   Regularly monitor the instrument S health and status using the realtime and quicklook software, and carefully examine the 24-hour data for any anomalies.  Operator adjustments will be made as necessary based on the assessments, and immediately reported to the science team.  System administration and maintenance of the saber Payload Operations Center (POC) computers and the processing software running on these systems.",https://www.usaspending.gov/award/CONT_AWD_NNG07EK68C_8000_-NONE-_-NONE-/
NNG07EK68C,2024,9,151430.81,0.0,False,080-0120,"Science, National Aeronautics and Space Administration","Global Atmospheric Technologies and Sciences, Inc.",7fad989e-7d68-1859-7448-3481a3e5a3fa-C,"Tas::80 0120::tas this procurement is for the extended mission Operations support, Payload Operations and science data processing and support by the co-investigator of a flight experiment participant, mr. L.l. Gordley of gats Inc. New port news va for the timed saber mission. This includes developing all necessary command loads and maintaining the software used to assess instrument performance and long-term trends, evaluating instrument data products and taking necessary actions to meet science objectives while safeguarding the health of the saber instrument.   Regularly monitor the instrument S health and status using the realtime and quicklook software, and carefully examine the 24-hour data for any anomalies.  Operator adjustments will be made as necessary based on the assessments, and immediately reported to the science team.  System administration and maintenance of the saber Payload Operations Center (POC) computers and the processing software running on these systems.",https://www.usaspending.gov/award/CONT_AWD_NNG07EK68C_8000_-NONE-_-NONE-/
NNG07EK68C,2024,8,88014.72,0.0,False,080-0120,"Science, National Aeronautics and Space Administration","Global Atmospheric Technologies and Sciences, Inc.",7fad989e-7d68-1859-7448-3481a3e5a3fa-C,"Tas::80 0120::tas this procurement is for the extended mission Operations support, Payload Operations and science data processing and support by the co-investigator of a flight experiment participant, mr. L.l. Gordley of gats Inc. New port news va for the timed saber mission. This includes developing all necessary command loads and maintaining the software used to assess instrument performance and long-term trends, evaluating instrument data products and taking necessary actions to meet science objectives while safeguarding the health of the saber instrument.   Regularly monitor the instrument S health and status using the realtime and quicklook software, and carefully examine the 24-hour data for any anomalies.  Operator adjustments will be made as necessary based on the assessments, and immediately reported to the science team.  System administration and maintenance of the saber Payload Operations Center (POC) computers and the processing software running on these systems.",https://www.usaspending.gov/award/CONT_AWD_NNG07EK68C_8000_-NONE-_-NONE-/
NNG07EK68C,2024,8,127428.09,0.0,False,080-0120,"Science, National Aeronautics and Space Administration","Global Atmospheric Technologies and Sciences, Inc.",7fad989e-7d68-1859-7448-3481a3e5a3fa-C,"Tas::80 0120::tas this procurement is for the extended mission Operations support, Payload Operations and science data processing and support by the co-investigator of a flight experiment participant, mr. L.l. Gordley of gats Inc. New port news va for the timed saber mission. This includes developing all necessary command loads and maintaining the software used to assess instrument performance and long-term trends, evaluating instrument data products and taking necessary actions to meet science objectives while safeguarding the health of the saber instrument.   Regularly monitor the instrument S health and status using the realtime and quicklook software, and carefully examine the 24-hour data for any anomalies.  Operator adjustments will be made as necessary based on the assessments, and immediately reported to the science team.  System administration and maintenance of the saber Payload Operations Center (POC) computers and the processing software running on these systems.",https://www.usaspending.gov/award/CONT_AWD_NNG07EK68C_8000_-NONE-_-NONE-/
NNG07EK68C,2024,7,0.0,130000.00,False,080-0120,"Science, National Aeronautics and Space Administration","Global Atmospheric Technologies and Sciences, Inc.",7fad989e-7d68-1859-7448-3481a3e5a3fa-C,"Tas::80 0120::tas this procurement is for the extended mission Operations support, Payload Operations and science data processing and support by the co-investigator of a flight experiment participant, mr. L.l. Gordley of gats Inc. New port news va for the timed saber mission. This includes developing all necessary command loads and maintaining the software used to assess instrument performance and long-term trends, evaluating instrument data products and taking necessary actions to meet science objectives while safeguarding the health of the saber instrument.   Regularly monitor the instrument S health and status using the realtime and quicklook software, and carefully examine the 24-hour data for any anomalies.  Operator adjustments will be made as necessary based on the assessments, and immediately reported to the science team.  System administration and maintenance of the saber Payload Operations Center (POC) computers and the processing software running on these systems.",https://www.usaspending.gov/award/CONT_AWD_NNG07EK68C_8000_-NONE-_-NONE-/
NNG07EK68C,2024,7,88014.72,0.0,False,080-0120,"Science, National Aeronautics and Space Administration","Global Atmospheric Technologies and Sciences, Inc.",7fad989e-7d68-1859-7448-3481a3e5a3fa-C,"Tas::80 0120::tas this procurement is for the extended mission Operations support, Payload Operations and science data processing and support by the co-investigator of a flight experiment participant, mr. L.l. Gordley of gats Inc. New port news va for the timed saber mission. This includes developing all necessary command loads and maintaining the software used to assess instrument performance and long-term trends, evaluating instrument data products and taking necessary actions to meet science objectives while safeguarding the health of the saber instrument.   Regularly monitor the instrument S health and status using the realtime and quicklook software, and carefully examine the 24-hour data for any anomalies.  Operator adjustments will be made as necessary based on the assessments, and immediately reported to the science team.  System administration and maintenance of the saber Payload Operations Center (POC) computers and the processing software running on these systems.",https://www.usaspending.gov/award/CONT_AWD_NNG07EK68C_8000_-NONE-_-NONE-/
NNG07EK68C,2024,7,103946.03,0.0,False,080-0120,"Science, National Aeronautics and Space Administration","Global Atmospheric Technologies and Sciences, Inc.",7fad989e-7d68-1859-7448-3481a3e5a3fa-C,"Tas::80 0120::tas this procurement is for the extended mission Operations support, Payload Operations and science data processing and support by the co-investigator of a flight experiment participant, mr. L.l. Gordley of gats Inc. New port news va for the timed saber mission. This includes developing all necessary command loads and maintaining the software used to assess instrument performance and long-term trends, evaluating instrument data products and taking necessary actions to meet science objectives while safeguarding the health of the saber instrument.   Regularly monitor the instrument S health and status using the realtime and quicklook software, and carefully examine the 24-hour data for any anomalies.  Operator adjustments will be made as necessary based on the assessments, and immediately reported to the science team.  System administration and maintenance of the saber Payload Operations Center (POC) computers and the processing software running on these systems.",https://www.usaspending.gov/award/CONT_AWD_NNG07EK68C_8000_-NONE-_-NONE-/
NNG07EK68C,2024,6,0.0,30000.00,False,080-0120,"Science, National Aeronautics and Space Administration","Global Atmospheric Technologies and Sciences, Inc.",7fad989e-7d68-1859-7448-3481a3e5a3fa-C,"Tas::80 0120::tas this procurement is for the extended mission Operations support, Payload Operations and science data processing and support by the co-investigator of a flight experiment participant, mr. L.l. Gordley of gats Inc. New port news va for the timed saber mission. This includes developing all necessary command loads and maintaining the software used to assess instrument performance and long-term trends, evaluating instrument data products and taking necessary actions to meet science objectives while safeguarding the health of the saber instrument.   Regularly monitor the instrument S health and status using the realtime and quicklook software, and carefully examine the 24-hour data for any anomalies.  Operator adjustments will be made as necessary based on the assessments, and immediately reported to the science team.  System administration and maintenance of the saber Payload Operations Center (POC) computers and the processing software running on these systems.",https://www.usaspending.gov/award/CONT_AWD_NNG07EK68C_8000_-NONE-_-NONE-/
NNG07EK68C,2024,6,88014.72,0.0,False,080-0120,"Science, National Aeronautics and Space Administration","Global Atmospheric Technologies and Sciences, Inc.",7fad989e-7d68-1859-7448-3481a3e5a3fa-C,"Tas::80 0120::tas this procurement is for the extended mission Operations support, Payload Operations and science data processing and support by the co-investigator of a flight experiment participant, mr. L.l. Gordley of gats Inc. New port news va for the timed saber mission. This includes developing all necessary command loads and maintaining the software used to assess instrument performance and long-term trends, evaluating instrument data products and taking necessary actions to meet science objectives while safeguarding the health of the saber instrument.   Regularly monitor the instrument S health and status using the realtime and quicklook software, and carefully examine the 24-hour data for any anomalies.  Operator adjustments will be made as necessary based on the assessments, and immediately reported to the science team.  System administration and maintenance of the saber Payload Operations Center (POC) computers and the processing software running on these systems.",https://www.usaspending.gov/award/CONT_AWD_NNG07EK68C_8000_-NONE-_-NONE-/
NNG07EK68C,2024,6,74145.94,0.0,False,080-0120,"Science, National Aeronautics and Space Administration","Global Atmospheric Technologies and Sciences, Inc.",7fad989e-7d68-1859-7448-3481a3e5a3fa-C,"Tas::80 0120::tas this procurement is for the extended mission Operations support, Payload Operations and science data processing and support by the co-investigator of a flight experiment participant, mr. L.l. Gordley of gats Inc. New port news va for the timed saber mission. This includes developing all necessary command loads and maintaining the software used to assess instrument performance and long-term trends, evaluating instrument data products and taking necessary actions to meet science objectives while safeguarding the health of the saber instrument.   Regularly monitor the instrument S health and status using the realtime and quicklook software, and carefully examine the 24-hour data for any anomalies.  Operator adjustments will be made as necessary based on the assessments, and immediately reported to the science team.  System administration and maintenance of the saber Payload Operations Center (POC) computers and the processing software running on these systems.",https://www.usaspending.gov/award/CONT_AWD_NNG07EK68C_8000_-NONE-_-NONE-/
NNG07EK68C,2024,5,88014.72,0.0,False,080-0120,"Science, National Aeronautics and Space Administration","Global Atmospheric Technologies and Sciences, Inc.",7fad989e-7d68-1859-7448-3481a3e5a3fa-C,"Tas::80 0120::tas this procurement is for the extended mission Operations support, Payload Operations and science data processing and support by the co-investigator of a flight experiment participant, mr. L.l. Gordley of gats Inc. New port news va for the timed saber mission. This includes developing all necessary command loads and maintaining the software used to assess instrument performance and long-term trends, evaluating instrument data products and taking necessary actions to meet science objectives while safeguarding the health of the saber instrument.   Regularly monitor the instrument S health and status using the realtime and quicklook software, and carefully examine the 24-hour data for any anomalies.  Operator adjustments will be made as necessary based on the assessments, and immediately reported to the science team.  System administration and maintenance of the saber Payload Operations Center (POC) computers and the processing software running on these systems.",https://www.usaspending.gov/award/CONT_AWD_NNG07EK68C_8000_-NONE-_-NONE-/
NNG07EK68C,2024,5,47400.04,0.0,False,080-0120,"Science, National Aeronautics and Space Administration","Global Atmospheric Technologies and Sciences, Inc.",7fad989e-7d68-1859-7448-3481a3e5a3fa-C,"Tas::80 0120::tas this procurement is for the extended mission Operations support, Payload Operations and science data processing and support by the co-investigator of a flight experiment participant, mr. L.l. Gordley of gats Inc. New port news va for the timed saber mission. This includes developing all necessary command loads and maintaining the software used to assess instrument performance and long-term trends, evaluating instrument data products and taking necessary actions to meet science objectives while safeguarding the health of the saber instrument.   Regularly monitor the instrument S health and status using the realtime and quicklook software, and carefully examine the 24-hour data for any anomalies.  Operator adjustments will be made as necessary based on the assessments, and immediately reported to the science team.  System administration and maintenance of the saber Payload Operations Center (POC) computers and the processing software running on these systems.",https://www.usaspending.gov/award/CONT_AWD_NNG07EK68C_8000_-NONE-_-NONE-/
NNG07EK68C,2024,4,0.0,50000.00,False,080-0120,"Science, National Aeronautics and Space Administration","Global Atmospheric Technologies and Sciences, Inc.",7fad989e-7d68-1859-7448-3481a3e5a3fa-C,"Tas::80 0120::tas this procurement is for the extended mission Operations support, Payload Operations and science data processing and support by the co-investigator of a flight experiment participant, mr. L.l. Gordley of gats Inc. New port news va for the timed saber mission. This includes developing all necessary command loads and maintaining the software used to assess instrument performance and long-term trends, evaluating instrument data products and taking necessary actions to meet science objectives while safeguarding the health of the saber instrument.   Regularly monitor the instrument S health and status using the realtime and quicklook software, and carefully examine the 24-hour data for any anomalies.  Operator adjustments will be made as necessary based on the assessments, and immediately reported to the science team.  System administration and maintenance of the saber Payload Operations Center (POC) computers and the processing software running on these systems.",https://www.usaspending.gov/award/CONT_AWD_NNG07EK68C_8000_-NONE-_-NONE-/
NNG07EK68C,2024,4,88014.72,0.0,False,080-0120,"Science, National Aeronautics and Space Administration","Global Atmospheric Technologies and Sciences, Inc.",7fad989e-7d68-1859-7448-3481a3e5a3fa-C,"Tas::80 0120::tas this procurement is for the extended mission Operations support, Payload Operations and science data processing and support by the co-investigator of a flight experiment participant, mr. L.l. Gordley of gats Inc. New port news va for the timed saber mission. This includes developing all necessary command loads and maintaining the software used to assess instrument performance and long-term trends, evaluating instrument data products and taking necessary actions to meet science objectives while safeguarding the health of the saber instrument.   Regularly monitor the instrument S health and status using the realtime and quicklook software, and carefully examine the 24-hour data for any anomalies.  Operator adjustments will be made as necessary based on the assessments, and immediately reported to the science team.  System administration and maintenance of the saber Payload Operations Center (POC) computers and the processing software running on these systems.",https://www.usaspending.gov/award/CONT_AWD_NNG07EK68C_8000_-NONE-_-NONE-/
NNG07EK68C,2024,4,19372.44,0.0,False,080-0120,"Science, National Aeronautics and Space Administration","Global Atmospheric Technologies and Sciences, Inc.",7fad989e-7d68-1859-7448-3481a3e5a3fa-C,"Tas::80 0120::tas this procurement is for the extended mission Operations support, Payload Operations and science data processing and support by the co-investigator of a flight experiment participant, mr. L.l. Gordley of gats Inc. New port news va for the timed saber mission. This includes developing all necessary command loads and maintaining the software used to assess instrument performance and long-term trends, evaluating instrument data products and taking necessary actions to meet science objectives while safeguarding the health of the saber instrument.   Regularly monitor the instrument S health and status using the realtime and quicklook software, and carefully examine the 24-hour data for any anomalies.  Operator adjustments will be made as necessary based on the assessments, and immediately reported to the science team.  System administration and maintenance of the saber Payload Operations Center (POC) computers and the processing software running on these systems.",https://www.usaspending.gov/award/CONT_AWD_NNG07EK68C_8000_-NONE-_-NONE-/
NNG07EK68C,2024,3,55311.06,0.0,False,080-0120,"Science, National Aeronautics and Space Administration","Global Atmospheric Technologies and Sciences, Inc.",7fad989e-7d68-1859-7448-3481a3e5a3fa-C,"Tas::80 0120::tas this procurement is for the extended mission Operations support, Payload Operations and science data processing and support by the co-investigator of a flight experiment participant, mr. L.l. Gordley of gats Inc. New port news va for the timed saber mission. This includes developing all necessary command loads and maintaining the software used to assess instrument performance and long-term trends, evaluating instrument data products and taking necessary actions to meet science objectives while safeguarding the health of the saber instrument.   Regularly monitor the instrument S health and status using the realtime and quicklook software, and carefully examine the 24-hour data for any anomalies.  Operator adjustments will be made as necessary based on the assessments, and immediately reported to the science team.  System administration and maintenance of the saber Payload Operations Center (POC) computers and the processing software running on these systems.",https://www.usaspending.gov/award/CONT_AWD_NNG07EK68C_8000_-NONE-_-NONE-/
NNG07EK68C,2024,3,0.0,30000.00,False,080-0120,"Science, National Aeronautics and Space Administration","Global Atmospheric Technologies and Sciences, Inc.",7fad989e-7d68-1859-7448-3481a3e5a3fa-C,"Tas::80 0120::tas this procurement is for the extended mission Operations support, Payload Operations and science data processing and support by the co-investigator of a flight experiment participant, mr. L.l. Gordley of gats Inc. New port news va for the timed saber mission. This includes developing all necessary command loads and maintaining the software used to assess instrument performance and long-term trends, evaluating instrument data products and taking necessary actions to meet science objectives while safeguarding the health of the saber instrument.   Regularly monitor the instrument S health and status using the realtime and quicklook software, and carefully examine the 24-hour data for any anomalies.  Operator adjustments will be made as necessary based on the assessments, and immediately reported to the science team.  System administration and maintenance of the saber Payload Operations Center (POC) computers and the processing software running on these systems.",https://www.usaspending.gov/award/CONT_AWD_NNG07EK68C_8000_-NONE-_-NONE-/
NNG07EK68C,2024,2,55311.06,0.0,False,080-0120,"Science, National Aeronautics and Space Administration","Global Atmospheric Technologies and Sciences, Inc.",7fad989e-7d68-1859-7448-3481a3e5a3fa-C,"Tas::80 0120::tas this procurement is for the extended mission Operations support, Payload Operations and science data processing and support by the co-investigator of a flight experiment participant, mr. L.l. Gordley of gats Inc. New port news va for the timed saber mission. This includes developing all necessary command loads and maintaining the software used to assess instrument performance and long-term trends, evaluating instrument data products and taking necessary actions to meet science objectives while safeguarding the health of the saber instrument.   Regularly monitor the instrument S health and status using the realtime and quicklook software, and carefully examine the 24-hour data for any anomalies.  Operator adjustments will be made as necessary based on the assessments, and immediately reported to the science team.  System administration and maintenance of the saber Payload Operations Center (POC) computers and the processing software running on these systems.",https://www.usaspending.gov/award/CONT_AWD_NNG07EK68C_8000_-NONE-_-NONE-/
NNG07EK68C,2023,12,0.0,82219.09,False,080-0120,"Science, National Aeronautics and Space Administration","Global Atmospheric Technologies and Sciences, Inc.",7fad989e-7d68-1859-7448-3481a3e5a3fa-C,"Tas::80 0120::tas this procurement is for the extended mission Operations support, Payload Operations and science data processing and support by the co-investigator of a flight experiment participant, mr. L.l. Gordley of gats Inc. New port news va for the timed saber mission. This includes developing all necessary command loads and maintaining the software used to assess instrument performance and long-term trends, evaluating instrument data products and taking necessary actions to meet science objectives while safeguarding the health of the saber instrument.   Regularly monitor the instrument S health and status using the realtime and quicklook software, and carefully examine the 24-hour data for any anomalies.  Operator adjustments will be made as necessary based on the assessments, and immediately reported to the science team.  System administration and maintenance of the saber Payload Operations Center (POC) computers and the processing software running on these systems.",https://www.usaspending.gov/award/CONT_AWD_NNG07EK68C_8000_-NONE-_-NONE-/
NNG07EK68C,2023,12,125075.87,0.0,False,080-0120,"Science, National Aeronautics and Space Administration","Global Atmospheric Technologies and Sciences, Inc.",7fad989e-7d68-1859-7448-3481a3e5a3fa-C,"Tas::80 0120::tas this procurement is for the extended mission Operations support, Payload Operations and science data processing and support by the co-investigator of a flight experiment participant, mr. L.l. Gordley of gats Inc. New port news va for the timed saber mission. This includes developing all necessary command loads and maintaining the software used to assess instrument performance and long-term trends, evaluating instrument data products and taking necessary actions to meet science objectives while safeguarding the health of the saber instrument.   Regularly monitor the instrument S health and status using the realtime and quicklook software, and carefully examine the 24-hour data for any anomalies.  Operator adjustments will be made as necessary based on the assessments, and immediately reported to the science team.  System administration and maintenance of the saber Payload Operations Center (POC) computers and the processing software running on these systems.",https://www.usaspending.gov/award/CONT_AWD_NNG07EK68C_8000_-NONE-_-NONE-/
NNG07EK68C,2023,12,213447.33,0.0,False,080-0120,"Science, National Aeronautics and Space Administration","Global Atmospheric Technologies and Sciences, Inc.",7fad989e-7d68-1859-7448-3481a3e5a3fa-C,"Tas::80 0120::tas this procurement is for the extended mission Operations support, Payload Operations and science data processing and support by the co-investigator of a flight experiment participant, mr. L.l. Gordley of gats Inc. New port news va for the timed saber mission. This includes developing all necessary command loads and maintaining the software used to assess instrument performance and long-term trends, evaluating instrument data products and taking necessary actions to meet science objectives while safeguarding the health of the saber instrument.   Regularly monitor the instrument S health and status using the realtime and quicklook software, and carefully examine the 24-hour data for any anomalies.  Operator adjustments will be made as necessary based on the assessments, and immediately reported to the science team.  System administration and maintenance of the saber Payload Operations Center (POC) computers and the processing software running on these systems.",https://www.usaspending.gov/award/CONT_AWD_NNG07EK68C_8000_-NONE-_-NONE-/
NNG07EK68C,2023,11,125075.87,0.0,False,080-0120,"Science, National Aeronautics and Space Administration","Global Atmospheric Technologies and Sciences, Inc.",7fad989e-7d68-1859-7448-3481a3e5a3fa-C,"Tas::80 0120::tas this procurement is for the extended mission Operations support, Payload Operations and science data processing and support by the co-investigator of a flight experiment participant, mr. L.l. Gordley of gats Inc. New port news va for the timed saber mission. This includes developing all necessary command loads and maintaining the software used to assess instrument performance and long-term trends, evaluating instrument data products and taking necessary actions to meet science objectives while safeguarding the health of the saber instrument.   Regularly monitor the instrument S health and status using the realtime and quicklook software, and carefully examine the 24-hour data for any anomalies.  Operator adjustments will be made as necessary based on the assessments, and immediately reported to the science team.  System administration and maintenance of the saber Payload Operations Center (POC) computers and the processing software running on these systems.",https://www.usaspending.gov/award/CONT_AWD_NNG07EK68C_8000_-NONE-_-NONE-/
NNG07EK68C,2023,11,185736.38,0.0,False,080-0120,"Science, National Aeronautics and Space Administration","Global Atmospheric Technologies and Sciences, Inc.",7fad989e-7d68-1859-7448-3481a3e5a3fa-C,"Tas::80 0120::tas this procurement is for the extended mission Operations support, Payload Operations and science data processing and support by the co-investigator of a flight experiment participant, mr. L.l. Gordley of gats Inc. New port news va for the timed saber mission. This includes developing all necessary command loads and maintaining the software used to assess instrument performance and long-term trends, evaluating instrument data products and taking necessary actions to meet science objectives while safeguarding the health of the saber instrument.   Regularly monitor the instrument S health and status using the realtime and quicklook software, and carefully examine the 24-hour data for any anomalies.  Operator adjustments will be made as necessary based on the assessments, and immediately reported to the science team.  System administration and maintenance of the saber Payload Operations Center (POC) computers and the processing software running on these systems.",https://www.usaspending.gov/award/CONT_AWD_NNG07EK68C_8000_-NONE-_-NONE-/
NNG07EK68C,2023,10,162491.31,0.0,False,080-0120,"Science, National Aeronautics and Space Administration","Global Atmospheric Technologies and Sciences, Inc.",7fad989e-7d68-1859-7448-3481a3e5a3fa-C,"Tas::80 0120::tas this procurement is for the extended mission Operations support, Payload Operations and science data processing and support by the co-investigator of a flight experiment participant, mr. L.l. Gordley of gats Inc. New port news va for the timed saber mission. This includes developing all necessary command loads and maintaining the software used to assess instrument performance and long-term trends, evaluating instrument data products and taking necessary actions to meet science objectives while safeguarding the health of the saber instrument.   Regularly monitor the instrument S health and status using the realtime and quicklook software, and carefully examine the 24-hour data for any anomalies.  Operator adjustments will be made as necessary based on the assessments, and immediately reported to the science team.  System administration and maintenance of the saber Payload Operations Center (POC) computers and the processing software running on these systems.",https://www.usaspending.gov/award/CONT_AWD_NNG07EK68C_8000_-NONE-_-NONE-/
NNG07EK68C,2023,10,125075.87,0.0,False,080-0120,"Science, National Aeronautics and Space Administration","Global Atmospheric Technologies and Sciences, Inc.",7fad989e-7d68-1859-7448-3481a3e5a3fa-C,"Tas::80 0120::tas this procurement is for the extended mission Operations support, Payload Operations and science data processing and support by the co-investigator of a flight experiment participant, mr. L.l. Gordley of gats Inc. New port news va for the timed saber mission. This includes developing all necessary command loads and maintaining the software used to assess instrument performance and long-term trends, evaluating instrument data products and taking necessary actions to meet science objectives while safeguarding the health of the saber instrument.   Regularly monitor the instrument S health and status using the realtime and quicklook software, and carefully examine the 24-hour data for any anomalies.  Operator adjustments will be made as necessary based on the assessments, and immediately reported to the science team.  System administration and maintenance of the saber Payload Operations Center (POC) computers and the processing software running on these systems.",https://www.usaspending.gov/award/CONT_AWD_NNG07EK68C_8000_-NONE-_-NONE-/
NNG07EK68C,2023,9,125075.87,0.0,False,080-0120,"Science, National Aeronautics and Space Administration","Global Atmospheric Technologies and Sciences, Inc.",7fad989e-7d68-1859-7448-3481a3e5a3fa-C,"Tas::80 0120::tas this procurement is for the extended mission Operations support, Payload Operations and science data processing and support by the co-investigator of a flight experiment participant, mr. L.l. Gordley of gats Inc. New port news va for the timed saber mission. This includes developing all necessary command loads and maintaining the software used to assess instrument performance and long-term trends, evaluating instrument data products and taking necessary actions to meet science objectives while safeguarding the health of the saber instrument.   Regularly monitor the instrument S health and status using the realtime and quicklook software, and carefully examine the 24-hour data for any anomalies.  Operator adjustments will be made as necessary based on the assessments, and immediately reported to the science team.  System administration and maintenance of the saber Payload Operations Center (POC) computers and the processing software running on these systems.",https://www.usaspending.gov/award/CONT_AWD_NNG07EK68C_8000_-NONE-_-NONE-/
NNG07EK68C,2023,9,144171.66,0.0,False,080-0120,"Science, National Aeronautics and Space Administration","Global Atmospheric Technologies and Sciences, Inc.",7fad989e-7d68-1859-7448-3481a3e5a3fa-C,"Tas::80 0120::tas this procurement is for the extended mission Operations support, Payload Operations and science data processing and support by the co-investigator of a flight experiment participant, mr. L.l. Gordley of gats Inc. New port news va for the timed saber mission. This includes developing all necessary command loads and maintaining the software used to assess instrument performance and long-term trends, evaluating instrument data products and taking necessary actions to meet science objectives while safeguarding the health of the saber instrument.   Regularly monitor the instrument S health and status using the realtime and quicklook software, and carefully examine the 24-hour data for any anomalies.  Operator adjustments will be made as necessary based on the assessments, and immediately reported to the science team.  System administration and maintenance of the saber Payload Operations Center (POC) computers and the processing software running on these systems.",https://www.usaspending.gov/award/CONT_AWD_NNG07EK68C_8000_-NONE-_-NONE-/
NNG07EK68C,2023,8,125075.87,0.0,False,080-0120,"Science, National Aeronautics and Space Administration","Global Atmospheric Technologies and Sciences, Inc.",7fad989e-7d68-1859-7448-3481a3e5a3fa-C,"Tas::80 0120::tas this procurement is for the extended mission Operations support, Payload Operations and science data processing and support by the co-investigator of a flight experiment participant, mr. L.l. Gordley of gats Inc. New port news va for the timed saber mission. This includes developing all necessary command loads and maintaining the software used to assess instrument performance and long-term trends, evaluating instrument data products and taking necessary actions to meet science objectives while safeguarding the health of the saber instrument.   Regularly monitor the instrument S health and status using the realtime and quicklook software, and carefully examine the 24-hour data for any anomalies.  Operator adjustments will be made as necessary based on the assessments, and immediately reported to the science team.  System administration and maintenance of the saber Payload Operations Center (POC) computers and the processing software running on these systems.",https://www.usaspending.gov/award/CONT_AWD_NNG07EK68C_8000_-NONE-_-NONE-/
NNG07EK68C,2023,8,119184.91,0.0,False,080-0120,"Science, National Aeronautics and Space Administration","Global Atmospheric Technologies and Sciences, Inc.",7fad989e-7d68-1859-7448-3481a3e5a3fa-C,"Tas::80 0120::tas this procurement is for the extended mission Operations support, Payload Operations and science data processing and support by the co-investigator of a flight experiment participant, mr. L.l. Gordley of gats Inc. New port news va for the timed saber mission. This includes developing all necessary command loads and maintaining the software used to assess instrument performance and long-term trends, evaluating instrument data products and taking necessary actions to meet science objectives while safeguarding the health of the saber instrument.   Regularly monitor the instrument S health and status using the realtime and quicklook software, and carefully examine the 24-hour data for any anomalies.  Operator adjustments will be made as necessary based on the assessments, and immediately reported to the science team.  System administration and maintenance of the saber Payload Operations Center (POC) computers and the processing software running on these systems.",https://www.usaspending.gov/award/CONT_AWD_NNG07EK68C_8000_-NONE-_-NONE-/
NNG07EK68C,2023,7,125075.87,0.0,False,080-0120,"Science, National Aeronautics and Space Administration","Global Atmospheric Technologies and Sciences, Inc.",7fad989e-7d68-1859-7448-3481a3e5a3fa-C,"Tas::80 0120::tas this procurement is for the extended mission Operations support, Payload Operations and science data processing and support by the co-investigator of a flight experiment participant, mr. L.l. Gordley of gats Inc. New port news va for the timed saber mission. This includes developing all necessary command loads and maintaining the software used to assess instrument performance and long-term trends, evaluating instrument data products and taking necessary actions to meet science objectives while safeguarding the health of the saber instrument.   Regularly monitor the instrument S health and status using the realtime and quicklook software, and carefully examine the 24-hour data for any anomalies.  Operator adjustments will be made as necessary based on the assessments, and immediately reported to the science team.  System administration and maintenance of the saber Payload Operations Center (POC) computers and the processing software running on these systems.",https://www.usaspending.gov/award/CONT_AWD_NNG07EK68C_8000_-NONE-_-NONE-/
NNG07EK68C,2023,7,92936.32,0.0,False,080-0120,"Science, National Aeronautics and Space Administration","Global Atmospheric Technologies and Sciences, Inc.",7fad989e-7d68-1859-7448-3481a3e5a3fa-C,"Tas::80 0120::tas this procurement is for the extended mission Operations support, Payload Operations and science data processing and support by the co-investigator of a flight experiment participant, mr. L.l. Gordley of gats Inc. New port news va for the timed saber mission. This includes developing all necessary command loads and maintaining the software used to assess instrument performance and long-term trends, evaluating instrument data products and taking necessary actions to meet science objectives while safeguarding the health of the saber instrument.   Regularly monitor the instrument S health and status using the realtime and quicklook software, and carefully examine the 24-hour data for any anomalies.  Operator adjustments will be made as necessary based on the assessments, and immediately reported to the science team.  System administration and maintenance of the saber Payload Operations Center (POC) computers and the processing software running on these systems.",https://www.usaspending.gov/award/CONT_AWD_NNG07EK68C_8000_-NONE-_-NONE-/
NNG07EK68C,2023,6,39288.80,0.0,False,080-0120,"Science, National Aeronautics and Space Administration","Global Atmospheric Technologies and Sciences, Inc.",7fad989e-7d68-1859-7448-3481a3e5a3fa-C,"Tas::80 0120::tas this procurement is for the extended mission Operations support, Payload Operations and science data processing and support by the co-investigator of a flight experiment participant, mr. L.l. Gordley of gats Inc. New port news va for the timed saber mission. This includes developing all necessary command loads and maintaining the software used to assess instrument performance and long-term trends, evaluating instrument data products and taking necessary actions to meet science objectives while safeguarding the health of the saber instrument.   Regularly monitor the instrument S health and status using the realtime and quicklook software, and carefully examine the 24-hour data for any anomalies.  Operator adjustments will be made as necessary based on the assessments, and immediately reported to the science team.  System administration and maintenance of the saber Payload Operations Center (POC) computers and the processing software running on these systems.",https://www.usaspending.gov/award/CONT_AWD_NNG07EK68C_8000_-NONE-_-NONE-/
NNG07EK68C,2023,6,125075.87,0.0,False,080-0120,"Science, National Aeronautics and Space Administration","Global Atmospheric Technologies and Sciences, Inc.",7fad989e-7d68-1859-7448-3481a3e5a3fa-C,"Tas::80 0120::tas this procurement is for the extended mission Operations support, Payload Operations and science data processing and support by the co-investigator of a flight experiment participant, mr. L.l. Gordley of gats Inc. New port news va for the timed saber mission. This includes developing all necessary command loads and maintaining the software used to assess instrument performance and long-term trends, evaluating instrument data products and taking necessary actions to meet science objectives while safeguarding the health of the saber instrument.   Regularly monitor the instrument S health and status using the realtime and quicklook software, and carefully examine the 24-hour data for any anomalies.  Operator adjustments will be made as necessary based on the assessments, and immediately reported to the science team.  System administration and maintenance of the saber Payload Operations Center (POC) computers and the processing software running on these systems.",https://www.usaspending.gov/award/CONT_AWD_NNG07EK68C_8000_-NONE-_-NONE-/
NNG07EK68C,2023,6,0.0,150000.00,False,080-0120,"Science, National Aeronautics and Space Administration","Global Atmospheric Technologies and Sciences, Inc.",7fad989e-7d68-1859-7448-3481a3e5a3fa-C,"Tas::80 0120::tas this procurement is for the extended mission Operations support, Payload Operations and science data processing and support by the co-investigator of a flight experiment participant, mr. L.l. Gordley of gats Inc. New port news va for the timed saber mission. This includes developing all necessary command loads and maintaining the software used to assess instrument performance and long-term trends, evaluating instrument data products and taking necessary actions to meet science objectives while safeguarding the health of the saber instrument.   Regularly monitor the instrument S health and status using the realtime and quicklook software, and carefully examine the 24-hour data for any anomalies.  Operator adjustments will be made as necessary based on the assessments, and immediately reported to the science team.  System administration and maintenance of the saber Payload Operations Center (POC) computers and the processing software running on these systems.",https://www.usaspending.gov/award/CONT_AWD_NNG07EK68C_8000_-NONE-_-NONE-/
NNG07EK68C,2023,5,125075.87,0.0,False,080-0120,"Science, National Aeronautics and Space Administration","Global Atmospheric Technologies and Sciences, Inc.",7fad989e-7d68-1859-7448-3481a3e5a3fa-C,"Tas::80 0120::tas this procurement is for the extended mission Operations support, Payload Operations and science data processing and support by the co-investigator of a flight experiment participant, mr. L.l. Gordley of gats Inc. New port news va for the timed saber mission. This includes developing all necessary command loads and maintaining the software used to assess instrument performance and long-term trends, evaluating instrument data products and taking necessary actions to meet science objectives while safeguarding the health of the saber instrument.   Regularly monitor the instrument S health and status using the realtime and quicklook software, and carefully examine the 24-hour data for any anomalies.  Operator adjustments will be made as necessary based on the assessments, and immediately reported to the science team.  System administration and maintenance of the saber Payload Operations Center (POC) computers and the processing software running on these systems.",https://www.usaspending.gov/award/CONT_AWD_NNG07EK68C_8000_-NONE-_-NONE-/
NNG07EK68C,2023,5,39288.80,0.0,False,080-0120,"Science, National Aeronautics and Space Administration","Global Atmospheric Technologies and Sciences, Inc.",7fad989e-7d68-1859-7448-3481a3e5a3fa-C,"Tas::80 0120::tas this procurement is for the extended mission Operations support, Payload Operations and science data processing and support by the co-investigator of a flight experiment participant, mr. L.l. Gordley of gats Inc. New port news va for the timed saber mission. This includes developing all necessary command loads and maintaining the software used to assess instrument performance and long-term trends, evaluating instrument data products and taking necessary actions to meet science objectives while safeguarding the health of the saber instrument.   Regularly monitor the instrument S health and status using the realtime and quicklook software, and carefully examine the 24-hour data for any anomalies.  Operator adjustments will be made as necessary based on the assessments, and immediately reported to the science team.  System administration and maintenance of the saber Payload Operations Center (POC) computers and the processing software running on these systems.",https://www.usaspending.gov/award/CONT_AWD_NNG07EK68C_8000_-NONE-_-NONE-/
NNG07EK68C,2023,4,99827.02,0.0,False,080-0120,"Science, National Aeronautics and Space Administration","Global Atmospheric Technologies and Sciences, Inc.",7fad989e-7d68-1859-7448-3481a3e5a3fa-C,"Tas::80 0120::tas this procurement is for the extended mission Operations support, Payload Operations and science data processing and support by the co-investigator of a flight experiment participant, mr. L.l. Gordley of gats Inc. New port news va for the timed saber mission. This includes developing all necessary command loads and maintaining the software used to assess instrument performance and long-term trends, evaluating instrument data products and taking necessary actions to meet science objectives while safeguarding the health of the saber instrument.   Regularly monitor the instrument S health and status using the realtime and quicklook software, and carefully examine the 24-hour data for any anomalies.  Operator adjustments will be made as necessary based on the assessments, and immediately reported to the science team.  System administration and maintenance of the saber Payload Operations Center (POC) computers and the processing software running on these systems.",https://www.usaspending.gov/award/CONT_AWD_NNG07EK68C_8000_-NONE-_-NONE-/
NNG07EK68C,2023,3,99827.02,0.0,False,080-0120,"Science, National Aeronautics and Space Administration","Global Atmospheric Technologies and Sciences, Inc.",7fad989e-7d68-1859-7448-3481a3e5a3fa-C,"Tas::80 0120::tas this procurement is for the extended mission Operations support, Payload Operations and science data processing and support by the co-investigator of a flight experiment participant, mr. L.l. Gordley of gats Inc. New port news va for the timed saber mission. This includes developing all necessary command loads and maintaining the software used to assess instrument performance and long-term trends, evaluating instrument data products and taking necessary actions to meet science objectives while safeguarding the health of the saber instrument.   Regularly monitor the instrument S health and status using the realtime and quicklook software, and carefully examine the 24-hour data for any anomalies.  Operator adjustments will be made as necessary based on the assessments, and immediately reported to the science team.  System administration and maintenance of the saber Payload Operations Center (POC) computers and the processing software running on these systems.",https://www.usaspending.gov/award/CONT_AWD_NNG07EK68C_8000_-NONE-_-NONE-/
NNG07EK68C,2023,2,0.0,30757.04,False,080-0120,"Science, National Aeronautics and Space Administration","Global Atmospheric Technologies and Sciences, Inc.",7fad989e-7d68-1859-7448-3481a3e5a3fa-C,"Tas::80 0120::tas this procurement is for the extended mission Operations support, Payload Operations and science data processing and support by the co-investigator of a flight experiment participant, mr. L.l. Gordley of gats Inc. New port news va for the timed saber mission. This includes developing all necessary command loads and maintaining the software used to assess instrument performance and long-term trends, evaluating instrument data products and taking necessary actions to meet science objectives while safeguarding the health of the saber instrument.   Regularly monitor the instrument S health and status using the realtime and quicklook software, and carefully examine the 24-hour data for any anomalies.  Operator adjustments will be made as necessary based on the assessments, and immediately reported to the science team.  System administration and maintenance of the saber Payload Operations Center (POC) computers and the processing software running on these systems.",https://www.usaspending.gov/award/CONT_AWD_NNG07EK68C_8000_-NONE-_-NONE-/
NNG07EK68C,2023,2,68632.62,0.0,False,080-0120,"Science, National Aeronautics and Space Administration","Global Atmospheric Technologies and Sciences, Inc.",7fad989e-7d68-1859-7448-3481a3e5a3fa-C,"Tas::80 0120::tas this procurement is for the extended mission Operations support, Payload Operations and science data processing and support by the co-investigator of a flight experiment participant, mr. L.l. Gordley of gats Inc. New port news va for the timed saber mission. This includes developing all necessary command loads and maintaining the software used to assess instrument performance and long-term trends, evaluating instrument data products and taking necessary actions to meet science objectives while safeguarding the health of the saber instrument.   Regularly monitor the instrument S health and status using the realtime and quicklook software, and carefully examine the 24-hour data for any anomalies.  Operator adjustments will be made as necessary based on the assessments, and immediately reported to the science team.  System administration and maintenance of the saber Payload Operations Center (POC) computers and the processing software running on these systems.",https://www.usaspending.gov/award/CONT_AWD_NNG07EK68C_8000_-NONE-_-NONE-/
NNG07EK68C,2023,2,0.0,69242.96,False,080-0120,"Science, National Aeronautics and Space Administration","Global Atmospheric Technologies and Sciences, Inc.",7fad989e-7d68-1859-7448-3481a3e5a3fa-C,"Tas::80 0120::tas this procurement is for the extended mission Operations support, Payload Operations and science data processing and support by the co-investigator of a flight experiment participant, mr. L.l. Gordley of gats Inc. New port news va for the timed saber mission. This includes developing all necessary command loads and maintaining the software used to assess instrument performance and long-term trends, evaluating instrument data products and taking necessary actions to meet science objectives while safeguarding the health of the saber instrument.   Regularly monitor the instrument S health and status using the realtime and quicklook software, and carefully examine the 24-hour data for any anomalies.  Operator adjustments will be made as necessary based on the assessments, and immediately reported to the science team.  System administration and maintenance of the saber Payload Operations Center (POC) computers and the processing software running on these systems.",https://www.usaspending.gov/award/CONT_AWD_NNG07EK68C_8000_-NONE-_-NONE-/
NNG07EK68C,2022,12,130924.91,0.0,False,080-0120,"Science, National Aeronautics and Space Administration","Global Atmospheric Technologies and Sciences, Inc.",7fad989e-7d68-1859-7448-3481a3e5a3fa-C,"Tas::80 0120::tas this procurement is for the extended mission Operations support, Payload Operations and science data processing and support by the co-investigator of a flight experiment participant, mr. L.l. Gordley of gats Inc. New port news va for the timed saber mission. This includes developing all necessary command loads and maintaining the software used to assess instrument performance and long-term trends, evaluating instrument data products and taking necessary actions to meet science objectives while safeguarding the health of the saber instrument.   Regularly monitor the instrument S health and status using the realtime and quicklook software, and carefully examine the 24-hour data for any anomalies.  Operator adjustments will be made as necessary based on the assessments, and immediately reported to the science team.  System administration and maintenance of the saber Payload Operations Center (POC) computers and the processing software running on these systems.",https://www.usaspending.gov/award/CONT_AWD_NNG07EK68C_8000_-NONE-_-NONE-/
NNG07EK68C,2022,12,184536.92,0.0,False,080-0120,"Science, National Aeronautics and Space Administration","Global Atmospheric Technologies and Sciences, Inc.",7fad989e-7d68-1859-7448-3481a3e5a3fa-C,"Tas::80 0120::tas this procurement is for the extended mission Operations support, Payload Operations and science data processing and support by the co-investigator of a flight experiment participant, mr. L.l. Gordley of gats Inc. New port news va for the timed saber mission. This includes developing all necessary command loads and maintaining the software used to assess instrument performance and long-term trends, evaluating instrument data products and taking necessary actions to meet science objectives while safeguarding the health of the saber instrument.   Regularly monitor the instrument S health and status using the realtime and quicklook software, and carefully examine the 24-hour data for any anomalies.  Operator adjustments will be made as necessary based on the assessments, and immediately reported to the science team.  System administration and maintenance of the saber Payload Operations Center (POC) computers and the processing software running on these systems.",https://www.usaspending.gov/award/CONT_AWD_NNG07EK68C_8000_-NONE-_-NONE-/
NNG07EK68C,2022,12,46676.13,0.0,False,080-0120,"Science, National Aeronautics and Space Administration","Global Atmospheric Technologies and Sciences, Inc.",7fad989e-7d68-1859-7448-3481a3e5a3fa-C,"Tas::80 0120::tas this procurement is for the extended mission Operations support, Payload Operations and science data processing and support by the co-investigator of a flight experiment participant, mr. L.l. Gordley of gats Inc. New port news va for the timed saber mission. This includes developing all necessary command loads and maintaining the software used to assess instrument performance and long-term trends, evaluating instrument data products and taking necessary actions to meet science objectives while safeguarding the health of the saber instrument.   Regularly monitor the instrument S health and status using the realtime and quicklook software, and carefully examine the 24-hour data for any anomalies.  Operator adjustments will be made as necessary based on the assessments, and immediately reported to the science team.  System administration and maintenance of the saber Payload Operations Center (POC) computers and the processing software running on these systems.",https://www.usaspending.gov/award/CONT_AWD_NNG07EK68C_8000_-NONE-_-NONE-/
NNG07EK68C,2022,11,0.0,49995.00,False,080-0120,"Science, National Aeronautics and Space Administration","Global Atmospheric Technologies and Sciences, Inc.",7fad989e-7d68-1859-7448-3481a3e5a3fa-C,"Tas::80 0120::tas this procurement is for the extended mission Operations support, Payload Operations and science data processing and support by the co-investigator of a flight experiment participant, mr. L.l. Gordley of gats Inc. New port news va for the timed saber mission. This includes developing all necessary command loads and maintaining the software used to assess instrument performance and long-term trends, evaluating instrument data products and taking necessary actions to meet science objectives while safeguarding the health of the saber instrument.   Regularly monitor the instrument S health and status using the realtime and quicklook software, and carefully examine the 24-hour data for any anomalies.  Operator adjustments will be made as necessary based on the assessments, and immediately reported to the science team.  System administration and maintenance of the saber Payload Operations Center (POC) computers and the processing software running on these systems.",https://www.usaspending.gov/award/CONT_AWD_NNG07EK68C_8000_-NONE-_-NONE-/
NNG07EK68C,2022,11,184536.92,0.0,False,080-0120,"Science, National Aeronautics and Space Administration","Global Atmospheric Technologies and Sciences, Inc.",7fad989e-7d68-1859-7448-3481a3e5a3fa-C,"Tas::80 0120::tas this procurement is for the extended mission Operations support, Payload Operations and science data processing and support by the co-investigator of a flight experiment participant, mr. L.l. Gordley of gats Inc. New port news va for the timed saber mission. This includes developing all necessary command loads and maintaining the software used to assess instrument performance and long-term trends, evaluating instrument data products and taking necessary actions to meet science objectives while safeguarding the health of the saber instrument.   Regularly monitor the instrument S health and status using the realtime and quicklook software, and carefully examine the 24-hour data for any anomalies.  Operator adjustments will be made as necessary based on the assessments, and immediately reported to the science team.  System administration and maintenance of the saber Payload Operations Center (POC) computers and the processing software running on these systems.",https://www.usaspending.gov/award/CONT_AWD_NNG07EK68C_8000_-NONE-_-NONE-/
NNG07EK68C,2022,11,130924.91,0.0,False,080-0120,"Science, National Aeronautics and Space Administration","Global Atmospheric Technologies and Sciences, Inc.",7fad989e-7d68-1859-7448-3481a3e5a3fa-C,"Tas::80 0120::tas this procurement is for the extended mission Operations support, Payload Operations and science data processing and support by the co-investigator of a flight experiment participant, mr. L.l. Gordley of gats Inc. New port news va for the timed saber mission. This includes developing all necessary command loads and maintaining the software used to assess instrument performance and long-term trends, evaluating instrument data products and taking necessary actions to meet science objectives while safeguarding the health of the saber instrument.   Regularly monitor the instrument S health and status using the realtime and quicklook software, and carefully examine the 24-hour data for any anomalies.  Operator adjustments will be made as necessary based on the assessments, and immediately reported to the science team.  System administration and maintenance of the saber Payload Operations Center (POC) computers and the processing software running on these systems.",https://www.usaspending.gov/award/CONT_AWD_NNG07EK68C_8000_-NONE-_-NONE-/
NNG07EK68C,2022,11,1417.63,0.0,False,080-0120,"Science, National Aeronautics and Space Administration","Global Atmospheric Technologies and Sciences, Inc.",7fad989e-7d68-1859-7448-3481a3e5a3fa-C,"Tas::80 0120::tas this procurement is for the extended mission Operations support, Payload Operations and science data processing and support by the co-investigator of a flight experiment participant, mr. L.l. Gordley of gats Inc. New port news va for the timed saber mission. This includes developing all necessary command loads and maintaining the software used to assess instrument performance and long-term trends, evaluating instrument data products and taking necessary actions to meet science objectives while safeguarding the health of the saber instrument.   Regularly monitor the instrument S health and status using the realtime and quicklook software, and carefully examine the 24-hour data for any anomalies.  Operator adjustments will be made as necessary based on the assessments, and immediately reported to the science team.  System administration and maintenance of the saber Payload Operations Center (POC) computers and the processing software running on these systems.",https://www.usaspending.gov/award/CONT_AWD_NNG07EK68C_8000_-NONE-_-NONE-/
NNG07EK68C,2022,10,184536.92,0.0,False,080-0120,"Science, National Aeronautics and Space Administration","Global Atmospheric Technologies and Sciences, Inc.",7fad989e-7d68-1859-7448-3481a3e5a3fa-C,"Tas::80 0120::tas this procurement is for the extended mission Operations support, Payload Operations and science data processing and support by the co-investigator of a flight experiment participant, mr. L.l. Gordley of gats Inc. New port news va for the timed saber mission. This includes developing all necessary command loads and maintaining the software used to assess instrument performance and long-term trends, evaluating instrument data products and taking necessary actions to meet science objectives while safeguarding the health of the saber instrument.   Regularly monitor the instrument S health and status using the realtime and quicklook software, and carefully examine the 24-hour data for any anomalies.  Operator adjustments will be made as necessary based on the assessments, and immediately reported to the science team.  System administration and maintenance of the saber Payload Operations Center (POC) computers and the processing software running on these systems.",https://www.usaspending.gov/award/CONT_AWD_NNG07EK68C_8000_-NONE-_-NONE-/
NNG07EK68C,2022,10,89350.89,0.0,False,080-0120,"Science, National Aeronautics and Space Administration","Global Atmospheric Technologies and Sciences, Inc.",7fad989e-7d68-1859-7448-3481a3e5a3fa-C,"Tas::80 0120::tas this procurement is for the extended mission Operations support, Payload Operations and science data processing and support by the co-investigator of a flight experiment participant, mr. L.l. Gordley of gats Inc. New port news va for the timed saber mission. This includes developing all necessary command loads and maintaining the software used to assess instrument performance and long-term trends, evaluating instrument data products and taking necessary actions to meet science objectives while safeguarding the health of the saber instrument.   Regularly monitor the instrument S health and status using the realtime and quicklook software, and carefully examine the 24-hour data for any anomalies.  Operator adjustments will be made as necessary based on the assessments, and immediately reported to the science team.  System administration and maintenance of the saber Payload Operations Center (POC) computers and the processing software running on these systems.",https://www.usaspending.gov/award/CONT_AWD_NNG07EK68C_8000_-NONE-_-NONE-/
NNG07EK68C,2022,9,0.0,109000.00,False,080-0120,"Science, National Aeronautics and Space Administration","Global Atmospheric Technologies and Sciences, Inc.",7fad989e-7d68-1859-7448-3481a3e5a3fa-C,"Tas::80 0120::tas this procurement is for the extended mission Operations support, Payload Operations and science data processing and support by the co-investigator of a flight experiment participant, mr. L.l. Gordley of gats Inc. New port news va for the timed saber mission. This includes developing all necessary command loads and maintaining the software used to assess instrument performance and long-term trends, evaluating instrument data products and taking necessary actions to meet science objectives while safeguarding the health of the saber instrument.   Regularly monitor the instrument S health and status using the realtime and quicklook software, and carefully examine the 24-hour data for any anomalies.  Operator adjustments will be made as necessary based on the assessments, and immediately reported to the science team.  System administration and maintenance of the saber Payload Operations Center (POC) computers and the processing software running on these systems.",https://www.usaspending.gov/award/CONT_AWD_NNG07EK68C_8000_-NONE-_-NONE-/
NNG07EK68C,2022,9,184536.92,0.0,False,080-0120,"Science, National Aeronautics and Space Administration","Global Atmospheric Technologies and Sciences, Inc.",7fad989e-7d68-1859-7448-3481a3e5a3fa-C,"Tas::80 0120::tas this procurement is for the extended mission Operations support, Payload Operations and science data processing and support by the co-investigator of a flight experiment participant, mr. L.l. Gordley of gats Inc. New port news va for the timed saber mission. This includes developing all necessary command loads and maintaining the software used to assess instrument performance and long-term trends, evaluating instrument data products and taking necessary actions to meet science objectives while safeguarding the health of the saber instrument.   Regularly monitor the instrument S health and status using the realtime and quicklook software, and carefully examine the 24-hour data for any anomalies.  Operator adjustments will be made as necessary based on the assessments, and immediately reported to the science team.  System administration and maintenance of the saber Payload Operations Center (POC) computers and the processing software running on these systems.",https://www.usaspending.gov/award/CONT_AWD_NNG07EK68C_8000_-NONE-_-NONE-/
NNG07EK68C,2022,9,50911.60,0.0,False,080-0120,"Science, National Aeronautics and Space Administration","Global Atmospheric Technologies and Sciences, Inc.",7fad989e-7d68-1859-7448-3481a3e5a3fa-C,"Tas::80 0120::tas this procurement is for the extended mission Operations support, Payload Operations and science data processing and support by the co-investigator of a flight experiment participant, mr. L.l. Gordley of gats Inc. New port news va for the timed saber mission. This includes developing all necessary command loads and maintaining the software used to assess instrument performance and long-term trends, evaluating instrument data products and taking necessary actions to meet science objectives while safeguarding the health of the saber instrument.   Regularly monitor the instrument S health and status using the realtime and quicklook software, and carefully examine the 24-hour data for any anomalies.  Operator adjustments will be made as necessary based on the assessments, and immediately reported to the science team.  System administration and maintenance of the saber Payload Operations Center (POC) computers and the processing software running on these systems.",https://www.usaspending.gov/award/CONT_AWD_NNG07EK68C_8000_-NONE-_-NONE-/
NNG07EK68C,2022,8,165669.86,0.0,False,080-0120,"Science, National Aeronautics and Space Administration","Global Atmospheric Technologies and Sciences, Inc.",7fad989e-7d68-1859-7448-3481a3e5a3fa-C,"Tas::80 0120::tas this procurement is for the extended mission Operations support, Payload Operations and science data processing and support by the co-investigator of a flight experiment participant, mr. L.l. Gordley of gats Inc. New port news va for the timed saber mission. This includes developing all necessary command loads and maintaining the software used to assess instrument performance and long-term trends, evaluating instrument data products and taking necessary actions to meet science objectives while safeguarding the health of the saber instrument.   Regularly monitor the instrument S health and status using the realtime and quicklook software, and carefully examine the 24-hour data for any anomalies.  Operator adjustments will be made as necessary based on the assessments, and immediately reported to the science team.  System administration and maintenance of the saber Payload Operations Center (POC) computers and the processing software running on these systems.",https://www.usaspending.gov/award/CONT_AWD_NNG07EK68C_8000_-NONE-_-NONE-/
NNG07EK68C,2022,7,141819.64,0.0,False,080-0120,"Science, National Aeronautics and Space Administration","Global Atmospheric Technologies and Sciences, Inc.",7fad989e-7d68-1859-7448-3481a3e5a3fa-C,"Tas::80 0120::tas this procurement is for the extended mission Operations support, Payload Operations and science data processing and support by the co-investigator of a flight experiment participant, mr. L.l. Gordley of gats Inc. New port news va for the timed saber mission. This includes developing all necessary command loads and maintaining the software used to assess instrument performance and long-term trends, evaluating instrument data products and taking necessary actions to meet science objectives while safeguarding the health of the saber instrument.   Regularly monitor the instrument S health and status using the realtime and quicklook software, and carefully examine the 24-hour data for any anomalies.  Operator adjustments will be made as necessary based on the assessments, and immediately reported to the science team.  System administration and maintenance of the saber Payload Operations Center (POC) computers and the processing software running on these systems.",https://www.usaspending.gov/award/CONT_AWD_NNG07EK68C_8000_-NONE-_-NONE-/
NNG07EK68C,2022,6,121506.36,0.0,False,080-0120,"Science, National Aeronautics and Space Administration","Global Atmospheric Technologies and Sciences, Inc.",7fad989e-7d68-1859-7448-3481a3e5a3fa-C,"Tas::80 0120::tas this procurement is for the extended mission Operations support, Payload Operations and science data processing and support by the co-investigator of a flight experiment participant, mr. L.l. Gordley of gats Inc. New port news va for the timed saber mission. This includes developing all necessary command loads and maintaining the software used to assess instrument performance and long-term trends, evaluating instrument data products and taking necessary actions to meet science objectives while safeguarding the health of the saber instrument.   Regularly monitor the instrument S health and status using the realtime and quicklook software, and carefully examine the 24-hour data for any anomalies.  Operator adjustments will be made as necessary based on the assessments, and immediately reported to the science team.  System administration and maintenance of the saber Payload Operations Center (POC) computers and the processing software running on these systems.",https://www.usaspending.gov/award/CONT_AWD_NNG07EK68C_8000_-NONE-_-NONE-/
NNG07EK68C,2022,5,96797.49,0.0,False,080-0120,"Science, National Aeronautics and Space Administration","Global Atmospheric Technologies and Sciences, Inc.",7fad989e-7d68-1859-7448-3481a3e5a3fa-C,"Tas::80 0120::tas this procurement is for the extended mission Operations support, Payload Operations and science data processing and support by the co-investigator of a flight experiment participant, mr. L.l. Gordley of gats Inc. New port news va for the timed saber mission. This includes developing all necessary command loads and maintaining the software used to assess instrument performance and long-term trends, evaluating instrument data products and taking necessary actions to meet science objectives while safeguarding the health of the saber instrument.   Regularly monitor the instrument S health and status using the realtime and quicklook software, and carefully examine the 24-hour data for any anomalies.  Operator adjustments will be made as necessary based on the assessments, and immediately reported to the science team.  System administration and maintenance of the saber Payload Operations Center (POC) computers and the processing software running on these systems.",https://www.usaspending.gov/award/CONT_AWD_NNG07EK68C_8000_-NONE-_-NONE-/
NNG07EK68C,2022,5,0.0,130924.91,False,080-0120,"Science, National Aeronautics and Space Administration","Global Atmospheric Technologies and Sciences, Inc.",7fad989e-7d68-1859-7448-3481a3e5a3fa-C,"Tas::80 0120::tas this procurement is for the extended mission Operations support, Payload Operations and science data processing and support by the co-investigator of a flight experiment participant, mr. L.l. Gordley of gats Inc. New port news va for the timed saber mission. This includes developing all necessary command loads and maintaining the software used to assess instrument performance and long-term trends, evaluating instrument data products and taking necessary actions to meet science objectives while safeguarding the health of the saber instrument.   Regularly monitor the instrument S health and status using the realtime and quicklook software, and carefully examine the 24-hour data for any anomalies.  Operator adjustments will be made as necessary based on the assessments, and immediately reported to the science team.  System administration and maintenance of the saber Payload Operations Center (POC) computers and the processing software running on these systems.",https://www.usaspending.gov/award/CONT_AWD_NNG07EK68C_8000_-NONE-_-NONE-/
NNG07EK68C,2022,5,0.0,-130924.91,False,080-0120,"Science, National Aeronautics and Space Administration","Global Atmospheric Technologies and Sciences, Inc.",7fad989e-7d68-1859-7448-3481a3e5a3fa-C,"Tas::80 0120::tas this procurement is for the extended mission Operations support, Payload Operations and science data processing and support by the co-investigator of a flight experiment participant, mr. L.l. Gordley of gats Inc. New port news va for the timed saber mission. This includes developing all necessary command loads and maintaining the software used to assess instrument performance and long-term trends, evaluating instrument data products and taking necessary actions to meet science objectives while safeguarding the health of the saber instrument.   Regularly monitor the instrument S health and status using the realtime and quicklook software, and carefully examine the 24-hour data for any anomalies.  Operator adjustments will be made as necessary based on the assessments, and immediately reported to the science team.  System administration and maintenance of the saber Payload Operations Center (POC) computers and the processing software running on these systems.",https://www.usaspending.gov/award/CONT_AWD_NNG07EK68C_8000_-NONE-_-NONE-/
NNG07EK68C,2022,4,74447.57,0.0,False,080-0120,"Science, National Aeronautics and Space Administration","Global Atmospheric Technologies and Sciences, Inc.",7fad989e-7d68-1859-7448-3481a3e5a3fa-C,"Tas::80 0120::tas this procurement is for the extended mission Operations support, Payload Operations and science data processing and support by the co-investigator of a flight experiment participant, mr. L.l. Gordley of gats Inc. New port news va for the timed saber mission. This includes developing all necessary command loads and maintaining the software used to assess instrument performance and long-term trends, evaluating instrument data products and taking necessary actions to meet science objectives while safeguarding the health of the saber instrument.   Regularly monitor the instrument S health and status using the realtime and quicklook software, and carefully examine the 24-hour data for any anomalies.  Operator adjustments will be made as necessary based on the assessments, and immediately reported to the science team.  System administration and maintenance of the saber Payload Operations Center (POC) computers and the processing software running on these systems.",https://www.usaspending.gov/award/CONT_AWD_NNG07EK68C_8000_-NONE-_-NONE-/
NNG07EK68C,2022,3,0.0,130924.91,False,080-0120,"Science, National Aeronautics and Space Administration","Global Atmospheric Technologies and Sciences, Inc.",7fad989e-7d68-1859-7448-3481a3e5a3fa-C,"Tas::80 0120::tas this procurement is for the extended mission Operations support, Payload Operations and science data processing and support by the co-investigator of a flight experiment participant, mr. L.l. Gordley of gats Inc. New port news va for the timed saber mission. This includes developing all necessary command loads and maintaining the software used to assess instrument performance and long-term trends, evaluating instrument data products and taking necessary actions to meet science objectives while safeguarding the health of the saber instrument.   Regularly monitor the instrument S health and status using the realtime and quicklook software, and carefully examine the 24-hour data for any anomalies.  Operator adjustments will be made as necessary based on the assessments, and immediately reported to the science team.  System administration and maintenance of the saber Payload Operations Center (POC) computers and the processing software running on these systems.",https://www.usaspending.gov/award/CONT_AWD_NNG07EK68C_8000_-NONE-_-NONE-/
NNG07EK68C,2022,3,74447.57,0.0,False,080-0120,"Science, National Aeronautics and Space Administration","Global Atmospheric Technologies and Sciences, Inc.",7fad989e-7d68-1859-7448-3481a3e5a3fa-C,"Tas::80 0120::tas this procurement is for the extended mission Operations support, Payload Operations and science data processing and support by the co-investigator of a flight experiment participant, mr. L.l. Gordley of gats Inc. New port news va for the timed saber mission. This includes developing all necessary command loads and maintaining the software used to assess instrument performance and long-term trends, evaluating instrument data products and taking necessary actions to meet science objectives while safeguarding the health of the saber instrument.   Regularly monitor the instrument S health and status using the realtime and quicklook software, and carefully examine the 24-hour data for any anomalies.  Operator adjustments will be made as necessary based on the assessments, and immediately reported to the science team.  System administration and maintenance of the saber Payload Operations Center (POC) computers and the processing software running on these systems.",https://www.usaspending.gov/award/CONT_AWD_NNG07EK68C_8000_-NONE-_-NONE-/
NNG07EK68C,2021,12,207922.08,0.0,False,080-0120,"Science, National Aeronautics and Space Administration","Global Atmospheric Technologies and Sciences, Inc.",7fad989e-7d68-1859-7448-3481a3e5a3fa-C,"Tas::80 0120::tas this procurement is for the extended mission Operations support, Payload Operations and science data processing and support by the co-investigator of a flight experiment participant, mr. L.l. Gordley of gats Inc. New port news va for the timed saber mission. This includes developing all necessary command loads and maintaining the software used to assess instrument performance and long-term trends, evaluating instrument data products and taking necessary actions to meet science objectives while safeguarding the health of the saber instrument.   Regularly monitor the instrument S health and status using the realtime and quicklook software, and carefully examine the 24-hour data for any anomalies.  Operator adjustments will be made as necessary based on the assessments, and immediately reported to the science team.  System administration and maintenance of the saber Payload Operations Center (POC) computers and the processing software running on these systems.",https://www.usaspending.gov/award/CONT_AWD_NNG07EK68C_8000_-NONE-_-NONE-/
NNG07EK68C,2021,12,30474.13,0.0,False,080-0120,"Science, National Aeronautics and Space Administration","Global Atmospheric Technologies and Sciences, Inc.",7fad989e-7d68-1859-7448-3481a3e5a3fa-C,"Tas::80 0120::tas this procurement is for the extended mission Operations support, Payload Operations and science data processing and support by the co-investigator of a flight experiment participant, mr. L.l. Gordley of gats Inc. New port news va for the timed saber mission. This includes developing all necessary command loads and maintaining the software used to assess instrument performance and long-term trends, evaluating instrument data products and taking necessary actions to meet science objectives while safeguarding the health of the saber instrument.   Regularly monitor the instrument S health and status using the realtime and quicklook software, and carefully examine the 24-hour data for any anomalies.  Operator adjustments will be made as necessary based on the assessments, and immediately reported to the science team.  System administration and maintenance of the saber Payload Operations Center (POC) computers and the processing software running on these systems.",https://www.usaspending.gov/award/CONT_AWD_NNG07EK68C_8000_-NONE-_-NONE-/
NNG07EK68C,2021,11,163720.98,0.0,False,080-0120,"Science, National Aeronautics and Space Administration","Global Atmospheric Technologies and Sciences, Inc.",7fad989e-7d68-1859-7448-3481a3e5a3fa-C,"Tas::80 0120::tas this procurement is for the extended mission Operations support, Payload Operations and science data processing and support by the co-investigator of a flight experiment participant, mr. L.l. Gordley of gats Inc. New port news va for the timed saber mission. This includes developing all necessary command loads and maintaining the software used to assess instrument performance and long-term trends, evaluating instrument data products and taking necessary actions to meet science objectives while safeguarding the health of the saber instrument.   Regularly monitor the instrument S health and status using the realtime and quicklook software, and carefully examine the 24-hour data for any anomalies.  Operator adjustments will be made as necessary based on the assessments, and immediately reported to the science team.  System administration and maintenance of the saber Payload Operations Center (POC) computers and the processing software running on these systems.",https://www.usaspending.gov/award/CONT_AWD_NNG07EK68C_8000_-NONE-_-NONE-/
NNG07EK68C,2021,11,30474.13,0.0,False,080-0120,"Science, National Aeronautics and Space Administration","Global Atmospheric Technologies and Sciences, Inc.",7fad989e-7d68-1859-7448-3481a3e5a3fa-C,"Tas::80 0120::tas this procurement is for the extended mission Operations support, Payload Operations and science data processing and support by the co-investigator of a flight experiment participant, mr. L.l. Gordley of gats Inc. New port news va for the timed saber mission. This includes developing all necessary command loads and maintaining the software used to assess instrument performance and long-term trends, evaluating instrument data products and taking necessary actions to meet science objectives while safeguarding the health of the saber instrument.   Regularly monitor the instrument S health and status using the realtime and quicklook software, and carefully examine the 24-hour data for any anomalies.  Operator adjustments will be made as necessary based on the assessments, and immediately reported to the science team.  System administration and maintenance of the saber Payload Operations Center (POC) computers and the processing software running on these systems.",https://www.usaspending.gov/award/CONT_AWD_NNG07EK68C_8000_-NONE-_-NONE-/
NNG07EK68C,2021,10,140493.17,0.0,False,080-0120,"Science, National Aeronautics and Space Administration","Global Atmospheric Technologies and Sciences, Inc.",7fad989e-7d68-1859-7448-3481a3e5a3fa-C,"Tas::80 0120::tas this procurement is for the extended mission Operations support, Payload Operations and science data processing and support by the co-investigator of a flight experiment participant, mr. L.l. Gordley of gats Inc. New port news va for the timed saber mission. This includes developing all necessary command loads and maintaining the software used to assess instrument performance and long-term trends, evaluating instrument data products and taking necessary actions to meet science objectives while safeguarding the health of the saber instrument.   Regularly monitor the instrument S health and status using the realtime and quicklook software, and carefully examine the 24-hour data for any anomalies.  Operator adjustments will be made as necessary based on the assessments, and immediately reported to the science team.  System administration and maintenance of the saber Payload Operations Center (POC) computers and the processing software running on these systems.",https://www.usaspending.gov/award/CONT_AWD_NNG07EK68C_8000_-NONE-_-NONE-/
NNG07EK68C,2021,10,30474.13,0.0,False,080-0120,"Science, National Aeronautics and Space Administration","Global Atmospheric Technologies and Sciences, Inc.",7fad989e-7d68-1859-7448-3481a3e5a3fa-C,"Tas::80 0120::tas this procurement is for the extended mission Operations support, Payload Operations and science data processing and support by the co-investigator of a flight experiment participant, mr. L.l. Gordley of gats Inc. New port news va for the timed saber mission. This includes developing all necessary command loads and maintaining the software used to assess instrument performance and long-term trends, evaluating instrument data products and taking necessary actions to meet science objectives while safeguarding the health of the saber instrument.   Regularly monitor the instrument S health and status using the realtime and quicklook software, and carefully examine the 24-hour data for any anomalies.  Operator adjustments will be made as necessary based on the assessments, and immediately reported to the science team.  System administration and maintenance of the saber Payload Operations Center (POC) computers and the processing software running on these systems.",https://www.usaspending.gov/award/CONT_AWD_NNG07EK68C_8000_-NONE-_-NONE-/
NNG07EK68C,2021,9,140493.17,0.0,False,080-0120,"Science, National Aeronautics and Space Administration","Global Atmospheric Technologies and Sciences, Inc.",7fad989e-7d68-1859-7448-3481a3e5a3fa-C,"Tas::80 0120::tas this procurement is for the extended mission Operations support, Payload Operations and science data processing and support by the co-investigator of a flight experiment participant, mr. L.l. Gordley of gats Inc. New port news va for the timed saber mission. This includes developing all necessary command loads and maintaining the software used to assess instrument performance and long-term trends, evaluating instrument data products and taking necessary actions to meet science objectives while safeguarding the health of the saber instrument.   Regularly monitor the instrument S health and status using the realtime and quicklook software, and carefully examine the 24-hour data for any anomalies.  Operator adjustments will be made as necessary based on the assessments, and immediately reported to the science team.  System administration and maintenance of the saber Payload Operations Center (POC) computers and the processing software running on these systems.",https://www.usaspending.gov/award/CONT_AWD_NNG07EK68C_8000_-NONE-_-NONE-/
NNG07EK68C,2021,9,30474.13,0.0,False,080-0120,"Science, National Aeronautics and Space Administration","Global Atmospheric Technologies and Sciences, Inc.",7fad989e-7d68-1859-7448-3481a3e5a3fa-C,"Tas::80 0120::tas this procurement is for the extended mission Operations support, Payload Operations and science data processing and support by the co-investigator of a flight experiment participant, mr. L.l. Gordley of gats Inc. New port news va for the timed saber mission. This includes developing all necessary command loads and maintaining the software used to assess instrument performance and long-term trends, evaluating instrument data products and taking necessary actions to meet science objectives while safeguarding the health of the saber instrument.   Regularly monitor the instrument S health and status using the realtime and quicklook software, and carefully examine the 24-hour data for any anomalies.  Operator adjustments will be made as necessary based on the assessments, and immediately reported to the science team.  System administration and maintenance of the saber Payload Operations Center (POC) computers and the processing software running on these systems.",https://www.usaspending.gov/award/CONT_AWD_NNG07EK68C_8000_-NONE-_-NONE-/
NNG07EK68C,2021,8,30474.13,0.0,False,080-0120,"Science, National Aeronautics and Space Administration","Global Atmospheric Technologies and Sciences, Inc.",7fad989e-7d68-1859-7448-3481a3e5a3fa-C,"Tas::80 0120::tas this procurement is for the extended mission Operations support, Payload Operations and science data processing and support by the co-investigator of a flight experiment participant, mr. L.l. Gordley of gats Inc. New port news va for the timed saber mission. This includes developing all necessary command loads and maintaining the software used to assess instrument performance and long-term trends, evaluating instrument data products and taking necessary actions to meet science objectives while safeguarding the health of the saber instrument.   Regularly monitor the instrument S health and status using the realtime and quicklook software, and carefully examine the 24-hour data for any anomalies.  Operator adjustments will be made as necessary based on the assessments, and immediately reported to the science team.  System administration and maintenance of the saber Payload Operations Center (POC) computers and the processing software running on these systems.",https://www.usaspending.gov/award/CONT_AWD_NNG07EK68C_8000_-NONE-_-NONE-/
NNG07EK68C,2021,8,100882.07,0.0,False,080-0120,"Science, National Aeronautics and Space Administration","Global Atmospheric Technologies and Sciences, Inc.",7fad989e-7d68-1859-7448-3481a3e5a3fa-C,"Tas::80 0120::tas this procurement is for the extended mission Operations support, Payload Operations and science data processing and support by the co-investigator of a flight experiment participant, mr. L.l. Gordley of gats Inc. New port news va for the timed saber mission. This includes developing all necessary command loads and maintaining the software used to assess instrument performance and long-term trends, evaluating instrument data products and taking necessary actions to meet science objectives while safeguarding the health of the saber instrument.   Regularly monitor the instrument S health and status using the realtime and quicklook software, and carefully examine the 24-hour data for any anomalies.  Operator adjustments will be made as necessary based on the assessments, and immediately reported to the science team.  System administration and maintenance of the saber Payload Operations Center (POC) computers and the processing software running on these systems.",https://www.usaspending.gov/award/CONT_AWD_NNG07EK68C_8000_-NONE-_-NONE-/
NNG07EK68C,2021,7,99522.38,0.0,False,080-0120,"Science, National Aeronautics and Space Administration","Global Atmospheric Technologies and Sciences, Inc.",7fad989e-7d68-1859-7448-3481a3e5a3fa-C,"Tas::80 0120::tas this procurement is for the extended mission Operations support, Payload Operations and science data processing and support by the co-investigator of a flight experiment participant, mr. L.l. Gordley of gats Inc. New port news va for the timed saber mission. This includes developing all necessary command loads and maintaining the software used to assess instrument performance and long-term trends, evaluating instrument data products and taking necessary actions to meet science objectives while safeguarding the health of the saber instrument.   Regularly monitor the instrument S health and status using the realtime and quicklook software, and carefully examine the 24-hour data for any anomalies.  Operator adjustments will be made as necessary based on the assessments, and immediately reported to the science team.  System administration and maintenance of the saber Payload Operations Center (POC) computers and the processing software running on these systems.",https://www.usaspending.gov/award/CONT_AWD_NNG07EK68C_8000_-NONE-_-NONE-/
NNG07EK68C,2021,7,0.0,256017.00,False,080-0120,"Science, National Aeronautics and Space Administration","Global Atmospheric Technologies and Sciences, Inc.",7fad989e-7d68-1859-7448-3481a3e5a3fa-C,"Tas::80 0120::tas this procurement is for the extended mission Operations support, Payload Operations and science data processing and support by the co-investigator of a flight experiment participant, mr. L.l. Gordley of gats Inc. New port news va for the timed saber mission. This includes developing all necessary command loads and maintaining the software used to assess instrument performance and long-term trends, evaluating instrument data products and taking necessary actions to meet science objectives while safeguarding the health of the saber instrument.   Regularly monitor the instrument S health and status using the realtime and quicklook software, and carefully examine the 24-hour data for any anomalies.  Operator adjustments will be made as necessary based on the assessments, and immediately reported to the science team.  System administration and maintenance of the saber Payload Operations Center (POC) computers and the processing software running on these systems.",https://www.usaspending.gov/award/CONT_AWD_NNG07EK68C_8000_-NONE-_-NONE-/
NNG07EK68C,2021,7,30474.13,0.0,False,080-0120,"Science, National Aeronautics and Space Administration","Global Atmospheric Technologies and Sciences, Inc.",7fad989e-7d68-1859-7448-3481a3e5a3fa-C,"Tas::80 0120::tas this procurement is for the extended mission Operations support, Payload Operations and science data processing and support by the co-investigator of a flight experiment participant, mr. L.l. Gordley of gats Inc. New port news va for the timed saber mission. This includes developing all necessary command loads and maintaining the software used to assess instrument performance and long-term trends, evaluating instrument data products and taking necessary actions to meet science objectives while safeguarding the health of the saber instrument.   Regularly monitor the instrument S health and status using the realtime and quicklook software, and carefully examine the 24-hour data for any anomalies.  Operator adjustments will be made as necessary based on the assessments, and immediately reported to the science team.  System administration and maintenance of the saber Payload Operations Center (POC) computers and the processing software running on these systems.",https://www.usaspending.gov/award/CONT_AWD_NNG07EK68C_8000_-NONE-_-NONE-/
NNG07EK68C,2021,6,58717.00,0.0,False,080-0120,"Science, National Aeronautics and Space Administration","Global Atmospheric Technologies and Sciences, Inc.",7fad989e-7d68-1859-7448-3481a3e5a3fa-C,"Tas::80 0120::tas this procurement is for the extended mission Operations support, Payload Operations and science data processing and support by the co-investigator of a flight experiment participant, mr. L.l. Gordley of gats Inc. New port news va for the timed saber mission. This includes developing all necessary command loads and maintaining the software used to assess instrument performance and long-term trends, evaluating instrument data products and taking necessary actions to meet science objectives while safeguarding the health of the saber instrument.   Regularly monitor the instrument S health and status using the realtime and quicklook software, and carefully examine the 24-hour data for any anomalies.  Operator adjustments will be made as necessary based on the assessments, and immediately reported to the science team.  System administration and maintenance of the saber Payload Operations Center (POC) computers and the processing software running on these systems.",https://www.usaspending.gov/award/CONT_AWD_NNG07EK68C_8000_-NONE-_-NONE-/
NNG07EK68C,2021,6,30474.13,0.0,False,080-0120,"Science, National Aeronautics and Space Administration","Global Atmospheric Technologies and Sciences, Inc.",7fad989e-7d68-1859-7448-3481a3e5a3fa-C,"Tas::80 0120::tas this procurement is for the extended mission Operations support, Payload Operations and science data processing and support by the co-investigator of a flight experiment participant, mr. L.l. Gordley of gats Inc. New port news va for the timed saber mission. This includes developing all necessary command loads and maintaining the software used to assess instrument performance and long-term trends, evaluating instrument data products and taking necessary actions to meet science objectives while safeguarding the health of the saber instrument.   Regularly monitor the instrument S health and status using the realtime and quicklook software, and carefully examine the 24-hour data for any anomalies.  Operator adjustments will be made as necessary based on the assessments, and immediately reported to the science team.  System administration and maintenance of the saber Payload Operations Center (POC) computers and the processing software running on these systems.",https://www.usaspending.gov/award/CONT_AWD_NNG07EK68C_8000_-NONE-_-NONE-/
NNG07EK68C,2021,5,58717.00,0.0,False,080-0120,"Science, National Aeronautics and Space Administration","Global Atmospheric Technologies and Sciences, Inc.",7fad989e-7d68-1859-7448-3481a3e5a3fa-C,"Tas::80 0120::tas this procurement is for the extended mission Operations support, Payload Operations and science data processing and support by the co-investigator of a flight experiment participant, mr. L.l. Gordley of gats Inc. New port news va for the timed saber mission. This includes developing all necessary command loads and maintaining the software used to assess instrument performance and long-term trends, evaluating instrument data products and taking necessary actions to meet science objectives while safeguarding the health of the saber instrument.   Regularly monitor the instrument S health and status using the realtime and quicklook software, and carefully examine the 24-hour data for any anomalies.  Operator adjustments will be made as necessary based on the assessments, and immediately reported to the science team.  System administration and maintenance of the saber Payload Operations Center (POC) computers and the processing software running on these systems.",https://www.usaspending.gov/award/CONT_AWD_NNG07EK68C_8000_-NONE-_-NONE-/
NNG07EK68C,2021,5,30474.13,0.0,False,080-0120,"Science, National Aeronautics and Space Administration","Global Atmospheric Technologies and Sciences, Inc.",7fad989e-7d68-1859-7448-3481a3e5a3fa-C,"Tas::80 0120::tas this procurement is for the extended mission Operations support, Payload Operations and science data processing and support by the co-investigator of a flight experiment participant, mr. L.l. Gordley of gats Inc. New port news va for the timed saber mission. This includes developing all necessary command loads and maintaining the software used to assess instrument performance and long-term trends, evaluating instrument data products and taking necessary actions to meet science objectives while safeguarding the health of the saber instrument.   Regularly monitor the instrument S health and status using the realtime and quicklook software, and carefully examine the 24-hour data for any anomalies.  Operator adjustments will be made as necessary based on the assessments, and immediately reported to the science team.  System administration and maintenance of the saber Payload Operations Center (POC) computers and the processing software running on these systems.",https://www.usaspending.gov/award/CONT_AWD_NNG07EK68C_8000_-NONE-_-NONE-/
NNG07EK68C,2021,4,30474.13,0.0,False,080-0120,"Science, National Aeronautics and Space Administration","Global Atmospheric Technologies and Sciences, Inc.",7fad989e-7d68-1859-7448-3481a3e5a3fa-C,"Tas::80 0120::tas this procurement is for the extended mission Operations support, Payload Operations and science data processing and support by the co-investigator of a flight experiment participant, mr. L.l. Gordley of gats Inc. New port news va for the timed saber mission. This includes developing all necessary command loads and maintaining the software used to assess instrument performance and long-term trends, evaluating instrument data products and taking necessary actions to meet science objectives while safeguarding the health of the saber instrument.   Regularly monitor the instrument S health and status using the realtime and quicklook software, and carefully examine the 24-hour data for any anomalies.  Operator adjustments will be made as necessary based on the assessments, and immediately reported to the science team.  System administration and maintenance of the saber Payload Operations Center (POC) computers and the processing software running on these systems.",https://www.usaspending.gov/award/CONT_AWD_NNG07EK68C_8000_-NONE-_-NONE-/
NNG07EK68C,2021,4,40507.00,0.0,False,080-0120,"Science, National Aeronautics and Space Administration","Global Atmospheric Technologies and Sciences, Inc.",7fad989e-7d68-1859-7448-3481a3e5a3fa-C,"Tas::80 0120::tas this procurement is for the extended mission Operations support, Payload Operations and science data processing and support by the co-investigator of a flight experiment participant, mr. L.l. Gordley of gats Inc. New port news va for the timed saber mission. This includes developing all necessary command loads and maintaining the software used to assess instrument performance and long-term trends, evaluating instrument data products and taking necessary actions to meet science objectives while safeguarding the health of the saber instrument.   Regularly monitor the instrument S health and status using the realtime and quicklook software, and carefully examine the 24-hour data for any anomalies.  Operator adjustments will be made as necessary based on the assessments, and immediately reported to the science team.  System administration and maintenance of the saber Payload Operations Center (POC) computers and the processing software running on these systems.",https://www.usaspending.gov/award/CONT_AWD_NNG07EK68C_8000_-NONE-_-NONE-/
NNG07EK68C,2021,3,30474.13,0.0,False,080-0120,"Science, National Aeronautics and Space Administration","Global Atmospheric Technologies and Sciences, Inc.",7fad989e-7d68-1859-7448-3481a3e5a3fa-C,"Tas::80 0120::tas this procurement is for the extended mission Operations support, Payload Operations and science data processing and support by the co-investigator of a flight experiment participant, mr. L.l. Gordley of gats Inc. New port news va for the timed saber mission. This includes developing all necessary command loads and maintaining the software used to assess instrument performance and long-term trends, evaluating instrument data products and taking necessary actions to meet science objectives while safeguarding the health of the saber instrument.   Regularly monitor the instrument S health and status using the realtime and quicklook software, and carefully examine the 24-hour data for any anomalies.  Operator adjustments will be made as necessary based on the assessments, and immediately reported to the science team.  System administration and maintenance of the saber Payload Operations Center (POC) computers and the processing software running on these systems.",https://www.usaspending.gov/award/CONT_AWD_NNG07EK68C_8000_-NONE-_-NONE-/
NNG07EK68C,2021,3,20782.87,0.0,False,080-0120,"Science, National Aeronautics and Space Administration","Global Atmospheric Technologies and Sciences, Inc.",7fad989e-7d68-1859-7448-3481a3e5a3fa-C,"Tas::80 0120::tas this procurement is for the extended mission Operations support, Payload Operations and science data processing and support by the co-investigator of a flight experiment participant, mr. L.l. Gordley of gats Inc. New port news va for the timed saber mission. This includes developing all necessary command loads and maintaining the software used to assess instrument performance and long-term trends, evaluating instrument data products and taking necessary actions to meet science objectives while safeguarding the health of the saber instrument.   Regularly monitor the instrument S health and status using the realtime and quicklook software, and carefully examine the 24-hour data for any anomalies.  Operator adjustments will be made as necessary based on the assessments, and immediately reported to the science team.  System administration and maintenance of the saber Payload Operations Center (POC) computers and the processing software running on these systems.",https://www.usaspending.gov/award/CONT_AWD_NNG07EK68C_8000_-NONE-_-NONE-/
NNG07EK68C,2021,2,7006.87,0.0,False,080-0120,"Science, National Aeronautics and Space Administration","Global Atmospheric Technologies and Sciences, Inc.",7fad989e-7d68-1859-7448-3481a3e5a3fa-C,"Tas::80 0120::tas this procurement is for the extended mission Operations support, Payload Operations and science data processing and support by the co-investigator of a flight experiment participant, mr. L.l. Gordley of gats Inc. New port news va for the timed saber mission. This includes developing all necessary command loads and maintaining the software used to assess instrument performance and long-term trends, evaluating instrument data products and taking necessary actions to meet science objectives while safeguarding the health of the saber instrument.   Regularly monitor the instrument S health and status using the realtime and quicklook software, and carefully examine the 24-hour data for any anomalies.  Operator adjustments will be made as necessary based on the assessments, and immediately reported to the science team.  System administration and maintenance of the saber Payload Operations Center (POC) computers and the processing software running on these systems.",https://www.usaspending.gov/award/CONT_AWD_NNG07EK68C_8000_-NONE-_-NONE-/
NNG07EK68C,2021,2,30474.13,0.0,False,080-0120,"Science, National Aeronautics and Space Administration","Global Atmospheric Technologies and Sciences, Inc.",7fad989e-7d68-1859-7448-3481a3e5a3fa-C,"Tas::80 0120::tas this procurement is for the extended mission Operations support, Payload Operations and science data processing and support by the co-investigator of a flight experiment participant, mr. L.l. Gordley of gats Inc. New port news va for the timed saber mission. This includes developing all necessary command loads and maintaining the software used to assess instrument performance and long-term trends, evaluating instrument data products and taking necessary actions to meet science objectives while safeguarding the health of the saber instrument.   Regularly monitor the instrument S health and status using the realtime and quicklook software, and carefully examine the 24-hour data for any anomalies.  Operator adjustments will be made as necessary based on the assessments, and immediately reported to the science team.  System administration and maintenance of the saber Payload Operations Center (POC) computers and the processing software running on these systems.",https://www.usaspending.gov/award/CONT_AWD_NNG07EK68C_8000_-NONE-_-NONE-/
NNG07EK68C,2021,2,19221.00,0.0,False,080-0120,"Science, National Aeronautics and Space Administration","Global Atmospheric Technologies and Sciences, Inc.",7fad989e-7d68-1859-7448-3481a3e5a3fa-C,"Tas::80 0120::tas this procurement is for the extended mission Operations support, Payload Operations and science data processing and support by the co-investigator of a flight experiment participant, mr. L.l. Gordley of gats Inc. New port news va for the timed saber mission. This includes developing all necessary command loads and maintaining the software used to assess instrument performance and long-term trends, evaluating instrument data products and taking necessary actions to meet science objectives while safeguarding the health of the saber instrument.   Regularly monitor the instrument S health and status using the realtime and quicklook software, and carefully examine the 24-hour data for any anomalies.  Operator adjustments will be made as necessary based on the assessments, and immediately reported to the science team.  System administration and maintenance of the saber Payload Operations Center (POC) computers and the processing software running on these systems.",https://www.usaspending.gov/award/CONT_AWD_NNG07EK68C_8000_-NONE-_-NONE-/
NNG07EK68C,2019,12,0.0,19000.00,True,080-0120,"Science, National Aeronautics and Space Administration","Global Atmospheric Technologies and Sciences, Inc.",7fad989e-7d68-1859-7448-3481a3e5a3fa-C,"Tas::80 0120::tas this procurement is for the extended mission Operations support, Payload Operations and science data processing and support by the co-investigator of a flight experiment participant, mr. L.l. Gordley of gats Inc. New port news va for the timed saber mission. This includes developing all necessary command loads and maintaining the software used to assess instrument performance and long-term trends, evaluating instrument data products and taking necessary actions to meet science objectives while safeguarding the health of the saber instrument.   Regularly monitor the instrument S health and status using the realtime and quicklook software, and carefully examine the 24-hour data for any anomalies.  Operator adjustments will be made as necessary based on the assessments, and immediately reported to the science team.  System administration and maintenance of the saber Payload Operations Center (POC) computers and the processing software running on these systems.",https://www.usaspending.gov/award/CONT_AWD_NNG07EK68C_8000_-NONE-_-NONE-/
NNG07EK68C,2019,9,0.0,205000.00,True,080-0120,"Science, National Aeronautics and Space Administration","Global Atmospheric Technologies and Sciences, Inc.",7fad989e-7d68-1859-7448-3481a3e5a3fa-C,"Tas::80 0120::tas this procurement is for the extended mission Operations support, Payload Operations and science data processing and support by the co-investigator of a flight experiment participant, mr. L.l. Gordley of gats Inc. New port news va for the timed saber mission. This includes developing all necessary command loads and maintaining the software used to assess instrument performance and long-term trends, evaluating instrument data products and taking necessary actions to meet science objectives while safeguarding the health of the saber instrument.   Regularly monitor the instrument S health and status using the realtime and quicklook software, and carefully examine the 24-hour data for any anomalies.  Operator adjustments will be made as necessary based on the assessments, and immediately reported to the science team.  System administration and maintenance of the saber Payload Operations Center (POC) computers and the processing software running on these systems.",https://www.usaspending.gov/award/CONT_AWD_NNG07EK68C_8000_-NONE-_-NONE-/
NNG07EK68C,2019,9,0.0,8153.00,True,080-0120,"Science, National Aeronautics and Space Administration","Global Atmospheric Technologies and Sciences, Inc.",7fad989e-7d68-1859-7448-3481a3e5a3fa-C,"Tas::80 0120::tas this procurement is for the extended mission Operations support, Payload Operations and science data processing and support by the co-investigator of a flight experiment participant, mr. L.l. Gordley of gats Inc. New port news va for the timed saber mission. This includes developing all necessary command loads and maintaining the software used to assess instrument performance and long-term trends, evaluating instrument data products and taking necessary actions to meet science objectives while safeguarding the health of the saber instrument.   Regularly monitor the instrument S health and status using the realtime and quicklook software, and carefully examine the 24-hour data for any anomalies.  Operator adjustments will be made as necessary based on the assessments, and immediately reported to the science team.  System administration and maintenance of the saber Payload Operations Center (POC) computers and the processing software running on these systems.",https://www.usaspending.gov/award/CONT_AWD_NNG07EK68C_8000_-NONE-_-NONE-/
NNG07EK68C,2019,6,0.0,169411.00,True,080-0120,"Science, National Aeronautics and Space Administration","Global Atmospheric Technologies and Sciences, Inc.",7fad989e-7d68-1859-7448-3481a3e5a3fa-C,"Tas::80 0120::tas this procurement is for the extended mission Operations support, Payload Operations and science data processing and support by the co-investigator of a flight experiment participant, mr. L.l. Gordley of gats Inc. New port news va for the timed saber mission. This includes developing all necessary command loads and maintaining the software used to assess instrument performance and long-term trends, evaluating instrument data products and taking necessary actions to meet science objectives while safeguarding the health of the saber instrument.   Regularly monitor the instrument S health and status using the realtime and quicklook software, and carefully examine the 24-hour data for any anomalies.  Operator adjustments will be made as necessary based on the assessments, and immediately reported to the science team.  System administration and maintenance of the saber Payload Operations Center (POC) computers and the processing software running on these systems.",https://www.usaspending.gov/award/CONT_AWD_NNG07EK68C_8000_-NONE-_-NONE-/
NNG07EK68C,2018,6,0.0,200000.00,True,080-0120,"Science, National Aeronautics and Space Administration","Global Atmospheric Technologies and Sciences, Inc.",7fad989e-7d68-1859-7448-3481a3e5a3fa-C,"Tas::80 0120::tas this procurement is for the extended mission Operations support, Payload Operations and science data processing and support by the co-investigator of a flight experiment participant, mr. L.l. Gordley of gats Inc. New port news va for the timed saber mission. This includes developing all necessary command loads and maintaining the software used to assess instrument performance and long-term trends, evaluating instrument data products and taking necessary actions to meet science objectives while safeguarding the health of the saber instrument.   Regularly monitor the instrument S health and status using the realtime and quicklook software, and carefully examine the 24-hour data for any anomalies.  Operator adjustments will be made as necessary based on the assessments, and immediately reported to the science team.  System administration and maintenance of the saber Payload Operations Center (POC) computers and the processing software running on these systems.",https://www.usaspending.gov/award/CONT_AWD_NNG07EK68C_8000_-NONE-_-NONE-/
NNG07EK68C,2017,12,0.0,14950.95,True,080-0120,"Science, National Aeronautics and Space Administration","Global Atmospheric Technologies and Sciences, Inc.",7fad989e-7d68-1859-7448-3481a3e5a3fa-C,"Tas::80 0120::tas this procurement is for the extended mission Operations support, Payload Operations and science data processing and support by the co-investigator of a flight experiment participant, mr. L.l. Gordley of gats Inc. New port news va for the timed saber mission. This includes developing all necessary command loads and maintaining the software used to assess instrument performance and long-term trends, evaluating instrument data products and taking necessary actions to meet science objectives while safeguarding the health of the saber instrument.   Regularly monitor the instrument S health and status using the realtime and quicklook software, and carefully examine the 24-hour data for any anomalies.  Operator adjustments will be made as necessary based on the assessments, and immediately reported to the science team.  System administration and maintenance of the saber Payload Operations Center (POC) computers and the processing software running on these systems.",https://www.usaspending.gov/award/CONT_AWD_NNG07EK68C_8000_-NONE-_-NONE-/
NNG07EK68C,2017,6,0.0,198895.00,True,080-0120,"Science, National Aeronautics and Space Administration","Global Atmospheric Technologies and Sciences, Inc.",7fad989e-7d68-1859-7448-3481a3e5a3fa-C,"Tas::80 0120::tas this procurement is for the extended mission Operations support, Payload Operations and science data processing and support by the co-investigator of a flight experiment participant, mr. L.l. Gordley of gats Inc. New port news va for the timed saber mission. This includes developing all necessary command loads and maintaining the software used to assess instrument performance and long-term trends, evaluating instrument data products and taking necessary actions to meet science objectives while safeguarding the health of the saber instrument.   Regularly monitor the instrument S health and status using the realtime and quicklook software, and carefully examine the 24-hour data for any anomalies.  Operator adjustments will be made as necessary based on the assessments, and immediately reported to the science team.  System administration and maintenance of the saber Payload Operations Center (POC) computers and the processing software running on these systems.",https://www.usaspending.gov/award/CONT_AWD_NNG07EK68C_8000_-NONE-_-NONE-/
