owning_agency_name,reporting_agency_name,submission_period,allocation_transfer_agency_identifier_code,agency_identifier_code,beginning_period_of_availability,ending_period_of_availability,availability_type_code,main_account_code,sub_account_code,treasury_account_symbol,treasury_account_name,agency_identifier_name,allocation_transfer_agency_identifier_name,budget_function,budget_subfunction,federal_account_symbol,federal_account_name,program_activity_code,program_activity_name,object_class_code,object_class_name,direct_or_reimbursable_funding_source,disaster_emergency_fund_code,disaster_emergency_fund_name,transaction_obligated_amount,gross_outlay_amount_FYB_to_period_end,USSGL487200_downward_adj_prior_year_prepaid_undeliv_order_oblig,USSGL497200_downward_adj_of_prior_year_paid_deliv_orders_oblig,award_unique_key,award_id_piid,parent_award_id_piid,award_id_fain,award_id_uri,award_base_action_date,award_base_action_date_fiscal_year,award_latest_action_date,award_latest_action_date_fiscal_year,period_of_performance_start_date,period_of_performance_current_end_date,ordering_period_end_date,award_type_code,award_type,idv_type_code,idv_type,prime_award_base_transaction_description,awarding_agency_code,awarding_agency_name,awarding_subagency_code,awarding_subagency_name,awarding_office_code,awarding_office_name,funding_agency_code,funding_agency_name,funding_sub_agency_code,funding_sub_agency_name,funding_office_code,funding_office_name,recipient_uei,recipient_duns,recipient_name,recipient_name_raw,recipient_parent_uei,recipient_parent_duns,recipient_parent_name,recipient_parent_name_raw,recipient_country,recipient_state,recipient_county,recipient_city,prime_award_summary_recipient_cd_original,prime_award_summary_recipient_cd_current,recipient_zip_code,primary_place_of_performance_country,primary_place_of_performance_state,primary_place_of_performance_county,prime_award_summary_place_of_performance_cd_original,prime_award_summary_place_of_performance_cd_current,primary_place_of_performance_zip_code,cfda_number,cfda_title,product_or_service_code,product_or_service_code_description,naics_code,naics_description,national_interest_action_code,national_interest_action,usaspending_permalink,last_modified_date
National Aeronautics and Space Administration,National Aeronautics and Space Administration,FY2022P02,,080,2021,2022,,0120,000,080-2021/2022-0120-000,"Science, National Aeronautics and Space Administration",National Aeronautics and Space Administration,,"General Science, Space, and Technology","Space flight, research, and supporting activities",080-0120,"Science, National Aeronautics and Space Administration",0001,SCIENCE (DIRECT),25.5,Research and development contracts,D,Q,Not Designated Nonemergency/Emergency/Disaster/Wildfire Suppression,885000.00,,,,CONT_AWD_80GSFC22CA003_8000_-NONE-_-NONE-,80GSFC22CA003,,,,2021-10-01,2022,2025-09-03,2025,2021-10-01,2027-09-30,,D,DEFINITIVE CONTRACT,,,THIS CONTRACT IS FOR THE SERVICES REQUIRED TO SUPPORT THE ROMAN SPACE TELESCOPE SCIENCE SUPPORT CENTER,080,NATIONAL AERONAUTICS AND SPACE ADMINISTRATION (NASA),8000,NATIONAL AERONAUTICS AND SPACE ADMINISTRATION,80GSFC,NASA GODDARD SPACE FLIGHT CENTER,080,NATIONAL AERONAUTICS AND SPACE ADMINISTRATION (NASA),8000,NATIONAL AERONAUTICS AND SPACE ADMINISTRATION,80GSFC,NASA GODDARD SPACE FLIGHT CENTER,U2JMKHNS5TG4,,CALIFORNIA INSTITUTE OF TECHNOLOGY,CALIFORNIA INSTITUTE OF TECHNOLOGY,U2JMKHNS5TG4,U2JMKHNS5TG4,CALIFORNIA INSTITUTE OF TECHNOLOGY,CALIFORNIA INSTITUTE OF TECHNOLOGY,USA,CA,LOS ANGELES,PASADENA,CA-28,CA-28,911250001,UNITED STATES,CALIFORNIA,LOS ANGELES,CA-28,CA-28,911098001,,,AR15,"SPACE R&D SVCS; SPACE FLIGHT, RESEARCH & SUPPORTING ACTIVITIES; R&D FACILITIES & MAJ EQUIP",541715,"RESEARCH AND DEVELOPMENT IN THE PHYSICAL, ENGINEERING, AND LIFE SCIENCES (EXCEPT NANOTECHNOLOGY AND BIOTECHNOLOGY)",,,https://www.usaspending.gov/award/CONT_AWD_80GSFC22CA003_8000_-NONE-_-NONE-/,2021-12-20
National Aeronautics and Space Administration,National Aeronautics and Space Administration,FY2022P03,,080,2021,2022,,0120,000,080-2021/2022-0120-000,"Science, National Aeronautics and Space Administration",National Aeronautics and Space Administration,,"General Science, Space, and Technology","Space flight, research, and supporting activities",080-0120,"Science, National Aeronautics and Space Administration",0001,SCIENCE (DIRECT),25.5,Research and development contracts,D,Q,Not Designated Nonemergency/Emergency/Disaster/Wildfire Suppression,,294132.12,,,CONT_AWD_80GSFC22CA003_8000_-NONE-_-NONE-,80GSFC22CA003,,,,2021-10-01,2022,2025-09-03,2025,2021-10-01,2027-09-30,,D,DEFINITIVE CONTRACT,,,THIS CONTRACT IS FOR THE SERVICES REQUIRED TO SUPPORT THE ROMAN SPACE TELESCOPE SCIENCE SUPPORT CENTER,080,NATIONAL AERONAUTICS AND SPACE ADMINISTRATION (NASA),8000,NATIONAL AERONAUTICS AND SPACE ADMINISTRATION,80GSFC,NASA GODDARD SPACE FLIGHT CENTER,080,NATIONAL AERONAUTICS AND SPACE ADMINISTRATION (NASA),8000,NATIONAL AERONAUTICS AND SPACE ADMINISTRATION,80GSFC,NASA GODDARD SPACE FLIGHT CENTER,U2JMKHNS5TG4,,CALIFORNIA INSTITUTE OF TECHNOLOGY,CALIFORNIA INSTITUTE OF TECHNOLOGY,U2JMKHNS5TG4,U2JMKHNS5TG4,CALIFORNIA INSTITUTE OF TECHNOLOGY,CALIFORNIA INSTITUTE OF TECHNOLOGY,USA,CA,LOS ANGELES,PASADENA,CA-28,CA-28,911250001,UNITED STATES,CALIFORNIA,LOS ANGELES,CA-28,CA-28,911098001,,,AR15,"SPACE R&D SVCS; SPACE FLIGHT, RESEARCH & SUPPORTING ACTIVITIES; R&D FACILITIES & MAJ EQUIP",541715,"RESEARCH AND DEVELOPMENT IN THE PHYSICAL, ENGINEERING, AND LIFE SCIENCES (EXCEPT NANOTECHNOLOGY AND BIOTECHNOLOGY)",,,https://www.usaspending.gov/award/CONT_AWD_80GSFC22CA003_8000_-NONE-_-NONE-/,2022-01-25
National Aeronautics and Space Administration,National Aeronautics and Space Administration,FY2022P03,,080,2022,2023,,0120,000,080-2022/2023-0120-000,"Science, National Aeronautics and Space Administration",National Aeronautics and Space Administration,,"General Science, Space, and Technology","Space flight, research, and supporting activities",080-0120,"Science, National Aeronautics and Space Administration",0001,SCIENCE (DIRECT),25.5,Research and development contracts,D,Q,Not Designated Nonemergency/Emergency/Disaster/Wildfire Suppression,1329934.00,,,,CONT_AWD_80GSFC22CA003_8000_-NONE-_-NONE-,80GSFC22CA003,,,,2021-10-01,2022,2025-09-03,2025,2021-10-01,2027-09-30,,D,DEFINITIVE CONTRACT,,,THIS CONTRACT IS FOR THE SERVICES REQUIRED TO SUPPORT THE ROMAN SPACE TELESCOPE SCIENCE SUPPORT CENTER,080,NATIONAL AERONAUTICS AND SPACE ADMINISTRATION (NASA),8000,NATIONAL AERONAUTICS AND SPACE ADMINISTRATION,80GSFC,NASA GODDARD SPACE FLIGHT CENTER,080,NATIONAL AERONAUTICS AND SPACE ADMINISTRATION (NASA),8000,NATIONAL AERONAUTICS AND SPACE ADMINISTRATION,80GSFC,NASA GODDARD SPACE FLIGHT CENTER,U2JMKHNS5TG4,,CALIFORNIA INSTITUTE OF TECHNOLOGY,CALIFORNIA INSTITUTE OF TECHNOLOGY,U2JMKHNS5TG4,U2JMKHNS5TG4,CALIFORNIA INSTITUTE OF TECHNOLOGY,CALIFORNIA INSTITUTE OF TECHNOLOGY,USA,CA,LOS ANGELES,PASADENA,CA-28,CA-28,911250001,UNITED STATES,CALIFORNIA,LOS ANGELES,CA-28,CA-28,911098001,,,AR15,"SPACE R&D SVCS; SPACE FLIGHT, RESEARCH & SUPPORTING ACTIVITIES; R&D FACILITIES & MAJ EQUIP",541715,"RESEARCH AND DEVELOPMENT IN THE PHYSICAL, ENGINEERING, AND LIFE SCIENCES (EXCEPT NANOTECHNOLOGY AND BIOTECHNOLOGY)",,,https://www.usaspending.gov/award/CONT_AWD_80GSFC22CA003_8000_-NONE-_-NONE-/,2022-01-25
National Aeronautics and Space Administration,National Aeronautics and Space Administration,FY2022P04,,080,2021,2022,,0120,000,080-2021/2022-0120-000,"Science, National Aeronautics and Space Administration",National Aeronautics and Space Administration,,"General Science, Space, and Technology","Space flight, research, and supporting activities",080-0120,"Science, National Aeronautics and Space Administration",0001,SCIENCE (DIRECT),25.5,Research and development contracts,D,Q,Not Designated Nonemergency/Emergency/Disaster/Wildfire Suppression,,681996.50,,,CONT_AWD_80GSFC22CA003_8000_-NONE-_-NONE-,80GSFC22CA003,,,,2021-10-01,2022,2025-09-03,2025,2021-10-01,2027-09-30,,D,DEFINITIVE CONTRACT,,,THIS CONTRACT IS FOR THE SERVICES REQUIRED TO SUPPORT THE ROMAN SPACE TELESCOPE SCIENCE SUPPORT CENTER,080,NATIONAL AERONAUTICS AND SPACE ADMINISTRATION (NASA),8000,NATIONAL AERONAUTICS AND SPACE ADMINISTRATION,80GSFC,NASA GODDARD SPACE FLIGHT CENTER,080,NATIONAL AERONAUTICS AND SPACE ADMINISTRATION (NASA),8000,NATIONAL AERONAUTICS AND SPACE ADMINISTRATION,80GSFC,NASA GODDARD SPACE FLIGHT CENTER,U2JMKHNS5TG4,,CALIFORNIA INSTITUTE OF TECHNOLOGY,CALIFORNIA INSTITUTE OF TECHNOLOGY,U2JMKHNS5TG4,U2JMKHNS5TG4,CALIFORNIA INSTITUTE OF TECHNOLOGY,CALIFORNIA INSTITUTE OF TECHNOLOGY,USA,CA,LOS ANGELES,PASADENA,CA-28,CA-28,911250001,UNITED STATES,CALIFORNIA,LOS ANGELES,CA-28,CA-28,911098001,,,AR15,"SPACE R&D SVCS; SPACE FLIGHT, RESEARCH & SUPPORTING ACTIVITIES; R&D FACILITIES & MAJ EQUIP",541715,"RESEARCH AND DEVELOPMENT IN THE PHYSICAL, ENGINEERING, AND LIFE SCIENCES (EXCEPT NANOTECHNOLOGY AND BIOTECHNOLOGY)",,,https://www.usaspending.gov/award/CONT_AWD_80GSFC22CA003_8000_-NONE-_-NONE-/,2022-02-24
National Aeronautics and Space Administration,National Aeronautics and Space Administration,FY2022P05,,080,2021,2022,,0120,000,080-2021/2022-0120-000,"Science, National Aeronautics and Space Administration",National Aeronautics and Space Administration,,"General Science, Space, and Technology","Space flight, research, and supporting activities",080-0120,"Science, National Aeronautics and Space Administration",0001,SCIENCE (DIRECT),25.5,Research and development contracts,D,Q,Not Designated Nonemergency/Emergency/Disaster/Wildfire Suppression,,883947.54,,,CONT_AWD_80GSFC22CA003_8000_-NONE-_-NONE-,80GSFC22CA003,,,,2021-10-01,2022,2025-09-03,2025,2021-10-01,2027-09-30,,D,DEFINITIVE CONTRACT,,,THIS CONTRACT IS FOR THE SERVICES REQUIRED TO SUPPORT THE ROMAN SPACE TELESCOPE SCIENCE SUPPORT CENTER,080,NATIONAL AERONAUTICS AND SPACE ADMINISTRATION (NASA),8000,NATIONAL AERONAUTICS AND SPACE ADMINISTRATION,80GSFC,NASA GODDARD SPACE FLIGHT CENTER,080,NATIONAL AERONAUTICS AND SPACE ADMINISTRATION (NASA),8000,NATIONAL AERONAUTICS AND SPACE ADMINISTRATION,80GSFC,NASA GODDARD SPACE FLIGHT CENTER,U2JMKHNS5TG4,,CALIFORNIA INSTITUTE OF TECHNOLOGY,CALIFORNIA INSTITUTE OF TECHNOLOGY,U2JMKHNS5TG4,U2JMKHNS5TG4,CALIFORNIA INSTITUTE OF TECHNOLOGY,CALIFORNIA INSTITUTE OF TECHNOLOGY,USA,CA,LOS ANGELES,PASADENA,CA-28,CA-28,911250001,UNITED STATES,CALIFORNIA,LOS ANGELES,CA-28,CA-28,911098001,,,AR15,"SPACE R&D SVCS; SPACE FLIGHT, RESEARCH & SUPPORTING ACTIVITIES; R&D FACILITIES & MAJ EQUIP",541715,"RESEARCH AND DEVELOPMENT IN THE PHYSICAL, ENGINEERING, AND LIFE SCIENCES (EXCEPT NANOTECHNOLOGY AND BIOTECHNOLOGY)",,,https://www.usaspending.gov/award/CONT_AWD_80GSFC22CA003_8000_-NONE-_-NONE-/,2022-03-28
National Aeronautics and Space Administration,National Aeronautics and Space Administration,FY2022P06,,080,2022,2023,,0120,000,080-2022/2023-0120-000,"Science, National Aeronautics and Space Administration",National Aeronautics and Space Administration,,"General Science, Space, and Technology","Space flight, research, and supporting activities",080-0120,"Science, National Aeronautics and Space Administration",0001,SCIENCE (DIRECT),25.5,Research and development contracts,D,Q,Not Designated Nonemergency/Emergency/Disaster/Wildfire Suppression,350000.00,,,,CONT_AWD_80GSFC22CA003_8000_-NONE-_-NONE-,80GSFC22CA003,,,,2021-10-01,2022,2025-09-03,2025,2021-10-01,2027-09-30,,D,DEFINITIVE CONTRACT,,,THIS CONTRACT IS FOR THE SERVICES REQUIRED TO SUPPORT THE ROMAN SPACE TELESCOPE SCIENCE SUPPORT CENTER,080,NATIONAL AERONAUTICS AND SPACE ADMINISTRATION (NASA),8000,NATIONAL AERONAUTICS AND SPACE ADMINISTRATION,80GSFC,NASA GODDARD SPACE FLIGHT CENTER,080,NATIONAL AERONAUTICS AND SPACE ADMINISTRATION (NASA),8000,NATIONAL AERONAUTICS AND SPACE ADMINISTRATION,80GSFC,NASA GODDARD SPACE FLIGHT CENTER,U2JMKHNS5TG4,,CALIFORNIA INSTITUTE OF TECHNOLOGY,CALIFORNIA INSTITUTE OF TECHNOLOGY,U2JMKHNS5TG4,U2JMKHNS5TG4,CALIFORNIA INSTITUTE OF TECHNOLOGY,CALIFORNIA INSTITUTE OF TECHNOLOGY,USA,CA,LOS ANGELES,PASADENA,CA-28,CA-28,911250001,UNITED STATES,CALIFORNIA,LOS ANGELES,CA-28,CA-28,911098001,,,AR15,"SPACE R&D SVCS; SPACE FLIGHT, RESEARCH & SUPPORTING ACTIVITIES; R&D FACILITIES & MAJ EQUIP",541715,"RESEARCH AND DEVELOPMENT IN THE PHYSICAL, ENGINEERING, AND LIFE SCIENCES (EXCEPT NANOTECHNOLOGY AND BIOTECHNOLOGY)",,,https://www.usaspending.gov/award/CONT_AWD_80GSFC22CA003_8000_-NONE-_-NONE-/,2022-04-25
National Aeronautics and Space Administration,National Aeronautics and Space Administration,FY2022P06,,080,2022,2023,,0120,000,080-2022/2023-0120-000,"Science, National Aeronautics and Space Administration",National Aeronautics and Space Administration,,"General Science, Space, and Technology","Space flight, research, and supporting activities",080-0120,"Science, National Aeronautics and Space Administration",0001,SCIENCE (DIRECT),25.5,Research and development contracts,D,Q,Not Designated Nonemergency/Emergency/Disaster/Wildfire Suppression,,881139.21,,,CONT_AWD_80GSFC22CA003_8000_-NONE-_-NONE-,80GSFC22CA003,,,,2021-10-01,2022,2025-09-03,2025,2021-10-01,2027-09-30,,D,DEFINITIVE CONTRACT,,,THIS CONTRACT IS FOR THE SERVICES REQUIRED TO SUPPORT THE ROMAN SPACE TELESCOPE SCIENCE SUPPORT CENTER,080,NATIONAL AERONAUTICS AND SPACE ADMINISTRATION (NASA),8000,NATIONAL AERONAUTICS AND SPACE ADMINISTRATION,80GSFC,NASA GODDARD SPACE FLIGHT CENTER,080,NATIONAL AERONAUTICS AND SPACE ADMINISTRATION (NASA),8000,NATIONAL AERONAUTICS AND SPACE ADMINISTRATION,80GSFC,NASA GODDARD SPACE FLIGHT CENTER,U2JMKHNS5TG4,,CALIFORNIA INSTITUTE OF TECHNOLOGY,CALIFORNIA INSTITUTE OF TECHNOLOGY,U2JMKHNS5TG4,U2JMKHNS5TG4,CALIFORNIA INSTITUTE OF TECHNOLOGY,CALIFORNIA INSTITUTE OF TECHNOLOGY,USA,CA,LOS ANGELES,PASADENA,CA-28,CA-28,911250001,UNITED STATES,CALIFORNIA,LOS ANGELES,CA-28,CA-28,911098001,,,AR15,"SPACE R&D SVCS; SPACE FLIGHT, RESEARCH & SUPPORTING ACTIVITIES; R&D FACILITIES & MAJ EQUIP",541715,"RESEARCH AND DEVELOPMENT IN THE PHYSICAL, ENGINEERING, AND LIFE SCIENCES (EXCEPT NANOTECHNOLOGY AND BIOTECHNOLOGY)",,,https://www.usaspending.gov/award/CONT_AWD_80GSFC22CA003_8000_-NONE-_-NONE-/,2022-04-25
National Aeronautics and Space Administration,National Aeronautics and Space Administration,FY2022P06,,080,2021,2022,,0120,000,080-2021/2022-0120-000,"Science, National Aeronautics and Space Administration",National Aeronautics and Space Administration,,"General Science, Space, and Technology","Space flight, research, and supporting activities",080-0120,"Science, National Aeronautics and Space Administration",0001,SCIENCE (DIRECT),25.5,Research and development contracts,D,Q,Not Designated Nonemergency/Emergency/Disaster/Wildfire Suppression,,885000.00,,,CONT_AWD_80GSFC22CA003_8000_-NONE-_-NONE-,80GSFC22CA003,,,,2021-10-01,2022,2025-09-03,2025,2021-10-01,2027-09-30,,D,DEFINITIVE CONTRACT,,,THIS CONTRACT IS FOR THE SERVICES REQUIRED TO SUPPORT THE ROMAN SPACE TELESCOPE SCIENCE SUPPORT CENTER,080,NATIONAL AERONAUTICS AND SPACE ADMINISTRATION (NASA),8000,NATIONAL AERONAUTICS AND SPACE ADMINISTRATION,80GSFC,NASA GODDARD SPACE FLIGHT CENTER,080,NATIONAL AERONAUTICS AND SPACE ADMINISTRATION (NASA),8000,NATIONAL AERONAUTICS AND SPACE ADMINISTRATION,80GSFC,NASA GODDARD SPACE FLIGHT CENTER,U2JMKHNS5TG4,,CALIFORNIA INSTITUTE OF TECHNOLOGY,CALIFORNIA INSTITUTE OF TECHNOLOGY,U2JMKHNS5TG4,U2JMKHNS5TG4,CALIFORNIA INSTITUTE OF TECHNOLOGY,CALIFORNIA INSTITUTE OF TECHNOLOGY,USA,CA,LOS ANGELES,PASADENA,CA-28,CA-28,911250001,UNITED STATES,CALIFORNIA,LOS ANGELES,CA-28,CA-28,911098001,,,AR15,"SPACE R&D SVCS; SPACE FLIGHT, RESEARCH & SUPPORTING ACTIVITIES; R&D FACILITIES & MAJ EQUIP",541715,"RESEARCH AND DEVELOPMENT IN THE PHYSICAL, ENGINEERING, AND LIFE SCIENCES (EXCEPT NANOTECHNOLOGY AND BIOTECHNOLOGY)",,,https://www.usaspending.gov/award/CONT_AWD_80GSFC22CA003_8000_-NONE-_-NONE-/,2022-04-25
National Aeronautics and Space Administration,National Aeronautics and Space Administration,FY2022P07,,080,2022,2023,,0120,000,080-2022/2023-0120-000,"Science, National Aeronautics and Space Administration",National Aeronautics and Space Administration,,"General Science, Space, and Technology","Space flight, research, and supporting activities",080-0120,"Science, National Aeronautics and Space Administration",0001,SCIENCE (DIRECT),25.5,Research and development contracts,D,Q,Not Designated Nonemergency/Emergency/Disaster/Wildfire Suppression,,1480378.17,,,CONT_AWD_80GSFC22CA003_8000_-NONE-_-NONE-,80GSFC22CA003,,,,2021-10-01,2022,2025-09-03,2025,2021-10-01,2027-09-30,,D,DEFINITIVE CONTRACT,,,THIS CONTRACT IS FOR THE SERVICES REQUIRED TO SUPPORT THE ROMAN SPACE TELESCOPE SCIENCE SUPPORT CENTER,080,NATIONAL AERONAUTICS AND SPACE ADMINISTRATION (NASA),8000,NATIONAL AERONAUTICS AND SPACE ADMINISTRATION,80GSFC,NASA GODDARD SPACE FLIGHT CENTER,080,NATIONAL AERONAUTICS AND SPACE ADMINISTRATION (NASA),8000,NATIONAL AERONAUTICS AND SPACE ADMINISTRATION,80GSFC,NASA GODDARD SPACE FLIGHT CENTER,U2JMKHNS5TG4,,CALIFORNIA INSTITUTE OF TECHNOLOGY,CALIFORNIA INSTITUTE OF TECHNOLOGY,U2JMKHNS5TG4,U2JMKHNS5TG4,CALIFORNIA INSTITUTE OF TECHNOLOGY,CALIFORNIA INSTITUTE OF TECHNOLOGY,USA,CA,LOS ANGELES,PASADENA,CA-28,CA-28,911250001,UNITED STATES,CALIFORNIA,LOS ANGELES,CA-28,CA-28,911098001,,,AR15,"SPACE R&D SVCS; SPACE FLIGHT, RESEARCH & SUPPORTING ACTIVITIES; R&D FACILITIES & MAJ EQUIP",541715,"RESEARCH AND DEVELOPMENT IN THE PHYSICAL, ENGINEERING, AND LIFE SCIENCES (EXCEPT NANOTECHNOLOGY AND BIOTECHNOLOGY)",,,https://www.usaspending.gov/award/CONT_AWD_80GSFC22CA003_8000_-NONE-_-NONE-/,2022-05-25
National Aeronautics and Space Administration,National Aeronautics and Space Administration,FY2022P07,,080,2022,2023,,0120,000,080-2022/2023-0120-000,"Science, National Aeronautics and Space Administration",National Aeronautics and Space Administration,,"General Science, Space, and Technology","Space flight, research, and supporting activities",080-0120,"Science, National Aeronautics and Space Administration",0001,SCIENCE (DIRECT),25.5,Research and development contracts,D,Q,Not Designated Nonemergency/Emergency/Disaster/Wildfire Suppression,2860966.00,,,,CONT_AWD_80GSFC22CA003_8000_-NONE-_-NONE-,80GSFC22CA003,,,,2021-10-01,2022,2025-09-03,2025,2021-10-01,2027-09-30,,D,DEFINITIVE CONTRACT,,,THIS CONTRACT IS FOR THE SERVICES REQUIRED TO SUPPORT THE ROMAN SPACE TELESCOPE SCIENCE SUPPORT CENTER,080,NATIONAL AERONAUTICS AND SPACE ADMINISTRATION (NASA),8000,NATIONAL AERONAUTICS AND SPACE ADMINISTRATION,80GSFC,NASA GODDARD SPACE FLIGHT CENTER,080,NATIONAL AERONAUTICS AND SPACE ADMINISTRATION (NASA),8000,NATIONAL AERONAUTICS AND SPACE ADMINISTRATION,80GSFC,NASA GODDARD SPACE FLIGHT CENTER,U2JMKHNS5TG4,,CALIFORNIA INSTITUTE OF TECHNOLOGY,CALIFORNIA INSTITUTE OF TECHNOLOGY,U2JMKHNS5TG4,U2JMKHNS5TG4,CALIFORNIA INSTITUTE OF TECHNOLOGY,CALIFORNIA INSTITUTE OF TECHNOLOGY,USA,CA,LOS ANGELES,PASADENA,CA-28,CA-28,911250001,UNITED STATES,CALIFORNIA,LOS ANGELES,CA-28,CA-28,911098001,,,AR15,"SPACE R&D SVCS; SPACE FLIGHT, RESEARCH & SUPPORTING ACTIVITIES; R&D FACILITIES & MAJ EQUIP",541715,"RESEARCH AND DEVELOPMENT IN THE PHYSICAL, ENGINEERING, AND LIFE SCIENCES (EXCEPT NANOTECHNOLOGY AND BIOTECHNOLOGY)",,,https://www.usaspending.gov/award/CONT_AWD_80GSFC22CA003_8000_-NONE-_-NONE-/,2022-05-25
National Aeronautics and Space Administration,National Aeronautics and Space Administration,FY2022P07,,080,2021,2022,,0120,000,080-2021/2022-0120-000,"Science, National Aeronautics and Space Administration",National Aeronautics and Space Administration,,"General Science, Space, and Technology","Space flight, research, and supporting activities",080-0120,"Science, National Aeronautics and Space Administration",0001,SCIENCE (DIRECT),25.5,Research and development contracts,D,Q,Not Designated Nonemergency/Emergency/Disaster/Wildfire Suppression,,885000.00,,,CONT_AWD_80GSFC22CA003_8000_-NONE-_-NONE-,80GSFC22CA003,,,,2021-10-01,2022,2025-09-03,2025,2021-10-01,2027-09-30,,D,DEFINITIVE CONTRACT,,,THIS CONTRACT IS FOR THE SERVICES REQUIRED TO SUPPORT THE ROMAN SPACE TELESCOPE SCIENCE SUPPORT CENTER,080,NATIONAL AERONAUTICS AND SPACE ADMINISTRATION (NASA),8000,NATIONAL AERONAUTICS AND SPACE ADMINISTRATION,80GSFC,NASA GODDARD SPACE FLIGHT CENTER,080,NATIONAL AERONAUTICS AND SPACE ADMINISTRATION (NASA),8000,NATIONAL AERONAUTICS AND SPACE ADMINISTRATION,80GSFC,NASA GODDARD SPACE FLIGHT CENTER,U2JMKHNS5TG4,,CALIFORNIA INSTITUTE OF TECHNOLOGY,CALIFORNIA INSTITUTE OF TECHNOLOGY,U2JMKHNS5TG4,U2JMKHNS5TG4,CALIFORNIA INSTITUTE OF TECHNOLOGY,CALIFORNIA INSTITUTE OF TECHNOLOGY,USA,CA,LOS ANGELES,PASADENA,CA-28,CA-28,911250001,UNITED STATES,CALIFORNIA,LOS ANGELES,CA-28,CA-28,911098001,,,AR15,"SPACE R&D SVCS; SPACE FLIGHT, RESEARCH & SUPPORTING ACTIVITIES; R&D FACILITIES & MAJ EQUIP",541715,"RESEARCH AND DEVELOPMENT IN THE PHYSICAL, ENGINEERING, AND LIFE SCIENCES (EXCEPT NANOTECHNOLOGY AND BIOTECHNOLOGY)",,,https://www.usaspending.gov/award/CONT_AWD_80GSFC22CA003_8000_-NONE-_-NONE-/,2022-05-25
National Aeronautics and Space Administration,National Aeronautics and Space Administration,FY2022P08,,080,2022,2023,,0120,000,080-2022/2023-0120-000,"Science, National Aeronautics and Space Administration",National Aeronautics and Space Administration,,"General Science, Space, and Technology","Space flight, research, and supporting activities",080-0120,"Science, National Aeronautics and Space Administration",0001,SCIENCE (DIRECT),25.5,Research and development contracts,D,Q,Not Designated Nonemergency/Emergency/Disaster/Wildfire Suppression,0.68,,,,CONT_AWD_80GSFC22CA003_8000_-NONE-_-NONE-,80GSFC22CA003,,,,2021-10-01,2022,2025-09-03,2025,2021-10-01,2027-09-30,,D,DEFINITIVE CONTRACT,,,THIS CONTRACT IS FOR THE SERVICES REQUIRED TO SUPPORT THE ROMAN SPACE TELESCOPE SCIENCE SUPPORT CENTER,080,NATIONAL AERONAUTICS AND SPACE ADMINISTRATION (NASA),8000,NATIONAL AERONAUTICS AND SPACE ADMINISTRATION,80GSFC,NASA GODDARD SPACE FLIGHT CENTER,080,NATIONAL AERONAUTICS AND SPACE ADMINISTRATION (NASA),8000,NATIONAL AERONAUTICS AND SPACE ADMINISTRATION,80GSFC,NASA GODDARD SPACE FLIGHT CENTER,U2JMKHNS5TG4,,CALIFORNIA INSTITUTE OF TECHNOLOGY,CALIFORNIA INSTITUTE OF TECHNOLOGY,U2JMKHNS5TG4,U2JMKHNS5TG4,CALIFORNIA INSTITUTE OF TECHNOLOGY,CALIFORNIA INSTITUTE OF TECHNOLOGY,USA,CA,LOS ANGELES,PASADENA,CA-28,CA-28,911250001,UNITED STATES,CALIFORNIA,LOS ANGELES,CA-28,CA-28,911098001,,,AR15,"SPACE R&D SVCS; SPACE FLIGHT, RESEARCH & SUPPORTING ACTIVITIES; R&D FACILITIES & MAJ EQUIP",541715,"RESEARCH AND DEVELOPMENT IN THE PHYSICAL, ENGINEERING, AND LIFE SCIENCES (EXCEPT NANOTECHNOLOGY AND BIOTECHNOLOGY)",,,https://www.usaspending.gov/award/CONT_AWD_80GSFC22CA003_8000_-NONE-_-NONE-/,2022-06-27
National Aeronautics and Space Administration,National Aeronautics and Space Administration,FY2022P08,,080,2022,2023,,0120,000,080-2022/2023-0120-000,"Science, National Aeronautics and Space Administration",National Aeronautics and Space Administration,,"General Science, Space, and Technology","Space flight, research, and supporting activities",080-0120,"Science, National Aeronautics and Space Administration",0001,SCIENCE (DIRECT),25.5,Research and development contracts,D,Q,Not Designated Nonemergency/Emergency/Disaster/Wildfire Suppression,,1878156.32,,,CONT_AWD_80GSFC22CA003_8000_-NONE-_-NONE-,80GSFC22CA003,,,,2021-10-01,2022,2025-09-03,2025,2021-10-01,2027-09-30,,D,DEFINITIVE CONTRACT,,,THIS CONTRACT IS FOR THE SERVICES REQUIRED TO SUPPORT THE ROMAN SPACE TELESCOPE SCIENCE SUPPORT CENTER,080,NATIONAL AERONAUTICS AND SPACE ADMINISTRATION (NASA),8000,NATIONAL AERONAUTICS AND SPACE ADMINISTRATION,80GSFC,NASA GODDARD SPACE FLIGHT CENTER,080,NATIONAL AERONAUTICS AND SPACE ADMINISTRATION (NASA),8000,NATIONAL AERONAUTICS AND SPACE ADMINISTRATION,80GSFC,NASA GODDARD SPACE FLIGHT CENTER,U2JMKHNS5TG4,,CALIFORNIA INSTITUTE OF TECHNOLOGY,CALIFORNIA INSTITUTE OF TECHNOLOGY,U2JMKHNS5TG4,U2JMKHNS5TG4,CALIFORNIA INSTITUTE OF TECHNOLOGY,CALIFORNIA INSTITUTE OF TECHNOLOGY,USA,CA,LOS ANGELES,PASADENA,CA-28,CA-28,911250001,UNITED STATES,CALIFORNIA,LOS ANGELES,CA-28,CA-28,911098001,,,AR15,"SPACE R&D SVCS; SPACE FLIGHT, RESEARCH & SUPPORTING ACTIVITIES; R&D FACILITIES & MAJ EQUIP",541715,"RESEARCH AND DEVELOPMENT IN THE PHYSICAL, ENGINEERING, AND LIFE SCIENCES (EXCEPT NANOTECHNOLOGY AND BIOTECHNOLOGY)",,,https://www.usaspending.gov/award/CONT_AWD_80GSFC22CA003_8000_-NONE-_-NONE-/,2022-06-27
National Aeronautics and Space Administration,National Aeronautics and Space Administration,FY2022P08,,080,2021,2022,,0120,000,080-2021/2022-0120-000,"Science, National Aeronautics and Space Administration",National Aeronautics and Space Administration,,"General Science, Space, and Technology","Space flight, research, and supporting activities",080-0120,"Science, National Aeronautics and Space Administration",0001,SCIENCE (DIRECT),25.5,Research and development contracts,D,Q,Not Designated Nonemergency/Emergency/Disaster/Wildfire Suppression,,885000.00,,,CONT_AWD_80GSFC22CA003_8000_-NONE-_-NONE-,80GSFC22CA003,,,,2021-10-01,2022,2025-09-03,2025,2021-10-01,2027-09-30,,D,DEFINITIVE CONTRACT,,,THIS CONTRACT IS FOR THE SERVICES REQUIRED TO SUPPORT THE ROMAN SPACE TELESCOPE SCIENCE SUPPORT CENTER,080,NATIONAL AERONAUTICS AND SPACE ADMINISTRATION (NASA),8000,NATIONAL AERONAUTICS AND SPACE ADMINISTRATION,80GSFC,NASA GODDARD SPACE FLIGHT CENTER,080,NATIONAL AERONAUTICS AND SPACE ADMINISTRATION (NASA),8000,NATIONAL AERONAUTICS AND SPACE ADMINISTRATION,80GSFC,NASA GODDARD SPACE FLIGHT CENTER,U2JMKHNS5TG4,,CALIFORNIA INSTITUTE OF TECHNOLOGY,CALIFORNIA INSTITUTE OF TECHNOLOGY,U2JMKHNS5TG4,U2JMKHNS5TG4,CALIFORNIA INSTITUTE OF TECHNOLOGY,CALIFORNIA INSTITUTE OF TECHNOLOGY,USA,CA,LOS ANGELES,PASADENA,CA-28,CA-28,911250001,UNITED STATES,CALIFORNIA,LOS ANGELES,CA-28,CA-28,911098001,,,AR15,"SPACE R&D SVCS; SPACE FLIGHT, RESEARCH & SUPPORTING ACTIVITIES; R&D FACILITIES & MAJ EQUIP",541715,"RESEARCH AND DEVELOPMENT IN THE PHYSICAL, ENGINEERING, AND LIFE SCIENCES (EXCEPT NANOTECHNOLOGY AND BIOTECHNOLOGY)",,,https://www.usaspending.gov/award/CONT_AWD_80GSFC22CA003_8000_-NONE-_-NONE-/,2022-06-27
National Aeronautics and Space Administration,National Aeronautics and Space Administration,FY2022P08,,080,2021,2022,,0120,000,080-2021/2022-0120-000,"Science, National Aeronautics and Space Administration",National Aeronautics and Space Administration,,"General Science, Space, and Technology","Space flight, research, and supporting activities",080-0120,"Science, National Aeronautics and Space Administration",0001,SCIENCE (DIRECT),25.5,Research and development contracts,D,Q,Not Designated Nonemergency/Emergency/Disaster/Wildfire Suppression,53740.32,,,,CONT_AWD_80GSFC22CA003_8000_-NONE-_-NONE-,80GSFC22CA003,,,,2021-10-01,2022,2025-09-03,2025,2021-10-01,2027-09-30,,D,DEFINITIVE CONTRACT,,,THIS CONTRACT IS FOR THE SERVICES REQUIRED TO SUPPORT THE ROMAN SPACE TELESCOPE SCIENCE SUPPORT CENTER,080,NATIONAL AERONAUTICS AND SPACE ADMINISTRATION (NASA),8000,NATIONAL AERONAUTICS AND SPACE ADMINISTRATION,80GSFC,NASA GODDARD SPACE FLIGHT CENTER,080,NATIONAL AERONAUTICS AND SPACE ADMINISTRATION (NASA),8000,NATIONAL AERONAUTICS AND SPACE ADMINISTRATION,80GSFC,NASA GODDARD SPACE FLIGHT CENTER,U2JMKHNS5TG4,,CALIFORNIA INSTITUTE OF TECHNOLOGY,CALIFORNIA INSTITUTE OF TECHNOLOGY,U2JMKHNS5TG4,U2JMKHNS5TG4,CALIFORNIA INSTITUTE OF TECHNOLOGY,CALIFORNIA INSTITUTE OF TECHNOLOGY,USA,CA,LOS ANGELES,PASADENA,CA-28,CA-28,911250001,UNITED STATES,CALIFORNIA,LOS ANGELES,CA-28,CA-28,911098001,,,AR15,"SPACE R&D SVCS; SPACE FLIGHT, RESEARCH & SUPPORTING ACTIVITIES; R&D FACILITIES & MAJ EQUIP",541715,"RESEARCH AND DEVELOPMENT IN THE PHYSICAL, ENGINEERING, AND LIFE SCIENCES (EXCEPT NANOTECHNOLOGY AND BIOTECHNOLOGY)",,,https://www.usaspending.gov/award/CONT_AWD_80GSFC22CA003_8000_-NONE-_-NONE-/,2022-06-27
National Aeronautics and Space Administration,National Aeronautics and Space Administration,FY2022P09,,080,2022,2023,,0120,000,080-2022/2023-0120-000,"Science, National Aeronautics and Space Administration",National Aeronautics and Space Administration,,"General Science, Space, and Technology","Space flight, research, and supporting activities",080-0120,"Science, National Aeronautics and Space Administration",0001,SCIENCE (DIRECT),25.5,Research and development contracts,D,Q,Not Designated Nonemergency/Emergency/Disaster/Wildfire Suppression,,2290566.57,,,CONT_AWD_80GSFC22CA003_8000_-NONE-_-NONE-,80GSFC22CA003,,,,2021-10-01,2022,2025-09-03,2025,2021-10-01,2027-09-30,,D,DEFINITIVE CONTRACT,,,THIS CONTRACT IS FOR THE SERVICES REQUIRED TO SUPPORT THE ROMAN SPACE TELESCOPE SCIENCE SUPPORT CENTER,080,NATIONAL AERONAUTICS AND SPACE ADMINISTRATION (NASA),8000,NATIONAL AERONAUTICS AND SPACE ADMINISTRATION,80GSFC,NASA GODDARD SPACE FLIGHT CENTER,080,NATIONAL AERONAUTICS AND SPACE ADMINISTRATION (NASA),8000,NATIONAL AERONAUTICS AND SPACE ADMINISTRATION,80GSFC,NASA GODDARD SPACE FLIGHT CENTER,U2JMKHNS5TG4,,CALIFORNIA INSTITUTE OF TECHNOLOGY,CALIFORNIA INSTITUTE OF TECHNOLOGY,U2JMKHNS5TG4,U2JMKHNS5TG4,CALIFORNIA INSTITUTE OF TECHNOLOGY,CALIFORNIA INSTITUTE OF TECHNOLOGY,USA,CA,LOS ANGELES,PASADENA,CA-28,CA-28,911250001,UNITED STATES,CALIFORNIA,LOS ANGELES,CA-28,CA-28,911098001,,,AR15,"SPACE R&D SVCS; SPACE FLIGHT, RESEARCH & SUPPORTING ACTIVITIES; R&D FACILITIES & MAJ EQUIP",541715,"RESEARCH AND DEVELOPMENT IN THE PHYSICAL, ENGINEERING, AND LIFE SCIENCES (EXCEPT NANOTECHNOLOGY AND BIOTECHNOLOGY)",,,https://www.usaspending.gov/award/CONT_AWD_80GSFC22CA003_8000_-NONE-_-NONE-/,2022-07-27
National Aeronautics and Space Administration,National Aeronautics and Space Administration,FY2022P09,,080,2021,2022,,0120,000,080-2021/2022-0120-000,"Science, National Aeronautics and Space Administration",National Aeronautics and Space Administration,,"General Science, Space, and Technology","Space flight, research, and supporting activities",080-0120,"Science, National Aeronautics and Space Administration",0001,SCIENCE (DIRECT),25.5,Research and development contracts,D,Q,Not Designated Nonemergency/Emergency/Disaster/Wildfire Suppression,,885000.00,,,CONT_AWD_80GSFC22CA003_8000_-NONE-_-NONE-,80GSFC22CA003,,,,2021-10-01,2022,2025-09-03,2025,2021-10-01,2027-09-30,,D,DEFINITIVE CONTRACT,,,THIS CONTRACT IS FOR THE SERVICES REQUIRED TO SUPPORT THE ROMAN SPACE TELESCOPE SCIENCE SUPPORT CENTER,080,NATIONAL AERONAUTICS AND SPACE ADMINISTRATION (NASA),8000,NATIONAL AERONAUTICS AND SPACE ADMINISTRATION,80GSFC,NASA GODDARD SPACE FLIGHT CENTER,080,NATIONAL AERONAUTICS AND SPACE ADMINISTRATION (NASA),8000,NATIONAL AERONAUTICS AND SPACE ADMINISTRATION,80GSFC,NASA GODDARD SPACE FLIGHT CENTER,U2JMKHNS5TG4,,CALIFORNIA INSTITUTE OF TECHNOLOGY,CALIFORNIA INSTITUTE OF TECHNOLOGY,U2JMKHNS5TG4,U2JMKHNS5TG4,CALIFORNIA INSTITUTE OF TECHNOLOGY,CALIFORNIA INSTITUTE OF TECHNOLOGY,USA,CA,LOS ANGELES,PASADENA,CA-28,CA-28,911250001,UNITED STATES,CALIFORNIA,LOS ANGELES,CA-28,CA-28,911098001,,,AR15,"SPACE R&D SVCS; SPACE FLIGHT, RESEARCH & SUPPORTING ACTIVITIES; R&D FACILITIES & MAJ EQUIP",541715,"RESEARCH AND DEVELOPMENT IN THE PHYSICAL, ENGINEERING, AND LIFE SCIENCES (EXCEPT NANOTECHNOLOGY AND BIOTECHNOLOGY)",,,https://www.usaspending.gov/award/CONT_AWD_80GSFC22CA003_8000_-NONE-_-NONE-/,2022-07-27
National Aeronautics and Space Administration,National Aeronautics and Space Administration,FY2022P10,,080,2022,2023,,0120,000,080-2022/2023-0120-000,"Science, National Aeronautics and Space Administration",National Aeronautics and Space Administration,,"General Science, Space, and Technology","Space flight, research, and supporting activities",080-0120,"Science, National Aeronautics and Space Administration",0001,SCIENCE (DIRECT),25.5,Research and development contracts,D,Q,Not Designated Nonemergency/Emergency/Disaster/Wildfire Suppression,,2685332.93,,,CONT_AWD_80GSFC22CA003_8000_-NONE-_-NONE-,80GSFC22CA003,,,,2021-10-01,2022,2025-09-03,2025,2021-10-01,2027-09-30,,D,DEFINITIVE CONTRACT,,,THIS CONTRACT IS FOR THE SERVICES REQUIRED TO SUPPORT THE ROMAN SPACE TELESCOPE SCIENCE SUPPORT CENTER,080,NATIONAL AERONAUTICS AND SPACE ADMINISTRATION (NASA),8000,NATIONAL AERONAUTICS AND SPACE ADMINISTRATION,80GSFC,NASA GODDARD SPACE FLIGHT CENTER,080,NATIONAL AERONAUTICS AND SPACE ADMINISTRATION (NASA),8000,NATIONAL AERONAUTICS AND SPACE ADMINISTRATION,80GSFC,NASA GODDARD SPACE FLIGHT CENTER,U2JMKHNS5TG4,,CALIFORNIA INSTITUTE OF TECHNOLOGY,CALIFORNIA INSTITUTE OF TECHNOLOGY,U2JMKHNS5TG4,U2JMKHNS5TG4,CALIFORNIA INSTITUTE OF TECHNOLOGY,CALIFORNIA INSTITUTE OF TECHNOLOGY,USA,CA,LOS ANGELES,PASADENA,CA-28,CA-28,911250001,UNITED STATES,CALIFORNIA,LOS ANGELES,CA-28,CA-28,911098001,,,AR15,"SPACE R&D SVCS; SPACE FLIGHT, RESEARCH & SUPPORTING ACTIVITIES; R&D FACILITIES & MAJ EQUIP",541715,"RESEARCH AND DEVELOPMENT IN THE PHYSICAL, ENGINEERING, AND LIFE SCIENCES (EXCEPT NANOTECHNOLOGY AND BIOTECHNOLOGY)",,,https://www.usaspending.gov/award/CONT_AWD_80GSFC22CA003_8000_-NONE-_-NONE-/,2022-08-24
National Aeronautics and Space Administration,National Aeronautics and Space Administration,FY2022P10,,080,2021,2022,,0120,000,080-2021/2022-0120-000,"Science, National Aeronautics and Space Administration",National Aeronautics and Space Administration,,"General Science, Space, and Technology","Space flight, research, and supporting activities",080-0120,"Science, National Aeronautics and Space Administration",0001,SCIENCE (DIRECT),25.5,Research and development contracts,D,Q,Not Designated Nonemergency/Emergency/Disaster/Wildfire Suppression,,885000.00,,,CONT_AWD_80GSFC22CA003_8000_-NONE-_-NONE-,80GSFC22CA003,,,,2021-10-01,2022,2025-09-03,2025,2021-10-01,2027-09-30,,D,DEFINITIVE CONTRACT,,,THIS CONTRACT IS FOR THE SERVICES REQUIRED TO SUPPORT THE ROMAN SPACE TELESCOPE SCIENCE SUPPORT CENTER,080,NATIONAL AERONAUTICS AND SPACE ADMINISTRATION (NASA),8000,NATIONAL AERONAUTICS AND SPACE ADMINISTRATION,80GSFC,NASA GODDARD SPACE FLIGHT CENTER,080,NATIONAL AERONAUTICS AND SPACE ADMINISTRATION (NASA),8000,NATIONAL AERONAUTICS AND SPACE ADMINISTRATION,80GSFC,NASA GODDARD SPACE FLIGHT CENTER,U2JMKHNS5TG4,,CALIFORNIA INSTITUTE OF TECHNOLOGY,CALIFORNIA INSTITUTE OF TECHNOLOGY,U2JMKHNS5TG4,U2JMKHNS5TG4,CALIFORNIA INSTITUTE OF TECHNOLOGY,CALIFORNIA INSTITUTE OF TECHNOLOGY,USA,CA,LOS ANGELES,PASADENA,CA-28,CA-28,911250001,UNITED STATES,CALIFORNIA,LOS ANGELES,CA-28,CA-28,911098001,,,AR15,"SPACE R&D SVCS; SPACE FLIGHT, RESEARCH & SUPPORTING ACTIVITIES; R&D FACILITIES & MAJ EQUIP",541715,"RESEARCH AND DEVELOPMENT IN THE PHYSICAL, ENGINEERING, AND LIFE SCIENCES (EXCEPT NANOTECHNOLOGY AND BIOTECHNOLOGY)",,,https://www.usaspending.gov/award/CONT_AWD_80GSFC22CA003_8000_-NONE-_-NONE-/,2022-08-24
National Aeronautics and Space Administration,National Aeronautics and Space Administration,FY2022P11,,080,2022,2023,,0120,000,080-2022/2023-0120-000,"Science, National Aeronautics and Space Administration",National Aeronautics and Space Administration,,"General Science, Space, and Technology","Space flight, research, and supporting activities",080-0120,"Science, National Aeronautics and Space Administration",0001,SCIENCE (DIRECT),25.5,Research and development contracts,D,Q,Not Designated Nonemergency/Emergency/Disaster/Wildfire Suppression,,3037862.74,,,CONT_AWD_80GSFC22CA003_8000_-NONE-_-NONE-,80GSFC22CA003,,,,2021-10-01,2022,2025-09-03,2025,2021-10-01,2027-09-30,,D,DEFINITIVE CONTRACT,,,THIS CONTRACT IS FOR THE SERVICES REQUIRED TO SUPPORT THE ROMAN SPACE TELESCOPE SCIENCE SUPPORT CENTER,080,NATIONAL AERONAUTICS AND SPACE ADMINISTRATION (NASA),8000,NATIONAL AERONAUTICS AND SPACE ADMINISTRATION,80GSFC,NASA GODDARD SPACE FLIGHT CENTER,080,NATIONAL AERONAUTICS AND SPACE ADMINISTRATION (NASA),8000,NATIONAL AERONAUTICS AND SPACE ADMINISTRATION,80GSFC,NASA GODDARD SPACE FLIGHT CENTER,U2JMKHNS5TG4,,CALIFORNIA INSTITUTE OF TECHNOLOGY,CALIFORNIA INSTITUTE OF TECHNOLOGY,U2JMKHNS5TG4,U2JMKHNS5TG4,CALIFORNIA INSTITUTE OF TECHNOLOGY,CALIFORNIA INSTITUTE OF TECHNOLOGY,USA,CA,LOS ANGELES,PASADENA,CA-28,CA-28,911250001,UNITED STATES,CALIFORNIA,LOS ANGELES,CA-28,CA-28,911098001,,,AR15,"SPACE R&D SVCS; SPACE FLIGHT, RESEARCH & SUPPORTING ACTIVITIES; R&D FACILITIES & MAJ EQUIP",541715,"RESEARCH AND DEVELOPMENT IN THE PHYSICAL, ENGINEERING, AND LIFE SCIENCES (EXCEPT NANOTECHNOLOGY AND BIOTECHNOLOGY)",,,https://www.usaspending.gov/award/CONT_AWD_80GSFC22CA003_8000_-NONE-_-NONE-/,2022-09-25
National Aeronautics and Space Administration,National Aeronautics and Space Administration,FY2022P11,,080,2021,2022,,0120,000,080-2021/2022-0120-000,"Science, National Aeronautics and Space Administration",National Aeronautics and Space Administration,,"General Science, Space, and Technology","Space flight, research, and supporting activities",080-0120,"Science, National Aeronautics and Space Administration",0001,SCIENCE (DIRECT),25.5,Research and development contracts,D,Q,Not Designated Nonemergency/Emergency/Disaster/Wildfire Suppression,,885000.00,,,CONT_AWD_80GSFC22CA003_8000_-NONE-_-NONE-,80GSFC22CA003,,,,2021-10-01,2022,2025-09-03,2025,2021-10-01,2027-09-30,,D,DEFINITIVE CONTRACT,,,THIS CONTRACT IS FOR THE SERVICES REQUIRED TO SUPPORT THE ROMAN SPACE TELESCOPE SCIENCE SUPPORT CENTER,080,NATIONAL AERONAUTICS AND SPACE ADMINISTRATION (NASA),8000,NATIONAL AERONAUTICS AND SPACE ADMINISTRATION,80GSFC,NASA GODDARD SPACE FLIGHT CENTER,080,NATIONAL AERONAUTICS AND SPACE ADMINISTRATION (NASA),8000,NATIONAL AERONAUTICS AND SPACE ADMINISTRATION,80GSFC,NASA GODDARD SPACE FLIGHT CENTER,U2JMKHNS5TG4,,CALIFORNIA INSTITUTE OF TECHNOLOGY,CALIFORNIA INSTITUTE OF TECHNOLOGY,U2JMKHNS5TG4,U2JMKHNS5TG4,CALIFORNIA INSTITUTE OF TECHNOLOGY,CALIFORNIA INSTITUTE OF TECHNOLOGY,USA,CA,LOS ANGELES,PASADENA,CA-28,CA-28,911250001,UNITED STATES,CALIFORNIA,LOS ANGELES,CA-28,CA-28,911098001,,,AR15,"SPACE R&D SVCS; SPACE FLIGHT, RESEARCH & SUPPORTING ACTIVITIES; R&D FACILITIES & MAJ EQUIP",541715,"RESEARCH AND DEVELOPMENT IN THE PHYSICAL, ENGINEERING, AND LIFE SCIENCES (EXCEPT NANOTECHNOLOGY AND BIOTECHNOLOGY)",,,https://www.usaspending.gov/award/CONT_AWD_80GSFC22CA003_8000_-NONE-_-NONE-/,2022-09-25
National Aeronautics and Space Administration,National Aeronautics and Space Administration,FY2022P12,,080,2022,2023,,0120,000,080-2022/2023-0120-000,"Science, National Aeronautics and Space Administration",National Aeronautics and Space Administration,,"General Science, Space, and Technology","Space flight, research, and supporting activities",080-0120,"Science, National Aeronautics and Space Administration",0001,SCIENCE (DIRECT),25.5,Research and development contracts,D,Q,Not Designated Nonemergency/Emergency/Disaster/Wildfire Suppression,,3467215.07,,,CONT_AWD_80GSFC22CA003_8000_-NONE-_-NONE-,80GSFC22CA003,,,,2021-10-01,2022,2025-09-03,2025,2021-10-01,2027-09-30,,D,DEFINITIVE CONTRACT,,,THIS CONTRACT IS FOR THE SERVICES REQUIRED TO SUPPORT THE ROMAN SPACE TELESCOPE SCIENCE SUPPORT CENTER,080,NATIONAL AERONAUTICS AND SPACE ADMINISTRATION (NASA),8000,NATIONAL AERONAUTICS AND SPACE ADMINISTRATION,80GSFC,NASA GODDARD SPACE FLIGHT CENTER,080,NATIONAL AERONAUTICS AND SPACE ADMINISTRATION (NASA),8000,NATIONAL AERONAUTICS AND SPACE ADMINISTRATION,80GSFC,NASA GODDARD SPACE FLIGHT CENTER,U2JMKHNS5TG4,,CALIFORNIA INSTITUTE OF TECHNOLOGY,CALIFORNIA INSTITUTE OF TECHNOLOGY,U2JMKHNS5TG4,U2JMKHNS5TG4,CALIFORNIA INSTITUTE OF TECHNOLOGY,CALIFORNIA INSTITUTE OF TECHNOLOGY,USA,CA,LOS ANGELES,PASADENA,CA-28,CA-28,911250001,UNITED STATES,CALIFORNIA,LOS ANGELES,CA-28,CA-28,911098001,,,AR15,"SPACE R&D SVCS; SPACE FLIGHT, RESEARCH & SUPPORTING ACTIVITIES; R&D FACILITIES & MAJ EQUIP",541715,"RESEARCH AND DEVELOPMENT IN THE PHYSICAL, ENGINEERING, AND LIFE SCIENCES (EXCEPT NANOTECHNOLOGY AND BIOTECHNOLOGY)",,,https://www.usaspending.gov/award/CONT_AWD_80GSFC22CA003_8000_-NONE-_-NONE-/,2022-11-02
National Aeronautics and Space Administration,National Aeronautics and Space Administration,FY2022P12,,080,2022,2023,,0120,000,080-2022/2023-0120-000,"Science, National Aeronautics and Space Administration",National Aeronautics and Space Administration,,"General Science, Space, and Technology","Space flight, research, and supporting activities",080-0120,"Science, National Aeronautics and Space Administration",0001,SCIENCE (DIRECT),25.5,Research and development contracts,D,Q,Not Designated Nonemergency/Emergency/Disaster/Wildfire Suppression,1496400.00,,,,CONT_AWD_80GSFC22CA003_8000_-NONE-_-NONE-,80GSFC22CA003,,,,2021-10-01,2022,2025-09-03,2025,2021-10-01,2027-09-30,,D,DEFINITIVE CONTRACT,,,THIS CONTRACT IS FOR THE SERVICES REQUIRED TO SUPPORT THE ROMAN SPACE TELESCOPE SCIENCE SUPPORT CENTER,080,NATIONAL AERONAUTICS AND SPACE ADMINISTRATION (NASA),8000,NATIONAL AERONAUTICS AND SPACE ADMINISTRATION,80GSFC,NASA GODDARD SPACE FLIGHT CENTER,080,NATIONAL AERONAUTICS AND SPACE ADMINISTRATION (NASA),8000,NATIONAL AERONAUTICS AND SPACE ADMINISTRATION,80GSFC,NASA GODDARD SPACE FLIGHT CENTER,U2JMKHNS5TG4,,CALIFORNIA INSTITUTE OF TECHNOLOGY,CALIFORNIA INSTITUTE OF TECHNOLOGY,U2JMKHNS5TG4,U2JMKHNS5TG4,CALIFORNIA INSTITUTE OF TECHNOLOGY,CALIFORNIA INSTITUTE OF TECHNOLOGY,USA,CA,LOS ANGELES,PASADENA,CA-28,CA-28,911250001,UNITED STATES,CALIFORNIA,LOS ANGELES,CA-28,CA-28,911098001,,,AR15,"SPACE R&D SVCS; SPACE FLIGHT, RESEARCH & SUPPORTING ACTIVITIES; R&D FACILITIES & MAJ EQUIP",541715,"RESEARCH AND DEVELOPMENT IN THE PHYSICAL, ENGINEERING, AND LIFE SCIENCES (EXCEPT NANOTECHNOLOGY AND BIOTECHNOLOGY)",,,https://www.usaspending.gov/award/CONT_AWD_80GSFC22CA003_8000_-NONE-_-NONE-/,2022-11-02
National Aeronautics and Space Administration,National Aeronautics and Space Administration,FY2022P12,,080,2021,2022,,0120,000,080-2021/2022-0120-000,"Science, National Aeronautics and Space Administration",National Aeronautics and Space Administration,,"General Science, Space, and Technology","Space flight, research, and supporting activities",080-0120,"Science, National Aeronautics and Space Administration",0001,SCIENCE (DIRECT),25.5,Research and development contracts,D,Q,Not Designated Nonemergency/Emergency/Disaster/Wildfire Suppression,,885000.00,,,CONT_AWD_80GSFC22CA003_8000_-NONE-_-NONE-,80GSFC22CA003,,,,2021-10-01,2022,2025-09-03,2025,2021-10-01,2027-09-30,,D,DEFINITIVE CONTRACT,,,THIS CONTRACT IS FOR THE SERVICES REQUIRED TO SUPPORT THE ROMAN SPACE TELESCOPE SCIENCE SUPPORT CENTER,080,NATIONAL AERONAUTICS AND SPACE ADMINISTRATION (NASA),8000,NATIONAL AERONAUTICS AND SPACE ADMINISTRATION,80GSFC,NASA GODDARD SPACE FLIGHT CENTER,080,NATIONAL AERONAUTICS AND SPACE ADMINISTRATION (NASA),8000,NATIONAL AERONAUTICS AND SPACE ADMINISTRATION,80GSFC,NASA GODDARD SPACE FLIGHT CENTER,U2JMKHNS5TG4,,CALIFORNIA INSTITUTE OF TECHNOLOGY,CALIFORNIA INSTITUTE OF TECHNOLOGY,U2JMKHNS5TG4,U2JMKHNS5TG4,CALIFORNIA INSTITUTE OF TECHNOLOGY,CALIFORNIA INSTITUTE OF TECHNOLOGY,USA,CA,LOS ANGELES,PASADENA,CA-28,CA-28,911250001,UNITED STATES,CALIFORNIA,LOS ANGELES,CA-28,CA-28,911098001,,,AR15,"SPACE R&D SVCS; SPACE FLIGHT, RESEARCH & SUPPORTING ACTIVITIES; R&D FACILITIES & MAJ EQUIP",541715,"RESEARCH AND DEVELOPMENT IN THE PHYSICAL, ENGINEERING, AND LIFE SCIENCES (EXCEPT NANOTECHNOLOGY AND BIOTECHNOLOGY)",,,https://www.usaspending.gov/award/CONT_AWD_80GSFC22CA003_8000_-NONE-_-NONE-/,2022-11-02
National Aeronautics and Space Administration,National Aeronautics and Space Administration,FY2023P02,,080,2022,2023,,0120,000,080-2022/2023-0120-000,"Science, National Aeronautics and Space Administration",National Aeronautics and Space Administration,,"General Science, Space, and Technology","Space flight, research, and supporting activities",080-0120,"Science, National Aeronautics and Space Administration",0001,SCIENCE (DIRECT),25.5,Research and development contracts,D,Q,Not Designated Nonemergency/Emergency/Disaster/Wildfire Suppression,492000.00,,,,CONT_AWD_80GSFC22CA003_8000_-NONE-_-NONE-,80GSFC22CA003,,,,2021-10-01,2022,2025-09-03,2025,2021-10-01,2027-09-30,,D,DEFINITIVE CONTRACT,,,THIS CONTRACT IS FOR THE SERVICES REQUIRED TO SUPPORT THE ROMAN SPACE TELESCOPE SCIENCE SUPPORT CENTER,080,NATIONAL AERONAUTICS AND SPACE ADMINISTRATION (NASA),8000,NATIONAL AERONAUTICS AND SPACE ADMINISTRATION,80GSFC,NASA GODDARD SPACE FLIGHT CENTER,080,NATIONAL AERONAUTICS AND SPACE ADMINISTRATION (NASA),8000,NATIONAL AERONAUTICS AND SPACE ADMINISTRATION,80GSFC,NASA GODDARD SPACE FLIGHT CENTER,U2JMKHNS5TG4,,CALIFORNIA INSTITUTE OF TECHNOLOGY,CALIFORNIA INSTITUTE OF TECHNOLOGY,U2JMKHNS5TG4,U2JMKHNS5TG4,CALIFORNIA INSTITUTE OF TECHNOLOGY,CALIFORNIA INSTITUTE OF TECHNOLOGY,USA,CA,LOS ANGELES,PASADENA,CA-28,CA-28,911250001,UNITED STATES,CALIFORNIA,LOS ANGELES,CA-28,CA-28,911098001,,,AR15,"SPACE R&D SVCS; SPACE FLIGHT, RESEARCH & SUPPORTING ACTIVITIES; R&D FACILITIES & MAJ EQUIP",541715,"RESEARCH AND DEVELOPMENT IN THE PHYSICAL, ENGINEERING, AND LIFE SCIENCES (EXCEPT NANOTECHNOLOGY AND BIOTECHNOLOGY)",,,https://www.usaspending.gov/award/CONT_AWD_80GSFC22CA003_8000_-NONE-_-NONE-/,2023-01-06
National Aeronautics and Space Administration,National Aeronautics and Space Administration,FY2023P02,,080,2022,2023,,0120,000,080-2022/2023-0120-000,"Science, National Aeronautics and Space Administration",National Aeronautics and Space Administration,,"General Science, Space, and Technology","Space flight, research, and supporting activities",080-0120,"Science, National Aeronautics and Space Administration",0001,SCIENCE (DIRECT),25.5,Research and development contracts,D,Q,Not Designated Nonemergency/Emergency/Disaster/Wildfire Suppression,,656190.57,,,CONT_AWD_80GSFC22CA003_8000_-NONE-_-NONE-,80GSFC22CA003,,,,2021-10-01,2022,2025-09-03,2025,2021-10-01,2027-09-30,,D,DEFINITIVE CONTRACT,,,THIS CONTRACT IS FOR THE SERVICES REQUIRED TO SUPPORT THE ROMAN SPACE TELESCOPE SCIENCE SUPPORT CENTER,080,NATIONAL AERONAUTICS AND SPACE ADMINISTRATION (NASA),8000,NATIONAL AERONAUTICS AND SPACE ADMINISTRATION,80GSFC,NASA GODDARD SPACE FLIGHT CENTER,080,NATIONAL AERONAUTICS AND SPACE ADMINISTRATION (NASA),8000,NATIONAL AERONAUTICS AND SPACE ADMINISTRATION,80GSFC,NASA GODDARD SPACE FLIGHT CENTER,U2JMKHNS5TG4,,CALIFORNIA INSTITUTE OF TECHNOLOGY,CALIFORNIA INSTITUTE OF TECHNOLOGY,U2JMKHNS5TG4,U2JMKHNS5TG4,CALIFORNIA INSTITUTE OF TECHNOLOGY,CALIFORNIA INSTITUTE OF TECHNOLOGY,USA,CA,LOS ANGELES,PASADENA,CA-28,CA-28,911250001,UNITED STATES,CALIFORNIA,LOS ANGELES,CA-28,CA-28,911098001,,,AR15,"SPACE R&D SVCS; SPACE FLIGHT, RESEARCH & SUPPORTING ACTIVITIES; R&D FACILITIES & MAJ EQUIP",541715,"RESEARCH AND DEVELOPMENT IN THE PHYSICAL, ENGINEERING, AND LIFE SCIENCES (EXCEPT NANOTECHNOLOGY AND BIOTECHNOLOGY)",,,https://www.usaspending.gov/award/CONT_AWD_80GSFC22CA003_8000_-NONE-_-NONE-/,2023-01-06
National Aeronautics and Space Administration,National Aeronautics and Space Administration,FY2023P03,,080,2022,2023,,0120,000,080-2022/2023-0120-000,"Science, National Aeronautics and Space Administration",National Aeronautics and Space Administration,,"General Science, Space, and Technology","Space flight, research, and supporting activities",080-0120,"Science, National Aeronautics and Space Administration",0001,SCIENCE (DIRECT),25.5,Research and development contracts,D,Q,Not Designated Nonemergency/Emergency/Disaster/Wildfire Suppression,,1124449.70,,,CONT_AWD_80GSFC22CA003_8000_-NONE-_-NONE-,80GSFC22CA003,,,,2021-10-01,2022,2025-09-03,2025,2021-10-01,2027-09-30,,D,DEFINITIVE CONTRACT,,,THIS CONTRACT IS FOR THE SERVICES REQUIRED TO SUPPORT THE ROMAN SPACE TELESCOPE SCIENCE SUPPORT CENTER,080,NATIONAL AERONAUTICS AND SPACE ADMINISTRATION (NASA),8000,NATIONAL AERONAUTICS AND SPACE ADMINISTRATION,80GSFC,NASA GODDARD SPACE FLIGHT CENTER,080,NATIONAL AERONAUTICS AND SPACE ADMINISTRATION (NASA),8000,NATIONAL AERONAUTICS AND SPACE ADMINISTRATION,80GSFC,NASA GODDARD SPACE FLIGHT CENTER,U2JMKHNS5TG4,,CALIFORNIA INSTITUTE OF TECHNOLOGY,CALIFORNIA INSTITUTE OF TECHNOLOGY,U2JMKHNS5TG4,U2JMKHNS5TG4,CALIFORNIA INSTITUTE OF TECHNOLOGY,CALIFORNIA INSTITUTE OF TECHNOLOGY,USA,CA,LOS ANGELES,PASADENA,CA-28,CA-28,911250001,UNITED STATES,CALIFORNIA,LOS ANGELES,CA-28,CA-28,911098001,,,AR15,"SPACE R&D SVCS; SPACE FLIGHT, RESEARCH & SUPPORTING ACTIVITIES; R&D FACILITIES & MAJ EQUIP",541715,"RESEARCH AND DEVELOPMENT IN THE PHYSICAL, ENGINEERING, AND LIFE SCIENCES (EXCEPT NANOTECHNOLOGY AND BIOTECHNOLOGY)",,,https://www.usaspending.gov/award/CONT_AWD_80GSFC22CA003_8000_-NONE-_-NONE-/,2023-01-31
National Aeronautics and Space Administration,National Aeronautics and Space Administration,FY2023P03,,080,2021,2022,,0120,000,080-2021/2022-0120-000,"Science, National Aeronautics and Space Administration",National Aeronautics and Space Administration,,"General Science, Space, and Technology","Space flight, research, and supporting activities",080-0120,"Science, National Aeronautics and Space Administration",0001,SCIENCE (DIRECT),25.5,Research and development contracts,D,Q,Not Designated Nonemergency/Emergency/Disaster/Wildfire Suppression,,53740.32,,,CONT_AWD_80GSFC22CA003_8000_-NONE-_-NONE-,80GSFC22CA003,,,,2021-10-01,2022,2025-09-03,2025,2021-10-01,2027-09-30,,D,DEFINITIVE CONTRACT,,,THIS CONTRACT IS FOR THE SERVICES REQUIRED TO SUPPORT THE ROMAN SPACE TELESCOPE SCIENCE SUPPORT CENTER,080,NATIONAL AERONAUTICS AND SPACE ADMINISTRATION (NASA),8000,NATIONAL AERONAUTICS AND SPACE ADMINISTRATION,80GSFC,NASA GODDARD SPACE FLIGHT CENTER,080,NATIONAL AERONAUTICS AND SPACE ADMINISTRATION (NASA),8000,NATIONAL AERONAUTICS AND SPACE ADMINISTRATION,80GSFC,NASA GODDARD SPACE FLIGHT CENTER,U2JMKHNS5TG4,,CALIFORNIA INSTITUTE OF TECHNOLOGY,CALIFORNIA INSTITUTE OF TECHNOLOGY,U2JMKHNS5TG4,U2JMKHNS5TG4,CALIFORNIA INSTITUTE OF TECHNOLOGY,CALIFORNIA INSTITUTE OF TECHNOLOGY,USA,CA,LOS ANGELES,PASADENA,CA-28,CA-28,911250001,UNITED STATES,CALIFORNIA,LOS ANGELES,CA-28,CA-28,911098001,,,AR15,"SPACE R&D SVCS; SPACE FLIGHT, RESEARCH & SUPPORTING ACTIVITIES; R&D FACILITIES & MAJ EQUIP",541715,"RESEARCH AND DEVELOPMENT IN THE PHYSICAL, ENGINEERING, AND LIFE SCIENCES (EXCEPT NANOTECHNOLOGY AND BIOTECHNOLOGY)",,,https://www.usaspending.gov/award/CONT_AWD_80GSFC22CA003_8000_-NONE-_-NONE-/,2023-01-31
National Aeronautics and Space Administration,National Aeronautics and Space Administration,FY2023P04,,080,2023,2024,,0120,000,080-2023/2024-0120-000,"Science, National Aeronautics and Space Administration",National Aeronautics and Space Administration,,"General Science, Space, and Technology","Space flight, research, and supporting activities",080-0120,"Science, National Aeronautics and Space Administration",0001,SCIENCE (DIRECT),25.5,Research and development contracts,D,Q,Not Designated Nonemergency/Emergency/Disaster/Wildfire Suppression,2319450.00,,,,CONT_AWD_80GSFC22CA003_8000_-NONE-_-NONE-,80GSFC22CA003,,,,2021-10-01,2022,2025-09-03,2025,2021-10-01,2027-09-30,,D,DEFINITIVE CONTRACT,,,THIS CONTRACT IS FOR THE SERVICES REQUIRED TO SUPPORT THE ROMAN SPACE TELESCOPE SCIENCE SUPPORT CENTER,080,NATIONAL AERONAUTICS AND SPACE ADMINISTRATION (NASA),8000,NATIONAL AERONAUTICS AND SPACE ADMINISTRATION,80GSFC,NASA GODDARD SPACE FLIGHT CENTER,080,NATIONAL AERONAUTICS AND SPACE ADMINISTRATION (NASA),8000,NATIONAL AERONAUTICS AND SPACE ADMINISTRATION,80GSFC,NASA GODDARD SPACE FLIGHT CENTER,U2JMKHNS5TG4,,CALIFORNIA INSTITUTE OF TECHNOLOGY,CALIFORNIA INSTITUTE OF TECHNOLOGY,U2JMKHNS5TG4,U2JMKHNS5TG4,CALIFORNIA INSTITUTE OF TECHNOLOGY,CALIFORNIA INSTITUTE OF TECHNOLOGY,USA,CA,LOS ANGELES,PASADENA,CA-28,CA-28,911250001,UNITED STATES,CALIFORNIA,LOS ANGELES,CA-28,CA-28,911098001,,,AR15,"SPACE R&D SVCS; SPACE FLIGHT, RESEARCH & SUPPORTING ACTIVITIES; R&D FACILITIES & MAJ EQUIP",541715,"RESEARCH AND DEVELOPMENT IN THE PHYSICAL, ENGINEERING, AND LIFE SCIENCES (EXCEPT NANOTECHNOLOGY AND BIOTECHNOLOGY)",,,https://www.usaspending.gov/award/CONT_AWD_80GSFC22CA003_8000_-NONE-_-NONE-/,2023-02-23
National Aeronautics and Space Administration,National Aeronautics and Space Administration,FY2023P04,,080,2022,2023,,0120,000,080-2022/2023-0120-000,"Science, National Aeronautics and Space Administration",National Aeronautics and Space Administration,,"General Science, Space, and Technology","Space flight, research, and supporting activities",080-0120,"Science, National Aeronautics and Space Administration",0001,SCIENCE (DIRECT),25.5,Research and development contracts,D,Q,Not Designated Nonemergency/Emergency/Disaster/Wildfire Suppression,,2089644.40,,,CONT_AWD_80GSFC22CA003_8000_-NONE-_-NONE-,80GSFC22CA003,,,,2021-10-01,2022,2025-09-03,2025,2021-10-01,2027-09-30,,D,DEFINITIVE CONTRACT,,,THIS CONTRACT IS FOR THE SERVICES REQUIRED TO SUPPORT THE ROMAN SPACE TELESCOPE SCIENCE SUPPORT CENTER,080,NATIONAL AERONAUTICS AND SPACE ADMINISTRATION (NASA),8000,NATIONAL AERONAUTICS AND SPACE ADMINISTRATION,80GSFC,NASA GODDARD SPACE FLIGHT CENTER,080,NATIONAL AERONAUTICS AND SPACE ADMINISTRATION (NASA),8000,NATIONAL AERONAUTICS AND SPACE ADMINISTRATION,80GSFC,NASA GODDARD SPACE FLIGHT CENTER,U2JMKHNS5TG4,,CALIFORNIA INSTITUTE OF TECHNOLOGY,CALIFORNIA INSTITUTE OF TECHNOLOGY,U2JMKHNS5TG4,U2JMKHNS5TG4,CALIFORNIA INSTITUTE OF TECHNOLOGY,CALIFORNIA INSTITUTE OF TECHNOLOGY,USA,CA,LOS ANGELES,PASADENA,CA-28,CA-28,911250001,UNITED STATES,CALIFORNIA,LOS ANGELES,CA-28,CA-28,911098001,,,AR15,"SPACE R&D SVCS; SPACE FLIGHT, RESEARCH & SUPPORTING ACTIVITIES; R&D FACILITIES & MAJ EQUIP",541715,"RESEARCH AND DEVELOPMENT IN THE PHYSICAL, ENGINEERING, AND LIFE SCIENCES (EXCEPT NANOTECHNOLOGY AND BIOTECHNOLOGY)",,,https://www.usaspending.gov/award/CONT_AWD_80GSFC22CA003_8000_-NONE-_-NONE-/,2023-02-23
National Aeronautics and Space Administration,National Aeronautics and Space Administration,FY2023P04,,080,2021,2022,,0120,000,080-2021/2022-0120-000,"Science, National Aeronautics and Space Administration",National Aeronautics and Space Administration,,"General Science, Space, and Technology","Space flight, research, and supporting activities",080-0120,"Science, National Aeronautics and Space Administration",0001,SCIENCE (DIRECT),25.5,Research and development contracts,D,Q,Not Designated Nonemergency/Emergency/Disaster/Wildfire Suppression,,53740.32,,,CONT_AWD_80GSFC22CA003_8000_-NONE-_-NONE-,80GSFC22CA003,,,,2021-10-01,2022,2025-09-03,2025,2021-10-01,2027-09-30,,D,DEFINITIVE CONTRACT,,,THIS CONTRACT IS FOR THE SERVICES REQUIRED TO SUPPORT THE ROMAN SPACE TELESCOPE SCIENCE SUPPORT CENTER,080,NATIONAL AERONAUTICS AND SPACE ADMINISTRATION (NASA),8000,NATIONAL AERONAUTICS AND SPACE ADMINISTRATION,80GSFC,NASA GODDARD SPACE FLIGHT CENTER,080,NATIONAL AERONAUTICS AND SPACE ADMINISTRATION (NASA),8000,NATIONAL AERONAUTICS AND SPACE ADMINISTRATION,80GSFC,NASA GODDARD SPACE FLIGHT CENTER,U2JMKHNS5TG4,,CALIFORNIA INSTITUTE OF TECHNOLOGY,CALIFORNIA INSTITUTE OF TECHNOLOGY,U2JMKHNS5TG4,U2JMKHNS5TG4,CALIFORNIA INSTITUTE OF TECHNOLOGY,CALIFORNIA INSTITUTE OF TECHNOLOGY,USA,CA,LOS ANGELES,PASADENA,CA-28,CA-28,911250001,UNITED STATES,CALIFORNIA,LOS ANGELES,CA-28,CA-28,911098001,,,AR15,"SPACE R&D SVCS; SPACE FLIGHT, RESEARCH & SUPPORTING ACTIVITIES; R&D FACILITIES & MAJ EQUIP",541715,"RESEARCH AND DEVELOPMENT IN THE PHYSICAL, ENGINEERING, AND LIFE SCIENCES (EXCEPT NANOTECHNOLOGY AND BIOTECHNOLOGY)",,,https://www.usaspending.gov/award/CONT_AWD_80GSFC22CA003_8000_-NONE-_-NONE-/,2023-02-23
National Aeronautics and Space Administration,National Aeronautics and Space Administration,FY2023P05,,080,2022,2023,,0120,000,080-2022/2023-0120-000,"Science, National Aeronautics and Space Administration",National Aeronautics and Space Administration,,"General Science, Space, and Technology","Space flight, research, and supporting activities",080-0120,"Science, National Aeronautics and Space Administration",0001,SCIENCE (DIRECT),25.5,Research and development contracts,D,Q,Not Designated Nonemergency/Emergency/Disaster/Wildfire Suppression,,2504313.64,,,CONT_AWD_80GSFC22CA003_8000_-NONE-_-NONE-,80GSFC22CA003,,,,2021-10-01,2022,2025-09-03,2025,2021-10-01,2027-09-30,,D,DEFINITIVE CONTRACT,,,THIS CONTRACT IS FOR THE SERVICES REQUIRED TO SUPPORT THE ROMAN SPACE TELESCOPE SCIENCE SUPPORT CENTER,080,NATIONAL AERONAUTICS AND SPACE ADMINISTRATION (NASA),8000,NATIONAL AERONAUTICS AND SPACE ADMINISTRATION,80GSFC,NASA GODDARD SPACE FLIGHT CENTER,080,NATIONAL AERONAUTICS AND SPACE ADMINISTRATION (NASA),8000,NATIONAL AERONAUTICS AND SPACE ADMINISTRATION,80GSFC,NASA GODDARD SPACE FLIGHT CENTER,U2JMKHNS5TG4,,CALIFORNIA INSTITUTE OF TECHNOLOGY,CALIFORNIA INSTITUTE OF TECHNOLOGY,U2JMKHNS5TG4,U2JMKHNS5TG4,CALIFORNIA INSTITUTE OF TECHNOLOGY,CALIFORNIA INSTITUTE OF TECHNOLOGY,USA,CA,LOS ANGELES,PASADENA,CA-28,CA-28,911250001,UNITED STATES,CALIFORNIA,LOS ANGELES,CA-28,CA-28,911098001,,,AR15,"SPACE R&D SVCS; SPACE FLIGHT, RESEARCH & SUPPORTING ACTIVITIES; R&D FACILITIES & MAJ EQUIP",541715,"RESEARCH AND DEVELOPMENT IN THE PHYSICAL, ENGINEERING, AND LIFE SCIENCES (EXCEPT NANOTECHNOLOGY AND BIOTECHNOLOGY)",,,https://www.usaspending.gov/award/CONT_AWD_80GSFC22CA003_8000_-NONE-_-NONE-/,2023-03-27
National Aeronautics and Space Administration,National Aeronautics and Space Administration,FY2023P05,,080,2021,2022,,0120,000,080-2021/2022-0120-000,"Science, National Aeronautics and Space Administration",National Aeronautics and Space Administration,,"General Science, Space, and Technology","Space flight, research, and supporting activities",080-0120,"Science, National Aeronautics and Space Administration",0001,SCIENCE (DIRECT),25.5,Research and development contracts,D,Q,Not Designated Nonemergency/Emergency/Disaster/Wildfire Suppression,,53740.32,,,CONT_AWD_80GSFC22CA003_8000_-NONE-_-NONE-,80GSFC22CA003,,,,2021-10-01,2022,2025-09-03,2025,2021-10-01,2027-09-30,,D,DEFINITIVE CONTRACT,,,THIS CONTRACT IS FOR THE SERVICES REQUIRED TO SUPPORT THE ROMAN SPACE TELESCOPE SCIENCE SUPPORT CENTER,080,NATIONAL AERONAUTICS AND SPACE ADMINISTRATION (NASA),8000,NATIONAL AERONAUTICS AND SPACE ADMINISTRATION,80GSFC,NASA GODDARD SPACE FLIGHT CENTER,080,NATIONAL AERONAUTICS AND SPACE ADMINISTRATION (NASA),8000,NATIONAL AERONAUTICS AND SPACE ADMINISTRATION,80GSFC,NASA GODDARD SPACE FLIGHT CENTER,U2JMKHNS5TG4,,CALIFORNIA INSTITUTE OF TECHNOLOGY,CALIFORNIA INSTITUTE OF TECHNOLOGY,U2JMKHNS5TG4,U2JMKHNS5TG4,CALIFORNIA INSTITUTE OF TECHNOLOGY,CALIFORNIA INSTITUTE OF TECHNOLOGY,USA,CA,LOS ANGELES,PASADENA,CA-28,CA-28,911250001,UNITED STATES,CALIFORNIA,LOS ANGELES,CA-28,CA-28,911098001,,,AR15,"SPACE R&D SVCS; SPACE FLIGHT, RESEARCH & SUPPORTING ACTIVITIES; R&D FACILITIES & MAJ EQUIP",541715,"RESEARCH AND DEVELOPMENT IN THE PHYSICAL, ENGINEERING, AND LIFE SCIENCES (EXCEPT NANOTECHNOLOGY AND BIOTECHNOLOGY)",,,https://www.usaspending.gov/award/CONT_AWD_80GSFC22CA003_8000_-NONE-_-NONE-/,2023-03-27
National Aeronautics and Space Administration,National Aeronautics and Space Administration,FY2023P06,,080,2022,2023,,0120,000,080-2022/2023-0120-000,"Science, National Aeronautics and Space Administration",National Aeronautics and Space Administration,,"General Science, Space, and Technology","Space flight, research, and supporting activities",080-0120,"Science, National Aeronautics and Space Administration",0001,SCIENCE (DIRECT),25.5,Research and development contracts,D,Q,Not Designated Nonemergency/Emergency/Disaster/Wildfire Suppression,,2504313.64,,,CONT_AWD_80GSFC22CA003_8000_-NONE-_-NONE-,80GSFC22CA003,,,,2021-10-01,2022,2025-09-03,2025,2021-10-01,2027-09-30,,D,DEFINITIVE CONTRACT,,,THIS CONTRACT IS FOR THE SERVICES REQUIRED TO SUPPORT THE ROMAN SPACE TELESCOPE SCIENCE SUPPORT CENTER,080,NATIONAL AERONAUTICS AND SPACE ADMINISTRATION (NASA),8000,NATIONAL AERONAUTICS AND SPACE ADMINISTRATION,80GSFC,NASA GODDARD SPACE FLIGHT CENTER,080,NATIONAL AERONAUTICS AND SPACE ADMINISTRATION (NASA),8000,NATIONAL AERONAUTICS AND SPACE ADMINISTRATION,80GSFC,NASA GODDARD SPACE FLIGHT CENTER,U2JMKHNS5TG4,,CALIFORNIA INSTITUTE OF TECHNOLOGY,CALIFORNIA INSTITUTE OF TECHNOLOGY,U2JMKHNS5TG4,U2JMKHNS5TG4,CALIFORNIA INSTITUTE OF TECHNOLOGY,CALIFORNIA INSTITUTE OF TECHNOLOGY,USA,CA,LOS ANGELES,PASADENA,CA-28,CA-28,911250001,UNITED STATES,CALIFORNIA,LOS ANGELES,CA-28,CA-28,911098001,,,AR15,"SPACE R&D SVCS; SPACE FLIGHT, RESEARCH & SUPPORTING ACTIVITIES; R&D FACILITIES & MAJ EQUIP",541715,"RESEARCH AND DEVELOPMENT IN THE PHYSICAL, ENGINEERING, AND LIFE SCIENCES (EXCEPT NANOTECHNOLOGY AND BIOTECHNOLOGY)",,,https://www.usaspending.gov/award/CONT_AWD_80GSFC22CA003_8000_-NONE-_-NONE-/,2023-04-27
National Aeronautics and Space Administration,National Aeronautics and Space Administration,FY2023P06,,080,2021,2022,,0120,000,080-2021/2022-0120-000,"Science, National Aeronautics and Space Administration",National Aeronautics and Space Administration,,"General Science, Space, and Technology","Space flight, research, and supporting activities",080-0120,"Science, National Aeronautics and Space Administration",0001,SCIENCE (DIRECT),25.5,Research and development contracts,D,Q,Not Designated Nonemergency/Emergency/Disaster/Wildfire Suppression,,53740.32,,,CONT_AWD_80GSFC22CA003_8000_-NONE-_-NONE-,80GSFC22CA003,,,,2021-10-01,2022,2025-09-03,2025,2021-10-01,2027-09-30,,D,DEFINITIVE CONTRACT,,,THIS CONTRACT IS FOR THE SERVICES REQUIRED TO SUPPORT THE ROMAN SPACE TELESCOPE SCIENCE SUPPORT CENTER,080,NATIONAL AERONAUTICS AND SPACE ADMINISTRATION (NASA),8000,NATIONAL AERONAUTICS AND SPACE ADMINISTRATION,80GSFC,NASA GODDARD SPACE FLIGHT CENTER,080,NATIONAL AERONAUTICS AND SPACE ADMINISTRATION (NASA),8000,NATIONAL AERONAUTICS AND SPACE ADMINISTRATION,80GSFC,NASA GODDARD SPACE FLIGHT CENTER,U2JMKHNS5TG4,,CALIFORNIA INSTITUTE OF TECHNOLOGY,CALIFORNIA INSTITUTE OF TECHNOLOGY,U2JMKHNS5TG4,U2JMKHNS5TG4,CALIFORNIA INSTITUTE OF TECHNOLOGY,CALIFORNIA INSTITUTE OF TECHNOLOGY,USA,CA,LOS ANGELES,PASADENA,CA-28,CA-28,911250001,UNITED STATES,CALIFORNIA,LOS ANGELES,CA-28,CA-28,911098001,,,AR15,"SPACE R&D SVCS; SPACE FLIGHT, RESEARCH & SUPPORTING ACTIVITIES; R&D FACILITIES & MAJ EQUIP",541715,"RESEARCH AND DEVELOPMENT IN THE PHYSICAL, ENGINEERING, AND LIFE SCIENCES (EXCEPT NANOTECHNOLOGY AND BIOTECHNOLOGY)",,,https://www.usaspending.gov/award/CONT_AWD_80GSFC22CA003_8000_-NONE-_-NONE-/,2023-04-27
National Aeronautics and Space Administration,National Aeronautics and Space Administration,FY2023P07,,080,2023,2024,,0120,000,080-2023/2024-0120-000,"Science, National Aeronautics and Space Administration",National Aeronautics and Space Administration,,"General Science, Space, and Technology","Space flight, research, and supporting activities",080-0120,"Science, National Aeronautics and Space Administration",0001,SCIENCE (DIRECT),25.5,Research and development contracts,D,Q,Not Designated Nonemergency/Emergency/Disaster/Wildfire Suppression,3827450.00,,,,CONT_AWD_80GSFC22CA003_8000_-NONE-_-NONE-,80GSFC22CA003,,,,2021-10-01,2022,2025-09-03,2025,2021-10-01,2027-09-30,,D,DEFINITIVE CONTRACT,,,THIS CONTRACT IS FOR THE SERVICES REQUIRED TO SUPPORT THE ROMAN SPACE TELESCOPE SCIENCE SUPPORT CENTER,080,NATIONAL AERONAUTICS AND SPACE ADMINISTRATION (NASA),8000,NATIONAL AERONAUTICS AND SPACE ADMINISTRATION,80GSFC,NASA GODDARD SPACE FLIGHT CENTER,080,NATIONAL AERONAUTICS AND SPACE ADMINISTRATION (NASA),8000,NATIONAL AERONAUTICS AND SPACE ADMINISTRATION,80GSFC,NASA GODDARD SPACE FLIGHT CENTER,U2JMKHNS5TG4,,CALIFORNIA INSTITUTE OF TECHNOLOGY,CALIFORNIA INSTITUTE OF TECHNOLOGY,U2JMKHNS5TG4,U2JMKHNS5TG4,CALIFORNIA INSTITUTE OF TECHNOLOGY,CALIFORNIA INSTITUTE OF TECHNOLOGY,USA,CA,LOS ANGELES,PASADENA,CA-28,CA-28,911250001,UNITED STATES,CALIFORNIA,LOS ANGELES,CA-28,CA-28,911098001,,,AR15,"SPACE R&D SVCS; SPACE FLIGHT, RESEARCH & SUPPORTING ACTIVITIES; R&D FACILITIES & MAJ EQUIP",541715,"RESEARCH AND DEVELOPMENT IN THE PHYSICAL, ENGINEERING, AND LIFE SCIENCES (EXCEPT NANOTECHNOLOGY AND BIOTECHNOLOGY)",,,https://www.usaspending.gov/award/CONT_AWD_80GSFC22CA003_8000_-NONE-_-NONE-/,2023-05-28
National Aeronautics and Space Administration,National Aeronautics and Space Administration,FY2023P07,,080,2023,2024,,0120,000,080-2023/2024-0120-000,"Science, National Aeronautics and Space Administration",National Aeronautics and Space Administration,,"General Science, Space, and Technology","Space flight, research, and supporting activities",080-0120,"Science, National Aeronautics and Space Administration",0001,SCIENCE (DIRECT),25.5,Research and development contracts,D,Q,Not Designated Nonemergency/Emergency/Disaster/Wildfire Suppression,,801403.89,,,CONT_AWD_80GSFC22CA003_8000_-NONE-_-NONE-,80GSFC22CA003,,,,2021-10-01,2022,2025-09-03,2025,2021-10-01,2027-09-30,,D,DEFINITIVE CONTRACT,,,THIS CONTRACT IS FOR THE SERVICES REQUIRED TO SUPPORT THE ROMAN SPACE TELESCOPE SCIENCE SUPPORT CENTER,080,NATIONAL AERONAUTICS AND SPACE ADMINISTRATION (NASA),8000,NATIONAL AERONAUTICS AND SPACE ADMINISTRATION,80GSFC,NASA GODDARD SPACE FLIGHT CENTER,080,NATIONAL AERONAUTICS AND SPACE ADMINISTRATION (NASA),8000,NATIONAL AERONAUTICS AND SPACE ADMINISTRATION,80GSFC,NASA GODDARD SPACE FLIGHT CENTER,U2JMKHNS5TG4,,CALIFORNIA INSTITUTE OF TECHNOLOGY,CALIFORNIA INSTITUTE OF TECHNOLOGY,U2JMKHNS5TG4,U2JMKHNS5TG4,CALIFORNIA INSTITUTE OF TECHNOLOGY,CALIFORNIA INSTITUTE OF TECHNOLOGY,USA,CA,LOS ANGELES,PASADENA,CA-28,CA-28,911250001,UNITED STATES,CALIFORNIA,LOS ANGELES,CA-28,CA-28,911098001,,,AR15,"SPACE R&D SVCS; SPACE FLIGHT, RESEARCH & SUPPORTING ACTIVITIES; R&D FACILITIES & MAJ EQUIP",541715,"RESEARCH AND DEVELOPMENT IN THE PHYSICAL, ENGINEERING, AND LIFE SCIENCES (EXCEPT NANOTECHNOLOGY AND BIOTECHNOLOGY)",,,https://www.usaspending.gov/award/CONT_AWD_80GSFC22CA003_8000_-NONE-_-NONE-/,2023-05-28
National Aeronautics and Space Administration,National Aeronautics and Space Administration,FY2023P07,,080,2022,2023,,0120,000,080-2022/2023-0120-000,"Science, National Aeronautics and Space Administration",National Aeronautics and Space Administration,,"General Science, Space, and Technology","Space flight, research, and supporting activities",080-0120,"Science, National Aeronautics and Space Administration",0001,SCIENCE (DIRECT),25.5,Research and development contracts,D,Q,Not Designated Nonemergency/Emergency/Disaster/Wildfire Suppression,,3062085.61,,,CONT_AWD_80GSFC22CA003_8000_-NONE-_-NONE-,80GSFC22CA003,,,,2021-10-01,2022,2025-09-03,2025,2021-10-01,2027-09-30,,D,DEFINITIVE CONTRACT,,,THIS CONTRACT IS FOR THE SERVICES REQUIRED TO SUPPORT THE ROMAN SPACE TELESCOPE SCIENCE SUPPORT CENTER,080,NATIONAL AERONAUTICS AND SPACE ADMINISTRATION (NASA),8000,NATIONAL AERONAUTICS AND SPACE ADMINISTRATION,80GSFC,NASA GODDARD SPACE FLIGHT CENTER,080,NATIONAL AERONAUTICS AND SPACE ADMINISTRATION (NASA),8000,NATIONAL AERONAUTICS AND SPACE ADMINISTRATION,80GSFC,NASA GODDARD SPACE FLIGHT CENTER,U2JMKHNS5TG4,,CALIFORNIA INSTITUTE OF TECHNOLOGY,CALIFORNIA INSTITUTE OF TECHNOLOGY,U2JMKHNS5TG4,U2JMKHNS5TG4,CALIFORNIA INSTITUTE OF TECHNOLOGY,CALIFORNIA INSTITUTE OF TECHNOLOGY,USA,CA,LOS ANGELES,PASADENA,CA-28,CA-28,911250001,UNITED STATES,CALIFORNIA,LOS ANGELES,CA-28,CA-28,911098001,,,AR15,"SPACE R&D SVCS; SPACE FLIGHT, RESEARCH & SUPPORTING ACTIVITIES; R&D FACILITIES & MAJ EQUIP",541715,"RESEARCH AND DEVELOPMENT IN THE PHYSICAL, ENGINEERING, AND LIFE SCIENCES (EXCEPT NANOTECHNOLOGY AND BIOTECHNOLOGY)",,,https://www.usaspending.gov/award/CONT_AWD_80GSFC22CA003_8000_-NONE-_-NONE-/,2023-05-28
National Aeronautics and Space Administration,National Aeronautics and Space Administration,FY2023P07,,080,2021,2022,,0120,000,080-2021/2022-0120-000,"Science, National Aeronautics and Space Administration",National Aeronautics and Space Administration,,"General Science, Space, and Technology","Space flight, research, and supporting activities",080-0120,"Science, National Aeronautics and Space Administration",0001,SCIENCE (DIRECT),25.5,Research and development contracts,D,Q,Not Designated Nonemergency/Emergency/Disaster/Wildfire Suppression,,53740.32,,,CONT_AWD_80GSFC22CA003_8000_-NONE-_-NONE-,80GSFC22CA003,,,,2021-10-01,2022,2025-09-03,2025,2021-10-01,2027-09-30,,D,DEFINITIVE CONTRACT,,,THIS CONTRACT IS FOR THE SERVICES REQUIRED TO SUPPORT THE ROMAN SPACE TELESCOPE SCIENCE SUPPORT CENTER,080,NATIONAL AERONAUTICS AND SPACE ADMINISTRATION (NASA),8000,NATIONAL AERONAUTICS AND SPACE ADMINISTRATION,80GSFC,NASA GODDARD SPACE FLIGHT CENTER,080,NATIONAL AERONAUTICS AND SPACE ADMINISTRATION (NASA),8000,NATIONAL AERONAUTICS AND SPACE ADMINISTRATION,80GSFC,NASA GODDARD SPACE FLIGHT CENTER,U2JMKHNS5TG4,,CALIFORNIA INSTITUTE OF TECHNOLOGY,CALIFORNIA INSTITUTE OF TECHNOLOGY,U2JMKHNS5TG4,U2JMKHNS5TG4,CALIFORNIA INSTITUTE OF TECHNOLOGY,CALIFORNIA INSTITUTE OF TECHNOLOGY,USA,CA,LOS ANGELES,PASADENA,CA-28,CA-28,911250001,UNITED STATES,CALIFORNIA,LOS ANGELES,CA-28,CA-28,911098001,,,AR15,"SPACE R&D SVCS; SPACE FLIGHT, RESEARCH & SUPPORTING ACTIVITIES; R&D FACILITIES & MAJ EQUIP",541715,"RESEARCH AND DEVELOPMENT IN THE PHYSICAL, ENGINEERING, AND LIFE SCIENCES (EXCEPT NANOTECHNOLOGY AND BIOTECHNOLOGY)",,,https://www.usaspending.gov/award/CONT_AWD_80GSFC22CA003_8000_-NONE-_-NONE-/,2023-05-28
National Aeronautics and Space Administration,National Aeronautics and Space Administration,FY2023P08,,080,2023,2024,,0120,000,080-2023/2024-0120-000,"Science, National Aeronautics and Space Administration",National Aeronautics and Space Administration,,"General Science, Space, and Technology","Space flight, research, and supporting activities",080-0120,"Science, National Aeronautics and Space Administration",0001,SCIENCE (DIRECT),25.5,Research and development contracts,D,Q,Not Designated Nonemergency/Emergency/Disaster/Wildfire Suppression,,1314849.30,,,CONT_AWD_80GSFC22CA003_8000_-NONE-_-NONE-,80GSFC22CA003,,,,2021-10-01,2022,2025-09-03,2025,2021-10-01,2027-09-30,,D,DEFINITIVE CONTRACT,,,THIS CONTRACT IS FOR THE SERVICES REQUIRED TO SUPPORT THE ROMAN SPACE TELESCOPE SCIENCE SUPPORT CENTER,080,NATIONAL AERONAUTICS AND SPACE ADMINISTRATION (NASA),8000,NATIONAL AERONAUTICS AND SPACE ADMINISTRATION,80GSFC,NASA GODDARD SPACE FLIGHT CENTER,080,NATIONAL AERONAUTICS AND SPACE ADMINISTRATION (NASA),8000,NATIONAL AERONAUTICS AND SPACE ADMINISTRATION,80GSFC,NASA GODDARD SPACE FLIGHT CENTER,U2JMKHNS5TG4,,CALIFORNIA INSTITUTE OF TECHNOLOGY,CALIFORNIA INSTITUTE OF TECHNOLOGY,U2JMKHNS5TG4,U2JMKHNS5TG4,CALIFORNIA INSTITUTE OF TECHNOLOGY,CALIFORNIA INSTITUTE OF TECHNOLOGY,USA,CA,LOS ANGELES,PASADENA,CA-28,CA-28,911250001,UNITED STATES,CALIFORNIA,LOS ANGELES,CA-28,CA-28,911098001,,,AR15,"SPACE R&D SVCS; SPACE FLIGHT, RESEARCH & SUPPORTING ACTIVITIES; R&D FACILITIES & MAJ EQUIP",541715,"RESEARCH AND DEVELOPMENT IN THE PHYSICAL, ENGINEERING, AND LIFE SCIENCES (EXCEPT NANOTECHNOLOGY AND BIOTECHNOLOGY)",,,https://www.usaspending.gov/award/CONT_AWD_80GSFC22CA003_8000_-NONE-_-NONE-/,2023-06-28
National Aeronautics and Space Administration,National Aeronautics and Space Administration,FY2023P08,,080,2022,2023,,0120,000,080-2022/2023-0120-000,"Science, National Aeronautics and Space Administration",National Aeronautics and Space Administration,,"General Science, Space, and Technology","Space flight, research, and supporting activities",080-0120,"Science, National Aeronautics and Space Administration",0001,SCIENCE (DIRECT),25.5,Research and development contracts,D,Q,Not Designated Nonemergency/Emergency/Disaster/Wildfire Suppression,,3062085.61,,,CONT_AWD_80GSFC22CA003_8000_-NONE-_-NONE-,80GSFC22CA003,,,,2021-10-01,2022,2025-09-03,2025,2021-10-01,2027-09-30,,D,DEFINITIVE CONTRACT,,,THIS CONTRACT IS FOR THE SERVICES REQUIRED TO SUPPORT THE ROMAN SPACE TELESCOPE SCIENCE SUPPORT CENTER,080,NATIONAL AERONAUTICS AND SPACE ADMINISTRATION (NASA),8000,NATIONAL AERONAUTICS AND SPACE ADMINISTRATION,80GSFC,NASA GODDARD SPACE FLIGHT CENTER,080,NATIONAL AERONAUTICS AND SPACE ADMINISTRATION (NASA),8000,NATIONAL AERONAUTICS AND SPACE ADMINISTRATION,80GSFC,NASA GODDARD SPACE FLIGHT CENTER,U2JMKHNS5TG4,,CALIFORNIA INSTITUTE OF TECHNOLOGY,CALIFORNIA INSTITUTE OF TECHNOLOGY,U2JMKHNS5TG4,U2JMKHNS5TG4,CALIFORNIA INSTITUTE OF TECHNOLOGY,CALIFORNIA INSTITUTE OF TECHNOLOGY,USA,CA,LOS ANGELES,PASADENA,CA-28,CA-28,911250001,UNITED STATES,CALIFORNIA,LOS ANGELES,CA-28,CA-28,911098001,,,AR15,"SPACE R&D SVCS; SPACE FLIGHT, RESEARCH & SUPPORTING ACTIVITIES; R&D FACILITIES & MAJ EQUIP",541715,"RESEARCH AND DEVELOPMENT IN THE PHYSICAL, ENGINEERING, AND LIFE SCIENCES (EXCEPT NANOTECHNOLOGY AND BIOTECHNOLOGY)",,,https://www.usaspending.gov/award/CONT_AWD_80GSFC22CA003_8000_-NONE-_-NONE-/,2023-06-28
National Aeronautics and Space Administration,National Aeronautics and Space Administration,FY2023P08,,080,2021,2022,,0120,000,080-2021/2022-0120-000,"Science, National Aeronautics and Space Administration",National Aeronautics and Space Administration,,"General Science, Space, and Technology","Space flight, research, and supporting activities",080-0120,"Science, National Aeronautics and Space Administration",0001,SCIENCE (DIRECT),25.5,Research and development contracts,D,Q,Not Designated Nonemergency/Emergency/Disaster/Wildfire Suppression,,53740.32,,,CONT_AWD_80GSFC22CA003_8000_-NONE-_-NONE-,80GSFC22CA003,,,,2021-10-01,2022,2025-09-03,2025,2021-10-01,2027-09-30,,D,DEFINITIVE CONTRACT,,,THIS CONTRACT IS FOR THE SERVICES REQUIRED TO SUPPORT THE ROMAN SPACE TELESCOPE SCIENCE SUPPORT CENTER,080,NATIONAL AERONAUTICS AND SPACE ADMINISTRATION (NASA),8000,NATIONAL AERONAUTICS AND SPACE ADMINISTRATION,80GSFC,NASA GODDARD SPACE FLIGHT CENTER,080,NATIONAL AERONAUTICS AND SPACE ADMINISTRATION (NASA),8000,NATIONAL AERONAUTICS AND SPACE ADMINISTRATION,80GSFC,NASA GODDARD SPACE FLIGHT CENTER,U2JMKHNS5TG4,,CALIFORNIA INSTITUTE OF TECHNOLOGY,CALIFORNIA INSTITUTE OF TECHNOLOGY,U2JMKHNS5TG4,U2JMKHNS5TG4,CALIFORNIA INSTITUTE OF TECHNOLOGY,CALIFORNIA INSTITUTE OF TECHNOLOGY,USA,CA,LOS ANGELES,PASADENA,CA-28,CA-28,911250001,UNITED STATES,CALIFORNIA,LOS ANGELES,CA-28,CA-28,911098001,,,AR15,"SPACE R&D SVCS; SPACE FLIGHT, RESEARCH & SUPPORTING ACTIVITIES; R&D FACILITIES & MAJ EQUIP",541715,"RESEARCH AND DEVELOPMENT IN THE PHYSICAL, ENGINEERING, AND LIFE SCIENCES (EXCEPT NANOTECHNOLOGY AND BIOTECHNOLOGY)",,,https://www.usaspending.gov/award/CONT_AWD_80GSFC22CA003_8000_-NONE-_-NONE-/,2023-06-28
National Aeronautics and Space Administration,National Aeronautics and Space Administration,FY2023P09,,080,2023,2024,,0120,000,080-2023/2024-0120-000,"Science, National Aeronautics and Space Administration",National Aeronautics and Space Administration,,"General Science, Space, and Technology","Space flight, research, and supporting activities",080-0120,"Science, National Aeronautics and Space Administration",0001,SCIENCE (DIRECT),25.5,Research and development contracts,D,Q,Not Designated Nonemergency/Emergency/Disaster/Wildfire Suppression,,1833797.23,,,CONT_AWD_80GSFC22CA003_8000_-NONE-_-NONE-,80GSFC22CA003,,,,2021-10-01,2022,2025-09-03,2025,2021-10-01,2027-09-30,,D,DEFINITIVE CONTRACT,,,THIS CONTRACT IS FOR THE SERVICES REQUIRED TO SUPPORT THE ROMAN SPACE TELESCOPE SCIENCE SUPPORT CENTER,080,NATIONAL AERONAUTICS AND SPACE ADMINISTRATION (NASA),8000,NATIONAL AERONAUTICS AND SPACE ADMINISTRATION,80GSFC,NASA GODDARD SPACE FLIGHT CENTER,080,NATIONAL AERONAUTICS AND SPACE ADMINISTRATION (NASA),8000,NATIONAL AERONAUTICS AND SPACE ADMINISTRATION,80GSFC,NASA GODDARD SPACE FLIGHT CENTER,U2JMKHNS5TG4,,CALIFORNIA INSTITUTE OF TECHNOLOGY,CALIFORNIA INSTITUTE OF TECHNOLOGY,U2JMKHNS5TG4,U2JMKHNS5TG4,CALIFORNIA INSTITUTE OF TECHNOLOGY,CALIFORNIA INSTITUTE OF TECHNOLOGY,USA,CA,LOS ANGELES,PASADENA,CA-28,CA-28,911250001,UNITED STATES,CALIFORNIA,LOS ANGELES,CA-28,CA-28,911098001,,,AR15,"SPACE R&D SVCS; SPACE FLIGHT, RESEARCH & SUPPORTING ACTIVITIES; R&D FACILITIES & MAJ EQUIP",541715,"RESEARCH AND DEVELOPMENT IN THE PHYSICAL, ENGINEERING, AND LIFE SCIENCES (EXCEPT NANOTECHNOLOGY AND BIOTECHNOLOGY)",,,https://www.usaspending.gov/award/CONT_AWD_80GSFC22CA003_8000_-NONE-_-NONE-/,2023-07-28
National Aeronautics and Space Administration,National Aeronautics and Space Administration,FY2023P09,,080,2022,2023,,0120,000,080-2022/2023-0120-000,"Science, National Aeronautics and Space Administration",National Aeronautics and Space Administration,,"General Science, Space, and Technology","Space flight, research, and supporting activities",080-0120,"Science, National Aeronautics and Space Administration",0001,SCIENCE (DIRECT),25.5,Research and development contracts,D,Q,Not Designated Nonemergency/Emergency/Disaster/Wildfire Suppression,,3062085.61,,,CONT_AWD_80GSFC22CA003_8000_-NONE-_-NONE-,80GSFC22CA003,,,,2021-10-01,2022,2025-09-03,2025,2021-10-01,2027-09-30,,D,DEFINITIVE CONTRACT,,,THIS CONTRACT IS FOR THE SERVICES REQUIRED TO SUPPORT THE ROMAN SPACE TELESCOPE SCIENCE SUPPORT CENTER,080,NATIONAL AERONAUTICS AND SPACE ADMINISTRATION (NASA),8000,NATIONAL AERONAUTICS AND SPACE ADMINISTRATION,80GSFC,NASA GODDARD SPACE FLIGHT CENTER,080,NATIONAL AERONAUTICS AND SPACE ADMINISTRATION (NASA),8000,NATIONAL AERONAUTICS AND SPACE ADMINISTRATION,80GSFC,NASA GODDARD SPACE FLIGHT CENTER,U2JMKHNS5TG4,,CALIFORNIA INSTITUTE OF TECHNOLOGY,CALIFORNIA INSTITUTE OF TECHNOLOGY,U2JMKHNS5TG4,U2JMKHNS5TG4,CALIFORNIA INSTITUTE OF TECHNOLOGY,CALIFORNIA INSTITUTE OF TECHNOLOGY,USA,CA,LOS ANGELES,PASADENA,CA-28,CA-28,911250001,UNITED STATES,CALIFORNIA,LOS ANGELES,CA-28,CA-28,911098001,,,AR15,"SPACE R&D SVCS; SPACE FLIGHT, RESEARCH & SUPPORTING ACTIVITIES; R&D FACILITIES & MAJ EQUIP",541715,"RESEARCH AND DEVELOPMENT IN THE PHYSICAL, ENGINEERING, AND LIFE SCIENCES (EXCEPT NANOTECHNOLOGY AND BIOTECHNOLOGY)",,,https://www.usaspending.gov/award/CONT_AWD_80GSFC22CA003_8000_-NONE-_-NONE-/,2023-07-28
National Aeronautics and Space Administration,National Aeronautics and Space Administration,FY2023P09,,080,2021,2022,,0120,000,080-2021/2022-0120-000,"Science, National Aeronautics and Space Administration",National Aeronautics and Space Administration,,"General Science, Space, and Technology","Space flight, research, and supporting activities",080-0120,"Science, National Aeronautics and Space Administration",0001,SCIENCE (DIRECT),25.5,Research and development contracts,D,Q,Not Designated Nonemergency/Emergency/Disaster/Wildfire Suppression,,53740.32,,,CONT_AWD_80GSFC22CA003_8000_-NONE-_-NONE-,80GSFC22CA003,,,,2021-10-01,2022,2025-09-03,2025,2021-10-01,2027-09-30,,D,DEFINITIVE CONTRACT,,,THIS CONTRACT IS FOR THE SERVICES REQUIRED TO SUPPORT THE ROMAN SPACE TELESCOPE SCIENCE SUPPORT CENTER,080,NATIONAL AERONAUTICS AND SPACE ADMINISTRATION (NASA),8000,NATIONAL AERONAUTICS AND SPACE ADMINISTRATION,80GSFC,NASA GODDARD SPACE FLIGHT CENTER,080,NATIONAL AERONAUTICS AND SPACE ADMINISTRATION (NASA),8000,NATIONAL AERONAUTICS AND SPACE ADMINISTRATION,80GSFC,NASA GODDARD SPACE FLIGHT CENTER,U2JMKHNS5TG4,,CALIFORNIA INSTITUTE OF TECHNOLOGY,CALIFORNIA INSTITUTE OF TECHNOLOGY,U2JMKHNS5TG4,U2JMKHNS5TG4,CALIFORNIA INSTITUTE OF TECHNOLOGY,CALIFORNIA INSTITUTE OF TECHNOLOGY,USA,CA,LOS ANGELES,PASADENA,CA-28,CA-28,911250001,UNITED STATES,CALIFORNIA,LOS ANGELES,CA-28,CA-28,911098001,,,AR15,"SPACE R&D SVCS; SPACE FLIGHT, RESEARCH & SUPPORTING ACTIVITIES; R&D FACILITIES & MAJ EQUIP",541715,"RESEARCH AND DEVELOPMENT IN THE PHYSICAL, ENGINEERING, AND LIFE SCIENCES (EXCEPT NANOTECHNOLOGY AND BIOTECHNOLOGY)",,,https://www.usaspending.gov/award/CONT_AWD_80GSFC22CA003_8000_-NONE-_-NONE-/,2023-07-28
National Aeronautics and Space Administration,National Aeronautics and Space Administration,FY2023P10,,080,2023,2024,,0120,000,080-2023/2024-0120-000,"Science, National Aeronautics and Space Administration",National Aeronautics and Space Administration,,"General Science, Space, and Technology","Space flight, research, and supporting activities",080-0120,"Science, National Aeronautics and Space Administration",0001,SCIENCE (DIRECT),25.5,Research and development contracts,D,Q,Not Designated Nonemergency/Emergency/Disaster/Wildfire Suppression,,2346898.13,,,CONT_AWD_80GSFC22CA003_8000_-NONE-_-NONE-,80GSFC22CA003,,,,2021-10-01,2022,2025-09-03,2025,2021-10-01,2027-09-30,,D,DEFINITIVE CONTRACT,,,THIS CONTRACT IS FOR THE SERVICES REQUIRED TO SUPPORT THE ROMAN SPACE TELESCOPE SCIENCE SUPPORT CENTER,080,NATIONAL AERONAUTICS AND SPACE ADMINISTRATION (NASA),8000,NATIONAL AERONAUTICS AND SPACE ADMINISTRATION,80GSFC,NASA GODDARD SPACE FLIGHT CENTER,080,NATIONAL AERONAUTICS AND SPACE ADMINISTRATION (NASA),8000,NATIONAL AERONAUTICS AND SPACE ADMINISTRATION,80GSFC,NASA GODDARD SPACE FLIGHT CENTER,U2JMKHNS5TG4,,CALIFORNIA INSTITUTE OF TECHNOLOGY,CALIFORNIA INSTITUTE OF TECHNOLOGY,U2JMKHNS5TG4,U2JMKHNS5TG4,CALIFORNIA INSTITUTE OF TECHNOLOGY,CALIFORNIA INSTITUTE OF TECHNOLOGY,USA,CA,LOS ANGELES,PASADENA,CA-28,CA-28,911250001,UNITED STATES,CALIFORNIA,LOS ANGELES,CA-28,CA-28,911098001,,,AR15,"SPACE R&D SVCS; SPACE FLIGHT, RESEARCH & SUPPORTING ACTIVITIES; R&D FACILITIES & MAJ EQUIP",541715,"RESEARCH AND DEVELOPMENT IN THE PHYSICAL, ENGINEERING, AND LIFE SCIENCES (EXCEPT NANOTECHNOLOGY AND BIOTECHNOLOGY)",,,https://www.usaspending.gov/award/CONT_AWD_80GSFC22CA003_8000_-NONE-_-NONE-/,2023-08-28
National Aeronautics and Space Administration,National Aeronautics and Space Administration,FY2023P10,,080,2022,2023,,0120,000,080-2022/2023-0120-000,"Science, National Aeronautics and Space Administration",National Aeronautics and Space Administration,,"General Science, Space, and Technology","Space flight, research, and supporting activities",080-0120,"Science, National Aeronautics and Space Administration",0001,SCIENCE (DIRECT),25.5,Research and development contracts,D,Q,Not Designated Nonemergency/Emergency/Disaster/Wildfire Suppression,,3062085.61,,,CONT_AWD_80GSFC22CA003_8000_-NONE-_-NONE-,80GSFC22CA003,,,,2021-10-01,2022,2025-09-03,2025,2021-10-01,2027-09-30,,D,DEFINITIVE CONTRACT,,,THIS CONTRACT IS FOR THE SERVICES REQUIRED TO SUPPORT THE ROMAN SPACE TELESCOPE SCIENCE SUPPORT CENTER,080,NATIONAL AERONAUTICS AND SPACE ADMINISTRATION (NASA),8000,NATIONAL AERONAUTICS AND SPACE ADMINISTRATION,80GSFC,NASA GODDARD SPACE FLIGHT CENTER,080,NATIONAL AERONAUTICS AND SPACE ADMINISTRATION (NASA),8000,NATIONAL AERONAUTICS AND SPACE ADMINISTRATION,80GSFC,NASA GODDARD SPACE FLIGHT CENTER,U2JMKHNS5TG4,,CALIFORNIA INSTITUTE OF TECHNOLOGY,CALIFORNIA INSTITUTE OF TECHNOLOGY,U2JMKHNS5TG4,U2JMKHNS5TG4,CALIFORNIA INSTITUTE OF TECHNOLOGY,CALIFORNIA INSTITUTE OF TECHNOLOGY,USA,CA,LOS ANGELES,PASADENA,CA-28,CA-28,911250001,UNITED STATES,CALIFORNIA,LOS ANGELES,CA-28,CA-28,911098001,,,AR15,"SPACE R&D SVCS; SPACE FLIGHT, RESEARCH & SUPPORTING ACTIVITIES; R&D FACILITIES & MAJ EQUIP",541715,"RESEARCH AND DEVELOPMENT IN THE PHYSICAL, ENGINEERING, AND LIFE SCIENCES (EXCEPT NANOTECHNOLOGY AND BIOTECHNOLOGY)",,,https://www.usaspending.gov/award/CONT_AWD_80GSFC22CA003_8000_-NONE-_-NONE-/,2023-08-28
National Aeronautics and Space Administration,National Aeronautics and Space Administration,FY2023P10,,080,2021,2022,,0120,000,080-2021/2022-0120-000,"Science, National Aeronautics and Space Administration",National Aeronautics and Space Administration,,"General Science, Space, and Technology","Space flight, research, and supporting activities",080-0120,"Science, National Aeronautics and Space Administration",0001,SCIENCE (DIRECT),25.5,Research and development contracts,D,Q,Not Designated Nonemergency/Emergency/Disaster/Wildfire Suppression,,53740.32,,,CONT_AWD_80GSFC22CA003_8000_-NONE-_-NONE-,80GSFC22CA003,,,,2021-10-01,2022,2025-09-03,2025,2021-10-01,2027-09-30,,D,DEFINITIVE CONTRACT,,,THIS CONTRACT IS FOR THE SERVICES REQUIRED TO SUPPORT THE ROMAN SPACE TELESCOPE SCIENCE SUPPORT CENTER,080,NATIONAL AERONAUTICS AND SPACE ADMINISTRATION (NASA),8000,NATIONAL AERONAUTICS AND SPACE ADMINISTRATION,80GSFC,NASA GODDARD SPACE FLIGHT CENTER,080,NATIONAL AERONAUTICS AND SPACE ADMINISTRATION (NASA),8000,NATIONAL AERONAUTICS AND SPACE ADMINISTRATION,80GSFC,NASA GODDARD SPACE FLIGHT CENTER,U2JMKHNS5TG4,,CALIFORNIA INSTITUTE OF TECHNOLOGY,CALIFORNIA INSTITUTE OF TECHNOLOGY,U2JMKHNS5TG4,U2JMKHNS5TG4,CALIFORNIA INSTITUTE OF TECHNOLOGY,CALIFORNIA INSTITUTE OF TECHNOLOGY,USA,CA,LOS ANGELES,PASADENA,CA-28,CA-28,911250001,UNITED STATES,CALIFORNIA,LOS ANGELES,CA-28,CA-28,911098001,,,AR15,"SPACE R&D SVCS; SPACE FLIGHT, RESEARCH & SUPPORTING ACTIVITIES; R&D FACILITIES & MAJ EQUIP",541715,"RESEARCH AND DEVELOPMENT IN THE PHYSICAL, ENGINEERING, AND LIFE SCIENCES (EXCEPT NANOTECHNOLOGY AND BIOTECHNOLOGY)",,,https://www.usaspending.gov/award/CONT_AWD_80GSFC22CA003_8000_-NONE-_-NONE-/,2023-08-28
National Aeronautics and Space Administration,National Aeronautics and Space Administration,FY2023P11,,080,2023,2024,,0120,000,080-2023/2024-0120-000,"Science, National Aeronautics and Space Administration",National Aeronautics and Space Administration,,"General Science, Space, and Technology","Space flight, research, and supporting activities",080-0120,"Science, National Aeronautics and Space Administration",0001,SCIENCE (DIRECT),25.5,Research and development contracts,D,Q,Not Designated Nonemergency/Emergency/Disaster/Wildfire Suppression,,2877606.01,,,CONT_AWD_80GSFC22CA003_8000_-NONE-_-NONE-,80GSFC22CA003,,,,2021-10-01,2022,2025-09-03,2025,2021-10-01,2027-09-30,,D,DEFINITIVE CONTRACT,,,THIS CONTRACT IS FOR THE SERVICES REQUIRED TO SUPPORT THE ROMAN SPACE TELESCOPE SCIENCE SUPPORT CENTER,080,NATIONAL AERONAUTICS AND SPACE ADMINISTRATION (NASA),8000,NATIONAL AERONAUTICS AND SPACE ADMINISTRATION,80GSFC,NASA GODDARD SPACE FLIGHT CENTER,080,NATIONAL AERONAUTICS AND SPACE ADMINISTRATION (NASA),8000,NATIONAL AERONAUTICS AND SPACE ADMINISTRATION,80GSFC,NASA GODDARD SPACE FLIGHT CENTER,U2JMKHNS5TG4,,CALIFORNIA INSTITUTE OF TECHNOLOGY,CALIFORNIA INSTITUTE OF TECHNOLOGY,U2JMKHNS5TG4,U2JMKHNS5TG4,CALIFORNIA INSTITUTE OF TECHNOLOGY,CALIFORNIA INSTITUTE OF TECHNOLOGY,USA,CA,LOS ANGELES,PASADENA,CA-28,CA-28,911250001,UNITED STATES,CALIFORNIA,LOS ANGELES,CA-28,CA-28,911098001,,,AR15,"SPACE R&D SVCS; SPACE FLIGHT, RESEARCH & SUPPORTING ACTIVITIES; R&D FACILITIES & MAJ EQUIP",541715,"RESEARCH AND DEVELOPMENT IN THE PHYSICAL, ENGINEERING, AND LIFE SCIENCES (EXCEPT NANOTECHNOLOGY AND BIOTECHNOLOGY)",,,https://www.usaspending.gov/award/CONT_AWD_80GSFC22CA003_8000_-NONE-_-NONE-/,2023-09-28
National Aeronautics and Space Administration,National Aeronautics and Space Administration,FY2023P11,,080,2022,2023,,0120,000,080-2022/2023-0120-000,"Science, National Aeronautics and Space Administration",National Aeronautics and Space Administration,,"General Science, Space, and Technology","Space flight, research, and supporting activities",080-0120,"Science, National Aeronautics and Space Administration",0001,SCIENCE (DIRECT),25.5,Research and development contracts,D,Q,Not Designated Nonemergency/Emergency/Disaster/Wildfire Suppression,,3062085.61,,,CONT_AWD_80GSFC22CA003_8000_-NONE-_-NONE-,80GSFC22CA003,,,,2021-10-01,2022,2025-09-03,2025,2021-10-01,2027-09-30,,D,DEFINITIVE CONTRACT,,,THIS CONTRACT IS FOR THE SERVICES REQUIRED TO SUPPORT THE ROMAN SPACE TELESCOPE SCIENCE SUPPORT CENTER,080,NATIONAL AERONAUTICS AND SPACE ADMINISTRATION (NASA),8000,NATIONAL AERONAUTICS AND SPACE ADMINISTRATION,80GSFC,NASA GODDARD SPACE FLIGHT CENTER,080,NATIONAL AERONAUTICS AND SPACE ADMINISTRATION (NASA),8000,NATIONAL AERONAUTICS AND SPACE ADMINISTRATION,80GSFC,NASA GODDARD SPACE FLIGHT CENTER,U2JMKHNS5TG4,,CALIFORNIA INSTITUTE OF TECHNOLOGY,CALIFORNIA INSTITUTE OF TECHNOLOGY,U2JMKHNS5TG4,U2JMKHNS5TG4,CALIFORNIA INSTITUTE OF TECHNOLOGY,CALIFORNIA INSTITUTE OF TECHNOLOGY,USA,CA,LOS ANGELES,PASADENA,CA-28,CA-28,911250001,UNITED STATES,CALIFORNIA,LOS ANGELES,CA-28,CA-28,911098001,,,AR15,"SPACE R&D SVCS; SPACE FLIGHT, RESEARCH & SUPPORTING ACTIVITIES; R&D FACILITIES & MAJ EQUIP",541715,"RESEARCH AND DEVELOPMENT IN THE PHYSICAL, ENGINEERING, AND LIFE SCIENCES (EXCEPT NANOTECHNOLOGY AND BIOTECHNOLOGY)",,,https://www.usaspending.gov/award/CONT_AWD_80GSFC22CA003_8000_-NONE-_-NONE-/,2023-09-28
National Aeronautics and Space Administration,National Aeronautics and Space Administration,FY2023P11,,080,2021,2022,,0120,000,080-2021/2022-0120-000,"Science, National Aeronautics and Space Administration",National Aeronautics and Space Administration,,"General Science, Space, and Technology","Space flight, research, and supporting activities",080-0120,"Science, National Aeronautics and Space Administration",0001,SCIENCE (DIRECT),25.5,Research and development contracts,D,Q,Not Designated Nonemergency/Emergency/Disaster/Wildfire Suppression,,53740.32,,,CONT_AWD_80GSFC22CA003_8000_-NONE-_-NONE-,80GSFC22CA003,,,,2021-10-01,2022,2025-09-03,2025,2021-10-01,2027-09-30,,D,DEFINITIVE CONTRACT,,,THIS CONTRACT IS FOR THE SERVICES REQUIRED TO SUPPORT THE ROMAN SPACE TELESCOPE SCIENCE SUPPORT CENTER,080,NATIONAL AERONAUTICS AND SPACE ADMINISTRATION (NASA),8000,NATIONAL AERONAUTICS AND SPACE ADMINISTRATION,80GSFC,NASA GODDARD SPACE FLIGHT CENTER,080,NATIONAL AERONAUTICS AND SPACE ADMINISTRATION (NASA),8000,NATIONAL AERONAUTICS AND SPACE ADMINISTRATION,80GSFC,NASA GODDARD SPACE FLIGHT CENTER,U2JMKHNS5TG4,,CALIFORNIA INSTITUTE OF TECHNOLOGY,CALIFORNIA INSTITUTE OF TECHNOLOGY,U2JMKHNS5TG4,U2JMKHNS5TG4,CALIFORNIA INSTITUTE OF TECHNOLOGY,CALIFORNIA INSTITUTE OF TECHNOLOGY,USA,CA,LOS ANGELES,PASADENA,CA-28,CA-28,911250001,UNITED STATES,CALIFORNIA,LOS ANGELES,CA-28,CA-28,911098001,,,AR15,"SPACE R&D SVCS; SPACE FLIGHT, RESEARCH & SUPPORTING ACTIVITIES; R&D FACILITIES & MAJ EQUIP",541715,"RESEARCH AND DEVELOPMENT IN THE PHYSICAL, ENGINEERING, AND LIFE SCIENCES (EXCEPT NANOTECHNOLOGY AND BIOTECHNOLOGY)",,,https://www.usaspending.gov/award/CONT_AWD_80GSFC22CA003_8000_-NONE-_-NONE-/,2023-09-28
National Aeronautics and Space Administration,National Aeronautics and Space Administration,FY2023P12,,080,2023,2024,,0120,000,080-2023/2024-0120-000,"Science, National Aeronautics and Space Administration",National Aeronautics and Space Administration,,"General Science, Space, and Technology","Space flight, research, and supporting activities",080-0120,"Science, National Aeronautics and Space Administration",0001,SCIENCE (DIRECT),25.5,Research and development contracts,D,Q,Not Designated Nonemergency/Emergency/Disaster/Wildfire Suppression,,2877606.01,,,CONT_AWD_80GSFC22CA003_8000_-NONE-_-NONE-,80GSFC22CA003,,,,2021-10-01,2022,2025-09-03,2025,2021-10-01,2027-09-30,,D,DEFINITIVE CONTRACT,,,THIS CONTRACT IS FOR THE SERVICES REQUIRED TO SUPPORT THE ROMAN SPACE TELESCOPE SCIENCE SUPPORT CENTER,080,NATIONAL AERONAUTICS AND SPACE ADMINISTRATION (NASA),8000,NATIONAL AERONAUTICS AND SPACE ADMINISTRATION,80GSFC,NASA GODDARD SPACE FLIGHT CENTER,080,NATIONAL AERONAUTICS AND SPACE ADMINISTRATION (NASA),8000,NATIONAL AERONAUTICS AND SPACE ADMINISTRATION,80GSFC,NASA GODDARD SPACE FLIGHT CENTER,U2JMKHNS5TG4,,CALIFORNIA INSTITUTE OF TECHNOLOGY,CALIFORNIA INSTITUTE OF TECHNOLOGY,U2JMKHNS5TG4,U2JMKHNS5TG4,CALIFORNIA INSTITUTE OF TECHNOLOGY,CALIFORNIA INSTITUTE OF TECHNOLOGY,USA,CA,LOS ANGELES,PASADENA,CA-28,CA-28,911250001,UNITED STATES,CALIFORNIA,LOS ANGELES,CA-28,CA-28,911098001,,,AR15,"SPACE R&D SVCS; SPACE FLIGHT, RESEARCH & SUPPORTING ACTIVITIES; R&D FACILITIES & MAJ EQUIP",541715,"RESEARCH AND DEVELOPMENT IN THE PHYSICAL, ENGINEERING, AND LIFE SCIENCES (EXCEPT NANOTECHNOLOGY AND BIOTECHNOLOGY)",,,https://www.usaspending.gov/award/CONT_AWD_80GSFC22CA003_8000_-NONE-_-NONE-/,2023-11-03
National Aeronautics and Space Administration,National Aeronautics and Space Administration,FY2023P12,,080,2023,2024,,0120,000,080-2023/2024-0120-000,"Science, National Aeronautics and Space Administration",National Aeronautics and Space Administration,,"General Science, Space, and Technology","Space flight, research, and supporting activities",080-0120,"Science, National Aeronautics and Space Administration",0001,SCIENCE (DIRECT),25.5,Research and development contracts,D,Q,Not Designated Nonemergency/Emergency/Disaster/Wildfire Suppression,640000.00,,,,CONT_AWD_80GSFC22CA003_8000_-NONE-_-NONE-,80GSFC22CA003,,,,2021-10-01,2022,2025-09-03,2025,2021-10-01,2027-09-30,,D,DEFINITIVE CONTRACT,,,THIS CONTRACT IS FOR THE SERVICES REQUIRED TO SUPPORT THE ROMAN SPACE TELESCOPE SCIENCE SUPPORT CENTER,080,NATIONAL AERONAUTICS AND SPACE ADMINISTRATION (NASA),8000,NATIONAL AERONAUTICS AND SPACE ADMINISTRATION,80GSFC,NASA GODDARD SPACE FLIGHT CENTER,080,NATIONAL AERONAUTICS AND SPACE ADMINISTRATION (NASA),8000,NATIONAL AERONAUTICS AND SPACE ADMINISTRATION,80GSFC,NASA GODDARD SPACE FLIGHT CENTER,U2JMKHNS5TG4,,CALIFORNIA INSTITUTE OF TECHNOLOGY,CALIFORNIA INSTITUTE OF TECHNOLOGY,U2JMKHNS5TG4,U2JMKHNS5TG4,CALIFORNIA INSTITUTE OF TECHNOLOGY,CALIFORNIA INSTITUTE OF TECHNOLOGY,USA,CA,LOS ANGELES,PASADENA,CA-28,CA-28,911250001,UNITED STATES,CALIFORNIA,LOS ANGELES,CA-28,CA-28,911098001,,,AR15,"SPACE R&D SVCS; SPACE FLIGHT, RESEARCH & SUPPORTING ACTIVITIES; R&D FACILITIES & MAJ EQUIP",541715,"RESEARCH AND DEVELOPMENT IN THE PHYSICAL, ENGINEERING, AND LIFE SCIENCES (EXCEPT NANOTECHNOLOGY AND BIOTECHNOLOGY)",,,https://www.usaspending.gov/award/CONT_AWD_80GSFC22CA003_8000_-NONE-_-NONE-/,2023-11-03
National Aeronautics and Space Administration,National Aeronautics and Space Administration,FY2023P12,,080,2022,2023,,0120,000,080-2022/2023-0120-000,"Science, National Aeronautics and Space Administration",National Aeronautics and Space Administration,,"General Science, Space, and Technology","Space flight, research, and supporting activities",080-0120,"Science, National Aeronautics and Space Administration",0001,SCIENCE (DIRECT),25.5,Research and development contracts,D,Q,Not Designated Nonemergency/Emergency/Disaster/Wildfire Suppression,,3062085.61,,,CONT_AWD_80GSFC22CA003_8000_-NONE-_-NONE-,80GSFC22CA003,,,,2021-10-01,2022,2025-09-03,2025,2021-10-01,2027-09-30,,D,DEFINITIVE CONTRACT,,,THIS CONTRACT IS FOR THE SERVICES REQUIRED TO SUPPORT THE ROMAN SPACE TELESCOPE SCIENCE SUPPORT CENTER,080,NATIONAL AERONAUTICS AND SPACE ADMINISTRATION (NASA),8000,NATIONAL AERONAUTICS AND SPACE ADMINISTRATION,80GSFC,NASA GODDARD SPACE FLIGHT CENTER,080,NATIONAL AERONAUTICS AND SPACE ADMINISTRATION (NASA),8000,NATIONAL AERONAUTICS AND SPACE ADMINISTRATION,80GSFC,NASA GODDARD SPACE FLIGHT CENTER,U2JMKHNS5TG4,,CALIFORNIA INSTITUTE OF TECHNOLOGY,CALIFORNIA INSTITUTE OF TECHNOLOGY,U2JMKHNS5TG4,U2JMKHNS5TG4,CALIFORNIA INSTITUTE OF TECHNOLOGY,CALIFORNIA INSTITUTE OF TECHNOLOGY,USA,CA,LOS ANGELES,PASADENA,CA-28,CA-28,911250001,UNITED STATES,CALIFORNIA,LOS ANGELES,CA-28,CA-28,911098001,,,AR15,"SPACE R&D SVCS; SPACE FLIGHT, RESEARCH & SUPPORTING ACTIVITIES; R&D FACILITIES & MAJ EQUIP",541715,"RESEARCH AND DEVELOPMENT IN THE PHYSICAL, ENGINEERING, AND LIFE SCIENCES (EXCEPT NANOTECHNOLOGY AND BIOTECHNOLOGY)",,,https://www.usaspending.gov/award/CONT_AWD_80GSFC22CA003_8000_-NONE-_-NONE-/,2023-11-03
National Aeronautics and Space Administration,National Aeronautics and Space Administration,FY2023P12,,080,2021,2022,,0120,000,080-2021/2022-0120-000,"Science, National Aeronautics and Space Administration",National Aeronautics and Space Administration,,"General Science, Space, and Technology","Space flight, research, and supporting activities",080-0120,"Science, National Aeronautics and Space Administration",0001,SCIENCE (DIRECT),25.5,Research and development contracts,D,Q,Not Designated Nonemergency/Emergency/Disaster/Wildfire Suppression,,53740.32,,,CONT_AWD_80GSFC22CA003_8000_-NONE-_-NONE-,80GSFC22CA003,,,,2021-10-01,2022,2025-09-03,2025,2021-10-01,2027-09-30,,D,DEFINITIVE CONTRACT,,,THIS CONTRACT IS FOR THE SERVICES REQUIRED TO SUPPORT THE ROMAN SPACE TELESCOPE SCIENCE SUPPORT CENTER,080,NATIONAL AERONAUTICS AND SPACE ADMINISTRATION (NASA),8000,NATIONAL AERONAUTICS AND SPACE ADMINISTRATION,80GSFC,NASA GODDARD SPACE FLIGHT CENTER,080,NATIONAL AERONAUTICS AND SPACE ADMINISTRATION (NASA),8000,NATIONAL AERONAUTICS AND SPACE ADMINISTRATION,80GSFC,NASA GODDARD SPACE FLIGHT CENTER,U2JMKHNS5TG4,,CALIFORNIA INSTITUTE OF TECHNOLOGY,CALIFORNIA INSTITUTE OF TECHNOLOGY,U2JMKHNS5TG4,U2JMKHNS5TG4,CALIFORNIA INSTITUTE OF TECHNOLOGY,CALIFORNIA INSTITUTE OF TECHNOLOGY,USA,CA,LOS ANGELES,PASADENA,CA-28,CA-28,911250001,UNITED STATES,CALIFORNIA,LOS ANGELES,CA-28,CA-28,911098001,,,AR15,"SPACE R&D SVCS; SPACE FLIGHT, RESEARCH & SUPPORTING ACTIVITIES; R&D FACILITIES & MAJ EQUIP",541715,"RESEARCH AND DEVELOPMENT IN THE PHYSICAL, ENGINEERING, AND LIFE SCIENCES (EXCEPT NANOTECHNOLOGY AND BIOTECHNOLOGY)",,,https://www.usaspending.gov/award/CONT_AWD_80GSFC22CA003_8000_-NONE-_-NONE-/,2023-11-03
National Aeronautics and Space Administration,National Aeronautics and Space Administration,FY2024P02,,080,2023,2024,,0120,000,080-2023/2024-0120-000,"Science, National Aeronautics and Space Administration",National Aeronautics and Space Administration,,"General Science, Space, and Technology","Space flight, research, and supporting activities",080-0120,"Science, National Aeronautics and Space Administration",0001,SCIENCE (DIRECT),25.5,Research and development contracts,D,Q,Not Designated Nonemergency/Emergency/Disaster/Wildfire Suppression,,2107810.70,,,CONT_AWD_80GSFC22CA003_8000_-NONE-_-NONE-,80GSFC22CA003,,,,2021-10-01,2022,2025-09-03,2025,2021-10-01,2027-09-30,,D,DEFINITIVE CONTRACT,,,THIS CONTRACT IS FOR THE SERVICES REQUIRED TO SUPPORT THE ROMAN SPACE TELESCOPE SCIENCE SUPPORT CENTER,080,NATIONAL AERONAUTICS AND SPACE ADMINISTRATION (NASA),8000,NATIONAL AERONAUTICS AND SPACE ADMINISTRATION,80GSFC,NASA GODDARD SPACE FLIGHT CENTER,080,NATIONAL AERONAUTICS AND SPACE ADMINISTRATION (NASA),8000,NATIONAL AERONAUTICS AND SPACE ADMINISTRATION,80GSFC,NASA GODDARD SPACE FLIGHT CENTER,U2JMKHNS5TG4,,CALIFORNIA INSTITUTE OF TECHNOLOGY,CALIFORNIA INSTITUTE OF TECHNOLOGY,U2JMKHNS5TG4,U2JMKHNS5TG4,CALIFORNIA INSTITUTE OF TECHNOLOGY,CALIFORNIA INSTITUTE OF TECHNOLOGY,USA,CA,LOS ANGELES,PASADENA,CA-28,CA-28,911250001,UNITED STATES,CALIFORNIA,LOS ANGELES,CA-28,CA-28,911098001,,,AR15,"SPACE R&D SVCS; SPACE FLIGHT, RESEARCH & SUPPORTING ACTIVITIES; R&D FACILITIES & MAJ EQUIP",541715,"RESEARCH AND DEVELOPMENT IN THE PHYSICAL, ENGINEERING, AND LIFE SCIENCES (EXCEPT NANOTECHNOLOGY AND BIOTECHNOLOGY)",,,https://www.usaspending.gov/award/CONT_AWD_80GSFC22CA003_8000_-NONE-_-NONE-/,2024-01-05
National Aeronautics and Space Administration,National Aeronautics and Space Administration,FY2024P03,,080,2024,2025,,0120,000,080-2024/2025-0120-000,"Science, National Aeronautics and Space Administration",National Aeronautics and Space Administration,,"General Science, Space, and Technology","Space flight, research, and supporting activities",080-0120,"Science, National Aeronautics and Space Administration",0001,SCIENCE (DIRECT),25.5,Research and development contracts,D,Q,Not Designated Nonemergency/Emergency/Disaster/Wildfire Suppression,600000.00,,,,CONT_AWD_80GSFC22CA003_8000_-NONE-_-NONE-,80GSFC22CA003,,,,2021-10-01,2022,2025-09-03,2025,2021-10-01,2027-09-30,,D,DEFINITIVE CONTRACT,,,THIS CONTRACT IS FOR THE SERVICES REQUIRED TO SUPPORT THE ROMAN SPACE TELESCOPE SCIENCE SUPPORT CENTER,080,NATIONAL AERONAUTICS AND SPACE ADMINISTRATION (NASA),8000,NATIONAL AERONAUTICS AND SPACE ADMINISTRATION,80GSFC,NASA GODDARD SPACE FLIGHT CENTER,080,NATIONAL AERONAUTICS AND SPACE ADMINISTRATION (NASA),8000,NATIONAL AERONAUTICS AND SPACE ADMINISTRATION,80GSFC,NASA GODDARD SPACE FLIGHT CENTER,U2JMKHNS5TG4,,CALIFORNIA INSTITUTE OF TECHNOLOGY,CALIFORNIA INSTITUTE OF TECHNOLOGY,U2JMKHNS5TG4,U2JMKHNS5TG4,CALIFORNIA INSTITUTE OF TECHNOLOGY,CALIFORNIA INSTITUTE OF TECHNOLOGY,USA,CA,LOS ANGELES,PASADENA,CA-28,CA-28,911250001,UNITED STATES,CALIFORNIA,LOS ANGELES,CA-28,CA-28,911098001,,,AR15,"SPACE R&D SVCS; SPACE FLIGHT, RESEARCH & SUPPORTING ACTIVITIES; R&D FACILITIES & MAJ EQUIP",541715,"RESEARCH AND DEVELOPMENT IN THE PHYSICAL, ENGINEERING, AND LIFE SCIENCES (EXCEPT NANOTECHNOLOGY AND BIOTECHNOLOGY)",,,https://www.usaspending.gov/award/CONT_AWD_80GSFC22CA003_8000_-NONE-_-NONE-/,2024-01-28
National Aeronautics and Space Administration,National Aeronautics and Space Administration,FY2024P03,,080,2023,2024,,0120,000,080-2023/2024-0120-000,"Science, National Aeronautics and Space Administration",National Aeronautics and Space Administration,,"General Science, Space, and Technology","Space flight, research, and supporting activities",080-0120,"Science, National Aeronautics and Space Administration",0001,SCIENCE (DIRECT),25.5,Research and development contracts,D,Q,Not Designated Nonemergency/Emergency/Disaster/Wildfire Suppression,,2751921.89,,,CONT_AWD_80GSFC22CA003_8000_-NONE-_-NONE-,80GSFC22CA003,,,,2021-10-01,2022,2025-09-03,2025,2021-10-01,2027-09-30,,D,DEFINITIVE CONTRACT,,,THIS CONTRACT IS FOR THE SERVICES REQUIRED TO SUPPORT THE ROMAN SPACE TELESCOPE SCIENCE SUPPORT CENTER,080,NATIONAL AERONAUTICS AND SPACE ADMINISTRATION (NASA),8000,NATIONAL AERONAUTICS AND SPACE ADMINISTRATION,80GSFC,NASA GODDARD SPACE FLIGHT CENTER,080,NATIONAL AERONAUTICS AND SPACE ADMINISTRATION (NASA),8000,NATIONAL AERONAUTICS AND SPACE ADMINISTRATION,80GSFC,NASA GODDARD SPACE FLIGHT CENTER,U2JMKHNS5TG4,,CALIFORNIA INSTITUTE OF TECHNOLOGY,CALIFORNIA INSTITUTE OF TECHNOLOGY,U2JMKHNS5TG4,U2JMKHNS5TG4,CALIFORNIA INSTITUTE OF TECHNOLOGY,CALIFORNIA INSTITUTE OF TECHNOLOGY,USA,CA,LOS ANGELES,PASADENA,CA-28,CA-28,911250001,UNITED STATES,CALIFORNIA,LOS ANGELES,CA-28,CA-28,911098001,,,AR15,"SPACE R&D SVCS; SPACE FLIGHT, RESEARCH & SUPPORTING ACTIVITIES; R&D FACILITIES & MAJ EQUIP",541715,"RESEARCH AND DEVELOPMENT IN THE PHYSICAL, ENGINEERING, AND LIFE SCIENCES (EXCEPT NANOTECHNOLOGY AND BIOTECHNOLOGY)",,,https://www.usaspending.gov/award/CONT_AWD_80GSFC22CA003_8000_-NONE-_-NONE-/,2024-01-28
National Aeronautics and Space Administration,National Aeronautics and Space Administration,FY2024P04,,080,2024,2025,,0120,000,080-2024/2025-0120-000,"Science, National Aeronautics and Space Administration",National Aeronautics and Space Administration,,"General Science, Space, and Technology","Space flight, research, and supporting activities",080-0120,"Science, National Aeronautics and Space Administration",0001,SCIENCE (DIRECT),25.5,Research and development contracts,D,Q,Not Designated Nonemergency/Emergency/Disaster/Wildfire Suppression,414525.00,,,,CONT_AWD_80GSFC22CA003_8000_-NONE-_-NONE-,80GSFC22CA003,,,,2021-10-01,2022,2025-09-03,2025,2021-10-01,2027-09-30,,D,DEFINITIVE CONTRACT,,,THIS CONTRACT IS FOR THE SERVICES REQUIRED TO SUPPORT THE ROMAN SPACE TELESCOPE SCIENCE SUPPORT CENTER,080,NATIONAL AERONAUTICS AND SPACE ADMINISTRATION (NASA),8000,NATIONAL AERONAUTICS AND SPACE ADMINISTRATION,80GSFC,NASA GODDARD SPACE FLIGHT CENTER,080,NATIONAL AERONAUTICS AND SPACE ADMINISTRATION (NASA),8000,NATIONAL AERONAUTICS AND SPACE ADMINISTRATION,80GSFC,NASA GODDARD SPACE FLIGHT CENTER,U2JMKHNS5TG4,,CALIFORNIA INSTITUTE OF TECHNOLOGY,CALIFORNIA INSTITUTE OF TECHNOLOGY,U2JMKHNS5TG4,U2JMKHNS5TG4,CALIFORNIA INSTITUTE OF TECHNOLOGY,CALIFORNIA INSTITUTE OF TECHNOLOGY,USA,CA,LOS ANGELES,PASADENA,CA-28,CA-28,911250001,UNITED STATES,CALIFORNIA,LOS ANGELES,CA-28,CA-28,911098001,,,AR15,"SPACE R&D SVCS; SPACE FLIGHT, RESEARCH & SUPPORTING ACTIVITIES; R&D FACILITIES & MAJ EQUIP",541715,"RESEARCH AND DEVELOPMENT IN THE PHYSICAL, ENGINEERING, AND LIFE SCIENCES (EXCEPT NANOTECHNOLOGY AND BIOTECHNOLOGY)",,,https://www.usaspending.gov/award/CONT_AWD_80GSFC22CA003_8000_-NONE-_-NONE-/,2024-02-27
National Aeronautics and Space Administration,National Aeronautics and Space Administration,FY2024P04,,080,2023,2024,,0120,000,080-2023/2024-0120-000,"Science, National Aeronautics and Space Administration",National Aeronautics and Space Administration,,"General Science, Space, and Technology","Space flight, research, and supporting activities",080-0120,"Science, National Aeronautics and Space Administration",0001,SCIENCE (DIRECT),25.5,Research and development contracts,D,Q,Not Designated Nonemergency/Emergency/Disaster/Wildfire Suppression,,3360127.97,,,CONT_AWD_80GSFC22CA003_8000_-NONE-_-NONE-,80GSFC22CA003,,,,2021-10-01,2022,2025-09-03,2025,2021-10-01,2027-09-30,,D,DEFINITIVE CONTRACT,,,THIS CONTRACT IS FOR THE SERVICES REQUIRED TO SUPPORT THE ROMAN SPACE TELESCOPE SCIENCE SUPPORT CENTER,080,NATIONAL AERONAUTICS AND SPACE ADMINISTRATION (NASA),8000,NATIONAL AERONAUTICS AND SPACE ADMINISTRATION,80GSFC,NASA GODDARD SPACE FLIGHT CENTER,080,NATIONAL AERONAUTICS AND SPACE ADMINISTRATION (NASA),8000,NATIONAL AERONAUTICS AND SPACE ADMINISTRATION,80GSFC,NASA GODDARD SPACE FLIGHT CENTER,U2JMKHNS5TG4,,CALIFORNIA INSTITUTE OF TECHNOLOGY,CALIFORNIA INSTITUTE OF TECHNOLOGY,U2JMKHNS5TG4,U2JMKHNS5TG4,CALIFORNIA INSTITUTE OF TECHNOLOGY,CALIFORNIA INSTITUTE OF TECHNOLOGY,USA,CA,LOS ANGELES,PASADENA,CA-28,CA-28,911250001,UNITED STATES,CALIFORNIA,LOS ANGELES,CA-28,CA-28,911098001,,,AR15,"SPACE R&D SVCS; SPACE FLIGHT, RESEARCH & SUPPORTING ACTIVITIES; R&D FACILITIES & MAJ EQUIP",541715,"RESEARCH AND DEVELOPMENT IN THE PHYSICAL, ENGINEERING, AND LIFE SCIENCES (EXCEPT NANOTECHNOLOGY AND BIOTECHNOLOGY)",,,https://www.usaspending.gov/award/CONT_AWD_80GSFC22CA003_8000_-NONE-_-NONE-/,2024-02-27
National Aeronautics and Space Administration,National Aeronautics and Space Administration,FY2024P05,,080,2024,2025,,0120,000,080-2024/2025-0120-000,"Science, National Aeronautics and Space Administration",National Aeronautics and Space Administration,,"General Science, Space, and Technology","Space flight, research, and supporting activities",080-0120,"Science, National Aeronautics and Space Administration",0001,SCIENCE (DIRECT),25.5,Research and development contracts,D,Q,Not Designated Nonemergency/Emergency/Disaster/Wildfire Suppression,919280.00,,,,CONT_AWD_80GSFC22CA003_8000_-NONE-_-NONE-,80GSFC22CA003,,,,2021-10-01,2022,2025-09-03,2025,2021-10-01,2027-09-30,,D,DEFINITIVE CONTRACT,,,THIS CONTRACT IS FOR THE SERVICES REQUIRED TO SUPPORT THE ROMAN SPACE TELESCOPE SCIENCE SUPPORT CENTER,080,NATIONAL AERONAUTICS AND SPACE ADMINISTRATION (NASA),8000,NATIONAL AERONAUTICS AND SPACE ADMINISTRATION,80GSFC,NASA GODDARD SPACE FLIGHT CENTER,080,NATIONAL AERONAUTICS AND SPACE ADMINISTRATION (NASA),8000,NATIONAL AERONAUTICS AND SPACE ADMINISTRATION,80GSFC,NASA GODDARD SPACE FLIGHT CENTER,U2JMKHNS5TG4,,CALIFORNIA INSTITUTE OF TECHNOLOGY,CALIFORNIA INSTITUTE OF TECHNOLOGY,U2JMKHNS5TG4,U2JMKHNS5TG4,CALIFORNIA INSTITUTE OF TECHNOLOGY,CALIFORNIA INSTITUTE OF TECHNOLOGY,USA,CA,LOS ANGELES,PASADENA,CA-28,CA-28,911250001,UNITED STATES,CALIFORNIA,LOS ANGELES,CA-28,CA-28,911098001,,,AR15,"SPACE R&D SVCS; SPACE FLIGHT, RESEARCH & SUPPORTING ACTIVITIES; R&D FACILITIES & MAJ EQUIP",541715,"RESEARCH AND DEVELOPMENT IN THE PHYSICAL, ENGINEERING, AND LIFE SCIENCES (EXCEPT NANOTECHNOLOGY AND BIOTECHNOLOGY)",,,https://www.usaspending.gov/award/CONT_AWD_80GSFC22CA003_8000_-NONE-_-NONE-/,2024-03-28
National Aeronautics and Space Administration,National Aeronautics and Space Administration,FY2024P05,,080,2023,2024,,0120,000,080-2023/2024-0120-000,"Science, National Aeronautics and Space Administration",National Aeronautics and Space Administration,,"General Science, Space, and Technology","Space flight, research, and supporting activities",080-0120,"Science, National Aeronautics and Space Administration",0001,SCIENCE (DIRECT),25.5,Research and development contracts,D,Q,Not Designated Nonemergency/Emergency/Disaster/Wildfire Suppression,,3821774.65,,,CONT_AWD_80GSFC22CA003_8000_-NONE-_-NONE-,80GSFC22CA003,,,,2021-10-01,2022,2025-09-03,2025,2021-10-01,2027-09-30,,D,DEFINITIVE CONTRACT,,,THIS CONTRACT IS FOR THE SERVICES REQUIRED TO SUPPORT THE ROMAN SPACE TELESCOPE SCIENCE SUPPORT CENTER,080,NATIONAL AERONAUTICS AND SPACE ADMINISTRATION (NASA),8000,NATIONAL AERONAUTICS AND SPACE ADMINISTRATION,80GSFC,NASA GODDARD SPACE FLIGHT CENTER,080,NATIONAL AERONAUTICS AND SPACE ADMINISTRATION (NASA),8000,NATIONAL AERONAUTICS AND SPACE ADMINISTRATION,80GSFC,NASA GODDARD SPACE FLIGHT CENTER,U2JMKHNS5TG4,,CALIFORNIA INSTITUTE OF TECHNOLOGY,CALIFORNIA INSTITUTE OF TECHNOLOGY,U2JMKHNS5TG4,U2JMKHNS5TG4,CALIFORNIA INSTITUTE OF TECHNOLOGY,CALIFORNIA INSTITUTE OF TECHNOLOGY,USA,CA,LOS ANGELES,PASADENA,CA-28,CA-28,911250001,UNITED STATES,CALIFORNIA,LOS ANGELES,CA-28,CA-28,911098001,,,AR15,"SPACE R&D SVCS; SPACE FLIGHT, RESEARCH & SUPPORTING ACTIVITIES; R&D FACILITIES & MAJ EQUIP",541715,"RESEARCH AND DEVELOPMENT IN THE PHYSICAL, ENGINEERING, AND LIFE SCIENCES (EXCEPT NANOTECHNOLOGY AND BIOTECHNOLOGY)",,,https://www.usaspending.gov/award/CONT_AWD_80GSFC22CA003_8000_-NONE-_-NONE-/,2024-03-28
National Aeronautics and Space Administration,National Aeronautics and Space Administration,FY2024P06,,080,2024,2025,,0120,000,080-2024/2025-0120-000,"Science, National Aeronautics and Space Administration",National Aeronautics and Space Administration,,"General Science, Space, and Technology","Space flight, research, and supporting activities",080-0120,"Science, National Aeronautics and Space Administration",0001,SCIENCE (DIRECT),25.5,Research and development contracts,D,Q,Not Designated Nonemergency/Emergency/Disaster/Wildfire Suppression,,883453.57,,,CONT_AWD_80GSFC22CA003_8000_-NONE-_-NONE-,80GSFC22CA003,,,,2021-10-01,2022,2025-09-03,2025,2021-10-01,2027-09-30,,D,DEFINITIVE CONTRACT,,,THIS CONTRACT IS FOR THE SERVICES REQUIRED TO SUPPORT THE ROMAN SPACE TELESCOPE SCIENCE SUPPORT CENTER,080,NATIONAL AERONAUTICS AND SPACE ADMINISTRATION (NASA),8000,NATIONAL AERONAUTICS AND SPACE ADMINISTRATION,80GSFC,NASA GODDARD SPACE FLIGHT CENTER,080,NATIONAL AERONAUTICS AND SPACE ADMINISTRATION (NASA),8000,NATIONAL AERONAUTICS AND SPACE ADMINISTRATION,80GSFC,NASA GODDARD SPACE FLIGHT CENTER,U2JMKHNS5TG4,,CALIFORNIA INSTITUTE OF TECHNOLOGY,CALIFORNIA INSTITUTE OF TECHNOLOGY,U2JMKHNS5TG4,U2JMKHNS5TG4,CALIFORNIA INSTITUTE OF TECHNOLOGY,CALIFORNIA INSTITUTE OF TECHNOLOGY,USA,CA,LOS ANGELES,PASADENA,CA-28,CA-28,911250001,UNITED STATES,CALIFORNIA,LOS ANGELES,CA-28,CA-28,911098001,,,AR15,"SPACE R&D SVCS; SPACE FLIGHT, RESEARCH & SUPPORTING ACTIVITIES; R&D FACILITIES & MAJ EQUIP",541715,"RESEARCH AND DEVELOPMENT IN THE PHYSICAL, ENGINEERING, AND LIFE SCIENCES (EXCEPT NANOTECHNOLOGY AND BIOTECHNOLOGY)",,,https://www.usaspending.gov/award/CONT_AWD_80GSFC22CA003_8000_-NONE-_-NONE-/,2024-04-25
National Aeronautics and Space Administration,National Aeronautics and Space Administration,FY2024P06,,080,2024,2025,,0120,000,080-2024/2025-0120-000,"Science, National Aeronautics and Space Administration",National Aeronautics and Space Administration,,"General Science, Space, and Technology","Space flight, research, and supporting activities",080-0120,"Science, National Aeronautics and Space Administration",0001,SCIENCE (DIRECT),25.5,Research and development contracts,D,Q,Not Designated Nonemergency/Emergency/Disaster/Wildfire Suppression,784082.00,,,,CONT_AWD_80GSFC22CA003_8000_-NONE-_-NONE-,80GSFC22CA003,,,,2021-10-01,2022,2025-09-03,2025,2021-10-01,2027-09-30,,D,DEFINITIVE CONTRACT,,,THIS CONTRACT IS FOR THE SERVICES REQUIRED TO SUPPORT THE ROMAN SPACE TELESCOPE SCIENCE SUPPORT CENTER,080,NATIONAL AERONAUTICS AND SPACE ADMINISTRATION (NASA),8000,NATIONAL AERONAUTICS AND SPACE ADMINISTRATION,80GSFC,NASA GODDARD SPACE FLIGHT CENTER,080,NATIONAL AERONAUTICS AND SPACE ADMINISTRATION (NASA),8000,NATIONAL AERONAUTICS AND SPACE ADMINISTRATION,80GSFC,NASA GODDARD SPACE FLIGHT CENTER,U2JMKHNS5TG4,,CALIFORNIA INSTITUTE OF TECHNOLOGY,CALIFORNIA INSTITUTE OF TECHNOLOGY,U2JMKHNS5TG4,U2JMKHNS5TG4,CALIFORNIA INSTITUTE OF TECHNOLOGY,CALIFORNIA INSTITUTE OF TECHNOLOGY,USA,CA,LOS ANGELES,PASADENA,CA-28,CA-28,911250001,UNITED STATES,CALIFORNIA,LOS ANGELES,CA-28,CA-28,911098001,,,AR15,"SPACE R&D SVCS; SPACE FLIGHT, RESEARCH & SUPPORTING ACTIVITIES; R&D FACILITIES & MAJ EQUIP",541715,"RESEARCH AND DEVELOPMENT IN THE PHYSICAL, ENGINEERING, AND LIFE SCIENCES (EXCEPT NANOTECHNOLOGY AND BIOTECHNOLOGY)",,,https://www.usaspending.gov/award/CONT_AWD_80GSFC22CA003_8000_-NONE-_-NONE-/,2024-04-25
National Aeronautics and Space Administration,National Aeronautics and Space Administration,FY2024P06,,080,2023,2024,,0120,000,080-2023/2024-0120-000,"Science, National Aeronautics and Space Administration",National Aeronautics and Space Administration,,"General Science, Space, and Technology","Space flight, research, and supporting activities",080-0120,"Science, National Aeronautics and Space Administration",0001,SCIENCE (DIRECT),25.5,Research and development contracts,D,Q,Not Designated Nonemergency/Emergency/Disaster/Wildfire Suppression,,3909293.99,,,CONT_AWD_80GSFC22CA003_8000_-NONE-_-NONE-,80GSFC22CA003,,,,2021-10-01,2022,2025-09-03,2025,2021-10-01,2027-09-30,,D,DEFINITIVE CONTRACT,,,THIS CONTRACT IS FOR THE SERVICES REQUIRED TO SUPPORT THE ROMAN SPACE TELESCOPE SCIENCE SUPPORT CENTER,080,NATIONAL AERONAUTICS AND SPACE ADMINISTRATION (NASA),8000,NATIONAL AERONAUTICS AND SPACE ADMINISTRATION,80GSFC,NASA GODDARD SPACE FLIGHT CENTER,080,NATIONAL AERONAUTICS AND SPACE ADMINISTRATION (NASA),8000,NATIONAL AERONAUTICS AND SPACE ADMINISTRATION,80GSFC,NASA GODDARD SPACE FLIGHT CENTER,U2JMKHNS5TG4,,CALIFORNIA INSTITUTE OF TECHNOLOGY,CALIFORNIA INSTITUTE OF TECHNOLOGY,U2JMKHNS5TG4,U2JMKHNS5TG4,CALIFORNIA INSTITUTE OF TECHNOLOGY,CALIFORNIA INSTITUTE OF TECHNOLOGY,USA,CA,LOS ANGELES,PASADENA,CA-28,CA-28,911250001,UNITED STATES,CALIFORNIA,LOS ANGELES,CA-28,CA-28,911098001,,,AR15,"SPACE R&D SVCS; SPACE FLIGHT, RESEARCH & SUPPORTING ACTIVITIES; R&D FACILITIES & MAJ EQUIP",541715,"RESEARCH AND DEVELOPMENT IN THE PHYSICAL, ENGINEERING, AND LIFE SCIENCES (EXCEPT NANOTECHNOLOGY AND BIOTECHNOLOGY)",,,https://www.usaspending.gov/award/CONT_AWD_80GSFC22CA003_8000_-NONE-_-NONE-/,2024-04-25
National Aeronautics and Space Administration,National Aeronautics and Space Administration,FY2024P07,,080,2024,2025,,0120,000,080-2024/2025-0120-000,"Science, National Aeronautics and Space Administration",National Aeronautics and Space Administration,,"General Science, Space, and Technology","Space flight, research, and supporting activities",080-0120,"Science, National Aeronautics and Space Administration",0001,SCIENCE (DIRECT),25.5,Research and development contracts,D,Q,Not Designated Nonemergency/Emergency/Disaster/Wildfire Suppression,,1611564.05,,,CONT_AWD_80GSFC22CA003_8000_-NONE-_-NONE-,80GSFC22CA003,,,,2021-10-01,2022,2025-09-03,2025,2021-10-01,2027-09-30,,D,DEFINITIVE CONTRACT,,,THIS CONTRACT IS FOR THE SERVICES REQUIRED TO SUPPORT THE ROMAN SPACE TELESCOPE SCIENCE SUPPORT CENTER,080,NATIONAL AERONAUTICS AND SPACE ADMINISTRATION (NASA),8000,NATIONAL AERONAUTICS AND SPACE ADMINISTRATION,80GSFC,NASA GODDARD SPACE FLIGHT CENTER,080,NATIONAL AERONAUTICS AND SPACE ADMINISTRATION (NASA),8000,NATIONAL AERONAUTICS AND SPACE ADMINISTRATION,80GSFC,NASA GODDARD SPACE FLIGHT CENTER,U2JMKHNS5TG4,,CALIFORNIA INSTITUTE OF TECHNOLOGY,CALIFORNIA INSTITUTE OF TECHNOLOGY,U2JMKHNS5TG4,U2JMKHNS5TG4,CALIFORNIA INSTITUTE OF TECHNOLOGY,CALIFORNIA INSTITUTE OF TECHNOLOGY,USA,CA,LOS ANGELES,PASADENA,CA-28,CA-28,911250001,UNITED STATES,CALIFORNIA,LOS ANGELES,CA-28,CA-28,911098001,,,AR15,"SPACE R&D SVCS; SPACE FLIGHT, RESEARCH & SUPPORTING ACTIVITIES; R&D FACILITIES & MAJ EQUIP",541715,"RESEARCH AND DEVELOPMENT IN THE PHYSICAL, ENGINEERING, AND LIFE SCIENCES (EXCEPT NANOTECHNOLOGY AND BIOTECHNOLOGY)",,,https://www.usaspending.gov/award/CONT_AWD_80GSFC22CA003_8000_-NONE-_-NONE-/,2024-05-22
National Aeronautics and Space Administration,National Aeronautics and Space Administration,FY2024P07,,080,2024,2025,,0120,000,080-2024/2025-0120-000,"Science, National Aeronautics and Space Administration",National Aeronautics and Space Administration,,"General Science, Space, and Technology","Space flight, research, and supporting activities",080-0120,"Science, National Aeronautics and Space Administration",0001,SCIENCE (DIRECT),25.5,Research and development contracts,D,Q,Not Designated Nonemergency/Emergency/Disaster/Wildfire Suppression,1495000.00,,,,CONT_AWD_80GSFC22CA003_8000_-NONE-_-NONE-,80GSFC22CA003,,,,2021-10-01,2022,2025-09-03,2025,2021-10-01,2027-09-30,,D,DEFINITIVE CONTRACT,,,THIS CONTRACT IS FOR THE SERVICES REQUIRED TO SUPPORT THE ROMAN SPACE TELESCOPE SCIENCE SUPPORT CENTER,080,NATIONAL AERONAUTICS AND SPACE ADMINISTRATION (NASA),8000,NATIONAL AERONAUTICS AND SPACE ADMINISTRATION,80GSFC,NASA GODDARD SPACE FLIGHT CENTER,080,NATIONAL AERONAUTICS AND SPACE ADMINISTRATION (NASA),8000,NATIONAL AERONAUTICS AND SPACE ADMINISTRATION,80GSFC,NASA GODDARD SPACE FLIGHT CENTER,U2JMKHNS5TG4,,CALIFORNIA INSTITUTE OF TECHNOLOGY,CALIFORNIA INSTITUTE OF TECHNOLOGY,U2JMKHNS5TG4,U2JMKHNS5TG4,CALIFORNIA INSTITUTE OF TECHNOLOGY,CALIFORNIA INSTITUTE OF TECHNOLOGY,USA,CA,LOS ANGELES,PASADENA,CA-28,CA-28,911250001,UNITED STATES,CALIFORNIA,LOS ANGELES,CA-28,CA-28,911098001,,,AR15,"SPACE R&D SVCS; SPACE FLIGHT, RESEARCH & SUPPORTING ACTIVITIES; R&D FACILITIES & MAJ EQUIP",541715,"RESEARCH AND DEVELOPMENT IN THE PHYSICAL, ENGINEERING, AND LIFE SCIENCES (EXCEPT NANOTECHNOLOGY AND BIOTECHNOLOGY)",,,https://www.usaspending.gov/award/CONT_AWD_80GSFC22CA003_8000_-NONE-_-NONE-/,2024-05-22
National Aeronautics and Space Administration,National Aeronautics and Space Administration,FY2024P07,,080,2023,2024,,0120,000,080-2023/2024-0120-000,"Science, National Aeronautics and Space Administration",National Aeronautics and Space Administration,,"General Science, Space, and Technology","Space flight, research, and supporting activities",080-0120,"Science, National Aeronautics and Space Administration",0001,SCIENCE (DIRECT),25.5,Research and development contracts,D,Q,Not Designated Nonemergency/Emergency/Disaster/Wildfire Suppression,,3909293.99,,,CONT_AWD_80GSFC22CA003_8000_-NONE-_-NONE-,80GSFC22CA003,,,,2021-10-01,2022,2025-09-03,2025,2021-10-01,2027-09-30,,D,DEFINITIVE CONTRACT,,,THIS CONTRACT IS FOR THE SERVICES REQUIRED TO SUPPORT THE ROMAN SPACE TELESCOPE SCIENCE SUPPORT CENTER,080,NATIONAL AERONAUTICS AND SPACE ADMINISTRATION (NASA),8000,NATIONAL AERONAUTICS AND SPACE ADMINISTRATION,80GSFC,NASA GODDARD SPACE FLIGHT CENTER,080,NATIONAL AERONAUTICS AND SPACE ADMINISTRATION (NASA),8000,NATIONAL AERONAUTICS AND SPACE ADMINISTRATION,80GSFC,NASA GODDARD SPACE FLIGHT CENTER,U2JMKHNS5TG4,,CALIFORNIA INSTITUTE OF TECHNOLOGY,CALIFORNIA INSTITUTE OF TECHNOLOGY,U2JMKHNS5TG4,U2JMKHNS5TG4,CALIFORNIA INSTITUTE OF TECHNOLOGY,CALIFORNIA INSTITUTE OF TECHNOLOGY,USA,CA,LOS ANGELES,PASADENA,CA-28,CA-28,911250001,UNITED STATES,CALIFORNIA,LOS ANGELES,CA-28,CA-28,911098001,,,AR15,"SPACE R&D SVCS; SPACE FLIGHT, RESEARCH & SUPPORTING ACTIVITIES; R&D FACILITIES & MAJ EQUIP",541715,"RESEARCH AND DEVELOPMENT IN THE PHYSICAL, ENGINEERING, AND LIFE SCIENCES (EXCEPT NANOTECHNOLOGY AND BIOTECHNOLOGY)",,,https://www.usaspending.gov/award/CONT_AWD_80GSFC22CA003_8000_-NONE-_-NONE-/,2024-05-22
National Aeronautics and Space Administration,National Aeronautics and Space Administration,FY2024P08,,080,2024,2025,,0120,000,080-2024/2025-0120-000,"Science, National Aeronautics and Space Administration",National Aeronautics and Space Administration,,"General Science, Space, and Technology","Space flight, research, and supporting activities",080-0120,"Science, National Aeronautics and Space Administration",0001,SCIENCE (DIRECT),25.5,Research and development contracts,D,Q,Not Designated Nonemergency/Emergency/Disaster/Wildfire Suppression,,2243112.80,,,CONT_AWD_80GSFC22CA003_8000_-NONE-_-NONE-,80GSFC22CA003,,,,2021-10-01,2022,2025-09-03,2025,2021-10-01,2027-09-30,,D,DEFINITIVE CONTRACT,,,THIS CONTRACT IS FOR THE SERVICES REQUIRED TO SUPPORT THE ROMAN SPACE TELESCOPE SCIENCE SUPPORT CENTER,080,NATIONAL AERONAUTICS AND SPACE ADMINISTRATION (NASA),8000,NATIONAL AERONAUTICS AND SPACE ADMINISTRATION,80GSFC,NASA GODDARD SPACE FLIGHT CENTER,080,NATIONAL AERONAUTICS AND SPACE ADMINISTRATION (NASA),8000,NATIONAL AERONAUTICS AND SPACE ADMINISTRATION,80GSFC,NASA GODDARD SPACE FLIGHT CENTER,U2JMKHNS5TG4,,CALIFORNIA INSTITUTE OF TECHNOLOGY,CALIFORNIA INSTITUTE OF TECHNOLOGY,U2JMKHNS5TG4,U2JMKHNS5TG4,CALIFORNIA INSTITUTE OF TECHNOLOGY,CALIFORNIA INSTITUTE OF TECHNOLOGY,USA,CA,LOS ANGELES,PASADENA,CA-28,CA-28,911250001,UNITED STATES,CALIFORNIA,LOS ANGELES,CA-28,CA-28,911098001,,,AR15,"SPACE R&D SVCS; SPACE FLIGHT, RESEARCH & SUPPORTING ACTIVITIES; R&D FACILITIES & MAJ EQUIP",541715,"RESEARCH AND DEVELOPMENT IN THE PHYSICAL, ENGINEERING, AND LIFE SCIENCES (EXCEPT NANOTECHNOLOGY AND BIOTECHNOLOGY)",,,https://www.usaspending.gov/award/CONT_AWD_80GSFC22CA003_8000_-NONE-_-NONE-/,2024-07-01
National Aeronautics and Space Administration,National Aeronautics and Space Administration,FY2024P08,,080,2023,2024,,0120,000,080-2023/2024-0120-000,"Science, National Aeronautics and Space Administration",National Aeronautics and Space Administration,,"General Science, Space, and Technology","Space flight, research, and supporting activities",080-0120,"Science, National Aeronautics and Space Administration",0001,SCIENCE (DIRECT),25.5,Research and development contracts,D,Q,Not Designated Nonemergency/Emergency/Disaster/Wildfire Suppression,,3909293.99,,,CONT_AWD_80GSFC22CA003_8000_-NONE-_-NONE-,80GSFC22CA003,,,,2021-10-01,2022,2025-09-03,2025,2021-10-01,2027-09-30,,D,DEFINITIVE CONTRACT,,,THIS CONTRACT IS FOR THE SERVICES REQUIRED TO SUPPORT THE ROMAN SPACE TELESCOPE SCIENCE SUPPORT CENTER,080,NATIONAL AERONAUTICS AND SPACE ADMINISTRATION (NASA),8000,NATIONAL AERONAUTICS AND SPACE ADMINISTRATION,80GSFC,NASA GODDARD SPACE FLIGHT CENTER,080,NATIONAL AERONAUTICS AND SPACE ADMINISTRATION (NASA),8000,NATIONAL AERONAUTICS AND SPACE ADMINISTRATION,80GSFC,NASA GODDARD SPACE FLIGHT CENTER,U2JMKHNS5TG4,,CALIFORNIA INSTITUTE OF TECHNOLOGY,CALIFORNIA INSTITUTE OF TECHNOLOGY,U2JMKHNS5TG4,U2JMKHNS5TG4,CALIFORNIA INSTITUTE OF TECHNOLOGY,CALIFORNIA INSTITUTE OF TECHNOLOGY,USA,CA,LOS ANGELES,PASADENA,CA-28,CA-28,911250001,UNITED STATES,CALIFORNIA,LOS ANGELES,CA-28,CA-28,911098001,,,AR15,"SPACE R&D SVCS; SPACE FLIGHT, RESEARCH & SUPPORTING ACTIVITIES; R&D FACILITIES & MAJ EQUIP",541715,"RESEARCH AND DEVELOPMENT IN THE PHYSICAL, ENGINEERING, AND LIFE SCIENCES (EXCEPT NANOTECHNOLOGY AND BIOTECHNOLOGY)",,,https://www.usaspending.gov/award/CONT_AWD_80GSFC22CA003_8000_-NONE-_-NONE-/,2024-07-01
National Aeronautics and Space Administration,National Aeronautics and Space Administration,FY2024P09,,080,2024,2025,,0120,000,080-2024/2025-0120-000,"Science, National Aeronautics and Space Administration",National Aeronautics and Space Administration,,"General Science, Space, and Technology","Space flight, research, and supporting activities",080-0120,"Science, National Aeronautics and Space Administration",0001,SCIENCE (DIRECT),25.5,Research and development contracts,D,Q,Not Designated Nonemergency/Emergency/Disaster/Wildfire Suppression,,2884484.89,,,CONT_AWD_80GSFC22CA003_8000_-NONE-_-NONE-,80GSFC22CA003,,,,2021-10-01,2022,2025-09-03,2025,2021-10-01,2027-09-30,,D,DEFINITIVE CONTRACT,,,THIS CONTRACT IS FOR THE SERVICES REQUIRED TO SUPPORT THE ROMAN SPACE TELESCOPE SCIENCE SUPPORT CENTER,080,NATIONAL AERONAUTICS AND SPACE ADMINISTRATION (NASA),8000,NATIONAL AERONAUTICS AND SPACE ADMINISTRATION,80GSFC,NASA GODDARD SPACE FLIGHT CENTER,080,NATIONAL AERONAUTICS AND SPACE ADMINISTRATION (NASA),8000,NATIONAL AERONAUTICS AND SPACE ADMINISTRATION,80GSFC,NASA GODDARD SPACE FLIGHT CENTER,U2JMKHNS5TG4,,CALIFORNIA INSTITUTE OF TECHNOLOGY,CALIFORNIA INSTITUTE OF TECHNOLOGY,U2JMKHNS5TG4,U2JMKHNS5TG4,CALIFORNIA INSTITUTE OF TECHNOLOGY,CALIFORNIA INSTITUTE OF TECHNOLOGY,USA,CA,LOS ANGELES,PASADENA,CA-28,CA-28,911250001,UNITED STATES,CALIFORNIA,LOS ANGELES,CA-28,CA-28,911098001,,,AR15,"SPACE R&D SVCS; SPACE FLIGHT, RESEARCH & SUPPORTING ACTIVITIES; R&D FACILITIES & MAJ EQUIP",541715,"RESEARCH AND DEVELOPMENT IN THE PHYSICAL, ENGINEERING, AND LIFE SCIENCES (EXCEPT NANOTECHNOLOGY AND BIOTECHNOLOGY)",,,https://www.usaspending.gov/award/CONT_AWD_80GSFC22CA003_8000_-NONE-_-NONE-/,2024-07-29
National Aeronautics and Space Administration,National Aeronautics and Space Administration,FY2024P09,,080,2024,2025,,0120,000,080-2024/2025-0120-000,"Science, National Aeronautics and Space Administration",National Aeronautics and Space Administration,,"General Science, Space, and Technology","Space flight, research, and supporting activities",080-0120,"Science, National Aeronautics and Space Administration",0001,SCIENCE (DIRECT),25.5,Research and development contracts,D,Q,Not Designated Nonemergency/Emergency/Disaster/Wildfire Suppression,1493742.00,,,,CONT_AWD_80GSFC22CA003_8000_-NONE-_-NONE-,80GSFC22CA003,,,,2021-10-01,2022,2025-09-03,2025,2021-10-01,2027-09-30,,D,DEFINITIVE CONTRACT,,,THIS CONTRACT IS FOR THE SERVICES REQUIRED TO SUPPORT THE ROMAN SPACE TELESCOPE SCIENCE SUPPORT CENTER,080,NATIONAL AERONAUTICS AND SPACE ADMINISTRATION (NASA),8000,NATIONAL AERONAUTICS AND SPACE ADMINISTRATION,80GSFC,NASA GODDARD SPACE FLIGHT CENTER,080,NATIONAL AERONAUTICS AND SPACE ADMINISTRATION (NASA),8000,NATIONAL AERONAUTICS AND SPACE ADMINISTRATION,80GSFC,NASA GODDARD SPACE FLIGHT CENTER,U2JMKHNS5TG4,,CALIFORNIA INSTITUTE OF TECHNOLOGY,CALIFORNIA INSTITUTE OF TECHNOLOGY,U2JMKHNS5TG4,U2JMKHNS5TG4,CALIFORNIA INSTITUTE OF TECHNOLOGY,CALIFORNIA INSTITUTE OF TECHNOLOGY,USA,CA,LOS ANGELES,PASADENA,CA-28,CA-28,911250001,UNITED STATES,CALIFORNIA,LOS ANGELES,CA-28,CA-28,911098001,,,AR15,"SPACE R&D SVCS; SPACE FLIGHT, RESEARCH & SUPPORTING ACTIVITIES; R&D FACILITIES & MAJ EQUIP",541715,"RESEARCH AND DEVELOPMENT IN THE PHYSICAL, ENGINEERING, AND LIFE SCIENCES (EXCEPT NANOTECHNOLOGY AND BIOTECHNOLOGY)",,,https://www.usaspending.gov/award/CONT_AWD_80GSFC22CA003_8000_-NONE-_-NONE-/,2024-07-29
National Aeronautics and Space Administration,National Aeronautics and Space Administration,FY2024P09,,080,2023,2024,,0120,000,080-2023/2024-0120-000,"Science, National Aeronautics and Space Administration",National Aeronautics and Space Administration,,"General Science, Space, and Technology","Space flight, research, and supporting activities",080-0120,"Science, National Aeronautics and Space Administration",0001,SCIENCE (DIRECT),25.5,Research and development contracts,D,Q,Not Designated Nonemergency/Emergency/Disaster/Wildfire Suppression,,3909293.99,,,CONT_AWD_80GSFC22CA003_8000_-NONE-_-NONE-,80GSFC22CA003,,,,2021-10-01,2022,2025-09-03,2025,2021-10-01,2027-09-30,,D,DEFINITIVE CONTRACT,,,THIS CONTRACT IS FOR THE SERVICES REQUIRED TO SUPPORT THE ROMAN SPACE TELESCOPE SCIENCE SUPPORT CENTER,080,NATIONAL AERONAUTICS AND SPACE ADMINISTRATION (NASA),8000,NATIONAL AERONAUTICS AND SPACE ADMINISTRATION,80GSFC,NASA GODDARD SPACE FLIGHT CENTER,080,NATIONAL AERONAUTICS AND SPACE ADMINISTRATION (NASA),8000,NATIONAL AERONAUTICS AND SPACE ADMINISTRATION,80GSFC,NASA GODDARD SPACE FLIGHT CENTER,U2JMKHNS5TG4,,CALIFORNIA INSTITUTE OF TECHNOLOGY,CALIFORNIA INSTITUTE OF TECHNOLOGY,U2JMKHNS5TG4,U2JMKHNS5TG4,CALIFORNIA INSTITUTE OF TECHNOLOGY,CALIFORNIA INSTITUTE OF TECHNOLOGY,USA,CA,LOS ANGELES,PASADENA,CA-28,CA-28,911250001,UNITED STATES,CALIFORNIA,LOS ANGELES,CA-28,CA-28,911098001,,,AR15,"SPACE R&D SVCS; SPACE FLIGHT, RESEARCH & SUPPORTING ACTIVITIES; R&D FACILITIES & MAJ EQUIP",541715,"RESEARCH AND DEVELOPMENT IN THE PHYSICAL, ENGINEERING, AND LIFE SCIENCES (EXCEPT NANOTECHNOLOGY AND BIOTECHNOLOGY)",,,https://www.usaspending.gov/award/CONT_AWD_80GSFC22CA003_8000_-NONE-_-NONE-/,2024-07-29
National Aeronautics and Space Administration,National Aeronautics and Space Administration,FY2024P10,,080,2024,2025,,0120,000,080-2024/2025-0120-000,"Science, National Aeronautics and Space Administration",National Aeronautics and Space Administration,,"General Science, Space, and Technology","Space flight, research, and supporting activities",080-0120,"Science, National Aeronautics and Space Administration",0001,SCIENCE (DIRECT),25.5,Research and development contracts,D,Q,Not Designated Nonemergency/Emergency/Disaster/Wildfire Suppression,,3575670.23,,,CONT_AWD_80GSFC22CA003_8000_-NONE-_-NONE-,80GSFC22CA003,,,,2021-10-01,2022,2025-09-03,2025,2021-10-01,2027-09-30,,D,DEFINITIVE CONTRACT,,,THIS CONTRACT IS FOR THE SERVICES REQUIRED TO SUPPORT THE ROMAN SPACE TELESCOPE SCIENCE SUPPORT CENTER,080,NATIONAL AERONAUTICS AND SPACE ADMINISTRATION (NASA),8000,NATIONAL AERONAUTICS AND SPACE ADMINISTRATION,80GSFC,NASA GODDARD SPACE FLIGHT CENTER,080,NATIONAL AERONAUTICS AND SPACE ADMINISTRATION (NASA),8000,NATIONAL AERONAUTICS AND SPACE ADMINISTRATION,80GSFC,NASA GODDARD SPACE FLIGHT CENTER,U2JMKHNS5TG4,,CALIFORNIA INSTITUTE OF TECHNOLOGY,CALIFORNIA INSTITUTE OF TECHNOLOGY,U2JMKHNS5TG4,U2JMKHNS5TG4,CALIFORNIA INSTITUTE OF TECHNOLOGY,CALIFORNIA INSTITUTE OF TECHNOLOGY,USA,CA,LOS ANGELES,PASADENA,CA-28,CA-28,911250001,UNITED STATES,CALIFORNIA,LOS ANGELES,CA-28,CA-28,911098001,,,AR15,"SPACE R&D SVCS; SPACE FLIGHT, RESEARCH & SUPPORTING ACTIVITIES; R&D FACILITIES & MAJ EQUIP",541715,"RESEARCH AND DEVELOPMENT IN THE PHYSICAL, ENGINEERING, AND LIFE SCIENCES (EXCEPT NANOTECHNOLOGY AND BIOTECHNOLOGY)",,,https://www.usaspending.gov/award/CONT_AWD_80GSFC22CA003_8000_-NONE-_-NONE-/,2024-08-26
National Aeronautics and Space Administration,National Aeronautics and Space Administration,FY2024P10,,080,2023,2024,,0120,000,080-2023/2024-0120-000,"Science, National Aeronautics and Space Administration",National Aeronautics and Space Administration,,"General Science, Space, and Technology","Space flight, research, and supporting activities",080-0120,"Science, National Aeronautics and Space Administration",0001,SCIENCE (DIRECT),25.5,Research and development contracts,D,Q,Not Designated Nonemergency/Emergency/Disaster/Wildfire Suppression,,3909293.99,,,CONT_AWD_80GSFC22CA003_8000_-NONE-_-NONE-,80GSFC22CA003,,,,2021-10-01,2022,2025-09-03,2025,2021-10-01,2027-09-30,,D,DEFINITIVE CONTRACT,,,THIS CONTRACT IS FOR THE SERVICES REQUIRED TO SUPPORT THE ROMAN SPACE TELESCOPE SCIENCE SUPPORT CENTER,080,NATIONAL AERONAUTICS AND SPACE ADMINISTRATION (NASA),8000,NATIONAL AERONAUTICS AND SPACE ADMINISTRATION,80GSFC,NASA GODDARD SPACE FLIGHT CENTER,080,NATIONAL AERONAUTICS AND SPACE ADMINISTRATION (NASA),8000,NATIONAL AERONAUTICS AND SPACE ADMINISTRATION,80GSFC,NASA GODDARD SPACE FLIGHT CENTER,U2JMKHNS5TG4,,CALIFORNIA INSTITUTE OF TECHNOLOGY,CALIFORNIA INSTITUTE OF TECHNOLOGY,U2JMKHNS5TG4,U2JMKHNS5TG4,CALIFORNIA INSTITUTE OF TECHNOLOGY,CALIFORNIA INSTITUTE OF TECHNOLOGY,USA,CA,LOS ANGELES,PASADENA,CA-28,CA-28,911250001,UNITED STATES,CALIFORNIA,LOS ANGELES,CA-28,CA-28,911098001,,,AR15,"SPACE R&D SVCS; SPACE FLIGHT, RESEARCH & SUPPORTING ACTIVITIES; R&D FACILITIES & MAJ EQUIP",541715,"RESEARCH AND DEVELOPMENT IN THE PHYSICAL, ENGINEERING, AND LIFE SCIENCES (EXCEPT NANOTECHNOLOGY AND BIOTECHNOLOGY)",,,https://www.usaspending.gov/award/CONT_AWD_80GSFC22CA003_8000_-NONE-_-NONE-/,2024-08-26
National Aeronautics and Space Administration,National Aeronautics and Space Administration,FY2024P11,,080,2023,2024,,0120,000,080-2023/2024-0120-000,"Science, National Aeronautics and Space Administration",National Aeronautics and Space Administration,,"General Science, Space, and Technology","Space flight, research, and supporting activities",080-0120,"Science, National Aeronautics and Space Administration",0001,SCIENCE (DIRECT),25.5,Research and development contracts,D,Q,Not Designated Nonemergency/Emergency/Disaster/Wildfire Suppression,,3909293.99,,,CONT_AWD_80GSFC22CA003_8000_-NONE-_-NONE-,80GSFC22CA003,,,,2021-10-01,2022,2025-09-03,2025,2021-10-01,2027-09-30,,D,DEFINITIVE CONTRACT,,,THIS CONTRACT IS FOR THE SERVICES REQUIRED TO SUPPORT THE ROMAN SPACE TELESCOPE SCIENCE SUPPORT CENTER,080,NATIONAL AERONAUTICS AND SPACE ADMINISTRATION (NASA),8000,NATIONAL AERONAUTICS AND SPACE ADMINISTRATION,80GSFC,NASA GODDARD SPACE FLIGHT CENTER,080,NATIONAL AERONAUTICS AND SPACE ADMINISTRATION (NASA),8000,NATIONAL AERONAUTICS AND SPACE ADMINISTRATION,80GSFC,NASA GODDARD SPACE FLIGHT CENTER,U2JMKHNS5TG4,,CALIFORNIA INSTITUTE OF TECHNOLOGY,CALIFORNIA INSTITUTE OF TECHNOLOGY,U2JMKHNS5TG4,U2JMKHNS5TG4,CALIFORNIA INSTITUTE OF TECHNOLOGY,CALIFORNIA INSTITUTE OF TECHNOLOGY,USA,CA,LOS ANGELES,PASADENA,CA-28,CA-28,911250001,UNITED STATES,CALIFORNIA,LOS ANGELES,CA-28,CA-28,911098001,,,AR15,"SPACE R&D SVCS; SPACE FLIGHT, RESEARCH & SUPPORTING ACTIVITIES; R&D FACILITIES & MAJ EQUIP",541715,"RESEARCH AND DEVELOPMENT IN THE PHYSICAL, ENGINEERING, AND LIFE SCIENCES (EXCEPT NANOTECHNOLOGY AND BIOTECHNOLOGY)",,,https://www.usaspending.gov/award/CONT_AWD_80GSFC22CA003_8000_-NONE-_-NONE-/,2024-09-30
National Aeronautics and Space Administration,National Aeronautics and Space Administration,FY2024P11,,080,2024,2025,,0120,000,080-2024/2025-0120-000,"Science, National Aeronautics and Space Administration",National Aeronautics and Space Administration,,"General Science, Space, and Technology","Space flight, research, and supporting activities",080-0120,"Science, National Aeronautics and Space Administration",0001,SCIENCE (DIRECT),25.5,Research and development contracts,D,Q,Not Designated Nonemergency/Emergency/Disaster/Wildfire Suppression,,4215297.15,,,CONT_AWD_80GSFC22CA003_8000_-NONE-_-NONE-,80GSFC22CA003,,,,2021-10-01,2022,2025-09-03,2025,2021-10-01,2027-09-30,,D,DEFINITIVE CONTRACT,,,THIS CONTRACT IS FOR THE SERVICES REQUIRED TO SUPPORT THE ROMAN SPACE TELESCOPE SCIENCE SUPPORT CENTER,080,NATIONAL AERONAUTICS AND SPACE ADMINISTRATION (NASA),8000,NATIONAL AERONAUTICS AND SPACE ADMINISTRATION,80GSFC,NASA GODDARD SPACE FLIGHT CENTER,080,NATIONAL AERONAUTICS AND SPACE ADMINISTRATION (NASA),8000,NATIONAL AERONAUTICS AND SPACE ADMINISTRATION,80GSFC,NASA GODDARD SPACE FLIGHT CENTER,U2JMKHNS5TG4,,CALIFORNIA INSTITUTE OF TECHNOLOGY,CALIFORNIA INSTITUTE OF TECHNOLOGY,U2JMKHNS5TG4,U2JMKHNS5TG4,CALIFORNIA INSTITUTE OF TECHNOLOGY,CALIFORNIA INSTITUTE OF TECHNOLOGY,USA,CA,LOS ANGELES,PASADENA,CA-28,CA-28,911250001,UNITED STATES,CALIFORNIA,LOS ANGELES,CA-28,CA-28,911098001,,,AR15,"SPACE R&D SVCS; SPACE FLIGHT, RESEARCH & SUPPORTING ACTIVITIES; R&D FACILITIES & MAJ EQUIP",541715,"RESEARCH AND DEVELOPMENT IN THE PHYSICAL, ENGINEERING, AND LIFE SCIENCES (EXCEPT NANOTECHNOLOGY AND BIOTECHNOLOGY)",,,https://www.usaspending.gov/award/CONT_AWD_80GSFC22CA003_8000_-NONE-_-NONE-/,2024-09-30
National Aeronautics and Space Administration,National Aeronautics and Space Administration,FY2024P11,,080,2024,2025,,0120,000,080-2024/2025-0120-000,"Science, National Aeronautics and Space Administration",National Aeronautics and Space Administration,,"General Science, Space, and Technology","Space flight, research, and supporting activities",080-0120,"Science, National Aeronautics and Space Administration",0001,SCIENCE (DIRECT),25.5,Research and development contracts,D,Q,Not Designated Nonemergency/Emergency/Disaster/Wildfire Suppression,1493371.00,,,,CONT_AWD_80GSFC22CA003_8000_-NONE-_-NONE-,80GSFC22CA003,,,,2021-10-01,2022,2025-09-03,2025,2021-10-01,2027-09-30,,D,DEFINITIVE CONTRACT,,,THIS CONTRACT IS FOR THE SERVICES REQUIRED TO SUPPORT THE ROMAN SPACE TELESCOPE SCIENCE SUPPORT CENTER,080,NATIONAL AERONAUTICS AND SPACE ADMINISTRATION (NASA),8000,NATIONAL AERONAUTICS AND SPACE ADMINISTRATION,80GSFC,NASA GODDARD SPACE FLIGHT CENTER,080,NATIONAL AERONAUTICS AND SPACE ADMINISTRATION (NASA),8000,NATIONAL AERONAUTICS AND SPACE ADMINISTRATION,80GSFC,NASA GODDARD SPACE FLIGHT CENTER,U2JMKHNS5TG4,,CALIFORNIA INSTITUTE OF TECHNOLOGY,CALIFORNIA INSTITUTE OF TECHNOLOGY,U2JMKHNS5TG4,U2JMKHNS5TG4,CALIFORNIA INSTITUTE OF TECHNOLOGY,CALIFORNIA INSTITUTE OF TECHNOLOGY,USA,CA,LOS ANGELES,PASADENA,CA-28,CA-28,911250001,UNITED STATES,CALIFORNIA,LOS ANGELES,CA-28,CA-28,911098001,,,AR15,"SPACE R&D SVCS; SPACE FLIGHT, RESEARCH & SUPPORTING ACTIVITIES; R&D FACILITIES & MAJ EQUIP",541715,"RESEARCH AND DEVELOPMENT IN THE PHYSICAL, ENGINEERING, AND LIFE SCIENCES (EXCEPT NANOTECHNOLOGY AND BIOTECHNOLOGY)",,,https://www.usaspending.gov/award/CONT_AWD_80GSFC22CA003_8000_-NONE-_-NONE-/,2024-09-30
National Aeronautics and Space Administration,National Aeronautics and Space Administration,FY2024P12,,080,2024,2025,,0120,000,080-2024/2025-0120-000,"Science, National Aeronautics and Space Administration",National Aeronautics and Space Administration,,"General Science, Space, and Technology","Space flight, research, and supporting activities",080-0120,"Science, National Aeronautics and Space Administration",0001,SCIENCE (DIRECT),25.5,Research and development contracts,D,Q,Not Designated Nonemergency/Emergency/Disaster/Wildfire Suppression,,5282155.59,,,CONT_AWD_80GSFC22CA003_8000_-NONE-_-NONE-,80GSFC22CA003,,,,2021-10-01,2022,2025-09-03,2025,2021-10-01,2027-09-30,,D,DEFINITIVE CONTRACT,,,THIS CONTRACT IS FOR THE SERVICES REQUIRED TO SUPPORT THE ROMAN SPACE TELESCOPE SCIENCE SUPPORT CENTER,080,NATIONAL AERONAUTICS AND SPACE ADMINISTRATION (NASA),8000,NATIONAL AERONAUTICS AND SPACE ADMINISTRATION,80GSFC,NASA GODDARD SPACE FLIGHT CENTER,080,NATIONAL AERONAUTICS AND SPACE ADMINISTRATION (NASA),8000,NATIONAL AERONAUTICS AND SPACE ADMINISTRATION,80GSFC,NASA GODDARD SPACE FLIGHT CENTER,U2JMKHNS5TG4,,CALIFORNIA INSTITUTE OF TECHNOLOGY,CALIFORNIA INSTITUTE OF TECHNOLOGY,U2JMKHNS5TG4,U2JMKHNS5TG4,CALIFORNIA INSTITUTE OF TECHNOLOGY,CALIFORNIA INSTITUTE OF TECHNOLOGY,USA,CA,LOS ANGELES,PASADENA,CA-28,CA-28,911250001,UNITED STATES,CALIFORNIA,LOS ANGELES,CA-28,CA-28,911098001,,,AR15,"SPACE R&D SVCS; SPACE FLIGHT, RESEARCH & SUPPORTING ACTIVITIES; R&D FACILITIES & MAJ EQUIP",541715,"RESEARCH AND DEVELOPMENT IN THE PHYSICAL, ENGINEERING, AND LIFE SCIENCES (EXCEPT NANOTECHNOLOGY AND BIOTECHNOLOGY)",,,https://www.usaspending.gov/award/CONT_AWD_80GSFC22CA003_8000_-NONE-_-NONE-/,2024-11-07
National Aeronautics and Space Administration,National Aeronautics and Space Administration,FY2024P12,,080,2024,2025,,0120,000,080-2024/2025-0120-000,"Science, National Aeronautics and Space Administration",National Aeronautics and Space Administration,,"General Science, Space, and Technology","Space flight, research, and supporting activities",080-0120,"Science, National Aeronautics and Space Administration",0001,SCIENCE (DIRECT),25.5,Research and development contracts,D,Q,Not Designated Nonemergency/Emergency/Disaster/Wildfire Suppression,1000000.00,,,,CONT_AWD_80GSFC22CA003_8000_-NONE-_-NONE-,80GSFC22CA003,,,,2021-10-01,2022,2025-09-03,2025,2021-10-01,2027-09-30,,D,DEFINITIVE CONTRACT,,,THIS CONTRACT IS FOR THE SERVICES REQUIRED TO SUPPORT THE ROMAN SPACE TELESCOPE SCIENCE SUPPORT CENTER,080,NATIONAL AERONAUTICS AND SPACE ADMINISTRATION (NASA),8000,NATIONAL AERONAUTICS AND SPACE ADMINISTRATION,80GSFC,NASA GODDARD SPACE FLIGHT CENTER,080,NATIONAL AERONAUTICS AND SPACE ADMINISTRATION (NASA),8000,NATIONAL AERONAUTICS AND SPACE ADMINISTRATION,80GSFC,NASA GODDARD SPACE FLIGHT CENTER,U2JMKHNS5TG4,,CALIFORNIA INSTITUTE OF TECHNOLOGY,CALIFORNIA INSTITUTE OF TECHNOLOGY,U2JMKHNS5TG4,U2JMKHNS5TG4,CALIFORNIA INSTITUTE OF TECHNOLOGY,CALIFORNIA INSTITUTE OF TECHNOLOGY,USA,CA,LOS ANGELES,PASADENA,CA-28,CA-28,911250001,UNITED STATES,CALIFORNIA,LOS ANGELES,CA-28,CA-28,911098001,,,AR15,"SPACE R&D SVCS; SPACE FLIGHT, RESEARCH & SUPPORTING ACTIVITIES; R&D FACILITIES & MAJ EQUIP",541715,"RESEARCH AND DEVELOPMENT IN THE PHYSICAL, ENGINEERING, AND LIFE SCIENCES (EXCEPT NANOTECHNOLOGY AND BIOTECHNOLOGY)",,,https://www.usaspending.gov/award/CONT_AWD_80GSFC22CA003_8000_-NONE-_-NONE-/,2024-11-07
National Aeronautics and Space Administration,National Aeronautics and Space Administration,FY2024P12,,080,2023,2024,,0120,000,080-2023/2024-0120-000,"Science, National Aeronautics and Space Administration",National Aeronautics and Space Administration,,"General Science, Space, and Technology","Space flight, research, and supporting activities",080-0120,"Science, National Aeronautics and Space Administration",0001,SCIENCE (DIRECT),25.5,Research and development contracts,D,Q,Not Designated Nonemergency/Emergency/Disaster/Wildfire Suppression,,3909293.99,,,CONT_AWD_80GSFC22CA003_8000_-NONE-_-NONE-,80GSFC22CA003,,,,2021-10-01,2022,2025-09-03,2025,2021-10-01,2027-09-30,,D,DEFINITIVE CONTRACT,,,THIS CONTRACT IS FOR THE SERVICES REQUIRED TO SUPPORT THE ROMAN SPACE TELESCOPE SCIENCE SUPPORT CENTER,080,NATIONAL AERONAUTICS AND SPACE ADMINISTRATION (NASA),8000,NATIONAL AERONAUTICS AND SPACE ADMINISTRATION,80GSFC,NASA GODDARD SPACE FLIGHT CENTER,080,NATIONAL AERONAUTICS AND SPACE ADMINISTRATION (NASA),8000,NATIONAL AERONAUTICS AND SPACE ADMINISTRATION,80GSFC,NASA GODDARD SPACE FLIGHT CENTER,U2JMKHNS5TG4,,CALIFORNIA INSTITUTE OF TECHNOLOGY,CALIFORNIA INSTITUTE OF TECHNOLOGY,U2JMKHNS5TG4,U2JMKHNS5TG4,CALIFORNIA INSTITUTE OF TECHNOLOGY,CALIFORNIA INSTITUTE OF TECHNOLOGY,USA,CA,LOS ANGELES,PASADENA,CA-28,CA-28,911250001,UNITED STATES,CALIFORNIA,LOS ANGELES,CA-28,CA-28,911098001,,,AR15,"SPACE R&D SVCS; SPACE FLIGHT, RESEARCH & SUPPORTING ACTIVITIES; R&D FACILITIES & MAJ EQUIP",541715,"RESEARCH AND DEVELOPMENT IN THE PHYSICAL, ENGINEERING, AND LIFE SCIENCES (EXCEPT NANOTECHNOLOGY AND BIOTECHNOLOGY)",,,https://www.usaspending.gov/award/CONT_AWD_80GSFC22CA003_8000_-NONE-_-NONE-/,2024-11-07
National Aeronautics and Space Administration,National Aeronautics and Space Administration,FY2025P02,,080,2024,2025,,0120,000,080-2024/2025-0120-000,"Science, National Aeronautics and Space Administration",National Aeronautics and Space Administration,,"General Science, Space, and Technology","Space flight, research, and supporting activities",080-0120,"Science, National Aeronautics and Space Administration",0001,SCIENCE (DIRECT),25.5,Research and development contracts,D,Q,Not Designated Nonemergency/Emergency/Disaster/Wildfire Suppression,,1431938.22,0.00,0.00,CONT_AWD_80GSFC22CA003_8000_-NONE-_-NONE-,80GSFC22CA003,,,,2021-10-01,2022,2025-09-03,2025,2021-10-01,2027-09-30,,D,DEFINITIVE CONTRACT,,,THIS CONTRACT IS FOR THE SERVICES REQUIRED TO SUPPORT THE ROMAN SPACE TELESCOPE SCIENCE SUPPORT CENTER,080,NATIONAL AERONAUTICS AND SPACE ADMINISTRATION (NASA),8000,NATIONAL AERONAUTICS AND SPACE ADMINISTRATION,80GSFC,NASA GODDARD SPACE FLIGHT CENTER,080,NATIONAL AERONAUTICS AND SPACE ADMINISTRATION (NASA),8000,NATIONAL AERONAUTICS AND SPACE ADMINISTRATION,80GSFC,NASA GODDARD SPACE FLIGHT CENTER,U2JMKHNS5TG4,,CALIFORNIA INSTITUTE OF TECHNOLOGY,CALIFORNIA INSTITUTE OF TECHNOLOGY,U2JMKHNS5TG4,U2JMKHNS5TG4,CALIFORNIA INSTITUTE OF TECHNOLOGY,CALIFORNIA INSTITUTE OF TECHNOLOGY,USA,CA,LOS ANGELES,PASADENA,CA-28,CA-28,911250001,UNITED STATES,CALIFORNIA,LOS ANGELES,CA-28,CA-28,911098001,,,AR15,"SPACE R&D SVCS; SPACE FLIGHT, RESEARCH & SUPPORTING ACTIVITIES; R&D FACILITIES & MAJ EQUIP",541715,"RESEARCH AND DEVELOPMENT IN THE PHYSICAL, ENGINEERING, AND LIFE SCIENCES (EXCEPT NANOTECHNOLOGY AND BIOTECHNOLOGY)",,,https://www.usaspending.gov/award/CONT_AWD_80GSFC22CA003_8000_-NONE-_-NONE-/,2024-12-20
National Aeronautics and Space Administration,National Aeronautics and Space Administration,FY2025P02,,080,2025,2026,,0120,000,080-2025/2026-0120-000,"Science, National Aeronautics and Space Administration",National Aeronautics and Space Administration,,"General Science, Space, and Technology","Space flight, research, and supporting activities",080-0120,"Science, National Aeronautics and Space Administration",0001,SCIENCE (DIRECT),25.5,Research and development contracts,D,Q,Not Designated Nonemergency/Emergency/Disaster/Wildfire Suppression,1638580.00,,,,CONT_AWD_80GSFC22CA003_8000_-NONE-_-NONE-,80GSFC22CA003,,,,2021-10-01,2022,2025-09-03,2025,2021-10-01,2027-09-30,,D,DEFINITIVE CONTRACT,,,THIS CONTRACT IS FOR THE SERVICES REQUIRED TO SUPPORT THE ROMAN SPACE TELESCOPE SCIENCE SUPPORT CENTER,080,NATIONAL AERONAUTICS AND SPACE ADMINISTRATION (NASA),8000,NATIONAL AERONAUTICS AND SPACE ADMINISTRATION,80GSFC,NASA GODDARD SPACE FLIGHT CENTER,080,NATIONAL AERONAUTICS AND SPACE ADMINISTRATION (NASA),8000,NATIONAL AERONAUTICS AND SPACE ADMINISTRATION,80GSFC,NASA GODDARD SPACE FLIGHT CENTER,U2JMKHNS5TG4,,CALIFORNIA INSTITUTE OF TECHNOLOGY,CALIFORNIA INSTITUTE OF TECHNOLOGY,U2JMKHNS5TG4,U2JMKHNS5TG4,CALIFORNIA INSTITUTE OF TECHNOLOGY,CALIFORNIA INSTITUTE OF TECHNOLOGY,USA,CA,LOS ANGELES,PASADENA,CA-28,CA-28,911250001,UNITED STATES,CALIFORNIA,LOS ANGELES,CA-28,CA-28,911098001,,,AR15,"SPACE R&D SVCS; SPACE FLIGHT, RESEARCH & SUPPORTING ACTIVITIES; R&D FACILITIES & MAJ EQUIP",541715,"RESEARCH AND DEVELOPMENT IN THE PHYSICAL, ENGINEERING, AND LIFE SCIENCES (EXCEPT NANOTECHNOLOGY AND BIOTECHNOLOGY)",,,https://www.usaspending.gov/award/CONT_AWD_80GSFC22CA003_8000_-NONE-_-NONE-/,2024-12-20
National Aeronautics and Space Administration,National Aeronautics and Space Administration,FY2025P03,,080,2024,2025,,0120,000,080-2024/2025-0120-000,"Science, National Aeronautics and Space Administration",National Aeronautics and Space Administration,,"General Science, Space, and Technology","Space flight, research, and supporting activities",080-0120,"Science, National Aeronautics and Space Administration",0001,SCIENCE (DIRECT),25.5,Research and development contracts,D,Q,Not Designated Nonemergency/Emergency/Disaster/Wildfire Suppression,,2179387.87,0.00,0.00,CONT_AWD_80GSFC22CA003_8000_-NONE-_-NONE-,80GSFC22CA003,,,,2021-10-01,2022,2025-09-03,2025,2021-10-01,2027-09-30,,D,DEFINITIVE CONTRACT,,,THIS CONTRACT IS FOR THE SERVICES REQUIRED TO SUPPORT THE ROMAN SPACE TELESCOPE SCIENCE SUPPORT CENTER,080,NATIONAL AERONAUTICS AND SPACE ADMINISTRATION (NASA),8000,NATIONAL AERONAUTICS AND SPACE ADMINISTRATION,80GSFC,NASA GODDARD SPACE FLIGHT CENTER,080,NATIONAL AERONAUTICS AND SPACE ADMINISTRATION (NASA),8000,NATIONAL AERONAUTICS AND SPACE ADMINISTRATION,80GSFC,NASA GODDARD SPACE FLIGHT CENTER,U2JMKHNS5TG4,,CALIFORNIA INSTITUTE OF TECHNOLOGY,CALIFORNIA INSTITUTE OF TECHNOLOGY,U2JMKHNS5TG4,U2JMKHNS5TG4,CALIFORNIA INSTITUTE OF TECHNOLOGY,CALIFORNIA INSTITUTE OF TECHNOLOGY,USA,CA,LOS ANGELES,PASADENA,CA-28,CA-28,911250001,UNITED STATES,CALIFORNIA,LOS ANGELES,CA-28,CA-28,911098001,,,AR15,"SPACE R&D SVCS; SPACE FLIGHT, RESEARCH & SUPPORTING ACTIVITIES; R&D FACILITIES & MAJ EQUIP",541715,"RESEARCH AND DEVELOPMENT IN THE PHYSICAL, ENGINEERING, AND LIFE SCIENCES (EXCEPT NANOTECHNOLOGY AND BIOTECHNOLOGY)",,,https://www.usaspending.gov/award/CONT_AWD_80GSFC22CA003_8000_-NONE-_-NONE-/,2025-01-29
National Aeronautics and Space Administration,National Aeronautics and Space Administration,FY2025P04,,080,2024,2025,,0120,000,080-2024/2025-0120-000,"Science, National Aeronautics and Space Administration",National Aeronautics and Space Administration,,"General Science, Space, and Technology","Space flight, research, and supporting activities",080-0120,"Science, National Aeronautics and Space Administration",0001,SCIENCE (DIRECT),25.5,Research and development contracts,D,Q,Not Designated Nonemergency/Emergency/Disaster/Wildfire Suppression,,2851939.05,0.00,0.00,CONT_AWD_80GSFC22CA003_8000_-NONE-_-NONE-,80GSFC22CA003,,,,2021-10-01,2022,2025-09-03,2025,2021-10-01,2027-09-30,,D,DEFINITIVE CONTRACT,,,THIS CONTRACT IS FOR THE SERVICES REQUIRED TO SUPPORT THE ROMAN SPACE TELESCOPE SCIENCE SUPPORT CENTER,080,NATIONAL AERONAUTICS AND SPACE ADMINISTRATION (NASA),8000,NATIONAL AERONAUTICS AND SPACE ADMINISTRATION,80GSFC,NASA GODDARD SPACE FLIGHT CENTER,080,NATIONAL AERONAUTICS AND SPACE ADMINISTRATION (NASA),8000,NATIONAL AERONAUTICS AND SPACE ADMINISTRATION,80GSFC,NASA GODDARD SPACE FLIGHT CENTER,U2JMKHNS5TG4,,CALIFORNIA INSTITUTE OF TECHNOLOGY,CALIFORNIA INSTITUTE OF TECHNOLOGY,U2JMKHNS5TG4,U2JMKHNS5TG4,CALIFORNIA INSTITUTE OF TECHNOLOGY,CALIFORNIA INSTITUTE OF TECHNOLOGY,USA,CA,LOS ANGELES,PASADENA,CA-28,CA-28,911250001,UNITED STATES,CALIFORNIA,LOS ANGELES,CA-28,CA-28,911098001,,,AR15,"SPACE R&D SVCS; SPACE FLIGHT, RESEARCH & SUPPORTING ACTIVITIES; R&D FACILITIES & MAJ EQUIP",541715,"RESEARCH AND DEVELOPMENT IN THE PHYSICAL, ENGINEERING, AND LIFE SCIENCES (EXCEPT NANOTECHNOLOGY AND BIOTECHNOLOGY)",,,https://www.usaspending.gov/award/CONT_AWD_80GSFC22CA003_8000_-NONE-_-NONE-/,2025-02-28
National Aeronautics and Space Administration,National Aeronautics and Space Administration,FY2025P04,,080,2025,2026,,0120,000,080-2025/2026-0120-000,"Science, National Aeronautics and Space Administration",National Aeronautics and Space Administration,,"General Science, Space, and Technology","Space flight, research, and supporting activities",080-0120,"Science, National Aeronautics and Space Administration",0001,SCIENCE (DIRECT),25.5,Research and development contracts,D,Q,Not Designated Nonemergency/Emergency/Disaster/Wildfire Suppression,1758383.00,,,,CONT_AWD_80GSFC22CA003_8000_-NONE-_-NONE-,80GSFC22CA003,,,,2021-10-01,2022,2025-09-03,2025,2021-10-01,2027-09-30,,D,DEFINITIVE CONTRACT,,,THIS CONTRACT IS FOR THE SERVICES REQUIRED TO SUPPORT THE ROMAN SPACE TELESCOPE SCIENCE SUPPORT CENTER,080,NATIONAL AERONAUTICS AND SPACE ADMINISTRATION (NASA),8000,NATIONAL AERONAUTICS AND SPACE ADMINISTRATION,80GSFC,NASA GODDARD SPACE FLIGHT CENTER,080,NATIONAL AERONAUTICS AND SPACE ADMINISTRATION (NASA),8000,NATIONAL AERONAUTICS AND SPACE ADMINISTRATION,80GSFC,NASA GODDARD SPACE FLIGHT CENTER,U2JMKHNS5TG4,,CALIFORNIA INSTITUTE OF TECHNOLOGY,CALIFORNIA INSTITUTE OF TECHNOLOGY,U2JMKHNS5TG4,U2JMKHNS5TG4,CALIFORNIA INSTITUTE OF TECHNOLOGY,CALIFORNIA INSTITUTE OF TECHNOLOGY,USA,CA,LOS ANGELES,PASADENA,CA-28,CA-28,911250001,UNITED STATES,CALIFORNIA,LOS ANGELES,CA-28,CA-28,911098001,,,AR15,"SPACE R&D SVCS; SPACE FLIGHT, RESEARCH & SUPPORTING ACTIVITIES; R&D FACILITIES & MAJ EQUIP",541715,"RESEARCH AND DEVELOPMENT IN THE PHYSICAL, ENGINEERING, AND LIFE SCIENCES (EXCEPT NANOTECHNOLOGY AND BIOTECHNOLOGY)",,,https://www.usaspending.gov/award/CONT_AWD_80GSFC22CA003_8000_-NONE-_-NONE-/,2025-02-28
National Aeronautics and Space Administration,National Aeronautics and Space Administration,FY2025P05,,080,2024,2025,,0120,000,080-2024/2025-0120-000,"Science, National Aeronautics and Space Administration",National Aeronautics and Space Administration,,"General Science, Space, and Technology","Space flight, research, and supporting activities",080-0120,"Science, National Aeronautics and Space Administration",0001,SCIENCE (DIRECT),25.5,Research and development contracts,D,Q,Not Designated Nonemergency/Emergency/Disaster/Wildfire Suppression,,2917844.41,0.00,0.00,CONT_AWD_80GSFC22CA003_8000_-NONE-_-NONE-,80GSFC22CA003,,,,2021-10-01,2022,2025-09-03,2025,2021-10-01,2027-09-30,,D,DEFINITIVE CONTRACT,,,THIS CONTRACT IS FOR THE SERVICES REQUIRED TO SUPPORT THE ROMAN SPACE TELESCOPE SCIENCE SUPPORT CENTER,080,NATIONAL AERONAUTICS AND SPACE ADMINISTRATION (NASA),8000,NATIONAL AERONAUTICS AND SPACE ADMINISTRATION,80GSFC,NASA GODDARD SPACE FLIGHT CENTER,080,NATIONAL AERONAUTICS AND SPACE ADMINISTRATION (NASA),8000,NATIONAL AERONAUTICS AND SPACE ADMINISTRATION,80GSFC,NASA GODDARD SPACE FLIGHT CENTER,U2JMKHNS5TG4,,CALIFORNIA INSTITUTE OF TECHNOLOGY,CALIFORNIA INSTITUTE OF TECHNOLOGY,U2JMKHNS5TG4,U2JMKHNS5TG4,CALIFORNIA INSTITUTE OF TECHNOLOGY,CALIFORNIA INSTITUTE OF TECHNOLOGY,USA,CA,LOS ANGELES,PASADENA,CA-28,CA-28,911250001,UNITED STATES,CALIFORNIA,LOS ANGELES,CA-28,CA-28,911098001,,,AR15,"SPACE R&D SVCS; SPACE FLIGHT, RESEARCH & SUPPORTING ACTIVITIES; R&D FACILITIES & MAJ EQUIP",541715,"RESEARCH AND DEVELOPMENT IN THE PHYSICAL, ENGINEERING, AND LIFE SCIENCES (EXCEPT NANOTECHNOLOGY AND BIOTECHNOLOGY)",,,https://www.usaspending.gov/award/CONT_AWD_80GSFC22CA003_8000_-NONE-_-NONE-/,2025-03-31
National Aeronautics and Space Administration,National Aeronautics and Space Administration,FY2025P05,,080,2025,2026,,0120,000,080-2025/2026-0120-000,"Science, National Aeronautics and Space Administration",National Aeronautics and Space Administration,,"General Science, Space, and Technology","Space flight, research, and supporting activities",080-0120,"Science, National Aeronautics and Space Administration",0001,SCIENCE (DIRECT),25.5,Research and development contracts,D,Q,Not Designated Nonemergency/Emergency/Disaster/Wildfire Suppression,,807722.16,0.00,0.00,CONT_AWD_80GSFC22CA003_8000_-NONE-_-NONE-,80GSFC22CA003,,,,2021-10-01,2022,2025-09-03,2025,2021-10-01,2027-09-30,,D,DEFINITIVE CONTRACT,,,THIS CONTRACT IS FOR THE SERVICES REQUIRED TO SUPPORT THE ROMAN SPACE TELESCOPE SCIENCE SUPPORT CENTER,080,NATIONAL AERONAUTICS AND SPACE ADMINISTRATION (NASA),8000,NATIONAL AERONAUTICS AND SPACE ADMINISTRATION,80GSFC,NASA GODDARD SPACE FLIGHT CENTER,080,NATIONAL AERONAUTICS AND SPACE ADMINISTRATION (NASA),8000,NATIONAL AERONAUTICS AND SPACE ADMINISTRATION,80GSFC,NASA GODDARD SPACE FLIGHT CENTER,U2JMKHNS5TG4,,CALIFORNIA INSTITUTE OF TECHNOLOGY,CALIFORNIA INSTITUTE OF TECHNOLOGY,U2JMKHNS5TG4,U2JMKHNS5TG4,CALIFORNIA INSTITUTE OF TECHNOLOGY,CALIFORNIA INSTITUTE OF TECHNOLOGY,USA,CA,LOS ANGELES,PASADENA,CA-28,CA-28,911250001,UNITED STATES,CALIFORNIA,LOS ANGELES,CA-28,CA-28,911098001,,,AR15,"SPACE R&D SVCS; SPACE FLIGHT, RESEARCH & SUPPORTING ACTIVITIES; R&D FACILITIES & MAJ EQUIP",541715,"RESEARCH AND DEVELOPMENT IN THE PHYSICAL, ENGINEERING, AND LIFE SCIENCES (EXCEPT NANOTECHNOLOGY AND BIOTECHNOLOGY)",,,https://www.usaspending.gov/award/CONT_AWD_80GSFC22CA003_8000_-NONE-_-NONE-/,2025-03-31
National Aeronautics and Space Administration,National Aeronautics and Space Administration,FY2025P05,,080,2025,2026,,0120,000,080-2025/2026-0120-000,"Science, National Aeronautics and Space Administration",National Aeronautics and Space Administration,,"General Science, Space, and Technology","Space flight, research, and supporting activities",080-0120,"Science, National Aeronautics and Space Administration",0001,SCIENCE (DIRECT),25.5,Research and development contracts,D,Q,Not Designated Nonemergency/Emergency/Disaster/Wildfire Suppression,750000.00,,,,CONT_AWD_80GSFC22CA003_8000_-NONE-_-NONE-,80GSFC22CA003,,,,2021-10-01,2022,2025-09-03,2025,2021-10-01,2027-09-30,,D,DEFINITIVE CONTRACT,,,THIS CONTRACT IS FOR THE SERVICES REQUIRED TO SUPPORT THE ROMAN SPACE TELESCOPE SCIENCE SUPPORT CENTER,080,NATIONAL AERONAUTICS AND SPACE ADMINISTRATION (NASA),8000,NATIONAL AERONAUTICS AND SPACE ADMINISTRATION,80GSFC,NASA GODDARD SPACE FLIGHT CENTER,080,NATIONAL AERONAUTICS AND SPACE ADMINISTRATION (NASA),8000,NATIONAL AERONAUTICS AND SPACE ADMINISTRATION,80GSFC,NASA GODDARD SPACE FLIGHT CENTER,U2JMKHNS5TG4,,CALIFORNIA INSTITUTE OF TECHNOLOGY,CALIFORNIA INSTITUTE OF TECHNOLOGY,U2JMKHNS5TG4,U2JMKHNS5TG4,CALIFORNIA INSTITUTE OF TECHNOLOGY,CALIFORNIA INSTITUTE OF TECHNOLOGY,USA,CA,LOS ANGELES,PASADENA,CA-28,CA-28,911250001,UNITED STATES,CALIFORNIA,LOS ANGELES,CA-28,CA-28,911098001,,,AR15,"SPACE R&D SVCS; SPACE FLIGHT, RESEARCH & SUPPORTING ACTIVITIES; R&D FACILITIES & MAJ EQUIP",541715,"RESEARCH AND DEVELOPMENT IN THE PHYSICAL, ENGINEERING, AND LIFE SCIENCES (EXCEPT NANOTECHNOLOGY AND BIOTECHNOLOGY)",,,https://www.usaspending.gov/award/CONT_AWD_80GSFC22CA003_8000_-NONE-_-NONE-/,2025-03-31
National Aeronautics and Space Administration,National Aeronautics and Space Administration,FY2025P05,,080,2025,2026,,0120,000,080-2025/2026-0120-000,"Science, National Aeronautics and Space Administration",National Aeronautics and Space Administration,,"General Science, Space, and Technology","Space flight, research, and supporting activities",080-0120,"Science, National Aeronautics and Space Administration",0001,SCIENCE (DIRECT),25.5,Research and development contracts,D,Q,Not Designated Nonemergency/Emergency/Disaster/Wildfire Suppression,200000.00,,,,CONT_AWD_80GSFC22CA003_8000_-NONE-_-NONE-,80GSFC22CA003,,,,2021-10-01,2022,2025-09-03,2025,2021-10-01,2027-09-30,,D,DEFINITIVE CONTRACT,,,THIS CONTRACT IS FOR THE SERVICES REQUIRED TO SUPPORT THE ROMAN SPACE TELESCOPE SCIENCE SUPPORT CENTER,080,NATIONAL AERONAUTICS AND SPACE ADMINISTRATION (NASA),8000,NATIONAL AERONAUTICS AND SPACE ADMINISTRATION,80GSFC,NASA GODDARD SPACE FLIGHT CENTER,080,NATIONAL AERONAUTICS AND SPACE ADMINISTRATION (NASA),8000,NATIONAL AERONAUTICS AND SPACE ADMINISTRATION,80GSFC,NASA GODDARD SPACE FLIGHT CENTER,U2JMKHNS5TG4,,CALIFORNIA INSTITUTE OF TECHNOLOGY,CALIFORNIA INSTITUTE OF TECHNOLOGY,U2JMKHNS5TG4,U2JMKHNS5TG4,CALIFORNIA INSTITUTE OF TECHNOLOGY,CALIFORNIA INSTITUTE OF TECHNOLOGY,USA,CA,LOS ANGELES,PASADENA,CA-28,CA-28,911250001,UNITED STATES,CALIFORNIA,LOS ANGELES,CA-28,CA-28,911098001,,,AR15,"SPACE R&D SVCS; SPACE FLIGHT, RESEARCH & SUPPORTING ACTIVITIES; R&D FACILITIES & MAJ EQUIP",541715,"RESEARCH AND DEVELOPMENT IN THE PHYSICAL, ENGINEERING, AND LIFE SCIENCES (EXCEPT NANOTECHNOLOGY AND BIOTECHNOLOGY)",,,https://www.usaspending.gov/award/CONT_AWD_80GSFC22CA003_8000_-NONE-_-NONE-/,2025-03-31
National Aeronautics and Space Administration,National Aeronautics and Space Administration,FY2025P06,,080,2025,2026,,0120,000,080-2025/2026-0120-000,"Science, National Aeronautics and Space Administration",National Aeronautics and Space Administration,,"General Science, Space, and Technology","Space flight, research, and supporting activities",080-0120,"Science, National Aeronautics and Space Administration",0001,SCIENCE (DIRECT),25.5,Research and development contracts,D,Q,Not Designated Nonemergency/Emergency/Disaster/Wildfire Suppression,,807722.16,0.00,0.00,CONT_AWD_80GSFC22CA003_8000_-NONE-_-NONE-,80GSFC22CA003,,,,2021-10-01,2022,2025-09-03,2025,2021-10-01,2027-09-30,,D,DEFINITIVE CONTRACT,,,THIS CONTRACT IS FOR THE SERVICES REQUIRED TO SUPPORT THE ROMAN SPACE TELESCOPE SCIENCE SUPPORT CENTER,080,NATIONAL AERONAUTICS AND SPACE ADMINISTRATION (NASA),8000,NATIONAL AERONAUTICS AND SPACE ADMINISTRATION,80GSFC,NASA GODDARD SPACE FLIGHT CENTER,080,NATIONAL AERONAUTICS AND SPACE ADMINISTRATION (NASA),8000,NATIONAL AERONAUTICS AND SPACE ADMINISTRATION,80GSFC,NASA GODDARD SPACE FLIGHT CENTER,U2JMKHNS5TG4,,CALIFORNIA INSTITUTE OF TECHNOLOGY,CALIFORNIA INSTITUTE OF TECHNOLOGY,U2JMKHNS5TG4,U2JMKHNS5TG4,CALIFORNIA INSTITUTE OF TECHNOLOGY,CALIFORNIA INSTITUTE OF TECHNOLOGY,USA,CA,LOS ANGELES,PASADENA,CA-28,CA-28,911250001,UNITED STATES,CALIFORNIA,LOS ANGELES,CA-28,CA-28,911098001,,,AR15,"SPACE R&D SVCS; SPACE FLIGHT, RESEARCH & SUPPORTING ACTIVITIES; R&D FACILITIES & MAJ EQUIP",541715,"RESEARCH AND DEVELOPMENT IN THE PHYSICAL, ENGINEERING, AND LIFE SCIENCES (EXCEPT NANOTECHNOLOGY AND BIOTECHNOLOGY)",,,https://www.usaspending.gov/award/CONT_AWD_80GSFC22CA003_8000_-NONE-_-NONE-/,2025-04-24
National Aeronautics and Space Administration,National Aeronautics and Space Administration,FY2025P06,,080,2024,2025,,0120,000,080-2024/2025-0120-000,"Science, National Aeronautics and Space Administration",National Aeronautics and Space Administration,,"General Science, Space, and Technology","Space flight, research, and supporting activities",080-0120,"Science, National Aeronautics and Space Administration",0001,SCIENCE (DIRECT),25.5,Research and development contracts,D,Q,Not Designated Nonemergency/Emergency/Disaster/Wildfire Suppression,,2917844.41,0.00,0.00,CONT_AWD_80GSFC22CA003_8000_-NONE-_-NONE-,80GSFC22CA003,,,,2021-10-01,2022,2025-09-03,2025,2021-10-01,2027-09-30,,D,DEFINITIVE CONTRACT,,,THIS CONTRACT IS FOR THE SERVICES REQUIRED TO SUPPORT THE ROMAN SPACE TELESCOPE SCIENCE SUPPORT CENTER,080,NATIONAL AERONAUTICS AND SPACE ADMINISTRATION (NASA),8000,NATIONAL AERONAUTICS AND SPACE ADMINISTRATION,80GSFC,NASA GODDARD SPACE FLIGHT CENTER,080,NATIONAL AERONAUTICS AND SPACE ADMINISTRATION (NASA),8000,NATIONAL AERONAUTICS AND SPACE ADMINISTRATION,80GSFC,NASA GODDARD SPACE FLIGHT CENTER,U2JMKHNS5TG4,,CALIFORNIA INSTITUTE OF TECHNOLOGY,CALIFORNIA INSTITUTE OF TECHNOLOGY,U2JMKHNS5TG4,U2JMKHNS5TG4,CALIFORNIA INSTITUTE OF TECHNOLOGY,CALIFORNIA INSTITUTE OF TECHNOLOGY,USA,CA,LOS ANGELES,PASADENA,CA-28,CA-28,911250001,UNITED STATES,CALIFORNIA,LOS ANGELES,CA-28,CA-28,911098001,,,AR15,"SPACE R&D SVCS; SPACE FLIGHT, RESEARCH & SUPPORTING ACTIVITIES; R&D FACILITIES & MAJ EQUIP",541715,"RESEARCH AND DEVELOPMENT IN THE PHYSICAL, ENGINEERING, AND LIFE SCIENCES (EXCEPT NANOTECHNOLOGY AND BIOTECHNOLOGY)",,,https://www.usaspending.gov/award/CONT_AWD_80GSFC22CA003_8000_-NONE-_-NONE-/,2025-04-24
National Aeronautics and Space Administration,National Aeronautics and Space Administration,FY2025P07,,080,2025,2026,,0120,000,080-2025/2026-0120-000,"Science, National Aeronautics and Space Administration",National Aeronautics and Space Administration,,"General Science, Space, and Technology","Space flight, research, and supporting activities",080-0120,"Science, National Aeronautics and Space Administration",0001,SCIENCE (DIRECT),25.5,Research and development contracts,D,Q,Not Designated Nonemergency/Emergency/Disaster/Wildfire Suppression,,2386434.50,0.00,0.00,CONT_AWD_80GSFC22CA003_8000_-NONE-_-NONE-,80GSFC22CA003,,,,2021-10-01,2022,2025-09-03,2025,2021-10-01,2027-09-30,,D,DEFINITIVE CONTRACT,,,THIS CONTRACT IS FOR THE SERVICES REQUIRED TO SUPPORT THE ROMAN SPACE TELESCOPE SCIENCE SUPPORT CENTER,080,NATIONAL AERONAUTICS AND SPACE ADMINISTRATION (NASA),8000,NATIONAL AERONAUTICS AND SPACE ADMINISTRATION,80GSFC,NASA GODDARD SPACE FLIGHT CENTER,080,NATIONAL AERONAUTICS AND SPACE ADMINISTRATION (NASA),8000,NATIONAL AERONAUTICS AND SPACE ADMINISTRATION,80GSFC,NASA GODDARD SPACE FLIGHT CENTER,U2JMKHNS5TG4,,CALIFORNIA INSTITUTE OF TECHNOLOGY,CALIFORNIA INSTITUTE OF TECHNOLOGY,U2JMKHNS5TG4,U2JMKHNS5TG4,CALIFORNIA INSTITUTE OF TECHNOLOGY,CALIFORNIA INSTITUTE OF TECHNOLOGY,USA,CA,LOS ANGELES,PASADENA,CA-28,CA-28,911250001,UNITED STATES,CALIFORNIA,LOS ANGELES,CA-28,CA-28,911098001,,,AR15,"SPACE R&D SVCS; SPACE FLIGHT, RESEARCH & SUPPORTING ACTIVITIES; R&D FACILITIES & MAJ EQUIP",541715,"RESEARCH AND DEVELOPMENT IN THE PHYSICAL, ENGINEERING, AND LIFE SCIENCES (EXCEPT NANOTECHNOLOGY AND BIOTECHNOLOGY)",,,https://www.usaspending.gov/award/CONT_AWD_80GSFC22CA003_8000_-NONE-_-NONE-/,2025-05-23
National Aeronautics and Space Administration,National Aeronautics and Space Administration,FY2025P07,,080,2024,2025,,0120,000,080-2024/2025-0120-000,"Science, National Aeronautics and Space Administration",National Aeronautics and Space Administration,,"General Science, Space, and Technology","Space flight, research, and supporting activities",080-0120,"Science, National Aeronautics and Space Administration",0001,SCIENCE (DIRECT),25.5,Research and development contracts,D,Q,Not Designated Nonemergency/Emergency/Disaster/Wildfire Suppression,,2917844.41,0.00,0.00,CONT_AWD_80GSFC22CA003_8000_-NONE-_-NONE-,80GSFC22CA003,,,,2021-10-01,2022,2025-09-03,2025,2021-10-01,2027-09-30,,D,DEFINITIVE CONTRACT,,,THIS CONTRACT IS FOR THE SERVICES REQUIRED TO SUPPORT THE ROMAN SPACE TELESCOPE SCIENCE SUPPORT CENTER,080,NATIONAL AERONAUTICS AND SPACE ADMINISTRATION (NASA),8000,NATIONAL AERONAUTICS AND SPACE ADMINISTRATION,80GSFC,NASA GODDARD SPACE FLIGHT CENTER,080,NATIONAL AERONAUTICS AND SPACE ADMINISTRATION (NASA),8000,NATIONAL AERONAUTICS AND SPACE ADMINISTRATION,80GSFC,NASA GODDARD SPACE FLIGHT CENTER,U2JMKHNS5TG4,,CALIFORNIA INSTITUTE OF TECHNOLOGY,CALIFORNIA INSTITUTE OF TECHNOLOGY,U2JMKHNS5TG4,U2JMKHNS5TG4,CALIFORNIA INSTITUTE OF TECHNOLOGY,CALIFORNIA INSTITUTE OF TECHNOLOGY,USA,CA,LOS ANGELES,PASADENA,CA-28,CA-28,911250001,UNITED STATES,CALIFORNIA,LOS ANGELES,CA-28,CA-28,911098001,,,AR15,"SPACE R&D SVCS; SPACE FLIGHT, RESEARCH & SUPPORTING ACTIVITIES; R&D FACILITIES & MAJ EQUIP",541715,"RESEARCH AND DEVELOPMENT IN THE PHYSICAL, ENGINEERING, AND LIFE SCIENCES (EXCEPT NANOTECHNOLOGY AND BIOTECHNOLOGY)",,,https://www.usaspending.gov/award/CONT_AWD_80GSFC22CA003_8000_-NONE-_-NONE-/,2025-05-23
National Aeronautics and Space Administration,National Aeronautics and Space Administration,FY2025P08,,080,2025,2026,,0120,000,080-2025/2026-0120-000,"Science, National Aeronautics and Space Administration",National Aeronautics and Space Administration,,"General Science, Space, and Technology","Space flight, research, and supporting activities",080-0120,"Science, National Aeronautics and Space Administration",0001,SCIENCE (DIRECT),25.5,Research and development contracts,D,Q,Not Designated Nonemergency/Emergency/Disaster/Wildfire Suppression,,2386434.50,0.00,0.00,CONT_AWD_80GSFC22CA003_8000_-NONE-_-NONE-,80GSFC22CA003,,,,2021-10-01,2022,2025-09-03,2025,2021-10-01,2027-09-30,,D,DEFINITIVE CONTRACT,,,THIS CONTRACT IS FOR THE SERVICES REQUIRED TO SUPPORT THE ROMAN SPACE TELESCOPE SCIENCE SUPPORT CENTER,080,NATIONAL AERONAUTICS AND SPACE ADMINISTRATION (NASA),8000,NATIONAL AERONAUTICS AND SPACE ADMINISTRATION,80GSFC,NASA GODDARD SPACE FLIGHT CENTER,080,NATIONAL AERONAUTICS AND SPACE ADMINISTRATION (NASA),8000,NATIONAL AERONAUTICS AND SPACE ADMINISTRATION,80GSFC,NASA GODDARD SPACE FLIGHT CENTER,U2JMKHNS5TG4,,CALIFORNIA INSTITUTE OF TECHNOLOGY,CALIFORNIA INSTITUTE OF TECHNOLOGY,U2JMKHNS5TG4,U2JMKHNS5TG4,CALIFORNIA INSTITUTE OF TECHNOLOGY,CALIFORNIA INSTITUTE OF TECHNOLOGY,USA,CA,LOS ANGELES,PASADENA,CA-28,CA-28,911250001,UNITED STATES,CALIFORNIA,LOS ANGELES,CA-28,CA-28,911098001,,,AR15,"SPACE R&D SVCS; SPACE FLIGHT, RESEARCH & SUPPORTING ACTIVITIES; R&D FACILITIES & MAJ EQUIP",541715,"RESEARCH AND DEVELOPMENT IN THE PHYSICAL, ENGINEERING, AND LIFE SCIENCES (EXCEPT NANOTECHNOLOGY AND BIOTECHNOLOGY)",,,https://www.usaspending.gov/award/CONT_AWD_80GSFC22CA003_8000_-NONE-_-NONE-/,2025-06-25
National Aeronautics and Space Administration,National Aeronautics and Space Administration,FY2025P08,,080,2025,2026,,0120,000,080-2025/2026-0120-000,"Science, National Aeronautics and Space Administration",National Aeronautics and Space Administration,,"General Science, Space, and Technology","Space flight, research, and supporting activities",080-0120,"Science, National Aeronautics and Space Administration",0001,SCIENCE (DIRECT),25.5,Research and development contracts,D,Q,Not Designated Nonemergency/Emergency/Disaster/Wildfire Suppression,861000.00,,,,CONT_AWD_80GSFC22CA003_8000_-NONE-_-NONE-,80GSFC22CA003,,,,2021-10-01,2022,2025-09-03,2025,2021-10-01,2027-09-30,,D,DEFINITIVE CONTRACT,,,THIS CONTRACT IS FOR THE SERVICES REQUIRED TO SUPPORT THE ROMAN SPACE TELESCOPE SCIENCE SUPPORT CENTER,080,NATIONAL AERONAUTICS AND SPACE ADMINISTRATION (NASA),8000,NATIONAL AERONAUTICS AND SPACE ADMINISTRATION,80GSFC,NASA GODDARD SPACE FLIGHT CENTER,080,NATIONAL AERONAUTICS AND SPACE ADMINISTRATION (NASA),8000,NATIONAL AERONAUTICS AND SPACE ADMINISTRATION,80GSFC,NASA GODDARD SPACE FLIGHT CENTER,U2JMKHNS5TG4,,CALIFORNIA INSTITUTE OF TECHNOLOGY,CALIFORNIA INSTITUTE OF TECHNOLOGY,U2JMKHNS5TG4,U2JMKHNS5TG4,CALIFORNIA INSTITUTE OF TECHNOLOGY,CALIFORNIA INSTITUTE OF TECHNOLOGY,USA,CA,LOS ANGELES,PASADENA,CA-28,CA-28,911250001,UNITED STATES,CALIFORNIA,LOS ANGELES,CA-28,CA-28,911098001,,,AR15,"SPACE R&D SVCS; SPACE FLIGHT, RESEARCH & SUPPORTING ACTIVITIES; R&D FACILITIES & MAJ EQUIP",541715,"RESEARCH AND DEVELOPMENT IN THE PHYSICAL, ENGINEERING, AND LIFE SCIENCES (EXCEPT NANOTECHNOLOGY AND BIOTECHNOLOGY)",,,https://www.usaspending.gov/award/CONT_AWD_80GSFC22CA003_8000_-NONE-_-NONE-/,2025-06-25
National Aeronautics and Space Administration,National Aeronautics and Space Administration,FY2025P08,,080,2025,2026,,0120,000,080-2025/2026-0120-000,"Science, National Aeronautics and Space Administration",National Aeronautics and Space Administration,,"General Science, Space, and Technology","Space flight, research, and supporting activities",080-0120,"Science, National Aeronautics and Space Administration",0001,SCIENCE (DIRECT),25.5,Research and development contracts,D,Q,Not Designated Nonemergency/Emergency/Disaster/Wildfire Suppression,800000.00,,,,CONT_AWD_80GSFC22CA003_8000_-NONE-_-NONE-,80GSFC22CA003,,,,2021-10-01,2022,2025-09-03,2025,2021-10-01,2027-09-30,,D,DEFINITIVE CONTRACT,,,THIS CONTRACT IS FOR THE SERVICES REQUIRED TO SUPPORT THE ROMAN SPACE TELESCOPE SCIENCE SUPPORT CENTER,080,NATIONAL AERONAUTICS AND SPACE ADMINISTRATION (NASA),8000,NATIONAL AERONAUTICS AND SPACE ADMINISTRATION,80GSFC,NASA GODDARD SPACE FLIGHT CENTER,080,NATIONAL AERONAUTICS AND SPACE ADMINISTRATION (NASA),8000,NATIONAL AERONAUTICS AND SPACE ADMINISTRATION,80GSFC,NASA GODDARD SPACE FLIGHT CENTER,U2JMKHNS5TG4,,CALIFORNIA INSTITUTE OF TECHNOLOGY,CALIFORNIA INSTITUTE OF TECHNOLOGY,U2JMKHNS5TG4,U2JMKHNS5TG4,CALIFORNIA INSTITUTE OF TECHNOLOGY,CALIFORNIA INSTITUTE OF TECHNOLOGY,USA,CA,LOS ANGELES,PASADENA,CA-28,CA-28,911250001,UNITED STATES,CALIFORNIA,LOS ANGELES,CA-28,CA-28,911098001,,,AR15,"SPACE R&D SVCS; SPACE FLIGHT, RESEARCH & SUPPORTING ACTIVITIES; R&D FACILITIES & MAJ EQUIP",541715,"RESEARCH AND DEVELOPMENT IN THE PHYSICAL, ENGINEERING, AND LIFE SCIENCES (EXCEPT NANOTECHNOLOGY AND BIOTECHNOLOGY)",,,https://www.usaspending.gov/award/CONT_AWD_80GSFC22CA003_8000_-NONE-_-NONE-/,2025-06-25
National Aeronautics and Space Administration,National Aeronautics and Space Administration,FY2025P08,,080,2024,2025,,0120,000,080-2024/2025-0120-000,"Science, National Aeronautics and Space Administration",National Aeronautics and Space Administration,,"General Science, Space, and Technology","Space flight, research, and supporting activities",080-0120,"Science, National Aeronautics and Space Administration",0001,SCIENCE (DIRECT),25.5,Research and development contracts,D,Q,Not Designated Nonemergency/Emergency/Disaster/Wildfire Suppression,,2917844.41,0.00,0.00,CONT_AWD_80GSFC22CA003_8000_-NONE-_-NONE-,80GSFC22CA003,,,,2021-10-01,2022,2025-09-03,2025,2021-10-01,2027-09-30,,D,DEFINITIVE CONTRACT,,,THIS CONTRACT IS FOR THE SERVICES REQUIRED TO SUPPORT THE ROMAN SPACE TELESCOPE SCIENCE SUPPORT CENTER,080,NATIONAL AERONAUTICS AND SPACE ADMINISTRATION (NASA),8000,NATIONAL AERONAUTICS AND SPACE ADMINISTRATION,80GSFC,NASA GODDARD SPACE FLIGHT CENTER,080,NATIONAL AERONAUTICS AND SPACE ADMINISTRATION (NASA),8000,NATIONAL AERONAUTICS AND SPACE ADMINISTRATION,80GSFC,NASA GODDARD SPACE FLIGHT CENTER,U2JMKHNS5TG4,,CALIFORNIA INSTITUTE OF TECHNOLOGY,CALIFORNIA INSTITUTE OF TECHNOLOGY,U2JMKHNS5TG4,U2JMKHNS5TG4,CALIFORNIA INSTITUTE OF TECHNOLOGY,CALIFORNIA INSTITUTE OF TECHNOLOGY,USA,CA,LOS ANGELES,PASADENA,CA-28,CA-28,911250001,UNITED STATES,CALIFORNIA,LOS ANGELES,CA-28,CA-28,911098001,,,AR15,"SPACE R&D SVCS; SPACE FLIGHT, RESEARCH & SUPPORTING ACTIVITIES; R&D FACILITIES & MAJ EQUIP",541715,"RESEARCH AND DEVELOPMENT IN THE PHYSICAL, ENGINEERING, AND LIFE SCIENCES (EXCEPT NANOTECHNOLOGY AND BIOTECHNOLOGY)",,,https://www.usaspending.gov/award/CONT_AWD_80GSFC22CA003_8000_-NONE-_-NONE-/,2025-06-25
National Aeronautics and Space Administration,National Aeronautics and Space Administration,FY2025P09,,080,2025,2026,,0120,000,080-2025/2026-0120-000,"Science, National Aeronautics and Space Administration",National Aeronautics and Space Administration,,"General Science, Space, and Technology","Space flight, research, and supporting activities",080-0120,"Science, National Aeronautics and Space Administration",0001,SCIENCE (DIRECT),25.5,Research and development contracts,D,Q,Not Designated Nonemergency/Emergency/Disaster/Wildfire Suppression,,3877867.92,0.00,0.00,CONT_AWD_80GSFC22CA003_8000_-NONE-_-NONE-,80GSFC22CA003,,,,2021-10-01,2022,2025-09-03,2025,2021-10-01,2027-09-30,,D,DEFINITIVE CONTRACT,,,THIS CONTRACT IS FOR THE SERVICES REQUIRED TO SUPPORT THE ROMAN SPACE TELESCOPE SCIENCE SUPPORT CENTER,080,NATIONAL AERONAUTICS AND SPACE ADMINISTRATION (NASA),8000,NATIONAL AERONAUTICS AND SPACE ADMINISTRATION,80GSFC,NASA GODDARD SPACE FLIGHT CENTER,080,NATIONAL AERONAUTICS AND SPACE ADMINISTRATION (NASA),8000,NATIONAL AERONAUTICS AND SPACE ADMINISTRATION,80GSFC,NASA GODDARD SPACE FLIGHT CENTER,U2JMKHNS5TG4,,CALIFORNIA INSTITUTE OF TECHNOLOGY,CALIFORNIA INSTITUTE OF TECHNOLOGY,U2JMKHNS5TG4,U2JMKHNS5TG4,CALIFORNIA INSTITUTE OF TECHNOLOGY,CALIFORNIA INSTITUTE OF TECHNOLOGY,USA,CA,LOS ANGELES,PASADENA,CA-28,CA-28,911250001,UNITED STATES,CALIFORNIA,LOS ANGELES,CA-28,CA-28,911098001,,,AR15,"SPACE R&D SVCS; SPACE FLIGHT, RESEARCH & SUPPORTING ACTIVITIES; R&D FACILITIES & MAJ EQUIP",541715,"RESEARCH AND DEVELOPMENT IN THE PHYSICAL, ENGINEERING, AND LIFE SCIENCES (EXCEPT NANOTECHNOLOGY AND BIOTECHNOLOGY)",,,https://www.usaspending.gov/award/CONT_AWD_80GSFC22CA003_8000_-NONE-_-NONE-/,2025-07-31
National Aeronautics and Space Administration,National Aeronautics and Space Administration,FY2025P09,,080,2024,2025,,0120,000,080-2024/2025-0120-000,"Science, National Aeronautics and Space Administration",National Aeronautics and Space Administration,,"General Science, Space, and Technology","Space flight, research, and supporting activities",080-0120,"Science, National Aeronautics and Space Administration",0001,SCIENCE (DIRECT),25.5,Research and development contracts,D,Q,Not Designated Nonemergency/Emergency/Disaster/Wildfire Suppression,,2917844.41,0.00,0.00,CONT_AWD_80GSFC22CA003_8000_-NONE-_-NONE-,80GSFC22CA003,,,,2021-10-01,2022,2025-09-03,2025,2021-10-01,2027-09-30,,D,DEFINITIVE CONTRACT,,,THIS CONTRACT IS FOR THE SERVICES REQUIRED TO SUPPORT THE ROMAN SPACE TELESCOPE SCIENCE SUPPORT CENTER,080,NATIONAL AERONAUTICS AND SPACE ADMINISTRATION (NASA),8000,NATIONAL AERONAUTICS AND SPACE ADMINISTRATION,80GSFC,NASA GODDARD SPACE FLIGHT CENTER,080,NATIONAL AERONAUTICS AND SPACE ADMINISTRATION (NASA),8000,NATIONAL AERONAUTICS AND SPACE ADMINISTRATION,80GSFC,NASA GODDARD SPACE FLIGHT CENTER,U2JMKHNS5TG4,,CALIFORNIA INSTITUTE OF TECHNOLOGY,CALIFORNIA INSTITUTE OF TECHNOLOGY,U2JMKHNS5TG4,U2JMKHNS5TG4,CALIFORNIA INSTITUTE OF TECHNOLOGY,CALIFORNIA INSTITUTE OF TECHNOLOGY,USA,CA,LOS ANGELES,PASADENA,CA-28,CA-28,911250001,UNITED STATES,CALIFORNIA,LOS ANGELES,CA-28,CA-28,911098001,,,AR15,"SPACE R&D SVCS; SPACE FLIGHT, RESEARCH & SUPPORTING ACTIVITIES; R&D FACILITIES & MAJ EQUIP",541715,"RESEARCH AND DEVELOPMENT IN THE PHYSICAL, ENGINEERING, AND LIFE SCIENCES (EXCEPT NANOTECHNOLOGY AND BIOTECHNOLOGY)",,,https://www.usaspending.gov/award/CONT_AWD_80GSFC22CA003_8000_-NONE-_-NONE-/,2025-07-31
National Aeronautics and Space Administration,National Aeronautics and Space Administration,FY2025P09,,080,2024,2025,,0120,000,080-2024/2025-0120-000,"Science, National Aeronautics and Space Administration",National Aeronautics and Space Administration,,"General Science, Space, and Technology","Space flight, research, and supporting activities",080-0120,"Science, National Aeronautics and Space Administration",0001,SCIENCE (DIRECT),25.5,Research and development contracts,D,Q,Not Designated Nonemergency/Emergency/Disaster/Wildfire Suppression,500000.00,,,,CONT_AWD_80GSFC22CA003_8000_-NONE-_-NONE-,80GSFC22CA003,,,,2021-10-01,2022,2025-09-03,2025,2021-10-01,2027-09-30,,D,DEFINITIVE CONTRACT,,,THIS CONTRACT IS FOR THE SERVICES REQUIRED TO SUPPORT THE ROMAN SPACE TELESCOPE SCIENCE SUPPORT CENTER,080,NATIONAL AERONAUTICS AND SPACE ADMINISTRATION (NASA),8000,NATIONAL AERONAUTICS AND SPACE ADMINISTRATION,80GSFC,NASA GODDARD SPACE FLIGHT CENTER,080,NATIONAL AERONAUTICS AND SPACE ADMINISTRATION (NASA),8000,NATIONAL AERONAUTICS AND SPACE ADMINISTRATION,80GSFC,NASA GODDARD SPACE FLIGHT CENTER,U2JMKHNS5TG4,,CALIFORNIA INSTITUTE OF TECHNOLOGY,CALIFORNIA INSTITUTE OF TECHNOLOGY,U2JMKHNS5TG4,U2JMKHNS5TG4,CALIFORNIA INSTITUTE OF TECHNOLOGY,CALIFORNIA INSTITUTE OF TECHNOLOGY,USA,CA,LOS ANGELES,PASADENA,CA-28,CA-28,911250001,UNITED STATES,CALIFORNIA,LOS ANGELES,CA-28,CA-28,911098001,,,AR15,"SPACE R&D SVCS; SPACE FLIGHT, RESEARCH & SUPPORTING ACTIVITIES; R&D FACILITIES & MAJ EQUIP",541715,"RESEARCH AND DEVELOPMENT IN THE PHYSICAL, ENGINEERING, AND LIFE SCIENCES (EXCEPT NANOTECHNOLOGY AND BIOTECHNOLOGY)",,,https://www.usaspending.gov/award/CONT_AWD_80GSFC22CA003_8000_-NONE-_-NONE-/,2025-07-31
National Aeronautics and Space Administration,National Aeronautics and Space Administration,FY2025P10,,080,2024,2025,,0120,000,080-2024/2025-0120-000,"Science, National Aeronautics and Space Administration",National Aeronautics and Space Administration,,"General Science, Space, and Technology","Space flight, research, and supporting activities",080-0120,"Science, National Aeronautics and Space Administration",0001,SCIENCE (DIRECT),25.5,Research and development contracts,D,Q,Not Designated Nonemergency/Emergency/Disaster/Wildfire Suppression,,2917844.41,0.00,0.00,CONT_AWD_80GSFC22CA003_8000_-NONE-_-NONE-,80GSFC22CA003,,,,2021-10-01,2022,2025-09-03,2025,2021-10-01,2027-09-30,,D,DEFINITIVE CONTRACT,,,THIS CONTRACT IS FOR THE SERVICES REQUIRED TO SUPPORT THE ROMAN SPACE TELESCOPE SCIENCE SUPPORT CENTER,080,NATIONAL AERONAUTICS AND SPACE ADMINISTRATION (NASA),8000,NATIONAL AERONAUTICS AND SPACE ADMINISTRATION,80GSFC,NASA GODDARD SPACE FLIGHT CENTER,080,NATIONAL AERONAUTICS AND SPACE ADMINISTRATION (NASA),8000,NATIONAL AERONAUTICS AND SPACE ADMINISTRATION,80GSFC,NASA GODDARD SPACE FLIGHT CENTER,U2JMKHNS5TG4,,CALIFORNIA INSTITUTE OF TECHNOLOGY,CALIFORNIA INSTITUTE OF TECHNOLOGY,U2JMKHNS5TG4,U2JMKHNS5TG4,CALIFORNIA INSTITUTE OF TECHNOLOGY,CALIFORNIA INSTITUTE OF TECHNOLOGY,USA,CA,LOS ANGELES,PASADENA,CA-28,CA-28,911250001,UNITED STATES,CALIFORNIA,LOS ANGELES,CA-28,CA-28,911098001,,,AR15,"SPACE R&D SVCS; SPACE FLIGHT, RESEARCH & SUPPORTING ACTIVITIES; R&D FACILITIES & MAJ EQUIP",541715,"RESEARCH AND DEVELOPMENT IN THE PHYSICAL, ENGINEERING, AND LIFE SCIENCES (EXCEPT NANOTECHNOLOGY AND BIOTECHNOLOGY)",,,https://www.usaspending.gov/award/CONT_AWD_80GSFC22CA003_8000_-NONE-_-NONE-/,2025-09-12
National Aeronautics and Space Administration,National Aeronautics and Space Administration,FY2025P10,,080,2025,2026,,0120,000,080-2025/2026-0120-000,"Science, National Aeronautics and Space Administration",National Aeronautics and Space Administration,,"General Science, Space, and Technology","Space flight, research, and supporting activities",080-0120,"Science, National Aeronautics and Space Administration",0001,SCIENCE (DIRECT),25.5,Research and development contracts,D,Q,Not Designated Nonemergency/Emergency/Disaster/Wildfire Suppression,,4582348.46,0.00,0.00,CONT_AWD_80GSFC22CA003_8000_-NONE-_-NONE-,80GSFC22CA003,,,,2021-10-01,2022,2025-09-03,2025,2021-10-01,2027-09-30,,D,DEFINITIVE CONTRACT,,,THIS CONTRACT IS FOR THE SERVICES REQUIRED TO SUPPORT THE ROMAN SPACE TELESCOPE SCIENCE SUPPORT CENTER,080,NATIONAL AERONAUTICS AND SPACE ADMINISTRATION (NASA),8000,NATIONAL AERONAUTICS AND SPACE ADMINISTRATION,80GSFC,NASA GODDARD SPACE FLIGHT CENTER,080,NATIONAL AERONAUTICS AND SPACE ADMINISTRATION (NASA),8000,NATIONAL AERONAUTICS AND SPACE ADMINISTRATION,80GSFC,NASA GODDARD SPACE FLIGHT CENTER,U2JMKHNS5TG4,,CALIFORNIA INSTITUTE OF TECHNOLOGY,CALIFORNIA INSTITUTE OF TECHNOLOGY,U2JMKHNS5TG4,U2JMKHNS5TG4,CALIFORNIA INSTITUTE OF TECHNOLOGY,CALIFORNIA INSTITUTE OF TECHNOLOGY,USA,CA,LOS ANGELES,PASADENA,CA-28,CA-28,911250001,UNITED STATES,CALIFORNIA,LOS ANGELES,CA-28,CA-28,911098001,,,AR15,"SPACE R&D SVCS; SPACE FLIGHT, RESEARCH & SUPPORTING ACTIVITIES; R&D FACILITIES & MAJ EQUIP",541715,"RESEARCH AND DEVELOPMENT IN THE PHYSICAL, ENGINEERING, AND LIFE SCIENCES (EXCEPT NANOTECHNOLOGY AND BIOTECHNOLOGY)",,,https://www.usaspending.gov/award/CONT_AWD_80GSFC22CA003_8000_-NONE-_-NONE-/,2025-09-12
National Aeronautics and Space Administration,National Aeronautics and Space Administration,FY2025P10,,080,2025,2026,,0120,000,080-2025/2026-0120-000,"Science, National Aeronautics and Space Administration",National Aeronautics and Space Administration,,"General Science, Space, and Technology","Space flight, research, and supporting activities",080-0120,"Science, National Aeronautics and Space Administration",0001,SCIENCE (DIRECT),25.5,Research and development contracts,D,Q,Not Designated Nonemergency/Emergency/Disaster/Wildfire Suppression,1400000.00,,,,CONT_AWD_80GSFC22CA003_8000_-NONE-_-NONE-,80GSFC22CA003,,,,2021-10-01,2022,2025-09-03,2025,2021-10-01,2027-09-30,,D,DEFINITIVE CONTRACT,,,THIS CONTRACT IS FOR THE SERVICES REQUIRED TO SUPPORT THE ROMAN SPACE TELESCOPE SCIENCE SUPPORT CENTER,080,NATIONAL AERONAUTICS AND SPACE ADMINISTRATION (NASA),8000,NATIONAL AERONAUTICS AND SPACE ADMINISTRATION,80GSFC,NASA GODDARD SPACE FLIGHT CENTER,080,NATIONAL AERONAUTICS AND SPACE ADMINISTRATION (NASA),8000,NATIONAL AERONAUTICS AND SPACE ADMINISTRATION,80GSFC,NASA GODDARD SPACE FLIGHT CENTER,U2JMKHNS5TG4,,CALIFORNIA INSTITUTE OF TECHNOLOGY,CALIFORNIA INSTITUTE OF TECHNOLOGY,U2JMKHNS5TG4,U2JMKHNS5TG4,CALIFORNIA INSTITUTE OF TECHNOLOGY,CALIFORNIA INSTITUTE OF TECHNOLOGY,USA,CA,LOS ANGELES,PASADENA,CA-28,CA-28,911250001,UNITED STATES,CALIFORNIA,LOS ANGELES,CA-28,CA-28,911098001,,,AR15,"SPACE R&D SVCS; SPACE FLIGHT, RESEARCH & SUPPORTING ACTIVITIES; R&D FACILITIES & MAJ EQUIP",541715,"RESEARCH AND DEVELOPMENT IN THE PHYSICAL, ENGINEERING, AND LIFE SCIENCES (EXCEPT NANOTECHNOLOGY AND BIOTECHNOLOGY)",,,https://www.usaspending.gov/award/CONT_AWD_80GSFC22CA003_8000_-NONE-_-NONE-/,2025-09-12
National Aeronautics and Space Administration,National Aeronautics and Space Administration,FY2025P11,,080,2025,2026,,0120,000,080-2025/2026-0120-000,"Science, National Aeronautics and Space Administration",National Aeronautics and Space Administration,,"General Science, Space, and Technology","Space flight, research, and supporting activities",080-0120,"Science, National Aeronautics and Space Administration",0001,SCIENCE (DIRECT),25.5,Research and development contracts,D,Q,Not Designated Nonemergency/Emergency/Disaster/Wildfire Suppression,,5235807.99,0.00,0.00,CONT_AWD_80GSFC22CA003_8000_-NONE-_-NONE-,80GSFC22CA003,,,,2021-10-01,2022,2025-09-03,2025,2021-10-01,2027-09-30,,D,DEFINITIVE CONTRACT,,,THIS CONTRACT IS FOR THE SERVICES REQUIRED TO SUPPORT THE ROMAN SPACE TELESCOPE SCIENCE SUPPORT CENTER,080,NATIONAL AERONAUTICS AND SPACE ADMINISTRATION (NASA),8000,NATIONAL AERONAUTICS AND SPACE ADMINISTRATION,80GSFC,NASA GODDARD SPACE FLIGHT CENTER,080,NATIONAL AERONAUTICS AND SPACE ADMINISTRATION (NASA),8000,NATIONAL AERONAUTICS AND SPACE ADMINISTRATION,80GSFC,NASA GODDARD SPACE FLIGHT CENTER,U2JMKHNS5TG4,,CALIFORNIA INSTITUTE OF TECHNOLOGY,CALIFORNIA INSTITUTE OF TECHNOLOGY,U2JMKHNS5TG4,U2JMKHNS5TG4,CALIFORNIA INSTITUTE OF TECHNOLOGY,CALIFORNIA INSTITUTE OF TECHNOLOGY,USA,CA,LOS ANGELES,PASADENA,CA-28,CA-28,911250001,UNITED STATES,CALIFORNIA,LOS ANGELES,CA-28,CA-28,911098001,,,AR15,"SPACE R&D SVCS; SPACE FLIGHT, RESEARCH & SUPPORTING ACTIVITIES; R&D FACILITIES & MAJ EQUIP",541715,"RESEARCH AND DEVELOPMENT IN THE PHYSICAL, ENGINEERING, AND LIFE SCIENCES (EXCEPT NANOTECHNOLOGY AND BIOTECHNOLOGY)",,,https://www.usaspending.gov/award/CONT_AWD_80GSFC22CA003_8000_-NONE-_-NONE-/,2025-09-29
National Aeronautics and Space Administration,National Aeronautics and Space Administration,FY2025P11,,080,2025,2026,,0120,000,080-2025/2026-0120-000,"Science, National Aeronautics and Space Administration",National Aeronautics and Space Administration,,"General Science, Space, and Technology","Space flight, research, and supporting activities",080-0120,"Science, National Aeronautics and Space Administration",0001,SCIENCE (DIRECT),25.5,Research and development contracts,D,Q,Not Designated Nonemergency/Emergency/Disaster/Wildfire Suppression,2700000.00,,,,CONT_AWD_80GSFC22CA003_8000_-NONE-_-NONE-,80GSFC22CA003,,,,2021-10-01,2022,2025-09-03,2025,2021-10-01,2027-09-30,,D,DEFINITIVE CONTRACT,,,THIS CONTRACT IS FOR THE SERVICES REQUIRED TO SUPPORT THE ROMAN SPACE TELESCOPE SCIENCE SUPPORT CENTER,080,NATIONAL AERONAUTICS AND SPACE ADMINISTRATION (NASA),8000,NATIONAL AERONAUTICS AND SPACE ADMINISTRATION,80GSFC,NASA GODDARD SPACE FLIGHT CENTER,080,NATIONAL AERONAUTICS AND SPACE ADMINISTRATION (NASA),8000,NATIONAL AERONAUTICS AND SPACE ADMINISTRATION,80GSFC,NASA GODDARD SPACE FLIGHT CENTER,U2JMKHNS5TG4,,CALIFORNIA INSTITUTE OF TECHNOLOGY,CALIFORNIA INSTITUTE OF TECHNOLOGY,U2JMKHNS5TG4,U2JMKHNS5TG4,CALIFORNIA INSTITUTE OF TECHNOLOGY,CALIFORNIA INSTITUTE OF TECHNOLOGY,USA,CA,LOS ANGELES,PASADENA,CA-28,CA-28,911250001,UNITED STATES,CALIFORNIA,LOS ANGELES,CA-28,CA-28,911098001,,,AR15,"SPACE R&D SVCS; SPACE FLIGHT, RESEARCH & SUPPORTING ACTIVITIES; R&D FACILITIES & MAJ EQUIP",541715,"RESEARCH AND DEVELOPMENT IN THE PHYSICAL, ENGINEERING, AND LIFE SCIENCES (EXCEPT NANOTECHNOLOGY AND BIOTECHNOLOGY)",,,https://www.usaspending.gov/award/CONT_AWD_80GSFC22CA003_8000_-NONE-_-NONE-/,2025-09-29
National Aeronautics and Space Administration,National Aeronautics and Space Administration,FY2025P11,,080,2025,2026,,0120,000,080-2025/2026-0120-000,"Science, National Aeronautics and Space Administration",National Aeronautics and Space Administration,,"General Science, Space, and Technology","Space flight, research, and supporting activities",080-0120,"Science, National Aeronautics and Space Administration",0001,SCIENCE (DIRECT),25.5,Research and development contracts,D,Q,Not Designated Nonemergency/Emergency/Disaster/Wildfire Suppression,3000000.00,,,,CONT_AWD_80GSFC22CA003_8000_-NONE-_-NONE-,80GSFC22CA003,,,,2021-10-01,2022,2025-09-03,2025,2021-10-01,2027-09-30,,D,DEFINITIVE CONTRACT,,,THIS CONTRACT IS FOR THE SERVICES REQUIRED TO SUPPORT THE ROMAN SPACE TELESCOPE SCIENCE SUPPORT CENTER,080,NATIONAL AERONAUTICS AND SPACE ADMINISTRATION (NASA),8000,NATIONAL AERONAUTICS AND SPACE ADMINISTRATION,80GSFC,NASA GODDARD SPACE FLIGHT CENTER,080,NATIONAL AERONAUTICS AND SPACE ADMINISTRATION (NASA),8000,NATIONAL AERONAUTICS AND SPACE ADMINISTRATION,80GSFC,NASA GODDARD SPACE FLIGHT CENTER,U2JMKHNS5TG4,,CALIFORNIA INSTITUTE OF TECHNOLOGY,CALIFORNIA INSTITUTE OF TECHNOLOGY,U2JMKHNS5TG4,U2JMKHNS5TG4,CALIFORNIA INSTITUTE OF TECHNOLOGY,CALIFORNIA INSTITUTE OF TECHNOLOGY,USA,CA,LOS ANGELES,PASADENA,CA-28,CA-28,911250001,UNITED STATES,CALIFORNIA,LOS ANGELES,CA-28,CA-28,911098001,,,AR15,"SPACE R&D SVCS; SPACE FLIGHT, RESEARCH & SUPPORTING ACTIVITIES; R&D FACILITIES & MAJ EQUIP",541715,"RESEARCH AND DEVELOPMENT IN THE PHYSICAL, ENGINEERING, AND LIFE SCIENCES (EXCEPT NANOTECHNOLOGY AND BIOTECHNOLOGY)",,,https://www.usaspending.gov/award/CONT_AWD_80GSFC22CA003_8000_-NONE-_-NONE-/,2025-09-29
National Aeronautics and Space Administration,National Aeronautics and Space Administration,FY2025P11,,080,2024,2025,,0120,000,080-2024/2025-0120-000,"Science, National Aeronautics and Space Administration",National Aeronautics and Space Administration,,"General Science, Space, and Technology","Space flight, research, and supporting activities",080-0120,"Science, National Aeronautics and Space Administration",0001,SCIENCE (DIRECT),25.5,Research and development contracts,D,Q,Not Designated Nonemergency/Emergency/Disaster/Wildfire Suppression,,2917844.41,0.00,0.00,CONT_AWD_80GSFC22CA003_8000_-NONE-_-NONE-,80GSFC22CA003,,,,2021-10-01,2022,2025-09-03,2025,2021-10-01,2027-09-30,,D,DEFINITIVE CONTRACT,,,THIS CONTRACT IS FOR THE SERVICES REQUIRED TO SUPPORT THE ROMAN SPACE TELESCOPE SCIENCE SUPPORT CENTER,080,NATIONAL AERONAUTICS AND SPACE ADMINISTRATION (NASA),8000,NATIONAL AERONAUTICS AND SPACE ADMINISTRATION,80GSFC,NASA GODDARD SPACE FLIGHT CENTER,080,NATIONAL AERONAUTICS AND SPACE ADMINISTRATION (NASA),8000,NATIONAL AERONAUTICS AND SPACE ADMINISTRATION,80GSFC,NASA GODDARD SPACE FLIGHT CENTER,U2JMKHNS5TG4,,CALIFORNIA INSTITUTE OF TECHNOLOGY,CALIFORNIA INSTITUTE OF TECHNOLOGY,U2JMKHNS5TG4,U2JMKHNS5TG4,CALIFORNIA INSTITUTE OF TECHNOLOGY,CALIFORNIA INSTITUTE OF TECHNOLOGY,USA,CA,LOS ANGELES,PASADENA,CA-28,CA-28,911250001,UNITED STATES,CALIFORNIA,LOS ANGELES,CA-28,CA-28,911098001,,,AR15,"SPACE R&D SVCS; SPACE FLIGHT, RESEARCH & SUPPORTING ACTIVITIES; R&D FACILITIES & MAJ EQUIP",541715,"RESEARCH AND DEVELOPMENT IN THE PHYSICAL, ENGINEERING, AND LIFE SCIENCES (EXCEPT NANOTECHNOLOGY AND BIOTECHNOLOGY)",,,https://www.usaspending.gov/award/CONT_AWD_80GSFC22CA003_8000_-NONE-_-NONE-/,2025-09-29
National Aeronautics and Space Administration,National Aeronautics and Space Administration,FY2025P12,,080,2025,2026,,0120,000,080-2025/2026-0120-000,"Science, National Aeronautics and Space Administration",National Aeronautics and Space Administration,,"General Science, Space, and Technology","Space flight, research, and supporting activities",080-0120,"Science, National Aeronautics and Space Administration",0001,SCIENCE (DIRECT),25.5,Research and development contracts,D,Q,Not Designated Nonemergency/Emergency/Disaster/Wildfire Suppression,,6007963.00,0.00,0.00,CONT_AWD_80GSFC22CA003_8000_-NONE-_-NONE-,80GSFC22CA003,,,,2021-10-01,2022,2025-09-03,2025,2021-10-01,2027-09-30,,D,DEFINITIVE CONTRACT,,,THIS CONTRACT IS FOR THE SERVICES REQUIRED TO SUPPORT THE ROMAN SPACE TELESCOPE SCIENCE SUPPORT CENTER,080,NATIONAL AERONAUTICS AND SPACE ADMINISTRATION (NASA),8000,NATIONAL AERONAUTICS AND SPACE ADMINISTRATION,80GSFC,NASA GODDARD SPACE FLIGHT CENTER,080,NATIONAL AERONAUTICS AND SPACE ADMINISTRATION (NASA),8000,NATIONAL AERONAUTICS AND SPACE ADMINISTRATION,80GSFC,NASA GODDARD SPACE FLIGHT CENTER,U2JMKHNS5TG4,,CALIFORNIA INSTITUTE OF TECHNOLOGY,CALIFORNIA INSTITUTE OF TECHNOLOGY,U2JMKHNS5TG4,U2JMKHNS5TG4,CALIFORNIA INSTITUTE OF TECHNOLOGY,CALIFORNIA INSTITUTE OF TECHNOLOGY,USA,CA,LOS ANGELES,PASADENA,CA-28,CA-28,911250001,UNITED STATES,CALIFORNIA,LOS ANGELES,CA-28,CA-28,911098001,,,AR15,"SPACE R&D SVCS; SPACE FLIGHT, RESEARCH & SUPPORTING ACTIVITIES; R&D FACILITIES & MAJ EQUIP",541715,"RESEARCH AND DEVELOPMENT IN THE PHYSICAL, ENGINEERING, AND LIFE SCIENCES (EXCEPT NANOTECHNOLOGY AND BIOTECHNOLOGY)",,,https://www.usaspending.gov/award/CONT_AWD_80GSFC22CA003_8000_-NONE-_-NONE-/,2025-12-29
National Aeronautics and Space Administration,National Aeronautics and Space Administration,FY2025P12,,080,2025,2026,,0120,000,080-2025/2026-0120-000,"Science, National Aeronautics and Space Administration",National Aeronautics and Space Administration,,"General Science, Space, and Technology","Space flight, research, and supporting activities",080-0120,"Science, National Aeronautics and Space Administration",0001,SCIENCE (DIRECT),25.5,Research and development contracts,D,Q,Not Designated Nonemergency/Emergency/Disaster/Wildfire Suppression,7850000.00,,,,CONT_AWD_80GSFC22CA003_8000_-NONE-_-NONE-,80GSFC22CA003,,,,2021-10-01,2022,2025-09-03,2025,2021-10-01,2027-09-30,,D,DEFINITIVE CONTRACT,,,THIS CONTRACT IS FOR THE SERVICES REQUIRED TO SUPPORT THE ROMAN SPACE TELESCOPE SCIENCE SUPPORT CENTER,080,NATIONAL AERONAUTICS AND SPACE ADMINISTRATION (NASA),8000,NATIONAL AERONAUTICS AND SPACE ADMINISTRATION,80GSFC,NASA GODDARD SPACE FLIGHT CENTER,080,NATIONAL AERONAUTICS AND SPACE ADMINISTRATION (NASA),8000,NATIONAL AERONAUTICS AND SPACE ADMINISTRATION,80GSFC,NASA GODDARD SPACE FLIGHT CENTER,U2JMKHNS5TG4,,CALIFORNIA INSTITUTE OF TECHNOLOGY,CALIFORNIA INSTITUTE OF TECHNOLOGY,U2JMKHNS5TG4,U2JMKHNS5TG4,CALIFORNIA INSTITUTE OF TECHNOLOGY,CALIFORNIA INSTITUTE OF TECHNOLOGY,USA,CA,LOS ANGELES,PASADENA,CA-28,CA-28,911250001,UNITED STATES,CALIFORNIA,LOS ANGELES,CA-28,CA-28,911098001,,,AR15,"SPACE R&D SVCS; SPACE FLIGHT, RESEARCH & SUPPORTING ACTIVITIES; R&D FACILITIES & MAJ EQUIP",541715,"RESEARCH AND DEVELOPMENT IN THE PHYSICAL, ENGINEERING, AND LIFE SCIENCES (EXCEPT NANOTECHNOLOGY AND BIOTECHNOLOGY)",,,https://www.usaspending.gov/award/CONT_AWD_80GSFC22CA003_8000_-NONE-_-NONE-/,2025-12-29
National Aeronautics and Space Administration,National Aeronautics and Space Administration,FY2025P12,,080,2024,2025,,0120,000,080-2024/2025-0120-000,"Science, National Aeronautics and Space Administration",National Aeronautics and Space Administration,,"General Science, Space, and Technology","Space flight, research, and supporting activities",080-0120,"Science, National Aeronautics and Space Administration",0001,SCIENCE (DIRECT),25.5,Research and development contracts,D,Q,Not Designated Nonemergency/Emergency/Disaster/Wildfire Suppression,,3285336.76,0.00,0.00,CONT_AWD_80GSFC22CA003_8000_-NONE-_-NONE-,80GSFC22CA003,,,,2021-10-01,2022,2025-09-03,2025,2021-10-01,2027-09-30,,D,DEFINITIVE CONTRACT,,,THIS CONTRACT IS FOR THE SERVICES REQUIRED TO SUPPORT THE ROMAN SPACE TELESCOPE SCIENCE SUPPORT CENTER,080,NATIONAL AERONAUTICS AND SPACE ADMINISTRATION (NASA),8000,NATIONAL AERONAUTICS AND SPACE ADMINISTRATION,80GSFC,NASA GODDARD SPACE FLIGHT CENTER,080,NATIONAL AERONAUTICS AND SPACE ADMINISTRATION (NASA),8000,NATIONAL AERONAUTICS AND SPACE ADMINISTRATION,80GSFC,NASA GODDARD SPACE FLIGHT CENTER,U2JMKHNS5TG4,,CALIFORNIA INSTITUTE OF TECHNOLOGY,CALIFORNIA INSTITUTE OF TECHNOLOGY,U2JMKHNS5TG4,U2JMKHNS5TG4,CALIFORNIA INSTITUTE OF TECHNOLOGY,CALIFORNIA INSTITUTE OF TECHNOLOGY,USA,CA,LOS ANGELES,PASADENA,CA-28,CA-28,911250001,UNITED STATES,CALIFORNIA,LOS ANGELES,CA-28,CA-28,911098001,,,AR15,"SPACE R&D SVCS; SPACE FLIGHT, RESEARCH & SUPPORTING ACTIVITIES; R&D FACILITIES & MAJ EQUIP",541715,"RESEARCH AND DEVELOPMENT IN THE PHYSICAL, ENGINEERING, AND LIFE SCIENCES (EXCEPT NANOTECHNOLOGY AND BIOTECHNOLOGY)",,,https://www.usaspending.gov/award/CONT_AWD_80GSFC22CA003_8000_-NONE-_-NONE-/,2025-12-29
