owning_agency_name,reporting_agency_name,submission_period,allocation_transfer_agency_identifier_code,agency_identifier_code,beginning_period_of_availability,ending_period_of_availability,availability_type_code,main_account_code,sub_account_code,treasury_account_symbol,treasury_account_name,agency_identifier_name,allocation_transfer_agency_identifier_name,budget_function,budget_subfunction,federal_account_symbol,federal_account_name,program_activity_code,program_activity_name,object_class_code,object_class_name,direct_or_reimbursable_funding_source,disaster_emergency_fund_code,disaster_emergency_fund_name,transaction_obligated_amount,gross_outlay_amount_FYB_to_period_end,USSGL487200_downward_adj_prior_year_prepaid_undeliv_order_oblig,USSGL497200_downward_adj_of_prior_year_paid_deliv_orders_oblig,award_unique_key,award_id_piid,parent_award_id_piid,award_id_fain,award_id_uri,award_base_action_date,award_base_action_date_fiscal_year,award_latest_action_date,award_latest_action_date_fiscal_year,period_of_performance_start_date,period_of_performance_current_end_date,ordering_period_end_date,award_type_code,award_type,idv_type_code,idv_type,prime_award_base_transaction_description,awarding_agency_code,awarding_agency_name,awarding_subagency_code,awarding_subagency_name,awarding_office_code,awarding_office_name,funding_agency_code,funding_agency_name,funding_sub_agency_code,funding_sub_agency_name,funding_office_code,funding_office_name,recipient_uei,recipient_duns,recipient_name,recipient_name_raw,recipient_parent_uei,recipient_parent_duns,recipient_parent_name,recipient_parent_name_raw,recipient_country,recipient_state,recipient_county,recipient_city,prime_award_summary_recipient_cd_original,prime_award_summary_recipient_cd_current,recipient_zip_code,primary_place_of_performance_country,primary_place_of_performance_state,primary_place_of_performance_county,prime_award_summary_place_of_performance_cd_original,prime_award_summary_place_of_performance_cd_current,primary_place_of_performance_zip_code,cfda_number,cfda_title,product_or_service_code,product_or_service_code_description,naics_code,naics_description,national_interest_action_code,national_interest_action,usaspending_permalink,last_modified_date
National Aeronautics and Space Administration,National Aeronautics and Space Administration,FY2019Q4,,080,2019,2020,,0120,000,080-2019/2020-0120-000,"Science, National Aeronautics and Space Administration",National Aeronautics and Space Administration,,"General Science, Space, and Technology","Space flight, research, and supporting activities",080-0120,"Science, National Aeronautics and Space Administration",0001,SCIENCE (DIRECT),25.5,Research and development contracts,D,,,3000000.00,,,,CONT_AWD_80GSFC19C0054_8000_-NONE-_-NONE-,80GSFC19C0054,,,,2019-07-01,2019,2025-09-08,2025,2019-07-01,2027-09-30,,D,DEFINITIVE CONTRACT,,,THIS CONTRACT IS FOR THE PRODUCTS AND SERVICES ASSOCIATED WITH THE DESIGN PHASE OF THE WIDE-FIELD INFRARED SURVEY TELESCOPE (WFIRST) SCIENCE OPERATIONS CENTER (SOC),080,NATIONAL AERONAUTICS AND SPACE ADMINISTRATION (NASA),8000,NATIONAL AERONAUTICS AND SPACE ADMINISTRATION,80GSFC,NASA GODDARD SPACE FLIGHT CENTER,080,NATIONAL AERONAUTICS AND SPACE ADMINISTRATION (NASA),8000,NATIONAL AERONAUTICS AND SPACE ADMINISTRATION,80GSFC,NASA GODDARD SPACE FLIGHT CENTER,W1NBN156CYF9,,"ASSOCIATION OF UNIVERSITIES FOR RESEARCH IN ASTRONOMY, INC.","ASSOCIATION OF UNIVERSITIES FOR RESEARCH IN ASTRONOMY, INC.",W1NBN156CYF9,W1NBN156CYF9,"ASSOCIATION OF UNIVERSITIES FOR RESEARCH IN ASTRONOMY, INC.",ASSOCIATION OF UNIVERSITIES FOR RESEARCH IN ASTRONOMY  INC.,USA,MD,BALTIMORE (CITY),BALTIMORE,MD-07,MD-07,212182410,UNITED STATES,MARYLAND,BALTIMORE CITY,MD-07,MD-07,212182410,,,AR45,"R&D- SPACE: OPERATIONS, TRACKING AND DATA ACQUISITION (OPERATIONAL SYSTEMS DEVELOPMENT)",541715,"RESEARCH AND DEVELOPMENT IN THE PHYSICAL, ENGINEERING, AND LIFE SCIENCES (EXCEPT NANOTECHNOLOGY AND BIOTECHNOLOGY)",,,https://www.usaspending.gov/award/CONT_AWD_80GSFC19C0054_8000_-NONE-_-NONE-/,2019-11-14
National Aeronautics and Space Administration,National Aeronautics and Space Administration,FY2019Q4,,080,2019,2020,,0120,000,080-2019/2020-0120-000,"Science, National Aeronautics and Space Administration",National Aeronautics and Space Administration,,"General Science, Space, and Technology","Space flight, research, and supporting activities",080-0120,"Science, National Aeronautics and Space Administration",0001,SCIENCE (DIRECT),25.5,Research and development contracts,D,,,500400.00,,,,CONT_AWD_80GSFC19C0054_8000_-NONE-_-NONE-,80GSFC19C0054,,,,2019-07-01,2019,2025-09-08,2025,2019-07-01,2027-09-30,,D,DEFINITIVE CONTRACT,,,THIS CONTRACT IS FOR THE PRODUCTS AND SERVICES ASSOCIATED WITH THE DESIGN PHASE OF THE WIDE-FIELD INFRARED SURVEY TELESCOPE (WFIRST) SCIENCE OPERATIONS CENTER (SOC),080,NATIONAL AERONAUTICS AND SPACE ADMINISTRATION (NASA),8000,NATIONAL AERONAUTICS AND SPACE ADMINISTRATION,80GSFC,NASA GODDARD SPACE FLIGHT CENTER,080,NATIONAL AERONAUTICS AND SPACE ADMINISTRATION (NASA),8000,NATIONAL AERONAUTICS AND SPACE ADMINISTRATION,80GSFC,NASA GODDARD SPACE FLIGHT CENTER,W1NBN156CYF9,,"ASSOCIATION OF UNIVERSITIES FOR RESEARCH IN ASTRONOMY, INC.","ASSOCIATION OF UNIVERSITIES FOR RESEARCH IN ASTRONOMY, INC.",W1NBN156CYF9,W1NBN156CYF9,"ASSOCIATION OF UNIVERSITIES FOR RESEARCH IN ASTRONOMY, INC.",ASSOCIATION OF UNIVERSITIES FOR RESEARCH IN ASTRONOMY  INC.,USA,MD,BALTIMORE (CITY),BALTIMORE,MD-07,MD-07,212182410,UNITED STATES,MARYLAND,BALTIMORE CITY,MD-07,MD-07,212182410,,,AR45,"R&D- SPACE: OPERATIONS, TRACKING AND DATA ACQUISITION (OPERATIONAL SYSTEMS DEVELOPMENT)",541715,"RESEARCH AND DEVELOPMENT IN THE PHYSICAL, ENGINEERING, AND LIFE SCIENCES (EXCEPT NANOTECHNOLOGY AND BIOTECHNOLOGY)",,,https://www.usaspending.gov/award/CONT_AWD_80GSFC19C0054_8000_-NONE-_-NONE-/,2019-11-14
National Aeronautics and Space Administration,National Aeronautics and Space Administration,FY2019Q4,,080,2019,2020,,0120,000,080-2019/2020-0120-000,"Science, National Aeronautics and Space Administration",National Aeronautics and Space Administration,,"General Science, Space, and Technology","Space flight, research, and supporting activities",080-0120,"Science, National Aeronautics and Space Administration",0001,SCIENCE (DIRECT),25.5,Research and development contracts,D,,,3267800.00,,,,CONT_AWD_80GSFC19C0054_8000_-NONE-_-NONE-,80GSFC19C0054,,,,2019-07-01,2019,2025-09-08,2025,2019-07-01,2027-09-30,,D,DEFINITIVE CONTRACT,,,THIS CONTRACT IS FOR THE PRODUCTS AND SERVICES ASSOCIATED WITH THE DESIGN PHASE OF THE WIDE-FIELD INFRARED SURVEY TELESCOPE (WFIRST) SCIENCE OPERATIONS CENTER (SOC),080,NATIONAL AERONAUTICS AND SPACE ADMINISTRATION (NASA),8000,NATIONAL AERONAUTICS AND SPACE ADMINISTRATION,80GSFC,NASA GODDARD SPACE FLIGHT CENTER,080,NATIONAL AERONAUTICS AND SPACE ADMINISTRATION (NASA),8000,NATIONAL AERONAUTICS AND SPACE ADMINISTRATION,80GSFC,NASA GODDARD SPACE FLIGHT CENTER,W1NBN156CYF9,,"ASSOCIATION OF UNIVERSITIES FOR RESEARCH IN ASTRONOMY, INC.","ASSOCIATION OF UNIVERSITIES FOR RESEARCH IN ASTRONOMY, INC.",W1NBN156CYF9,W1NBN156CYF9,"ASSOCIATION OF UNIVERSITIES FOR RESEARCH IN ASTRONOMY, INC.",ASSOCIATION OF UNIVERSITIES FOR RESEARCH IN ASTRONOMY  INC.,USA,MD,BALTIMORE (CITY),BALTIMORE,MD-07,MD-07,212182410,UNITED STATES,MARYLAND,BALTIMORE CITY,MD-07,MD-07,212182410,,,AR45,"R&D- SPACE: OPERATIONS, TRACKING AND DATA ACQUISITION (OPERATIONAL SYSTEMS DEVELOPMENT)",541715,"RESEARCH AND DEVELOPMENT IN THE PHYSICAL, ENGINEERING, AND LIFE SCIENCES (EXCEPT NANOTECHNOLOGY AND BIOTECHNOLOGY)",,,https://www.usaspending.gov/award/CONT_AWD_80GSFC19C0054_8000_-NONE-_-NONE-/,2019-11-14
National Aeronautics and Space Administration,National Aeronautics and Space Administration,FY2020Q1,,080,2020,2021,,0120,000,080-2020/2021-0120-000,"Science, National Aeronautics and Space Administration",National Aeronautics and Space Administration,,"General Science, Space, and Technology","Space flight, research, and supporting activities",080-0120,"Science, National Aeronautics and Space Administration",0001,SCIENCE (DIRECT),25.5,Research and development contracts,D,,,960000.00,,,,CONT_AWD_80GSFC19C0054_8000_-NONE-_-NONE-,80GSFC19C0054,,,,2019-07-01,2019,2025-09-08,2025,2019-07-01,2027-09-30,,D,DEFINITIVE CONTRACT,,,THIS CONTRACT IS FOR THE PRODUCTS AND SERVICES ASSOCIATED WITH THE DESIGN PHASE OF THE WIDE-FIELD INFRARED SURVEY TELESCOPE (WFIRST) SCIENCE OPERATIONS CENTER (SOC),080,NATIONAL AERONAUTICS AND SPACE ADMINISTRATION (NASA),8000,NATIONAL AERONAUTICS AND SPACE ADMINISTRATION,80GSFC,NASA GODDARD SPACE FLIGHT CENTER,080,NATIONAL AERONAUTICS AND SPACE ADMINISTRATION (NASA),8000,NATIONAL AERONAUTICS AND SPACE ADMINISTRATION,80GSFC,NASA GODDARD SPACE FLIGHT CENTER,W1NBN156CYF9,,"ASSOCIATION OF UNIVERSITIES FOR RESEARCH IN ASTRONOMY, INC.","ASSOCIATION OF UNIVERSITIES FOR RESEARCH IN ASTRONOMY, INC.",W1NBN156CYF9,W1NBN156CYF9,"ASSOCIATION OF UNIVERSITIES FOR RESEARCH IN ASTRONOMY, INC.",ASSOCIATION OF UNIVERSITIES FOR RESEARCH IN ASTRONOMY  INC.,USA,MD,BALTIMORE (CITY),BALTIMORE,MD-07,MD-07,212182410,UNITED STATES,MARYLAND,BALTIMORE CITY,MD-07,MD-07,212182410,,,AR45,"R&D- SPACE: OPERATIONS, TRACKING AND DATA ACQUISITION (OPERATIONAL SYSTEMS DEVELOPMENT)",541715,"RESEARCH AND DEVELOPMENT IN THE PHYSICAL, ENGINEERING, AND LIFE SCIENCES (EXCEPT NANOTECHNOLOGY AND BIOTECHNOLOGY)",,,https://www.usaspending.gov/award/CONT_AWD_80GSFC19C0054_8000_-NONE-_-NONE-/,2020-02-03
National Aeronautics and Space Administration,National Aeronautics and Space Administration,FY2020Q2,,080,2020,2021,,0120,000,080-2020/2021-0120-000,"Science, National Aeronautics and Space Administration",National Aeronautics and Space Administration,,"General Science, Space, and Technology","Space flight, research, and supporting activities",080-0120,"Science, National Aeronautics and Space Administration",0001,SCIENCE (DIRECT),25.5,Research and development contracts,D,,,11699840.00,,,,CONT_AWD_80GSFC19C0054_8000_-NONE-_-NONE-,80GSFC19C0054,,,,2019-07-01,2019,2025-09-08,2025,2019-07-01,2027-09-30,,D,DEFINITIVE CONTRACT,,,THIS CONTRACT IS FOR THE PRODUCTS AND SERVICES ASSOCIATED WITH THE DESIGN PHASE OF THE WIDE-FIELD INFRARED SURVEY TELESCOPE (WFIRST) SCIENCE OPERATIONS CENTER (SOC),080,NATIONAL AERONAUTICS AND SPACE ADMINISTRATION (NASA),8000,NATIONAL AERONAUTICS AND SPACE ADMINISTRATION,80GSFC,NASA GODDARD SPACE FLIGHT CENTER,080,NATIONAL AERONAUTICS AND SPACE ADMINISTRATION (NASA),8000,NATIONAL AERONAUTICS AND SPACE ADMINISTRATION,80GSFC,NASA GODDARD SPACE FLIGHT CENTER,W1NBN156CYF9,,"ASSOCIATION OF UNIVERSITIES FOR RESEARCH IN ASTRONOMY, INC.","ASSOCIATION OF UNIVERSITIES FOR RESEARCH IN ASTRONOMY, INC.",W1NBN156CYF9,W1NBN156CYF9,"ASSOCIATION OF UNIVERSITIES FOR RESEARCH IN ASTRONOMY, INC.",ASSOCIATION OF UNIVERSITIES FOR RESEARCH IN ASTRONOMY  INC.,USA,MD,BALTIMORE (CITY),BALTIMORE,MD-07,MD-07,212182410,UNITED STATES,MARYLAND,BALTIMORE CITY,MD-07,MD-07,212182410,,,AR45,"R&D- SPACE: OPERATIONS, TRACKING AND DATA ACQUISITION (OPERATIONAL SYSTEMS DEVELOPMENT)",541715,"RESEARCH AND DEVELOPMENT IN THE PHYSICAL, ENGINEERING, AND LIFE SCIENCES (EXCEPT NANOTECHNOLOGY AND BIOTECHNOLOGY)",,,https://www.usaspending.gov/award/CONT_AWD_80GSFC19C0054_8000_-NONE-_-NONE-/,2020-05-15
National Aeronautics and Space Administration,National Aeronautics and Space Administration,FY2020Q2,,080,2020,2021,,0120,000,080-2020/2021-0120-000,"Science, National Aeronautics and Space Administration",National Aeronautics and Space Administration,,"General Science, Space, and Technology","Space flight, research, and supporting activities",080-0120,"Science, National Aeronautics and Space Administration",0001,SCIENCE (DIRECT),25.5,Research and development contracts,D,,,12800.00,,,,CONT_AWD_80GSFC19C0054_8000_-NONE-_-NONE-,80GSFC19C0054,,,,2019-07-01,2019,2025-09-08,2025,2019-07-01,2027-09-30,,D,DEFINITIVE CONTRACT,,,THIS CONTRACT IS FOR THE PRODUCTS AND SERVICES ASSOCIATED WITH THE DESIGN PHASE OF THE WIDE-FIELD INFRARED SURVEY TELESCOPE (WFIRST) SCIENCE OPERATIONS CENTER (SOC),080,NATIONAL AERONAUTICS AND SPACE ADMINISTRATION (NASA),8000,NATIONAL AERONAUTICS AND SPACE ADMINISTRATION,80GSFC,NASA GODDARD SPACE FLIGHT CENTER,080,NATIONAL AERONAUTICS AND SPACE ADMINISTRATION (NASA),8000,NATIONAL AERONAUTICS AND SPACE ADMINISTRATION,80GSFC,NASA GODDARD SPACE FLIGHT CENTER,W1NBN156CYF9,,"ASSOCIATION OF UNIVERSITIES FOR RESEARCH IN ASTRONOMY, INC.","ASSOCIATION OF UNIVERSITIES FOR RESEARCH IN ASTRONOMY, INC.",W1NBN156CYF9,W1NBN156CYF9,"ASSOCIATION OF UNIVERSITIES FOR RESEARCH IN ASTRONOMY, INC.",ASSOCIATION OF UNIVERSITIES FOR RESEARCH IN ASTRONOMY  INC.,USA,MD,BALTIMORE (CITY),BALTIMORE,MD-07,MD-07,212182410,UNITED STATES,MARYLAND,BALTIMORE CITY,MD-07,MD-07,212182410,,,AR45,"R&D- SPACE: OPERATIONS, TRACKING AND DATA ACQUISITION (OPERATIONAL SYSTEMS DEVELOPMENT)",541715,"RESEARCH AND DEVELOPMENT IN THE PHYSICAL, ENGINEERING, AND LIFE SCIENCES (EXCEPT NANOTECHNOLOGY AND BIOTECHNOLOGY)",,,https://www.usaspending.gov/award/CONT_AWD_80GSFC19C0054_8000_-NONE-_-NONE-/,2020-05-15
National Aeronautics and Space Administration,National Aeronautics and Space Administration,FY2020P10,,080,2020,2021,,0120,000,080-2020/2021-0120-000,"Science, National Aeronautics and Space Administration",National Aeronautics and Space Administration,,"General Science, Space, and Technology","Space flight, research, and supporting activities",080-0120,"Science, National Aeronautics and Space Administration",0001,SCIENCE (DIRECT),25.5,Research and development contracts,D,Q,Not Designated Nonemergency/Emergency/Disaster/Wildfire Suppression,,3343066.46,,,CONT_AWD_80GSFC19C0054_8000_-NONE-_-NONE-,80GSFC19C0054,,,,2019-07-01,2019,2025-09-08,2025,2019-07-01,2027-09-30,,D,DEFINITIVE CONTRACT,,,THIS CONTRACT IS FOR THE PRODUCTS AND SERVICES ASSOCIATED WITH THE DESIGN PHASE OF THE WIDE-FIELD INFRARED SURVEY TELESCOPE (WFIRST) SCIENCE OPERATIONS CENTER (SOC),080,NATIONAL AERONAUTICS AND SPACE ADMINISTRATION (NASA),8000,NATIONAL AERONAUTICS AND SPACE ADMINISTRATION,80GSFC,NASA GODDARD SPACE FLIGHT CENTER,080,NATIONAL AERONAUTICS AND SPACE ADMINISTRATION (NASA),8000,NATIONAL AERONAUTICS AND SPACE ADMINISTRATION,80GSFC,NASA GODDARD SPACE FLIGHT CENTER,W1NBN156CYF9,,"ASSOCIATION OF UNIVERSITIES FOR RESEARCH IN ASTRONOMY, INC.","ASSOCIATION OF UNIVERSITIES FOR RESEARCH IN ASTRONOMY, INC.",W1NBN156CYF9,W1NBN156CYF9,"ASSOCIATION OF UNIVERSITIES FOR RESEARCH IN ASTRONOMY, INC.",ASSOCIATION OF UNIVERSITIES FOR RESEARCH IN ASTRONOMY  INC.,USA,MD,BALTIMORE (CITY),BALTIMORE,MD-07,MD-07,212182410,UNITED STATES,MARYLAND,BALTIMORE CITY,MD-07,MD-07,212182410,,,AR45,"R&D- SPACE: OPERATIONS, TRACKING AND DATA ACQUISITION (OPERATIONAL SYSTEMS DEVELOPMENT)",541715,"RESEARCH AND DEVELOPMENT IN THE PHYSICAL, ENGINEERING, AND LIFE SCIENCES (EXCEPT NANOTECHNOLOGY AND BIOTECHNOLOGY)",,,https://www.usaspending.gov/award/CONT_AWD_80GSFC19C0054_8000_-NONE-_-NONE-/,2020-08-27
National Aeronautics and Space Administration,National Aeronautics and Space Administration,FY2020P10,,080,2020,2021,,0120,000,080-2020/2021-0120-000,"Science, National Aeronautics and Space Administration",National Aeronautics and Space Administration,,"General Science, Space, and Technology","Space flight, research, and supporting activities",080-0120,"Science, National Aeronautics and Space Administration",0001,SCIENCE (DIRECT),25.5,Research and development contracts,D,Q,Not Designated Nonemergency/Emergency/Disaster/Wildfire Suppression,810000.00,,,,CONT_AWD_80GSFC19C0054_8000_-NONE-_-NONE-,80GSFC19C0054,,,,2019-07-01,2019,2025-09-08,2025,2019-07-01,2027-09-30,,D,DEFINITIVE CONTRACT,,,THIS CONTRACT IS FOR THE PRODUCTS AND SERVICES ASSOCIATED WITH THE DESIGN PHASE OF THE WIDE-FIELD INFRARED SURVEY TELESCOPE (WFIRST) SCIENCE OPERATIONS CENTER (SOC),080,NATIONAL AERONAUTICS AND SPACE ADMINISTRATION (NASA),8000,NATIONAL AERONAUTICS AND SPACE ADMINISTRATION,80GSFC,NASA GODDARD SPACE FLIGHT CENTER,080,NATIONAL AERONAUTICS AND SPACE ADMINISTRATION (NASA),8000,NATIONAL AERONAUTICS AND SPACE ADMINISTRATION,80GSFC,NASA GODDARD SPACE FLIGHT CENTER,W1NBN156CYF9,,"ASSOCIATION OF UNIVERSITIES FOR RESEARCH IN ASTRONOMY, INC.","ASSOCIATION OF UNIVERSITIES FOR RESEARCH IN ASTRONOMY, INC.",W1NBN156CYF9,W1NBN156CYF9,"ASSOCIATION OF UNIVERSITIES FOR RESEARCH IN ASTRONOMY, INC.",ASSOCIATION OF UNIVERSITIES FOR RESEARCH IN ASTRONOMY  INC.,USA,MD,BALTIMORE (CITY),BALTIMORE,MD-07,MD-07,212182410,UNITED STATES,MARYLAND,BALTIMORE CITY,MD-07,MD-07,212182410,,,AR45,"R&D- SPACE: OPERATIONS, TRACKING AND DATA ACQUISITION (OPERATIONAL SYSTEMS DEVELOPMENT)",541715,"RESEARCH AND DEVELOPMENT IN THE PHYSICAL, ENGINEERING, AND LIFE SCIENCES (EXCEPT NANOTECHNOLOGY AND BIOTECHNOLOGY)",,,https://www.usaspending.gov/award/CONT_AWD_80GSFC19C0054_8000_-NONE-_-NONE-/,2020-08-27
National Aeronautics and Space Administration,National Aeronautics and Space Administration,FY2020P10,,080,2019,2020,,0120,000,080-2019/2020-0120-000,"Science, National Aeronautics and Space Administration",National Aeronautics and Space Administration,,"General Science, Space, and Technology","Space flight, research, and supporting activities",080-0120,"Science, National Aeronautics and Space Administration",0001,SCIENCE (DIRECT),25.5,Research and development contracts,D,Q,Not Designated Nonemergency/Emergency/Disaster/Wildfire Suppression,,4588200.00,,,CONT_AWD_80GSFC19C0054_8000_-NONE-_-NONE-,80GSFC19C0054,,,,2019-07-01,2019,2025-09-08,2025,2019-07-01,2027-09-30,,D,DEFINITIVE CONTRACT,,,THIS CONTRACT IS FOR THE PRODUCTS AND SERVICES ASSOCIATED WITH THE DESIGN PHASE OF THE WIDE-FIELD INFRARED SURVEY TELESCOPE (WFIRST) SCIENCE OPERATIONS CENTER (SOC),080,NATIONAL AERONAUTICS AND SPACE ADMINISTRATION (NASA),8000,NATIONAL AERONAUTICS AND SPACE ADMINISTRATION,80GSFC,NASA GODDARD SPACE FLIGHT CENTER,080,NATIONAL AERONAUTICS AND SPACE ADMINISTRATION (NASA),8000,NATIONAL AERONAUTICS AND SPACE ADMINISTRATION,80GSFC,NASA GODDARD SPACE FLIGHT CENTER,W1NBN156CYF9,,"ASSOCIATION OF UNIVERSITIES FOR RESEARCH IN ASTRONOMY, INC.","ASSOCIATION OF UNIVERSITIES FOR RESEARCH IN ASTRONOMY, INC.",W1NBN156CYF9,W1NBN156CYF9,"ASSOCIATION OF UNIVERSITIES FOR RESEARCH IN ASTRONOMY, INC.",ASSOCIATION OF UNIVERSITIES FOR RESEARCH IN ASTRONOMY  INC.,USA,MD,BALTIMORE (CITY),BALTIMORE,MD-07,MD-07,212182410,UNITED STATES,MARYLAND,BALTIMORE CITY,MD-07,MD-07,212182410,,,AR45,"R&D- SPACE: OPERATIONS, TRACKING AND DATA ACQUISITION (OPERATIONAL SYSTEMS DEVELOPMENT)",541715,"RESEARCH AND DEVELOPMENT IN THE PHYSICAL, ENGINEERING, AND LIFE SCIENCES (EXCEPT NANOTECHNOLOGY AND BIOTECHNOLOGY)",,,https://www.usaspending.gov/award/CONT_AWD_80GSFC19C0054_8000_-NONE-_-NONE-/,2020-08-27
National Aeronautics and Space Administration,National Aeronautics and Space Administration,FY2020P11,,080,2020,2021,,0120,000,080-2020/2021-0120-000,"Science, National Aeronautics and Space Administration",National Aeronautics and Space Administration,,"General Science, Space, and Technology","Space flight, research, and supporting activities",080-0120,"Science, National Aeronautics and Space Administration",0001,SCIENCE (DIRECT),25.5,Research and development contracts,D,Q,Not Designated Nonemergency/Emergency/Disaster/Wildfire Suppression,,4373793.28,,,CONT_AWD_80GSFC19C0054_8000_-NONE-_-NONE-,80GSFC19C0054,,,,2019-07-01,2019,2025-09-08,2025,2019-07-01,2027-09-30,,D,DEFINITIVE CONTRACT,,,THIS CONTRACT IS FOR THE PRODUCTS AND SERVICES ASSOCIATED WITH THE DESIGN PHASE OF THE WIDE-FIELD INFRARED SURVEY TELESCOPE (WFIRST) SCIENCE OPERATIONS CENTER (SOC),080,NATIONAL AERONAUTICS AND SPACE ADMINISTRATION (NASA),8000,NATIONAL AERONAUTICS AND SPACE ADMINISTRATION,80GSFC,NASA GODDARD SPACE FLIGHT CENTER,080,NATIONAL AERONAUTICS AND SPACE ADMINISTRATION (NASA),8000,NATIONAL AERONAUTICS AND SPACE ADMINISTRATION,80GSFC,NASA GODDARD SPACE FLIGHT CENTER,W1NBN156CYF9,,"ASSOCIATION OF UNIVERSITIES FOR RESEARCH IN ASTRONOMY, INC.","ASSOCIATION OF UNIVERSITIES FOR RESEARCH IN ASTRONOMY, INC.",W1NBN156CYF9,W1NBN156CYF9,"ASSOCIATION OF UNIVERSITIES FOR RESEARCH IN ASTRONOMY, INC.",ASSOCIATION OF UNIVERSITIES FOR RESEARCH IN ASTRONOMY  INC.,USA,MD,BALTIMORE (CITY),BALTIMORE,MD-07,MD-07,212182410,UNITED STATES,MARYLAND,BALTIMORE CITY,MD-07,MD-07,212182410,,,AR45,"R&D- SPACE: OPERATIONS, TRACKING AND DATA ACQUISITION (OPERATIONAL SYSTEMS DEVELOPMENT)",541715,"RESEARCH AND DEVELOPMENT IN THE PHYSICAL, ENGINEERING, AND LIFE SCIENCES (EXCEPT NANOTECHNOLOGY AND BIOTECHNOLOGY)",,,https://www.usaspending.gov/award/CONT_AWD_80GSFC19C0054_8000_-NONE-_-NONE-/,2020-09-28
National Aeronautics and Space Administration,National Aeronautics and Space Administration,FY2020P11,,080,2019,2020,,0120,000,080-2019/2020-0120-000,"Science, National Aeronautics and Space Administration",National Aeronautics and Space Administration,,"General Science, Space, and Technology","Space flight, research, and supporting activities",080-0120,"Science, National Aeronautics and Space Administration",0001,SCIENCE (DIRECT),25.5,Research and development contracts,D,Q,Not Designated Nonemergency/Emergency/Disaster/Wildfire Suppression,,4588200.00,,,CONT_AWD_80GSFC19C0054_8000_-NONE-_-NONE-,80GSFC19C0054,,,,2019-07-01,2019,2025-09-08,2025,2019-07-01,2027-09-30,,D,DEFINITIVE CONTRACT,,,THIS CONTRACT IS FOR THE PRODUCTS AND SERVICES ASSOCIATED WITH THE DESIGN PHASE OF THE WIDE-FIELD INFRARED SURVEY TELESCOPE (WFIRST) SCIENCE OPERATIONS CENTER (SOC),080,NATIONAL AERONAUTICS AND SPACE ADMINISTRATION (NASA),8000,NATIONAL AERONAUTICS AND SPACE ADMINISTRATION,80GSFC,NASA GODDARD SPACE FLIGHT CENTER,080,NATIONAL AERONAUTICS AND SPACE ADMINISTRATION (NASA),8000,NATIONAL AERONAUTICS AND SPACE ADMINISTRATION,80GSFC,NASA GODDARD SPACE FLIGHT CENTER,W1NBN156CYF9,,"ASSOCIATION OF UNIVERSITIES FOR RESEARCH IN ASTRONOMY, INC.","ASSOCIATION OF UNIVERSITIES FOR RESEARCH IN ASTRONOMY, INC.",W1NBN156CYF9,W1NBN156CYF9,"ASSOCIATION OF UNIVERSITIES FOR RESEARCH IN ASTRONOMY, INC.",ASSOCIATION OF UNIVERSITIES FOR RESEARCH IN ASTRONOMY  INC.,USA,MD,BALTIMORE (CITY),BALTIMORE,MD-07,MD-07,212182410,UNITED STATES,MARYLAND,BALTIMORE CITY,MD-07,MD-07,212182410,,,AR45,"R&D- SPACE: OPERATIONS, TRACKING AND DATA ACQUISITION (OPERATIONAL SYSTEMS DEVELOPMENT)",541715,"RESEARCH AND DEVELOPMENT IN THE PHYSICAL, ENGINEERING, AND LIFE SCIENCES (EXCEPT NANOTECHNOLOGY AND BIOTECHNOLOGY)",,,https://www.usaspending.gov/award/CONT_AWD_80GSFC19C0054_8000_-NONE-_-NONE-/,2020-09-28
National Aeronautics and Space Administration,National Aeronautics and Space Administration,FY2020P12,,080,2020,2021,,0120,000,080-2020/2021-0120-000,"Science, National Aeronautics and Space Administration",National Aeronautics and Space Administration,,"General Science, Space, and Technology","Space flight, research, and supporting activities",080-0120,"Science, National Aeronautics and Space Administration",0001,SCIENCE (DIRECT),25.5,Research and development contracts,D,Q,Not Designated Nonemergency/Emergency/Disaster/Wildfire Suppression,1700000.00,,,,CONT_AWD_80GSFC19C0054_8000_-NONE-_-NONE-,80GSFC19C0054,,,,2019-07-01,2019,2025-09-08,2025,2019-07-01,2027-09-30,,D,DEFINITIVE CONTRACT,,,THIS CONTRACT IS FOR THE PRODUCTS AND SERVICES ASSOCIATED WITH THE DESIGN PHASE OF THE WIDE-FIELD INFRARED SURVEY TELESCOPE (WFIRST) SCIENCE OPERATIONS CENTER (SOC),080,NATIONAL AERONAUTICS AND SPACE ADMINISTRATION (NASA),8000,NATIONAL AERONAUTICS AND SPACE ADMINISTRATION,80GSFC,NASA GODDARD SPACE FLIGHT CENTER,080,NATIONAL AERONAUTICS AND SPACE ADMINISTRATION (NASA),8000,NATIONAL AERONAUTICS AND SPACE ADMINISTRATION,80GSFC,NASA GODDARD SPACE FLIGHT CENTER,W1NBN156CYF9,,"ASSOCIATION OF UNIVERSITIES FOR RESEARCH IN ASTRONOMY, INC.","ASSOCIATION OF UNIVERSITIES FOR RESEARCH IN ASTRONOMY, INC.",W1NBN156CYF9,W1NBN156CYF9,"ASSOCIATION OF UNIVERSITIES FOR RESEARCH IN ASTRONOMY, INC.",ASSOCIATION OF UNIVERSITIES FOR RESEARCH IN ASTRONOMY  INC.,USA,MD,BALTIMORE (CITY),BALTIMORE,MD-07,MD-07,212182410,UNITED STATES,MARYLAND,BALTIMORE CITY,MD-07,MD-07,212182410,,,AR45,"R&D- SPACE: OPERATIONS, TRACKING AND DATA ACQUISITION (OPERATIONAL SYSTEMS DEVELOPMENT)",541715,"RESEARCH AND DEVELOPMENT IN THE PHYSICAL, ENGINEERING, AND LIFE SCIENCES (EXCEPT NANOTECHNOLOGY AND BIOTECHNOLOGY)",,,https://www.usaspending.gov/award/CONT_AWD_80GSFC19C0054_8000_-NONE-_-NONE-/,2020-10-29
National Aeronautics and Space Administration,National Aeronautics and Space Administration,FY2020P12,,080,2020,2021,,0120,000,080-2020/2021-0120-000,"Science, National Aeronautics and Space Administration",National Aeronautics and Space Administration,,"General Science, Space, and Technology","Space flight, research, and supporting activities",080-0120,"Science, National Aeronautics and Space Administration",0001,SCIENCE (DIRECT),25.5,Research and development contracts,D,Q,Not Designated Nonemergency/Emergency/Disaster/Wildfire Suppression,,7920926.85,,,CONT_AWD_80GSFC19C0054_8000_-NONE-_-NONE-,80GSFC19C0054,,,,2019-07-01,2019,2025-09-08,2025,2019-07-01,2027-09-30,,D,DEFINITIVE CONTRACT,,,THIS CONTRACT IS FOR THE PRODUCTS AND SERVICES ASSOCIATED WITH THE DESIGN PHASE OF THE WIDE-FIELD INFRARED SURVEY TELESCOPE (WFIRST) SCIENCE OPERATIONS CENTER (SOC),080,NATIONAL AERONAUTICS AND SPACE ADMINISTRATION (NASA),8000,NATIONAL AERONAUTICS AND SPACE ADMINISTRATION,80GSFC,NASA GODDARD SPACE FLIGHT CENTER,080,NATIONAL AERONAUTICS AND SPACE ADMINISTRATION (NASA),8000,NATIONAL AERONAUTICS AND SPACE ADMINISTRATION,80GSFC,NASA GODDARD SPACE FLIGHT CENTER,W1NBN156CYF9,,"ASSOCIATION OF UNIVERSITIES FOR RESEARCH IN ASTRONOMY, INC.","ASSOCIATION OF UNIVERSITIES FOR RESEARCH IN ASTRONOMY, INC.",W1NBN156CYF9,W1NBN156CYF9,"ASSOCIATION OF UNIVERSITIES FOR RESEARCH IN ASTRONOMY, INC.",ASSOCIATION OF UNIVERSITIES FOR RESEARCH IN ASTRONOMY  INC.,USA,MD,BALTIMORE (CITY),BALTIMORE,MD-07,MD-07,212182410,UNITED STATES,MARYLAND,BALTIMORE CITY,MD-07,MD-07,212182410,,,AR45,"R&D- SPACE: OPERATIONS, TRACKING AND DATA ACQUISITION (OPERATIONAL SYSTEMS DEVELOPMENT)",541715,"RESEARCH AND DEVELOPMENT IN THE PHYSICAL, ENGINEERING, AND LIFE SCIENCES (EXCEPT NANOTECHNOLOGY AND BIOTECHNOLOGY)",,,https://www.usaspending.gov/award/CONT_AWD_80GSFC19C0054_8000_-NONE-_-NONE-/,2020-10-29
National Aeronautics and Space Administration,National Aeronautics and Space Administration,FY2020P12,,080,2019,2020,,0120,000,080-2019/2020-0120-000,"Science, National Aeronautics and Space Administration",National Aeronautics and Space Administration,,"General Science, Space, and Technology","Space flight, research, and supporting activities",080-0120,"Science, National Aeronautics and Space Administration",0001,SCIENCE (DIRECT),25.5,Research and development contracts,D,Q,Not Designated Nonemergency/Emergency/Disaster/Wildfire Suppression,,4588200.00,,,CONT_AWD_80GSFC19C0054_8000_-NONE-_-NONE-,80GSFC19C0054,,,,2019-07-01,2019,2025-09-08,2025,2019-07-01,2027-09-30,,D,DEFINITIVE CONTRACT,,,THIS CONTRACT IS FOR THE PRODUCTS AND SERVICES ASSOCIATED WITH THE DESIGN PHASE OF THE WIDE-FIELD INFRARED SURVEY TELESCOPE (WFIRST) SCIENCE OPERATIONS CENTER (SOC),080,NATIONAL AERONAUTICS AND SPACE ADMINISTRATION (NASA),8000,NATIONAL AERONAUTICS AND SPACE ADMINISTRATION,80GSFC,NASA GODDARD SPACE FLIGHT CENTER,080,NATIONAL AERONAUTICS AND SPACE ADMINISTRATION (NASA),8000,NATIONAL AERONAUTICS AND SPACE ADMINISTRATION,80GSFC,NASA GODDARD SPACE FLIGHT CENTER,W1NBN156CYF9,,"ASSOCIATION OF UNIVERSITIES FOR RESEARCH IN ASTRONOMY, INC.","ASSOCIATION OF UNIVERSITIES FOR RESEARCH IN ASTRONOMY, INC.",W1NBN156CYF9,W1NBN156CYF9,"ASSOCIATION OF UNIVERSITIES FOR RESEARCH IN ASTRONOMY, INC.",ASSOCIATION OF UNIVERSITIES FOR RESEARCH IN ASTRONOMY  INC.,USA,MD,BALTIMORE (CITY),BALTIMORE,MD-07,MD-07,212182410,UNITED STATES,MARYLAND,BALTIMORE CITY,MD-07,MD-07,212182410,,,AR45,"R&D- SPACE: OPERATIONS, TRACKING AND DATA ACQUISITION (OPERATIONAL SYSTEMS DEVELOPMENT)",541715,"RESEARCH AND DEVELOPMENT IN THE PHYSICAL, ENGINEERING, AND LIFE SCIENCES (EXCEPT NANOTECHNOLOGY AND BIOTECHNOLOGY)",,,https://www.usaspending.gov/award/CONT_AWD_80GSFC19C0054_8000_-NONE-_-NONE-/,2020-10-29
National Aeronautics and Space Administration,National Aeronautics and Space Administration,FY2021P03,,080,2020,2021,,0120,000,080-2020/2021-0120-000,"Science, National Aeronautics and Space Administration",National Aeronautics and Space Administration,,"General Science, Space, and Technology","Space flight, research, and supporting activities",080-0120,"Science, National Aeronautics and Space Administration",0001,SCIENCE (DIRECT),25.5,Research and development contracts,D,Q,Not Designated Nonemergency/Emergency/Disaster/Wildfire Suppression,,3635493.10,,,CONT_AWD_80GSFC19C0054_8000_-NONE-_-NONE-,80GSFC19C0054,,,,2019-07-01,2019,2025-09-08,2025,2019-07-01,2027-09-30,,D,DEFINITIVE CONTRACT,,,THIS CONTRACT IS FOR THE PRODUCTS AND SERVICES ASSOCIATED WITH THE DESIGN PHASE OF THE WIDE-FIELD INFRARED SURVEY TELESCOPE (WFIRST) SCIENCE OPERATIONS CENTER (SOC),080,NATIONAL AERONAUTICS AND SPACE ADMINISTRATION (NASA),8000,NATIONAL AERONAUTICS AND SPACE ADMINISTRATION,80GSFC,NASA GODDARD SPACE FLIGHT CENTER,080,NATIONAL AERONAUTICS AND SPACE ADMINISTRATION (NASA),8000,NATIONAL AERONAUTICS AND SPACE ADMINISTRATION,80GSFC,NASA GODDARD SPACE FLIGHT CENTER,W1NBN156CYF9,,"ASSOCIATION OF UNIVERSITIES FOR RESEARCH IN ASTRONOMY, INC.","ASSOCIATION OF UNIVERSITIES FOR RESEARCH IN ASTRONOMY, INC.",W1NBN156CYF9,W1NBN156CYF9,"ASSOCIATION OF UNIVERSITIES FOR RESEARCH IN ASTRONOMY, INC.",ASSOCIATION OF UNIVERSITIES FOR RESEARCH IN ASTRONOMY  INC.,USA,MD,BALTIMORE (CITY),BALTIMORE,MD-07,MD-07,212182410,UNITED STATES,MARYLAND,BALTIMORE CITY,MD-07,MD-07,212182410,,,AR45,"R&D- SPACE: OPERATIONS, TRACKING AND DATA ACQUISITION (OPERATIONAL SYSTEMS DEVELOPMENT)",541715,"RESEARCH AND DEVELOPMENT IN THE PHYSICAL, ENGINEERING, AND LIFE SCIENCES (EXCEPT NANOTECHNOLOGY AND BIOTECHNOLOGY)",,,https://www.usaspending.gov/award/CONT_AWD_80GSFC19C0054_8000_-NONE-_-NONE-/,2021-02-07
National Aeronautics and Space Administration,National Aeronautics and Space Administration,FY2021P04,,080,2020,2021,,0120,000,080-2020/2021-0120-000,"Science, National Aeronautics and Space Administration",National Aeronautics and Space Administration,,"General Science, Space, and Technology","Space flight, research, and supporting activities",080-0120,"Science, National Aeronautics and Space Administration",0001,SCIENCE (DIRECT),25.5,Research and development contracts,D,Q,Not Designated Nonemergency/Emergency/Disaster/Wildfire Suppression,,3601586.58,,,CONT_AWD_80GSFC19C0054_8000_-NONE-_-NONE-,80GSFC19C0054,,,,2019-07-01,2019,2025-09-08,2025,2019-07-01,2027-09-30,,D,DEFINITIVE CONTRACT,,,THIS CONTRACT IS FOR THE PRODUCTS AND SERVICES ASSOCIATED WITH THE DESIGN PHASE OF THE WIDE-FIELD INFRARED SURVEY TELESCOPE (WFIRST) SCIENCE OPERATIONS CENTER (SOC),080,NATIONAL AERONAUTICS AND SPACE ADMINISTRATION (NASA),8000,NATIONAL AERONAUTICS AND SPACE ADMINISTRATION,80GSFC,NASA GODDARD SPACE FLIGHT CENTER,080,NATIONAL AERONAUTICS AND SPACE ADMINISTRATION (NASA),8000,NATIONAL AERONAUTICS AND SPACE ADMINISTRATION,80GSFC,NASA GODDARD SPACE FLIGHT CENTER,W1NBN156CYF9,,"ASSOCIATION OF UNIVERSITIES FOR RESEARCH IN ASTRONOMY, INC.","ASSOCIATION OF UNIVERSITIES FOR RESEARCH IN ASTRONOMY, INC.",W1NBN156CYF9,W1NBN156CYF9,"ASSOCIATION OF UNIVERSITIES FOR RESEARCH IN ASTRONOMY, INC.",ASSOCIATION OF UNIVERSITIES FOR RESEARCH IN ASTRONOMY  INC.,USA,MD,BALTIMORE (CITY),BALTIMORE,MD-07,MD-07,212182410,UNITED STATES,MARYLAND,BALTIMORE CITY,MD-07,MD-07,212182410,,,AR45,"R&D- SPACE: OPERATIONS, TRACKING AND DATA ACQUISITION (OPERATIONAL SYSTEMS DEVELOPMENT)",541715,"RESEARCH AND DEVELOPMENT IN THE PHYSICAL, ENGINEERING, AND LIFE SCIENCES (EXCEPT NANOTECHNOLOGY AND BIOTECHNOLOGY)",,,https://www.usaspending.gov/award/CONT_AWD_80GSFC19C0054_8000_-NONE-_-NONE-/,2021-02-26
National Aeronautics and Space Administration,National Aeronautics and Space Administration,FY2021P04,,080,2021,2022,,0120,000,080-2021/2022-0120-000,"Science, National Aeronautics and Space Administration",National Aeronautics and Space Administration,,"General Science, Space, and Technology","Space flight, research, and supporting activities",080-0120,"Science, National Aeronautics and Space Administration",0001,SCIENCE (DIRECT),25.5,Research and development contracts,D,Q,Not Designated Nonemergency/Emergency/Disaster/Wildfire Suppression,1500000.00,,,,CONT_AWD_80GSFC19C0054_8000_-NONE-_-NONE-,80GSFC19C0054,,,,2019-07-01,2019,2025-09-08,2025,2019-07-01,2027-09-30,,D,DEFINITIVE CONTRACT,,,THIS CONTRACT IS FOR THE PRODUCTS AND SERVICES ASSOCIATED WITH THE DESIGN PHASE OF THE WIDE-FIELD INFRARED SURVEY TELESCOPE (WFIRST) SCIENCE OPERATIONS CENTER (SOC),080,NATIONAL AERONAUTICS AND SPACE ADMINISTRATION (NASA),8000,NATIONAL AERONAUTICS AND SPACE ADMINISTRATION,80GSFC,NASA GODDARD SPACE FLIGHT CENTER,080,NATIONAL AERONAUTICS AND SPACE ADMINISTRATION (NASA),8000,NATIONAL AERONAUTICS AND SPACE ADMINISTRATION,80GSFC,NASA GODDARD SPACE FLIGHT CENTER,W1NBN156CYF9,,"ASSOCIATION OF UNIVERSITIES FOR RESEARCH IN ASTRONOMY, INC.","ASSOCIATION OF UNIVERSITIES FOR RESEARCH IN ASTRONOMY, INC.",W1NBN156CYF9,W1NBN156CYF9,"ASSOCIATION OF UNIVERSITIES FOR RESEARCH IN ASTRONOMY, INC.",ASSOCIATION OF UNIVERSITIES FOR RESEARCH IN ASTRONOMY  INC.,USA,MD,BALTIMORE (CITY),BALTIMORE,MD-07,MD-07,212182410,UNITED STATES,MARYLAND,BALTIMORE CITY,MD-07,MD-07,212182410,,,AR45,"R&D- SPACE: OPERATIONS, TRACKING AND DATA ACQUISITION (OPERATIONAL SYSTEMS DEVELOPMENT)",541715,"RESEARCH AND DEVELOPMENT IN THE PHYSICAL, ENGINEERING, AND LIFE SCIENCES (EXCEPT NANOTECHNOLOGY AND BIOTECHNOLOGY)",,,https://www.usaspending.gov/award/CONT_AWD_80GSFC19C0054_8000_-NONE-_-NONE-/,2021-02-26
National Aeronautics and Space Administration,National Aeronautics and Space Administration,FY2021P05,,080,2020,2021,,0120,000,080-2020/2021-0120-000,"Science, National Aeronautics and Space Administration",National Aeronautics and Space Administration,,"General Science, Space, and Technology","Space flight, research, and supporting activities",080-0120,"Science, National Aeronautics and Space Administration",0001,SCIENCE (DIRECT),25.5,Research and development contracts,D,Q,Not Designated Nonemergency/Emergency/Disaster/Wildfire Suppression,,4975861.89,,,CONT_AWD_80GSFC19C0054_8000_-NONE-_-NONE-,80GSFC19C0054,,,,2019-07-01,2019,2025-09-08,2025,2019-07-01,2027-09-30,,D,DEFINITIVE CONTRACT,,,THIS CONTRACT IS FOR THE PRODUCTS AND SERVICES ASSOCIATED WITH THE DESIGN PHASE OF THE WIDE-FIELD INFRARED SURVEY TELESCOPE (WFIRST) SCIENCE OPERATIONS CENTER (SOC),080,NATIONAL AERONAUTICS AND SPACE ADMINISTRATION (NASA),8000,NATIONAL AERONAUTICS AND SPACE ADMINISTRATION,80GSFC,NASA GODDARD SPACE FLIGHT CENTER,080,NATIONAL AERONAUTICS AND SPACE ADMINISTRATION (NASA),8000,NATIONAL AERONAUTICS AND SPACE ADMINISTRATION,80GSFC,NASA GODDARD SPACE FLIGHT CENTER,W1NBN156CYF9,,"ASSOCIATION OF UNIVERSITIES FOR RESEARCH IN ASTRONOMY, INC.","ASSOCIATION OF UNIVERSITIES FOR RESEARCH IN ASTRONOMY, INC.",W1NBN156CYF9,W1NBN156CYF9,"ASSOCIATION OF UNIVERSITIES FOR RESEARCH IN ASTRONOMY, INC.",ASSOCIATION OF UNIVERSITIES FOR RESEARCH IN ASTRONOMY  INC.,USA,MD,BALTIMORE (CITY),BALTIMORE,MD-07,MD-07,212182410,UNITED STATES,MARYLAND,BALTIMORE CITY,MD-07,MD-07,212182410,,,AR45,"R&D- SPACE: OPERATIONS, TRACKING AND DATA ACQUISITION (OPERATIONAL SYSTEMS DEVELOPMENT)",541715,"RESEARCH AND DEVELOPMENT IN THE PHYSICAL, ENGINEERING, AND LIFE SCIENCES (EXCEPT NANOTECHNOLOGY AND BIOTECHNOLOGY)",,,https://www.usaspending.gov/award/CONT_AWD_80GSFC19C0054_8000_-NONE-_-NONE-/,2021-03-26
National Aeronautics and Space Administration,National Aeronautics and Space Administration,FY2021P05,,080,2021,2022,,0120,000,080-2021/2022-0120-000,"Science, National Aeronautics and Space Administration",National Aeronautics and Space Administration,,"General Science, Space, and Technology","Space flight, research, and supporting activities",080-0120,"Science, National Aeronautics and Space Administration",0001,SCIENCE (DIRECT),25.5,Research and development contracts,D,Q,Not Designated Nonemergency/Emergency/Disaster/Wildfire Suppression,8168000.00,,,,CONT_AWD_80GSFC19C0054_8000_-NONE-_-NONE-,80GSFC19C0054,,,,2019-07-01,2019,2025-09-08,2025,2019-07-01,2027-09-30,,D,DEFINITIVE CONTRACT,,,THIS CONTRACT IS FOR THE PRODUCTS AND SERVICES ASSOCIATED WITH THE DESIGN PHASE OF THE WIDE-FIELD INFRARED SURVEY TELESCOPE (WFIRST) SCIENCE OPERATIONS CENTER (SOC),080,NATIONAL AERONAUTICS AND SPACE ADMINISTRATION (NASA),8000,NATIONAL AERONAUTICS AND SPACE ADMINISTRATION,80GSFC,NASA GODDARD SPACE FLIGHT CENTER,080,NATIONAL AERONAUTICS AND SPACE ADMINISTRATION (NASA),8000,NATIONAL AERONAUTICS AND SPACE ADMINISTRATION,80GSFC,NASA GODDARD SPACE FLIGHT CENTER,W1NBN156CYF9,,"ASSOCIATION OF UNIVERSITIES FOR RESEARCH IN ASTRONOMY, INC.","ASSOCIATION OF UNIVERSITIES FOR RESEARCH IN ASTRONOMY, INC.",W1NBN156CYF9,W1NBN156CYF9,"ASSOCIATION OF UNIVERSITIES FOR RESEARCH IN ASTRONOMY, INC.",ASSOCIATION OF UNIVERSITIES FOR RESEARCH IN ASTRONOMY  INC.,USA,MD,BALTIMORE (CITY),BALTIMORE,MD-07,MD-07,212182410,UNITED STATES,MARYLAND,BALTIMORE CITY,MD-07,MD-07,212182410,,,AR45,"R&D- SPACE: OPERATIONS, TRACKING AND DATA ACQUISITION (OPERATIONAL SYSTEMS DEVELOPMENT)",541715,"RESEARCH AND DEVELOPMENT IN THE PHYSICAL, ENGINEERING, AND LIFE SCIENCES (EXCEPT NANOTECHNOLOGY AND BIOTECHNOLOGY)",,,https://www.usaspending.gov/award/CONT_AWD_80GSFC19C0054_8000_-NONE-_-NONE-/,2021-03-26
National Aeronautics and Space Administration,National Aeronautics and Space Administration,FY2021P06,,080,2020,2021,,0120,000,080-2020/2021-0120-000,"Science, National Aeronautics and Space Administration",National Aeronautics and Space Administration,,"General Science, Space, and Technology","Space flight, research, and supporting activities",080-0120,"Science, National Aeronautics and Space Administration",0001,SCIENCE (DIRECT),25.5,Research and development contracts,D,Q,Not Designated Nonemergency/Emergency/Disaster/Wildfire Suppression,,6543733.74,,,CONT_AWD_80GSFC19C0054_8000_-NONE-_-NONE-,80GSFC19C0054,,,,2019-07-01,2019,2025-09-08,2025,2019-07-01,2027-09-30,,D,DEFINITIVE CONTRACT,,,THIS CONTRACT IS FOR THE PRODUCTS AND SERVICES ASSOCIATED WITH THE DESIGN PHASE OF THE WIDE-FIELD INFRARED SURVEY TELESCOPE (WFIRST) SCIENCE OPERATIONS CENTER (SOC),080,NATIONAL AERONAUTICS AND SPACE ADMINISTRATION (NASA),8000,NATIONAL AERONAUTICS AND SPACE ADMINISTRATION,80GSFC,NASA GODDARD SPACE FLIGHT CENTER,080,NATIONAL AERONAUTICS AND SPACE ADMINISTRATION (NASA),8000,NATIONAL AERONAUTICS AND SPACE ADMINISTRATION,80GSFC,NASA GODDARD SPACE FLIGHT CENTER,W1NBN156CYF9,,"ASSOCIATION OF UNIVERSITIES FOR RESEARCH IN ASTRONOMY, INC.","ASSOCIATION OF UNIVERSITIES FOR RESEARCH IN ASTRONOMY, INC.",W1NBN156CYF9,W1NBN156CYF9,"ASSOCIATION OF UNIVERSITIES FOR RESEARCH IN ASTRONOMY, INC.",ASSOCIATION OF UNIVERSITIES FOR RESEARCH IN ASTRONOMY  INC.,USA,MD,BALTIMORE (CITY),BALTIMORE,MD-07,MD-07,212182410,UNITED STATES,MARYLAND,BALTIMORE CITY,MD-07,MD-07,212182410,,,AR45,"R&D- SPACE: OPERATIONS, TRACKING AND DATA ACQUISITION (OPERATIONAL SYSTEMS DEVELOPMENT)",541715,"RESEARCH AND DEVELOPMENT IN THE PHYSICAL, ENGINEERING, AND LIFE SCIENCES (EXCEPT NANOTECHNOLOGY AND BIOTECHNOLOGY)",,,https://www.usaspending.gov/award/CONT_AWD_80GSFC19C0054_8000_-NONE-_-NONE-/,2021-04-25
National Aeronautics and Space Administration,National Aeronautics and Space Administration,FY2021P07,,080,2020,2021,,0120,000,080-2020/2021-0120-000,"Science, National Aeronautics and Space Administration",National Aeronautics and Space Administration,,"General Science, Space, and Technology","Space flight, research, and supporting activities",080-0120,"Science, National Aeronautics and Space Administration",0001,SCIENCE (DIRECT),25.5,Research and development contracts,D,Q,Not Designated Nonemergency/Emergency/Disaster/Wildfire Suppression,,7261713.15,,,CONT_AWD_80GSFC19C0054_8000_-NONE-_-NONE-,80GSFC19C0054,,,,2019-07-01,2019,2025-09-08,2025,2019-07-01,2027-09-30,,D,DEFINITIVE CONTRACT,,,THIS CONTRACT IS FOR THE PRODUCTS AND SERVICES ASSOCIATED WITH THE DESIGN PHASE OF THE WIDE-FIELD INFRARED SURVEY TELESCOPE (WFIRST) SCIENCE OPERATIONS CENTER (SOC),080,NATIONAL AERONAUTICS AND SPACE ADMINISTRATION (NASA),8000,NATIONAL AERONAUTICS AND SPACE ADMINISTRATION,80GSFC,NASA GODDARD SPACE FLIGHT CENTER,080,NATIONAL AERONAUTICS AND SPACE ADMINISTRATION (NASA),8000,NATIONAL AERONAUTICS AND SPACE ADMINISTRATION,80GSFC,NASA GODDARD SPACE FLIGHT CENTER,W1NBN156CYF9,,"ASSOCIATION OF UNIVERSITIES FOR RESEARCH IN ASTRONOMY, INC.","ASSOCIATION OF UNIVERSITIES FOR RESEARCH IN ASTRONOMY, INC.",W1NBN156CYF9,W1NBN156CYF9,"ASSOCIATION OF UNIVERSITIES FOR RESEARCH IN ASTRONOMY, INC.",ASSOCIATION OF UNIVERSITIES FOR RESEARCH IN ASTRONOMY  INC.,USA,MD,BALTIMORE (CITY),BALTIMORE,MD-07,MD-07,212182410,UNITED STATES,MARYLAND,BALTIMORE CITY,MD-07,MD-07,212182410,,,AR45,"R&D- SPACE: OPERATIONS, TRACKING AND DATA ACQUISITION (OPERATIONAL SYSTEMS DEVELOPMENT)",541715,"RESEARCH AND DEVELOPMENT IN THE PHYSICAL, ENGINEERING, AND LIFE SCIENCES (EXCEPT NANOTECHNOLOGY AND BIOTECHNOLOGY)",,,https://www.usaspending.gov/award/CONT_AWD_80GSFC19C0054_8000_-NONE-_-NONE-/,2021-05-26
National Aeronautics and Space Administration,National Aeronautics and Space Administration,FY2021P07,,080,2021,2022,,0120,000,080-2021/2022-0120-000,"Science, National Aeronautics and Space Administration",National Aeronautics and Space Administration,,"General Science, Space, and Technology","Space flight, research, and supporting activities",080-0120,"Science, National Aeronautics and Space Administration",0001,SCIENCE (DIRECT),25.5,Research and development contracts,D,Q,Not Designated Nonemergency/Emergency/Disaster/Wildfire Suppression,,73886.95,,,CONT_AWD_80GSFC19C0054_8000_-NONE-_-NONE-,80GSFC19C0054,,,,2019-07-01,2019,2025-09-08,2025,2019-07-01,2027-09-30,,D,DEFINITIVE CONTRACT,,,THIS CONTRACT IS FOR THE PRODUCTS AND SERVICES ASSOCIATED WITH THE DESIGN PHASE OF THE WIDE-FIELD INFRARED SURVEY TELESCOPE (WFIRST) SCIENCE OPERATIONS CENTER (SOC),080,NATIONAL AERONAUTICS AND SPACE ADMINISTRATION (NASA),8000,NATIONAL AERONAUTICS AND SPACE ADMINISTRATION,80GSFC,NASA GODDARD SPACE FLIGHT CENTER,080,NATIONAL AERONAUTICS AND SPACE ADMINISTRATION (NASA),8000,NATIONAL AERONAUTICS AND SPACE ADMINISTRATION,80GSFC,NASA GODDARD SPACE FLIGHT CENTER,W1NBN156CYF9,,"ASSOCIATION OF UNIVERSITIES FOR RESEARCH IN ASTRONOMY, INC.","ASSOCIATION OF UNIVERSITIES FOR RESEARCH IN ASTRONOMY, INC.",W1NBN156CYF9,W1NBN156CYF9,"ASSOCIATION OF UNIVERSITIES FOR RESEARCH IN ASTRONOMY, INC.",ASSOCIATION OF UNIVERSITIES FOR RESEARCH IN ASTRONOMY  INC.,USA,MD,BALTIMORE (CITY),BALTIMORE,MD-07,MD-07,212182410,UNITED STATES,MARYLAND,BALTIMORE CITY,MD-07,MD-07,212182410,,,AR45,"R&D- SPACE: OPERATIONS, TRACKING AND DATA ACQUISITION (OPERATIONAL SYSTEMS DEVELOPMENT)",541715,"RESEARCH AND DEVELOPMENT IN THE PHYSICAL, ENGINEERING, AND LIFE SCIENCES (EXCEPT NANOTECHNOLOGY AND BIOTECHNOLOGY)",,,https://www.usaspending.gov/award/CONT_AWD_80GSFC19C0054_8000_-NONE-_-NONE-/,2021-05-26
National Aeronautics and Space Administration,National Aeronautics and Space Administration,FY2021P08,,080,2021,2022,,0120,000,080-2021/2022-0120-000,"Science, National Aeronautics and Space Administration",National Aeronautics and Space Administration,,"General Science, Space, and Technology","Space flight, research, and supporting activities",080-0120,"Science, National Aeronautics and Space Administration",0001,SCIENCE (DIRECT),25.5,Research and development contracts,D,Q,Not Designated Nonemergency/Emergency/Disaster/Wildfire Suppression,,1621780.45,,,CONT_AWD_80GSFC19C0054_8000_-NONE-_-NONE-,80GSFC19C0054,,,,2019-07-01,2019,2025-09-08,2025,2019-07-01,2027-09-30,,D,DEFINITIVE CONTRACT,,,THIS CONTRACT IS FOR THE PRODUCTS AND SERVICES ASSOCIATED WITH THE DESIGN PHASE OF THE WIDE-FIELD INFRARED SURVEY TELESCOPE (WFIRST) SCIENCE OPERATIONS CENTER (SOC),080,NATIONAL AERONAUTICS AND SPACE ADMINISTRATION (NASA),8000,NATIONAL AERONAUTICS AND SPACE ADMINISTRATION,80GSFC,NASA GODDARD SPACE FLIGHT CENTER,080,NATIONAL AERONAUTICS AND SPACE ADMINISTRATION (NASA),8000,NATIONAL AERONAUTICS AND SPACE ADMINISTRATION,80GSFC,NASA GODDARD SPACE FLIGHT CENTER,W1NBN156CYF9,,"ASSOCIATION OF UNIVERSITIES FOR RESEARCH IN ASTRONOMY, INC.","ASSOCIATION OF UNIVERSITIES FOR RESEARCH IN ASTRONOMY, INC.",W1NBN156CYF9,W1NBN156CYF9,"ASSOCIATION OF UNIVERSITIES FOR RESEARCH IN ASTRONOMY, INC.",ASSOCIATION OF UNIVERSITIES FOR RESEARCH IN ASTRONOMY  INC.,USA,MD,BALTIMORE (CITY),BALTIMORE,MD-07,MD-07,212182410,UNITED STATES,MARYLAND,BALTIMORE CITY,MD-07,MD-07,212182410,,,AR45,"R&D- SPACE: OPERATIONS, TRACKING AND DATA ACQUISITION (OPERATIONAL SYSTEMS DEVELOPMENT)",541715,"RESEARCH AND DEVELOPMENT IN THE PHYSICAL, ENGINEERING, AND LIFE SCIENCES (EXCEPT NANOTECHNOLOGY AND BIOTECHNOLOGY)",,,https://www.usaspending.gov/award/CONT_AWD_80GSFC19C0054_8000_-NONE-_-NONE-/,2021-06-25
National Aeronautics and Space Administration,National Aeronautics and Space Administration,FY2021P08,,080,2020,2021,,0120,000,080-2020/2021-0120-000,"Science, National Aeronautics and Space Administration",National Aeronautics and Space Administration,,"General Science, Space, and Technology","Space flight, research, and supporting activities",080-0120,"Science, National Aeronautics and Space Administration",0001,SCIENCE (DIRECT),25.5,Research and development contracts,D,Q,Not Designated Nonemergency/Emergency/Disaster/Wildfire Suppression,,7261713.15,,,CONT_AWD_80GSFC19C0054_8000_-NONE-_-NONE-,80GSFC19C0054,,,,2019-07-01,2019,2025-09-08,2025,2019-07-01,2027-09-30,,D,DEFINITIVE CONTRACT,,,THIS CONTRACT IS FOR THE PRODUCTS AND SERVICES ASSOCIATED WITH THE DESIGN PHASE OF THE WIDE-FIELD INFRARED SURVEY TELESCOPE (WFIRST) SCIENCE OPERATIONS CENTER (SOC),080,NATIONAL AERONAUTICS AND SPACE ADMINISTRATION (NASA),8000,NATIONAL AERONAUTICS AND SPACE ADMINISTRATION,80GSFC,NASA GODDARD SPACE FLIGHT CENTER,080,NATIONAL AERONAUTICS AND SPACE ADMINISTRATION (NASA),8000,NATIONAL AERONAUTICS AND SPACE ADMINISTRATION,80GSFC,NASA GODDARD SPACE FLIGHT CENTER,W1NBN156CYF9,,"ASSOCIATION OF UNIVERSITIES FOR RESEARCH IN ASTRONOMY, INC.","ASSOCIATION OF UNIVERSITIES FOR RESEARCH IN ASTRONOMY, INC.",W1NBN156CYF9,W1NBN156CYF9,"ASSOCIATION OF UNIVERSITIES FOR RESEARCH IN ASTRONOMY, INC.",ASSOCIATION OF UNIVERSITIES FOR RESEARCH IN ASTRONOMY  INC.,USA,MD,BALTIMORE (CITY),BALTIMORE,MD-07,MD-07,212182410,UNITED STATES,MARYLAND,BALTIMORE CITY,MD-07,MD-07,212182410,,,AR45,"R&D- SPACE: OPERATIONS, TRACKING AND DATA ACQUISITION (OPERATIONAL SYSTEMS DEVELOPMENT)",541715,"RESEARCH AND DEVELOPMENT IN THE PHYSICAL, ENGINEERING, AND LIFE SCIENCES (EXCEPT NANOTECHNOLOGY AND BIOTECHNOLOGY)",,,https://www.usaspending.gov/award/CONT_AWD_80GSFC19C0054_8000_-NONE-_-NONE-/,2021-06-25
National Aeronautics and Space Administration,National Aeronautics and Space Administration,FY2021P09,,080,2020,2021,,0120,000,080-2020/2021-0120-000,"Science, National Aeronautics and Space Administration",National Aeronautics and Space Administration,,"General Science, Space, and Technology","Space flight, research, and supporting activities",080-0120,"Science, National Aeronautics and Space Administration",0001,SCIENCE (DIRECT),25.5,Research and development contracts,D,Q,Not Designated Nonemergency/Emergency/Disaster/Wildfire Suppression,,7261713.15,,,CONT_AWD_80GSFC19C0054_8000_-NONE-_-NONE-,80GSFC19C0054,,,,2019-07-01,2019,2025-09-08,2025,2019-07-01,2027-09-30,,D,DEFINITIVE CONTRACT,,,THIS CONTRACT IS FOR THE PRODUCTS AND SERVICES ASSOCIATED WITH THE DESIGN PHASE OF THE WIDE-FIELD INFRARED SURVEY TELESCOPE (WFIRST) SCIENCE OPERATIONS CENTER (SOC),080,NATIONAL AERONAUTICS AND SPACE ADMINISTRATION (NASA),8000,NATIONAL AERONAUTICS AND SPACE ADMINISTRATION,80GSFC,NASA GODDARD SPACE FLIGHT CENTER,080,NATIONAL AERONAUTICS AND SPACE ADMINISTRATION (NASA),8000,NATIONAL AERONAUTICS AND SPACE ADMINISTRATION,80GSFC,NASA GODDARD SPACE FLIGHT CENTER,W1NBN156CYF9,,"ASSOCIATION OF UNIVERSITIES FOR RESEARCH IN ASTRONOMY, INC.","ASSOCIATION OF UNIVERSITIES FOR RESEARCH IN ASTRONOMY, INC.",W1NBN156CYF9,W1NBN156CYF9,"ASSOCIATION OF UNIVERSITIES FOR RESEARCH IN ASTRONOMY, INC.",ASSOCIATION OF UNIVERSITIES FOR RESEARCH IN ASTRONOMY  INC.,USA,MD,BALTIMORE (CITY),BALTIMORE,MD-07,MD-07,212182410,UNITED STATES,MARYLAND,BALTIMORE CITY,MD-07,MD-07,212182410,,,AR45,"R&D- SPACE: OPERATIONS, TRACKING AND DATA ACQUISITION (OPERATIONAL SYSTEMS DEVELOPMENT)",541715,"RESEARCH AND DEVELOPMENT IN THE PHYSICAL, ENGINEERING, AND LIFE SCIENCES (EXCEPT NANOTECHNOLOGY AND BIOTECHNOLOGY)",,,https://www.usaspending.gov/award/CONT_AWD_80GSFC19C0054_8000_-NONE-_-NONE-/,2021-07-27
National Aeronautics and Space Administration,National Aeronautics and Space Administration,FY2021P09,,080,2021,2022,,0120,000,080-2021/2022-0120-000,"Science, National Aeronautics and Space Administration",National Aeronautics and Space Administration,,"General Science, Space, and Technology","Space flight, research, and supporting activities",080-0120,"Science, National Aeronautics and Space Administration",0001,SCIENCE (DIRECT),25.5,Research and development contracts,D,Q,Not Designated Nonemergency/Emergency/Disaster/Wildfire Suppression,2602011.00,,,,CONT_AWD_80GSFC19C0054_8000_-NONE-_-NONE-,80GSFC19C0054,,,,2019-07-01,2019,2025-09-08,2025,2019-07-01,2027-09-30,,D,DEFINITIVE CONTRACT,,,THIS CONTRACT IS FOR THE PRODUCTS AND SERVICES ASSOCIATED WITH THE DESIGN PHASE OF THE WIDE-FIELD INFRARED SURVEY TELESCOPE (WFIRST) SCIENCE OPERATIONS CENTER (SOC),080,NATIONAL AERONAUTICS AND SPACE ADMINISTRATION (NASA),8000,NATIONAL AERONAUTICS AND SPACE ADMINISTRATION,80GSFC,NASA GODDARD SPACE FLIGHT CENTER,080,NATIONAL AERONAUTICS AND SPACE ADMINISTRATION (NASA),8000,NATIONAL AERONAUTICS AND SPACE ADMINISTRATION,80GSFC,NASA GODDARD SPACE FLIGHT CENTER,W1NBN156CYF9,,"ASSOCIATION OF UNIVERSITIES FOR RESEARCH IN ASTRONOMY, INC.","ASSOCIATION OF UNIVERSITIES FOR RESEARCH IN ASTRONOMY, INC.",W1NBN156CYF9,W1NBN156CYF9,"ASSOCIATION OF UNIVERSITIES FOR RESEARCH IN ASTRONOMY, INC.",ASSOCIATION OF UNIVERSITIES FOR RESEARCH IN ASTRONOMY  INC.,USA,MD,BALTIMORE (CITY),BALTIMORE,MD-07,MD-07,212182410,UNITED STATES,MARYLAND,BALTIMORE CITY,MD-07,MD-07,212182410,,,AR45,"R&D- SPACE: OPERATIONS, TRACKING AND DATA ACQUISITION (OPERATIONAL SYSTEMS DEVELOPMENT)",541715,"RESEARCH AND DEVELOPMENT IN THE PHYSICAL, ENGINEERING, AND LIFE SCIENCES (EXCEPT NANOTECHNOLOGY AND BIOTECHNOLOGY)",,,https://www.usaspending.gov/award/CONT_AWD_80GSFC19C0054_8000_-NONE-_-NONE-/,2021-07-27
National Aeronautics and Space Administration,National Aeronautics and Space Administration,FY2021P09,,080,2021,2022,,0120,000,080-2021/2022-0120-000,"Science, National Aeronautics and Space Administration",National Aeronautics and Space Administration,,"General Science, Space, and Technology","Space flight, research, and supporting activities",080-0120,"Science, National Aeronautics and Space Administration",0001,SCIENCE (DIRECT),25.5,Research and development contracts,D,Q,Not Designated Nonemergency/Emergency/Disaster/Wildfire Suppression,,3366531.13,,,CONT_AWD_80GSFC19C0054_8000_-NONE-_-NONE-,80GSFC19C0054,,,,2019-07-01,2019,2025-09-08,2025,2019-07-01,2027-09-30,,D,DEFINITIVE CONTRACT,,,THIS CONTRACT IS FOR THE PRODUCTS AND SERVICES ASSOCIATED WITH THE DESIGN PHASE OF THE WIDE-FIELD INFRARED SURVEY TELESCOPE (WFIRST) SCIENCE OPERATIONS CENTER (SOC),080,NATIONAL AERONAUTICS AND SPACE ADMINISTRATION (NASA),8000,NATIONAL AERONAUTICS AND SPACE ADMINISTRATION,80GSFC,NASA GODDARD SPACE FLIGHT CENTER,080,NATIONAL AERONAUTICS AND SPACE ADMINISTRATION (NASA),8000,NATIONAL AERONAUTICS AND SPACE ADMINISTRATION,80GSFC,NASA GODDARD SPACE FLIGHT CENTER,W1NBN156CYF9,,"ASSOCIATION OF UNIVERSITIES FOR RESEARCH IN ASTRONOMY, INC.","ASSOCIATION OF UNIVERSITIES FOR RESEARCH IN ASTRONOMY, INC.",W1NBN156CYF9,W1NBN156CYF9,"ASSOCIATION OF UNIVERSITIES FOR RESEARCH IN ASTRONOMY, INC.",ASSOCIATION OF UNIVERSITIES FOR RESEARCH IN ASTRONOMY  INC.,USA,MD,BALTIMORE (CITY),BALTIMORE,MD-07,MD-07,212182410,UNITED STATES,MARYLAND,BALTIMORE CITY,MD-07,MD-07,212182410,,,AR45,"R&D- SPACE: OPERATIONS, TRACKING AND DATA ACQUISITION (OPERATIONAL SYSTEMS DEVELOPMENT)",541715,"RESEARCH AND DEVELOPMENT IN THE PHYSICAL, ENGINEERING, AND LIFE SCIENCES (EXCEPT NANOTECHNOLOGY AND BIOTECHNOLOGY)",,,https://www.usaspending.gov/award/CONT_AWD_80GSFC19C0054_8000_-NONE-_-NONE-/,2021-07-27
National Aeronautics and Space Administration,National Aeronautics and Space Administration,FY2021P10,,080,2020,2021,,0120,000,080-2020/2021-0120-000,"Science, National Aeronautics and Space Administration",National Aeronautics and Space Administration,,"General Science, Space, and Technology","Space flight, research, and supporting activities",080-0120,"Science, National Aeronautics and Space Administration",0001,SCIENCE (DIRECT),25.5,Research and development contracts,D,Q,Not Designated Nonemergency/Emergency/Disaster/Wildfire Suppression,,7261713.15,,,CONT_AWD_80GSFC19C0054_8000_-NONE-_-NONE-,80GSFC19C0054,,,,2019-07-01,2019,2025-09-08,2025,2019-07-01,2027-09-30,,D,DEFINITIVE CONTRACT,,,THIS CONTRACT IS FOR THE PRODUCTS AND SERVICES ASSOCIATED WITH THE DESIGN PHASE OF THE WIDE-FIELD INFRARED SURVEY TELESCOPE (WFIRST) SCIENCE OPERATIONS CENTER (SOC),080,NATIONAL AERONAUTICS AND SPACE ADMINISTRATION (NASA),8000,NATIONAL AERONAUTICS AND SPACE ADMINISTRATION,80GSFC,NASA GODDARD SPACE FLIGHT CENTER,080,NATIONAL AERONAUTICS AND SPACE ADMINISTRATION (NASA),8000,NATIONAL AERONAUTICS AND SPACE ADMINISTRATION,80GSFC,NASA GODDARD SPACE FLIGHT CENTER,W1NBN156CYF9,,"ASSOCIATION OF UNIVERSITIES FOR RESEARCH IN ASTRONOMY, INC.","ASSOCIATION OF UNIVERSITIES FOR RESEARCH IN ASTRONOMY, INC.",W1NBN156CYF9,W1NBN156CYF9,"ASSOCIATION OF UNIVERSITIES FOR RESEARCH IN ASTRONOMY, INC.",ASSOCIATION OF UNIVERSITIES FOR RESEARCH IN ASTRONOMY  INC.,USA,MD,BALTIMORE (CITY),BALTIMORE,MD-07,MD-07,212182410,UNITED STATES,MARYLAND,BALTIMORE CITY,MD-07,MD-07,212182410,,,AR45,"R&D- SPACE: OPERATIONS, TRACKING AND DATA ACQUISITION (OPERATIONAL SYSTEMS DEVELOPMENT)",541715,"RESEARCH AND DEVELOPMENT IN THE PHYSICAL, ENGINEERING, AND LIFE SCIENCES (EXCEPT NANOTECHNOLOGY AND BIOTECHNOLOGY)",,,https://www.usaspending.gov/award/CONT_AWD_80GSFC19C0054_8000_-NONE-_-NONE-/,2021-08-27
National Aeronautics and Space Administration,National Aeronautics and Space Administration,FY2021P10,,080,2021,2022,,0120,000,080-2021/2022-0120-000,"Science, National Aeronautics and Space Administration",National Aeronautics and Space Administration,,"General Science, Space, and Technology","Space flight, research, and supporting activities",080-0120,"Science, National Aeronautics and Space Administration",0001,SCIENCE (DIRECT),25.5,Research and development contracts,D,Q,Not Designated Nonemergency/Emergency/Disaster/Wildfire Suppression,,4832546.46,,,CONT_AWD_80GSFC19C0054_8000_-NONE-_-NONE-,80GSFC19C0054,,,,2019-07-01,2019,2025-09-08,2025,2019-07-01,2027-09-30,,D,DEFINITIVE CONTRACT,,,THIS CONTRACT IS FOR THE PRODUCTS AND SERVICES ASSOCIATED WITH THE DESIGN PHASE OF THE WIDE-FIELD INFRARED SURVEY TELESCOPE (WFIRST) SCIENCE OPERATIONS CENTER (SOC),080,NATIONAL AERONAUTICS AND SPACE ADMINISTRATION (NASA),8000,NATIONAL AERONAUTICS AND SPACE ADMINISTRATION,80GSFC,NASA GODDARD SPACE FLIGHT CENTER,080,NATIONAL AERONAUTICS AND SPACE ADMINISTRATION (NASA),8000,NATIONAL AERONAUTICS AND SPACE ADMINISTRATION,80GSFC,NASA GODDARD SPACE FLIGHT CENTER,W1NBN156CYF9,,"ASSOCIATION OF UNIVERSITIES FOR RESEARCH IN ASTRONOMY, INC.","ASSOCIATION OF UNIVERSITIES FOR RESEARCH IN ASTRONOMY, INC.",W1NBN156CYF9,W1NBN156CYF9,"ASSOCIATION OF UNIVERSITIES FOR RESEARCH IN ASTRONOMY, INC.",ASSOCIATION OF UNIVERSITIES FOR RESEARCH IN ASTRONOMY  INC.,USA,MD,BALTIMORE (CITY),BALTIMORE,MD-07,MD-07,212182410,UNITED STATES,MARYLAND,BALTIMORE CITY,MD-07,MD-07,212182410,,,AR45,"R&D- SPACE: OPERATIONS, TRACKING AND DATA ACQUISITION (OPERATIONAL SYSTEMS DEVELOPMENT)",541715,"RESEARCH AND DEVELOPMENT IN THE PHYSICAL, ENGINEERING, AND LIFE SCIENCES (EXCEPT NANOTECHNOLOGY AND BIOTECHNOLOGY)",,,https://www.usaspending.gov/award/CONT_AWD_80GSFC19C0054_8000_-NONE-_-NONE-/,2021-08-27
National Aeronautics and Space Administration,National Aeronautics and Space Administration,FY2021P11,,080,2021,2022,,0120,000,080-2021/2022-0120-000,"Science, National Aeronautics and Space Administration",National Aeronautics and Space Administration,,"General Science, Space, and Technology","Space flight, research, and supporting activities",080-0120,"Science, National Aeronautics and Space Administration",0001,SCIENCE (DIRECT),25.5,Research and development contracts,D,Q,Not Designated Nonemergency/Emergency/Disaster/Wildfire Suppression,,6102099.89,,,CONT_AWD_80GSFC19C0054_8000_-NONE-_-NONE-,80GSFC19C0054,,,,2019-07-01,2019,2025-09-08,2025,2019-07-01,2027-09-30,,D,DEFINITIVE CONTRACT,,,THIS CONTRACT IS FOR THE PRODUCTS AND SERVICES ASSOCIATED WITH THE DESIGN PHASE OF THE WIDE-FIELD INFRARED SURVEY TELESCOPE (WFIRST) SCIENCE OPERATIONS CENTER (SOC),080,NATIONAL AERONAUTICS AND SPACE ADMINISTRATION (NASA),8000,NATIONAL AERONAUTICS AND SPACE ADMINISTRATION,80GSFC,NASA GODDARD SPACE FLIGHT CENTER,080,NATIONAL AERONAUTICS AND SPACE ADMINISTRATION (NASA),8000,NATIONAL AERONAUTICS AND SPACE ADMINISTRATION,80GSFC,NASA GODDARD SPACE FLIGHT CENTER,W1NBN156CYF9,,"ASSOCIATION OF UNIVERSITIES FOR RESEARCH IN ASTRONOMY, INC.","ASSOCIATION OF UNIVERSITIES FOR RESEARCH IN ASTRONOMY, INC.",W1NBN156CYF9,W1NBN156CYF9,"ASSOCIATION OF UNIVERSITIES FOR RESEARCH IN ASTRONOMY, INC.",ASSOCIATION OF UNIVERSITIES FOR RESEARCH IN ASTRONOMY  INC.,USA,MD,BALTIMORE (CITY),BALTIMORE,MD-07,MD-07,212182410,UNITED STATES,MARYLAND,BALTIMORE CITY,MD-07,MD-07,212182410,,,AR45,"R&D- SPACE: OPERATIONS, TRACKING AND DATA ACQUISITION (OPERATIONAL SYSTEMS DEVELOPMENT)",541715,"RESEARCH AND DEVELOPMENT IN THE PHYSICAL, ENGINEERING, AND LIFE SCIENCES (EXCEPT NANOTECHNOLOGY AND BIOTECHNOLOGY)",,,https://www.usaspending.gov/award/CONT_AWD_80GSFC19C0054_8000_-NONE-_-NONE-/,2021-09-22
National Aeronautics and Space Administration,National Aeronautics and Space Administration,FY2021P11,,080,2020,2021,,0120,000,080-2020/2021-0120-000,"Science, National Aeronautics and Space Administration",National Aeronautics and Space Administration,,"General Science, Space, and Technology","Space flight, research, and supporting activities",080-0120,"Science, National Aeronautics and Space Administration",0001,SCIENCE (DIRECT),25.5,Research and development contracts,D,Q,Not Designated Nonemergency/Emergency/Disaster/Wildfire Suppression,,7261713.15,,,CONT_AWD_80GSFC19C0054_8000_-NONE-_-NONE-,80GSFC19C0054,,,,2019-07-01,2019,2025-09-08,2025,2019-07-01,2027-09-30,,D,DEFINITIVE CONTRACT,,,THIS CONTRACT IS FOR THE PRODUCTS AND SERVICES ASSOCIATED WITH THE DESIGN PHASE OF THE WIDE-FIELD INFRARED SURVEY TELESCOPE (WFIRST) SCIENCE OPERATIONS CENTER (SOC),080,NATIONAL AERONAUTICS AND SPACE ADMINISTRATION (NASA),8000,NATIONAL AERONAUTICS AND SPACE ADMINISTRATION,80GSFC,NASA GODDARD SPACE FLIGHT CENTER,080,NATIONAL AERONAUTICS AND SPACE ADMINISTRATION (NASA),8000,NATIONAL AERONAUTICS AND SPACE ADMINISTRATION,80GSFC,NASA GODDARD SPACE FLIGHT CENTER,W1NBN156CYF9,,"ASSOCIATION OF UNIVERSITIES FOR RESEARCH IN ASTRONOMY, INC.","ASSOCIATION OF UNIVERSITIES FOR RESEARCH IN ASTRONOMY, INC.",W1NBN156CYF9,W1NBN156CYF9,"ASSOCIATION OF UNIVERSITIES FOR RESEARCH IN ASTRONOMY, INC.",ASSOCIATION OF UNIVERSITIES FOR RESEARCH IN ASTRONOMY  INC.,USA,MD,BALTIMORE (CITY),BALTIMORE,MD-07,MD-07,212182410,UNITED STATES,MARYLAND,BALTIMORE CITY,MD-07,MD-07,212182410,,,AR45,"R&D- SPACE: OPERATIONS, TRACKING AND DATA ACQUISITION (OPERATIONAL SYSTEMS DEVELOPMENT)",541715,"RESEARCH AND DEVELOPMENT IN THE PHYSICAL, ENGINEERING, AND LIFE SCIENCES (EXCEPT NANOTECHNOLOGY AND BIOTECHNOLOGY)",,,https://www.usaspending.gov/award/CONT_AWD_80GSFC19C0054_8000_-NONE-_-NONE-/,2021-09-22
National Aeronautics and Space Administration,National Aeronautics and Space Administration,FY2021P12,,080,2020,2021,,0120,000,080-2020/2021-0120-000,"Science, National Aeronautics and Space Administration",National Aeronautics and Space Administration,,"General Science, Space, and Technology","Space flight, research, and supporting activities",080-0120,"Science, National Aeronautics and Space Administration",0001,SCIENCE (DIRECT),25.5,Research and development contracts,D,Q,Not Designated Nonemergency/Emergency/Disaster/Wildfire Suppression,,7261713.15,,,CONT_AWD_80GSFC19C0054_8000_-NONE-_-NONE-,80GSFC19C0054,,,,2019-07-01,2019,2025-09-08,2025,2019-07-01,2027-09-30,,D,DEFINITIVE CONTRACT,,,THIS CONTRACT IS FOR THE PRODUCTS AND SERVICES ASSOCIATED WITH THE DESIGN PHASE OF THE WIDE-FIELD INFRARED SURVEY TELESCOPE (WFIRST) SCIENCE OPERATIONS CENTER (SOC),080,NATIONAL AERONAUTICS AND SPACE ADMINISTRATION (NASA),8000,NATIONAL AERONAUTICS AND SPACE ADMINISTRATION,80GSFC,NASA GODDARD SPACE FLIGHT CENTER,080,NATIONAL AERONAUTICS AND SPACE ADMINISTRATION (NASA),8000,NATIONAL AERONAUTICS AND SPACE ADMINISTRATION,80GSFC,NASA GODDARD SPACE FLIGHT CENTER,W1NBN156CYF9,,"ASSOCIATION OF UNIVERSITIES FOR RESEARCH IN ASTRONOMY, INC.","ASSOCIATION OF UNIVERSITIES FOR RESEARCH IN ASTRONOMY, INC.",W1NBN156CYF9,W1NBN156CYF9,"ASSOCIATION OF UNIVERSITIES FOR RESEARCH IN ASTRONOMY, INC.",ASSOCIATION OF UNIVERSITIES FOR RESEARCH IN ASTRONOMY  INC.,USA,MD,BALTIMORE (CITY),BALTIMORE,MD-07,MD-07,212182410,UNITED STATES,MARYLAND,BALTIMORE CITY,MD-07,MD-07,212182410,,,AR45,"R&D- SPACE: OPERATIONS, TRACKING AND DATA ACQUISITION (OPERATIONAL SYSTEMS DEVELOPMENT)",541715,"RESEARCH AND DEVELOPMENT IN THE PHYSICAL, ENGINEERING, AND LIFE SCIENCES (EXCEPT NANOTECHNOLOGY AND BIOTECHNOLOGY)",,,https://www.usaspending.gov/award/CONT_AWD_80GSFC19C0054_8000_-NONE-_-NONE-/,2021-11-06
National Aeronautics and Space Administration,National Aeronautics and Space Administration,FY2021P12,,080,2021,2022,,0120,000,080-2021/2022-0120-000,"Science, National Aeronautics and Space Administration",National Aeronautics and Space Administration,,"General Science, Space, and Technology","Space flight, research, and supporting activities",080-0120,"Science, National Aeronautics and Space Administration",0001,SCIENCE (DIRECT),25.5,Research and development contracts,D,Q,Not Designated Nonemergency/Emergency/Disaster/Wildfire Suppression,,8506131.27,,,CONT_AWD_80GSFC19C0054_8000_-NONE-_-NONE-,80GSFC19C0054,,,,2019-07-01,2019,2025-09-08,2025,2019-07-01,2027-09-30,,D,DEFINITIVE CONTRACT,,,THIS CONTRACT IS FOR THE PRODUCTS AND SERVICES ASSOCIATED WITH THE DESIGN PHASE OF THE WIDE-FIELD INFRARED SURVEY TELESCOPE (WFIRST) SCIENCE OPERATIONS CENTER (SOC),080,NATIONAL AERONAUTICS AND SPACE ADMINISTRATION (NASA),8000,NATIONAL AERONAUTICS AND SPACE ADMINISTRATION,80GSFC,NASA GODDARD SPACE FLIGHT CENTER,080,NATIONAL AERONAUTICS AND SPACE ADMINISTRATION (NASA),8000,NATIONAL AERONAUTICS AND SPACE ADMINISTRATION,80GSFC,NASA GODDARD SPACE FLIGHT CENTER,W1NBN156CYF9,,"ASSOCIATION OF UNIVERSITIES FOR RESEARCH IN ASTRONOMY, INC.","ASSOCIATION OF UNIVERSITIES FOR RESEARCH IN ASTRONOMY, INC.",W1NBN156CYF9,W1NBN156CYF9,"ASSOCIATION OF UNIVERSITIES FOR RESEARCH IN ASTRONOMY, INC.",ASSOCIATION OF UNIVERSITIES FOR RESEARCH IN ASTRONOMY  INC.,USA,MD,BALTIMORE (CITY),BALTIMORE,MD-07,MD-07,212182410,UNITED STATES,MARYLAND,BALTIMORE CITY,MD-07,MD-07,212182410,,,AR45,"R&D- SPACE: OPERATIONS, TRACKING AND DATA ACQUISITION (OPERATIONAL SYSTEMS DEVELOPMENT)",541715,"RESEARCH AND DEVELOPMENT IN THE PHYSICAL, ENGINEERING, AND LIFE SCIENCES (EXCEPT NANOTECHNOLOGY AND BIOTECHNOLOGY)",,,https://www.usaspending.gov/award/CONT_AWD_80GSFC19C0054_8000_-NONE-_-NONE-/,2021-11-06
National Aeronautics and Space Administration,National Aeronautics and Space Administration,FY2022P02,,080,2021,2022,,0120,000,080-2021/2022-0120-000,"Science, National Aeronautics and Space Administration",National Aeronautics and Space Administration,,"General Science, Space, and Technology","Space flight, research, and supporting activities",080-0120,"Science, National Aeronautics and Space Administration",0001,SCIENCE (DIRECT),25.5,Research and development contracts,D,Q,Not Designated Nonemergency/Emergency/Disaster/Wildfire Suppression,,1557787.61,,,CONT_AWD_80GSFC19C0054_8000_-NONE-_-NONE-,80GSFC19C0054,,,,2019-07-01,2019,2025-09-08,2025,2019-07-01,2027-09-30,,D,DEFINITIVE CONTRACT,,,THIS CONTRACT IS FOR THE PRODUCTS AND SERVICES ASSOCIATED WITH THE DESIGN PHASE OF THE WIDE-FIELD INFRARED SURVEY TELESCOPE (WFIRST) SCIENCE OPERATIONS CENTER (SOC),080,NATIONAL AERONAUTICS AND SPACE ADMINISTRATION (NASA),8000,NATIONAL AERONAUTICS AND SPACE ADMINISTRATION,80GSFC,NASA GODDARD SPACE FLIGHT CENTER,080,NATIONAL AERONAUTICS AND SPACE ADMINISTRATION (NASA),8000,NATIONAL AERONAUTICS AND SPACE ADMINISTRATION,80GSFC,NASA GODDARD SPACE FLIGHT CENTER,W1NBN156CYF9,,"ASSOCIATION OF UNIVERSITIES FOR RESEARCH IN ASTRONOMY, INC.","ASSOCIATION OF UNIVERSITIES FOR RESEARCH IN ASTRONOMY, INC.",W1NBN156CYF9,W1NBN156CYF9,"ASSOCIATION OF UNIVERSITIES FOR RESEARCH IN ASTRONOMY, INC.",ASSOCIATION OF UNIVERSITIES FOR RESEARCH IN ASTRONOMY  INC.,USA,MD,BALTIMORE (CITY),BALTIMORE,MD-07,MD-07,212182410,UNITED STATES,MARYLAND,BALTIMORE CITY,MD-07,MD-07,212182410,,,AR45,"R&D- SPACE: OPERATIONS, TRACKING AND DATA ACQUISITION (OPERATIONAL SYSTEMS DEVELOPMENT)",541715,"RESEARCH AND DEVELOPMENT IN THE PHYSICAL, ENGINEERING, AND LIFE SCIENCES (EXCEPT NANOTECHNOLOGY AND BIOTECHNOLOGY)",,,https://www.usaspending.gov/award/CONT_AWD_80GSFC19C0054_8000_-NONE-_-NONE-/,2021-12-20
National Aeronautics and Space Administration,National Aeronautics and Space Administration,FY2022P03,,080,2021,2022,,0120,000,080-2021/2022-0120-000,"Science, National Aeronautics and Space Administration",National Aeronautics and Space Administration,,"General Science, Space, and Technology","Space flight, research, and supporting activities",080-0120,"Science, National Aeronautics and Space Administration",0001,SCIENCE (DIRECT),25.5,Research and development contracts,D,Q,Not Designated Nonemergency/Emergency/Disaster/Wildfire Suppression,,3257787.61,,,CONT_AWD_80GSFC19C0054_8000_-NONE-_-NONE-,80GSFC19C0054,,,,2019-07-01,2019,2025-09-08,2025,2019-07-01,2027-09-30,,D,DEFINITIVE CONTRACT,,,THIS CONTRACT IS FOR THE PRODUCTS AND SERVICES ASSOCIATED WITH THE DESIGN PHASE OF THE WIDE-FIELD INFRARED SURVEY TELESCOPE (WFIRST) SCIENCE OPERATIONS CENTER (SOC),080,NATIONAL AERONAUTICS AND SPACE ADMINISTRATION (NASA),8000,NATIONAL AERONAUTICS AND SPACE ADMINISTRATION,80GSFC,NASA GODDARD SPACE FLIGHT CENTER,080,NATIONAL AERONAUTICS AND SPACE ADMINISTRATION (NASA),8000,NATIONAL AERONAUTICS AND SPACE ADMINISTRATION,80GSFC,NASA GODDARD SPACE FLIGHT CENTER,W1NBN156CYF9,,"ASSOCIATION OF UNIVERSITIES FOR RESEARCH IN ASTRONOMY, INC.","ASSOCIATION OF UNIVERSITIES FOR RESEARCH IN ASTRONOMY, INC.",W1NBN156CYF9,W1NBN156CYF9,"ASSOCIATION OF UNIVERSITIES FOR RESEARCH IN ASTRONOMY, INC.",ASSOCIATION OF UNIVERSITIES FOR RESEARCH IN ASTRONOMY  INC.,USA,MD,BALTIMORE (CITY),BALTIMORE,MD-07,MD-07,212182410,UNITED STATES,MARYLAND,BALTIMORE CITY,MD-07,MD-07,212182410,,,AR45,"R&D- SPACE: OPERATIONS, TRACKING AND DATA ACQUISITION (OPERATIONAL SYSTEMS DEVELOPMENT)",541715,"RESEARCH AND DEVELOPMENT IN THE PHYSICAL, ENGINEERING, AND LIFE SCIENCES (EXCEPT NANOTECHNOLOGY AND BIOTECHNOLOGY)",,,https://www.usaspending.gov/award/CONT_AWD_80GSFC19C0054_8000_-NONE-_-NONE-/,2022-01-25
National Aeronautics and Space Administration,National Aeronautics and Space Administration,FY2022P03,,080,2022,2023,,0120,000,080-2022/2023-0120-000,"Science, National Aeronautics and Space Administration",National Aeronautics and Space Administration,,"General Science, Space, and Technology","Space flight, research, and supporting activities",080-0120,"Science, National Aeronautics and Space Administration",0001,SCIENCE (DIRECT),25.5,Research and development contracts,D,Q,Not Designated Nonemergency/Emergency/Disaster/Wildfire Suppression,370751.00,,,,CONT_AWD_80GSFC19C0054_8000_-NONE-_-NONE-,80GSFC19C0054,,,,2019-07-01,2019,2025-09-08,2025,2019-07-01,2027-09-30,,D,DEFINITIVE CONTRACT,,,THIS CONTRACT IS FOR THE PRODUCTS AND SERVICES ASSOCIATED WITH THE DESIGN PHASE OF THE WIDE-FIELD INFRARED SURVEY TELESCOPE (WFIRST) SCIENCE OPERATIONS CENTER (SOC),080,NATIONAL AERONAUTICS AND SPACE ADMINISTRATION (NASA),8000,NATIONAL AERONAUTICS AND SPACE ADMINISTRATION,80GSFC,NASA GODDARD SPACE FLIGHT CENTER,080,NATIONAL AERONAUTICS AND SPACE ADMINISTRATION (NASA),8000,NATIONAL AERONAUTICS AND SPACE ADMINISTRATION,80GSFC,NASA GODDARD SPACE FLIGHT CENTER,W1NBN156CYF9,,"ASSOCIATION OF UNIVERSITIES FOR RESEARCH IN ASTRONOMY, INC.","ASSOCIATION OF UNIVERSITIES FOR RESEARCH IN ASTRONOMY, INC.",W1NBN156CYF9,W1NBN156CYF9,"ASSOCIATION OF UNIVERSITIES FOR RESEARCH IN ASTRONOMY, INC.",ASSOCIATION OF UNIVERSITIES FOR RESEARCH IN ASTRONOMY  INC.,USA,MD,BALTIMORE (CITY),BALTIMORE,MD-07,MD-07,212182410,UNITED STATES,MARYLAND,BALTIMORE CITY,MD-07,MD-07,212182410,,,AR45,"R&D- SPACE: OPERATIONS, TRACKING AND DATA ACQUISITION (OPERATIONAL SYSTEMS DEVELOPMENT)",541715,"RESEARCH AND DEVELOPMENT IN THE PHYSICAL, ENGINEERING, AND LIFE SCIENCES (EXCEPT NANOTECHNOLOGY AND BIOTECHNOLOGY)",,,https://www.usaspending.gov/award/CONT_AWD_80GSFC19C0054_8000_-NONE-_-NONE-/,2022-01-25
National Aeronautics and Space Administration,National Aeronautics and Space Administration,FY2022P04,,080,2021,2022,,0120,000,080-2021/2022-0120-000,"Science, National Aeronautics and Space Administration",National Aeronautics and Space Administration,,"General Science, Space, and Technology","Space flight, research, and supporting activities",080-0120,"Science, National Aeronautics and Space Administration",0001,SCIENCE (DIRECT),25.5,Research and development contracts,D,Q,Not Designated Nonemergency/Emergency/Disaster/Wildfire Suppression,,3763879.73,,,CONT_AWD_80GSFC19C0054_8000_-NONE-_-NONE-,80GSFC19C0054,,,,2019-07-01,2019,2025-09-08,2025,2019-07-01,2027-09-30,,D,DEFINITIVE CONTRACT,,,THIS CONTRACT IS FOR THE PRODUCTS AND SERVICES ASSOCIATED WITH THE DESIGN PHASE OF THE WIDE-FIELD INFRARED SURVEY TELESCOPE (WFIRST) SCIENCE OPERATIONS CENTER (SOC),080,NATIONAL AERONAUTICS AND SPACE ADMINISTRATION (NASA),8000,NATIONAL AERONAUTICS AND SPACE ADMINISTRATION,80GSFC,NASA GODDARD SPACE FLIGHT CENTER,080,NATIONAL AERONAUTICS AND SPACE ADMINISTRATION (NASA),8000,NATIONAL AERONAUTICS AND SPACE ADMINISTRATION,80GSFC,NASA GODDARD SPACE FLIGHT CENTER,W1NBN156CYF9,,"ASSOCIATION OF UNIVERSITIES FOR RESEARCH IN ASTRONOMY, INC.","ASSOCIATION OF UNIVERSITIES FOR RESEARCH IN ASTRONOMY, INC.",W1NBN156CYF9,W1NBN156CYF9,"ASSOCIATION OF UNIVERSITIES FOR RESEARCH IN ASTRONOMY, INC.",ASSOCIATION OF UNIVERSITIES FOR RESEARCH IN ASTRONOMY  INC.,USA,MD,BALTIMORE (CITY),BALTIMORE,MD-07,MD-07,212182410,UNITED STATES,MARYLAND,BALTIMORE CITY,MD-07,MD-07,212182410,,,AR45,"R&D- SPACE: OPERATIONS, TRACKING AND DATA ACQUISITION (OPERATIONAL SYSTEMS DEVELOPMENT)",541715,"RESEARCH AND DEVELOPMENT IN THE PHYSICAL, ENGINEERING, AND LIFE SCIENCES (EXCEPT NANOTECHNOLOGY AND BIOTECHNOLOGY)",,,https://www.usaspending.gov/award/CONT_AWD_80GSFC19C0054_8000_-NONE-_-NONE-/,2022-02-24
National Aeronautics and Space Administration,National Aeronautics and Space Administration,FY2022P04,,080,2022,2023,,0120,000,080-2022/2023-0120-000,"Science, National Aeronautics and Space Administration",National Aeronautics and Space Administration,,"General Science, Space, and Technology","Space flight, research, and supporting activities",080-0120,"Science, National Aeronautics and Space Administration",0001,SCIENCE (DIRECT),25.5,Research and development contracts,D,Q,Not Designated Nonemergency/Emergency/Disaster/Wildfire Suppression,,543907.88,,,CONT_AWD_80GSFC19C0054_8000_-NONE-_-NONE-,80GSFC19C0054,,,,2019-07-01,2019,2025-09-08,2025,2019-07-01,2027-09-30,,D,DEFINITIVE CONTRACT,,,THIS CONTRACT IS FOR THE PRODUCTS AND SERVICES ASSOCIATED WITH THE DESIGN PHASE OF THE WIDE-FIELD INFRARED SURVEY TELESCOPE (WFIRST) SCIENCE OPERATIONS CENTER (SOC),080,NATIONAL AERONAUTICS AND SPACE ADMINISTRATION (NASA),8000,NATIONAL AERONAUTICS AND SPACE ADMINISTRATION,80GSFC,NASA GODDARD SPACE FLIGHT CENTER,080,NATIONAL AERONAUTICS AND SPACE ADMINISTRATION (NASA),8000,NATIONAL AERONAUTICS AND SPACE ADMINISTRATION,80GSFC,NASA GODDARD SPACE FLIGHT CENTER,W1NBN156CYF9,,"ASSOCIATION OF UNIVERSITIES FOR RESEARCH IN ASTRONOMY, INC.","ASSOCIATION OF UNIVERSITIES FOR RESEARCH IN ASTRONOMY, INC.",W1NBN156CYF9,W1NBN156CYF9,"ASSOCIATION OF UNIVERSITIES FOR RESEARCH IN ASTRONOMY, INC.",ASSOCIATION OF UNIVERSITIES FOR RESEARCH IN ASTRONOMY  INC.,USA,MD,BALTIMORE (CITY),BALTIMORE,MD-07,MD-07,212182410,UNITED STATES,MARYLAND,BALTIMORE CITY,MD-07,MD-07,212182410,,,AR45,"R&D- SPACE: OPERATIONS, TRACKING AND DATA ACQUISITION (OPERATIONAL SYSTEMS DEVELOPMENT)",541715,"RESEARCH AND DEVELOPMENT IN THE PHYSICAL, ENGINEERING, AND LIFE SCIENCES (EXCEPT NANOTECHNOLOGY AND BIOTECHNOLOGY)",,,https://www.usaspending.gov/award/CONT_AWD_80GSFC19C0054_8000_-NONE-_-NONE-/,2022-02-24
National Aeronautics and Space Administration,National Aeronautics and Space Administration,FY2022P04,,080,2022,2023,,0120,000,080-2022/2023-0120-000,"Science, National Aeronautics and Space Administration",National Aeronautics and Space Administration,,"General Science, Space, and Technology","Space flight, research, and supporting activities",080-0120,"Science, National Aeronautics and Space Administration",0001,SCIENCE (DIRECT),25.5,Research and development contracts,D,Q,Not Designated Nonemergency/Emergency/Disaster/Wildfire Suppression,4090749.00,,,,CONT_AWD_80GSFC19C0054_8000_-NONE-_-NONE-,80GSFC19C0054,,,,2019-07-01,2019,2025-09-08,2025,2019-07-01,2027-09-30,,D,DEFINITIVE CONTRACT,,,THIS CONTRACT IS FOR THE PRODUCTS AND SERVICES ASSOCIATED WITH THE DESIGN PHASE OF THE WIDE-FIELD INFRARED SURVEY TELESCOPE (WFIRST) SCIENCE OPERATIONS CENTER (SOC),080,NATIONAL AERONAUTICS AND SPACE ADMINISTRATION (NASA),8000,NATIONAL AERONAUTICS AND SPACE ADMINISTRATION,80GSFC,NASA GODDARD SPACE FLIGHT CENTER,080,NATIONAL AERONAUTICS AND SPACE ADMINISTRATION (NASA),8000,NATIONAL AERONAUTICS AND SPACE ADMINISTRATION,80GSFC,NASA GODDARD SPACE FLIGHT CENTER,W1NBN156CYF9,,"ASSOCIATION OF UNIVERSITIES FOR RESEARCH IN ASTRONOMY, INC.","ASSOCIATION OF UNIVERSITIES FOR RESEARCH IN ASTRONOMY, INC.",W1NBN156CYF9,W1NBN156CYF9,"ASSOCIATION OF UNIVERSITIES FOR RESEARCH IN ASTRONOMY, INC.",ASSOCIATION OF UNIVERSITIES FOR RESEARCH IN ASTRONOMY  INC.,USA,MD,BALTIMORE (CITY),BALTIMORE,MD-07,MD-07,212182410,UNITED STATES,MARYLAND,BALTIMORE CITY,MD-07,MD-07,212182410,,,AR45,"R&D- SPACE: OPERATIONS, TRACKING AND DATA ACQUISITION (OPERATIONAL SYSTEMS DEVELOPMENT)",541715,"RESEARCH AND DEVELOPMENT IN THE PHYSICAL, ENGINEERING, AND LIFE SCIENCES (EXCEPT NANOTECHNOLOGY AND BIOTECHNOLOGY)",,,https://www.usaspending.gov/award/CONT_AWD_80GSFC19C0054_8000_-NONE-_-NONE-/,2022-02-24
National Aeronautics and Space Administration,National Aeronautics and Space Administration,FY2022P05,,080,2022,2023,,0120,000,080-2022/2023-0120-000,"Science, National Aeronautics and Space Administration",National Aeronautics and Space Administration,,"General Science, Space, and Technology","Space flight, research, and supporting activities",080-0120,"Science, National Aeronautics and Space Administration",0001,SCIENCE (DIRECT),25.5,Research and development contracts,D,Q,Not Designated Nonemergency/Emergency/Disaster/Wildfire Suppression,,2190171.45,,,CONT_AWD_80GSFC19C0054_8000_-NONE-_-NONE-,80GSFC19C0054,,,,2019-07-01,2019,2025-09-08,2025,2019-07-01,2027-09-30,,D,DEFINITIVE CONTRACT,,,THIS CONTRACT IS FOR THE PRODUCTS AND SERVICES ASSOCIATED WITH THE DESIGN PHASE OF THE WIDE-FIELD INFRARED SURVEY TELESCOPE (WFIRST) SCIENCE OPERATIONS CENTER (SOC),080,NATIONAL AERONAUTICS AND SPACE ADMINISTRATION (NASA),8000,NATIONAL AERONAUTICS AND SPACE ADMINISTRATION,80GSFC,NASA GODDARD SPACE FLIGHT CENTER,080,NATIONAL AERONAUTICS AND SPACE ADMINISTRATION (NASA),8000,NATIONAL AERONAUTICS AND SPACE ADMINISTRATION,80GSFC,NASA GODDARD SPACE FLIGHT CENTER,W1NBN156CYF9,,"ASSOCIATION OF UNIVERSITIES FOR RESEARCH IN ASTRONOMY, INC.","ASSOCIATION OF UNIVERSITIES FOR RESEARCH IN ASTRONOMY, INC.",W1NBN156CYF9,W1NBN156CYF9,"ASSOCIATION OF UNIVERSITIES FOR RESEARCH IN ASTRONOMY, INC.",ASSOCIATION OF UNIVERSITIES FOR RESEARCH IN ASTRONOMY  INC.,USA,MD,BALTIMORE (CITY),BALTIMORE,MD-07,MD-07,212182410,UNITED STATES,MARYLAND,BALTIMORE CITY,MD-07,MD-07,212182410,,,AR45,"R&D- SPACE: OPERATIONS, TRACKING AND DATA ACQUISITION (OPERATIONAL SYSTEMS DEVELOPMENT)",541715,"RESEARCH AND DEVELOPMENT IN THE PHYSICAL, ENGINEERING, AND LIFE SCIENCES (EXCEPT NANOTECHNOLOGY AND BIOTECHNOLOGY)",,,https://www.usaspending.gov/award/CONT_AWD_80GSFC19C0054_8000_-NONE-_-NONE-/,2022-03-28
National Aeronautics and Space Administration,National Aeronautics and Space Administration,FY2022P05,,080,2021,2022,,0120,000,080-2021/2022-0120-000,"Science, National Aeronautics and Space Administration",National Aeronautics and Space Administration,,"General Science, Space, and Technology","Space flight, research, and supporting activities",080-0120,"Science, National Aeronautics and Space Administration",0001,SCIENCE (DIRECT),25.5,Research and development contracts,D,Q,Not Designated Nonemergency/Emergency/Disaster/Wildfire Suppression,,3763879.73,,,CONT_AWD_80GSFC19C0054_8000_-NONE-_-NONE-,80GSFC19C0054,,,,2019-07-01,2019,2025-09-08,2025,2019-07-01,2027-09-30,,D,DEFINITIVE CONTRACT,,,THIS CONTRACT IS FOR THE PRODUCTS AND SERVICES ASSOCIATED WITH THE DESIGN PHASE OF THE WIDE-FIELD INFRARED SURVEY TELESCOPE (WFIRST) SCIENCE OPERATIONS CENTER (SOC),080,NATIONAL AERONAUTICS AND SPACE ADMINISTRATION (NASA),8000,NATIONAL AERONAUTICS AND SPACE ADMINISTRATION,80GSFC,NASA GODDARD SPACE FLIGHT CENTER,080,NATIONAL AERONAUTICS AND SPACE ADMINISTRATION (NASA),8000,NATIONAL AERONAUTICS AND SPACE ADMINISTRATION,80GSFC,NASA GODDARD SPACE FLIGHT CENTER,W1NBN156CYF9,,"ASSOCIATION OF UNIVERSITIES FOR RESEARCH IN ASTRONOMY, INC.","ASSOCIATION OF UNIVERSITIES FOR RESEARCH IN ASTRONOMY, INC.",W1NBN156CYF9,W1NBN156CYF9,"ASSOCIATION OF UNIVERSITIES FOR RESEARCH IN ASTRONOMY, INC.",ASSOCIATION OF UNIVERSITIES FOR RESEARCH IN ASTRONOMY  INC.,USA,MD,BALTIMORE (CITY),BALTIMORE,MD-07,MD-07,212182410,UNITED STATES,MARYLAND,BALTIMORE CITY,MD-07,MD-07,212182410,,,AR45,"R&D- SPACE: OPERATIONS, TRACKING AND DATA ACQUISITION (OPERATIONAL SYSTEMS DEVELOPMENT)",541715,"RESEARCH AND DEVELOPMENT IN THE PHYSICAL, ENGINEERING, AND LIFE SCIENCES (EXCEPT NANOTECHNOLOGY AND BIOTECHNOLOGY)",,,https://www.usaspending.gov/award/CONT_AWD_80GSFC19C0054_8000_-NONE-_-NONE-/,2022-03-28
National Aeronautics and Space Administration,National Aeronautics and Space Administration,FY2022P06,,080,2022,2023,,0120,000,080-2022/2023-0120-000,"Science, National Aeronautics and Space Administration",National Aeronautics and Space Administration,,"General Science, Space, and Technology","Space flight, research, and supporting activities",080-0120,"Science, National Aeronautics and Space Administration",0001,SCIENCE (DIRECT),25.5,Research and development contracts,D,Q,Not Designated Nonemergency/Emergency/Disaster/Wildfire Suppression,,3238794.48,,,CONT_AWD_80GSFC19C0054_8000_-NONE-_-NONE-,80GSFC19C0054,,,,2019-07-01,2019,2025-09-08,2025,2019-07-01,2027-09-30,,D,DEFINITIVE CONTRACT,,,THIS CONTRACT IS FOR THE PRODUCTS AND SERVICES ASSOCIATED WITH THE DESIGN PHASE OF THE WIDE-FIELD INFRARED SURVEY TELESCOPE (WFIRST) SCIENCE OPERATIONS CENTER (SOC),080,NATIONAL AERONAUTICS AND SPACE ADMINISTRATION (NASA),8000,NATIONAL AERONAUTICS AND SPACE ADMINISTRATION,80GSFC,NASA GODDARD SPACE FLIGHT CENTER,080,NATIONAL AERONAUTICS AND SPACE ADMINISTRATION (NASA),8000,NATIONAL AERONAUTICS AND SPACE ADMINISTRATION,80GSFC,NASA GODDARD SPACE FLIGHT CENTER,W1NBN156CYF9,,"ASSOCIATION OF UNIVERSITIES FOR RESEARCH IN ASTRONOMY, INC.","ASSOCIATION OF UNIVERSITIES FOR RESEARCH IN ASTRONOMY, INC.",W1NBN156CYF9,W1NBN156CYF9,"ASSOCIATION OF UNIVERSITIES FOR RESEARCH IN ASTRONOMY, INC.",ASSOCIATION OF UNIVERSITIES FOR RESEARCH IN ASTRONOMY  INC.,USA,MD,BALTIMORE (CITY),BALTIMORE,MD-07,MD-07,212182410,UNITED STATES,MARYLAND,BALTIMORE CITY,MD-07,MD-07,212182410,,,AR45,"R&D- SPACE: OPERATIONS, TRACKING AND DATA ACQUISITION (OPERATIONAL SYSTEMS DEVELOPMENT)",541715,"RESEARCH AND DEVELOPMENT IN THE PHYSICAL, ENGINEERING, AND LIFE SCIENCES (EXCEPT NANOTECHNOLOGY AND BIOTECHNOLOGY)",,,https://www.usaspending.gov/award/CONT_AWD_80GSFC19C0054_8000_-NONE-_-NONE-/,2022-04-25
National Aeronautics and Space Administration,National Aeronautics and Space Administration,FY2022P06,,080,2022,2023,,0120,000,080-2022/2023-0120-000,"Science, National Aeronautics and Space Administration",National Aeronautics and Space Administration,,"General Science, Space, and Technology","Space flight, research, and supporting activities",080-0120,"Science, National Aeronautics and Space Administration",0001,SCIENCE (DIRECT),25.5,Research and development contracts,D,Q,Not Designated Nonemergency/Emergency/Disaster/Wildfire Suppression,5366698.00,,,,CONT_AWD_80GSFC19C0054_8000_-NONE-_-NONE-,80GSFC19C0054,,,,2019-07-01,2019,2025-09-08,2025,2019-07-01,2027-09-30,,D,DEFINITIVE CONTRACT,,,THIS CONTRACT IS FOR THE PRODUCTS AND SERVICES ASSOCIATED WITH THE DESIGN PHASE OF THE WIDE-FIELD INFRARED SURVEY TELESCOPE (WFIRST) SCIENCE OPERATIONS CENTER (SOC),080,NATIONAL AERONAUTICS AND SPACE ADMINISTRATION (NASA),8000,NATIONAL AERONAUTICS AND SPACE ADMINISTRATION,80GSFC,NASA GODDARD SPACE FLIGHT CENTER,080,NATIONAL AERONAUTICS AND SPACE ADMINISTRATION (NASA),8000,NATIONAL AERONAUTICS AND SPACE ADMINISTRATION,80GSFC,NASA GODDARD SPACE FLIGHT CENTER,W1NBN156CYF9,,"ASSOCIATION OF UNIVERSITIES FOR RESEARCH IN ASTRONOMY, INC.","ASSOCIATION OF UNIVERSITIES FOR RESEARCH IN ASTRONOMY, INC.",W1NBN156CYF9,W1NBN156CYF9,"ASSOCIATION OF UNIVERSITIES FOR RESEARCH IN ASTRONOMY, INC.",ASSOCIATION OF UNIVERSITIES FOR RESEARCH IN ASTRONOMY  INC.,USA,MD,BALTIMORE (CITY),BALTIMORE,MD-07,MD-07,212182410,UNITED STATES,MARYLAND,BALTIMORE CITY,MD-07,MD-07,212182410,,,AR45,"R&D- SPACE: OPERATIONS, TRACKING AND DATA ACQUISITION (OPERATIONAL SYSTEMS DEVELOPMENT)",541715,"RESEARCH AND DEVELOPMENT IN THE PHYSICAL, ENGINEERING, AND LIFE SCIENCES (EXCEPT NANOTECHNOLOGY AND BIOTECHNOLOGY)",,,https://www.usaspending.gov/award/CONT_AWD_80GSFC19C0054_8000_-NONE-_-NONE-/,2022-04-25
National Aeronautics and Space Administration,National Aeronautics and Space Administration,FY2022P06,,080,2021,2022,,0120,000,080-2021/2022-0120-000,"Science, National Aeronautics and Space Administration",National Aeronautics and Space Administration,,"General Science, Space, and Technology","Space flight, research, and supporting activities",080-0120,"Science, National Aeronautics and Space Administration",0001,SCIENCE (DIRECT),25.5,Research and development contracts,D,Q,Not Designated Nonemergency/Emergency/Disaster/Wildfire Suppression,,3763879.73,,,CONT_AWD_80GSFC19C0054_8000_-NONE-_-NONE-,80GSFC19C0054,,,,2019-07-01,2019,2025-09-08,2025,2019-07-01,2027-09-30,,D,DEFINITIVE CONTRACT,,,THIS CONTRACT IS FOR THE PRODUCTS AND SERVICES ASSOCIATED WITH THE DESIGN PHASE OF THE WIDE-FIELD INFRARED SURVEY TELESCOPE (WFIRST) SCIENCE OPERATIONS CENTER (SOC),080,NATIONAL AERONAUTICS AND SPACE ADMINISTRATION (NASA),8000,NATIONAL AERONAUTICS AND SPACE ADMINISTRATION,80GSFC,NASA GODDARD SPACE FLIGHT CENTER,080,NATIONAL AERONAUTICS AND SPACE ADMINISTRATION (NASA),8000,NATIONAL AERONAUTICS AND SPACE ADMINISTRATION,80GSFC,NASA GODDARD SPACE FLIGHT CENTER,W1NBN156CYF9,,"ASSOCIATION OF UNIVERSITIES FOR RESEARCH IN ASTRONOMY, INC.","ASSOCIATION OF UNIVERSITIES FOR RESEARCH IN ASTRONOMY, INC.",W1NBN156CYF9,W1NBN156CYF9,"ASSOCIATION OF UNIVERSITIES FOR RESEARCH IN ASTRONOMY, INC.",ASSOCIATION OF UNIVERSITIES FOR RESEARCH IN ASTRONOMY  INC.,USA,MD,BALTIMORE (CITY),BALTIMORE,MD-07,MD-07,212182410,UNITED STATES,MARYLAND,BALTIMORE CITY,MD-07,MD-07,212182410,,,AR45,"R&D- SPACE: OPERATIONS, TRACKING AND DATA ACQUISITION (OPERATIONAL SYSTEMS DEVELOPMENT)",541715,"RESEARCH AND DEVELOPMENT IN THE PHYSICAL, ENGINEERING, AND LIFE SCIENCES (EXCEPT NANOTECHNOLOGY AND BIOTECHNOLOGY)",,,https://www.usaspending.gov/award/CONT_AWD_80GSFC19C0054_8000_-NONE-_-NONE-/,2022-04-25
National Aeronautics and Space Administration,National Aeronautics and Space Administration,FY2022P07,,080,2022,2023,,0120,000,080-2022/2023-0120-000,"Science, National Aeronautics and Space Administration",National Aeronautics and Space Administration,,"General Science, Space, and Technology","Space flight, research, and supporting activities",080-0120,"Science, National Aeronautics and Space Administration",0001,SCIENCE (DIRECT),25.5,Research and development contracts,D,Q,Not Designated Nonemergency/Emergency/Disaster/Wildfire Suppression,,4163109.66,,,CONT_AWD_80GSFC19C0054_8000_-NONE-_-NONE-,80GSFC19C0054,,,,2019-07-01,2019,2025-09-08,2025,2019-07-01,2027-09-30,,D,DEFINITIVE CONTRACT,,,THIS CONTRACT IS FOR THE PRODUCTS AND SERVICES ASSOCIATED WITH THE DESIGN PHASE OF THE WIDE-FIELD INFRARED SURVEY TELESCOPE (WFIRST) SCIENCE OPERATIONS CENTER (SOC),080,NATIONAL AERONAUTICS AND SPACE ADMINISTRATION (NASA),8000,NATIONAL AERONAUTICS AND SPACE ADMINISTRATION,80GSFC,NASA GODDARD SPACE FLIGHT CENTER,080,NATIONAL AERONAUTICS AND SPACE ADMINISTRATION (NASA),8000,NATIONAL AERONAUTICS AND SPACE ADMINISTRATION,80GSFC,NASA GODDARD SPACE FLIGHT CENTER,W1NBN156CYF9,,"ASSOCIATION OF UNIVERSITIES FOR RESEARCH IN ASTRONOMY, INC.","ASSOCIATION OF UNIVERSITIES FOR RESEARCH IN ASTRONOMY, INC.",W1NBN156CYF9,W1NBN156CYF9,"ASSOCIATION OF UNIVERSITIES FOR RESEARCH IN ASTRONOMY, INC.",ASSOCIATION OF UNIVERSITIES FOR RESEARCH IN ASTRONOMY  INC.,USA,MD,BALTIMORE (CITY),BALTIMORE,MD-07,MD-07,212182410,UNITED STATES,MARYLAND,BALTIMORE CITY,MD-07,MD-07,212182410,,,AR45,"R&D- SPACE: OPERATIONS, TRACKING AND DATA ACQUISITION (OPERATIONAL SYSTEMS DEVELOPMENT)",541715,"RESEARCH AND DEVELOPMENT IN THE PHYSICAL, ENGINEERING, AND LIFE SCIENCES (EXCEPT NANOTECHNOLOGY AND BIOTECHNOLOGY)",,,https://www.usaspending.gov/award/CONT_AWD_80GSFC19C0054_8000_-NONE-_-NONE-/,2022-05-25
National Aeronautics and Space Administration,National Aeronautics and Space Administration,FY2022P07,,080,2021,2022,,0120,000,080-2021/2022-0120-000,"Science, National Aeronautics and Space Administration",National Aeronautics and Space Administration,,"General Science, Space, and Technology","Space flight, research, and supporting activities",080-0120,"Science, National Aeronautics and Space Administration",0001,SCIENCE (DIRECT),25.5,Research and development contracts,D,Q,Not Designated Nonemergency/Emergency/Disaster/Wildfire Suppression,,3763879.73,,,CONT_AWD_80GSFC19C0054_8000_-NONE-_-NONE-,80GSFC19C0054,,,,2019-07-01,2019,2025-09-08,2025,2019-07-01,2027-09-30,,D,DEFINITIVE CONTRACT,,,THIS CONTRACT IS FOR THE PRODUCTS AND SERVICES ASSOCIATED WITH THE DESIGN PHASE OF THE WIDE-FIELD INFRARED SURVEY TELESCOPE (WFIRST) SCIENCE OPERATIONS CENTER (SOC),080,NATIONAL AERONAUTICS AND SPACE ADMINISTRATION (NASA),8000,NATIONAL AERONAUTICS AND SPACE ADMINISTRATION,80GSFC,NASA GODDARD SPACE FLIGHT CENTER,080,NATIONAL AERONAUTICS AND SPACE ADMINISTRATION (NASA),8000,NATIONAL AERONAUTICS AND SPACE ADMINISTRATION,80GSFC,NASA GODDARD SPACE FLIGHT CENTER,W1NBN156CYF9,,"ASSOCIATION OF UNIVERSITIES FOR RESEARCH IN ASTRONOMY, INC.","ASSOCIATION OF UNIVERSITIES FOR RESEARCH IN ASTRONOMY, INC.",W1NBN156CYF9,W1NBN156CYF9,"ASSOCIATION OF UNIVERSITIES FOR RESEARCH IN ASTRONOMY, INC.",ASSOCIATION OF UNIVERSITIES FOR RESEARCH IN ASTRONOMY  INC.,USA,MD,BALTIMORE (CITY),BALTIMORE,MD-07,MD-07,212182410,UNITED STATES,MARYLAND,BALTIMORE CITY,MD-07,MD-07,212182410,,,AR45,"R&D- SPACE: OPERATIONS, TRACKING AND DATA ACQUISITION (OPERATIONAL SYSTEMS DEVELOPMENT)",541715,"RESEARCH AND DEVELOPMENT IN THE PHYSICAL, ENGINEERING, AND LIFE SCIENCES (EXCEPT NANOTECHNOLOGY AND BIOTECHNOLOGY)",,,https://www.usaspending.gov/award/CONT_AWD_80GSFC19C0054_8000_-NONE-_-NONE-/,2022-05-25
National Aeronautics and Space Administration,National Aeronautics and Space Administration,FY2022P08,,080,2022,2023,,0120,000,080-2022/2023-0120-000,"Science, National Aeronautics and Space Administration",National Aeronautics and Space Administration,,"General Science, Space, and Technology","Space flight, research, and supporting activities",080-0120,"Science, National Aeronautics and Space Administration",0001,SCIENCE (DIRECT),25.5,Research and development contracts,D,Q,Not Designated Nonemergency/Emergency/Disaster/Wildfire Suppression,,6218294.86,,,CONT_AWD_80GSFC19C0054_8000_-NONE-_-NONE-,80GSFC19C0054,,,,2019-07-01,2019,2025-09-08,2025,2019-07-01,2027-09-30,,D,DEFINITIVE CONTRACT,,,THIS CONTRACT IS FOR THE PRODUCTS AND SERVICES ASSOCIATED WITH THE DESIGN PHASE OF THE WIDE-FIELD INFRARED SURVEY TELESCOPE (WFIRST) SCIENCE OPERATIONS CENTER (SOC),080,NATIONAL AERONAUTICS AND SPACE ADMINISTRATION (NASA),8000,NATIONAL AERONAUTICS AND SPACE ADMINISTRATION,80GSFC,NASA GODDARD SPACE FLIGHT CENTER,080,NATIONAL AERONAUTICS AND SPACE ADMINISTRATION (NASA),8000,NATIONAL AERONAUTICS AND SPACE ADMINISTRATION,80GSFC,NASA GODDARD SPACE FLIGHT CENTER,W1NBN156CYF9,,"ASSOCIATION OF UNIVERSITIES FOR RESEARCH IN ASTRONOMY, INC.","ASSOCIATION OF UNIVERSITIES FOR RESEARCH IN ASTRONOMY, INC.",W1NBN156CYF9,W1NBN156CYF9,"ASSOCIATION OF UNIVERSITIES FOR RESEARCH IN ASTRONOMY, INC.",ASSOCIATION OF UNIVERSITIES FOR RESEARCH IN ASTRONOMY  INC.,USA,MD,BALTIMORE (CITY),BALTIMORE,MD-07,MD-07,212182410,UNITED STATES,MARYLAND,BALTIMORE CITY,MD-07,MD-07,212182410,,,AR45,"R&D- SPACE: OPERATIONS, TRACKING AND DATA ACQUISITION (OPERATIONAL SYSTEMS DEVELOPMENT)",541715,"RESEARCH AND DEVELOPMENT IN THE PHYSICAL, ENGINEERING, AND LIFE SCIENCES (EXCEPT NANOTECHNOLOGY AND BIOTECHNOLOGY)",,,https://www.usaspending.gov/award/CONT_AWD_80GSFC19C0054_8000_-NONE-_-NONE-/,2022-06-27
National Aeronautics and Space Administration,National Aeronautics and Space Administration,FY2022P08,,080,2021,2022,,0120,000,080-2021/2022-0120-000,"Science, National Aeronautics and Space Administration",National Aeronautics and Space Administration,,"General Science, Space, and Technology","Space flight, research, and supporting activities",080-0120,"Science, National Aeronautics and Space Administration",0001,SCIENCE (DIRECT),25.5,Research and development contracts,D,Q,Not Designated Nonemergency/Emergency/Disaster/Wildfire Suppression,,3763879.73,,,CONT_AWD_80GSFC19C0054_8000_-NONE-_-NONE-,80GSFC19C0054,,,,2019-07-01,2019,2025-09-08,2025,2019-07-01,2027-09-30,,D,DEFINITIVE CONTRACT,,,THIS CONTRACT IS FOR THE PRODUCTS AND SERVICES ASSOCIATED WITH THE DESIGN PHASE OF THE WIDE-FIELD INFRARED SURVEY TELESCOPE (WFIRST) SCIENCE OPERATIONS CENTER (SOC),080,NATIONAL AERONAUTICS AND SPACE ADMINISTRATION (NASA),8000,NATIONAL AERONAUTICS AND SPACE ADMINISTRATION,80GSFC,NASA GODDARD SPACE FLIGHT CENTER,080,NATIONAL AERONAUTICS AND SPACE ADMINISTRATION (NASA),8000,NATIONAL AERONAUTICS AND SPACE ADMINISTRATION,80GSFC,NASA GODDARD SPACE FLIGHT CENTER,W1NBN156CYF9,,"ASSOCIATION OF UNIVERSITIES FOR RESEARCH IN ASTRONOMY, INC.","ASSOCIATION OF UNIVERSITIES FOR RESEARCH IN ASTRONOMY, INC.",W1NBN156CYF9,W1NBN156CYF9,"ASSOCIATION OF UNIVERSITIES FOR RESEARCH IN ASTRONOMY, INC.",ASSOCIATION OF UNIVERSITIES FOR RESEARCH IN ASTRONOMY  INC.,USA,MD,BALTIMORE (CITY),BALTIMORE,MD-07,MD-07,212182410,UNITED STATES,MARYLAND,BALTIMORE CITY,MD-07,MD-07,212182410,,,AR45,"R&D- SPACE: OPERATIONS, TRACKING AND DATA ACQUISITION (OPERATIONAL SYSTEMS DEVELOPMENT)",541715,"RESEARCH AND DEVELOPMENT IN THE PHYSICAL, ENGINEERING, AND LIFE SCIENCES (EXCEPT NANOTECHNOLOGY AND BIOTECHNOLOGY)",,,https://www.usaspending.gov/award/CONT_AWD_80GSFC19C0054_8000_-NONE-_-NONE-/,2022-06-27
National Aeronautics and Space Administration,National Aeronautics and Space Administration,FY2022P09,,080,2022,2023,,0120,000,080-2022/2023-0120-000,"Science, National Aeronautics and Space Administration",National Aeronautics and Space Administration,,"General Science, Space, and Technology","Space flight, research, and supporting activities",080-0120,"Science, National Aeronautics and Space Administration",0001,SCIENCE (DIRECT),25.5,Research and development contracts,D,Q,Not Designated Nonemergency/Emergency/Disaster/Wildfire Suppression,,7236677.81,,,CONT_AWD_80GSFC19C0054_8000_-NONE-_-NONE-,80GSFC19C0054,,,,2019-07-01,2019,2025-09-08,2025,2019-07-01,2027-09-30,,D,DEFINITIVE CONTRACT,,,THIS CONTRACT IS FOR THE PRODUCTS AND SERVICES ASSOCIATED WITH THE DESIGN PHASE OF THE WIDE-FIELD INFRARED SURVEY TELESCOPE (WFIRST) SCIENCE OPERATIONS CENTER (SOC),080,NATIONAL AERONAUTICS AND SPACE ADMINISTRATION (NASA),8000,NATIONAL AERONAUTICS AND SPACE ADMINISTRATION,80GSFC,NASA GODDARD SPACE FLIGHT CENTER,080,NATIONAL AERONAUTICS AND SPACE ADMINISTRATION (NASA),8000,NATIONAL AERONAUTICS AND SPACE ADMINISTRATION,80GSFC,NASA GODDARD SPACE FLIGHT CENTER,W1NBN156CYF9,,"ASSOCIATION OF UNIVERSITIES FOR RESEARCH IN ASTRONOMY, INC.","ASSOCIATION OF UNIVERSITIES FOR RESEARCH IN ASTRONOMY, INC.",W1NBN156CYF9,W1NBN156CYF9,"ASSOCIATION OF UNIVERSITIES FOR RESEARCH IN ASTRONOMY, INC.",ASSOCIATION OF UNIVERSITIES FOR RESEARCH IN ASTRONOMY  INC.,USA,MD,BALTIMORE (CITY),BALTIMORE,MD-07,MD-07,212182410,UNITED STATES,MARYLAND,BALTIMORE CITY,MD-07,MD-07,212182410,,,AR45,"R&D- SPACE: OPERATIONS, TRACKING AND DATA ACQUISITION (OPERATIONAL SYSTEMS DEVELOPMENT)",541715,"RESEARCH AND DEVELOPMENT IN THE PHYSICAL, ENGINEERING, AND LIFE SCIENCES (EXCEPT NANOTECHNOLOGY AND BIOTECHNOLOGY)",,,https://www.usaspending.gov/award/CONT_AWD_80GSFC19C0054_8000_-NONE-_-NONE-/,2022-07-27
National Aeronautics and Space Administration,National Aeronautics and Space Administration,FY2022P09,,080,2021,2022,,0120,000,080-2021/2022-0120-000,"Science, National Aeronautics and Space Administration",National Aeronautics and Space Administration,,"General Science, Space, and Technology","Space flight, research, and supporting activities",080-0120,"Science, National Aeronautics and Space Administration",0001,SCIENCE (DIRECT),25.5,Research and development contracts,D,Q,Not Designated Nonemergency/Emergency/Disaster/Wildfire Suppression,,3763879.73,,,CONT_AWD_80GSFC19C0054_8000_-NONE-_-NONE-,80GSFC19C0054,,,,2019-07-01,2019,2025-09-08,2025,2019-07-01,2027-09-30,,D,DEFINITIVE CONTRACT,,,THIS CONTRACT IS FOR THE PRODUCTS AND SERVICES ASSOCIATED WITH THE DESIGN PHASE OF THE WIDE-FIELD INFRARED SURVEY TELESCOPE (WFIRST) SCIENCE OPERATIONS CENTER (SOC),080,NATIONAL AERONAUTICS AND SPACE ADMINISTRATION (NASA),8000,NATIONAL AERONAUTICS AND SPACE ADMINISTRATION,80GSFC,NASA GODDARD SPACE FLIGHT CENTER,080,NATIONAL AERONAUTICS AND SPACE ADMINISTRATION (NASA),8000,NATIONAL AERONAUTICS AND SPACE ADMINISTRATION,80GSFC,NASA GODDARD SPACE FLIGHT CENTER,W1NBN156CYF9,,"ASSOCIATION OF UNIVERSITIES FOR RESEARCH IN ASTRONOMY, INC.","ASSOCIATION OF UNIVERSITIES FOR RESEARCH IN ASTRONOMY, INC.",W1NBN156CYF9,W1NBN156CYF9,"ASSOCIATION OF UNIVERSITIES FOR RESEARCH IN ASTRONOMY, INC.",ASSOCIATION OF UNIVERSITIES FOR RESEARCH IN ASTRONOMY  INC.,USA,MD,BALTIMORE (CITY),BALTIMORE,MD-07,MD-07,212182410,UNITED STATES,MARYLAND,BALTIMORE CITY,MD-07,MD-07,212182410,,,AR45,"R&D- SPACE: OPERATIONS, TRACKING AND DATA ACQUISITION (OPERATIONAL SYSTEMS DEVELOPMENT)",541715,"RESEARCH AND DEVELOPMENT IN THE PHYSICAL, ENGINEERING, AND LIFE SCIENCES (EXCEPT NANOTECHNOLOGY AND BIOTECHNOLOGY)",,,https://www.usaspending.gov/award/CONT_AWD_80GSFC19C0054_8000_-NONE-_-NONE-/,2022-07-27
National Aeronautics and Space Administration,National Aeronautics and Space Administration,FY2022P10,,080,2022,2023,,0120,000,080-2022/2023-0120-000,"Science, National Aeronautics and Space Administration",National Aeronautics and Space Administration,,"General Science, Space, and Technology","Space flight, research, and supporting activities",080-0120,"Science, National Aeronautics and Space Administration",0001,SCIENCE (DIRECT),25.5,Research and development contracts,D,Q,Not Designated Nonemergency/Emergency/Disaster/Wildfire Suppression,,9906677.81,,,CONT_AWD_80GSFC19C0054_8000_-NONE-_-NONE-,80GSFC19C0054,,,,2019-07-01,2019,2025-09-08,2025,2019-07-01,2027-09-30,,D,DEFINITIVE CONTRACT,,,THIS CONTRACT IS FOR THE PRODUCTS AND SERVICES ASSOCIATED WITH THE DESIGN PHASE OF THE WIDE-FIELD INFRARED SURVEY TELESCOPE (WFIRST) SCIENCE OPERATIONS CENTER (SOC),080,NATIONAL AERONAUTICS AND SPACE ADMINISTRATION (NASA),8000,NATIONAL AERONAUTICS AND SPACE ADMINISTRATION,80GSFC,NASA GODDARD SPACE FLIGHT CENTER,080,NATIONAL AERONAUTICS AND SPACE ADMINISTRATION (NASA),8000,NATIONAL AERONAUTICS AND SPACE ADMINISTRATION,80GSFC,NASA GODDARD SPACE FLIGHT CENTER,W1NBN156CYF9,,"ASSOCIATION OF UNIVERSITIES FOR RESEARCH IN ASTRONOMY, INC.","ASSOCIATION OF UNIVERSITIES FOR RESEARCH IN ASTRONOMY, INC.",W1NBN156CYF9,W1NBN156CYF9,"ASSOCIATION OF UNIVERSITIES FOR RESEARCH IN ASTRONOMY, INC.",ASSOCIATION OF UNIVERSITIES FOR RESEARCH IN ASTRONOMY  INC.,USA,MD,BALTIMORE (CITY),BALTIMORE,MD-07,MD-07,212182410,UNITED STATES,MARYLAND,BALTIMORE CITY,MD-07,MD-07,212182410,,,AR45,"R&D- SPACE: OPERATIONS, TRACKING AND DATA ACQUISITION (OPERATIONAL SYSTEMS DEVELOPMENT)",541715,"RESEARCH AND DEVELOPMENT IN THE PHYSICAL, ENGINEERING, AND LIFE SCIENCES (EXCEPT NANOTECHNOLOGY AND BIOTECHNOLOGY)",,,https://www.usaspending.gov/award/CONT_AWD_80GSFC19C0054_8000_-NONE-_-NONE-/,2022-08-24
National Aeronautics and Space Administration,National Aeronautics and Space Administration,FY2022P10,,080,2022,2023,,0120,000,080-2022/2023-0120-000,"Science, National Aeronautics and Space Administration",National Aeronautics and Space Administration,,"General Science, Space, and Technology","Space flight, research, and supporting activities",080-0120,"Science, National Aeronautics and Space Administration",0001,SCIENCE (DIRECT),25.5,Research and development contracts,D,Q,Not Designated Nonemergency/Emergency/Disaster/Wildfire Suppression,4654304.00,,,,CONT_AWD_80GSFC19C0054_8000_-NONE-_-NONE-,80GSFC19C0054,,,,2019-07-01,2019,2025-09-08,2025,2019-07-01,2027-09-30,,D,DEFINITIVE CONTRACT,,,THIS CONTRACT IS FOR THE PRODUCTS AND SERVICES ASSOCIATED WITH THE DESIGN PHASE OF THE WIDE-FIELD INFRARED SURVEY TELESCOPE (WFIRST) SCIENCE OPERATIONS CENTER (SOC),080,NATIONAL AERONAUTICS AND SPACE ADMINISTRATION (NASA),8000,NATIONAL AERONAUTICS AND SPACE ADMINISTRATION,80GSFC,NASA GODDARD SPACE FLIGHT CENTER,080,NATIONAL AERONAUTICS AND SPACE ADMINISTRATION (NASA),8000,NATIONAL AERONAUTICS AND SPACE ADMINISTRATION,80GSFC,NASA GODDARD SPACE FLIGHT CENTER,W1NBN156CYF9,,"ASSOCIATION OF UNIVERSITIES FOR RESEARCH IN ASTRONOMY, INC.","ASSOCIATION OF UNIVERSITIES FOR RESEARCH IN ASTRONOMY, INC.",W1NBN156CYF9,W1NBN156CYF9,"ASSOCIATION OF UNIVERSITIES FOR RESEARCH IN ASTRONOMY, INC.",ASSOCIATION OF UNIVERSITIES FOR RESEARCH IN ASTRONOMY  INC.,USA,MD,BALTIMORE (CITY),BALTIMORE,MD-07,MD-07,212182410,UNITED STATES,MARYLAND,BALTIMORE CITY,MD-07,MD-07,212182410,,,AR45,"R&D- SPACE: OPERATIONS, TRACKING AND DATA ACQUISITION (OPERATIONAL SYSTEMS DEVELOPMENT)",541715,"RESEARCH AND DEVELOPMENT IN THE PHYSICAL, ENGINEERING, AND LIFE SCIENCES (EXCEPT NANOTECHNOLOGY AND BIOTECHNOLOGY)",,,https://www.usaspending.gov/award/CONT_AWD_80GSFC19C0054_8000_-NONE-_-NONE-/,2022-08-24
National Aeronautics and Space Administration,National Aeronautics and Space Administration,FY2022P10,,080,2021,2022,,0120,000,080-2021/2022-0120-000,"Science, National Aeronautics and Space Administration",National Aeronautics and Space Administration,,"General Science, Space, and Technology","Space flight, research, and supporting activities",080-0120,"Science, National Aeronautics and Space Administration",0001,SCIENCE (DIRECT),25.5,Research and development contracts,D,Q,Not Designated Nonemergency/Emergency/Disaster/Wildfire Suppression,,3763879.73,,,CONT_AWD_80GSFC19C0054_8000_-NONE-_-NONE-,80GSFC19C0054,,,,2019-07-01,2019,2025-09-08,2025,2019-07-01,2027-09-30,,D,DEFINITIVE CONTRACT,,,THIS CONTRACT IS FOR THE PRODUCTS AND SERVICES ASSOCIATED WITH THE DESIGN PHASE OF THE WIDE-FIELD INFRARED SURVEY TELESCOPE (WFIRST) SCIENCE OPERATIONS CENTER (SOC),080,NATIONAL AERONAUTICS AND SPACE ADMINISTRATION (NASA),8000,NATIONAL AERONAUTICS AND SPACE ADMINISTRATION,80GSFC,NASA GODDARD SPACE FLIGHT CENTER,080,NATIONAL AERONAUTICS AND SPACE ADMINISTRATION (NASA),8000,NATIONAL AERONAUTICS AND SPACE ADMINISTRATION,80GSFC,NASA GODDARD SPACE FLIGHT CENTER,W1NBN156CYF9,,"ASSOCIATION OF UNIVERSITIES FOR RESEARCH IN ASTRONOMY, INC.","ASSOCIATION OF UNIVERSITIES FOR RESEARCH IN ASTRONOMY, INC.",W1NBN156CYF9,W1NBN156CYF9,"ASSOCIATION OF UNIVERSITIES FOR RESEARCH IN ASTRONOMY, INC.",ASSOCIATION OF UNIVERSITIES FOR RESEARCH IN ASTRONOMY  INC.,USA,MD,BALTIMORE (CITY),BALTIMORE,MD-07,MD-07,212182410,UNITED STATES,MARYLAND,BALTIMORE CITY,MD-07,MD-07,212182410,,,AR45,"R&D- SPACE: OPERATIONS, TRACKING AND DATA ACQUISITION (OPERATIONAL SYSTEMS DEVELOPMENT)",541715,"RESEARCH AND DEVELOPMENT IN THE PHYSICAL, ENGINEERING, AND LIFE SCIENCES (EXCEPT NANOTECHNOLOGY AND BIOTECHNOLOGY)",,,https://www.usaspending.gov/award/CONT_AWD_80GSFC19C0054_8000_-NONE-_-NONE-/,2022-08-24
National Aeronautics and Space Administration,National Aeronautics and Space Administration,FY2022P11,,080,2022,2023,,0120,000,080-2022/2023-0120-000,"Science, National Aeronautics and Space Administration",National Aeronautics and Space Administration,,"General Science, Space, and Technology","Space flight, research, and supporting activities",080-0120,"Science, National Aeronautics and Space Administration",0001,SCIENCE (DIRECT),25.5,Research and development contracts,D,Q,Not Designated Nonemergency/Emergency/Disaster/Wildfire Suppression,,11464319.26,,,CONT_AWD_80GSFC19C0054_8000_-NONE-_-NONE-,80GSFC19C0054,,,,2019-07-01,2019,2025-09-08,2025,2019-07-01,2027-09-30,,D,DEFINITIVE CONTRACT,,,THIS CONTRACT IS FOR THE PRODUCTS AND SERVICES ASSOCIATED WITH THE DESIGN PHASE OF THE WIDE-FIELD INFRARED SURVEY TELESCOPE (WFIRST) SCIENCE OPERATIONS CENTER (SOC),080,NATIONAL AERONAUTICS AND SPACE ADMINISTRATION (NASA),8000,NATIONAL AERONAUTICS AND SPACE ADMINISTRATION,80GSFC,NASA GODDARD SPACE FLIGHT CENTER,080,NATIONAL AERONAUTICS AND SPACE ADMINISTRATION (NASA),8000,NATIONAL AERONAUTICS AND SPACE ADMINISTRATION,80GSFC,NASA GODDARD SPACE FLIGHT CENTER,W1NBN156CYF9,,"ASSOCIATION OF UNIVERSITIES FOR RESEARCH IN ASTRONOMY, INC.","ASSOCIATION OF UNIVERSITIES FOR RESEARCH IN ASTRONOMY, INC.",W1NBN156CYF9,W1NBN156CYF9,"ASSOCIATION OF UNIVERSITIES FOR RESEARCH IN ASTRONOMY, INC.",ASSOCIATION OF UNIVERSITIES FOR RESEARCH IN ASTRONOMY  INC.,USA,MD,BALTIMORE (CITY),BALTIMORE,MD-07,MD-07,212182410,UNITED STATES,MARYLAND,BALTIMORE CITY,MD-07,MD-07,212182410,,,AR45,"R&D- SPACE: OPERATIONS, TRACKING AND DATA ACQUISITION (OPERATIONAL SYSTEMS DEVELOPMENT)",541715,"RESEARCH AND DEVELOPMENT IN THE PHYSICAL, ENGINEERING, AND LIFE SCIENCES (EXCEPT NANOTECHNOLOGY AND BIOTECHNOLOGY)",,,https://www.usaspending.gov/award/CONT_AWD_80GSFC19C0054_8000_-NONE-_-NONE-/,2022-09-25
National Aeronautics and Space Administration,National Aeronautics and Space Administration,FY2022P11,,080,2021,2022,,0120,000,080-2021/2022-0120-000,"Science, National Aeronautics and Space Administration",National Aeronautics and Space Administration,,"General Science, Space, and Technology","Space flight, research, and supporting activities",080-0120,"Science, National Aeronautics and Space Administration",0001,SCIENCE (DIRECT),25.5,Research and development contracts,D,Q,Not Designated Nonemergency/Emergency/Disaster/Wildfire Suppression,,3763879.73,,,CONT_AWD_80GSFC19C0054_8000_-NONE-_-NONE-,80GSFC19C0054,,,,2019-07-01,2019,2025-09-08,2025,2019-07-01,2027-09-30,,D,DEFINITIVE CONTRACT,,,THIS CONTRACT IS FOR THE PRODUCTS AND SERVICES ASSOCIATED WITH THE DESIGN PHASE OF THE WIDE-FIELD INFRARED SURVEY TELESCOPE (WFIRST) SCIENCE OPERATIONS CENTER (SOC),080,NATIONAL AERONAUTICS AND SPACE ADMINISTRATION (NASA),8000,NATIONAL AERONAUTICS AND SPACE ADMINISTRATION,80GSFC,NASA GODDARD SPACE FLIGHT CENTER,080,NATIONAL AERONAUTICS AND SPACE ADMINISTRATION (NASA),8000,NATIONAL AERONAUTICS AND SPACE ADMINISTRATION,80GSFC,NASA GODDARD SPACE FLIGHT CENTER,W1NBN156CYF9,,"ASSOCIATION OF UNIVERSITIES FOR RESEARCH IN ASTRONOMY, INC.","ASSOCIATION OF UNIVERSITIES FOR RESEARCH IN ASTRONOMY, INC.",W1NBN156CYF9,W1NBN156CYF9,"ASSOCIATION OF UNIVERSITIES FOR RESEARCH IN ASTRONOMY, INC.",ASSOCIATION OF UNIVERSITIES FOR RESEARCH IN ASTRONOMY  INC.,USA,MD,BALTIMORE (CITY),BALTIMORE,MD-07,MD-07,212182410,UNITED STATES,MARYLAND,BALTIMORE CITY,MD-07,MD-07,212182410,,,AR45,"R&D- SPACE: OPERATIONS, TRACKING AND DATA ACQUISITION (OPERATIONAL SYSTEMS DEVELOPMENT)",541715,"RESEARCH AND DEVELOPMENT IN THE PHYSICAL, ENGINEERING, AND LIFE SCIENCES (EXCEPT NANOTECHNOLOGY AND BIOTECHNOLOGY)",,,https://www.usaspending.gov/award/CONT_AWD_80GSFC19C0054_8000_-NONE-_-NONE-/,2022-09-25
National Aeronautics and Space Administration,National Aeronautics and Space Administration,FY2022P12,,080,2022,2023,,0120,000,080-2022/2023-0120-000,"Science, National Aeronautics and Space Administration",National Aeronautics and Space Administration,,"General Science, Space, and Technology","Space flight, research, and supporting activities",080-0120,"Science, National Aeronautics and Space Administration",0001,SCIENCE (DIRECT),25.5,Research and development contracts,D,Q,Not Designated Nonemergency/Emergency/Disaster/Wildfire Suppression,,13869049.28,,,CONT_AWD_80GSFC19C0054_8000_-NONE-_-NONE-,80GSFC19C0054,,,,2019-07-01,2019,2025-09-08,2025,2019-07-01,2027-09-30,,D,DEFINITIVE CONTRACT,,,THIS CONTRACT IS FOR THE PRODUCTS AND SERVICES ASSOCIATED WITH THE DESIGN PHASE OF THE WIDE-FIELD INFRARED SURVEY TELESCOPE (WFIRST) SCIENCE OPERATIONS CENTER (SOC),080,NATIONAL AERONAUTICS AND SPACE ADMINISTRATION (NASA),8000,NATIONAL AERONAUTICS AND SPACE ADMINISTRATION,80GSFC,NASA GODDARD SPACE FLIGHT CENTER,080,NATIONAL AERONAUTICS AND SPACE ADMINISTRATION (NASA),8000,NATIONAL AERONAUTICS AND SPACE ADMINISTRATION,80GSFC,NASA GODDARD SPACE FLIGHT CENTER,W1NBN156CYF9,,"ASSOCIATION OF UNIVERSITIES FOR RESEARCH IN ASTRONOMY, INC.","ASSOCIATION OF UNIVERSITIES FOR RESEARCH IN ASTRONOMY, INC.",W1NBN156CYF9,W1NBN156CYF9,"ASSOCIATION OF UNIVERSITIES FOR RESEARCH IN ASTRONOMY, INC.",ASSOCIATION OF UNIVERSITIES FOR RESEARCH IN ASTRONOMY  INC.,USA,MD,BALTIMORE (CITY),BALTIMORE,MD-07,MD-07,212182410,UNITED STATES,MARYLAND,BALTIMORE CITY,MD-07,MD-07,212182410,,,AR45,"R&D- SPACE: OPERATIONS, TRACKING AND DATA ACQUISITION (OPERATIONAL SYSTEMS DEVELOPMENT)",541715,"RESEARCH AND DEVELOPMENT IN THE PHYSICAL, ENGINEERING, AND LIFE SCIENCES (EXCEPT NANOTECHNOLOGY AND BIOTECHNOLOGY)",,,https://www.usaspending.gov/award/CONT_AWD_80GSFC19C0054_8000_-NONE-_-NONE-/,2022-11-02
National Aeronautics and Space Administration,National Aeronautics and Space Administration,FY2022P12,,080,2022,2023,,0120,000,080-2022/2023-0120-000,"Science, National Aeronautics and Space Administration",National Aeronautics and Space Administration,,"General Science, Space, and Technology","Space flight, research, and supporting activities",080-0120,"Science, National Aeronautics and Space Administration",0001,SCIENCE (DIRECT),25.5,Research and development contracts,D,Q,Not Designated Nonemergency/Emergency/Disaster/Wildfire Suppression,2649637.00,,,,CONT_AWD_80GSFC19C0054_8000_-NONE-_-NONE-,80GSFC19C0054,,,,2019-07-01,2019,2025-09-08,2025,2019-07-01,2027-09-30,,D,DEFINITIVE CONTRACT,,,THIS CONTRACT IS FOR THE PRODUCTS AND SERVICES ASSOCIATED WITH THE DESIGN PHASE OF THE WIDE-FIELD INFRARED SURVEY TELESCOPE (WFIRST) SCIENCE OPERATIONS CENTER (SOC),080,NATIONAL AERONAUTICS AND SPACE ADMINISTRATION (NASA),8000,NATIONAL AERONAUTICS AND SPACE ADMINISTRATION,80GSFC,NASA GODDARD SPACE FLIGHT CENTER,080,NATIONAL AERONAUTICS AND SPACE ADMINISTRATION (NASA),8000,NATIONAL AERONAUTICS AND SPACE ADMINISTRATION,80GSFC,NASA GODDARD SPACE FLIGHT CENTER,W1NBN156CYF9,,"ASSOCIATION OF UNIVERSITIES FOR RESEARCH IN ASTRONOMY, INC.","ASSOCIATION OF UNIVERSITIES FOR RESEARCH IN ASTRONOMY, INC.",W1NBN156CYF9,W1NBN156CYF9,"ASSOCIATION OF UNIVERSITIES FOR RESEARCH IN ASTRONOMY, INC.",ASSOCIATION OF UNIVERSITIES FOR RESEARCH IN ASTRONOMY  INC.,USA,MD,BALTIMORE (CITY),BALTIMORE,MD-07,MD-07,212182410,UNITED STATES,MARYLAND,BALTIMORE CITY,MD-07,MD-07,212182410,,,AR45,"R&D- SPACE: OPERATIONS, TRACKING AND DATA ACQUISITION (OPERATIONAL SYSTEMS DEVELOPMENT)",541715,"RESEARCH AND DEVELOPMENT IN THE PHYSICAL, ENGINEERING, AND LIFE SCIENCES (EXCEPT NANOTECHNOLOGY AND BIOTECHNOLOGY)",,,https://www.usaspending.gov/award/CONT_AWD_80GSFC19C0054_8000_-NONE-_-NONE-/,2022-11-02
National Aeronautics and Space Administration,National Aeronautics and Space Administration,FY2022P12,,080,2021,2022,,0120,000,080-2021/2022-0120-000,"Science, National Aeronautics and Space Administration",National Aeronautics and Space Administration,,"General Science, Space, and Technology","Space flight, research, and supporting activities",080-0120,"Science, National Aeronautics and Space Administration",0001,SCIENCE (DIRECT),25.5,Research and development contracts,D,Q,Not Designated Nonemergency/Emergency/Disaster/Wildfire Suppression,,3763879.73,,,CONT_AWD_80GSFC19C0054_8000_-NONE-_-NONE-,80GSFC19C0054,,,,2019-07-01,2019,2025-09-08,2025,2019-07-01,2027-09-30,,D,DEFINITIVE CONTRACT,,,THIS CONTRACT IS FOR THE PRODUCTS AND SERVICES ASSOCIATED WITH THE DESIGN PHASE OF THE WIDE-FIELD INFRARED SURVEY TELESCOPE (WFIRST) SCIENCE OPERATIONS CENTER (SOC),080,NATIONAL AERONAUTICS AND SPACE ADMINISTRATION (NASA),8000,NATIONAL AERONAUTICS AND SPACE ADMINISTRATION,80GSFC,NASA GODDARD SPACE FLIGHT CENTER,080,NATIONAL AERONAUTICS AND SPACE ADMINISTRATION (NASA),8000,NATIONAL AERONAUTICS AND SPACE ADMINISTRATION,80GSFC,NASA GODDARD SPACE FLIGHT CENTER,W1NBN156CYF9,,"ASSOCIATION OF UNIVERSITIES FOR RESEARCH IN ASTRONOMY, INC.","ASSOCIATION OF UNIVERSITIES FOR RESEARCH IN ASTRONOMY, INC.",W1NBN156CYF9,W1NBN156CYF9,"ASSOCIATION OF UNIVERSITIES FOR RESEARCH IN ASTRONOMY, INC.",ASSOCIATION OF UNIVERSITIES FOR RESEARCH IN ASTRONOMY  INC.,USA,MD,BALTIMORE (CITY),BALTIMORE,MD-07,MD-07,212182410,UNITED STATES,MARYLAND,BALTIMORE CITY,MD-07,MD-07,212182410,,,AR45,"R&D- SPACE: OPERATIONS, TRACKING AND DATA ACQUISITION (OPERATIONAL SYSTEMS DEVELOPMENT)",541715,"RESEARCH AND DEVELOPMENT IN THE PHYSICAL, ENGINEERING, AND LIFE SCIENCES (EXCEPT NANOTECHNOLOGY AND BIOTECHNOLOGY)",,,https://www.usaspending.gov/award/CONT_AWD_80GSFC19C0054_8000_-NONE-_-NONE-/,2022-11-02
National Aeronautics and Space Administration,National Aeronautics and Space Administration,FY2023P02,,080,2022,2023,,0120,000,080-2022/2023-0120-000,"Science, National Aeronautics and Space Administration",National Aeronautics and Space Administration,,"General Science, Space, and Technology","Space flight, research, and supporting activities",080-0120,"Science, National Aeronautics and Space Administration",0001,SCIENCE (DIRECT),25.5,Research and development contracts,D,Q,Not Designated Nonemergency/Emergency/Disaster/Wildfire Suppression,,2123377.01,,,CONT_AWD_80GSFC19C0054_8000_-NONE-_-NONE-,80GSFC19C0054,,,,2019-07-01,2019,2025-09-08,2025,2019-07-01,2027-09-30,,D,DEFINITIVE CONTRACT,,,THIS CONTRACT IS FOR THE PRODUCTS AND SERVICES ASSOCIATED WITH THE DESIGN PHASE OF THE WIDE-FIELD INFRARED SURVEY TELESCOPE (WFIRST) SCIENCE OPERATIONS CENTER (SOC),080,NATIONAL AERONAUTICS AND SPACE ADMINISTRATION (NASA),8000,NATIONAL AERONAUTICS AND SPACE ADMINISTRATION,80GSFC,NASA GODDARD SPACE FLIGHT CENTER,080,NATIONAL AERONAUTICS AND SPACE ADMINISTRATION (NASA),8000,NATIONAL AERONAUTICS AND SPACE ADMINISTRATION,80GSFC,NASA GODDARD SPACE FLIGHT CENTER,W1NBN156CYF9,,"ASSOCIATION OF UNIVERSITIES FOR RESEARCH IN ASTRONOMY, INC.","ASSOCIATION OF UNIVERSITIES FOR RESEARCH IN ASTRONOMY, INC.",W1NBN156CYF9,W1NBN156CYF9,"ASSOCIATION OF UNIVERSITIES FOR RESEARCH IN ASTRONOMY, INC.",ASSOCIATION OF UNIVERSITIES FOR RESEARCH IN ASTRONOMY  INC.,USA,MD,BALTIMORE (CITY),BALTIMORE,MD-07,MD-07,212182410,UNITED STATES,MARYLAND,BALTIMORE CITY,MD-07,MD-07,212182410,,,AR45,"R&D- SPACE: OPERATIONS, TRACKING AND DATA ACQUISITION (OPERATIONAL SYSTEMS DEVELOPMENT)",541715,"RESEARCH AND DEVELOPMENT IN THE PHYSICAL, ENGINEERING, AND LIFE SCIENCES (EXCEPT NANOTECHNOLOGY AND BIOTECHNOLOGY)",,,https://www.usaspending.gov/award/CONT_AWD_80GSFC19C0054_8000_-NONE-_-NONE-/,2023-01-06
National Aeronautics and Space Administration,National Aeronautics and Space Administration,FY2023P03,,080,2023,2024,,0120,000,080-2023/2024-0120-000,"Science, National Aeronautics and Space Administration",National Aeronautics and Space Administration,,"General Science, Space, and Technology","Space flight, research, and supporting activities",080-0120,"Science, National Aeronautics and Space Administration",0001,SCIENCE (DIRECT),25.5,Research and development contracts,D,Q,Not Designated Nonemergency/Emergency/Disaster/Wildfire Suppression,2432200.00,,,,CONT_AWD_80GSFC19C0054_8000_-NONE-_-NONE-,80GSFC19C0054,,,,2019-07-01,2019,2025-09-08,2025,2019-07-01,2027-09-30,,D,DEFINITIVE CONTRACT,,,THIS CONTRACT IS FOR THE PRODUCTS AND SERVICES ASSOCIATED WITH THE DESIGN PHASE OF THE WIDE-FIELD INFRARED SURVEY TELESCOPE (WFIRST) SCIENCE OPERATIONS CENTER (SOC),080,NATIONAL AERONAUTICS AND SPACE ADMINISTRATION (NASA),8000,NATIONAL AERONAUTICS AND SPACE ADMINISTRATION,80GSFC,NASA GODDARD SPACE FLIGHT CENTER,080,NATIONAL AERONAUTICS AND SPACE ADMINISTRATION (NASA),8000,NATIONAL AERONAUTICS AND SPACE ADMINISTRATION,80GSFC,NASA GODDARD SPACE FLIGHT CENTER,W1NBN156CYF9,,"ASSOCIATION OF UNIVERSITIES FOR RESEARCH IN ASTRONOMY, INC.","ASSOCIATION OF UNIVERSITIES FOR RESEARCH IN ASTRONOMY, INC.",W1NBN156CYF9,W1NBN156CYF9,"ASSOCIATION OF UNIVERSITIES FOR RESEARCH IN ASTRONOMY, INC.",ASSOCIATION OF UNIVERSITIES FOR RESEARCH IN ASTRONOMY  INC.,USA,MD,BALTIMORE (CITY),BALTIMORE,MD-07,MD-07,212182410,UNITED STATES,MARYLAND,BALTIMORE CITY,MD-07,MD-07,212182410,,,AR45,"R&D- SPACE: OPERATIONS, TRACKING AND DATA ACQUISITION (OPERATIONAL SYSTEMS DEVELOPMENT)",541715,"RESEARCH AND DEVELOPMENT IN THE PHYSICAL, ENGINEERING, AND LIFE SCIENCES (EXCEPT NANOTECHNOLOGY AND BIOTECHNOLOGY)",,,https://www.usaspending.gov/award/CONT_AWD_80GSFC19C0054_8000_-NONE-_-NONE-/,2023-01-31
National Aeronautics and Space Administration,National Aeronautics and Space Administration,FY2023P03,,080,2023,2024,,0120,000,080-2023/2024-0120-000,"Science, National Aeronautics and Space Administration",National Aeronautics and Space Administration,,"General Science, Space, and Technology","Space flight, research, and supporting activities",080-0120,"Science, National Aeronautics and Space Administration",0001,SCIENCE (DIRECT),25.5,Research and development contracts,D,Q,Not Designated Nonemergency/Emergency/Disaster/Wildfire Suppression,,1210287.29,,,CONT_AWD_80GSFC19C0054_8000_-NONE-_-NONE-,80GSFC19C0054,,,,2019-07-01,2019,2025-09-08,2025,2019-07-01,2027-09-30,,D,DEFINITIVE CONTRACT,,,THIS CONTRACT IS FOR THE PRODUCTS AND SERVICES ASSOCIATED WITH THE DESIGN PHASE OF THE WIDE-FIELD INFRARED SURVEY TELESCOPE (WFIRST) SCIENCE OPERATIONS CENTER (SOC),080,NATIONAL AERONAUTICS AND SPACE ADMINISTRATION (NASA),8000,NATIONAL AERONAUTICS AND SPACE ADMINISTRATION,80GSFC,NASA GODDARD SPACE FLIGHT CENTER,080,NATIONAL AERONAUTICS AND SPACE ADMINISTRATION (NASA),8000,NATIONAL AERONAUTICS AND SPACE ADMINISTRATION,80GSFC,NASA GODDARD SPACE FLIGHT CENTER,W1NBN156CYF9,,"ASSOCIATION OF UNIVERSITIES FOR RESEARCH IN ASTRONOMY, INC.","ASSOCIATION OF UNIVERSITIES FOR RESEARCH IN ASTRONOMY, INC.",W1NBN156CYF9,W1NBN156CYF9,"ASSOCIATION OF UNIVERSITIES FOR RESEARCH IN ASTRONOMY, INC.",ASSOCIATION OF UNIVERSITIES FOR RESEARCH IN ASTRONOMY  INC.,USA,MD,BALTIMORE (CITY),BALTIMORE,MD-07,MD-07,212182410,UNITED STATES,MARYLAND,BALTIMORE CITY,MD-07,MD-07,212182410,,,AR45,"R&D- SPACE: OPERATIONS, TRACKING AND DATA ACQUISITION (OPERATIONAL SYSTEMS DEVELOPMENT)",541715,"RESEARCH AND DEVELOPMENT IN THE PHYSICAL, ENGINEERING, AND LIFE SCIENCES (EXCEPT NANOTECHNOLOGY AND BIOTECHNOLOGY)",,,https://www.usaspending.gov/award/CONT_AWD_80GSFC19C0054_8000_-NONE-_-NONE-/,2023-01-31
National Aeronautics and Space Administration,National Aeronautics and Space Administration,FY2023P03,,080,2022,2023,,0120,000,080-2022/2023-0120-000,"Science, National Aeronautics and Space Administration",National Aeronautics and Space Administration,,"General Science, Space, and Technology","Space flight, research, and supporting activities",080-0120,"Science, National Aeronautics and Space Administration",0001,SCIENCE (DIRECT),25.5,Research and development contracts,D,Q,Not Designated Nonemergency/Emergency/Disaster/Wildfire Suppression,,3263089.72,,,CONT_AWD_80GSFC19C0054_8000_-NONE-_-NONE-,80GSFC19C0054,,,,2019-07-01,2019,2025-09-08,2025,2019-07-01,2027-09-30,,D,DEFINITIVE CONTRACT,,,THIS CONTRACT IS FOR THE PRODUCTS AND SERVICES ASSOCIATED WITH THE DESIGN PHASE OF THE WIDE-FIELD INFRARED SURVEY TELESCOPE (WFIRST) SCIENCE OPERATIONS CENTER (SOC),080,NATIONAL AERONAUTICS AND SPACE ADMINISTRATION (NASA),8000,NATIONAL AERONAUTICS AND SPACE ADMINISTRATION,80GSFC,NASA GODDARD SPACE FLIGHT CENTER,080,NATIONAL AERONAUTICS AND SPACE ADMINISTRATION (NASA),8000,NATIONAL AERONAUTICS AND SPACE ADMINISTRATION,80GSFC,NASA GODDARD SPACE FLIGHT CENTER,W1NBN156CYF9,,"ASSOCIATION OF UNIVERSITIES FOR RESEARCH IN ASTRONOMY, INC.","ASSOCIATION OF UNIVERSITIES FOR RESEARCH IN ASTRONOMY, INC.",W1NBN156CYF9,W1NBN156CYF9,"ASSOCIATION OF UNIVERSITIES FOR RESEARCH IN ASTRONOMY, INC.",ASSOCIATION OF UNIVERSITIES FOR RESEARCH IN ASTRONOMY  INC.,USA,MD,BALTIMORE (CITY),BALTIMORE,MD-07,MD-07,212182410,UNITED STATES,MARYLAND,BALTIMORE CITY,MD-07,MD-07,212182410,,,AR45,"R&D- SPACE: OPERATIONS, TRACKING AND DATA ACQUISITION (OPERATIONAL SYSTEMS DEVELOPMENT)",541715,"RESEARCH AND DEVELOPMENT IN THE PHYSICAL, ENGINEERING, AND LIFE SCIENCES (EXCEPT NANOTECHNOLOGY AND BIOTECHNOLOGY)",,,https://www.usaspending.gov/award/CONT_AWD_80GSFC19C0054_8000_-NONE-_-NONE-/,2023-01-31
National Aeronautics and Space Administration,National Aeronautics and Space Administration,FY2023P04,,080,2023,2024,,0120,000,080-2023/2024-0120-000,"Science, National Aeronautics and Space Administration",National Aeronautics and Space Administration,,"General Science, Space, and Technology","Space flight, research, and supporting activities",080-0120,"Science, National Aeronautics and Space Administration",0001,SCIENCE (DIRECT),25.5,Research and development contracts,D,Q,Not Designated Nonemergency/Emergency/Disaster/Wildfire Suppression,1078104.00,,,,CONT_AWD_80GSFC19C0054_8000_-NONE-_-NONE-,80GSFC19C0054,,,,2019-07-01,2019,2025-09-08,2025,2019-07-01,2027-09-30,,D,DEFINITIVE CONTRACT,,,THIS CONTRACT IS FOR THE PRODUCTS AND SERVICES ASSOCIATED WITH THE DESIGN PHASE OF THE WIDE-FIELD INFRARED SURVEY TELESCOPE (WFIRST) SCIENCE OPERATIONS CENTER (SOC),080,NATIONAL AERONAUTICS AND SPACE ADMINISTRATION (NASA),8000,NATIONAL AERONAUTICS AND SPACE ADMINISTRATION,80GSFC,NASA GODDARD SPACE FLIGHT CENTER,080,NATIONAL AERONAUTICS AND SPACE ADMINISTRATION (NASA),8000,NATIONAL AERONAUTICS AND SPACE ADMINISTRATION,80GSFC,NASA GODDARD SPACE FLIGHT CENTER,W1NBN156CYF9,,"ASSOCIATION OF UNIVERSITIES FOR RESEARCH IN ASTRONOMY, INC.","ASSOCIATION OF UNIVERSITIES FOR RESEARCH IN ASTRONOMY, INC.",W1NBN156CYF9,W1NBN156CYF9,"ASSOCIATION OF UNIVERSITIES FOR RESEARCH IN ASTRONOMY, INC.",ASSOCIATION OF UNIVERSITIES FOR RESEARCH IN ASTRONOMY  INC.,USA,MD,BALTIMORE (CITY),BALTIMORE,MD-07,MD-07,212182410,UNITED STATES,MARYLAND,BALTIMORE CITY,MD-07,MD-07,212182410,,,AR45,"R&D- SPACE: OPERATIONS, TRACKING AND DATA ACQUISITION (OPERATIONAL SYSTEMS DEVELOPMENT)",541715,"RESEARCH AND DEVELOPMENT IN THE PHYSICAL, ENGINEERING, AND LIFE SCIENCES (EXCEPT NANOTECHNOLOGY AND BIOTECHNOLOGY)",,,https://www.usaspending.gov/award/CONT_AWD_80GSFC19C0054_8000_-NONE-_-NONE-/,2023-02-23
National Aeronautics and Space Administration,National Aeronautics and Space Administration,FY2023P04,,080,2023,2024,,0120,000,080-2023/2024-0120-000,"Science, National Aeronautics and Space Administration",National Aeronautics and Space Administration,,"General Science, Space, and Technology","Space flight, research, and supporting activities",080-0120,"Science, National Aeronautics and Space Administration",0001,SCIENCE (DIRECT),25.5,Research and development contracts,D,Q,Not Designated Nonemergency/Emergency/Disaster/Wildfire Suppression,,1900287.29,,,CONT_AWD_80GSFC19C0054_8000_-NONE-_-NONE-,80GSFC19C0054,,,,2019-07-01,2019,2025-09-08,2025,2019-07-01,2027-09-30,,D,DEFINITIVE CONTRACT,,,THIS CONTRACT IS FOR THE PRODUCTS AND SERVICES ASSOCIATED WITH THE DESIGN PHASE OF THE WIDE-FIELD INFRARED SURVEY TELESCOPE (WFIRST) SCIENCE OPERATIONS CENTER (SOC),080,NATIONAL AERONAUTICS AND SPACE ADMINISTRATION (NASA),8000,NATIONAL AERONAUTICS AND SPACE ADMINISTRATION,80GSFC,NASA GODDARD SPACE FLIGHT CENTER,080,NATIONAL AERONAUTICS AND SPACE ADMINISTRATION (NASA),8000,NATIONAL AERONAUTICS AND SPACE ADMINISTRATION,80GSFC,NASA GODDARD SPACE FLIGHT CENTER,W1NBN156CYF9,,"ASSOCIATION OF UNIVERSITIES FOR RESEARCH IN ASTRONOMY, INC.","ASSOCIATION OF UNIVERSITIES FOR RESEARCH IN ASTRONOMY, INC.",W1NBN156CYF9,W1NBN156CYF9,"ASSOCIATION OF UNIVERSITIES FOR RESEARCH IN ASTRONOMY, INC.",ASSOCIATION OF UNIVERSITIES FOR RESEARCH IN ASTRONOMY  INC.,USA,MD,BALTIMORE (CITY),BALTIMORE,MD-07,MD-07,212182410,UNITED STATES,MARYLAND,BALTIMORE CITY,MD-07,MD-07,212182410,,,AR45,"R&D- SPACE: OPERATIONS, TRACKING AND DATA ACQUISITION (OPERATIONAL SYSTEMS DEVELOPMENT)",541715,"RESEARCH AND DEVELOPMENT IN THE PHYSICAL, ENGINEERING, AND LIFE SCIENCES (EXCEPT NANOTECHNOLOGY AND BIOTECHNOLOGY)",,,https://www.usaspending.gov/award/CONT_AWD_80GSFC19C0054_8000_-NONE-_-NONE-/,2023-02-23
National Aeronautics and Space Administration,National Aeronautics and Space Administration,FY2023P04,,080,2022,2023,,0120,000,080-2022/2023-0120-000,"Science, National Aeronautics and Space Administration",National Aeronautics and Space Administration,,"General Science, Space, and Technology","Space flight, research, and supporting activities",080-0120,"Science, National Aeronautics and Space Administration",0001,SCIENCE (DIRECT),25.5,Research and development contracts,D,Q,Not Designated Nonemergency/Emergency/Disaster/Wildfire Suppression,,3263089.72,,,CONT_AWD_80GSFC19C0054_8000_-NONE-_-NONE-,80GSFC19C0054,,,,2019-07-01,2019,2025-09-08,2025,2019-07-01,2027-09-30,,D,DEFINITIVE CONTRACT,,,THIS CONTRACT IS FOR THE PRODUCTS AND SERVICES ASSOCIATED WITH THE DESIGN PHASE OF THE WIDE-FIELD INFRARED SURVEY TELESCOPE (WFIRST) SCIENCE OPERATIONS CENTER (SOC),080,NATIONAL AERONAUTICS AND SPACE ADMINISTRATION (NASA),8000,NATIONAL AERONAUTICS AND SPACE ADMINISTRATION,80GSFC,NASA GODDARD SPACE FLIGHT CENTER,080,NATIONAL AERONAUTICS AND SPACE ADMINISTRATION (NASA),8000,NATIONAL AERONAUTICS AND SPACE ADMINISTRATION,80GSFC,NASA GODDARD SPACE FLIGHT CENTER,W1NBN156CYF9,,"ASSOCIATION OF UNIVERSITIES FOR RESEARCH IN ASTRONOMY, INC.","ASSOCIATION OF UNIVERSITIES FOR RESEARCH IN ASTRONOMY, INC.",W1NBN156CYF9,W1NBN156CYF9,"ASSOCIATION OF UNIVERSITIES FOR RESEARCH IN ASTRONOMY, INC.",ASSOCIATION OF UNIVERSITIES FOR RESEARCH IN ASTRONOMY  INC.,USA,MD,BALTIMORE (CITY),BALTIMORE,MD-07,MD-07,212182410,UNITED STATES,MARYLAND,BALTIMORE CITY,MD-07,MD-07,212182410,,,AR45,"R&D- SPACE: OPERATIONS, TRACKING AND DATA ACQUISITION (OPERATIONAL SYSTEMS DEVELOPMENT)",541715,"RESEARCH AND DEVELOPMENT IN THE PHYSICAL, ENGINEERING, AND LIFE SCIENCES (EXCEPT NANOTECHNOLOGY AND BIOTECHNOLOGY)",,,https://www.usaspending.gov/award/CONT_AWD_80GSFC19C0054_8000_-NONE-_-NONE-/,2023-02-23
National Aeronautics and Space Administration,National Aeronautics and Space Administration,FY2023P05,,080,2023,2024,,0120,000,080-2023/2024-0120-000,"Science, National Aeronautics and Space Administration",National Aeronautics and Space Administration,,"General Science, Space, and Technology","Space flight, research, and supporting activities",080-0120,"Science, National Aeronautics and Space Administration",0001,SCIENCE (DIRECT),25.5,Research and development contracts,D,Q,Not Designated Nonemergency/Emergency/Disaster/Wildfire Suppression,1025720.00,,,,CONT_AWD_80GSFC19C0054_8000_-NONE-_-NONE-,80GSFC19C0054,,,,2019-07-01,2019,2025-09-08,2025,2019-07-01,2027-09-30,,D,DEFINITIVE CONTRACT,,,THIS CONTRACT IS FOR THE PRODUCTS AND SERVICES ASSOCIATED WITH THE DESIGN PHASE OF THE WIDE-FIELD INFRARED SURVEY TELESCOPE (WFIRST) SCIENCE OPERATIONS CENTER (SOC),080,NATIONAL AERONAUTICS AND SPACE ADMINISTRATION (NASA),8000,NATIONAL AERONAUTICS AND SPACE ADMINISTRATION,80GSFC,NASA GODDARD SPACE FLIGHT CENTER,080,NATIONAL AERONAUTICS AND SPACE ADMINISTRATION (NASA),8000,NATIONAL AERONAUTICS AND SPACE ADMINISTRATION,80GSFC,NASA GODDARD SPACE FLIGHT CENTER,W1NBN156CYF9,,"ASSOCIATION OF UNIVERSITIES FOR RESEARCH IN ASTRONOMY, INC.","ASSOCIATION OF UNIVERSITIES FOR RESEARCH IN ASTRONOMY, INC.",W1NBN156CYF9,W1NBN156CYF9,"ASSOCIATION OF UNIVERSITIES FOR RESEARCH IN ASTRONOMY, INC.",ASSOCIATION OF UNIVERSITIES FOR RESEARCH IN ASTRONOMY  INC.,USA,MD,BALTIMORE (CITY),BALTIMORE,MD-07,MD-07,212182410,UNITED STATES,MARYLAND,BALTIMORE CITY,MD-07,MD-07,212182410,,,AR45,"R&D- SPACE: OPERATIONS, TRACKING AND DATA ACQUISITION (OPERATIONAL SYSTEMS DEVELOPMENT)",541715,"RESEARCH AND DEVELOPMENT IN THE PHYSICAL, ENGINEERING, AND LIFE SCIENCES (EXCEPT NANOTECHNOLOGY AND BIOTECHNOLOGY)",,,https://www.usaspending.gov/award/CONT_AWD_80GSFC19C0054_8000_-NONE-_-NONE-/,2023-03-27
National Aeronautics and Space Administration,National Aeronautics and Space Administration,FY2023P05,,080,2023,2024,,0120,000,080-2023/2024-0120-000,"Science, National Aeronautics and Space Administration",National Aeronautics and Space Administration,,"General Science, Space, and Technology","Space flight, research, and supporting activities",080-0120,"Science, National Aeronautics and Space Administration",0001,SCIENCE (DIRECT),25.5,Research and development contracts,D,Q,Not Designated Nonemergency/Emergency/Disaster/Wildfire Suppression,1431210.00,,,,CONT_AWD_80GSFC19C0054_8000_-NONE-_-NONE-,80GSFC19C0054,,,,2019-07-01,2019,2025-09-08,2025,2019-07-01,2027-09-30,,D,DEFINITIVE CONTRACT,,,THIS CONTRACT IS FOR THE PRODUCTS AND SERVICES ASSOCIATED WITH THE DESIGN PHASE OF THE WIDE-FIELD INFRARED SURVEY TELESCOPE (WFIRST) SCIENCE OPERATIONS CENTER (SOC),080,NATIONAL AERONAUTICS AND SPACE ADMINISTRATION (NASA),8000,NATIONAL AERONAUTICS AND SPACE ADMINISTRATION,80GSFC,NASA GODDARD SPACE FLIGHT CENTER,080,NATIONAL AERONAUTICS AND SPACE ADMINISTRATION (NASA),8000,NATIONAL AERONAUTICS AND SPACE ADMINISTRATION,80GSFC,NASA GODDARD SPACE FLIGHT CENTER,W1NBN156CYF9,,"ASSOCIATION OF UNIVERSITIES FOR RESEARCH IN ASTRONOMY, INC.","ASSOCIATION OF UNIVERSITIES FOR RESEARCH IN ASTRONOMY, INC.",W1NBN156CYF9,W1NBN156CYF9,"ASSOCIATION OF UNIVERSITIES FOR RESEARCH IN ASTRONOMY, INC.",ASSOCIATION OF UNIVERSITIES FOR RESEARCH IN ASTRONOMY  INC.,USA,MD,BALTIMORE (CITY),BALTIMORE,MD-07,MD-07,212182410,UNITED STATES,MARYLAND,BALTIMORE CITY,MD-07,MD-07,212182410,,,AR45,"R&D- SPACE: OPERATIONS, TRACKING AND DATA ACQUISITION (OPERATIONAL SYSTEMS DEVELOPMENT)",541715,"RESEARCH AND DEVELOPMENT IN THE PHYSICAL, ENGINEERING, AND LIFE SCIENCES (EXCEPT NANOTECHNOLOGY AND BIOTECHNOLOGY)",,,https://www.usaspending.gov/award/CONT_AWD_80GSFC19C0054_8000_-NONE-_-NONE-/,2023-03-27
National Aeronautics and Space Administration,National Aeronautics and Space Administration,FY2023P05,,080,2023,2024,,0120,000,080-2023/2024-0120-000,"Science, National Aeronautics and Space Administration",National Aeronautics and Space Administration,,"General Science, Space, and Technology","Space flight, research, and supporting activities",080-0120,"Science, National Aeronautics and Space Administration",0001,SCIENCE (DIRECT),25.5,Research and development contracts,D,Q,Not Designated Nonemergency/Emergency/Disaster/Wildfire Suppression,,3700287.29,,,CONT_AWD_80GSFC19C0054_8000_-NONE-_-NONE-,80GSFC19C0054,,,,2019-07-01,2019,2025-09-08,2025,2019-07-01,2027-09-30,,D,DEFINITIVE CONTRACT,,,THIS CONTRACT IS FOR THE PRODUCTS AND SERVICES ASSOCIATED WITH THE DESIGN PHASE OF THE WIDE-FIELD INFRARED SURVEY TELESCOPE (WFIRST) SCIENCE OPERATIONS CENTER (SOC),080,NATIONAL AERONAUTICS AND SPACE ADMINISTRATION (NASA),8000,NATIONAL AERONAUTICS AND SPACE ADMINISTRATION,80GSFC,NASA GODDARD SPACE FLIGHT CENTER,080,NATIONAL AERONAUTICS AND SPACE ADMINISTRATION (NASA),8000,NATIONAL AERONAUTICS AND SPACE ADMINISTRATION,80GSFC,NASA GODDARD SPACE FLIGHT CENTER,W1NBN156CYF9,,"ASSOCIATION OF UNIVERSITIES FOR RESEARCH IN ASTRONOMY, INC.","ASSOCIATION OF UNIVERSITIES FOR RESEARCH IN ASTRONOMY, INC.",W1NBN156CYF9,W1NBN156CYF9,"ASSOCIATION OF UNIVERSITIES FOR RESEARCH IN ASTRONOMY, INC.",ASSOCIATION OF UNIVERSITIES FOR RESEARCH IN ASTRONOMY  INC.,USA,MD,BALTIMORE (CITY),BALTIMORE,MD-07,MD-07,212182410,UNITED STATES,MARYLAND,BALTIMORE CITY,MD-07,MD-07,212182410,,,AR45,"R&D- SPACE: OPERATIONS, TRACKING AND DATA ACQUISITION (OPERATIONAL SYSTEMS DEVELOPMENT)",541715,"RESEARCH AND DEVELOPMENT IN THE PHYSICAL, ENGINEERING, AND LIFE SCIENCES (EXCEPT NANOTECHNOLOGY AND BIOTECHNOLOGY)",,,https://www.usaspending.gov/award/CONT_AWD_80GSFC19C0054_8000_-NONE-_-NONE-/,2023-03-27
National Aeronautics and Space Administration,National Aeronautics and Space Administration,FY2023P05,,080,2022,2023,,0120,000,080-2022/2023-0120-000,"Science, National Aeronautics and Space Administration",National Aeronautics and Space Administration,,"General Science, Space, and Technology","Space flight, research, and supporting activities",080-0120,"Science, National Aeronautics and Space Administration",0001,SCIENCE (DIRECT),25.5,Research and development contracts,D,Q,Not Designated Nonemergency/Emergency/Disaster/Wildfire Suppression,,3263089.72,,,CONT_AWD_80GSFC19C0054_8000_-NONE-_-NONE-,80GSFC19C0054,,,,2019-07-01,2019,2025-09-08,2025,2019-07-01,2027-09-30,,D,DEFINITIVE CONTRACT,,,THIS CONTRACT IS FOR THE PRODUCTS AND SERVICES ASSOCIATED WITH THE DESIGN PHASE OF THE WIDE-FIELD INFRARED SURVEY TELESCOPE (WFIRST) SCIENCE OPERATIONS CENTER (SOC),080,NATIONAL AERONAUTICS AND SPACE ADMINISTRATION (NASA),8000,NATIONAL AERONAUTICS AND SPACE ADMINISTRATION,80GSFC,NASA GODDARD SPACE FLIGHT CENTER,080,NATIONAL AERONAUTICS AND SPACE ADMINISTRATION (NASA),8000,NATIONAL AERONAUTICS AND SPACE ADMINISTRATION,80GSFC,NASA GODDARD SPACE FLIGHT CENTER,W1NBN156CYF9,,"ASSOCIATION OF UNIVERSITIES FOR RESEARCH IN ASTRONOMY, INC.","ASSOCIATION OF UNIVERSITIES FOR RESEARCH IN ASTRONOMY, INC.",W1NBN156CYF9,W1NBN156CYF9,"ASSOCIATION OF UNIVERSITIES FOR RESEARCH IN ASTRONOMY, INC.",ASSOCIATION OF UNIVERSITIES FOR RESEARCH IN ASTRONOMY  INC.,USA,MD,BALTIMORE (CITY),BALTIMORE,MD-07,MD-07,212182410,UNITED STATES,MARYLAND,BALTIMORE CITY,MD-07,MD-07,212182410,,,AR45,"R&D- SPACE: OPERATIONS, TRACKING AND DATA ACQUISITION (OPERATIONAL SYSTEMS DEVELOPMENT)",541715,"RESEARCH AND DEVELOPMENT IN THE PHYSICAL, ENGINEERING, AND LIFE SCIENCES (EXCEPT NANOTECHNOLOGY AND BIOTECHNOLOGY)",,,https://www.usaspending.gov/award/CONT_AWD_80GSFC19C0054_8000_-NONE-_-NONE-/,2023-03-27
National Aeronautics and Space Administration,National Aeronautics and Space Administration,FY2023P06,,080,2023,2024,,0120,000,080-2023/2024-0120-000,"Science, National Aeronautics and Space Administration",National Aeronautics and Space Administration,,"General Science, Space, and Technology","Space flight, research, and supporting activities",080-0120,"Science, National Aeronautics and Space Administration",0001,SCIENCE (DIRECT),25.5,Research and development contracts,D,Q,Not Designated Nonemergency/Emergency/Disaster/Wildfire Suppression,,5484176.26,,,CONT_AWD_80GSFC19C0054_8000_-NONE-_-NONE-,80GSFC19C0054,,,,2019-07-01,2019,2025-09-08,2025,2019-07-01,2027-09-30,,D,DEFINITIVE CONTRACT,,,THIS CONTRACT IS FOR THE PRODUCTS AND SERVICES ASSOCIATED WITH THE DESIGN PHASE OF THE WIDE-FIELD INFRARED SURVEY TELESCOPE (WFIRST) SCIENCE OPERATIONS CENTER (SOC),080,NATIONAL AERONAUTICS AND SPACE ADMINISTRATION (NASA),8000,NATIONAL AERONAUTICS AND SPACE ADMINISTRATION,80GSFC,NASA GODDARD SPACE FLIGHT CENTER,080,NATIONAL AERONAUTICS AND SPACE ADMINISTRATION (NASA),8000,NATIONAL AERONAUTICS AND SPACE ADMINISTRATION,80GSFC,NASA GODDARD SPACE FLIGHT CENTER,W1NBN156CYF9,,"ASSOCIATION OF UNIVERSITIES FOR RESEARCH IN ASTRONOMY, INC.","ASSOCIATION OF UNIVERSITIES FOR RESEARCH IN ASTRONOMY, INC.",W1NBN156CYF9,W1NBN156CYF9,"ASSOCIATION OF UNIVERSITIES FOR RESEARCH IN ASTRONOMY, INC.",ASSOCIATION OF UNIVERSITIES FOR RESEARCH IN ASTRONOMY  INC.,USA,MD,BALTIMORE (CITY),BALTIMORE,MD-07,MD-07,212182410,UNITED STATES,MARYLAND,BALTIMORE CITY,MD-07,MD-07,212182410,,,AR45,"R&D- SPACE: OPERATIONS, TRACKING AND DATA ACQUISITION (OPERATIONAL SYSTEMS DEVELOPMENT)",541715,"RESEARCH AND DEVELOPMENT IN THE PHYSICAL, ENGINEERING, AND LIFE SCIENCES (EXCEPT NANOTECHNOLOGY AND BIOTECHNOLOGY)",,,https://www.usaspending.gov/award/CONT_AWD_80GSFC19C0054_8000_-NONE-_-NONE-/,2023-04-27
National Aeronautics and Space Administration,National Aeronautics and Space Administration,FY2023P06,,080,2023,2024,,0120,000,080-2023/2024-0120-000,"Science, National Aeronautics and Space Administration",National Aeronautics and Space Administration,,"General Science, Space, and Technology","Space flight, research, and supporting activities",080-0120,"Science, National Aeronautics and Space Administration",0001,SCIENCE (DIRECT),25.5,Research and development contracts,D,Q,Not Designated Nonemergency/Emergency/Disaster/Wildfire Suppression,897201.00,,,,CONT_AWD_80GSFC19C0054_8000_-NONE-_-NONE-,80GSFC19C0054,,,,2019-07-01,2019,2025-09-08,2025,2019-07-01,2027-09-30,,D,DEFINITIVE CONTRACT,,,THIS CONTRACT IS FOR THE PRODUCTS AND SERVICES ASSOCIATED WITH THE DESIGN PHASE OF THE WIDE-FIELD INFRARED SURVEY TELESCOPE (WFIRST) SCIENCE OPERATIONS CENTER (SOC),080,NATIONAL AERONAUTICS AND SPACE ADMINISTRATION (NASA),8000,NATIONAL AERONAUTICS AND SPACE ADMINISTRATION,80GSFC,NASA GODDARD SPACE FLIGHT CENTER,080,NATIONAL AERONAUTICS AND SPACE ADMINISTRATION (NASA),8000,NATIONAL AERONAUTICS AND SPACE ADMINISTRATION,80GSFC,NASA GODDARD SPACE FLIGHT CENTER,W1NBN156CYF9,,"ASSOCIATION OF UNIVERSITIES FOR RESEARCH IN ASTRONOMY, INC.","ASSOCIATION OF UNIVERSITIES FOR RESEARCH IN ASTRONOMY, INC.",W1NBN156CYF9,W1NBN156CYF9,"ASSOCIATION OF UNIVERSITIES FOR RESEARCH IN ASTRONOMY, INC.",ASSOCIATION OF UNIVERSITIES FOR RESEARCH IN ASTRONOMY  INC.,USA,MD,BALTIMORE (CITY),BALTIMORE,MD-07,MD-07,212182410,UNITED STATES,MARYLAND,BALTIMORE CITY,MD-07,MD-07,212182410,,,AR45,"R&D- SPACE: OPERATIONS, TRACKING AND DATA ACQUISITION (OPERATIONAL SYSTEMS DEVELOPMENT)",541715,"RESEARCH AND DEVELOPMENT IN THE PHYSICAL, ENGINEERING, AND LIFE SCIENCES (EXCEPT NANOTECHNOLOGY AND BIOTECHNOLOGY)",,,https://www.usaspending.gov/award/CONT_AWD_80GSFC19C0054_8000_-NONE-_-NONE-/,2023-04-27
National Aeronautics and Space Administration,National Aeronautics and Space Administration,FY2023P06,,080,2023,2024,,0120,000,080-2023/2024-0120-000,"Science, National Aeronautics and Space Administration",National Aeronautics and Space Administration,,"General Science, Space, and Technology","Space flight, research, and supporting activities",080-0120,"Science, National Aeronautics and Space Administration",0001,SCIENCE (DIRECT),25.5,Research and development contracts,D,Q,Not Designated Nonemergency/Emergency/Disaster/Wildfire Suppression,1744561.00,,,,CONT_AWD_80GSFC19C0054_8000_-NONE-_-NONE-,80GSFC19C0054,,,,2019-07-01,2019,2025-09-08,2025,2019-07-01,2027-09-30,,D,DEFINITIVE CONTRACT,,,THIS CONTRACT IS FOR THE PRODUCTS AND SERVICES ASSOCIATED WITH THE DESIGN PHASE OF THE WIDE-FIELD INFRARED SURVEY TELESCOPE (WFIRST) SCIENCE OPERATIONS CENTER (SOC),080,NATIONAL AERONAUTICS AND SPACE ADMINISTRATION (NASA),8000,NATIONAL AERONAUTICS AND SPACE ADMINISTRATION,80GSFC,NASA GODDARD SPACE FLIGHT CENTER,080,NATIONAL AERONAUTICS AND SPACE ADMINISTRATION (NASA),8000,NATIONAL AERONAUTICS AND SPACE ADMINISTRATION,80GSFC,NASA GODDARD SPACE FLIGHT CENTER,W1NBN156CYF9,,"ASSOCIATION OF UNIVERSITIES FOR RESEARCH IN ASTRONOMY, INC.","ASSOCIATION OF UNIVERSITIES FOR RESEARCH IN ASTRONOMY, INC.",W1NBN156CYF9,W1NBN156CYF9,"ASSOCIATION OF UNIVERSITIES FOR RESEARCH IN ASTRONOMY, INC.",ASSOCIATION OF UNIVERSITIES FOR RESEARCH IN ASTRONOMY  INC.,USA,MD,BALTIMORE (CITY),BALTIMORE,MD-07,MD-07,212182410,UNITED STATES,MARYLAND,BALTIMORE CITY,MD-07,MD-07,212182410,,,AR45,"R&D- SPACE: OPERATIONS, TRACKING AND DATA ACQUISITION (OPERATIONAL SYSTEMS DEVELOPMENT)",541715,"RESEARCH AND DEVELOPMENT IN THE PHYSICAL, ENGINEERING, AND LIFE SCIENCES (EXCEPT NANOTECHNOLOGY AND BIOTECHNOLOGY)",,,https://www.usaspending.gov/award/CONT_AWD_80GSFC19C0054_8000_-NONE-_-NONE-/,2023-04-27
National Aeronautics and Space Administration,National Aeronautics and Space Administration,FY2023P06,,080,2022,2023,,0120,000,080-2022/2023-0120-000,"Science, National Aeronautics and Space Administration",National Aeronautics and Space Administration,,"General Science, Space, and Technology","Space flight, research, and supporting activities",080-0120,"Science, National Aeronautics and Space Administration",0001,SCIENCE (DIRECT),25.5,Research and development contracts,D,Q,Not Designated Nonemergency/Emergency/Disaster/Wildfire Suppression,,3263089.72,,,CONT_AWD_80GSFC19C0054_8000_-NONE-_-NONE-,80GSFC19C0054,,,,2019-07-01,2019,2025-09-08,2025,2019-07-01,2027-09-30,,D,DEFINITIVE CONTRACT,,,THIS CONTRACT IS FOR THE PRODUCTS AND SERVICES ASSOCIATED WITH THE DESIGN PHASE OF THE WIDE-FIELD INFRARED SURVEY TELESCOPE (WFIRST) SCIENCE OPERATIONS CENTER (SOC),080,NATIONAL AERONAUTICS AND SPACE ADMINISTRATION (NASA),8000,NATIONAL AERONAUTICS AND SPACE ADMINISTRATION,80GSFC,NASA GODDARD SPACE FLIGHT CENTER,080,NATIONAL AERONAUTICS AND SPACE ADMINISTRATION (NASA),8000,NATIONAL AERONAUTICS AND SPACE ADMINISTRATION,80GSFC,NASA GODDARD SPACE FLIGHT CENTER,W1NBN156CYF9,,"ASSOCIATION OF UNIVERSITIES FOR RESEARCH IN ASTRONOMY, INC.","ASSOCIATION OF UNIVERSITIES FOR RESEARCH IN ASTRONOMY, INC.",W1NBN156CYF9,W1NBN156CYF9,"ASSOCIATION OF UNIVERSITIES FOR RESEARCH IN ASTRONOMY, INC.",ASSOCIATION OF UNIVERSITIES FOR RESEARCH IN ASTRONOMY  INC.,USA,MD,BALTIMORE (CITY),BALTIMORE,MD-07,MD-07,212182410,UNITED STATES,MARYLAND,BALTIMORE CITY,MD-07,MD-07,212182410,,,AR45,"R&D- SPACE: OPERATIONS, TRACKING AND DATA ACQUISITION (OPERATIONAL SYSTEMS DEVELOPMENT)",541715,"RESEARCH AND DEVELOPMENT IN THE PHYSICAL, ENGINEERING, AND LIFE SCIENCES (EXCEPT NANOTECHNOLOGY AND BIOTECHNOLOGY)",,,https://www.usaspending.gov/award/CONT_AWD_80GSFC19C0054_8000_-NONE-_-NONE-/,2023-04-27
National Aeronautics and Space Administration,National Aeronautics and Space Administration,FY2023P07,,080,2023,2024,,0120,000,080-2023/2024-0120-000,"Science, National Aeronautics and Space Administration",National Aeronautics and Space Administration,,"General Science, Space, and Technology","Space flight, research, and supporting activities",080-0120,"Science, National Aeronautics and Space Administration",0001,SCIENCE (DIRECT),25.5,Research and development contracts,D,Q,Not Designated Nonemergency/Emergency/Disaster/Wildfire Suppression,,6754176.26,,,CONT_AWD_80GSFC19C0054_8000_-NONE-_-NONE-,80GSFC19C0054,,,,2019-07-01,2019,2025-09-08,2025,2019-07-01,2027-09-30,,D,DEFINITIVE CONTRACT,,,THIS CONTRACT IS FOR THE PRODUCTS AND SERVICES ASSOCIATED WITH THE DESIGN PHASE OF THE WIDE-FIELD INFRARED SURVEY TELESCOPE (WFIRST) SCIENCE OPERATIONS CENTER (SOC),080,NATIONAL AERONAUTICS AND SPACE ADMINISTRATION (NASA),8000,NATIONAL AERONAUTICS AND SPACE ADMINISTRATION,80GSFC,NASA GODDARD SPACE FLIGHT CENTER,080,NATIONAL AERONAUTICS AND SPACE ADMINISTRATION (NASA),8000,NATIONAL AERONAUTICS AND SPACE ADMINISTRATION,80GSFC,NASA GODDARD SPACE FLIGHT CENTER,W1NBN156CYF9,,"ASSOCIATION OF UNIVERSITIES FOR RESEARCH IN ASTRONOMY, INC.","ASSOCIATION OF UNIVERSITIES FOR RESEARCH IN ASTRONOMY, INC.",W1NBN156CYF9,W1NBN156CYF9,"ASSOCIATION OF UNIVERSITIES FOR RESEARCH IN ASTRONOMY, INC.",ASSOCIATION OF UNIVERSITIES FOR RESEARCH IN ASTRONOMY  INC.,USA,MD,BALTIMORE (CITY),BALTIMORE,MD-07,MD-07,212182410,UNITED STATES,MARYLAND,BALTIMORE CITY,MD-07,MD-07,212182410,,,AR45,"R&D- SPACE: OPERATIONS, TRACKING AND DATA ACQUISITION (OPERATIONAL SYSTEMS DEVELOPMENT)",541715,"RESEARCH AND DEVELOPMENT IN THE PHYSICAL, ENGINEERING, AND LIFE SCIENCES (EXCEPT NANOTECHNOLOGY AND BIOTECHNOLOGY)",,,https://www.usaspending.gov/award/CONT_AWD_80GSFC19C0054_8000_-NONE-_-NONE-/,2023-05-28
National Aeronautics and Space Administration,National Aeronautics and Space Administration,FY2023P07,,080,2023,2024,,0120,000,080-2023/2024-0120-000,"Science, National Aeronautics and Space Administration",National Aeronautics and Space Administration,,"General Science, Space, and Technology","Space flight, research, and supporting activities",080-0120,"Science, National Aeronautics and Space Administration",0001,SCIENCE (DIRECT),25.5,Research and development contracts,D,Q,Not Designated Nonemergency/Emergency/Disaster/Wildfire Suppression,2366036.00,,,,CONT_AWD_80GSFC19C0054_8000_-NONE-_-NONE-,80GSFC19C0054,,,,2019-07-01,2019,2025-09-08,2025,2019-07-01,2027-09-30,,D,DEFINITIVE CONTRACT,,,THIS CONTRACT IS FOR THE PRODUCTS AND SERVICES ASSOCIATED WITH THE DESIGN PHASE OF THE WIDE-FIELD INFRARED SURVEY TELESCOPE (WFIRST) SCIENCE OPERATIONS CENTER (SOC),080,NATIONAL AERONAUTICS AND SPACE ADMINISTRATION (NASA),8000,NATIONAL AERONAUTICS AND SPACE ADMINISTRATION,80GSFC,NASA GODDARD SPACE FLIGHT CENTER,080,NATIONAL AERONAUTICS AND SPACE ADMINISTRATION (NASA),8000,NATIONAL AERONAUTICS AND SPACE ADMINISTRATION,80GSFC,NASA GODDARD SPACE FLIGHT CENTER,W1NBN156CYF9,,"ASSOCIATION OF UNIVERSITIES FOR RESEARCH IN ASTRONOMY, INC.","ASSOCIATION OF UNIVERSITIES FOR RESEARCH IN ASTRONOMY, INC.",W1NBN156CYF9,W1NBN156CYF9,"ASSOCIATION OF UNIVERSITIES FOR RESEARCH IN ASTRONOMY, INC.",ASSOCIATION OF UNIVERSITIES FOR RESEARCH IN ASTRONOMY  INC.,USA,MD,BALTIMORE (CITY),BALTIMORE,MD-07,MD-07,212182410,UNITED STATES,MARYLAND,BALTIMORE CITY,MD-07,MD-07,212182410,,,AR45,"R&D- SPACE: OPERATIONS, TRACKING AND DATA ACQUISITION (OPERATIONAL SYSTEMS DEVELOPMENT)",541715,"RESEARCH AND DEVELOPMENT IN THE PHYSICAL, ENGINEERING, AND LIFE SCIENCES (EXCEPT NANOTECHNOLOGY AND BIOTECHNOLOGY)",,,https://www.usaspending.gov/award/CONT_AWD_80GSFC19C0054_8000_-NONE-_-NONE-/,2023-05-28
National Aeronautics and Space Administration,National Aeronautics and Space Administration,FY2023P07,,080,2022,2023,,0120,000,080-2022/2023-0120-000,"Science, National Aeronautics and Space Administration",National Aeronautics and Space Administration,,"General Science, Space, and Technology","Space flight, research, and supporting activities",080-0120,"Science, National Aeronautics and Space Administration",0001,SCIENCE (DIRECT),25.5,Research and development contracts,D,Q,Not Designated Nonemergency/Emergency/Disaster/Wildfire Suppression,,3263089.72,,,CONT_AWD_80GSFC19C0054_8000_-NONE-_-NONE-,80GSFC19C0054,,,,2019-07-01,2019,2025-09-08,2025,2019-07-01,2027-09-30,,D,DEFINITIVE CONTRACT,,,THIS CONTRACT IS FOR THE PRODUCTS AND SERVICES ASSOCIATED WITH THE DESIGN PHASE OF THE WIDE-FIELD INFRARED SURVEY TELESCOPE (WFIRST) SCIENCE OPERATIONS CENTER (SOC),080,NATIONAL AERONAUTICS AND SPACE ADMINISTRATION (NASA),8000,NATIONAL AERONAUTICS AND SPACE ADMINISTRATION,80GSFC,NASA GODDARD SPACE FLIGHT CENTER,080,NATIONAL AERONAUTICS AND SPACE ADMINISTRATION (NASA),8000,NATIONAL AERONAUTICS AND SPACE ADMINISTRATION,80GSFC,NASA GODDARD SPACE FLIGHT CENTER,W1NBN156CYF9,,"ASSOCIATION OF UNIVERSITIES FOR RESEARCH IN ASTRONOMY, INC.","ASSOCIATION OF UNIVERSITIES FOR RESEARCH IN ASTRONOMY, INC.",W1NBN156CYF9,W1NBN156CYF9,"ASSOCIATION OF UNIVERSITIES FOR RESEARCH IN ASTRONOMY, INC.",ASSOCIATION OF UNIVERSITIES FOR RESEARCH IN ASTRONOMY  INC.,USA,MD,BALTIMORE (CITY),BALTIMORE,MD-07,MD-07,212182410,UNITED STATES,MARYLAND,BALTIMORE CITY,MD-07,MD-07,212182410,,,AR45,"R&D- SPACE: OPERATIONS, TRACKING AND DATA ACQUISITION (OPERATIONAL SYSTEMS DEVELOPMENT)",541715,"RESEARCH AND DEVELOPMENT IN THE PHYSICAL, ENGINEERING, AND LIFE SCIENCES (EXCEPT NANOTECHNOLOGY AND BIOTECHNOLOGY)",,,https://www.usaspending.gov/award/CONT_AWD_80GSFC19C0054_8000_-NONE-_-NONE-/,2023-05-28
National Aeronautics and Space Administration,National Aeronautics and Space Administration,FY2023P08,,080,2023,2024,,0120,000,080-2023/2024-0120-000,"Science, National Aeronautics and Space Administration",National Aeronautics and Space Administration,,"General Science, Space, and Technology","Space flight, research, and supporting activities",080-0120,"Science, National Aeronautics and Space Administration",0001,SCIENCE (DIRECT),25.5,Research and development contracts,D,Q,Not Designated Nonemergency/Emergency/Disaster/Wildfire Suppression,,12768171.33,,,CONT_AWD_80GSFC19C0054_8000_-NONE-_-NONE-,80GSFC19C0054,,,,2019-07-01,2019,2025-09-08,2025,2019-07-01,2027-09-30,,D,DEFINITIVE CONTRACT,,,THIS CONTRACT IS FOR THE PRODUCTS AND SERVICES ASSOCIATED WITH THE DESIGN PHASE OF THE WIDE-FIELD INFRARED SURVEY TELESCOPE (WFIRST) SCIENCE OPERATIONS CENTER (SOC),080,NATIONAL AERONAUTICS AND SPACE ADMINISTRATION (NASA),8000,NATIONAL AERONAUTICS AND SPACE ADMINISTRATION,80GSFC,NASA GODDARD SPACE FLIGHT CENTER,080,NATIONAL AERONAUTICS AND SPACE ADMINISTRATION (NASA),8000,NATIONAL AERONAUTICS AND SPACE ADMINISTRATION,80GSFC,NASA GODDARD SPACE FLIGHT CENTER,W1NBN156CYF9,,"ASSOCIATION OF UNIVERSITIES FOR RESEARCH IN ASTRONOMY, INC.","ASSOCIATION OF UNIVERSITIES FOR RESEARCH IN ASTRONOMY, INC.",W1NBN156CYF9,W1NBN156CYF9,"ASSOCIATION OF UNIVERSITIES FOR RESEARCH IN ASTRONOMY, INC.",ASSOCIATION OF UNIVERSITIES FOR RESEARCH IN ASTRONOMY  INC.,USA,MD,BALTIMORE (CITY),BALTIMORE,MD-07,MD-07,212182410,UNITED STATES,MARYLAND,BALTIMORE CITY,MD-07,MD-07,212182410,,,AR45,"R&D- SPACE: OPERATIONS, TRACKING AND DATA ACQUISITION (OPERATIONAL SYSTEMS DEVELOPMENT)",541715,"RESEARCH AND DEVELOPMENT IN THE PHYSICAL, ENGINEERING, AND LIFE SCIENCES (EXCEPT NANOTECHNOLOGY AND BIOTECHNOLOGY)",,,https://www.usaspending.gov/award/CONT_AWD_80GSFC19C0054_8000_-NONE-_-NONE-/,2023-06-28
National Aeronautics and Space Administration,National Aeronautics and Space Administration,FY2023P08,,080,2023,2024,,0120,000,080-2023/2024-0120-000,"Science, National Aeronautics and Space Administration",National Aeronautics and Space Administration,,"General Science, Space, and Technology","Space flight, research, and supporting activities",080-0120,"Science, National Aeronautics and Space Administration",0001,SCIENCE (DIRECT),25.5,Research and development contracts,D,Q,Not Designated Nonemergency/Emergency/Disaster/Wildfire Suppression,14595312.00,,,,CONT_AWD_80GSFC19C0054_8000_-NONE-_-NONE-,80GSFC19C0054,,,,2019-07-01,2019,2025-09-08,2025,2019-07-01,2027-09-30,,D,DEFINITIVE CONTRACT,,,THIS CONTRACT IS FOR THE PRODUCTS AND SERVICES ASSOCIATED WITH THE DESIGN PHASE OF THE WIDE-FIELD INFRARED SURVEY TELESCOPE (WFIRST) SCIENCE OPERATIONS CENTER (SOC),080,NATIONAL AERONAUTICS AND SPACE ADMINISTRATION (NASA),8000,NATIONAL AERONAUTICS AND SPACE ADMINISTRATION,80GSFC,NASA GODDARD SPACE FLIGHT CENTER,080,NATIONAL AERONAUTICS AND SPACE ADMINISTRATION (NASA),8000,NATIONAL AERONAUTICS AND SPACE ADMINISTRATION,80GSFC,NASA GODDARD SPACE FLIGHT CENTER,W1NBN156CYF9,,"ASSOCIATION OF UNIVERSITIES FOR RESEARCH IN ASTRONOMY, INC.","ASSOCIATION OF UNIVERSITIES FOR RESEARCH IN ASTRONOMY, INC.",W1NBN156CYF9,W1NBN156CYF9,"ASSOCIATION OF UNIVERSITIES FOR RESEARCH IN ASTRONOMY, INC.",ASSOCIATION OF UNIVERSITIES FOR RESEARCH IN ASTRONOMY  INC.,USA,MD,BALTIMORE (CITY),BALTIMORE,MD-07,MD-07,212182410,UNITED STATES,MARYLAND,BALTIMORE CITY,MD-07,MD-07,212182410,,,AR45,"R&D- SPACE: OPERATIONS, TRACKING AND DATA ACQUISITION (OPERATIONAL SYSTEMS DEVELOPMENT)",541715,"RESEARCH AND DEVELOPMENT IN THE PHYSICAL, ENGINEERING, AND LIFE SCIENCES (EXCEPT NANOTECHNOLOGY AND BIOTECHNOLOGY)",,,https://www.usaspending.gov/award/CONT_AWD_80GSFC19C0054_8000_-NONE-_-NONE-/,2023-06-28
National Aeronautics and Space Administration,National Aeronautics and Space Administration,FY2023P08,,080,2022,2023,,0120,000,080-2022/2023-0120-000,"Science, National Aeronautics and Space Administration",National Aeronautics and Space Administration,,"General Science, Space, and Technology","Space flight, research, and supporting activities",080-0120,"Science, National Aeronautics and Space Administration",0001,SCIENCE (DIRECT),25.5,Research and development contracts,D,Q,Not Designated Nonemergency/Emergency/Disaster/Wildfire Suppression,,3263089.72,,,CONT_AWD_80GSFC19C0054_8000_-NONE-_-NONE-,80GSFC19C0054,,,,2019-07-01,2019,2025-09-08,2025,2019-07-01,2027-09-30,,D,DEFINITIVE CONTRACT,,,THIS CONTRACT IS FOR THE PRODUCTS AND SERVICES ASSOCIATED WITH THE DESIGN PHASE OF THE WIDE-FIELD INFRARED SURVEY TELESCOPE (WFIRST) SCIENCE OPERATIONS CENTER (SOC),080,NATIONAL AERONAUTICS AND SPACE ADMINISTRATION (NASA),8000,NATIONAL AERONAUTICS AND SPACE ADMINISTRATION,80GSFC,NASA GODDARD SPACE FLIGHT CENTER,080,NATIONAL AERONAUTICS AND SPACE ADMINISTRATION (NASA),8000,NATIONAL AERONAUTICS AND SPACE ADMINISTRATION,80GSFC,NASA GODDARD SPACE FLIGHT CENTER,W1NBN156CYF9,,"ASSOCIATION OF UNIVERSITIES FOR RESEARCH IN ASTRONOMY, INC.","ASSOCIATION OF UNIVERSITIES FOR RESEARCH IN ASTRONOMY, INC.",W1NBN156CYF9,W1NBN156CYF9,"ASSOCIATION OF UNIVERSITIES FOR RESEARCH IN ASTRONOMY, INC.",ASSOCIATION OF UNIVERSITIES FOR RESEARCH IN ASTRONOMY  INC.,USA,MD,BALTIMORE (CITY),BALTIMORE,MD-07,MD-07,212182410,UNITED STATES,MARYLAND,BALTIMORE CITY,MD-07,MD-07,212182410,,,AR45,"R&D- SPACE: OPERATIONS, TRACKING AND DATA ACQUISITION (OPERATIONAL SYSTEMS DEVELOPMENT)",541715,"RESEARCH AND DEVELOPMENT IN THE PHYSICAL, ENGINEERING, AND LIFE SCIENCES (EXCEPT NANOTECHNOLOGY AND BIOTECHNOLOGY)",,,https://www.usaspending.gov/award/CONT_AWD_80GSFC19C0054_8000_-NONE-_-NONE-/,2023-06-28
National Aeronautics and Space Administration,National Aeronautics and Space Administration,FY2023P09,,080,2023,2024,,0120,000,080-2023/2024-0120-000,"Science, National Aeronautics and Space Administration",National Aeronautics and Space Administration,,"General Science, Space, and Technology","Space flight, research, and supporting activities",080-0120,"Science, National Aeronautics and Space Administration",0001,SCIENCE (DIRECT),25.5,Research and development contracts,D,Q,Not Designated Nonemergency/Emergency/Disaster/Wildfire Suppression,,12410087.63,,,CONT_AWD_80GSFC19C0054_8000_-NONE-_-NONE-,80GSFC19C0054,,,,2019-07-01,2019,2025-09-08,2025,2019-07-01,2027-09-30,,D,DEFINITIVE CONTRACT,,,THIS CONTRACT IS FOR THE PRODUCTS AND SERVICES ASSOCIATED WITH THE DESIGN PHASE OF THE WIDE-FIELD INFRARED SURVEY TELESCOPE (WFIRST) SCIENCE OPERATIONS CENTER (SOC),080,NATIONAL AERONAUTICS AND SPACE ADMINISTRATION (NASA),8000,NATIONAL AERONAUTICS AND SPACE ADMINISTRATION,80GSFC,NASA GODDARD SPACE FLIGHT CENTER,080,NATIONAL AERONAUTICS AND SPACE ADMINISTRATION (NASA),8000,NATIONAL AERONAUTICS AND SPACE ADMINISTRATION,80GSFC,NASA GODDARD SPACE FLIGHT CENTER,W1NBN156CYF9,,"ASSOCIATION OF UNIVERSITIES FOR RESEARCH IN ASTRONOMY, INC.","ASSOCIATION OF UNIVERSITIES FOR RESEARCH IN ASTRONOMY, INC.",W1NBN156CYF9,W1NBN156CYF9,"ASSOCIATION OF UNIVERSITIES FOR RESEARCH IN ASTRONOMY, INC.",ASSOCIATION OF UNIVERSITIES FOR RESEARCH IN ASTRONOMY  INC.,USA,MD,BALTIMORE (CITY),BALTIMORE,MD-07,MD-07,212182410,UNITED STATES,MARYLAND,BALTIMORE CITY,MD-07,MD-07,212182410,,,AR45,"R&D- SPACE: OPERATIONS, TRACKING AND DATA ACQUISITION (OPERATIONAL SYSTEMS DEVELOPMENT)",541715,"RESEARCH AND DEVELOPMENT IN THE PHYSICAL, ENGINEERING, AND LIFE SCIENCES (EXCEPT NANOTECHNOLOGY AND BIOTECHNOLOGY)",,,https://www.usaspending.gov/award/CONT_AWD_80GSFC19C0054_8000_-NONE-_-NONE-/,2023-07-28
National Aeronautics and Space Administration,National Aeronautics and Space Administration,FY2023P09,,080,2022,2023,,0120,000,080-2022/2023-0120-000,"Science, National Aeronautics and Space Administration",National Aeronautics and Space Administration,,"General Science, Space, and Technology","Space flight, research, and supporting activities",080-0120,"Science, National Aeronautics and Space Administration",0001,SCIENCE (DIRECT),25.5,Research and development contracts,D,Q,Not Designated Nonemergency/Emergency/Disaster/Wildfire Suppression,,3263089.72,,,CONT_AWD_80GSFC19C0054_8000_-NONE-_-NONE-,80GSFC19C0054,,,,2019-07-01,2019,2025-09-08,2025,2019-07-01,2027-09-30,,D,DEFINITIVE CONTRACT,,,THIS CONTRACT IS FOR THE PRODUCTS AND SERVICES ASSOCIATED WITH THE DESIGN PHASE OF THE WIDE-FIELD INFRARED SURVEY TELESCOPE (WFIRST) SCIENCE OPERATIONS CENTER (SOC),080,NATIONAL AERONAUTICS AND SPACE ADMINISTRATION (NASA),8000,NATIONAL AERONAUTICS AND SPACE ADMINISTRATION,80GSFC,NASA GODDARD SPACE FLIGHT CENTER,080,NATIONAL AERONAUTICS AND SPACE ADMINISTRATION (NASA),8000,NATIONAL AERONAUTICS AND SPACE ADMINISTRATION,80GSFC,NASA GODDARD SPACE FLIGHT CENTER,W1NBN156CYF9,,"ASSOCIATION OF UNIVERSITIES FOR RESEARCH IN ASTRONOMY, INC.","ASSOCIATION OF UNIVERSITIES FOR RESEARCH IN ASTRONOMY, INC.",W1NBN156CYF9,W1NBN156CYF9,"ASSOCIATION OF UNIVERSITIES FOR RESEARCH IN ASTRONOMY, INC.",ASSOCIATION OF UNIVERSITIES FOR RESEARCH IN ASTRONOMY  INC.,USA,MD,BALTIMORE (CITY),BALTIMORE,MD-07,MD-07,212182410,UNITED STATES,MARYLAND,BALTIMORE CITY,MD-07,MD-07,212182410,,,AR45,"R&D- SPACE: OPERATIONS, TRACKING AND DATA ACQUISITION (OPERATIONAL SYSTEMS DEVELOPMENT)",541715,"RESEARCH AND DEVELOPMENT IN THE PHYSICAL, ENGINEERING, AND LIFE SCIENCES (EXCEPT NANOTECHNOLOGY AND BIOTECHNOLOGY)",,,https://www.usaspending.gov/award/CONT_AWD_80GSFC19C0054_8000_-NONE-_-NONE-/,2023-07-28
National Aeronautics and Space Administration,National Aeronautics and Space Administration,FY2023P10,,080,2023,2024,,0120,000,080-2023/2024-0120-000,"Science, National Aeronautics and Space Administration",National Aeronautics and Space Administration,,"General Science, Space, and Technology","Space flight, research, and supporting activities",080-0120,"Science, National Aeronautics and Space Administration",0001,SCIENCE (DIRECT),25.5,Research and development contracts,D,Q,Not Designated Nonemergency/Emergency/Disaster/Wildfire Suppression,,15410087.63,,,CONT_AWD_80GSFC19C0054_8000_-NONE-_-NONE-,80GSFC19C0054,,,,2019-07-01,2019,2025-09-08,2025,2019-07-01,2027-09-30,,D,DEFINITIVE CONTRACT,,,THIS CONTRACT IS FOR THE PRODUCTS AND SERVICES ASSOCIATED WITH THE DESIGN PHASE OF THE WIDE-FIELD INFRARED SURVEY TELESCOPE (WFIRST) SCIENCE OPERATIONS CENTER (SOC),080,NATIONAL AERONAUTICS AND SPACE ADMINISTRATION (NASA),8000,NATIONAL AERONAUTICS AND SPACE ADMINISTRATION,80GSFC,NASA GODDARD SPACE FLIGHT CENTER,080,NATIONAL AERONAUTICS AND SPACE ADMINISTRATION (NASA),8000,NATIONAL AERONAUTICS AND SPACE ADMINISTRATION,80GSFC,NASA GODDARD SPACE FLIGHT CENTER,W1NBN156CYF9,,"ASSOCIATION OF UNIVERSITIES FOR RESEARCH IN ASTRONOMY, INC.","ASSOCIATION OF UNIVERSITIES FOR RESEARCH IN ASTRONOMY, INC.",W1NBN156CYF9,W1NBN156CYF9,"ASSOCIATION OF UNIVERSITIES FOR RESEARCH IN ASTRONOMY, INC.",ASSOCIATION OF UNIVERSITIES FOR RESEARCH IN ASTRONOMY  INC.,USA,MD,BALTIMORE (CITY),BALTIMORE,MD-07,MD-07,212182410,UNITED STATES,MARYLAND,BALTIMORE CITY,MD-07,MD-07,212182410,,,AR45,"R&D- SPACE: OPERATIONS, TRACKING AND DATA ACQUISITION (OPERATIONAL SYSTEMS DEVELOPMENT)",541715,"RESEARCH AND DEVELOPMENT IN THE PHYSICAL, ENGINEERING, AND LIFE SCIENCES (EXCEPT NANOTECHNOLOGY AND BIOTECHNOLOGY)",,,https://www.usaspending.gov/award/CONT_AWD_80GSFC19C0054_8000_-NONE-_-NONE-/,2023-08-28
National Aeronautics and Space Administration,National Aeronautics and Space Administration,FY2023P10,,080,2022,2023,,0120,000,080-2022/2023-0120-000,"Science, National Aeronautics and Space Administration",National Aeronautics and Space Administration,,"General Science, Space, and Technology","Space flight, research, and supporting activities",080-0120,"Science, National Aeronautics and Space Administration",0001,SCIENCE (DIRECT),25.5,Research and development contracts,D,Q,Not Designated Nonemergency/Emergency/Disaster/Wildfire Suppression,,3263089.72,,,CONT_AWD_80GSFC19C0054_8000_-NONE-_-NONE-,80GSFC19C0054,,,,2019-07-01,2019,2025-09-08,2025,2019-07-01,2027-09-30,,D,DEFINITIVE CONTRACT,,,THIS CONTRACT IS FOR THE PRODUCTS AND SERVICES ASSOCIATED WITH THE DESIGN PHASE OF THE WIDE-FIELD INFRARED SURVEY TELESCOPE (WFIRST) SCIENCE OPERATIONS CENTER (SOC),080,NATIONAL AERONAUTICS AND SPACE ADMINISTRATION (NASA),8000,NATIONAL AERONAUTICS AND SPACE ADMINISTRATION,80GSFC,NASA GODDARD SPACE FLIGHT CENTER,080,NATIONAL AERONAUTICS AND SPACE ADMINISTRATION (NASA),8000,NATIONAL AERONAUTICS AND SPACE ADMINISTRATION,80GSFC,NASA GODDARD SPACE FLIGHT CENTER,W1NBN156CYF9,,"ASSOCIATION OF UNIVERSITIES FOR RESEARCH IN ASTRONOMY, INC.","ASSOCIATION OF UNIVERSITIES FOR RESEARCH IN ASTRONOMY, INC.",W1NBN156CYF9,W1NBN156CYF9,"ASSOCIATION OF UNIVERSITIES FOR RESEARCH IN ASTRONOMY, INC.",ASSOCIATION OF UNIVERSITIES FOR RESEARCH IN ASTRONOMY  INC.,USA,MD,BALTIMORE (CITY),BALTIMORE,MD-07,MD-07,212182410,UNITED STATES,MARYLAND,BALTIMORE CITY,MD-07,MD-07,212182410,,,AR45,"R&D- SPACE: OPERATIONS, TRACKING AND DATA ACQUISITION (OPERATIONAL SYSTEMS DEVELOPMENT)",541715,"RESEARCH AND DEVELOPMENT IN THE PHYSICAL, ENGINEERING, AND LIFE SCIENCES (EXCEPT NANOTECHNOLOGY AND BIOTECHNOLOGY)",,,https://www.usaspending.gov/award/CONT_AWD_80GSFC19C0054_8000_-NONE-_-NONE-/,2023-08-28
National Aeronautics and Space Administration,National Aeronautics and Space Administration,FY2023P11,,080,2023,2024,,0120,000,080-2023/2024-0120-000,"Science, National Aeronautics and Space Administration",National Aeronautics and Space Administration,,"General Science, Space, and Technology","Space flight, research, and supporting activities",080-0120,"Science, National Aeronautics and Space Administration",0001,SCIENCE (DIRECT),25.5,Research and development contracts,D,Q,Not Designated Nonemergency/Emergency/Disaster/Wildfire Suppression,,17400087.63,,,CONT_AWD_80GSFC19C0054_8000_-NONE-_-NONE-,80GSFC19C0054,,,,2019-07-01,2019,2025-09-08,2025,2019-07-01,2027-09-30,,D,DEFINITIVE CONTRACT,,,THIS CONTRACT IS FOR THE PRODUCTS AND SERVICES ASSOCIATED WITH THE DESIGN PHASE OF THE WIDE-FIELD INFRARED SURVEY TELESCOPE (WFIRST) SCIENCE OPERATIONS CENTER (SOC),080,NATIONAL AERONAUTICS AND SPACE ADMINISTRATION (NASA),8000,NATIONAL AERONAUTICS AND SPACE ADMINISTRATION,80GSFC,NASA GODDARD SPACE FLIGHT CENTER,080,NATIONAL AERONAUTICS AND SPACE ADMINISTRATION (NASA),8000,NATIONAL AERONAUTICS AND SPACE ADMINISTRATION,80GSFC,NASA GODDARD SPACE FLIGHT CENTER,W1NBN156CYF9,,"ASSOCIATION OF UNIVERSITIES FOR RESEARCH IN ASTRONOMY, INC.","ASSOCIATION OF UNIVERSITIES FOR RESEARCH IN ASTRONOMY, INC.",W1NBN156CYF9,W1NBN156CYF9,"ASSOCIATION OF UNIVERSITIES FOR RESEARCH IN ASTRONOMY, INC.",ASSOCIATION OF UNIVERSITIES FOR RESEARCH IN ASTRONOMY  INC.,USA,MD,BALTIMORE (CITY),BALTIMORE,MD-07,MD-07,212182410,UNITED STATES,MARYLAND,BALTIMORE CITY,MD-07,MD-07,212182410,,,AR45,"R&D- SPACE: OPERATIONS, TRACKING AND DATA ACQUISITION (OPERATIONAL SYSTEMS DEVELOPMENT)",541715,"RESEARCH AND DEVELOPMENT IN THE PHYSICAL, ENGINEERING, AND LIFE SCIENCES (EXCEPT NANOTECHNOLOGY AND BIOTECHNOLOGY)",,,https://www.usaspending.gov/award/CONT_AWD_80GSFC19C0054_8000_-NONE-_-NONE-/,2023-09-28
National Aeronautics and Space Administration,National Aeronautics and Space Administration,FY2023P11,,080,2022,2023,,0120,000,080-2022/2023-0120-000,"Science, National Aeronautics and Space Administration",National Aeronautics and Space Administration,,"General Science, Space, and Technology","Space flight, research, and supporting activities",080-0120,"Science, National Aeronautics and Space Administration",0001,SCIENCE (DIRECT),25.5,Research and development contracts,D,Q,Not Designated Nonemergency/Emergency/Disaster/Wildfire Suppression,,3263089.72,,,CONT_AWD_80GSFC19C0054_8000_-NONE-_-NONE-,80GSFC19C0054,,,,2019-07-01,2019,2025-09-08,2025,2019-07-01,2027-09-30,,D,DEFINITIVE CONTRACT,,,THIS CONTRACT IS FOR THE PRODUCTS AND SERVICES ASSOCIATED WITH THE DESIGN PHASE OF THE WIDE-FIELD INFRARED SURVEY TELESCOPE (WFIRST) SCIENCE OPERATIONS CENTER (SOC),080,NATIONAL AERONAUTICS AND SPACE ADMINISTRATION (NASA),8000,NATIONAL AERONAUTICS AND SPACE ADMINISTRATION,80GSFC,NASA GODDARD SPACE FLIGHT CENTER,080,NATIONAL AERONAUTICS AND SPACE ADMINISTRATION (NASA),8000,NATIONAL AERONAUTICS AND SPACE ADMINISTRATION,80GSFC,NASA GODDARD SPACE FLIGHT CENTER,W1NBN156CYF9,,"ASSOCIATION OF UNIVERSITIES FOR RESEARCH IN ASTRONOMY, INC.","ASSOCIATION OF UNIVERSITIES FOR RESEARCH IN ASTRONOMY, INC.",W1NBN156CYF9,W1NBN156CYF9,"ASSOCIATION OF UNIVERSITIES FOR RESEARCH IN ASTRONOMY, INC.",ASSOCIATION OF UNIVERSITIES FOR RESEARCH IN ASTRONOMY  INC.,USA,MD,BALTIMORE (CITY),BALTIMORE,MD-07,MD-07,212182410,UNITED STATES,MARYLAND,BALTIMORE CITY,MD-07,MD-07,212182410,,,AR45,"R&D- SPACE: OPERATIONS, TRACKING AND DATA ACQUISITION (OPERATIONAL SYSTEMS DEVELOPMENT)",541715,"RESEARCH AND DEVELOPMENT IN THE PHYSICAL, ENGINEERING, AND LIFE SCIENCES (EXCEPT NANOTECHNOLOGY AND BIOTECHNOLOGY)",,,https://www.usaspending.gov/award/CONT_AWD_80GSFC19C0054_8000_-NONE-_-NONE-/,2023-09-28
National Aeronautics and Space Administration,National Aeronautics and Space Administration,FY2023P12,,080,2023,2024,,0120,000,080-2023/2024-0120-000,"Science, National Aeronautics and Space Administration",National Aeronautics and Space Administration,,"General Science, Space, and Technology","Space flight, research, and supporting activities",080-0120,"Science, National Aeronautics and Space Administration",0001,SCIENCE (DIRECT),25.5,Research and development contracts,D,Q,Not Designated Nonemergency/Emergency/Disaster/Wildfire Suppression,,20438147.20,,,CONT_AWD_80GSFC19C0054_8000_-NONE-_-NONE-,80GSFC19C0054,,,,2019-07-01,2019,2025-09-08,2025,2019-07-01,2027-09-30,,D,DEFINITIVE CONTRACT,,,THIS CONTRACT IS FOR THE PRODUCTS AND SERVICES ASSOCIATED WITH THE DESIGN PHASE OF THE WIDE-FIELD INFRARED SURVEY TELESCOPE (WFIRST) SCIENCE OPERATIONS CENTER (SOC),080,NATIONAL AERONAUTICS AND SPACE ADMINISTRATION (NASA),8000,NATIONAL AERONAUTICS AND SPACE ADMINISTRATION,80GSFC,NASA GODDARD SPACE FLIGHT CENTER,080,NATIONAL AERONAUTICS AND SPACE ADMINISTRATION (NASA),8000,NATIONAL AERONAUTICS AND SPACE ADMINISTRATION,80GSFC,NASA GODDARD SPACE FLIGHT CENTER,W1NBN156CYF9,,"ASSOCIATION OF UNIVERSITIES FOR RESEARCH IN ASTRONOMY, INC.","ASSOCIATION OF UNIVERSITIES FOR RESEARCH IN ASTRONOMY, INC.",W1NBN156CYF9,W1NBN156CYF9,"ASSOCIATION OF UNIVERSITIES FOR RESEARCH IN ASTRONOMY, INC.",ASSOCIATION OF UNIVERSITIES FOR RESEARCH IN ASTRONOMY  INC.,USA,MD,BALTIMORE (CITY),BALTIMORE,MD-07,MD-07,212182410,UNITED STATES,MARYLAND,BALTIMORE CITY,MD-07,MD-07,212182410,,,AR45,"R&D- SPACE: OPERATIONS, TRACKING AND DATA ACQUISITION (OPERATIONAL SYSTEMS DEVELOPMENT)",541715,"RESEARCH AND DEVELOPMENT IN THE PHYSICAL, ENGINEERING, AND LIFE SCIENCES (EXCEPT NANOTECHNOLOGY AND BIOTECHNOLOGY)",,,https://www.usaspending.gov/award/CONT_AWD_80GSFC19C0054_8000_-NONE-_-NONE-/,2023-11-03
National Aeronautics and Space Administration,National Aeronautics and Space Administration,FY2023P12,,080,2023,2024,,0120,000,080-2023/2024-0120-000,"Science, National Aeronautics and Space Administration",National Aeronautics and Space Administration,,"General Science, Space, and Technology","Space flight, research, and supporting activities",080-0120,"Science, National Aeronautics and Space Administration",0001,SCIENCE (DIRECT),25.5,Research and development contracts,D,Q,Not Designated Nonemergency/Emergency/Disaster/Wildfire Suppression,1427620.00,,,,CONT_AWD_80GSFC19C0054_8000_-NONE-_-NONE-,80GSFC19C0054,,,,2019-07-01,2019,2025-09-08,2025,2019-07-01,2027-09-30,,D,DEFINITIVE CONTRACT,,,THIS CONTRACT IS FOR THE PRODUCTS AND SERVICES ASSOCIATED WITH THE DESIGN PHASE OF THE WIDE-FIELD INFRARED SURVEY TELESCOPE (WFIRST) SCIENCE OPERATIONS CENTER (SOC),080,NATIONAL AERONAUTICS AND SPACE ADMINISTRATION (NASA),8000,NATIONAL AERONAUTICS AND SPACE ADMINISTRATION,80GSFC,NASA GODDARD SPACE FLIGHT CENTER,080,NATIONAL AERONAUTICS AND SPACE ADMINISTRATION (NASA),8000,NATIONAL AERONAUTICS AND SPACE ADMINISTRATION,80GSFC,NASA GODDARD SPACE FLIGHT CENTER,W1NBN156CYF9,,"ASSOCIATION OF UNIVERSITIES FOR RESEARCH IN ASTRONOMY, INC.","ASSOCIATION OF UNIVERSITIES FOR RESEARCH IN ASTRONOMY, INC.",W1NBN156CYF9,W1NBN156CYF9,"ASSOCIATION OF UNIVERSITIES FOR RESEARCH IN ASTRONOMY, INC.",ASSOCIATION OF UNIVERSITIES FOR RESEARCH IN ASTRONOMY  INC.,USA,MD,BALTIMORE (CITY),BALTIMORE,MD-07,MD-07,212182410,UNITED STATES,MARYLAND,BALTIMORE CITY,MD-07,MD-07,212182410,,,AR45,"R&D- SPACE: OPERATIONS, TRACKING AND DATA ACQUISITION (OPERATIONAL SYSTEMS DEVELOPMENT)",541715,"RESEARCH AND DEVELOPMENT IN THE PHYSICAL, ENGINEERING, AND LIFE SCIENCES (EXCEPT NANOTECHNOLOGY AND BIOTECHNOLOGY)",,,https://www.usaspending.gov/award/CONT_AWD_80GSFC19C0054_8000_-NONE-_-NONE-/,2023-11-03
National Aeronautics and Space Administration,National Aeronautics and Space Administration,FY2023P12,,080,2022,2023,,0120,000,080-2022/2023-0120-000,"Science, National Aeronautics and Space Administration",National Aeronautics and Space Administration,,"General Science, Space, and Technology","Space flight, research, and supporting activities",080-0120,"Science, National Aeronautics and Space Administration",0001,SCIENCE (DIRECT),25.5,Research and development contracts,D,Q,Not Designated Nonemergency/Emergency/Disaster/Wildfire Suppression,,3263089.72,,,CONT_AWD_80GSFC19C0054_8000_-NONE-_-NONE-,80GSFC19C0054,,,,2019-07-01,2019,2025-09-08,2025,2019-07-01,2027-09-30,,D,DEFINITIVE CONTRACT,,,THIS CONTRACT IS FOR THE PRODUCTS AND SERVICES ASSOCIATED WITH THE DESIGN PHASE OF THE WIDE-FIELD INFRARED SURVEY TELESCOPE (WFIRST) SCIENCE OPERATIONS CENTER (SOC),080,NATIONAL AERONAUTICS AND SPACE ADMINISTRATION (NASA),8000,NATIONAL AERONAUTICS AND SPACE ADMINISTRATION,80GSFC,NASA GODDARD SPACE FLIGHT CENTER,080,NATIONAL AERONAUTICS AND SPACE ADMINISTRATION (NASA),8000,NATIONAL AERONAUTICS AND SPACE ADMINISTRATION,80GSFC,NASA GODDARD SPACE FLIGHT CENTER,W1NBN156CYF9,,"ASSOCIATION OF UNIVERSITIES FOR RESEARCH IN ASTRONOMY, INC.","ASSOCIATION OF UNIVERSITIES FOR RESEARCH IN ASTRONOMY, INC.",W1NBN156CYF9,W1NBN156CYF9,"ASSOCIATION OF UNIVERSITIES FOR RESEARCH IN ASTRONOMY, INC.",ASSOCIATION OF UNIVERSITIES FOR RESEARCH IN ASTRONOMY  INC.,USA,MD,BALTIMORE (CITY),BALTIMORE,MD-07,MD-07,212182410,UNITED STATES,MARYLAND,BALTIMORE CITY,MD-07,MD-07,212182410,,,AR45,"R&D- SPACE: OPERATIONS, TRACKING AND DATA ACQUISITION (OPERATIONAL SYSTEMS DEVELOPMENT)",541715,"RESEARCH AND DEVELOPMENT IN THE PHYSICAL, ENGINEERING, AND LIFE SCIENCES (EXCEPT NANOTECHNOLOGY AND BIOTECHNOLOGY)",,,https://www.usaspending.gov/award/CONT_AWD_80GSFC19C0054_8000_-NONE-_-NONE-/,2023-11-03
National Aeronautics and Space Administration,National Aeronautics and Space Administration,FY2024P02,,080,2023,2024,,0120,000,080-2023/2024-0120-000,"Science, National Aeronautics and Space Administration",National Aeronautics and Space Administration,,"General Science, Space, and Technology","Space flight, research, and supporting activities",080-0120,"Science, National Aeronautics and Space Administration",0001,SCIENCE (DIRECT),25.5,Research and development contracts,D,Q,Not Designated Nonemergency/Emergency/Disaster/Wildfire Suppression,,2568093.59,,,CONT_AWD_80GSFC19C0054_8000_-NONE-_-NONE-,80GSFC19C0054,,,,2019-07-01,2019,2025-09-08,2025,2019-07-01,2027-09-30,,D,DEFINITIVE CONTRACT,,,THIS CONTRACT IS FOR THE PRODUCTS AND SERVICES ASSOCIATED WITH THE DESIGN PHASE OF THE WIDE-FIELD INFRARED SURVEY TELESCOPE (WFIRST) SCIENCE OPERATIONS CENTER (SOC),080,NATIONAL AERONAUTICS AND SPACE ADMINISTRATION (NASA),8000,NATIONAL AERONAUTICS AND SPACE ADMINISTRATION,80GSFC,NASA GODDARD SPACE FLIGHT CENTER,080,NATIONAL AERONAUTICS AND SPACE ADMINISTRATION (NASA),8000,NATIONAL AERONAUTICS AND SPACE ADMINISTRATION,80GSFC,NASA GODDARD SPACE FLIGHT CENTER,W1NBN156CYF9,,"ASSOCIATION OF UNIVERSITIES FOR RESEARCH IN ASTRONOMY, INC.","ASSOCIATION OF UNIVERSITIES FOR RESEARCH IN ASTRONOMY, INC.",W1NBN156CYF9,W1NBN156CYF9,"ASSOCIATION OF UNIVERSITIES FOR RESEARCH IN ASTRONOMY, INC.",ASSOCIATION OF UNIVERSITIES FOR RESEARCH IN ASTRONOMY  INC.,USA,MD,BALTIMORE (CITY),BALTIMORE,MD-07,MD-07,212182410,UNITED STATES,MARYLAND,BALTIMORE CITY,MD-07,MD-07,212182410,,,AR45,"R&D- SPACE: OPERATIONS, TRACKING AND DATA ACQUISITION (OPERATIONAL SYSTEMS DEVELOPMENT)",541715,"RESEARCH AND DEVELOPMENT IN THE PHYSICAL, ENGINEERING, AND LIFE SCIENCES (EXCEPT NANOTECHNOLOGY AND BIOTECHNOLOGY)",,,https://www.usaspending.gov/award/CONT_AWD_80GSFC19C0054_8000_-NONE-_-NONE-/,2024-01-05
National Aeronautics and Space Administration,National Aeronautics and Space Administration,FY2024P03,,080,2024,2025,,0120,000,080-2024/2025-0120-000,"Science, National Aeronautics and Space Administration",National Aeronautics and Space Administration,,"General Science, Space, and Technology","Space flight, research, and supporting activities",080-0120,"Science, National Aeronautics and Space Administration",0001,SCIENCE (DIRECT),25.5,Research and development contracts,D,Q,Not Designated Nonemergency/Emergency/Disaster/Wildfire Suppression,1780736.00,,,,CONT_AWD_80GSFC19C0054_8000_-NONE-_-NONE-,80GSFC19C0054,,,,2019-07-01,2019,2025-09-08,2025,2019-07-01,2027-09-30,,D,DEFINITIVE CONTRACT,,,THIS CONTRACT IS FOR THE PRODUCTS AND SERVICES ASSOCIATED WITH THE DESIGN PHASE OF THE WIDE-FIELD INFRARED SURVEY TELESCOPE (WFIRST) SCIENCE OPERATIONS CENTER (SOC),080,NATIONAL AERONAUTICS AND SPACE ADMINISTRATION (NASA),8000,NATIONAL AERONAUTICS AND SPACE ADMINISTRATION,80GSFC,NASA GODDARD SPACE FLIGHT CENTER,080,NATIONAL AERONAUTICS AND SPACE ADMINISTRATION (NASA),8000,NATIONAL AERONAUTICS AND SPACE ADMINISTRATION,80GSFC,NASA GODDARD SPACE FLIGHT CENTER,W1NBN156CYF9,,"ASSOCIATION OF UNIVERSITIES FOR RESEARCH IN ASTRONOMY, INC.","ASSOCIATION OF UNIVERSITIES FOR RESEARCH IN ASTRONOMY, INC.",W1NBN156CYF9,W1NBN156CYF9,"ASSOCIATION OF UNIVERSITIES FOR RESEARCH IN ASTRONOMY, INC.",ASSOCIATION OF UNIVERSITIES FOR RESEARCH IN ASTRONOMY  INC.,USA,MD,BALTIMORE (CITY),BALTIMORE,MD-07,MD-07,212182410,UNITED STATES,MARYLAND,BALTIMORE CITY,MD-07,MD-07,212182410,,,AR45,"R&D- SPACE: OPERATIONS, TRACKING AND DATA ACQUISITION (OPERATIONAL SYSTEMS DEVELOPMENT)",541715,"RESEARCH AND DEVELOPMENT IN THE PHYSICAL, ENGINEERING, AND LIFE SCIENCES (EXCEPT NANOTECHNOLOGY AND BIOTECHNOLOGY)",,,https://www.usaspending.gov/award/CONT_AWD_80GSFC19C0054_8000_-NONE-_-NONE-/,2024-01-28
National Aeronautics and Space Administration,National Aeronautics and Space Administration,FY2024P03,,080,2023,2024,,0120,000,080-2023/2024-0120-000,"Science, National Aeronautics and Space Administration",National Aeronautics and Space Administration,,"General Science, Space, and Technology","Space flight, research, and supporting activities",080-0120,"Science, National Aeronautics and Space Administration",0001,SCIENCE (DIRECT),25.5,Research and development contracts,D,Q,Not Designated Nonemergency/Emergency/Disaster/Wildfire Suppression,,4490757.89,,,CONT_AWD_80GSFC19C0054_8000_-NONE-_-NONE-,80GSFC19C0054,,,,2019-07-01,2019,2025-09-08,2025,2019-07-01,2027-09-30,,D,DEFINITIVE CONTRACT,,,THIS CONTRACT IS FOR THE PRODUCTS AND SERVICES ASSOCIATED WITH THE DESIGN PHASE OF THE WIDE-FIELD INFRARED SURVEY TELESCOPE (WFIRST) SCIENCE OPERATIONS CENTER (SOC),080,NATIONAL AERONAUTICS AND SPACE ADMINISTRATION (NASA),8000,NATIONAL AERONAUTICS AND SPACE ADMINISTRATION,80GSFC,NASA GODDARD SPACE FLIGHT CENTER,080,NATIONAL AERONAUTICS AND SPACE ADMINISTRATION (NASA),8000,NATIONAL AERONAUTICS AND SPACE ADMINISTRATION,80GSFC,NASA GODDARD SPACE FLIGHT CENTER,W1NBN156CYF9,,"ASSOCIATION OF UNIVERSITIES FOR RESEARCH IN ASTRONOMY, INC.","ASSOCIATION OF UNIVERSITIES FOR RESEARCH IN ASTRONOMY, INC.",W1NBN156CYF9,W1NBN156CYF9,"ASSOCIATION OF UNIVERSITIES FOR RESEARCH IN ASTRONOMY, INC.",ASSOCIATION OF UNIVERSITIES FOR RESEARCH IN ASTRONOMY  INC.,USA,MD,BALTIMORE (CITY),BALTIMORE,MD-07,MD-07,212182410,UNITED STATES,MARYLAND,BALTIMORE CITY,MD-07,MD-07,212182410,,,AR45,"R&D- SPACE: OPERATIONS, TRACKING AND DATA ACQUISITION (OPERATIONAL SYSTEMS DEVELOPMENT)",541715,"RESEARCH AND DEVELOPMENT IN THE PHYSICAL, ENGINEERING, AND LIFE SCIENCES (EXCEPT NANOTECHNOLOGY AND BIOTECHNOLOGY)",,,https://www.usaspending.gov/award/CONT_AWD_80GSFC19C0054_8000_-NONE-_-NONE-/,2024-01-28
National Aeronautics and Space Administration,National Aeronautics and Space Administration,FY2024P04,,080,2024,2025,,0120,000,080-2024/2025-0120-000,"Science, National Aeronautics and Space Administration",National Aeronautics and Space Administration,,"General Science, Space, and Technology","Space flight, research, and supporting activities",080-0120,"Science, National Aeronautics and Space Administration",0001,SCIENCE (DIRECT),25.5,Research and development contracts,D,Q,Not Designated Nonemergency/Emergency/Disaster/Wildfire Suppression,1359539.85,,,,CONT_AWD_80GSFC19C0054_8000_-NONE-_-NONE-,80GSFC19C0054,,,,2019-07-01,2019,2025-09-08,2025,2019-07-01,2027-09-30,,D,DEFINITIVE CONTRACT,,,THIS CONTRACT IS FOR THE PRODUCTS AND SERVICES ASSOCIATED WITH THE DESIGN PHASE OF THE WIDE-FIELD INFRARED SURVEY TELESCOPE (WFIRST) SCIENCE OPERATIONS CENTER (SOC),080,NATIONAL AERONAUTICS AND SPACE ADMINISTRATION (NASA),8000,NATIONAL AERONAUTICS AND SPACE ADMINISTRATION,80GSFC,NASA GODDARD SPACE FLIGHT CENTER,080,NATIONAL AERONAUTICS AND SPACE ADMINISTRATION (NASA),8000,NATIONAL AERONAUTICS AND SPACE ADMINISTRATION,80GSFC,NASA GODDARD SPACE FLIGHT CENTER,W1NBN156CYF9,,"ASSOCIATION OF UNIVERSITIES FOR RESEARCH IN ASTRONOMY, INC.","ASSOCIATION OF UNIVERSITIES FOR RESEARCH IN ASTRONOMY, INC.",W1NBN156CYF9,W1NBN156CYF9,"ASSOCIATION OF UNIVERSITIES FOR RESEARCH IN ASTRONOMY, INC.",ASSOCIATION OF UNIVERSITIES FOR RESEARCH IN ASTRONOMY  INC.,USA,MD,BALTIMORE (CITY),BALTIMORE,MD-07,MD-07,212182410,UNITED STATES,MARYLAND,BALTIMORE CITY,MD-07,MD-07,212182410,,,AR45,"R&D- SPACE: OPERATIONS, TRACKING AND DATA ACQUISITION (OPERATIONAL SYSTEMS DEVELOPMENT)",541715,"RESEARCH AND DEVELOPMENT IN THE PHYSICAL, ENGINEERING, AND LIFE SCIENCES (EXCEPT NANOTECHNOLOGY AND BIOTECHNOLOGY)",,,https://www.usaspending.gov/award/CONT_AWD_80GSFC19C0054_8000_-NONE-_-NONE-/,2024-02-27
National Aeronautics and Space Administration,National Aeronautics and Space Administration,FY2024P04,,080,2023,2024,,0120,000,080-2023/2024-0120-000,"Science, National Aeronautics and Space Administration",National Aeronautics and Space Administration,,"General Science, Space, and Technology","Space flight, research, and supporting activities",080-0120,"Science, National Aeronautics and Space Administration",0001,SCIENCE (DIRECT),25.5,Research and development contracts,D,Q,Not Designated Nonemergency/Emergency/Disaster/Wildfire Suppression,,6080757.89,,,CONT_AWD_80GSFC19C0054_8000_-NONE-_-NONE-,80GSFC19C0054,,,,2019-07-01,2019,2025-09-08,2025,2019-07-01,2027-09-30,,D,DEFINITIVE CONTRACT,,,THIS CONTRACT IS FOR THE PRODUCTS AND SERVICES ASSOCIATED WITH THE DESIGN PHASE OF THE WIDE-FIELD INFRARED SURVEY TELESCOPE (WFIRST) SCIENCE OPERATIONS CENTER (SOC),080,NATIONAL AERONAUTICS AND SPACE ADMINISTRATION (NASA),8000,NATIONAL AERONAUTICS AND SPACE ADMINISTRATION,80GSFC,NASA GODDARD SPACE FLIGHT CENTER,080,NATIONAL AERONAUTICS AND SPACE ADMINISTRATION (NASA),8000,NATIONAL AERONAUTICS AND SPACE ADMINISTRATION,80GSFC,NASA GODDARD SPACE FLIGHT CENTER,W1NBN156CYF9,,"ASSOCIATION OF UNIVERSITIES FOR RESEARCH IN ASTRONOMY, INC.","ASSOCIATION OF UNIVERSITIES FOR RESEARCH IN ASTRONOMY, INC.",W1NBN156CYF9,W1NBN156CYF9,"ASSOCIATION OF UNIVERSITIES FOR RESEARCH IN ASTRONOMY, INC.",ASSOCIATION OF UNIVERSITIES FOR RESEARCH IN ASTRONOMY  INC.,USA,MD,BALTIMORE (CITY),BALTIMORE,MD-07,MD-07,212182410,UNITED STATES,MARYLAND,BALTIMORE CITY,MD-07,MD-07,212182410,,,AR45,"R&D- SPACE: OPERATIONS, TRACKING AND DATA ACQUISITION (OPERATIONAL SYSTEMS DEVELOPMENT)",541715,"RESEARCH AND DEVELOPMENT IN THE PHYSICAL, ENGINEERING, AND LIFE SCIENCES (EXCEPT NANOTECHNOLOGY AND BIOTECHNOLOGY)",,,https://www.usaspending.gov/award/CONT_AWD_80GSFC19C0054_8000_-NONE-_-NONE-/,2024-02-27
National Aeronautics and Space Administration,National Aeronautics and Space Administration,FY2024P04,,080,2023,2024,,0120,000,080-2023/2024-0120-000,"Science, National Aeronautics and Space Administration",National Aeronautics and Space Administration,,"General Science, Space, and Technology","Space flight, research, and supporting activities",080-0120,"Science, National Aeronautics and Space Administration",0001,SCIENCE (DIRECT),25.5,Research and development contracts,D,Q,Not Designated Nonemergency/Emergency/Disaster/Wildfire Suppression,735743.15,,,,CONT_AWD_80GSFC19C0054_8000_-NONE-_-NONE-,80GSFC19C0054,,,,2019-07-01,2019,2025-09-08,2025,2019-07-01,2027-09-30,,D,DEFINITIVE CONTRACT,,,THIS CONTRACT IS FOR THE PRODUCTS AND SERVICES ASSOCIATED WITH THE DESIGN PHASE OF THE WIDE-FIELD INFRARED SURVEY TELESCOPE (WFIRST) SCIENCE OPERATIONS CENTER (SOC),080,NATIONAL AERONAUTICS AND SPACE ADMINISTRATION (NASA),8000,NATIONAL AERONAUTICS AND SPACE ADMINISTRATION,80GSFC,NASA GODDARD SPACE FLIGHT CENTER,080,NATIONAL AERONAUTICS AND SPACE ADMINISTRATION (NASA),8000,NATIONAL AERONAUTICS AND SPACE ADMINISTRATION,80GSFC,NASA GODDARD SPACE FLIGHT CENTER,W1NBN156CYF9,,"ASSOCIATION OF UNIVERSITIES FOR RESEARCH IN ASTRONOMY, INC.","ASSOCIATION OF UNIVERSITIES FOR RESEARCH IN ASTRONOMY, INC.",W1NBN156CYF9,W1NBN156CYF9,"ASSOCIATION OF UNIVERSITIES FOR RESEARCH IN ASTRONOMY, INC.",ASSOCIATION OF UNIVERSITIES FOR RESEARCH IN ASTRONOMY  INC.,USA,MD,BALTIMORE (CITY),BALTIMORE,MD-07,MD-07,212182410,UNITED STATES,MARYLAND,BALTIMORE CITY,MD-07,MD-07,212182410,,,AR45,"R&D- SPACE: OPERATIONS, TRACKING AND DATA ACQUISITION (OPERATIONAL SYSTEMS DEVELOPMENT)",541715,"RESEARCH AND DEVELOPMENT IN THE PHYSICAL, ENGINEERING, AND LIFE SCIENCES (EXCEPT NANOTECHNOLOGY AND BIOTECHNOLOGY)",,,https://www.usaspending.gov/award/CONT_AWD_80GSFC19C0054_8000_-NONE-_-NONE-/,2024-02-27
National Aeronautics and Space Administration,National Aeronautics and Space Administration,FY2024P05,,080,2024,2025,,0120,000,080-2024/2025-0120-000,"Science, National Aeronautics and Space Administration",National Aeronautics and Space Administration,,"General Science, Space, and Technology","Space flight, research, and supporting activities",080-0120,"Science, National Aeronautics and Space Administration",0001,SCIENCE (DIRECT),25.5,Research and development contracts,D,Q,Not Designated Nonemergency/Emergency/Disaster/Wildfire Suppression,,185197.94,,,CONT_AWD_80GSFC19C0054_8000_-NONE-_-NONE-,80GSFC19C0054,,,,2019-07-01,2019,2025-09-08,2025,2019-07-01,2027-09-30,,D,DEFINITIVE CONTRACT,,,THIS CONTRACT IS FOR THE PRODUCTS AND SERVICES ASSOCIATED WITH THE DESIGN PHASE OF THE WIDE-FIELD INFRARED SURVEY TELESCOPE (WFIRST) SCIENCE OPERATIONS CENTER (SOC),080,NATIONAL AERONAUTICS AND SPACE ADMINISTRATION (NASA),8000,NATIONAL AERONAUTICS AND SPACE ADMINISTRATION,80GSFC,NASA GODDARD SPACE FLIGHT CENTER,080,NATIONAL AERONAUTICS AND SPACE ADMINISTRATION (NASA),8000,NATIONAL AERONAUTICS AND SPACE ADMINISTRATION,80GSFC,NASA GODDARD SPACE FLIGHT CENTER,W1NBN156CYF9,,"ASSOCIATION OF UNIVERSITIES FOR RESEARCH IN ASTRONOMY, INC.","ASSOCIATION OF UNIVERSITIES FOR RESEARCH IN ASTRONOMY, INC.",W1NBN156CYF9,W1NBN156CYF9,"ASSOCIATION OF UNIVERSITIES FOR RESEARCH IN ASTRONOMY, INC.",ASSOCIATION OF UNIVERSITIES FOR RESEARCH IN ASTRONOMY  INC.,USA,MD,BALTIMORE (CITY),BALTIMORE,MD-07,MD-07,212182410,UNITED STATES,MARYLAND,BALTIMORE CITY,MD-07,MD-07,212182410,,,AR45,"R&D- SPACE: OPERATIONS, TRACKING AND DATA ACQUISITION (OPERATIONAL SYSTEMS DEVELOPMENT)",541715,"RESEARCH AND DEVELOPMENT IN THE PHYSICAL, ENGINEERING, AND LIFE SCIENCES (EXCEPT NANOTECHNOLOGY AND BIOTECHNOLOGY)",,,https://www.usaspending.gov/award/CONT_AWD_80GSFC19C0054_8000_-NONE-_-NONE-/,2024-03-28
National Aeronautics and Space Administration,National Aeronautics and Space Administration,FY2024P05,,080,2024,2025,,0120,000,080-2024/2025-0120-000,"Science, National Aeronautics and Space Administration",National Aeronautics and Space Administration,,"General Science, Space, and Technology","Space flight, research, and supporting activities",080-0120,"Science, National Aeronautics and Space Administration",0001,SCIENCE (DIRECT),25.5,Research and development contracts,D,Q,Not Designated Nonemergency/Emergency/Disaster/Wildfire Suppression,2483421.00,,,,CONT_AWD_80GSFC19C0054_8000_-NONE-_-NONE-,80GSFC19C0054,,,,2019-07-01,2019,2025-09-08,2025,2019-07-01,2027-09-30,,D,DEFINITIVE CONTRACT,,,THIS CONTRACT IS FOR THE PRODUCTS AND SERVICES ASSOCIATED WITH THE DESIGN PHASE OF THE WIDE-FIELD INFRARED SURVEY TELESCOPE (WFIRST) SCIENCE OPERATIONS CENTER (SOC),080,NATIONAL AERONAUTICS AND SPACE ADMINISTRATION (NASA),8000,NATIONAL AERONAUTICS AND SPACE ADMINISTRATION,80GSFC,NASA GODDARD SPACE FLIGHT CENTER,080,NATIONAL AERONAUTICS AND SPACE ADMINISTRATION (NASA),8000,NATIONAL AERONAUTICS AND SPACE ADMINISTRATION,80GSFC,NASA GODDARD SPACE FLIGHT CENTER,W1NBN156CYF9,,"ASSOCIATION OF UNIVERSITIES FOR RESEARCH IN ASTRONOMY, INC.","ASSOCIATION OF UNIVERSITIES FOR RESEARCH IN ASTRONOMY, INC.",W1NBN156CYF9,W1NBN156CYF9,"ASSOCIATION OF UNIVERSITIES FOR RESEARCH IN ASTRONOMY, INC.",ASSOCIATION OF UNIVERSITIES FOR RESEARCH IN ASTRONOMY  INC.,USA,MD,BALTIMORE (CITY),BALTIMORE,MD-07,MD-07,212182410,UNITED STATES,MARYLAND,BALTIMORE CITY,MD-07,MD-07,212182410,,,AR45,"R&D- SPACE: OPERATIONS, TRACKING AND DATA ACQUISITION (OPERATIONAL SYSTEMS DEVELOPMENT)",541715,"RESEARCH AND DEVELOPMENT IN THE PHYSICAL, ENGINEERING, AND LIFE SCIENCES (EXCEPT NANOTECHNOLOGY AND BIOTECHNOLOGY)",,,https://www.usaspending.gov/award/CONT_AWD_80GSFC19C0054_8000_-NONE-_-NONE-/,2024-03-28
National Aeronautics and Space Administration,National Aeronautics and Space Administration,FY2024P05,,080,2023,2024,,0120,000,080-2023/2024-0120-000,"Science, National Aeronautics and Space Administration",National Aeronautics and Space Administration,,"General Science, Space, and Technology","Space flight, research, and supporting activities",080-0120,"Science, National Aeronautics and Space Administration",0001,SCIENCE (DIRECT),25.5,Research and development contracts,D,Q,Not Designated Nonemergency/Emergency/Disaster/Wildfire Suppression,,7295559.95,,,CONT_AWD_80GSFC19C0054_8000_-NONE-_-NONE-,80GSFC19C0054,,,,2019-07-01,2019,2025-09-08,2025,2019-07-01,2027-09-30,,D,DEFINITIVE CONTRACT,,,THIS CONTRACT IS FOR THE PRODUCTS AND SERVICES ASSOCIATED WITH THE DESIGN PHASE OF THE WIDE-FIELD INFRARED SURVEY TELESCOPE (WFIRST) SCIENCE OPERATIONS CENTER (SOC),080,NATIONAL AERONAUTICS AND SPACE ADMINISTRATION (NASA),8000,NATIONAL AERONAUTICS AND SPACE ADMINISTRATION,80GSFC,NASA GODDARD SPACE FLIGHT CENTER,080,NATIONAL AERONAUTICS AND SPACE ADMINISTRATION (NASA),8000,NATIONAL AERONAUTICS AND SPACE ADMINISTRATION,80GSFC,NASA GODDARD SPACE FLIGHT CENTER,W1NBN156CYF9,,"ASSOCIATION OF UNIVERSITIES FOR RESEARCH IN ASTRONOMY, INC.","ASSOCIATION OF UNIVERSITIES FOR RESEARCH IN ASTRONOMY, INC.",W1NBN156CYF9,W1NBN156CYF9,"ASSOCIATION OF UNIVERSITIES FOR RESEARCH IN ASTRONOMY, INC.",ASSOCIATION OF UNIVERSITIES FOR RESEARCH IN ASTRONOMY  INC.,USA,MD,BALTIMORE (CITY),BALTIMORE,MD-07,MD-07,212182410,UNITED STATES,MARYLAND,BALTIMORE CITY,MD-07,MD-07,212182410,,,AR45,"R&D- SPACE: OPERATIONS, TRACKING AND DATA ACQUISITION (OPERATIONAL SYSTEMS DEVELOPMENT)",541715,"RESEARCH AND DEVELOPMENT IN THE PHYSICAL, ENGINEERING, AND LIFE SCIENCES (EXCEPT NANOTECHNOLOGY AND BIOTECHNOLOGY)",,,https://www.usaspending.gov/award/CONT_AWD_80GSFC19C0054_8000_-NONE-_-NONE-/,2024-03-28
National Aeronautics and Space Administration,National Aeronautics and Space Administration,FY2024P06,,080,2024,2025,,0120,000,080-2024/2025-0120-000,"Science, National Aeronautics and Space Administration",National Aeronautics and Space Administration,,"General Science, Space, and Technology","Space flight, research, and supporting activities",080-0120,"Science, National Aeronautics and Space Administration",0001,SCIENCE (DIRECT),25.5,Research and development contracts,D,Q,Not Designated Nonemergency/Emergency/Disaster/Wildfire Suppression,,6286030.59,,,CONT_AWD_80GSFC19C0054_8000_-NONE-_-NONE-,80GSFC19C0054,,,,2019-07-01,2019,2025-09-08,2025,2019-07-01,2027-09-30,,D,DEFINITIVE CONTRACT,,,THIS CONTRACT IS FOR THE PRODUCTS AND SERVICES ASSOCIATED WITH THE DESIGN PHASE OF THE WIDE-FIELD INFRARED SURVEY TELESCOPE (WFIRST) SCIENCE OPERATIONS CENTER (SOC),080,NATIONAL AERONAUTICS AND SPACE ADMINISTRATION (NASA),8000,NATIONAL AERONAUTICS AND SPACE ADMINISTRATION,80GSFC,NASA GODDARD SPACE FLIGHT CENTER,080,NATIONAL AERONAUTICS AND SPACE ADMINISTRATION (NASA),8000,NATIONAL AERONAUTICS AND SPACE ADMINISTRATION,80GSFC,NASA GODDARD SPACE FLIGHT CENTER,W1NBN156CYF9,,"ASSOCIATION OF UNIVERSITIES FOR RESEARCH IN ASTRONOMY, INC.","ASSOCIATION OF UNIVERSITIES FOR RESEARCH IN ASTRONOMY, INC.",W1NBN156CYF9,W1NBN156CYF9,"ASSOCIATION OF UNIVERSITIES FOR RESEARCH IN ASTRONOMY, INC.",ASSOCIATION OF UNIVERSITIES FOR RESEARCH IN ASTRONOMY  INC.,USA,MD,BALTIMORE (CITY),BALTIMORE,MD-07,MD-07,212182410,UNITED STATES,MARYLAND,BALTIMORE CITY,MD-07,MD-07,212182410,,,AR45,"R&D- SPACE: OPERATIONS, TRACKING AND DATA ACQUISITION (OPERATIONAL SYSTEMS DEVELOPMENT)",541715,"RESEARCH AND DEVELOPMENT IN THE PHYSICAL, ENGINEERING, AND LIFE SCIENCES (EXCEPT NANOTECHNOLOGY AND BIOTECHNOLOGY)",,,https://www.usaspending.gov/award/CONT_AWD_80GSFC19C0054_8000_-NONE-_-NONE-/,2024-04-25
National Aeronautics and Space Administration,National Aeronautics and Space Administration,FY2024P06,,080,2024,2025,,0120,000,080-2024/2025-0120-000,"Science, National Aeronautics and Space Administration",National Aeronautics and Space Administration,,"General Science, Space, and Technology","Space flight, research, and supporting activities",080-0120,"Science, National Aeronautics and Space Administration",0001,SCIENCE (DIRECT),25.5,Research and development contracts,D,Q,Not Designated Nonemergency/Emergency/Disaster/Wildfire Suppression,2860020.00,,,,CONT_AWD_80GSFC19C0054_8000_-NONE-_-NONE-,80GSFC19C0054,,,,2019-07-01,2019,2025-09-08,2025,2019-07-01,2027-09-30,,D,DEFINITIVE CONTRACT,,,THIS CONTRACT IS FOR THE PRODUCTS AND SERVICES ASSOCIATED WITH THE DESIGN PHASE OF THE WIDE-FIELD INFRARED SURVEY TELESCOPE (WFIRST) SCIENCE OPERATIONS CENTER (SOC),080,NATIONAL AERONAUTICS AND SPACE ADMINISTRATION (NASA),8000,NATIONAL AERONAUTICS AND SPACE ADMINISTRATION,80GSFC,NASA GODDARD SPACE FLIGHT CENTER,080,NATIONAL AERONAUTICS AND SPACE ADMINISTRATION (NASA),8000,NATIONAL AERONAUTICS AND SPACE ADMINISTRATION,80GSFC,NASA GODDARD SPACE FLIGHT CENTER,W1NBN156CYF9,,"ASSOCIATION OF UNIVERSITIES FOR RESEARCH IN ASTRONOMY, INC.","ASSOCIATION OF UNIVERSITIES FOR RESEARCH IN ASTRONOMY, INC.",W1NBN156CYF9,W1NBN156CYF9,"ASSOCIATION OF UNIVERSITIES FOR RESEARCH IN ASTRONOMY, INC.",ASSOCIATION OF UNIVERSITIES FOR RESEARCH IN ASTRONOMY  INC.,USA,MD,BALTIMORE (CITY),BALTIMORE,MD-07,MD-07,212182410,UNITED STATES,MARYLAND,BALTIMORE CITY,MD-07,MD-07,212182410,,,AR45,"R&D- SPACE: OPERATIONS, TRACKING AND DATA ACQUISITION (OPERATIONAL SYSTEMS DEVELOPMENT)",541715,"RESEARCH AND DEVELOPMENT IN THE PHYSICAL, ENGINEERING, AND LIFE SCIENCES (EXCEPT NANOTECHNOLOGY AND BIOTECHNOLOGY)",,,https://www.usaspending.gov/award/CONT_AWD_80GSFC19C0054_8000_-NONE-_-NONE-/,2024-04-25
National Aeronautics and Space Administration,National Aeronautics and Space Administration,FY2024P06,,080,2023,2024,,0120,000,080-2023/2024-0120-000,"Science, National Aeronautics and Space Administration",National Aeronautics and Space Administration,,"General Science, Space, and Technology","Space flight, research, and supporting activities",080-0120,"Science, National Aeronautics and Space Administration",0001,SCIENCE (DIRECT),25.5,Research and development contracts,D,Q,Not Designated Nonemergency/Emergency/Disaster/Wildfire Suppression,,7295559.95,,,CONT_AWD_80GSFC19C0054_8000_-NONE-_-NONE-,80GSFC19C0054,,,,2019-07-01,2019,2025-09-08,2025,2019-07-01,2027-09-30,,D,DEFINITIVE CONTRACT,,,THIS CONTRACT IS FOR THE PRODUCTS AND SERVICES ASSOCIATED WITH THE DESIGN PHASE OF THE WIDE-FIELD INFRARED SURVEY TELESCOPE (WFIRST) SCIENCE OPERATIONS CENTER (SOC),080,NATIONAL AERONAUTICS AND SPACE ADMINISTRATION (NASA),8000,NATIONAL AERONAUTICS AND SPACE ADMINISTRATION,80GSFC,NASA GODDARD SPACE FLIGHT CENTER,080,NATIONAL AERONAUTICS AND SPACE ADMINISTRATION (NASA),8000,NATIONAL AERONAUTICS AND SPACE ADMINISTRATION,80GSFC,NASA GODDARD SPACE FLIGHT CENTER,W1NBN156CYF9,,"ASSOCIATION OF UNIVERSITIES FOR RESEARCH IN ASTRONOMY, INC.","ASSOCIATION OF UNIVERSITIES FOR RESEARCH IN ASTRONOMY, INC.",W1NBN156CYF9,W1NBN156CYF9,"ASSOCIATION OF UNIVERSITIES FOR RESEARCH IN ASTRONOMY, INC.",ASSOCIATION OF UNIVERSITIES FOR RESEARCH IN ASTRONOMY  INC.,USA,MD,BALTIMORE (CITY),BALTIMORE,MD-07,MD-07,212182410,UNITED STATES,MARYLAND,BALTIMORE CITY,MD-07,MD-07,212182410,,,AR45,"R&D- SPACE: OPERATIONS, TRACKING AND DATA ACQUISITION (OPERATIONAL SYSTEMS DEVELOPMENT)",541715,"RESEARCH AND DEVELOPMENT IN THE PHYSICAL, ENGINEERING, AND LIFE SCIENCES (EXCEPT NANOTECHNOLOGY AND BIOTECHNOLOGY)",,,https://www.usaspending.gov/award/CONT_AWD_80GSFC19C0054_8000_-NONE-_-NONE-/,2024-04-25
National Aeronautics and Space Administration,National Aeronautics and Space Administration,FY2024P07,,080,2024,2025,,0120,000,080-2024/2025-0120-000,"Science, National Aeronautics and Space Administration",National Aeronautics and Space Administration,,"General Science, Space, and Technology","Space flight, research, and supporting activities",080-0120,"Science, National Aeronautics and Space Administration",0001,SCIENCE (DIRECT),25.5,Research and development contracts,D,Q,Not Designated Nonemergency/Emergency/Disaster/Wildfire Suppression,,6475163.90,,,CONT_AWD_80GSFC19C0054_8000_-NONE-_-NONE-,80GSFC19C0054,,,,2019-07-01,2019,2025-09-08,2025,2019-07-01,2027-09-30,,D,DEFINITIVE CONTRACT,,,THIS CONTRACT IS FOR THE PRODUCTS AND SERVICES ASSOCIATED WITH THE DESIGN PHASE OF THE WIDE-FIELD INFRARED SURVEY TELESCOPE (WFIRST) SCIENCE OPERATIONS CENTER (SOC),080,NATIONAL AERONAUTICS AND SPACE ADMINISTRATION (NASA),8000,NATIONAL AERONAUTICS AND SPACE ADMINISTRATION,80GSFC,NASA GODDARD SPACE FLIGHT CENTER,080,NATIONAL AERONAUTICS AND SPACE ADMINISTRATION (NASA),8000,NATIONAL AERONAUTICS AND SPACE ADMINISTRATION,80GSFC,NASA GODDARD SPACE FLIGHT CENTER,W1NBN156CYF9,,"ASSOCIATION OF UNIVERSITIES FOR RESEARCH IN ASTRONOMY, INC.","ASSOCIATION OF UNIVERSITIES FOR RESEARCH IN ASTRONOMY, INC.",W1NBN156CYF9,W1NBN156CYF9,"ASSOCIATION OF UNIVERSITIES FOR RESEARCH IN ASTRONOMY, INC.",ASSOCIATION OF UNIVERSITIES FOR RESEARCH IN ASTRONOMY  INC.,USA,MD,BALTIMORE (CITY),BALTIMORE,MD-07,MD-07,212182410,UNITED STATES,MARYLAND,BALTIMORE CITY,MD-07,MD-07,212182410,,,AR45,"R&D- SPACE: OPERATIONS, TRACKING AND DATA ACQUISITION (OPERATIONAL SYSTEMS DEVELOPMENT)",541715,"RESEARCH AND DEVELOPMENT IN THE PHYSICAL, ENGINEERING, AND LIFE SCIENCES (EXCEPT NANOTECHNOLOGY AND BIOTECHNOLOGY)",,,https://www.usaspending.gov/award/CONT_AWD_80GSFC19C0054_8000_-NONE-_-NONE-/,2024-05-22
National Aeronautics and Space Administration,National Aeronautics and Space Administration,FY2024P07,,080,2024,2025,,0120,000,080-2024/2025-0120-000,"Science, National Aeronautics and Space Administration",National Aeronautics and Space Administration,,"General Science, Space, and Technology","Space flight, research, and supporting activities",080-0120,"Science, National Aeronautics and Space Administration",0001,SCIENCE (DIRECT),25.5,Research and development contracts,D,Q,Not Designated Nonemergency/Emergency/Disaster/Wildfire Suppression,6260180.00,,,,CONT_AWD_80GSFC19C0054_8000_-NONE-_-NONE-,80GSFC19C0054,,,,2019-07-01,2019,2025-09-08,2025,2019-07-01,2027-09-30,,D,DEFINITIVE CONTRACT,,,THIS CONTRACT IS FOR THE PRODUCTS AND SERVICES ASSOCIATED WITH THE DESIGN PHASE OF THE WIDE-FIELD INFRARED SURVEY TELESCOPE (WFIRST) SCIENCE OPERATIONS CENTER (SOC),080,NATIONAL AERONAUTICS AND SPACE ADMINISTRATION (NASA),8000,NATIONAL AERONAUTICS AND SPACE ADMINISTRATION,80GSFC,NASA GODDARD SPACE FLIGHT CENTER,080,NATIONAL AERONAUTICS AND SPACE ADMINISTRATION (NASA),8000,NATIONAL AERONAUTICS AND SPACE ADMINISTRATION,80GSFC,NASA GODDARD SPACE FLIGHT CENTER,W1NBN156CYF9,,"ASSOCIATION OF UNIVERSITIES FOR RESEARCH IN ASTRONOMY, INC.","ASSOCIATION OF UNIVERSITIES FOR RESEARCH IN ASTRONOMY, INC.",W1NBN156CYF9,W1NBN156CYF9,"ASSOCIATION OF UNIVERSITIES FOR RESEARCH IN ASTRONOMY, INC.",ASSOCIATION OF UNIVERSITIES FOR RESEARCH IN ASTRONOMY  INC.,USA,MD,BALTIMORE (CITY),BALTIMORE,MD-07,MD-07,212182410,UNITED STATES,MARYLAND,BALTIMORE CITY,MD-07,MD-07,212182410,,,AR45,"R&D- SPACE: OPERATIONS, TRACKING AND DATA ACQUISITION (OPERATIONAL SYSTEMS DEVELOPMENT)",541715,"RESEARCH AND DEVELOPMENT IN THE PHYSICAL, ENGINEERING, AND LIFE SCIENCES (EXCEPT NANOTECHNOLOGY AND BIOTECHNOLOGY)",,,https://www.usaspending.gov/award/CONT_AWD_80GSFC19C0054_8000_-NONE-_-NONE-/,2024-05-22
National Aeronautics and Space Administration,National Aeronautics and Space Administration,FY2024P07,,080,2023,2024,,0120,000,080-2023/2024-0120-000,"Science, National Aeronautics and Space Administration",National Aeronautics and Space Administration,,"General Science, Space, and Technology","Space flight, research, and supporting activities",080-0120,"Science, National Aeronautics and Space Administration",0001,SCIENCE (DIRECT),25.5,Research and development contracts,D,Q,Not Designated Nonemergency/Emergency/Disaster/Wildfire Suppression,,7295559.95,,,CONT_AWD_80GSFC19C0054_8000_-NONE-_-NONE-,80GSFC19C0054,,,,2019-07-01,2019,2025-09-08,2025,2019-07-01,2027-09-30,,D,DEFINITIVE CONTRACT,,,THIS CONTRACT IS FOR THE PRODUCTS AND SERVICES ASSOCIATED WITH THE DESIGN PHASE OF THE WIDE-FIELD INFRARED SURVEY TELESCOPE (WFIRST) SCIENCE OPERATIONS CENTER (SOC),080,NATIONAL AERONAUTICS AND SPACE ADMINISTRATION (NASA),8000,NATIONAL AERONAUTICS AND SPACE ADMINISTRATION,80GSFC,NASA GODDARD SPACE FLIGHT CENTER,080,NATIONAL AERONAUTICS AND SPACE ADMINISTRATION (NASA),8000,NATIONAL AERONAUTICS AND SPACE ADMINISTRATION,80GSFC,NASA GODDARD SPACE FLIGHT CENTER,W1NBN156CYF9,,"ASSOCIATION OF UNIVERSITIES FOR RESEARCH IN ASTRONOMY, INC.","ASSOCIATION OF UNIVERSITIES FOR RESEARCH IN ASTRONOMY, INC.",W1NBN156CYF9,W1NBN156CYF9,"ASSOCIATION OF UNIVERSITIES FOR RESEARCH IN ASTRONOMY, INC.",ASSOCIATION OF UNIVERSITIES FOR RESEARCH IN ASTRONOMY  INC.,USA,MD,BALTIMORE (CITY),BALTIMORE,MD-07,MD-07,212182410,UNITED STATES,MARYLAND,BALTIMORE CITY,MD-07,MD-07,212182410,,,AR45,"R&D- SPACE: OPERATIONS, TRACKING AND DATA ACQUISITION (OPERATIONAL SYSTEMS DEVELOPMENT)",541715,"RESEARCH AND DEVELOPMENT IN THE PHYSICAL, ENGINEERING, AND LIFE SCIENCES (EXCEPT NANOTECHNOLOGY AND BIOTECHNOLOGY)",,,https://www.usaspending.gov/award/CONT_AWD_80GSFC19C0054_8000_-NONE-_-NONE-/,2024-05-22
National Aeronautics and Space Administration,National Aeronautics and Space Administration,FY2024P08,,080,2024,2025,,0120,000,080-2024/2025-0120-000,"Science, National Aeronautics and Space Administration",National Aeronautics and Space Administration,,"General Science, Space, and Technology","Space flight, research, and supporting activities",080-0120,"Science, National Aeronautics and Space Administration",0001,SCIENCE (DIRECT),25.5,Research and development contracts,D,Q,Not Designated Nonemergency/Emergency/Disaster/Wildfire Suppression,,9711940.18,,,CONT_AWD_80GSFC19C0054_8000_-NONE-_-NONE-,80GSFC19C0054,,,,2019-07-01,2019,2025-09-08,2025,2019-07-01,2027-09-30,,D,DEFINITIVE CONTRACT,,,THIS CONTRACT IS FOR THE PRODUCTS AND SERVICES ASSOCIATED WITH THE DESIGN PHASE OF THE WIDE-FIELD INFRARED SURVEY TELESCOPE (WFIRST) SCIENCE OPERATIONS CENTER (SOC),080,NATIONAL AERONAUTICS AND SPACE ADMINISTRATION (NASA),8000,NATIONAL AERONAUTICS AND SPACE ADMINISTRATION,80GSFC,NASA GODDARD SPACE FLIGHT CENTER,080,NATIONAL AERONAUTICS AND SPACE ADMINISTRATION (NASA),8000,NATIONAL AERONAUTICS AND SPACE ADMINISTRATION,80GSFC,NASA GODDARD SPACE FLIGHT CENTER,W1NBN156CYF9,,"ASSOCIATION OF UNIVERSITIES FOR RESEARCH IN ASTRONOMY, INC.","ASSOCIATION OF UNIVERSITIES FOR RESEARCH IN ASTRONOMY, INC.",W1NBN156CYF9,W1NBN156CYF9,"ASSOCIATION OF UNIVERSITIES FOR RESEARCH IN ASTRONOMY, INC.",ASSOCIATION OF UNIVERSITIES FOR RESEARCH IN ASTRONOMY  INC.,USA,MD,BALTIMORE (CITY),BALTIMORE,MD-07,MD-07,212182410,UNITED STATES,MARYLAND,BALTIMORE CITY,MD-07,MD-07,212182410,,,AR45,"R&D- SPACE: OPERATIONS, TRACKING AND DATA ACQUISITION (OPERATIONAL SYSTEMS DEVELOPMENT)",541715,"RESEARCH AND DEVELOPMENT IN THE PHYSICAL, ENGINEERING, AND LIFE SCIENCES (EXCEPT NANOTECHNOLOGY AND BIOTECHNOLOGY)",,,https://www.usaspending.gov/award/CONT_AWD_80GSFC19C0054_8000_-NONE-_-NONE-/,2024-07-01
National Aeronautics and Space Administration,National Aeronautics and Space Administration,FY2024P08,,080,2023,2024,,0120,000,080-2023/2024-0120-000,"Science, National Aeronautics and Space Administration",National Aeronautics and Space Administration,,"General Science, Space, and Technology","Space flight, research, and supporting activities",080-0120,"Science, National Aeronautics and Space Administration",0001,SCIENCE (DIRECT),25.5,Research and development contracts,D,Q,Not Designated Nonemergency/Emergency/Disaster/Wildfire Suppression,,7295559.95,,,CONT_AWD_80GSFC19C0054_8000_-NONE-_-NONE-,80GSFC19C0054,,,,2019-07-01,2019,2025-09-08,2025,2019-07-01,2027-09-30,,D,DEFINITIVE CONTRACT,,,THIS CONTRACT IS FOR THE PRODUCTS AND SERVICES ASSOCIATED WITH THE DESIGN PHASE OF THE WIDE-FIELD INFRARED SURVEY TELESCOPE (WFIRST) SCIENCE OPERATIONS CENTER (SOC),080,NATIONAL AERONAUTICS AND SPACE ADMINISTRATION (NASA),8000,NATIONAL AERONAUTICS AND SPACE ADMINISTRATION,80GSFC,NASA GODDARD SPACE FLIGHT CENTER,080,NATIONAL AERONAUTICS AND SPACE ADMINISTRATION (NASA),8000,NATIONAL AERONAUTICS AND SPACE ADMINISTRATION,80GSFC,NASA GODDARD SPACE FLIGHT CENTER,W1NBN156CYF9,,"ASSOCIATION OF UNIVERSITIES FOR RESEARCH IN ASTRONOMY, INC.","ASSOCIATION OF UNIVERSITIES FOR RESEARCH IN ASTRONOMY, INC.",W1NBN156CYF9,W1NBN156CYF9,"ASSOCIATION OF UNIVERSITIES FOR RESEARCH IN ASTRONOMY, INC.",ASSOCIATION OF UNIVERSITIES FOR RESEARCH IN ASTRONOMY  INC.,USA,MD,BALTIMORE (CITY),BALTIMORE,MD-07,MD-07,212182410,UNITED STATES,MARYLAND,BALTIMORE CITY,MD-07,MD-07,212182410,,,AR45,"R&D- SPACE: OPERATIONS, TRACKING AND DATA ACQUISITION (OPERATIONAL SYSTEMS DEVELOPMENT)",541715,"RESEARCH AND DEVELOPMENT IN THE PHYSICAL, ENGINEERING, AND LIFE SCIENCES (EXCEPT NANOTECHNOLOGY AND BIOTECHNOLOGY)",,,https://www.usaspending.gov/award/CONT_AWD_80GSFC19C0054_8000_-NONE-_-NONE-/,2024-07-01
National Aeronautics and Space Administration,National Aeronautics and Space Administration,FY2024P09,,080,2024,2025,,0120,000,080-2024/2025-0120-000,"Science, National Aeronautics and Space Administration",National Aeronautics and Space Administration,,"General Science, Space, and Technology","Space flight, research, and supporting activities",080-0120,"Science, National Aeronautics and Space Administration",0001,SCIENCE (DIRECT),25.5,Research and development contracts,D,Q,Not Designated Nonemergency/Emergency/Disaster/Wildfire Suppression,,13706381.74,,,CONT_AWD_80GSFC19C0054_8000_-NONE-_-NONE-,80GSFC19C0054,,,,2019-07-01,2019,2025-09-08,2025,2019-07-01,2027-09-30,,D,DEFINITIVE CONTRACT,,,THIS CONTRACT IS FOR THE PRODUCTS AND SERVICES ASSOCIATED WITH THE DESIGN PHASE OF THE WIDE-FIELD INFRARED SURVEY TELESCOPE (WFIRST) SCIENCE OPERATIONS CENTER (SOC),080,NATIONAL AERONAUTICS AND SPACE ADMINISTRATION (NASA),8000,NATIONAL AERONAUTICS AND SPACE ADMINISTRATION,80GSFC,NASA GODDARD SPACE FLIGHT CENTER,080,NATIONAL AERONAUTICS AND SPACE ADMINISTRATION (NASA),8000,NATIONAL AERONAUTICS AND SPACE ADMINISTRATION,80GSFC,NASA GODDARD SPACE FLIGHT CENTER,W1NBN156CYF9,,"ASSOCIATION OF UNIVERSITIES FOR RESEARCH IN ASTRONOMY, INC.","ASSOCIATION OF UNIVERSITIES FOR RESEARCH IN ASTRONOMY, INC.",W1NBN156CYF9,W1NBN156CYF9,"ASSOCIATION OF UNIVERSITIES FOR RESEARCH IN ASTRONOMY, INC.",ASSOCIATION OF UNIVERSITIES FOR RESEARCH IN ASTRONOMY  INC.,USA,MD,BALTIMORE (CITY),BALTIMORE,MD-07,MD-07,212182410,UNITED STATES,MARYLAND,BALTIMORE CITY,MD-07,MD-07,212182410,,,AR45,"R&D- SPACE: OPERATIONS, TRACKING AND DATA ACQUISITION (OPERATIONAL SYSTEMS DEVELOPMENT)",541715,"RESEARCH AND DEVELOPMENT IN THE PHYSICAL, ENGINEERING, AND LIFE SCIENCES (EXCEPT NANOTECHNOLOGY AND BIOTECHNOLOGY)",,,https://www.usaspending.gov/award/CONT_AWD_80GSFC19C0054_8000_-NONE-_-NONE-/,2024-07-29
National Aeronautics and Space Administration,National Aeronautics and Space Administration,FY2024P09,,080,2024,2025,,0120,000,080-2024/2025-0120-000,"Science, National Aeronautics and Space Administration",National Aeronautics and Space Administration,,"General Science, Space, and Technology","Space flight, research, and supporting activities",080-0120,"Science, National Aeronautics and Space Administration",0001,SCIENCE (DIRECT),25.5,Research and development contracts,D,Q,Not Designated Nonemergency/Emergency/Disaster/Wildfire Suppression,6041540.60,,,,CONT_AWD_80GSFC19C0054_8000_-NONE-_-NONE-,80GSFC19C0054,,,,2019-07-01,2019,2025-09-08,2025,2019-07-01,2027-09-30,,D,DEFINITIVE CONTRACT,,,THIS CONTRACT IS FOR THE PRODUCTS AND SERVICES ASSOCIATED WITH THE DESIGN PHASE OF THE WIDE-FIELD INFRARED SURVEY TELESCOPE (WFIRST) SCIENCE OPERATIONS CENTER (SOC),080,NATIONAL AERONAUTICS AND SPACE ADMINISTRATION (NASA),8000,NATIONAL AERONAUTICS AND SPACE ADMINISTRATION,80GSFC,NASA GODDARD SPACE FLIGHT CENTER,080,NATIONAL AERONAUTICS AND SPACE ADMINISTRATION (NASA),8000,NATIONAL AERONAUTICS AND SPACE ADMINISTRATION,80GSFC,NASA GODDARD SPACE FLIGHT CENTER,W1NBN156CYF9,,"ASSOCIATION OF UNIVERSITIES FOR RESEARCH IN ASTRONOMY, INC.","ASSOCIATION OF UNIVERSITIES FOR RESEARCH IN ASTRONOMY, INC.",W1NBN156CYF9,W1NBN156CYF9,"ASSOCIATION OF UNIVERSITIES FOR RESEARCH IN ASTRONOMY, INC.",ASSOCIATION OF UNIVERSITIES FOR RESEARCH IN ASTRONOMY  INC.,USA,MD,BALTIMORE (CITY),BALTIMORE,MD-07,MD-07,212182410,UNITED STATES,MARYLAND,BALTIMORE CITY,MD-07,MD-07,212182410,,,AR45,"R&D- SPACE: OPERATIONS, TRACKING AND DATA ACQUISITION (OPERATIONAL SYSTEMS DEVELOPMENT)",541715,"RESEARCH AND DEVELOPMENT IN THE PHYSICAL, ENGINEERING, AND LIFE SCIENCES (EXCEPT NANOTECHNOLOGY AND BIOTECHNOLOGY)",,,https://www.usaspending.gov/award/CONT_AWD_80GSFC19C0054_8000_-NONE-_-NONE-/,2024-07-29
National Aeronautics and Space Administration,National Aeronautics and Space Administration,FY2024P09,,080,2023,2024,,0120,000,080-2023/2024-0120-000,"Science, National Aeronautics and Space Administration",National Aeronautics and Space Administration,,"General Science, Space, and Technology","Space flight, research, and supporting activities",080-0120,"Science, National Aeronautics and Space Administration",0001,SCIENCE (DIRECT),25.5,Research and development contracts,D,Q,Not Designated Nonemergency/Emergency/Disaster/Wildfire Suppression,,7295559.95,,,CONT_AWD_80GSFC19C0054_8000_-NONE-_-NONE-,80GSFC19C0054,,,,2019-07-01,2019,2025-09-08,2025,2019-07-01,2027-09-30,,D,DEFINITIVE CONTRACT,,,THIS CONTRACT IS FOR THE PRODUCTS AND SERVICES ASSOCIATED WITH THE DESIGN PHASE OF THE WIDE-FIELD INFRARED SURVEY TELESCOPE (WFIRST) SCIENCE OPERATIONS CENTER (SOC),080,NATIONAL AERONAUTICS AND SPACE ADMINISTRATION (NASA),8000,NATIONAL AERONAUTICS AND SPACE ADMINISTRATION,80GSFC,NASA GODDARD SPACE FLIGHT CENTER,080,NATIONAL AERONAUTICS AND SPACE ADMINISTRATION (NASA),8000,NATIONAL AERONAUTICS AND SPACE ADMINISTRATION,80GSFC,NASA GODDARD SPACE FLIGHT CENTER,W1NBN156CYF9,,"ASSOCIATION OF UNIVERSITIES FOR RESEARCH IN ASTRONOMY, INC.","ASSOCIATION OF UNIVERSITIES FOR RESEARCH IN ASTRONOMY, INC.",W1NBN156CYF9,W1NBN156CYF9,"ASSOCIATION OF UNIVERSITIES FOR RESEARCH IN ASTRONOMY, INC.",ASSOCIATION OF UNIVERSITIES FOR RESEARCH IN ASTRONOMY  INC.,USA,MD,BALTIMORE (CITY),BALTIMORE,MD-07,MD-07,212182410,UNITED STATES,MARYLAND,BALTIMORE CITY,MD-07,MD-07,212182410,,,AR45,"R&D- SPACE: OPERATIONS, TRACKING AND DATA ACQUISITION (OPERATIONAL SYSTEMS DEVELOPMENT)",541715,"RESEARCH AND DEVELOPMENT IN THE PHYSICAL, ENGINEERING, AND LIFE SCIENCES (EXCEPT NANOTECHNOLOGY AND BIOTECHNOLOGY)",,,https://www.usaspending.gov/award/CONT_AWD_80GSFC19C0054_8000_-NONE-_-NONE-/,2024-07-29
National Aeronautics and Space Administration,National Aeronautics and Space Administration,FY2024P09,,080,2023,2024,,0120,000,080-2023/2024-0120-000,"Science, National Aeronautics and Space Administration",National Aeronautics and Space Administration,,"General Science, Space, and Technology","Space flight, research, and supporting activities",080-0120,"Science, National Aeronautics and Space Administration",0001,SCIENCE (DIRECT),25.5,Research and development contracts,D,Q,Not Designated Nonemergency/Emergency/Disaster/Wildfire Suppression,218639.40,,,,CONT_AWD_80GSFC19C0054_8000_-NONE-_-NONE-,80GSFC19C0054,,,,2019-07-01,2019,2025-09-08,2025,2019-07-01,2027-09-30,,D,DEFINITIVE CONTRACT,,,THIS CONTRACT IS FOR THE PRODUCTS AND SERVICES ASSOCIATED WITH THE DESIGN PHASE OF THE WIDE-FIELD INFRARED SURVEY TELESCOPE (WFIRST) SCIENCE OPERATIONS CENTER (SOC),080,NATIONAL AERONAUTICS AND SPACE ADMINISTRATION (NASA),8000,NATIONAL AERONAUTICS AND SPACE ADMINISTRATION,80GSFC,NASA GODDARD SPACE FLIGHT CENTER,080,NATIONAL AERONAUTICS AND SPACE ADMINISTRATION (NASA),8000,NATIONAL AERONAUTICS AND SPACE ADMINISTRATION,80GSFC,NASA GODDARD SPACE FLIGHT CENTER,W1NBN156CYF9,,"ASSOCIATION OF UNIVERSITIES FOR RESEARCH IN ASTRONOMY, INC.","ASSOCIATION OF UNIVERSITIES FOR RESEARCH IN ASTRONOMY, INC.",W1NBN156CYF9,W1NBN156CYF9,"ASSOCIATION OF UNIVERSITIES FOR RESEARCH IN ASTRONOMY, INC.",ASSOCIATION OF UNIVERSITIES FOR RESEARCH IN ASTRONOMY  INC.,USA,MD,BALTIMORE (CITY),BALTIMORE,MD-07,MD-07,212182410,UNITED STATES,MARYLAND,BALTIMORE CITY,MD-07,MD-07,212182410,,,AR45,"R&D- SPACE: OPERATIONS, TRACKING AND DATA ACQUISITION (OPERATIONAL SYSTEMS DEVELOPMENT)",541715,"RESEARCH AND DEVELOPMENT IN THE PHYSICAL, ENGINEERING, AND LIFE SCIENCES (EXCEPT NANOTECHNOLOGY AND BIOTECHNOLOGY)",,,https://www.usaspending.gov/award/CONT_AWD_80GSFC19C0054_8000_-NONE-_-NONE-/,2024-07-29
National Aeronautics and Space Administration,National Aeronautics and Space Administration,FY2024P10,,080,2024,2025,,0120,000,080-2024/2025-0120-000,"Science, National Aeronautics and Space Administration",National Aeronautics and Space Administration,,"General Science, Space, and Technology","Space flight, research, and supporting activities",080-0120,"Science, National Aeronautics and Space Administration",0001,SCIENCE (DIRECT),25.5,Research and development contracts,D,Q,Not Designated Nonemergency/Emergency/Disaster/Wildfire Suppression,,16387742.34,,,CONT_AWD_80GSFC19C0054_8000_-NONE-_-NONE-,80GSFC19C0054,,,,2019-07-01,2019,2025-09-08,2025,2019-07-01,2027-09-30,,D,DEFINITIVE CONTRACT,,,THIS CONTRACT IS FOR THE PRODUCTS AND SERVICES ASSOCIATED WITH THE DESIGN PHASE OF THE WIDE-FIELD INFRARED SURVEY TELESCOPE (WFIRST) SCIENCE OPERATIONS CENTER (SOC),080,NATIONAL AERONAUTICS AND SPACE ADMINISTRATION (NASA),8000,NATIONAL AERONAUTICS AND SPACE ADMINISTRATION,80GSFC,NASA GODDARD SPACE FLIGHT CENTER,080,NATIONAL AERONAUTICS AND SPACE ADMINISTRATION (NASA),8000,NATIONAL AERONAUTICS AND SPACE ADMINISTRATION,80GSFC,NASA GODDARD SPACE FLIGHT CENTER,W1NBN156CYF9,,"ASSOCIATION OF UNIVERSITIES FOR RESEARCH IN ASTRONOMY, INC.","ASSOCIATION OF UNIVERSITIES FOR RESEARCH IN ASTRONOMY, INC.",W1NBN156CYF9,W1NBN156CYF9,"ASSOCIATION OF UNIVERSITIES FOR RESEARCH IN ASTRONOMY, INC.",ASSOCIATION OF UNIVERSITIES FOR RESEARCH IN ASTRONOMY  INC.,USA,MD,BALTIMORE (CITY),BALTIMORE,MD-07,MD-07,212182410,UNITED STATES,MARYLAND,BALTIMORE CITY,MD-07,MD-07,212182410,,,AR45,"R&D- SPACE: OPERATIONS, TRACKING AND DATA ACQUISITION (OPERATIONAL SYSTEMS DEVELOPMENT)",541715,"RESEARCH AND DEVELOPMENT IN THE PHYSICAL, ENGINEERING, AND LIFE SCIENCES (EXCEPT NANOTECHNOLOGY AND BIOTECHNOLOGY)",,,https://www.usaspending.gov/award/CONT_AWD_80GSFC19C0054_8000_-NONE-_-NONE-/,2024-08-26
National Aeronautics and Space Administration,National Aeronautics and Space Administration,FY2024P10,,080,2023,2024,,0120,000,080-2023/2024-0120-000,"Science, National Aeronautics and Space Administration",National Aeronautics and Space Administration,,"General Science, Space, and Technology","Space flight, research, and supporting activities",080-0120,"Science, National Aeronautics and Space Administration",0001,SCIENCE (DIRECT),25.5,Research and development contracts,D,Q,Not Designated Nonemergency/Emergency/Disaster/Wildfire Suppression,,7514199.35,,,CONT_AWD_80GSFC19C0054_8000_-NONE-_-NONE-,80GSFC19C0054,,,,2019-07-01,2019,2025-09-08,2025,2019-07-01,2027-09-30,,D,DEFINITIVE CONTRACT,,,THIS CONTRACT IS FOR THE PRODUCTS AND SERVICES ASSOCIATED WITH THE DESIGN PHASE OF THE WIDE-FIELD INFRARED SURVEY TELESCOPE (WFIRST) SCIENCE OPERATIONS CENTER (SOC),080,NATIONAL AERONAUTICS AND SPACE ADMINISTRATION (NASA),8000,NATIONAL AERONAUTICS AND SPACE ADMINISTRATION,80GSFC,NASA GODDARD SPACE FLIGHT CENTER,080,NATIONAL AERONAUTICS AND SPACE ADMINISTRATION (NASA),8000,NATIONAL AERONAUTICS AND SPACE ADMINISTRATION,80GSFC,NASA GODDARD SPACE FLIGHT CENTER,W1NBN156CYF9,,"ASSOCIATION OF UNIVERSITIES FOR RESEARCH IN ASTRONOMY, INC.","ASSOCIATION OF UNIVERSITIES FOR RESEARCH IN ASTRONOMY, INC.",W1NBN156CYF9,W1NBN156CYF9,"ASSOCIATION OF UNIVERSITIES FOR RESEARCH IN ASTRONOMY, INC.",ASSOCIATION OF UNIVERSITIES FOR RESEARCH IN ASTRONOMY  INC.,USA,MD,BALTIMORE (CITY),BALTIMORE,MD-07,MD-07,212182410,UNITED STATES,MARYLAND,BALTIMORE CITY,MD-07,MD-07,212182410,,,AR45,"R&D- SPACE: OPERATIONS, TRACKING AND DATA ACQUISITION (OPERATIONAL SYSTEMS DEVELOPMENT)",541715,"RESEARCH AND DEVELOPMENT IN THE PHYSICAL, ENGINEERING, AND LIFE SCIENCES (EXCEPT NANOTECHNOLOGY AND BIOTECHNOLOGY)",,,https://www.usaspending.gov/award/CONT_AWD_80GSFC19C0054_8000_-NONE-_-NONE-/,2024-08-26
National Aeronautics and Space Administration,National Aeronautics and Space Administration,FY2024P11,,080,2023,2024,,0120,000,080-2023/2024-0120-000,"Science, National Aeronautics and Space Administration",National Aeronautics and Space Administration,,"General Science, Space, and Technology","Space flight, research, and supporting activities",080-0120,"Science, National Aeronautics and Space Administration",0001,SCIENCE (DIRECT),25.5,Research and development contracts,D,Q,Not Designated Nonemergency/Emergency/Disaster/Wildfire Suppression,,7514199.35,,,CONT_AWD_80GSFC19C0054_8000_-NONE-_-NONE-,80GSFC19C0054,,,,2019-07-01,2019,2025-09-08,2025,2019-07-01,2027-09-30,,D,DEFINITIVE CONTRACT,,,THIS CONTRACT IS FOR THE PRODUCTS AND SERVICES ASSOCIATED WITH THE DESIGN PHASE OF THE WIDE-FIELD INFRARED SURVEY TELESCOPE (WFIRST) SCIENCE OPERATIONS CENTER (SOC),080,NATIONAL AERONAUTICS AND SPACE ADMINISTRATION (NASA),8000,NATIONAL AERONAUTICS AND SPACE ADMINISTRATION,80GSFC,NASA GODDARD SPACE FLIGHT CENTER,080,NATIONAL AERONAUTICS AND SPACE ADMINISTRATION (NASA),8000,NATIONAL AERONAUTICS AND SPACE ADMINISTRATION,80GSFC,NASA GODDARD SPACE FLIGHT CENTER,W1NBN156CYF9,,"ASSOCIATION OF UNIVERSITIES FOR RESEARCH IN ASTRONOMY, INC.","ASSOCIATION OF UNIVERSITIES FOR RESEARCH IN ASTRONOMY, INC.",W1NBN156CYF9,W1NBN156CYF9,"ASSOCIATION OF UNIVERSITIES FOR RESEARCH IN ASTRONOMY, INC.",ASSOCIATION OF UNIVERSITIES FOR RESEARCH IN ASTRONOMY  INC.,USA,MD,BALTIMORE (CITY),BALTIMORE,MD-07,MD-07,212182410,UNITED STATES,MARYLAND,BALTIMORE CITY,MD-07,MD-07,212182410,,,AR45,"R&D- SPACE: OPERATIONS, TRACKING AND DATA ACQUISITION (OPERATIONAL SYSTEMS DEVELOPMENT)",541715,"RESEARCH AND DEVELOPMENT IN THE PHYSICAL, ENGINEERING, AND LIFE SCIENCES (EXCEPT NANOTECHNOLOGY AND BIOTECHNOLOGY)",,,https://www.usaspending.gov/award/CONT_AWD_80GSFC19C0054_8000_-NONE-_-NONE-/,2024-09-30
National Aeronautics and Space Administration,National Aeronautics and Space Administration,FY2024P11,,080,2024,2025,,0120,000,080-2024/2025-0120-000,"Science, National Aeronautics and Space Administration",National Aeronautics and Space Administration,,"General Science, Space, and Technology","Space flight, research, and supporting activities",080-0120,"Science, National Aeronautics and Space Administration",0001,SCIENCE (DIRECT),25.5,Research and development contracts,D,Q,Not Designated Nonemergency/Emergency/Disaster/Wildfire Suppression,,18470022.30,,,CONT_AWD_80GSFC19C0054_8000_-NONE-_-NONE-,80GSFC19C0054,,,,2019-07-01,2019,2025-09-08,2025,2019-07-01,2027-09-30,,D,DEFINITIVE CONTRACT,,,THIS CONTRACT IS FOR THE PRODUCTS AND SERVICES ASSOCIATED WITH THE DESIGN PHASE OF THE WIDE-FIELD INFRARED SURVEY TELESCOPE (WFIRST) SCIENCE OPERATIONS CENTER (SOC),080,NATIONAL AERONAUTICS AND SPACE ADMINISTRATION (NASA),8000,NATIONAL AERONAUTICS AND SPACE ADMINISTRATION,80GSFC,NASA GODDARD SPACE FLIGHT CENTER,080,NATIONAL AERONAUTICS AND SPACE ADMINISTRATION (NASA),8000,NATIONAL AERONAUTICS AND SPACE ADMINISTRATION,80GSFC,NASA GODDARD SPACE FLIGHT CENTER,W1NBN156CYF9,,"ASSOCIATION OF UNIVERSITIES FOR RESEARCH IN ASTRONOMY, INC.","ASSOCIATION OF UNIVERSITIES FOR RESEARCH IN ASTRONOMY, INC.",W1NBN156CYF9,W1NBN156CYF9,"ASSOCIATION OF UNIVERSITIES FOR RESEARCH IN ASTRONOMY, INC.",ASSOCIATION OF UNIVERSITIES FOR RESEARCH IN ASTRONOMY  INC.,USA,MD,BALTIMORE (CITY),BALTIMORE,MD-07,MD-07,212182410,UNITED STATES,MARYLAND,BALTIMORE CITY,MD-07,MD-07,212182410,,,AR45,"R&D- SPACE: OPERATIONS, TRACKING AND DATA ACQUISITION (OPERATIONAL SYSTEMS DEVELOPMENT)",541715,"RESEARCH AND DEVELOPMENT IN THE PHYSICAL, ENGINEERING, AND LIFE SCIENCES (EXCEPT NANOTECHNOLOGY AND BIOTECHNOLOGY)",,,https://www.usaspending.gov/award/CONT_AWD_80GSFC19C0054_8000_-NONE-_-NONE-/,2024-09-30
National Aeronautics and Space Administration,National Aeronautics and Space Administration,FY2024P11,,080,2024,2025,,0120,000,080-2024/2025-0120-000,"Science, National Aeronautics and Space Administration",National Aeronautics and Space Administration,,"General Science, Space, and Technology","Space flight, research, and supporting activities",080-0120,"Science, National Aeronautics and Space Administration",0001,SCIENCE (DIRECT),25.5,Research and development contracts,D,Q,Not Designated Nonemergency/Emergency/Disaster/Wildfire Suppression,6260180.00,,,,CONT_AWD_80GSFC19C0054_8000_-NONE-_-NONE-,80GSFC19C0054,,,,2019-07-01,2019,2025-09-08,2025,2019-07-01,2027-09-30,,D,DEFINITIVE CONTRACT,,,THIS CONTRACT IS FOR THE PRODUCTS AND SERVICES ASSOCIATED WITH THE DESIGN PHASE OF THE WIDE-FIELD INFRARED SURVEY TELESCOPE (WFIRST) SCIENCE OPERATIONS CENTER (SOC),080,NATIONAL AERONAUTICS AND SPACE ADMINISTRATION (NASA),8000,NATIONAL AERONAUTICS AND SPACE ADMINISTRATION,80GSFC,NASA GODDARD SPACE FLIGHT CENTER,080,NATIONAL AERONAUTICS AND SPACE ADMINISTRATION (NASA),8000,NATIONAL AERONAUTICS AND SPACE ADMINISTRATION,80GSFC,NASA GODDARD SPACE FLIGHT CENTER,W1NBN156CYF9,,"ASSOCIATION OF UNIVERSITIES FOR RESEARCH IN ASTRONOMY, INC.","ASSOCIATION OF UNIVERSITIES FOR RESEARCH IN ASTRONOMY, INC.",W1NBN156CYF9,W1NBN156CYF9,"ASSOCIATION OF UNIVERSITIES FOR RESEARCH IN ASTRONOMY, INC.",ASSOCIATION OF UNIVERSITIES FOR RESEARCH IN ASTRONOMY  INC.,USA,MD,BALTIMORE (CITY),BALTIMORE,MD-07,MD-07,212182410,UNITED STATES,MARYLAND,BALTIMORE CITY,MD-07,MD-07,212182410,,,AR45,"R&D- SPACE: OPERATIONS, TRACKING AND DATA ACQUISITION (OPERATIONAL SYSTEMS DEVELOPMENT)",541715,"RESEARCH AND DEVELOPMENT IN THE PHYSICAL, ENGINEERING, AND LIFE SCIENCES (EXCEPT NANOTECHNOLOGY AND BIOTECHNOLOGY)",,,https://www.usaspending.gov/award/CONT_AWD_80GSFC19C0054_8000_-NONE-_-NONE-/,2024-09-30
National Aeronautics and Space Administration,National Aeronautics and Space Administration,FY2024P12,,080,2024,2025,,0120,000,080-2024/2025-0120-000,"Science, National Aeronautics and Space Administration",National Aeronautics and Space Administration,,"General Science, Space, and Technology","Space flight, research, and supporting activities",080-0120,"Science, National Aeronautics and Space Administration",0001,SCIENCE (DIRECT),25.5,Research and development contracts,D,Q,Not Designated Nonemergency/Emergency/Disaster/Wildfire Suppression,,20320022.30,,,CONT_AWD_80GSFC19C0054_8000_-NONE-_-NONE-,80GSFC19C0054,,,,2019-07-01,2019,2025-09-08,2025,2019-07-01,2027-09-30,,D,DEFINITIVE CONTRACT,,,THIS CONTRACT IS FOR THE PRODUCTS AND SERVICES ASSOCIATED WITH THE DESIGN PHASE OF THE WIDE-FIELD INFRARED SURVEY TELESCOPE (WFIRST) SCIENCE OPERATIONS CENTER (SOC),080,NATIONAL AERONAUTICS AND SPACE ADMINISTRATION (NASA),8000,NATIONAL AERONAUTICS AND SPACE ADMINISTRATION,80GSFC,NASA GODDARD SPACE FLIGHT CENTER,080,NATIONAL AERONAUTICS AND SPACE ADMINISTRATION (NASA),8000,NATIONAL AERONAUTICS AND SPACE ADMINISTRATION,80GSFC,NASA GODDARD SPACE FLIGHT CENTER,W1NBN156CYF9,,"ASSOCIATION OF UNIVERSITIES FOR RESEARCH IN ASTRONOMY, INC.","ASSOCIATION OF UNIVERSITIES FOR RESEARCH IN ASTRONOMY, INC.",W1NBN156CYF9,W1NBN156CYF9,"ASSOCIATION OF UNIVERSITIES FOR RESEARCH IN ASTRONOMY, INC.",ASSOCIATION OF UNIVERSITIES FOR RESEARCH IN ASTRONOMY  INC.,USA,MD,BALTIMORE (CITY),BALTIMORE,MD-07,MD-07,212182410,UNITED STATES,MARYLAND,BALTIMORE CITY,MD-07,MD-07,212182410,,,AR45,"R&D- SPACE: OPERATIONS, TRACKING AND DATA ACQUISITION (OPERATIONAL SYSTEMS DEVELOPMENT)",541715,"RESEARCH AND DEVELOPMENT IN THE PHYSICAL, ENGINEERING, AND LIFE SCIENCES (EXCEPT NANOTECHNOLOGY AND BIOTECHNOLOGY)",,,https://www.usaspending.gov/award/CONT_AWD_80GSFC19C0054_8000_-NONE-_-NONE-/,2024-11-07
National Aeronautics and Space Administration,National Aeronautics and Space Administration,FY2024P12,,080,2023,2024,,0120,000,080-2023/2024-0120-000,"Science, National Aeronautics and Space Administration",National Aeronautics and Space Administration,,"General Science, Space, and Technology","Space flight, research, and supporting activities",080-0120,"Science, National Aeronautics and Space Administration",0001,SCIENCE (DIRECT),25.5,Research and development contracts,D,Q,Not Designated Nonemergency/Emergency/Disaster/Wildfire Suppression,,7514199.35,,,CONT_AWD_80GSFC19C0054_8000_-NONE-_-NONE-,80GSFC19C0054,,,,2019-07-01,2019,2025-09-08,2025,2019-07-01,2027-09-30,,D,DEFINITIVE CONTRACT,,,THIS CONTRACT IS FOR THE PRODUCTS AND SERVICES ASSOCIATED WITH THE DESIGN PHASE OF THE WIDE-FIELD INFRARED SURVEY TELESCOPE (WFIRST) SCIENCE OPERATIONS CENTER (SOC),080,NATIONAL AERONAUTICS AND SPACE ADMINISTRATION (NASA),8000,NATIONAL AERONAUTICS AND SPACE ADMINISTRATION,80GSFC,NASA GODDARD SPACE FLIGHT CENTER,080,NATIONAL AERONAUTICS AND SPACE ADMINISTRATION (NASA),8000,NATIONAL AERONAUTICS AND SPACE ADMINISTRATION,80GSFC,NASA GODDARD SPACE FLIGHT CENTER,W1NBN156CYF9,,"ASSOCIATION OF UNIVERSITIES FOR RESEARCH IN ASTRONOMY, INC.","ASSOCIATION OF UNIVERSITIES FOR RESEARCH IN ASTRONOMY, INC.",W1NBN156CYF9,W1NBN156CYF9,"ASSOCIATION OF UNIVERSITIES FOR RESEARCH IN ASTRONOMY, INC.",ASSOCIATION OF UNIVERSITIES FOR RESEARCH IN ASTRONOMY  INC.,USA,MD,BALTIMORE (CITY),BALTIMORE,MD-07,MD-07,212182410,UNITED STATES,MARYLAND,BALTIMORE CITY,MD-07,MD-07,212182410,,,AR45,"R&D- SPACE: OPERATIONS, TRACKING AND DATA ACQUISITION (OPERATIONAL SYSTEMS DEVELOPMENT)",541715,"RESEARCH AND DEVELOPMENT IN THE PHYSICAL, ENGINEERING, AND LIFE SCIENCES (EXCEPT NANOTECHNOLOGY AND BIOTECHNOLOGY)",,,https://www.usaspending.gov/award/CONT_AWD_80GSFC19C0054_8000_-NONE-_-NONE-/,2024-11-07
National Aeronautics and Space Administration,National Aeronautics and Space Administration,FY2025P02,,080,2024,2025,,0120,000,080-2024/2025-0120-000,"Science, National Aeronautics and Space Administration",National Aeronautics and Space Administration,,"General Science, Space, and Technology","Space flight, research, and supporting activities",080-0120,"Science, National Aeronautics and Space Administration",0001,SCIENCE (DIRECT),25.5,Research and development contracts,D,Q,Not Designated Nonemergency/Emergency/Disaster/Wildfire Suppression,,6292672.16,0.00,0.00,CONT_AWD_80GSFC19C0054_8000_-NONE-_-NONE-,80GSFC19C0054,,,,2019-07-01,2019,2025-09-08,2025,2019-07-01,2027-09-30,,D,DEFINITIVE CONTRACT,,,THIS CONTRACT IS FOR THE PRODUCTS AND SERVICES ASSOCIATED WITH THE DESIGN PHASE OF THE WIDE-FIELD INFRARED SURVEY TELESCOPE (WFIRST) SCIENCE OPERATIONS CENTER (SOC),080,NATIONAL AERONAUTICS AND SPACE ADMINISTRATION (NASA),8000,NATIONAL AERONAUTICS AND SPACE ADMINISTRATION,80GSFC,NASA GODDARD SPACE FLIGHT CENTER,080,NATIONAL AERONAUTICS AND SPACE ADMINISTRATION (NASA),8000,NATIONAL AERONAUTICS AND SPACE ADMINISTRATION,80GSFC,NASA GODDARD SPACE FLIGHT CENTER,W1NBN156CYF9,,"ASSOCIATION OF UNIVERSITIES FOR RESEARCH IN ASTRONOMY, INC.","ASSOCIATION OF UNIVERSITIES FOR RESEARCH IN ASTRONOMY, INC.",W1NBN156CYF9,W1NBN156CYF9,"ASSOCIATION OF UNIVERSITIES FOR RESEARCH IN ASTRONOMY, INC.",ASSOCIATION OF UNIVERSITIES FOR RESEARCH IN ASTRONOMY  INC.,USA,MD,BALTIMORE (CITY),BALTIMORE,MD-07,MD-07,212182410,UNITED STATES,MARYLAND,BALTIMORE CITY,MD-07,MD-07,212182410,,,AR45,"R&D- SPACE: OPERATIONS, TRACKING AND DATA ACQUISITION (OPERATIONAL SYSTEMS DEVELOPMENT)",541715,"RESEARCH AND DEVELOPMENT IN THE PHYSICAL, ENGINEERING, AND LIFE SCIENCES (EXCEPT NANOTECHNOLOGY AND BIOTECHNOLOGY)",,,https://www.usaspending.gov/award/CONT_AWD_80GSFC19C0054_8000_-NONE-_-NONE-/,2024-12-20
National Aeronautics and Space Administration,National Aeronautics and Space Administration,FY2025P02,,080,2025,2026,,0120,000,080-2025/2026-0120-000,"Science, National Aeronautics and Space Administration",National Aeronautics and Space Administration,,"General Science, Space, and Technology","Space flight, research, and supporting activities",080-0120,"Science, National Aeronautics and Space Administration",0001,SCIENCE (DIRECT),25.5,Research and development contracts,D,Q,Not Designated Nonemergency/Emergency/Disaster/Wildfire Suppression,5601726.00,,,,CONT_AWD_80GSFC19C0054_8000_-NONE-_-NONE-,80GSFC19C0054,,,,2019-07-01,2019,2025-09-08,2025,2019-07-01,2027-09-30,,D,DEFINITIVE CONTRACT,,,THIS CONTRACT IS FOR THE PRODUCTS AND SERVICES ASSOCIATED WITH THE DESIGN PHASE OF THE WIDE-FIELD INFRARED SURVEY TELESCOPE (WFIRST) SCIENCE OPERATIONS CENTER (SOC),080,NATIONAL AERONAUTICS AND SPACE ADMINISTRATION (NASA),8000,NATIONAL AERONAUTICS AND SPACE ADMINISTRATION,80GSFC,NASA GODDARD SPACE FLIGHT CENTER,080,NATIONAL AERONAUTICS AND SPACE ADMINISTRATION (NASA),8000,NATIONAL AERONAUTICS AND SPACE ADMINISTRATION,80GSFC,NASA GODDARD SPACE FLIGHT CENTER,W1NBN156CYF9,,"ASSOCIATION OF UNIVERSITIES FOR RESEARCH IN ASTRONOMY, INC.","ASSOCIATION OF UNIVERSITIES FOR RESEARCH IN ASTRONOMY, INC.",W1NBN156CYF9,W1NBN156CYF9,"ASSOCIATION OF UNIVERSITIES FOR RESEARCH IN ASTRONOMY, INC.",ASSOCIATION OF UNIVERSITIES FOR RESEARCH IN ASTRONOMY  INC.,USA,MD,BALTIMORE (CITY),BALTIMORE,MD-07,MD-07,212182410,UNITED STATES,MARYLAND,BALTIMORE CITY,MD-07,MD-07,212182410,,,AR45,"R&D- SPACE: OPERATIONS, TRACKING AND DATA ACQUISITION (OPERATIONAL SYSTEMS DEVELOPMENT)",541715,"RESEARCH AND DEVELOPMENT IN THE PHYSICAL, ENGINEERING, AND LIFE SCIENCES (EXCEPT NANOTECHNOLOGY AND BIOTECHNOLOGY)",,,https://www.usaspending.gov/award/CONT_AWD_80GSFC19C0054_8000_-NONE-_-NONE-/,2024-12-20
National Aeronautics and Space Administration,National Aeronautics and Space Administration,FY2025P03,,080,2024,2025,,0120,000,080-2024/2025-0120-000,"Science, National Aeronautics and Space Administration",National Aeronautics and Space Administration,,"General Science, Space, and Technology","Space flight, research, and supporting activities",080-0120,"Science, National Aeronautics and Space Administration",0001,SCIENCE (DIRECT),25.5,Research and development contracts,D,Q,Not Designated Nonemergency/Emergency/Disaster/Wildfire Suppression,,6725595.15,0.00,0.00,CONT_AWD_80GSFC19C0054_8000_-NONE-_-NONE-,80GSFC19C0054,,,,2019-07-01,2019,2025-09-08,2025,2019-07-01,2027-09-30,,D,DEFINITIVE CONTRACT,,,THIS CONTRACT IS FOR THE PRODUCTS AND SERVICES ASSOCIATED WITH THE DESIGN PHASE OF THE WIDE-FIELD INFRARED SURVEY TELESCOPE (WFIRST) SCIENCE OPERATIONS CENTER (SOC),080,NATIONAL AERONAUTICS AND SPACE ADMINISTRATION (NASA),8000,NATIONAL AERONAUTICS AND SPACE ADMINISTRATION,80GSFC,NASA GODDARD SPACE FLIGHT CENTER,080,NATIONAL AERONAUTICS AND SPACE ADMINISTRATION (NASA),8000,NATIONAL AERONAUTICS AND SPACE ADMINISTRATION,80GSFC,NASA GODDARD SPACE FLIGHT CENTER,W1NBN156CYF9,,"ASSOCIATION OF UNIVERSITIES FOR RESEARCH IN ASTRONOMY, INC.","ASSOCIATION OF UNIVERSITIES FOR RESEARCH IN ASTRONOMY, INC.",W1NBN156CYF9,W1NBN156CYF9,"ASSOCIATION OF UNIVERSITIES FOR RESEARCH IN ASTRONOMY, INC.",ASSOCIATION OF UNIVERSITIES FOR RESEARCH IN ASTRONOMY  INC.,USA,MD,BALTIMORE (CITY),BALTIMORE,MD-07,MD-07,212182410,UNITED STATES,MARYLAND,BALTIMORE CITY,MD-07,MD-07,212182410,,,AR45,"R&D- SPACE: OPERATIONS, TRACKING AND DATA ACQUISITION (OPERATIONAL SYSTEMS DEVELOPMENT)",541715,"RESEARCH AND DEVELOPMENT IN THE PHYSICAL, ENGINEERING, AND LIFE SCIENCES (EXCEPT NANOTECHNOLOGY AND BIOTECHNOLOGY)",,,https://www.usaspending.gov/award/CONT_AWD_80GSFC19C0054_8000_-NONE-_-NONE-/,2025-01-29
National Aeronautics and Space Administration,National Aeronautics and Space Administration,FY2025P03,,080,2025,2026,,0120,000,080-2025/2026-0120-000,"Science, National Aeronautics and Space Administration",National Aeronautics and Space Administration,,"General Science, Space, and Technology","Space flight, research, and supporting activities",080-0120,"Science, National Aeronautics and Space Administration",0001,SCIENCE (DIRECT),25.5,Research and development contracts,D,Q,Not Designated Nonemergency/Emergency/Disaster/Wildfire Suppression,,4257804.05,0.00,0.00,CONT_AWD_80GSFC19C0054_8000_-NONE-_-NONE-,80GSFC19C0054,,,,2019-07-01,2019,2025-09-08,2025,2019-07-01,2027-09-30,,D,DEFINITIVE CONTRACT,,,THIS CONTRACT IS FOR THE PRODUCTS AND SERVICES ASSOCIATED WITH THE DESIGN PHASE OF THE WIDE-FIELD INFRARED SURVEY TELESCOPE (WFIRST) SCIENCE OPERATIONS CENTER (SOC),080,NATIONAL AERONAUTICS AND SPACE ADMINISTRATION (NASA),8000,NATIONAL AERONAUTICS AND SPACE ADMINISTRATION,80GSFC,NASA GODDARD SPACE FLIGHT CENTER,080,NATIONAL AERONAUTICS AND SPACE ADMINISTRATION (NASA),8000,NATIONAL AERONAUTICS AND SPACE ADMINISTRATION,80GSFC,NASA GODDARD SPACE FLIGHT CENTER,W1NBN156CYF9,,"ASSOCIATION OF UNIVERSITIES FOR RESEARCH IN ASTRONOMY, INC.","ASSOCIATION OF UNIVERSITIES FOR RESEARCH IN ASTRONOMY, INC.",W1NBN156CYF9,W1NBN156CYF9,"ASSOCIATION OF UNIVERSITIES FOR RESEARCH IN ASTRONOMY, INC.",ASSOCIATION OF UNIVERSITIES FOR RESEARCH IN ASTRONOMY  INC.,USA,MD,BALTIMORE (CITY),BALTIMORE,MD-07,MD-07,212182410,UNITED STATES,MARYLAND,BALTIMORE CITY,MD-07,MD-07,212182410,,,AR45,"R&D- SPACE: OPERATIONS, TRACKING AND DATA ACQUISITION (OPERATIONAL SYSTEMS DEVELOPMENT)",541715,"RESEARCH AND DEVELOPMENT IN THE PHYSICAL, ENGINEERING, AND LIFE SCIENCES (EXCEPT NANOTECHNOLOGY AND BIOTECHNOLOGY)",,,https://www.usaspending.gov/award/CONT_AWD_80GSFC19C0054_8000_-NONE-_-NONE-/,2025-01-29
National Aeronautics and Space Administration,National Aeronautics and Space Administration,FY2025P04,,080,2024,2025,,0120,000,080-2024/2025-0120-000,"Science, National Aeronautics and Space Administration",National Aeronautics and Space Administration,,"General Science, Space, and Technology","Space flight, research, and supporting activities",080-0120,"Science, National Aeronautics and Space Administration",0001,SCIENCE (DIRECT),25.5,Research and development contracts,D,Q,Not Designated Nonemergency/Emergency/Disaster/Wildfire Suppression,,6725595.15,0.00,0.00,CONT_AWD_80GSFC19C0054_8000_-NONE-_-NONE-,80GSFC19C0054,,,,2019-07-01,2019,2025-09-08,2025,2019-07-01,2027-09-30,,D,DEFINITIVE CONTRACT,,,THIS CONTRACT IS FOR THE PRODUCTS AND SERVICES ASSOCIATED WITH THE DESIGN PHASE OF THE WIDE-FIELD INFRARED SURVEY TELESCOPE (WFIRST) SCIENCE OPERATIONS CENTER (SOC),080,NATIONAL AERONAUTICS AND SPACE ADMINISTRATION (NASA),8000,NATIONAL AERONAUTICS AND SPACE ADMINISTRATION,80GSFC,NASA GODDARD SPACE FLIGHT CENTER,080,NATIONAL AERONAUTICS AND SPACE ADMINISTRATION (NASA),8000,NATIONAL AERONAUTICS AND SPACE ADMINISTRATION,80GSFC,NASA GODDARD SPACE FLIGHT CENTER,W1NBN156CYF9,,"ASSOCIATION OF UNIVERSITIES FOR RESEARCH IN ASTRONOMY, INC.","ASSOCIATION OF UNIVERSITIES FOR RESEARCH IN ASTRONOMY, INC.",W1NBN156CYF9,W1NBN156CYF9,"ASSOCIATION OF UNIVERSITIES FOR RESEARCH IN ASTRONOMY, INC.",ASSOCIATION OF UNIVERSITIES FOR RESEARCH IN ASTRONOMY  INC.,USA,MD,BALTIMORE (CITY),BALTIMORE,MD-07,MD-07,212182410,UNITED STATES,MARYLAND,BALTIMORE CITY,MD-07,MD-07,212182410,,,AR45,"R&D- SPACE: OPERATIONS, TRACKING AND DATA ACQUISITION (OPERATIONAL SYSTEMS DEVELOPMENT)",541715,"RESEARCH AND DEVELOPMENT IN THE PHYSICAL, ENGINEERING, AND LIFE SCIENCES (EXCEPT NANOTECHNOLOGY AND BIOTECHNOLOGY)",,,https://www.usaspending.gov/award/CONT_AWD_80GSFC19C0054_8000_-NONE-_-NONE-/,2025-02-28
National Aeronautics and Space Administration,National Aeronautics and Space Administration,FY2025P04,,080,2025,2026,,0120,000,080-2025/2026-0120-000,"Science, National Aeronautics and Space Administration",National Aeronautics and Space Administration,,"General Science, Space, and Technology","Space flight, research, and supporting activities",080-0120,"Science, National Aeronautics and Space Administration",0001,SCIENCE (DIRECT),25.5,Research and development contracts,D,Q,Not Designated Nonemergency/Emergency/Disaster/Wildfire Suppression,,4507804.05,0.00,0.00,CONT_AWD_80GSFC19C0054_8000_-NONE-_-NONE-,80GSFC19C0054,,,,2019-07-01,2019,2025-09-08,2025,2019-07-01,2027-09-30,,D,DEFINITIVE CONTRACT,,,THIS CONTRACT IS FOR THE PRODUCTS AND SERVICES ASSOCIATED WITH THE DESIGN PHASE OF THE WIDE-FIELD INFRARED SURVEY TELESCOPE (WFIRST) SCIENCE OPERATIONS CENTER (SOC),080,NATIONAL AERONAUTICS AND SPACE ADMINISTRATION (NASA),8000,NATIONAL AERONAUTICS AND SPACE ADMINISTRATION,80GSFC,NASA GODDARD SPACE FLIGHT CENTER,080,NATIONAL AERONAUTICS AND SPACE ADMINISTRATION (NASA),8000,NATIONAL AERONAUTICS AND SPACE ADMINISTRATION,80GSFC,NASA GODDARD SPACE FLIGHT CENTER,W1NBN156CYF9,,"ASSOCIATION OF UNIVERSITIES FOR RESEARCH IN ASTRONOMY, INC.","ASSOCIATION OF UNIVERSITIES FOR RESEARCH IN ASTRONOMY, INC.",W1NBN156CYF9,W1NBN156CYF9,"ASSOCIATION OF UNIVERSITIES FOR RESEARCH IN ASTRONOMY, INC.",ASSOCIATION OF UNIVERSITIES FOR RESEARCH IN ASTRONOMY  INC.,USA,MD,BALTIMORE (CITY),BALTIMORE,MD-07,MD-07,212182410,UNITED STATES,MARYLAND,BALTIMORE CITY,MD-07,MD-07,212182410,,,AR45,"R&D- SPACE: OPERATIONS, TRACKING AND DATA ACQUISITION (OPERATIONAL SYSTEMS DEVELOPMENT)",541715,"RESEARCH AND DEVELOPMENT IN THE PHYSICAL, ENGINEERING, AND LIFE SCIENCES (EXCEPT NANOTECHNOLOGY AND BIOTECHNOLOGY)",,,https://www.usaspending.gov/award/CONT_AWD_80GSFC19C0054_8000_-NONE-_-NONE-/,2025-02-28
National Aeronautics and Space Administration,National Aeronautics and Space Administration,FY2025P04,,080,2025,2026,,0120,000,080-2025/2026-0120-000,"Science, National Aeronautics and Space Administration",National Aeronautics and Space Administration,,"General Science, Space, and Technology","Space flight, research, and supporting activities",080-0120,"Science, National Aeronautics and Space Administration",0001,SCIENCE (DIRECT),25.5,Research and development contracts,D,Q,Not Designated Nonemergency/Emergency/Disaster/Wildfire Suppression,6771842.00,,,,CONT_AWD_80GSFC19C0054_8000_-NONE-_-NONE-,80GSFC19C0054,,,,2019-07-01,2019,2025-09-08,2025,2019-07-01,2027-09-30,,D,DEFINITIVE CONTRACT,,,THIS CONTRACT IS FOR THE PRODUCTS AND SERVICES ASSOCIATED WITH THE DESIGN PHASE OF THE WIDE-FIELD INFRARED SURVEY TELESCOPE (WFIRST) SCIENCE OPERATIONS CENTER (SOC),080,NATIONAL AERONAUTICS AND SPACE ADMINISTRATION (NASA),8000,NATIONAL AERONAUTICS AND SPACE ADMINISTRATION,80GSFC,NASA GODDARD SPACE FLIGHT CENTER,080,NATIONAL AERONAUTICS AND SPACE ADMINISTRATION (NASA),8000,NATIONAL AERONAUTICS AND SPACE ADMINISTRATION,80GSFC,NASA GODDARD SPACE FLIGHT CENTER,W1NBN156CYF9,,"ASSOCIATION OF UNIVERSITIES FOR RESEARCH IN ASTRONOMY, INC.","ASSOCIATION OF UNIVERSITIES FOR RESEARCH IN ASTRONOMY, INC.",W1NBN156CYF9,W1NBN156CYF9,"ASSOCIATION OF UNIVERSITIES FOR RESEARCH IN ASTRONOMY, INC.",ASSOCIATION OF UNIVERSITIES FOR RESEARCH IN ASTRONOMY  INC.,USA,MD,BALTIMORE (CITY),BALTIMORE,MD-07,MD-07,212182410,UNITED STATES,MARYLAND,BALTIMORE CITY,MD-07,MD-07,212182410,,,AR45,"R&D- SPACE: OPERATIONS, TRACKING AND DATA ACQUISITION (OPERATIONAL SYSTEMS DEVELOPMENT)",541715,"RESEARCH AND DEVELOPMENT IN THE PHYSICAL, ENGINEERING, AND LIFE SCIENCES (EXCEPT NANOTECHNOLOGY AND BIOTECHNOLOGY)",,,https://www.usaspending.gov/award/CONT_AWD_80GSFC19C0054_8000_-NONE-_-NONE-/,2025-02-28
National Aeronautics and Space Administration,National Aeronautics and Space Administration,FY2025P05,,080,2024,2025,,0120,000,080-2024/2025-0120-000,"Science, National Aeronautics and Space Administration",National Aeronautics and Space Administration,,"General Science, Space, and Technology","Space flight, research, and supporting activities",080-0120,"Science, National Aeronautics and Space Administration",0001,SCIENCE (DIRECT),25.5,Research and development contracts,D,Q,Not Designated Nonemergency/Emergency/Disaster/Wildfire Suppression,,6725595.15,0.00,0.00,CONT_AWD_80GSFC19C0054_8000_-NONE-_-NONE-,80GSFC19C0054,,,,2019-07-01,2019,2025-09-08,2025,2019-07-01,2027-09-30,,D,DEFINITIVE CONTRACT,,,THIS CONTRACT IS FOR THE PRODUCTS AND SERVICES ASSOCIATED WITH THE DESIGN PHASE OF THE WIDE-FIELD INFRARED SURVEY TELESCOPE (WFIRST) SCIENCE OPERATIONS CENTER (SOC),080,NATIONAL AERONAUTICS AND SPACE ADMINISTRATION (NASA),8000,NATIONAL AERONAUTICS AND SPACE ADMINISTRATION,80GSFC,NASA GODDARD SPACE FLIGHT CENTER,080,NATIONAL AERONAUTICS AND SPACE ADMINISTRATION (NASA),8000,NATIONAL AERONAUTICS AND SPACE ADMINISTRATION,80GSFC,NASA GODDARD SPACE FLIGHT CENTER,W1NBN156CYF9,,"ASSOCIATION OF UNIVERSITIES FOR RESEARCH IN ASTRONOMY, INC.","ASSOCIATION OF UNIVERSITIES FOR RESEARCH IN ASTRONOMY, INC.",W1NBN156CYF9,W1NBN156CYF9,"ASSOCIATION OF UNIVERSITIES FOR RESEARCH IN ASTRONOMY, INC.",ASSOCIATION OF UNIVERSITIES FOR RESEARCH IN ASTRONOMY  INC.,USA,MD,BALTIMORE (CITY),BALTIMORE,MD-07,MD-07,212182410,UNITED STATES,MARYLAND,BALTIMORE CITY,MD-07,MD-07,212182410,,,AR45,"R&D- SPACE: OPERATIONS, TRACKING AND DATA ACQUISITION (OPERATIONAL SYSTEMS DEVELOPMENT)",541715,"RESEARCH AND DEVELOPMENT IN THE PHYSICAL, ENGINEERING, AND LIFE SCIENCES (EXCEPT NANOTECHNOLOGY AND BIOTECHNOLOGY)",,,https://www.usaspending.gov/award/CONT_AWD_80GSFC19C0054_8000_-NONE-_-NONE-/,2025-03-31
National Aeronautics and Space Administration,National Aeronautics and Space Administration,FY2025P05,,080,2025,2026,,0120,000,080-2025/2026-0120-000,"Science, National Aeronautics and Space Administration",National Aeronautics and Space Administration,,"General Science, Space, and Technology","Space flight, research, and supporting activities",080-0120,"Science, National Aeronautics and Space Administration",0001,SCIENCE (DIRECT),25.5,Research and development contracts,D,Q,Not Designated Nonemergency/Emergency/Disaster/Wildfire Suppression,,6059711.13,0.00,0.00,CONT_AWD_80GSFC19C0054_8000_-NONE-_-NONE-,80GSFC19C0054,,,,2019-07-01,2019,2025-09-08,2025,2019-07-01,2027-09-30,,D,DEFINITIVE CONTRACT,,,THIS CONTRACT IS FOR THE PRODUCTS AND SERVICES ASSOCIATED WITH THE DESIGN PHASE OF THE WIDE-FIELD INFRARED SURVEY TELESCOPE (WFIRST) SCIENCE OPERATIONS CENTER (SOC),080,NATIONAL AERONAUTICS AND SPACE ADMINISTRATION (NASA),8000,NATIONAL AERONAUTICS AND SPACE ADMINISTRATION,80GSFC,NASA GODDARD SPACE FLIGHT CENTER,080,NATIONAL AERONAUTICS AND SPACE ADMINISTRATION (NASA),8000,NATIONAL AERONAUTICS AND SPACE ADMINISTRATION,80GSFC,NASA GODDARD SPACE FLIGHT CENTER,W1NBN156CYF9,,"ASSOCIATION OF UNIVERSITIES FOR RESEARCH IN ASTRONOMY, INC.","ASSOCIATION OF UNIVERSITIES FOR RESEARCH IN ASTRONOMY, INC.",W1NBN156CYF9,W1NBN156CYF9,"ASSOCIATION OF UNIVERSITIES FOR RESEARCH IN ASTRONOMY, INC.",ASSOCIATION OF UNIVERSITIES FOR RESEARCH IN ASTRONOMY  INC.,USA,MD,BALTIMORE (CITY),BALTIMORE,MD-07,MD-07,212182410,UNITED STATES,MARYLAND,BALTIMORE CITY,MD-07,MD-07,212182410,,,AR45,"R&D- SPACE: OPERATIONS, TRACKING AND DATA ACQUISITION (OPERATIONAL SYSTEMS DEVELOPMENT)",541715,"RESEARCH AND DEVELOPMENT IN THE PHYSICAL, ENGINEERING, AND LIFE SCIENCES (EXCEPT NANOTECHNOLOGY AND BIOTECHNOLOGY)",,,https://www.usaspending.gov/award/CONT_AWD_80GSFC19C0054_8000_-NONE-_-NONE-/,2025-03-31
National Aeronautics and Space Administration,National Aeronautics and Space Administration,FY2025P05,,080,2025,2026,,0120,000,080-2025/2026-0120-000,"Science, National Aeronautics and Space Administration",National Aeronautics and Space Administration,,"General Science, Space, and Technology","Space flight, research, and supporting activities",080-0120,"Science, National Aeronautics and Space Administration",0001,SCIENCE (DIRECT),25.5,Research and development contracts,D,Q,Not Designated Nonemergency/Emergency/Disaster/Wildfire Suppression,4803126.00,,,,CONT_AWD_80GSFC19C0054_8000_-NONE-_-NONE-,80GSFC19C0054,,,,2019-07-01,2019,2025-09-08,2025,2019-07-01,2027-09-30,,D,DEFINITIVE CONTRACT,,,THIS CONTRACT IS FOR THE PRODUCTS AND SERVICES ASSOCIATED WITH THE DESIGN PHASE OF THE WIDE-FIELD INFRARED SURVEY TELESCOPE (WFIRST) SCIENCE OPERATIONS CENTER (SOC),080,NATIONAL AERONAUTICS AND SPACE ADMINISTRATION (NASA),8000,NATIONAL AERONAUTICS AND SPACE ADMINISTRATION,80GSFC,NASA GODDARD SPACE FLIGHT CENTER,080,NATIONAL AERONAUTICS AND SPACE ADMINISTRATION (NASA),8000,NATIONAL AERONAUTICS AND SPACE ADMINISTRATION,80GSFC,NASA GODDARD SPACE FLIGHT CENTER,W1NBN156CYF9,,"ASSOCIATION OF UNIVERSITIES FOR RESEARCH IN ASTRONOMY, INC.","ASSOCIATION OF UNIVERSITIES FOR RESEARCH IN ASTRONOMY, INC.",W1NBN156CYF9,W1NBN156CYF9,"ASSOCIATION OF UNIVERSITIES FOR RESEARCH IN ASTRONOMY, INC.",ASSOCIATION OF UNIVERSITIES FOR RESEARCH IN ASTRONOMY  INC.,USA,MD,BALTIMORE (CITY),BALTIMORE,MD-07,MD-07,212182410,UNITED STATES,MARYLAND,BALTIMORE CITY,MD-07,MD-07,212182410,,,AR45,"R&D- SPACE: OPERATIONS, TRACKING AND DATA ACQUISITION (OPERATIONAL SYSTEMS DEVELOPMENT)",541715,"RESEARCH AND DEVELOPMENT IN THE PHYSICAL, ENGINEERING, AND LIFE SCIENCES (EXCEPT NANOTECHNOLOGY AND BIOTECHNOLOGY)",,,https://www.usaspending.gov/award/CONT_AWD_80GSFC19C0054_8000_-NONE-_-NONE-/,2025-03-31
National Aeronautics and Space Administration,National Aeronautics and Space Administration,FY2025P06,,080,2025,2026,,0120,000,080-2025/2026-0120-000,"Science, National Aeronautics and Space Administration",National Aeronautics and Space Administration,,"General Science, Space, and Technology","Space flight, research, and supporting activities",080-0120,"Science, National Aeronautics and Space Administration",0001,SCIENCE (DIRECT),25.5,Research and development contracts,D,Q,Not Designated Nonemergency/Emergency/Disaster/Wildfire Suppression,,9003059.38,0.00,0.00,CONT_AWD_80GSFC19C0054_8000_-NONE-_-NONE-,80GSFC19C0054,,,,2019-07-01,2019,2025-09-08,2025,2019-07-01,2027-09-30,,D,DEFINITIVE CONTRACT,,,THIS CONTRACT IS FOR THE PRODUCTS AND SERVICES ASSOCIATED WITH THE DESIGN PHASE OF THE WIDE-FIELD INFRARED SURVEY TELESCOPE (WFIRST) SCIENCE OPERATIONS CENTER (SOC),080,NATIONAL AERONAUTICS AND SPACE ADMINISTRATION (NASA),8000,NATIONAL AERONAUTICS AND SPACE ADMINISTRATION,80GSFC,NASA GODDARD SPACE FLIGHT CENTER,080,NATIONAL AERONAUTICS AND SPACE ADMINISTRATION (NASA),8000,NATIONAL AERONAUTICS AND SPACE ADMINISTRATION,80GSFC,NASA GODDARD SPACE FLIGHT CENTER,W1NBN156CYF9,,"ASSOCIATION OF UNIVERSITIES FOR RESEARCH IN ASTRONOMY, INC.","ASSOCIATION OF UNIVERSITIES FOR RESEARCH IN ASTRONOMY, INC.",W1NBN156CYF9,W1NBN156CYF9,"ASSOCIATION OF UNIVERSITIES FOR RESEARCH IN ASTRONOMY, INC.",ASSOCIATION OF UNIVERSITIES FOR RESEARCH IN ASTRONOMY  INC.,USA,MD,BALTIMORE (CITY),BALTIMORE,MD-07,MD-07,212182410,UNITED STATES,MARYLAND,BALTIMORE CITY,MD-07,MD-07,212182410,,,AR45,"R&D- SPACE: OPERATIONS, TRACKING AND DATA ACQUISITION (OPERATIONAL SYSTEMS DEVELOPMENT)",541715,"RESEARCH AND DEVELOPMENT IN THE PHYSICAL, ENGINEERING, AND LIFE SCIENCES (EXCEPT NANOTECHNOLOGY AND BIOTECHNOLOGY)",,,https://www.usaspending.gov/award/CONT_AWD_80GSFC19C0054_8000_-NONE-_-NONE-/,2025-04-24
National Aeronautics and Space Administration,National Aeronautics and Space Administration,FY2025P06,,080,2024,2025,,0120,000,080-2024/2025-0120-000,"Science, National Aeronautics and Space Administration",National Aeronautics and Space Administration,,"General Science, Space, and Technology","Space flight, research, and supporting activities",080-0120,"Science, National Aeronautics and Space Administration",0001,SCIENCE (DIRECT),25.5,Research and development contracts,D,Q,Not Designated Nonemergency/Emergency/Disaster/Wildfire Suppression,,6725595.15,0.00,0.00,CONT_AWD_80GSFC19C0054_8000_-NONE-_-NONE-,80GSFC19C0054,,,,2019-07-01,2019,2025-09-08,2025,2019-07-01,2027-09-30,,D,DEFINITIVE CONTRACT,,,THIS CONTRACT IS FOR THE PRODUCTS AND SERVICES ASSOCIATED WITH THE DESIGN PHASE OF THE WIDE-FIELD INFRARED SURVEY TELESCOPE (WFIRST) SCIENCE OPERATIONS CENTER (SOC),080,NATIONAL AERONAUTICS AND SPACE ADMINISTRATION (NASA),8000,NATIONAL AERONAUTICS AND SPACE ADMINISTRATION,80GSFC,NASA GODDARD SPACE FLIGHT CENTER,080,NATIONAL AERONAUTICS AND SPACE ADMINISTRATION (NASA),8000,NATIONAL AERONAUTICS AND SPACE ADMINISTRATION,80GSFC,NASA GODDARD SPACE FLIGHT CENTER,W1NBN156CYF9,,"ASSOCIATION OF UNIVERSITIES FOR RESEARCH IN ASTRONOMY, INC.","ASSOCIATION OF UNIVERSITIES FOR RESEARCH IN ASTRONOMY, INC.",W1NBN156CYF9,W1NBN156CYF9,"ASSOCIATION OF UNIVERSITIES FOR RESEARCH IN ASTRONOMY, INC.",ASSOCIATION OF UNIVERSITIES FOR RESEARCH IN ASTRONOMY  INC.,USA,MD,BALTIMORE (CITY),BALTIMORE,MD-07,MD-07,212182410,UNITED STATES,MARYLAND,BALTIMORE CITY,MD-07,MD-07,212182410,,,AR45,"R&D- SPACE: OPERATIONS, TRACKING AND DATA ACQUISITION (OPERATIONAL SYSTEMS DEVELOPMENT)",541715,"RESEARCH AND DEVELOPMENT IN THE PHYSICAL, ENGINEERING, AND LIFE SCIENCES (EXCEPT NANOTECHNOLOGY AND BIOTECHNOLOGY)",,,https://www.usaspending.gov/award/CONT_AWD_80GSFC19C0054_8000_-NONE-_-NONE-/,2025-04-24
National Aeronautics and Space Administration,National Aeronautics and Space Administration,FY2025P07,,080,2025,2026,,0120,000,080-2025/2026-0120-000,"Science, National Aeronautics and Space Administration",National Aeronautics and Space Administration,,"General Science, Space, and Technology","Space flight, research, and supporting activities",080-0120,"Science, National Aeronautics and Space Administration",0001,SCIENCE (DIRECT),25.5,Research and development contracts,D,Q,Not Designated Nonemergency/Emergency/Disaster/Wildfire Suppression,,12265486.57,0.00,0.00,CONT_AWD_80GSFC19C0054_8000_-NONE-_-NONE-,80GSFC19C0054,,,,2019-07-01,2019,2025-09-08,2025,2019-07-01,2027-09-30,,D,DEFINITIVE CONTRACT,,,THIS CONTRACT IS FOR THE PRODUCTS AND SERVICES ASSOCIATED WITH THE DESIGN PHASE OF THE WIDE-FIELD INFRARED SURVEY TELESCOPE (WFIRST) SCIENCE OPERATIONS CENTER (SOC),080,NATIONAL AERONAUTICS AND SPACE ADMINISTRATION (NASA),8000,NATIONAL AERONAUTICS AND SPACE ADMINISTRATION,80GSFC,NASA GODDARD SPACE FLIGHT CENTER,080,NATIONAL AERONAUTICS AND SPACE ADMINISTRATION (NASA),8000,NATIONAL AERONAUTICS AND SPACE ADMINISTRATION,80GSFC,NASA GODDARD SPACE FLIGHT CENTER,W1NBN156CYF9,,"ASSOCIATION OF UNIVERSITIES FOR RESEARCH IN ASTRONOMY, INC.","ASSOCIATION OF UNIVERSITIES FOR RESEARCH IN ASTRONOMY, INC.",W1NBN156CYF9,W1NBN156CYF9,"ASSOCIATION OF UNIVERSITIES FOR RESEARCH IN ASTRONOMY, INC.",ASSOCIATION OF UNIVERSITIES FOR RESEARCH IN ASTRONOMY  INC.,USA,MD,BALTIMORE (CITY),BALTIMORE,MD-07,MD-07,212182410,UNITED STATES,MARYLAND,BALTIMORE CITY,MD-07,MD-07,212182410,,,AR45,"R&D- SPACE: OPERATIONS, TRACKING AND DATA ACQUISITION (OPERATIONAL SYSTEMS DEVELOPMENT)",541715,"RESEARCH AND DEVELOPMENT IN THE PHYSICAL, ENGINEERING, AND LIFE SCIENCES (EXCEPT NANOTECHNOLOGY AND BIOTECHNOLOGY)",,,https://www.usaspending.gov/award/CONT_AWD_80GSFC19C0054_8000_-NONE-_-NONE-/,2025-05-23
National Aeronautics and Space Administration,National Aeronautics and Space Administration,FY2025P07,,080,2024,2025,,0120,000,080-2024/2025-0120-000,"Science, National Aeronautics and Space Administration",National Aeronautics and Space Administration,,"General Science, Space, and Technology","Space flight, research, and supporting activities",080-0120,"Science, National Aeronautics and Space Administration",0001,SCIENCE (DIRECT),25.5,Research and development contracts,D,Q,Not Designated Nonemergency/Emergency/Disaster/Wildfire Suppression,,6725595.15,0.00,0.00,CONT_AWD_80GSFC19C0054_8000_-NONE-_-NONE-,80GSFC19C0054,,,,2019-07-01,2019,2025-09-08,2025,2019-07-01,2027-09-30,,D,DEFINITIVE CONTRACT,,,THIS CONTRACT IS FOR THE PRODUCTS AND SERVICES ASSOCIATED WITH THE DESIGN PHASE OF THE WIDE-FIELD INFRARED SURVEY TELESCOPE (WFIRST) SCIENCE OPERATIONS CENTER (SOC),080,NATIONAL AERONAUTICS AND SPACE ADMINISTRATION (NASA),8000,NATIONAL AERONAUTICS AND SPACE ADMINISTRATION,80GSFC,NASA GODDARD SPACE FLIGHT CENTER,080,NATIONAL AERONAUTICS AND SPACE ADMINISTRATION (NASA),8000,NATIONAL AERONAUTICS AND SPACE ADMINISTRATION,80GSFC,NASA GODDARD SPACE FLIGHT CENTER,W1NBN156CYF9,,"ASSOCIATION OF UNIVERSITIES FOR RESEARCH IN ASTRONOMY, INC.","ASSOCIATION OF UNIVERSITIES FOR RESEARCH IN ASTRONOMY, INC.",W1NBN156CYF9,W1NBN156CYF9,"ASSOCIATION OF UNIVERSITIES FOR RESEARCH IN ASTRONOMY, INC.",ASSOCIATION OF UNIVERSITIES FOR RESEARCH IN ASTRONOMY  INC.,USA,MD,BALTIMORE (CITY),BALTIMORE,MD-07,MD-07,212182410,UNITED STATES,MARYLAND,BALTIMORE CITY,MD-07,MD-07,212182410,,,AR45,"R&D- SPACE: OPERATIONS, TRACKING AND DATA ACQUISITION (OPERATIONAL SYSTEMS DEVELOPMENT)",541715,"RESEARCH AND DEVELOPMENT IN THE PHYSICAL, ENGINEERING, AND LIFE SCIENCES (EXCEPT NANOTECHNOLOGY AND BIOTECHNOLOGY)",,,https://www.usaspending.gov/award/CONT_AWD_80GSFC19C0054_8000_-NONE-_-NONE-/,2025-05-23
National Aeronautics and Space Administration,National Aeronautics and Space Administration,FY2025P08,,080,2025,2026,,0120,000,080-2025/2026-0120-000,"Science, National Aeronautics and Space Administration",National Aeronautics and Space Administration,,"General Science, Space, and Technology","Space flight, research, and supporting activities",080-0120,"Science, National Aeronautics and Space Administration",0001,SCIENCE (DIRECT),25.5,Research and development contracts,D,Q,Not Designated Nonemergency/Emergency/Disaster/Wildfire Suppression,,13965486.57,0.00,0.00,CONT_AWD_80GSFC19C0054_8000_-NONE-_-NONE-,80GSFC19C0054,,,,2019-07-01,2019,2025-09-08,2025,2019-07-01,2027-09-30,,D,DEFINITIVE CONTRACT,,,THIS CONTRACT IS FOR THE PRODUCTS AND SERVICES ASSOCIATED WITH THE DESIGN PHASE OF THE WIDE-FIELD INFRARED SURVEY TELESCOPE (WFIRST) SCIENCE OPERATIONS CENTER (SOC),080,NATIONAL AERONAUTICS AND SPACE ADMINISTRATION (NASA),8000,NATIONAL AERONAUTICS AND SPACE ADMINISTRATION,80GSFC,NASA GODDARD SPACE FLIGHT CENTER,080,NATIONAL AERONAUTICS AND SPACE ADMINISTRATION (NASA),8000,NATIONAL AERONAUTICS AND SPACE ADMINISTRATION,80GSFC,NASA GODDARD SPACE FLIGHT CENTER,W1NBN156CYF9,,"ASSOCIATION OF UNIVERSITIES FOR RESEARCH IN ASTRONOMY, INC.","ASSOCIATION OF UNIVERSITIES FOR RESEARCH IN ASTRONOMY, INC.",W1NBN156CYF9,W1NBN156CYF9,"ASSOCIATION OF UNIVERSITIES FOR RESEARCH IN ASTRONOMY, INC.",ASSOCIATION OF UNIVERSITIES FOR RESEARCH IN ASTRONOMY  INC.,USA,MD,BALTIMORE (CITY),BALTIMORE,MD-07,MD-07,212182410,UNITED STATES,MARYLAND,BALTIMORE CITY,MD-07,MD-07,212182410,,,AR45,"R&D- SPACE: OPERATIONS, TRACKING AND DATA ACQUISITION (OPERATIONAL SYSTEMS DEVELOPMENT)",541715,"RESEARCH AND DEVELOPMENT IN THE PHYSICAL, ENGINEERING, AND LIFE SCIENCES (EXCEPT NANOTECHNOLOGY AND BIOTECHNOLOGY)",,,https://www.usaspending.gov/award/CONT_AWD_80GSFC19C0054_8000_-NONE-_-NONE-/,2025-06-25
National Aeronautics and Space Administration,National Aeronautics and Space Administration,FY2025P08,,080,2025,2026,,0120,000,080-2025/2026-0120-000,"Science, National Aeronautics and Space Administration",National Aeronautics and Space Administration,,"General Science, Space, and Technology","Space flight, research, and supporting activities",080-0120,"Science, National Aeronautics and Space Administration",0001,SCIENCE (DIRECT),25.5,Research and development contracts,D,Q,Not Designated Nonemergency/Emergency/Disaster/Wildfire Suppression,3226286.00,,,,CONT_AWD_80GSFC19C0054_8000_-NONE-_-NONE-,80GSFC19C0054,,,,2019-07-01,2019,2025-09-08,2025,2019-07-01,2027-09-30,,D,DEFINITIVE CONTRACT,,,THIS CONTRACT IS FOR THE PRODUCTS AND SERVICES ASSOCIATED WITH THE DESIGN PHASE OF THE WIDE-FIELD INFRARED SURVEY TELESCOPE (WFIRST) SCIENCE OPERATIONS CENTER (SOC),080,NATIONAL AERONAUTICS AND SPACE ADMINISTRATION (NASA),8000,NATIONAL AERONAUTICS AND SPACE ADMINISTRATION,80GSFC,NASA GODDARD SPACE FLIGHT CENTER,080,NATIONAL AERONAUTICS AND SPACE ADMINISTRATION (NASA),8000,NATIONAL AERONAUTICS AND SPACE ADMINISTRATION,80GSFC,NASA GODDARD SPACE FLIGHT CENTER,W1NBN156CYF9,,"ASSOCIATION OF UNIVERSITIES FOR RESEARCH IN ASTRONOMY, INC.","ASSOCIATION OF UNIVERSITIES FOR RESEARCH IN ASTRONOMY, INC.",W1NBN156CYF9,W1NBN156CYF9,"ASSOCIATION OF UNIVERSITIES FOR RESEARCH IN ASTRONOMY, INC.",ASSOCIATION OF UNIVERSITIES FOR RESEARCH IN ASTRONOMY  INC.,USA,MD,BALTIMORE (CITY),BALTIMORE,MD-07,MD-07,212182410,UNITED STATES,MARYLAND,BALTIMORE CITY,MD-07,MD-07,212182410,,,AR45,"R&D- SPACE: OPERATIONS, TRACKING AND DATA ACQUISITION (OPERATIONAL SYSTEMS DEVELOPMENT)",541715,"RESEARCH AND DEVELOPMENT IN THE PHYSICAL, ENGINEERING, AND LIFE SCIENCES (EXCEPT NANOTECHNOLOGY AND BIOTECHNOLOGY)",,,https://www.usaspending.gov/award/CONT_AWD_80GSFC19C0054_8000_-NONE-_-NONE-/,2025-06-25
National Aeronautics and Space Administration,National Aeronautics and Space Administration,FY2025P08,,080,2024,2025,,0120,000,080-2024/2025-0120-000,"Science, National Aeronautics and Space Administration",National Aeronautics and Space Administration,,"General Science, Space, and Technology","Space flight, research, and supporting activities",080-0120,"Science, National Aeronautics and Space Administration",0001,SCIENCE (DIRECT),25.5,Research and development contracts,D,Q,Not Designated Nonemergency/Emergency/Disaster/Wildfire Suppression,,6725595.15,0.00,0.00,CONT_AWD_80GSFC19C0054_8000_-NONE-_-NONE-,80GSFC19C0054,,,,2019-07-01,2019,2025-09-08,2025,2019-07-01,2027-09-30,,D,DEFINITIVE CONTRACT,,,THIS CONTRACT IS FOR THE PRODUCTS AND SERVICES ASSOCIATED WITH THE DESIGN PHASE OF THE WIDE-FIELD INFRARED SURVEY TELESCOPE (WFIRST) SCIENCE OPERATIONS CENTER (SOC),080,NATIONAL AERONAUTICS AND SPACE ADMINISTRATION (NASA),8000,NATIONAL AERONAUTICS AND SPACE ADMINISTRATION,80GSFC,NASA GODDARD SPACE FLIGHT CENTER,080,NATIONAL AERONAUTICS AND SPACE ADMINISTRATION (NASA),8000,NATIONAL AERONAUTICS AND SPACE ADMINISTRATION,80GSFC,NASA GODDARD SPACE FLIGHT CENTER,W1NBN156CYF9,,"ASSOCIATION OF UNIVERSITIES FOR RESEARCH IN ASTRONOMY, INC.","ASSOCIATION OF UNIVERSITIES FOR RESEARCH IN ASTRONOMY, INC.",W1NBN156CYF9,W1NBN156CYF9,"ASSOCIATION OF UNIVERSITIES FOR RESEARCH IN ASTRONOMY, INC.",ASSOCIATION OF UNIVERSITIES FOR RESEARCH IN ASTRONOMY  INC.,USA,MD,BALTIMORE (CITY),BALTIMORE,MD-07,MD-07,212182410,UNITED STATES,MARYLAND,BALTIMORE CITY,MD-07,MD-07,212182410,,,AR45,"R&D- SPACE: OPERATIONS, TRACKING AND DATA ACQUISITION (OPERATIONAL SYSTEMS DEVELOPMENT)",541715,"RESEARCH AND DEVELOPMENT IN THE PHYSICAL, ENGINEERING, AND LIFE SCIENCES (EXCEPT NANOTECHNOLOGY AND BIOTECHNOLOGY)",,,https://www.usaspending.gov/award/CONT_AWD_80GSFC19C0054_8000_-NONE-_-NONE-/,2025-06-25
National Aeronautics and Space Administration,National Aeronautics and Space Administration,FY2025P08,,080,2024,2025,,0120,000,080-2024/2025-0120-000,"Science, National Aeronautics and Space Administration",National Aeronautics and Space Administration,,"General Science, Space, and Technology","Space flight, research, and supporting activities",080-0120,"Science, National Aeronautics and Space Administration",0001,SCIENCE (DIRECT),25.5,Research and development contracts,D,Q,Not Designated Nonemergency/Emergency/Disaster/Wildfire Suppression,1394000.00,,,,CONT_AWD_80GSFC19C0054_8000_-NONE-_-NONE-,80GSFC19C0054,,,,2019-07-01,2019,2025-09-08,2025,2019-07-01,2027-09-30,,D,DEFINITIVE CONTRACT,,,THIS CONTRACT IS FOR THE PRODUCTS AND SERVICES ASSOCIATED WITH THE DESIGN PHASE OF THE WIDE-FIELD INFRARED SURVEY TELESCOPE (WFIRST) SCIENCE OPERATIONS CENTER (SOC),080,NATIONAL AERONAUTICS AND SPACE ADMINISTRATION (NASA),8000,NATIONAL AERONAUTICS AND SPACE ADMINISTRATION,80GSFC,NASA GODDARD SPACE FLIGHT CENTER,080,NATIONAL AERONAUTICS AND SPACE ADMINISTRATION (NASA),8000,NATIONAL AERONAUTICS AND SPACE ADMINISTRATION,80GSFC,NASA GODDARD SPACE FLIGHT CENTER,W1NBN156CYF9,,"ASSOCIATION OF UNIVERSITIES FOR RESEARCH IN ASTRONOMY, INC.","ASSOCIATION OF UNIVERSITIES FOR RESEARCH IN ASTRONOMY, INC.",W1NBN156CYF9,W1NBN156CYF9,"ASSOCIATION OF UNIVERSITIES FOR RESEARCH IN ASTRONOMY, INC.",ASSOCIATION OF UNIVERSITIES FOR RESEARCH IN ASTRONOMY  INC.,USA,MD,BALTIMORE (CITY),BALTIMORE,MD-07,MD-07,212182410,UNITED STATES,MARYLAND,BALTIMORE CITY,MD-07,MD-07,212182410,,,AR45,"R&D- SPACE: OPERATIONS, TRACKING AND DATA ACQUISITION (OPERATIONAL SYSTEMS DEVELOPMENT)",541715,"RESEARCH AND DEVELOPMENT IN THE PHYSICAL, ENGINEERING, AND LIFE SCIENCES (EXCEPT NANOTECHNOLOGY AND BIOTECHNOLOGY)",,,https://www.usaspending.gov/award/CONT_AWD_80GSFC19C0054_8000_-NONE-_-NONE-/,2025-06-25
National Aeronautics and Space Administration,National Aeronautics and Space Administration,FY2025P09,,080,2025,2026,,0120,000,080-2025/2026-0120-000,"Science, National Aeronautics and Space Administration",National Aeronautics and Space Administration,,"General Science, Space, and Technology","Space flight, research, and supporting activities",080-0120,"Science, National Aeronautics and Space Administration",0001,SCIENCE (DIRECT),25.5,Research and development contracts,D,Q,Not Designated Nonemergency/Emergency/Disaster/Wildfire Suppression,,9585708.11,0.00,0.00,CONT_AWD_80GSFC19C0054_8000_-NONE-_-NONE-,80GSFC19C0054,,,,2019-07-01,2019,2025-09-08,2025,2019-07-01,2027-09-30,,D,DEFINITIVE CONTRACT,,,THIS CONTRACT IS FOR THE PRODUCTS AND SERVICES ASSOCIATED WITH THE DESIGN PHASE OF THE WIDE-FIELD INFRARED SURVEY TELESCOPE (WFIRST) SCIENCE OPERATIONS CENTER (SOC),080,NATIONAL AERONAUTICS AND SPACE ADMINISTRATION (NASA),8000,NATIONAL AERONAUTICS AND SPACE ADMINISTRATION,80GSFC,NASA GODDARD SPACE FLIGHT CENTER,080,NATIONAL AERONAUTICS AND SPACE ADMINISTRATION (NASA),8000,NATIONAL AERONAUTICS AND SPACE ADMINISTRATION,80GSFC,NASA GODDARD SPACE FLIGHT CENTER,W1NBN156CYF9,,"ASSOCIATION OF UNIVERSITIES FOR RESEARCH IN ASTRONOMY, INC.","ASSOCIATION OF UNIVERSITIES FOR RESEARCH IN ASTRONOMY, INC.",W1NBN156CYF9,W1NBN156CYF9,"ASSOCIATION OF UNIVERSITIES FOR RESEARCH IN ASTRONOMY, INC.",ASSOCIATION OF UNIVERSITIES FOR RESEARCH IN ASTRONOMY  INC.,USA,MD,BALTIMORE (CITY),BALTIMORE,MD-07,MD-07,212182410,UNITED STATES,MARYLAND,BALTIMORE CITY,MD-07,MD-07,212182410,,,AR45,"R&D- SPACE: OPERATIONS, TRACKING AND DATA ACQUISITION (OPERATIONAL SYSTEMS DEVELOPMENT)",541715,"RESEARCH AND DEVELOPMENT IN THE PHYSICAL, ENGINEERING, AND LIFE SCIENCES (EXCEPT NANOTECHNOLOGY AND BIOTECHNOLOGY)",,,https://www.usaspending.gov/award/CONT_AWD_80GSFC19C0054_8000_-NONE-_-NONE-/,2025-07-31
National Aeronautics and Space Administration,National Aeronautics and Space Administration,FY2025P09,,080,2024,2025,,0120,000,080-2024/2025-0120-000,"Science, National Aeronautics and Space Administration",National Aeronautics and Space Administration,,"General Science, Space, and Technology","Space flight, research, and supporting activities",080-0120,"Science, National Aeronautics and Space Administration",0001,SCIENCE (DIRECT),25.5,Research and development contracts,D,Q,Not Designated Nonemergency/Emergency/Disaster/Wildfire Suppression,2400000.00,,,,CONT_AWD_80GSFC19C0054_8000_-NONE-_-NONE-,80GSFC19C0054,,,,2019-07-01,2019,2025-09-08,2025,2019-07-01,2027-09-30,,D,DEFINITIVE CONTRACT,,,THIS CONTRACT IS FOR THE PRODUCTS AND SERVICES ASSOCIATED WITH THE DESIGN PHASE OF THE WIDE-FIELD INFRARED SURVEY TELESCOPE (WFIRST) SCIENCE OPERATIONS CENTER (SOC),080,NATIONAL AERONAUTICS AND SPACE ADMINISTRATION (NASA),8000,NATIONAL AERONAUTICS AND SPACE ADMINISTRATION,80GSFC,NASA GODDARD SPACE FLIGHT CENTER,080,NATIONAL AERONAUTICS AND SPACE ADMINISTRATION (NASA),8000,NATIONAL AERONAUTICS AND SPACE ADMINISTRATION,80GSFC,NASA GODDARD SPACE FLIGHT CENTER,W1NBN156CYF9,,"ASSOCIATION OF UNIVERSITIES FOR RESEARCH IN ASTRONOMY, INC.","ASSOCIATION OF UNIVERSITIES FOR RESEARCH IN ASTRONOMY, INC.",W1NBN156CYF9,W1NBN156CYF9,"ASSOCIATION OF UNIVERSITIES FOR RESEARCH IN ASTRONOMY, INC.",ASSOCIATION OF UNIVERSITIES FOR RESEARCH IN ASTRONOMY  INC.,USA,MD,BALTIMORE (CITY),BALTIMORE,MD-07,MD-07,212182410,UNITED STATES,MARYLAND,BALTIMORE CITY,MD-07,MD-07,212182410,,,AR45,"R&D- SPACE: OPERATIONS, TRACKING AND DATA ACQUISITION (OPERATIONAL SYSTEMS DEVELOPMENT)",541715,"RESEARCH AND DEVELOPMENT IN THE PHYSICAL, ENGINEERING, AND LIFE SCIENCES (EXCEPT NANOTECHNOLOGY AND BIOTECHNOLOGY)",,,https://www.usaspending.gov/award/CONT_AWD_80GSFC19C0054_8000_-NONE-_-NONE-/,2025-07-31
National Aeronautics and Space Administration,National Aeronautics and Space Administration,FY2025P09,,080,2024,2025,,0120,000,080-2024/2025-0120-000,"Science, National Aeronautics and Space Administration",National Aeronautics and Space Administration,,"General Science, Space, and Technology","Space flight, research, and supporting activities",080-0120,"Science, National Aeronautics and Space Administration",0001,SCIENCE (DIRECT),25.5,Research and development contracts,D,Q,Not Designated Nonemergency/Emergency/Disaster/Wildfire Suppression,4135000.00,,,,CONT_AWD_80GSFC19C0054_8000_-NONE-_-NONE-,80GSFC19C0054,,,,2019-07-01,2019,2025-09-08,2025,2019-07-01,2027-09-30,,D,DEFINITIVE CONTRACT,,,THIS CONTRACT IS FOR THE PRODUCTS AND SERVICES ASSOCIATED WITH THE DESIGN PHASE OF THE WIDE-FIELD INFRARED SURVEY TELESCOPE (WFIRST) SCIENCE OPERATIONS CENTER (SOC),080,NATIONAL AERONAUTICS AND SPACE ADMINISTRATION (NASA),8000,NATIONAL AERONAUTICS AND SPACE ADMINISTRATION,80GSFC,NASA GODDARD SPACE FLIGHT CENTER,080,NATIONAL AERONAUTICS AND SPACE ADMINISTRATION (NASA),8000,NATIONAL AERONAUTICS AND SPACE ADMINISTRATION,80GSFC,NASA GODDARD SPACE FLIGHT CENTER,W1NBN156CYF9,,"ASSOCIATION OF UNIVERSITIES FOR RESEARCH IN ASTRONOMY, INC.","ASSOCIATION OF UNIVERSITIES FOR RESEARCH IN ASTRONOMY, INC.",W1NBN156CYF9,W1NBN156CYF9,"ASSOCIATION OF UNIVERSITIES FOR RESEARCH IN ASTRONOMY, INC.",ASSOCIATION OF UNIVERSITIES FOR RESEARCH IN ASTRONOMY  INC.,USA,MD,BALTIMORE (CITY),BALTIMORE,MD-07,MD-07,212182410,UNITED STATES,MARYLAND,BALTIMORE CITY,MD-07,MD-07,212182410,,,AR45,"R&D- SPACE: OPERATIONS, TRACKING AND DATA ACQUISITION (OPERATIONAL SYSTEMS DEVELOPMENT)",541715,"RESEARCH AND DEVELOPMENT IN THE PHYSICAL, ENGINEERING, AND LIFE SCIENCES (EXCEPT NANOTECHNOLOGY AND BIOTECHNOLOGY)",,,https://www.usaspending.gov/award/CONT_AWD_80GSFC19C0054_8000_-NONE-_-NONE-/,2025-07-31
National Aeronautics and Space Administration,National Aeronautics and Space Administration,FY2025P09,,080,2024,2025,,0120,000,080-2024/2025-0120-000,"Science, National Aeronautics and Space Administration",National Aeronautics and Space Administration,,"General Science, Space, and Technology","Space flight, research, and supporting activities",080-0120,"Science, National Aeronautics and Space Administration",0001,SCIENCE (DIRECT),25.5,Research and development contracts,D,Q,Not Designated Nonemergency/Emergency/Disaster/Wildfire Suppression,,14654595.15,0.00,0.00,CONT_AWD_80GSFC19C0054_8000_-NONE-_-NONE-,80GSFC19C0054,,,,2019-07-01,2019,2025-09-08,2025,2019-07-01,2027-09-30,,D,DEFINITIVE CONTRACT,,,THIS CONTRACT IS FOR THE PRODUCTS AND SERVICES ASSOCIATED WITH THE DESIGN PHASE OF THE WIDE-FIELD INFRARED SURVEY TELESCOPE (WFIRST) SCIENCE OPERATIONS CENTER (SOC),080,NATIONAL AERONAUTICS AND SPACE ADMINISTRATION (NASA),8000,NATIONAL AERONAUTICS AND SPACE ADMINISTRATION,80GSFC,NASA GODDARD SPACE FLIGHT CENTER,080,NATIONAL AERONAUTICS AND SPACE ADMINISTRATION (NASA),8000,NATIONAL AERONAUTICS AND SPACE ADMINISTRATION,80GSFC,NASA GODDARD SPACE FLIGHT CENTER,W1NBN156CYF9,,"ASSOCIATION OF UNIVERSITIES FOR RESEARCH IN ASTRONOMY, INC.","ASSOCIATION OF UNIVERSITIES FOR RESEARCH IN ASTRONOMY, INC.",W1NBN156CYF9,W1NBN156CYF9,"ASSOCIATION OF UNIVERSITIES FOR RESEARCH IN ASTRONOMY, INC.",ASSOCIATION OF UNIVERSITIES FOR RESEARCH IN ASTRONOMY  INC.,USA,MD,BALTIMORE (CITY),BALTIMORE,MD-07,MD-07,212182410,UNITED STATES,MARYLAND,BALTIMORE CITY,MD-07,MD-07,212182410,,,AR45,"R&D- SPACE: OPERATIONS, TRACKING AND DATA ACQUISITION (OPERATIONAL SYSTEMS DEVELOPMENT)",541715,"RESEARCH AND DEVELOPMENT IN THE PHYSICAL, ENGINEERING, AND LIFE SCIENCES (EXCEPT NANOTECHNOLOGY AND BIOTECHNOLOGY)",,,https://www.usaspending.gov/award/CONT_AWD_80GSFC19C0054_8000_-NONE-_-NONE-/,2025-07-31
National Aeronautics and Space Administration,National Aeronautics and Space Administration,FY2025P10,,080,2024,2025,,0120,000,080-2024/2025-0120-000,"Science, National Aeronautics and Space Administration",National Aeronautics and Space Administration,,"General Science, Space, and Technology","Space flight, research, and supporting activities",080-0120,"Science, National Aeronautics and Space Administration",0001,SCIENCE (DIRECT),25.5,Research and development contracts,D,Q,Not Designated Nonemergency/Emergency/Disaster/Wildfire Suppression,,14654595.15,0.00,0.00,CONT_AWD_80GSFC19C0054_8000_-NONE-_-NONE-,80GSFC19C0054,,,,2019-07-01,2019,2025-09-08,2025,2019-07-01,2027-09-30,,D,DEFINITIVE CONTRACT,,,THIS CONTRACT IS FOR THE PRODUCTS AND SERVICES ASSOCIATED WITH THE DESIGN PHASE OF THE WIDE-FIELD INFRARED SURVEY TELESCOPE (WFIRST) SCIENCE OPERATIONS CENTER (SOC),080,NATIONAL AERONAUTICS AND SPACE ADMINISTRATION (NASA),8000,NATIONAL AERONAUTICS AND SPACE ADMINISTRATION,80GSFC,NASA GODDARD SPACE FLIGHT CENTER,080,NATIONAL AERONAUTICS AND SPACE ADMINISTRATION (NASA),8000,NATIONAL AERONAUTICS AND SPACE ADMINISTRATION,80GSFC,NASA GODDARD SPACE FLIGHT CENTER,W1NBN156CYF9,,"ASSOCIATION OF UNIVERSITIES FOR RESEARCH IN ASTRONOMY, INC.","ASSOCIATION OF UNIVERSITIES FOR RESEARCH IN ASTRONOMY, INC.",W1NBN156CYF9,W1NBN156CYF9,"ASSOCIATION OF UNIVERSITIES FOR RESEARCH IN ASTRONOMY, INC.",ASSOCIATION OF UNIVERSITIES FOR RESEARCH IN ASTRONOMY  INC.,USA,MD,BALTIMORE (CITY),BALTIMORE,MD-07,MD-07,212182410,UNITED STATES,MARYLAND,BALTIMORE CITY,MD-07,MD-07,212182410,,,AR45,"R&D- SPACE: OPERATIONS, TRACKING AND DATA ACQUISITION (OPERATIONAL SYSTEMS DEVELOPMENT)",541715,"RESEARCH AND DEVELOPMENT IN THE PHYSICAL, ENGINEERING, AND LIFE SCIENCES (EXCEPT NANOTECHNOLOGY AND BIOTECHNOLOGY)",,,https://www.usaspending.gov/award/CONT_AWD_80GSFC19C0054_8000_-NONE-_-NONE-/,2025-09-12
National Aeronautics and Space Administration,National Aeronautics and Space Administration,FY2025P10,,080,2025,2026,,0120,000,080-2025/2026-0120-000,"Science, National Aeronautics and Space Administration",National Aeronautics and Space Administration,,"General Science, Space, and Technology","Space flight, research, and supporting activities",080-0120,"Science, National Aeronautics and Space Administration",0001,SCIENCE (DIRECT),25.5,Research and development contracts,D,Q,Not Designated Nonemergency/Emergency/Disaster/Wildfire Suppression,,12641422.25,0.00,0.00,CONT_AWD_80GSFC19C0054_8000_-NONE-_-NONE-,80GSFC19C0054,,,,2019-07-01,2019,2025-09-08,2025,2019-07-01,2027-09-30,,D,DEFINITIVE CONTRACT,,,THIS CONTRACT IS FOR THE PRODUCTS AND SERVICES ASSOCIATED WITH THE DESIGN PHASE OF THE WIDE-FIELD INFRARED SURVEY TELESCOPE (WFIRST) SCIENCE OPERATIONS CENTER (SOC),080,NATIONAL AERONAUTICS AND SPACE ADMINISTRATION (NASA),8000,NATIONAL AERONAUTICS AND SPACE ADMINISTRATION,80GSFC,NASA GODDARD SPACE FLIGHT CENTER,080,NATIONAL AERONAUTICS AND SPACE ADMINISTRATION (NASA),8000,NATIONAL AERONAUTICS AND SPACE ADMINISTRATION,80GSFC,NASA GODDARD SPACE FLIGHT CENTER,W1NBN156CYF9,,"ASSOCIATION OF UNIVERSITIES FOR RESEARCH IN ASTRONOMY, INC.","ASSOCIATION OF UNIVERSITIES FOR RESEARCH IN ASTRONOMY, INC.",W1NBN156CYF9,W1NBN156CYF9,"ASSOCIATION OF UNIVERSITIES FOR RESEARCH IN ASTRONOMY, INC.",ASSOCIATION OF UNIVERSITIES FOR RESEARCH IN ASTRONOMY  INC.,USA,MD,BALTIMORE (CITY),BALTIMORE,MD-07,MD-07,212182410,UNITED STATES,MARYLAND,BALTIMORE CITY,MD-07,MD-07,212182410,,,AR45,"R&D- SPACE: OPERATIONS, TRACKING AND DATA ACQUISITION (OPERATIONAL SYSTEMS DEVELOPMENT)",541715,"RESEARCH AND DEVELOPMENT IN THE PHYSICAL, ENGINEERING, AND LIFE SCIENCES (EXCEPT NANOTECHNOLOGY AND BIOTECHNOLOGY)",,,https://www.usaspending.gov/award/CONT_AWD_80GSFC19C0054_8000_-NONE-_-NONE-/,2025-09-12
National Aeronautics and Space Administration,National Aeronautics and Space Administration,FY2025P11,,080,2025,2026,,0120,000,080-2025/2026-0120-000,"Science, National Aeronautics and Space Administration",National Aeronautics and Space Administration,,"General Science, Space, and Technology","Space flight, research, and supporting activities",080-0120,"Science, National Aeronautics and Space Administration",0001,SCIENCE (DIRECT),25.5,Research and development contracts,D,Q,Not Designated Nonemergency/Emergency/Disaster/Wildfire Suppression,,16212142.10,0.00,0.00,CONT_AWD_80GSFC19C0054_8000_-NONE-_-NONE-,80GSFC19C0054,,,,2019-07-01,2019,2025-09-08,2025,2019-07-01,2027-09-30,,D,DEFINITIVE CONTRACT,,,THIS CONTRACT IS FOR THE PRODUCTS AND SERVICES ASSOCIATED WITH THE DESIGN PHASE OF THE WIDE-FIELD INFRARED SURVEY TELESCOPE (WFIRST) SCIENCE OPERATIONS CENTER (SOC),080,NATIONAL AERONAUTICS AND SPACE ADMINISTRATION (NASA),8000,NATIONAL AERONAUTICS AND SPACE ADMINISTRATION,80GSFC,NASA GODDARD SPACE FLIGHT CENTER,080,NATIONAL AERONAUTICS AND SPACE ADMINISTRATION (NASA),8000,NATIONAL AERONAUTICS AND SPACE ADMINISTRATION,80GSFC,NASA GODDARD SPACE FLIGHT CENTER,W1NBN156CYF9,,"ASSOCIATION OF UNIVERSITIES FOR RESEARCH IN ASTRONOMY, INC.","ASSOCIATION OF UNIVERSITIES FOR RESEARCH IN ASTRONOMY, INC.",W1NBN156CYF9,W1NBN156CYF9,"ASSOCIATION OF UNIVERSITIES FOR RESEARCH IN ASTRONOMY, INC.",ASSOCIATION OF UNIVERSITIES FOR RESEARCH IN ASTRONOMY  INC.,USA,MD,BALTIMORE (CITY),BALTIMORE,MD-07,MD-07,212182410,UNITED STATES,MARYLAND,BALTIMORE CITY,MD-07,MD-07,212182410,,,AR45,"R&D- SPACE: OPERATIONS, TRACKING AND DATA ACQUISITION (OPERATIONAL SYSTEMS DEVELOPMENT)",541715,"RESEARCH AND DEVELOPMENT IN THE PHYSICAL, ENGINEERING, AND LIFE SCIENCES (EXCEPT NANOTECHNOLOGY AND BIOTECHNOLOGY)",,,https://www.usaspending.gov/award/CONT_AWD_80GSFC19C0054_8000_-NONE-_-NONE-/,2025-09-29
National Aeronautics and Space Administration,National Aeronautics and Space Administration,FY2025P11,,080,2025,2026,,0120,000,080-2025/2026-0120-000,"Science, National Aeronautics and Space Administration",National Aeronautics and Space Administration,,"General Science, Space, and Technology","Space flight, research, and supporting activities",080-0120,"Science, National Aeronautics and Space Administration",0001,SCIENCE (DIRECT),25.5,Research and development contracts,D,Q,Not Designated Nonemergency/Emergency/Disaster/Wildfire Suppression,7745500.00,,,,CONT_AWD_80GSFC19C0054_8000_-NONE-_-NONE-,80GSFC19C0054,,,,2019-07-01,2019,2025-09-08,2025,2019-07-01,2027-09-30,,D,DEFINITIVE CONTRACT,,,THIS CONTRACT IS FOR THE PRODUCTS AND SERVICES ASSOCIATED WITH THE DESIGN PHASE OF THE WIDE-FIELD INFRARED SURVEY TELESCOPE (WFIRST) SCIENCE OPERATIONS CENTER (SOC),080,NATIONAL AERONAUTICS AND SPACE ADMINISTRATION (NASA),8000,NATIONAL AERONAUTICS AND SPACE ADMINISTRATION,80GSFC,NASA GODDARD SPACE FLIGHT CENTER,080,NATIONAL AERONAUTICS AND SPACE ADMINISTRATION (NASA),8000,NATIONAL AERONAUTICS AND SPACE ADMINISTRATION,80GSFC,NASA GODDARD SPACE FLIGHT CENTER,W1NBN156CYF9,,"ASSOCIATION OF UNIVERSITIES FOR RESEARCH IN ASTRONOMY, INC.","ASSOCIATION OF UNIVERSITIES FOR RESEARCH IN ASTRONOMY, INC.",W1NBN156CYF9,W1NBN156CYF9,"ASSOCIATION OF UNIVERSITIES FOR RESEARCH IN ASTRONOMY, INC.",ASSOCIATION OF UNIVERSITIES FOR RESEARCH IN ASTRONOMY  INC.,USA,MD,BALTIMORE (CITY),BALTIMORE,MD-07,MD-07,212182410,UNITED STATES,MARYLAND,BALTIMORE CITY,MD-07,MD-07,212182410,,,AR45,"R&D- SPACE: OPERATIONS, TRACKING AND DATA ACQUISITION (OPERATIONAL SYSTEMS DEVELOPMENT)",541715,"RESEARCH AND DEVELOPMENT IN THE PHYSICAL, ENGINEERING, AND LIFE SCIENCES (EXCEPT NANOTECHNOLOGY AND BIOTECHNOLOGY)",,,https://www.usaspending.gov/award/CONT_AWD_80GSFC19C0054_8000_-NONE-_-NONE-/,2025-09-29
National Aeronautics and Space Administration,National Aeronautics and Space Administration,FY2025P11,,080,2024,2025,,0120,000,080-2024/2025-0120-000,"Science, National Aeronautics and Space Administration",National Aeronautics and Space Administration,,"General Science, Space, and Technology","Space flight, research, and supporting activities",080-0120,"Science, National Aeronautics and Space Administration",0001,SCIENCE (DIRECT),25.5,Research and development contracts,D,Q,Not Designated Nonemergency/Emergency/Disaster/Wildfire Suppression,,14654595.15,0.00,0.00,CONT_AWD_80GSFC19C0054_8000_-NONE-_-NONE-,80GSFC19C0054,,,,2019-07-01,2019,2025-09-08,2025,2019-07-01,2027-09-30,,D,DEFINITIVE CONTRACT,,,THIS CONTRACT IS FOR THE PRODUCTS AND SERVICES ASSOCIATED WITH THE DESIGN PHASE OF THE WIDE-FIELD INFRARED SURVEY TELESCOPE (WFIRST) SCIENCE OPERATIONS CENTER (SOC),080,NATIONAL AERONAUTICS AND SPACE ADMINISTRATION (NASA),8000,NATIONAL AERONAUTICS AND SPACE ADMINISTRATION,80GSFC,NASA GODDARD SPACE FLIGHT CENTER,080,NATIONAL AERONAUTICS AND SPACE ADMINISTRATION (NASA),8000,NATIONAL AERONAUTICS AND SPACE ADMINISTRATION,80GSFC,NASA GODDARD SPACE FLIGHT CENTER,W1NBN156CYF9,,"ASSOCIATION OF UNIVERSITIES FOR RESEARCH IN ASTRONOMY, INC.","ASSOCIATION OF UNIVERSITIES FOR RESEARCH IN ASTRONOMY, INC.",W1NBN156CYF9,W1NBN156CYF9,"ASSOCIATION OF UNIVERSITIES FOR RESEARCH IN ASTRONOMY, INC.",ASSOCIATION OF UNIVERSITIES FOR RESEARCH IN ASTRONOMY  INC.,USA,MD,BALTIMORE (CITY),BALTIMORE,MD-07,MD-07,212182410,UNITED STATES,MARYLAND,BALTIMORE CITY,MD-07,MD-07,212182410,,,AR45,"R&D- SPACE: OPERATIONS, TRACKING AND DATA ACQUISITION (OPERATIONAL SYSTEMS DEVELOPMENT)",541715,"RESEARCH AND DEVELOPMENT IN THE PHYSICAL, ENGINEERING, AND LIFE SCIENCES (EXCEPT NANOTECHNOLOGY AND BIOTECHNOLOGY)",,,https://www.usaspending.gov/award/CONT_AWD_80GSFC19C0054_8000_-NONE-_-NONE-/,2025-09-29
National Aeronautics and Space Administration,National Aeronautics and Space Administration,FY2025P12,,080,2025,2026,,0120,000,080-2025/2026-0120-000,"Science, National Aeronautics and Space Administration",National Aeronautics and Space Administration,,"General Science, Space, and Technology","Space flight, research, and supporting activities",080-0120,"Science, National Aeronautics and Space Administration",0001,SCIENCE (DIRECT),25.5,Research and development contracts,D,Q,Not Designated Nonemergency/Emergency/Disaster/Wildfire Suppression,,19202688.67,0.00,0.00,CONT_AWD_80GSFC19C0054_8000_-NONE-_-NONE-,80GSFC19C0054,,,,2019-07-01,2019,2025-09-08,2025,2019-07-01,2027-09-30,,D,DEFINITIVE CONTRACT,,,THIS CONTRACT IS FOR THE PRODUCTS AND SERVICES ASSOCIATED WITH THE DESIGN PHASE OF THE WIDE-FIELD INFRARED SURVEY TELESCOPE (WFIRST) SCIENCE OPERATIONS CENTER (SOC),080,NATIONAL AERONAUTICS AND SPACE ADMINISTRATION (NASA),8000,NATIONAL AERONAUTICS AND SPACE ADMINISTRATION,80GSFC,NASA GODDARD SPACE FLIGHT CENTER,080,NATIONAL AERONAUTICS AND SPACE ADMINISTRATION (NASA),8000,NATIONAL AERONAUTICS AND SPACE ADMINISTRATION,80GSFC,NASA GODDARD SPACE FLIGHT CENTER,W1NBN156CYF9,,"ASSOCIATION OF UNIVERSITIES FOR RESEARCH IN ASTRONOMY, INC.","ASSOCIATION OF UNIVERSITIES FOR RESEARCH IN ASTRONOMY, INC.",W1NBN156CYF9,W1NBN156CYF9,"ASSOCIATION OF UNIVERSITIES FOR RESEARCH IN ASTRONOMY, INC.",ASSOCIATION OF UNIVERSITIES FOR RESEARCH IN ASTRONOMY  INC.,USA,MD,BALTIMORE (CITY),BALTIMORE,MD-07,MD-07,212182410,UNITED STATES,MARYLAND,BALTIMORE CITY,MD-07,MD-07,212182410,,,AR45,"R&D- SPACE: OPERATIONS, TRACKING AND DATA ACQUISITION (OPERATIONAL SYSTEMS DEVELOPMENT)",541715,"RESEARCH AND DEVELOPMENT IN THE PHYSICAL, ENGINEERING, AND LIFE SCIENCES (EXCEPT NANOTECHNOLOGY AND BIOTECHNOLOGY)",,,https://www.usaspending.gov/award/CONT_AWD_80GSFC19C0054_8000_-NONE-_-NONE-/,2025-12-29
National Aeronautics and Space Administration,National Aeronautics and Space Administration,FY2025P12,,080,2025,2026,,0120,000,080-2025/2026-0120-000,"Science, National Aeronautics and Space Administration",National Aeronautics and Space Administration,,"General Science, Space, and Technology","Space flight, research, and supporting activities",080-0120,"Science, National Aeronautics and Space Administration",0001,SCIENCE (DIRECT),25.5,Research and development contracts,D,Q,Not Designated Nonemergency/Emergency/Disaster/Wildfire Suppression,36547123.00,,,,CONT_AWD_80GSFC19C0054_8000_-NONE-_-NONE-,80GSFC19C0054,,,,2019-07-01,2019,2025-09-08,2025,2019-07-01,2027-09-30,,D,DEFINITIVE CONTRACT,,,THIS CONTRACT IS FOR THE PRODUCTS AND SERVICES ASSOCIATED WITH THE DESIGN PHASE OF THE WIDE-FIELD INFRARED SURVEY TELESCOPE (WFIRST) SCIENCE OPERATIONS CENTER (SOC),080,NATIONAL AERONAUTICS AND SPACE ADMINISTRATION (NASA),8000,NATIONAL AERONAUTICS AND SPACE ADMINISTRATION,80GSFC,NASA GODDARD SPACE FLIGHT CENTER,080,NATIONAL AERONAUTICS AND SPACE ADMINISTRATION (NASA),8000,NATIONAL AERONAUTICS AND SPACE ADMINISTRATION,80GSFC,NASA GODDARD SPACE FLIGHT CENTER,W1NBN156CYF9,,"ASSOCIATION OF UNIVERSITIES FOR RESEARCH IN ASTRONOMY, INC.","ASSOCIATION OF UNIVERSITIES FOR RESEARCH IN ASTRONOMY, INC.",W1NBN156CYF9,W1NBN156CYF9,"ASSOCIATION OF UNIVERSITIES FOR RESEARCH IN ASTRONOMY, INC.",ASSOCIATION OF UNIVERSITIES FOR RESEARCH IN ASTRONOMY  INC.,USA,MD,BALTIMORE (CITY),BALTIMORE,MD-07,MD-07,212182410,UNITED STATES,MARYLAND,BALTIMORE CITY,MD-07,MD-07,212182410,,,AR45,"R&D- SPACE: OPERATIONS, TRACKING AND DATA ACQUISITION (OPERATIONAL SYSTEMS DEVELOPMENT)",541715,"RESEARCH AND DEVELOPMENT IN THE PHYSICAL, ENGINEERING, AND LIFE SCIENCES (EXCEPT NANOTECHNOLOGY AND BIOTECHNOLOGY)",,,https://www.usaspending.gov/award/CONT_AWD_80GSFC19C0054_8000_-NONE-_-NONE-/,2025-12-29
National Aeronautics and Space Administration,National Aeronautics and Space Administration,FY2025P12,,080,2024,2025,,0120,000,080-2024/2025-0120-000,"Science, National Aeronautics and Space Administration",National Aeronautics and Space Administration,,"General Science, Space, and Technology","Space flight, research, and supporting activities",080-0120,"Science, National Aeronautics and Space Administration",0001,SCIENCE (DIRECT),25.5,Research and development contracts,D,Q,Not Designated Nonemergency/Emergency/Disaster/Wildfire Suppression,,14654595.15,0.00,0.00,CONT_AWD_80GSFC19C0054_8000_-NONE-_-NONE-,80GSFC19C0054,,,,2019-07-01,2019,2025-09-08,2025,2019-07-01,2027-09-30,,D,DEFINITIVE CONTRACT,,,THIS CONTRACT IS FOR THE PRODUCTS AND SERVICES ASSOCIATED WITH THE DESIGN PHASE OF THE WIDE-FIELD INFRARED SURVEY TELESCOPE (WFIRST) SCIENCE OPERATIONS CENTER (SOC),080,NATIONAL AERONAUTICS AND SPACE ADMINISTRATION (NASA),8000,NATIONAL AERONAUTICS AND SPACE ADMINISTRATION,80GSFC,NASA GODDARD SPACE FLIGHT CENTER,080,NATIONAL AERONAUTICS AND SPACE ADMINISTRATION (NASA),8000,NATIONAL AERONAUTICS AND SPACE ADMINISTRATION,80GSFC,NASA GODDARD SPACE FLIGHT CENTER,W1NBN156CYF9,,"ASSOCIATION OF UNIVERSITIES FOR RESEARCH IN ASTRONOMY, INC.","ASSOCIATION OF UNIVERSITIES FOR RESEARCH IN ASTRONOMY, INC.",W1NBN156CYF9,W1NBN156CYF9,"ASSOCIATION OF UNIVERSITIES FOR RESEARCH IN ASTRONOMY, INC.",ASSOCIATION OF UNIVERSITIES FOR RESEARCH IN ASTRONOMY  INC.,USA,MD,BALTIMORE (CITY),BALTIMORE,MD-07,MD-07,212182410,UNITED STATES,MARYLAND,BALTIMORE CITY,MD-07,MD-07,212182410,,,AR45,"R&D- SPACE: OPERATIONS, TRACKING AND DATA ACQUISITION (OPERATIONAL SYSTEMS DEVELOPMENT)",541715,"RESEARCH AND DEVELOPMENT IN THE PHYSICAL, ENGINEERING, AND LIFE SCIENCES (EXCEPT NANOTECHNOLOGY AND BIOTECHNOLOGY)",,,https://www.usaspending.gov/award/CONT_AWD_80GSFC19C0054_8000_-NONE-_-NONE-/,2025-12-29
