owning_agency_name,reporting_agency_name,submission_period,allocation_transfer_agency_identifier_code,agency_identifier_code,beginning_period_of_availability,ending_period_of_availability,availability_type_code,main_account_code,sub_account_code,treasury_account_symbol,treasury_account_name,agency_identifier_name,allocation_transfer_agency_identifier_name,budget_function,budget_subfunction,federal_account_symbol,federal_account_name,program_activity_code,program_activity_name,object_class_code,object_class_name,direct_or_reimbursable_funding_source,disaster_emergency_fund_code,disaster_emergency_fund_name,transaction_obligated_amount,gross_outlay_amount_FYB_to_period_end,USSGL487200_downward_adj_prior_year_prepaid_undeliv_order_oblig,USSGL497200_downward_adj_of_prior_year_paid_deliv_orders_oblig,award_unique_key,award_id_piid,parent_award_id_piid,award_id_fain,award_id_uri,award_base_action_date,award_base_action_date_fiscal_year,award_latest_action_date,award_latest_action_date_fiscal_year,period_of_performance_start_date,period_of_performance_current_end_date,ordering_period_end_date,award_type_code,award_type,idv_type_code,idv_type,prime_award_base_transaction_description,awarding_agency_code,awarding_agency_name,awarding_subagency_code,awarding_subagency_name,awarding_office_code,awarding_office_name,funding_agency_code,funding_agency_name,funding_sub_agency_code,funding_sub_agency_name,funding_office_code,funding_office_name,recipient_uei,recipient_duns,recipient_name,recipient_name_raw,recipient_parent_uei,recipient_parent_duns,recipient_parent_name,recipient_parent_name_raw,recipient_country,recipient_state,recipient_county,recipient_city,prime_award_summary_recipient_cd_original,prime_award_summary_recipient_cd_current,recipient_zip_code,primary_place_of_performance_country,primary_place_of_performance_state,primary_place_of_performance_county,prime_award_summary_place_of_performance_cd_original,prime_award_summary_place_of_performance_cd_current,primary_place_of_performance_zip_code,cfda_number,cfda_title,product_or_service_code,product_or_service_code_description,naics_code,naics_description,national_interest_action_code,national_interest_action,usaspending_permalink,last_modified_date
National Aeronautics and Space Administration,National Aeronautics and Space Administration,FY2025P06,,080,2024,2025,,0120,000,080-2024/2025-0120-000,"Science, National Aeronautics and Space Administration",National Aeronautics and Space Administration,,"General Science, Space, and Technology","Space flight, research, and supporting activities",080-0120,"Science, National Aeronautics and Space Administration",0001,SCIENCE (DIRECT),25.5,Research and development contracts,D,Q,Not Designated Nonemergency/Emergency/Disaster/Wildfire Suppression,,7960498.20,0.00,0.00,CONT_AWD_80GSFC19C0021_8000_-NONE-_-NONE-,80GSFC19C0021,,,,2018-11-30,2019,2025-08-04,2025,2018-11-30,2027-01-31,,D,DEFINITIVE CONTRACT,,,"OPTICAL TELESCOPE ASSEMBLY (OTA) THIS CONTRACT PROVIDES FOR ALL EFFORTS AND RESPONSIBILITIES FOR THE PERSONNEL, SERVICES, MATERIALS, EQUIPMENT, AND FACILITIES NECESSARY TO BUILD, REFURBISH, OR MODIFY THE OTA AS REQUIRED TO MEET THE WIDE FIELD INFRARED SURVEY TELESCOPE (WFIRST) PERFORMANCE REQUIREMENTS.",080,NATIONAL AERONAUTICS AND SPACE ADMINISTRATION (NASA),8000,NATIONAL AERONAUTICS AND SPACE ADMINISTRATION,80GSFC,NASA GODDARD SPACE FLIGHT CENTER,080,NATIONAL AERONAUTICS AND SPACE ADMINISTRATION (NASA),8000,NATIONAL AERONAUTICS AND SPACE ADMINISTRATION,80GSFC,NASA GODDARD SPACE FLIGHT CENTER,JEGFV3LWEJH7,,"L3HARRIS TECHNOLOGIES, INC.",HARRIS CORPORATION,SJULQDJ8NZU7,SJULQDJ8NZU7,"L3HARRIS TECHNOLOGIES, INC",L3HARRIS TECHNOLOGIES  INC.,USA,NY,MONROE,ROCHESTER,NY-25,NY-25,146066219,UNITED STATES,NEW YORK,MONROE,NY-25,NY-25,146064248,,,6650,"OPTICAL INSTRUMENTS, TEST EQUIPMENT, COMPONENTS AND ACCESSORIES",333314,OPTICAL INSTRUMENT AND LENS MANUFACTURING,,,https://www.usaspending.gov/award/CONT_AWD_80GSFC19C0021_8000_-NONE-_-NONE-/,2025-04-24
National Aeronautics and Space Administration,National Aeronautics and Space Administration,FY2025P07,,080,2024,2025,,0120,000,080-2024/2025-0120-000,"Science, National Aeronautics and Space Administration",National Aeronautics and Space Administration,,"General Science, Space, and Technology","Space flight, research, and supporting activities",080-0120,"Science, National Aeronautics and Space Administration",0001,SCIENCE (DIRECT),25.5,Research and development contracts,D,Q,Not Designated Nonemergency/Emergency/Disaster/Wildfire Suppression,,8593843.36,0.00,0.00,CONT_AWD_80GSFC19C0021_8000_-NONE-_-NONE-,80GSFC19C0021,,,,2018-11-30,2019,2025-08-04,2025,2018-11-30,2027-01-31,,D,DEFINITIVE CONTRACT,,,"OPTICAL TELESCOPE ASSEMBLY (OTA) THIS CONTRACT PROVIDES FOR ALL EFFORTS AND RESPONSIBILITIES FOR THE PERSONNEL, SERVICES, MATERIALS, EQUIPMENT, AND FACILITIES NECESSARY TO BUILD, REFURBISH, OR MODIFY THE OTA AS REQUIRED TO MEET THE WIDE FIELD INFRARED SURVEY TELESCOPE (WFIRST) PERFORMANCE REQUIREMENTS.",080,NATIONAL AERONAUTICS AND SPACE ADMINISTRATION (NASA),8000,NATIONAL AERONAUTICS AND SPACE ADMINISTRATION,80GSFC,NASA GODDARD SPACE FLIGHT CENTER,080,NATIONAL AERONAUTICS AND SPACE ADMINISTRATION (NASA),8000,NATIONAL AERONAUTICS AND SPACE ADMINISTRATION,80GSFC,NASA GODDARD SPACE FLIGHT CENTER,JEGFV3LWEJH7,,"L3HARRIS TECHNOLOGIES, INC.",HARRIS CORPORATION,SJULQDJ8NZU7,SJULQDJ8NZU7,"L3HARRIS TECHNOLOGIES, INC",L3HARRIS TECHNOLOGIES  INC.,USA,NY,MONROE,ROCHESTER,NY-25,NY-25,146066219,UNITED STATES,NEW YORK,MONROE,NY-25,NY-25,146064248,,,6650,"OPTICAL INSTRUMENTS, TEST EQUIPMENT, COMPONENTS AND ACCESSORIES",333314,OPTICAL INSTRUMENT AND LENS MANUFACTURING,,,https://www.usaspending.gov/award/CONT_AWD_80GSFC19C0021_8000_-NONE-_-NONE-/,2025-05-23
National Aeronautics and Space Administration,National Aeronautics and Space Administration,FY2025P08,,080,2024,2025,,0120,000,080-2024/2025-0120-000,"Science, National Aeronautics and Space Administration",National Aeronautics and Space Administration,,"General Science, Space, and Technology","Space flight, research, and supporting activities",080-0120,"Science, National Aeronautics and Space Administration",0001,SCIENCE (DIRECT),25.5,Research and development contracts,D,Q,Not Designated Nonemergency/Emergency/Disaster/Wildfire Suppression,,9078362.00,0.00,0.00,CONT_AWD_80GSFC19C0021_8000_-NONE-_-NONE-,80GSFC19C0021,,,,2018-11-30,2019,2025-08-04,2025,2018-11-30,2027-01-31,,D,DEFINITIVE CONTRACT,,,"OPTICAL TELESCOPE ASSEMBLY (OTA) THIS CONTRACT PROVIDES FOR ALL EFFORTS AND RESPONSIBILITIES FOR THE PERSONNEL, SERVICES, MATERIALS, EQUIPMENT, AND FACILITIES NECESSARY TO BUILD, REFURBISH, OR MODIFY THE OTA AS REQUIRED TO MEET THE WIDE FIELD INFRARED SURVEY TELESCOPE (WFIRST) PERFORMANCE REQUIREMENTS.",080,NATIONAL AERONAUTICS AND SPACE ADMINISTRATION (NASA),8000,NATIONAL AERONAUTICS AND SPACE ADMINISTRATION,80GSFC,NASA GODDARD SPACE FLIGHT CENTER,080,NATIONAL AERONAUTICS AND SPACE ADMINISTRATION (NASA),8000,NATIONAL AERONAUTICS AND SPACE ADMINISTRATION,80GSFC,NASA GODDARD SPACE FLIGHT CENTER,JEGFV3LWEJH7,,"L3HARRIS TECHNOLOGIES, INC.",HARRIS CORPORATION,SJULQDJ8NZU7,SJULQDJ8NZU7,"L3HARRIS TECHNOLOGIES, INC",L3HARRIS TECHNOLOGIES  INC.,USA,NY,MONROE,ROCHESTER,NY-25,NY-25,146066219,UNITED STATES,NEW YORK,MONROE,NY-25,NY-25,146064248,,,6650,"OPTICAL INSTRUMENTS, TEST EQUIPMENT, COMPONENTS AND ACCESSORIES",333314,OPTICAL INSTRUMENT AND LENS MANUFACTURING,,,https://www.usaspending.gov/award/CONT_AWD_80GSFC19C0021_8000_-NONE-_-NONE-/,2025-06-25
National Aeronautics and Space Administration,National Aeronautics and Space Administration,FY2025P08,,080,2024,2025,,0120,000,080-2024/2025-0120-000,"Science, National Aeronautics and Space Administration",National Aeronautics and Space Administration,,"General Science, Space, and Technology","Space flight, research, and supporting activities",080-0120,"Science, National Aeronautics and Space Administration",0001,SCIENCE (DIRECT),25.5,Research and development contracts,D,Q,Not Designated Nonemergency/Emergency/Disaster/Wildfire Suppression,-2400000.00,,,,CONT_AWD_80GSFC19C0021_8000_-NONE-_-NONE-,80GSFC19C0021,,,,2018-11-30,2019,2025-08-04,2025,2018-11-30,2027-01-31,,D,DEFINITIVE CONTRACT,,,"OPTICAL TELESCOPE ASSEMBLY (OTA) THIS CONTRACT PROVIDES FOR ALL EFFORTS AND RESPONSIBILITIES FOR THE PERSONNEL, SERVICES, MATERIALS, EQUIPMENT, AND FACILITIES NECESSARY TO BUILD, REFURBISH, OR MODIFY THE OTA AS REQUIRED TO MEET THE WIDE FIELD INFRARED SURVEY TELESCOPE (WFIRST) PERFORMANCE REQUIREMENTS.",080,NATIONAL AERONAUTICS AND SPACE ADMINISTRATION (NASA),8000,NATIONAL AERONAUTICS AND SPACE ADMINISTRATION,80GSFC,NASA GODDARD SPACE FLIGHT CENTER,080,NATIONAL AERONAUTICS AND SPACE ADMINISTRATION (NASA),8000,NATIONAL AERONAUTICS AND SPACE ADMINISTRATION,80GSFC,NASA GODDARD SPACE FLIGHT CENTER,JEGFV3LWEJH7,,"L3HARRIS TECHNOLOGIES, INC.",HARRIS CORPORATION,SJULQDJ8NZU7,SJULQDJ8NZU7,"L3HARRIS TECHNOLOGIES, INC",L3HARRIS TECHNOLOGIES  INC.,USA,NY,MONROE,ROCHESTER,NY-25,NY-25,146066219,UNITED STATES,NEW YORK,MONROE,NY-25,NY-25,146064248,,,6650,"OPTICAL INSTRUMENTS, TEST EQUIPMENT, COMPONENTS AND ACCESSORIES",333314,OPTICAL INSTRUMENT AND LENS MANUFACTURING,,,https://www.usaspending.gov/award/CONT_AWD_80GSFC19C0021_8000_-NONE-_-NONE-/,2025-06-25
National Aeronautics and Space Administration,National Aeronautics and Space Administration,FY2025P09,,080,2025,2026,,0120,000,080-2025/2026-0120-000,"Science, National Aeronautics and Space Administration",National Aeronautics and Space Administration,,"General Science, Space, and Technology","Space flight, research, and supporting activities",080-0120,"Science, National Aeronautics and Space Administration",0001,SCIENCE (DIRECT),25.5,Research and development contracts,D,Q,Not Designated Nonemergency/Emergency/Disaster/Wildfire Suppression,4635000.00,,,,CONT_AWD_80GSFC19C0021_8000_-NONE-_-NONE-,80GSFC19C0021,,,,2018-11-30,2019,2025-08-04,2025,2018-11-30,2027-01-31,,D,DEFINITIVE CONTRACT,,,"OPTICAL TELESCOPE ASSEMBLY (OTA) THIS CONTRACT PROVIDES FOR ALL EFFORTS AND RESPONSIBILITIES FOR THE PERSONNEL, SERVICES, MATERIALS, EQUIPMENT, AND FACILITIES NECESSARY TO BUILD, REFURBISH, OR MODIFY THE OTA AS REQUIRED TO MEET THE WIDE FIELD INFRARED SURVEY TELESCOPE (WFIRST) PERFORMANCE REQUIREMENTS.",080,NATIONAL AERONAUTICS AND SPACE ADMINISTRATION (NASA),8000,NATIONAL AERONAUTICS AND SPACE ADMINISTRATION,80GSFC,NASA GODDARD SPACE FLIGHT CENTER,080,NATIONAL AERONAUTICS AND SPACE ADMINISTRATION (NASA),8000,NATIONAL AERONAUTICS AND SPACE ADMINISTRATION,80GSFC,NASA GODDARD SPACE FLIGHT CENTER,JEGFV3LWEJH7,,"L3HARRIS TECHNOLOGIES, INC.",HARRIS CORPORATION,SJULQDJ8NZU7,SJULQDJ8NZU7,"L3HARRIS TECHNOLOGIES, INC",L3HARRIS TECHNOLOGIES  INC.,USA,NY,MONROE,ROCHESTER,NY-25,NY-25,146066219,UNITED STATES,NEW YORK,MONROE,NY-25,NY-25,146064248,,,6650,"OPTICAL INSTRUMENTS, TEST EQUIPMENT, COMPONENTS AND ACCESSORIES",333314,OPTICAL INSTRUMENT AND LENS MANUFACTURING,,,https://www.usaspending.gov/award/CONT_AWD_80GSFC19C0021_8000_-NONE-_-NONE-/,2025-07-31
National Aeronautics and Space Administration,National Aeronautics and Space Administration,FY2025P09,,080,2024,2025,,0120,000,080-2024/2025-0120-000,"Science, National Aeronautics and Space Administration",National Aeronautics and Space Administration,,"General Science, Space, and Technology","Space flight, research, and supporting activities",080-0120,"Science, National Aeronautics and Space Administration",0001,SCIENCE (DIRECT),25.5,Research and development contracts,D,Q,Not Designated Nonemergency/Emergency/Disaster/Wildfire Suppression,,9503656.92,0.00,0.00,CONT_AWD_80GSFC19C0021_8000_-NONE-_-NONE-,80GSFC19C0021,,,,2018-11-30,2019,2025-08-04,2025,2018-11-30,2027-01-31,,D,DEFINITIVE CONTRACT,,,"OPTICAL TELESCOPE ASSEMBLY (OTA) THIS CONTRACT PROVIDES FOR ALL EFFORTS AND RESPONSIBILITIES FOR THE PERSONNEL, SERVICES, MATERIALS, EQUIPMENT, AND FACILITIES NECESSARY TO BUILD, REFURBISH, OR MODIFY THE OTA AS REQUIRED TO MEET THE WIDE FIELD INFRARED SURVEY TELESCOPE (WFIRST) PERFORMANCE REQUIREMENTS.",080,NATIONAL AERONAUTICS AND SPACE ADMINISTRATION (NASA),8000,NATIONAL AERONAUTICS AND SPACE ADMINISTRATION,80GSFC,NASA GODDARD SPACE FLIGHT CENTER,080,NATIONAL AERONAUTICS AND SPACE ADMINISTRATION (NASA),8000,NATIONAL AERONAUTICS AND SPACE ADMINISTRATION,80GSFC,NASA GODDARD SPACE FLIGHT CENTER,JEGFV3LWEJH7,,"L3HARRIS TECHNOLOGIES, INC.",HARRIS CORPORATION,SJULQDJ8NZU7,SJULQDJ8NZU7,"L3HARRIS TECHNOLOGIES, INC",L3HARRIS TECHNOLOGIES  INC.,USA,NY,MONROE,ROCHESTER,NY-25,NY-25,146066219,UNITED STATES,NEW YORK,MONROE,NY-25,NY-25,146064248,,,6650,"OPTICAL INSTRUMENTS, TEST EQUIPMENT, COMPONENTS AND ACCESSORIES",333314,OPTICAL INSTRUMENT AND LENS MANUFACTURING,,,https://www.usaspending.gov/award/CONT_AWD_80GSFC19C0021_8000_-NONE-_-NONE-/,2025-07-31
National Aeronautics and Space Administration,National Aeronautics and Space Administration,FY2025P09,,080,2024,2025,,0120,000,080-2024/2025-0120-000,"Science, National Aeronautics and Space Administration",National Aeronautics and Space Administration,,"General Science, Space, and Technology","Space flight, research, and supporting activities",080-0120,"Science, National Aeronautics and Space Administration",0001,SCIENCE (DIRECT),25.5,Research and development contracts,D,Q,Not Designated Nonemergency/Emergency/Disaster/Wildfire Suppression,-1.00,,,,CONT_AWD_80GSFC19C0021_8000_-NONE-_-NONE-,80GSFC19C0021,,,,2018-11-30,2019,2025-08-04,2025,2018-11-30,2027-01-31,,D,DEFINITIVE CONTRACT,,,"OPTICAL TELESCOPE ASSEMBLY (OTA) THIS CONTRACT PROVIDES FOR ALL EFFORTS AND RESPONSIBILITIES FOR THE PERSONNEL, SERVICES, MATERIALS, EQUIPMENT, AND FACILITIES NECESSARY TO BUILD, REFURBISH, OR MODIFY THE OTA AS REQUIRED TO MEET THE WIDE FIELD INFRARED SURVEY TELESCOPE (WFIRST) PERFORMANCE REQUIREMENTS.",080,NATIONAL AERONAUTICS AND SPACE ADMINISTRATION (NASA),8000,NATIONAL AERONAUTICS AND SPACE ADMINISTRATION,80GSFC,NASA GODDARD SPACE FLIGHT CENTER,080,NATIONAL AERONAUTICS AND SPACE ADMINISTRATION (NASA),8000,NATIONAL AERONAUTICS AND SPACE ADMINISTRATION,80GSFC,NASA GODDARD SPACE FLIGHT CENTER,JEGFV3LWEJH7,,"L3HARRIS TECHNOLOGIES, INC.",HARRIS CORPORATION,SJULQDJ8NZU7,SJULQDJ8NZU7,"L3HARRIS TECHNOLOGIES, INC",L3HARRIS TECHNOLOGIES  INC.,USA,NY,MONROE,ROCHESTER,NY-25,NY-25,146066219,UNITED STATES,NEW YORK,MONROE,NY-25,NY-25,146064248,,,6650,"OPTICAL INSTRUMENTS, TEST EQUIPMENT, COMPONENTS AND ACCESSORIES",333314,OPTICAL INSTRUMENT AND LENS MANUFACTURING,,,https://www.usaspending.gov/award/CONT_AWD_80GSFC19C0021_8000_-NONE-_-NONE-/,2025-07-31
National Aeronautics and Space Administration,National Aeronautics and Space Administration,FY2025P09,,080,2024,2025,,0120,000,080-2024/2025-0120-000,"Science, National Aeronautics and Space Administration",National Aeronautics and Space Administration,,"General Science, Space, and Technology","Space flight, research, and supporting activities",080-0120,"Science, National Aeronautics and Space Administration",0001,SCIENCE (DIRECT),25.5,Research and development contracts,D,Q,Not Designated Nonemergency/Emergency/Disaster/Wildfire Suppression,-499999.00,,,,CONT_AWD_80GSFC19C0021_8000_-NONE-_-NONE-,80GSFC19C0021,,,,2018-11-30,2019,2025-08-04,2025,2018-11-30,2027-01-31,,D,DEFINITIVE CONTRACT,,,"OPTICAL TELESCOPE ASSEMBLY (OTA) THIS CONTRACT PROVIDES FOR ALL EFFORTS AND RESPONSIBILITIES FOR THE PERSONNEL, SERVICES, MATERIALS, EQUIPMENT, AND FACILITIES NECESSARY TO BUILD, REFURBISH, OR MODIFY THE OTA AS REQUIRED TO MEET THE WIDE FIELD INFRARED SURVEY TELESCOPE (WFIRST) PERFORMANCE REQUIREMENTS.",080,NATIONAL AERONAUTICS AND SPACE ADMINISTRATION (NASA),8000,NATIONAL AERONAUTICS AND SPACE ADMINISTRATION,80GSFC,NASA GODDARD SPACE FLIGHT CENTER,080,NATIONAL AERONAUTICS AND SPACE ADMINISTRATION (NASA),8000,NATIONAL AERONAUTICS AND SPACE ADMINISTRATION,80GSFC,NASA GODDARD SPACE FLIGHT CENTER,JEGFV3LWEJH7,,"L3HARRIS TECHNOLOGIES, INC.",HARRIS CORPORATION,SJULQDJ8NZU7,SJULQDJ8NZU7,"L3HARRIS TECHNOLOGIES, INC",L3HARRIS TECHNOLOGIES  INC.,USA,NY,MONROE,ROCHESTER,NY-25,NY-25,146066219,UNITED STATES,NEW YORK,MONROE,NY-25,NY-25,146064248,,,6650,"OPTICAL INSTRUMENTS, TEST EQUIPMENT, COMPONENTS AND ACCESSORIES",333314,OPTICAL INSTRUMENT AND LENS MANUFACTURING,,,https://www.usaspending.gov/award/CONT_AWD_80GSFC19C0021_8000_-NONE-_-NONE-/,2025-07-31
National Aeronautics and Space Administration,National Aeronautics and Space Administration,FY2025P09,,080,2024,2025,,0120,000,080-2024/2025-0120-000,"Science, National Aeronautics and Space Administration",National Aeronautics and Space Administration,,"General Science, Space, and Technology","Space flight, research, and supporting activities",080-0120,"Science, National Aeronautics and Space Administration",0001,SCIENCE (DIRECT),25.5,Research and development contracts,D,Q,Not Designated Nonemergency/Emergency/Disaster/Wildfire Suppression,-4135000.00,,,,CONT_AWD_80GSFC19C0021_8000_-NONE-_-NONE-,80GSFC19C0021,,,,2018-11-30,2019,2025-08-04,2025,2018-11-30,2027-01-31,,D,DEFINITIVE CONTRACT,,,"OPTICAL TELESCOPE ASSEMBLY (OTA) THIS CONTRACT PROVIDES FOR ALL EFFORTS AND RESPONSIBILITIES FOR THE PERSONNEL, SERVICES, MATERIALS, EQUIPMENT, AND FACILITIES NECESSARY TO BUILD, REFURBISH, OR MODIFY THE OTA AS REQUIRED TO MEET THE WIDE FIELD INFRARED SURVEY TELESCOPE (WFIRST) PERFORMANCE REQUIREMENTS.",080,NATIONAL AERONAUTICS AND SPACE ADMINISTRATION (NASA),8000,NATIONAL AERONAUTICS AND SPACE ADMINISTRATION,80GSFC,NASA GODDARD SPACE FLIGHT CENTER,080,NATIONAL AERONAUTICS AND SPACE ADMINISTRATION (NASA),8000,NATIONAL AERONAUTICS AND SPACE ADMINISTRATION,80GSFC,NASA GODDARD SPACE FLIGHT CENTER,JEGFV3LWEJH7,,"L3HARRIS TECHNOLOGIES, INC.",HARRIS CORPORATION,SJULQDJ8NZU7,SJULQDJ8NZU7,"L3HARRIS TECHNOLOGIES, INC",L3HARRIS TECHNOLOGIES  INC.,USA,NY,MONROE,ROCHESTER,NY-25,NY-25,146066219,UNITED STATES,NEW YORK,MONROE,NY-25,NY-25,146064248,,,6650,"OPTICAL INSTRUMENTS, TEST EQUIPMENT, COMPONENTS AND ACCESSORIES",333314,OPTICAL INSTRUMENT AND LENS MANUFACTURING,,,https://www.usaspending.gov/award/CONT_AWD_80GSFC19C0021_8000_-NONE-_-NONE-/,2025-07-31
National Aeronautics and Space Administration,National Aeronautics and Space Administration,FY2025P10,,080,2024,2025,,0120,000,080-2024/2025-0120-000,"Science, National Aeronautics and Space Administration",National Aeronautics and Space Administration,,"General Science, Space, and Technology","Space flight, research, and supporting activities",080-0120,"Science, National Aeronautics and Space Administration",0001,SCIENCE (DIRECT),25.5,Research and development contracts,D,Q,Not Designated Nonemergency/Emergency/Disaster/Wildfire Suppression,,9707734.74,0.00,0.00,CONT_AWD_80GSFC19C0021_8000_-NONE-_-NONE-,80GSFC19C0021,,,,2018-11-30,2019,2025-08-04,2025,2018-11-30,2027-01-31,,D,DEFINITIVE CONTRACT,,,"OPTICAL TELESCOPE ASSEMBLY (OTA) THIS CONTRACT PROVIDES FOR ALL EFFORTS AND RESPONSIBILITIES FOR THE PERSONNEL, SERVICES, MATERIALS, EQUIPMENT, AND FACILITIES NECESSARY TO BUILD, REFURBISH, OR MODIFY THE OTA AS REQUIRED TO MEET THE WIDE FIELD INFRARED SURVEY TELESCOPE (WFIRST) PERFORMANCE REQUIREMENTS.",080,NATIONAL AERONAUTICS AND SPACE ADMINISTRATION (NASA),8000,NATIONAL AERONAUTICS AND SPACE ADMINISTRATION,80GSFC,NASA GODDARD SPACE FLIGHT CENTER,080,NATIONAL AERONAUTICS AND SPACE ADMINISTRATION (NASA),8000,NATIONAL AERONAUTICS AND SPACE ADMINISTRATION,80GSFC,NASA GODDARD SPACE FLIGHT CENTER,JEGFV3LWEJH7,,"L3HARRIS TECHNOLOGIES, INC.",HARRIS CORPORATION,SJULQDJ8NZU7,SJULQDJ8NZU7,"L3HARRIS TECHNOLOGIES, INC",L3HARRIS TECHNOLOGIES  INC.,USA,NY,MONROE,ROCHESTER,NY-25,NY-25,146066219,UNITED STATES,NEW YORK,MONROE,NY-25,NY-25,146064248,,,6650,"OPTICAL INSTRUMENTS, TEST EQUIPMENT, COMPONENTS AND ACCESSORIES",333314,OPTICAL INSTRUMENT AND LENS MANUFACTURING,,,https://www.usaspending.gov/award/CONT_AWD_80GSFC19C0021_8000_-NONE-_-NONE-/,2025-09-12
National Aeronautics and Space Administration,National Aeronautics and Space Administration,FY2020P07,,080,2019,2020,,0120,000,080-2019/2020-0120-000,"Science, National Aeronautics and Space Administration",National Aeronautics and Space Administration,,"General Science, Space, and Technology","Space flight, research, and supporting activities",080-0120,"Science, National Aeronautics and Space Administration",0001,SCIENCE (DIRECT),25.5,Research and development contracts,D,Q,Not Designated Nonemergency/Emergency/Disaster/Wildfire Suppression,,33789147.23,,,CONT_AWD_80GSFC19C0021_8000_-NONE-_-NONE-,80GSFC19C0021,,,,2018-11-30,2019,2025-08-04,2025,2018-11-30,2027-01-31,,D,DEFINITIVE CONTRACT,,,"OPTICAL TELESCOPE ASSEMBLY (OTA) THIS CONTRACT PROVIDES FOR ALL EFFORTS AND RESPONSIBILITIES FOR THE PERSONNEL, SERVICES, MATERIALS, EQUIPMENT, AND FACILITIES NECESSARY TO BUILD, REFURBISH, OR MODIFY THE OTA AS REQUIRED TO MEET THE WIDE FIELD INFRARED SURVEY TELESCOPE (WFIRST) PERFORMANCE REQUIREMENTS.",080,NATIONAL AERONAUTICS AND SPACE ADMINISTRATION (NASA),8000,NATIONAL AERONAUTICS AND SPACE ADMINISTRATION,80GSFC,NASA GODDARD SPACE FLIGHT CENTER,080,NATIONAL AERONAUTICS AND SPACE ADMINISTRATION (NASA),8000,NATIONAL AERONAUTICS AND SPACE ADMINISTRATION,80GSFC,NASA GODDARD SPACE FLIGHT CENTER,JEGFV3LWEJH7,,"L3HARRIS TECHNOLOGIES, INC.",HARRIS CORPORATION,SJULQDJ8NZU7,SJULQDJ8NZU7,"L3HARRIS TECHNOLOGIES, INC",L3HARRIS TECHNOLOGIES  INC.,USA,NY,MONROE,ROCHESTER,NY-25,NY-25,146066219,UNITED STATES,NEW YORK,MONROE,NY-25,NY-25,146064248,,,6650,"OPTICAL INSTRUMENTS, TEST EQUIPMENT, COMPONENTS AND ACCESSORIES",333314,OPTICAL INSTRUMENT AND LENS MANUFACTURING,,,https://www.usaspending.gov/award/CONT_AWD_80GSFC19C0021_8000_-NONE-_-NONE-/,2020-07-21
National Aeronautics and Space Administration,National Aeronautics and Space Administration,FY2020P07,,080,2019,2020,,0120,000,080-2019/2020-0120-000,"Science, National Aeronautics and Space Administration",National Aeronautics and Space Administration,,"General Science, Space, and Technology","Space flight, research, and supporting activities",080-0120,"Science, National Aeronautics and Space Administration",0001,SCIENCE (DIRECT),25.5,Research and development contracts,D,Q,Not Designated Nonemergency/Emergency/Disaster/Wildfire Suppression,-0.01,,,,CONT_AWD_80GSFC19C0021_8000_-NONE-_-NONE-,80GSFC19C0021,,,,2018-11-30,2019,2025-08-04,2025,2018-11-30,2027-01-31,,D,DEFINITIVE CONTRACT,,,"OPTICAL TELESCOPE ASSEMBLY (OTA) THIS CONTRACT PROVIDES FOR ALL EFFORTS AND RESPONSIBILITIES FOR THE PERSONNEL, SERVICES, MATERIALS, EQUIPMENT, AND FACILITIES NECESSARY TO BUILD, REFURBISH, OR MODIFY THE OTA AS REQUIRED TO MEET THE WIDE FIELD INFRARED SURVEY TELESCOPE (WFIRST) PERFORMANCE REQUIREMENTS.",080,NATIONAL AERONAUTICS AND SPACE ADMINISTRATION (NASA),8000,NATIONAL AERONAUTICS AND SPACE ADMINISTRATION,80GSFC,NASA GODDARD SPACE FLIGHT CENTER,080,NATIONAL AERONAUTICS AND SPACE ADMINISTRATION (NASA),8000,NATIONAL AERONAUTICS AND SPACE ADMINISTRATION,80GSFC,NASA GODDARD SPACE FLIGHT CENTER,JEGFV3LWEJH7,,"L3HARRIS TECHNOLOGIES, INC.",HARRIS CORPORATION,SJULQDJ8NZU7,SJULQDJ8NZU7,"L3HARRIS TECHNOLOGIES, INC",L3HARRIS TECHNOLOGIES  INC.,USA,NY,MONROE,ROCHESTER,NY-25,NY-25,146066219,UNITED STATES,NEW YORK,MONROE,NY-25,NY-25,146064248,,,6650,"OPTICAL INSTRUMENTS, TEST EQUIPMENT, COMPONENTS AND ACCESSORIES",333314,OPTICAL INSTRUMENT AND LENS MANUFACTURING,,,https://www.usaspending.gov/award/CONT_AWD_80GSFC19C0021_8000_-NONE-_-NONE-/,2020-07-21
National Aeronautics and Space Administration,National Aeronautics and Space Administration,FY2020P07,,080,2019,2020,,0120,000,080-2019/2020-0120-000,"Science, National Aeronautics and Space Administration",National Aeronautics and Space Administration,,"General Science, Space, and Technology","Space flight, research, and supporting activities",080-0120,"Science, National Aeronautics and Space Administration",0001,SCIENCE (DIRECT),25.5,Research and development contracts,D,Q,Not Designated Nonemergency/Emergency/Disaster/Wildfire Suppression,-8310000.00,,,,CONT_AWD_80GSFC19C0021_8000_-NONE-_-NONE-,80GSFC19C0021,,,,2018-11-30,2019,2025-08-04,2025,2018-11-30,2027-01-31,,D,DEFINITIVE CONTRACT,,,"OPTICAL TELESCOPE ASSEMBLY (OTA) THIS CONTRACT PROVIDES FOR ALL EFFORTS AND RESPONSIBILITIES FOR THE PERSONNEL, SERVICES, MATERIALS, EQUIPMENT, AND FACILITIES NECESSARY TO BUILD, REFURBISH, OR MODIFY THE OTA AS REQUIRED TO MEET THE WIDE FIELD INFRARED SURVEY TELESCOPE (WFIRST) PERFORMANCE REQUIREMENTS.",080,NATIONAL AERONAUTICS AND SPACE ADMINISTRATION (NASA),8000,NATIONAL AERONAUTICS AND SPACE ADMINISTRATION,80GSFC,NASA GODDARD SPACE FLIGHT CENTER,080,NATIONAL AERONAUTICS AND SPACE ADMINISTRATION (NASA),8000,NATIONAL AERONAUTICS AND SPACE ADMINISTRATION,80GSFC,NASA GODDARD SPACE FLIGHT CENTER,JEGFV3LWEJH7,,"L3HARRIS TECHNOLOGIES, INC.",HARRIS CORPORATION,SJULQDJ8NZU7,SJULQDJ8NZU7,"L3HARRIS TECHNOLOGIES, INC",L3HARRIS TECHNOLOGIES  INC.,USA,NY,MONROE,ROCHESTER,NY-25,NY-25,146066219,UNITED STATES,NEW YORK,MONROE,NY-25,NY-25,146064248,,,6650,"OPTICAL INSTRUMENTS, TEST EQUIPMENT, COMPONENTS AND ACCESSORIES",333314,OPTICAL INSTRUMENT AND LENS MANUFACTURING,,,https://www.usaspending.gov/award/CONT_AWD_80GSFC19C0021_8000_-NONE-_-NONE-/,2020-07-21
National Aeronautics and Space Administration,National Aeronautics and Space Administration,FY2020P07,,080,2019,2020,,0120,000,080-2019/2020-0120-000,"Science, National Aeronautics and Space Administration",National Aeronautics and Space Administration,,"General Science, Space, and Technology","Space flight, research, and supporting activities",080-0120,"Science, National Aeronautics and Space Administration",0001,SCIENCE (DIRECT),25.5,Research and development contracts,D,Q,Not Designated Nonemergency/Emergency/Disaster/Wildfire Suppression,-15999999.99,,,,CONT_AWD_80GSFC19C0021_8000_-NONE-_-NONE-,80GSFC19C0021,,,,2018-11-30,2019,2025-08-04,2025,2018-11-30,2027-01-31,,D,DEFINITIVE CONTRACT,,,"OPTICAL TELESCOPE ASSEMBLY (OTA) THIS CONTRACT PROVIDES FOR ALL EFFORTS AND RESPONSIBILITIES FOR THE PERSONNEL, SERVICES, MATERIALS, EQUIPMENT, AND FACILITIES NECESSARY TO BUILD, REFURBISH, OR MODIFY THE OTA AS REQUIRED TO MEET THE WIDE FIELD INFRARED SURVEY TELESCOPE (WFIRST) PERFORMANCE REQUIREMENTS.",080,NATIONAL AERONAUTICS AND SPACE ADMINISTRATION (NASA),8000,NATIONAL AERONAUTICS AND SPACE ADMINISTRATION,80GSFC,NASA GODDARD SPACE FLIGHT CENTER,080,NATIONAL AERONAUTICS AND SPACE ADMINISTRATION (NASA),8000,NATIONAL AERONAUTICS AND SPACE ADMINISTRATION,80GSFC,NASA GODDARD SPACE FLIGHT CENTER,JEGFV3LWEJH7,,"L3HARRIS TECHNOLOGIES, INC.",HARRIS CORPORATION,SJULQDJ8NZU7,SJULQDJ8NZU7,"L3HARRIS TECHNOLOGIES, INC",L3HARRIS TECHNOLOGIES  INC.,USA,NY,MONROE,ROCHESTER,NY-25,NY-25,146066219,UNITED STATES,NEW YORK,MONROE,NY-25,NY-25,146064248,,,6650,"OPTICAL INSTRUMENTS, TEST EQUIPMENT, COMPONENTS AND ACCESSORIES",333314,OPTICAL INSTRUMENT AND LENS MANUFACTURING,,,https://www.usaspending.gov/award/CONT_AWD_80GSFC19C0021_8000_-NONE-_-NONE-/,2020-07-21
National Aeronautics and Space Administration,National Aeronautics and Space Administration,FY2020P07,,080,2020,2021,,0120,000,080-2020/2021-0120-000,"Science, National Aeronautics and Space Administration",National Aeronautics and Space Administration,,"General Science, Space, and Technology","Space flight, research, and supporting activities",080-0120,"Science, National Aeronautics and Space Administration",0001,SCIENCE (DIRECT),25.5,Research and development contracts,D,Q,Not Designated Nonemergency/Emergency/Disaster/Wildfire Suppression,,8643790.85,,,CONT_AWD_80GSFC19C0021_8000_-NONE-_-NONE-,80GSFC19C0021,,,,2018-11-30,2019,2025-08-04,2025,2018-11-30,2027-01-31,,D,DEFINITIVE CONTRACT,,,"OPTICAL TELESCOPE ASSEMBLY (OTA) THIS CONTRACT PROVIDES FOR ALL EFFORTS AND RESPONSIBILITIES FOR THE PERSONNEL, SERVICES, MATERIALS, EQUIPMENT, AND FACILITIES NECESSARY TO BUILD, REFURBISH, OR MODIFY THE OTA AS REQUIRED TO MEET THE WIDE FIELD INFRARED SURVEY TELESCOPE (WFIRST) PERFORMANCE REQUIREMENTS.",080,NATIONAL AERONAUTICS AND SPACE ADMINISTRATION (NASA),8000,NATIONAL AERONAUTICS AND SPACE ADMINISTRATION,80GSFC,NASA GODDARD SPACE FLIGHT CENTER,080,NATIONAL AERONAUTICS AND SPACE ADMINISTRATION (NASA),8000,NATIONAL AERONAUTICS AND SPACE ADMINISTRATION,80GSFC,NASA GODDARD SPACE FLIGHT CENTER,JEGFV3LWEJH7,,"L3HARRIS TECHNOLOGIES, INC.",HARRIS CORPORATION,SJULQDJ8NZU7,SJULQDJ8NZU7,"L3HARRIS TECHNOLOGIES, INC",L3HARRIS TECHNOLOGIES  INC.,USA,NY,MONROE,ROCHESTER,NY-25,NY-25,146066219,UNITED STATES,NEW YORK,MONROE,NY-25,NY-25,146064248,,,6650,"OPTICAL INSTRUMENTS, TEST EQUIPMENT, COMPONENTS AND ACCESSORIES",333314,OPTICAL INSTRUMENT AND LENS MANUFACTURING,,,https://www.usaspending.gov/award/CONT_AWD_80GSFC19C0021_8000_-NONE-_-NONE-/,2020-07-21
National Aeronautics and Space Administration,National Aeronautics and Space Administration,FY2020P07,,080,2020,2021,,0120,000,080-2020/2021-0120-000,"Science, National Aeronautics and Space Administration",National Aeronautics and Space Administration,,"General Science, Space, and Technology","Space flight, research, and supporting activities",080-0120,"Science, National Aeronautics and Space Administration",0001,SCIENCE (DIRECT),25.5,Research and development contracts,D,Q,Not Designated Nonemergency/Emergency/Disaster/Wildfire Suppression,24310000.00,,,,CONT_AWD_80GSFC19C0021_8000_-NONE-_-NONE-,80GSFC19C0021,,,,2018-11-30,2019,2025-08-04,2025,2018-11-30,2027-01-31,,D,DEFINITIVE CONTRACT,,,"OPTICAL TELESCOPE ASSEMBLY (OTA) THIS CONTRACT PROVIDES FOR ALL EFFORTS AND RESPONSIBILITIES FOR THE PERSONNEL, SERVICES, MATERIALS, EQUIPMENT, AND FACILITIES NECESSARY TO BUILD, REFURBISH, OR MODIFY THE OTA AS REQUIRED TO MEET THE WIDE FIELD INFRARED SURVEY TELESCOPE (WFIRST) PERFORMANCE REQUIREMENTS.",080,NATIONAL AERONAUTICS AND SPACE ADMINISTRATION (NASA),8000,NATIONAL AERONAUTICS AND SPACE ADMINISTRATION,80GSFC,NASA GODDARD SPACE FLIGHT CENTER,080,NATIONAL AERONAUTICS AND SPACE ADMINISTRATION (NASA),8000,NATIONAL AERONAUTICS AND SPACE ADMINISTRATION,80GSFC,NASA GODDARD SPACE FLIGHT CENTER,JEGFV3LWEJH7,,"L3HARRIS TECHNOLOGIES, INC.",HARRIS CORPORATION,SJULQDJ8NZU7,SJULQDJ8NZU7,"L3HARRIS TECHNOLOGIES, INC",L3HARRIS TECHNOLOGIES  INC.,USA,NY,MONROE,ROCHESTER,NY-25,NY-25,146066219,UNITED STATES,NEW YORK,MONROE,NY-25,NY-25,146064248,,,6650,"OPTICAL INSTRUMENTS, TEST EQUIPMENT, COMPONENTS AND ACCESSORIES",333314,OPTICAL INSTRUMENT AND LENS MANUFACTURING,,,https://www.usaspending.gov/award/CONT_AWD_80GSFC19C0021_8000_-NONE-_-NONE-/,2020-07-21
National Aeronautics and Space Administration,National Aeronautics and Space Administration,FY2020P07,,080,2020,2021,,0120,000,080-2020/2021-0120-000,"Science, National Aeronautics and Space Administration",National Aeronautics and Space Administration,,"General Science, Space, and Technology","Space flight, research, and supporting activities",080-0120,"Science, National Aeronautics and Space Administration",0001,SCIENCE (DIRECT),25.5,Research and development contracts,D,Q,Not Designated Nonemergency/Emergency/Disaster/Wildfire Suppression,16136306.00,,,,CONT_AWD_80GSFC19C0021_8000_-NONE-_-NONE-,80GSFC19C0021,,,,2018-11-30,2019,2025-08-04,2025,2018-11-30,2027-01-31,,D,DEFINITIVE CONTRACT,,,"OPTICAL TELESCOPE ASSEMBLY (OTA) THIS CONTRACT PROVIDES FOR ALL EFFORTS AND RESPONSIBILITIES FOR THE PERSONNEL, SERVICES, MATERIALS, EQUIPMENT, AND FACILITIES NECESSARY TO BUILD, REFURBISH, OR MODIFY THE OTA AS REQUIRED TO MEET THE WIDE FIELD INFRARED SURVEY TELESCOPE (WFIRST) PERFORMANCE REQUIREMENTS.",080,NATIONAL AERONAUTICS AND SPACE ADMINISTRATION (NASA),8000,NATIONAL AERONAUTICS AND SPACE ADMINISTRATION,80GSFC,NASA GODDARD SPACE FLIGHT CENTER,080,NATIONAL AERONAUTICS AND SPACE ADMINISTRATION (NASA),8000,NATIONAL AERONAUTICS AND SPACE ADMINISTRATION,80GSFC,NASA GODDARD SPACE FLIGHT CENTER,JEGFV3LWEJH7,,"L3HARRIS TECHNOLOGIES, INC.",HARRIS CORPORATION,SJULQDJ8NZU7,SJULQDJ8NZU7,"L3HARRIS TECHNOLOGIES, INC",L3HARRIS TECHNOLOGIES  INC.,USA,NY,MONROE,ROCHESTER,NY-25,NY-25,146066219,UNITED STATES,NEW YORK,MONROE,NY-25,NY-25,146064248,,,6650,"OPTICAL INSTRUMENTS, TEST EQUIPMENT, COMPONENTS AND ACCESSORIES",333314,OPTICAL INSTRUMENT AND LENS MANUFACTURING,,,https://www.usaspending.gov/award/CONT_AWD_80GSFC19C0021_8000_-NONE-_-NONE-/,2020-07-21
National Aeronautics and Space Administration,National Aeronautics and Space Administration,FY2020P09,,080,2020,2021,,0120,000,080-2020/2021-0120-000,"Science, National Aeronautics and Space Administration",National Aeronautics and Space Administration,,"General Science, Space, and Technology","Space flight, research, and supporting activities",080-0120,"Science, National Aeronautics and Space Administration",0001,SCIENCE (DIRECT),25.5,Research and development contracts,D,Q,Not Designated Nonemergency/Emergency/Disaster/Wildfire Suppression,21305401.00,,,,CONT_AWD_80GSFC19C0021_8000_-NONE-_-NONE-,80GSFC19C0021,,,,2018-11-30,2019,2025-08-04,2025,2018-11-30,2027-01-31,,D,DEFINITIVE CONTRACT,,,"OPTICAL TELESCOPE ASSEMBLY (OTA) THIS CONTRACT PROVIDES FOR ALL EFFORTS AND RESPONSIBILITIES FOR THE PERSONNEL, SERVICES, MATERIALS, EQUIPMENT, AND FACILITIES NECESSARY TO BUILD, REFURBISH, OR MODIFY THE OTA AS REQUIRED TO MEET THE WIDE FIELD INFRARED SURVEY TELESCOPE (WFIRST) PERFORMANCE REQUIREMENTS.",080,NATIONAL AERONAUTICS AND SPACE ADMINISTRATION (NASA),8000,NATIONAL AERONAUTICS AND SPACE ADMINISTRATION,80GSFC,NASA GODDARD SPACE FLIGHT CENTER,080,NATIONAL AERONAUTICS AND SPACE ADMINISTRATION (NASA),8000,NATIONAL AERONAUTICS AND SPACE ADMINISTRATION,80GSFC,NASA GODDARD SPACE FLIGHT CENTER,JEGFV3LWEJH7,,"L3HARRIS TECHNOLOGIES, INC.",HARRIS CORPORATION,SJULQDJ8NZU7,SJULQDJ8NZU7,"L3HARRIS TECHNOLOGIES, INC",L3HARRIS TECHNOLOGIES  INC.,USA,NY,MONROE,ROCHESTER,NY-25,NY-25,146066219,UNITED STATES,NEW YORK,MONROE,NY-25,NY-25,146064248,,,6650,"OPTICAL INSTRUMENTS, TEST EQUIPMENT, COMPONENTS AND ACCESSORIES",333314,OPTICAL INSTRUMENT AND LENS MANUFACTURING,,,https://www.usaspending.gov/award/CONT_AWD_80GSFC19C0021_8000_-NONE-_-NONE-/,2020-07-30
National Aeronautics and Space Administration,National Aeronautics and Space Administration,FY2020P09,,080,2020,2021,,0120,000,080-2020/2021-0120-000,"Science, National Aeronautics and Space Administration",National Aeronautics and Space Administration,,"General Science, Space, and Technology","Space flight, research, and supporting activities",080-0120,"Science, National Aeronautics and Space Administration",0001,SCIENCE (DIRECT),25.5,Research and development contracts,D,Q,Not Designated Nonemergency/Emergency/Disaster/Wildfire Suppression,,20118950.78,,,CONT_AWD_80GSFC19C0021_8000_-NONE-_-NONE-,80GSFC19C0021,,,,2018-11-30,2019,2025-08-04,2025,2018-11-30,2027-01-31,,D,DEFINITIVE CONTRACT,,,"OPTICAL TELESCOPE ASSEMBLY (OTA) THIS CONTRACT PROVIDES FOR ALL EFFORTS AND RESPONSIBILITIES FOR THE PERSONNEL, SERVICES, MATERIALS, EQUIPMENT, AND FACILITIES NECESSARY TO BUILD, REFURBISH, OR MODIFY THE OTA AS REQUIRED TO MEET THE WIDE FIELD INFRARED SURVEY TELESCOPE (WFIRST) PERFORMANCE REQUIREMENTS.",080,NATIONAL AERONAUTICS AND SPACE ADMINISTRATION (NASA),8000,NATIONAL AERONAUTICS AND SPACE ADMINISTRATION,80GSFC,NASA GODDARD SPACE FLIGHT CENTER,080,NATIONAL AERONAUTICS AND SPACE ADMINISTRATION (NASA),8000,NATIONAL AERONAUTICS AND SPACE ADMINISTRATION,80GSFC,NASA GODDARD SPACE FLIGHT CENTER,JEGFV3LWEJH7,,"L3HARRIS TECHNOLOGIES, INC.",HARRIS CORPORATION,SJULQDJ8NZU7,SJULQDJ8NZU7,"L3HARRIS TECHNOLOGIES, INC",L3HARRIS TECHNOLOGIES  INC.,USA,NY,MONROE,ROCHESTER,NY-25,NY-25,146066219,UNITED STATES,NEW YORK,MONROE,NY-25,NY-25,146064248,,,6650,"OPTICAL INSTRUMENTS, TEST EQUIPMENT, COMPONENTS AND ACCESSORIES",333314,OPTICAL INSTRUMENT AND LENS MANUFACTURING,,,https://www.usaspending.gov/award/CONT_AWD_80GSFC19C0021_8000_-NONE-_-NONE-/,2020-07-30
National Aeronautics and Space Administration,National Aeronautics and Space Administration,FY2020P08,,080,2020,2021,,0120,000,080-2020/2021-0120-000,"Science, National Aeronautics and Space Administration",National Aeronautics and Space Administration,,"General Science, Space, and Technology","Space flight, research, and supporting activities",080-0120,"Science, National Aeronautics and Space Administration",0001,SCIENCE (DIRECT),25.5,Research and development contracts,D,Q,Not Designated Nonemergency/Emergency/Disaster/Wildfire Suppression,,13508909.36,,,CONT_AWD_80GSFC19C0021_8000_-NONE-_-NONE-,80GSFC19C0021,,,,2018-11-30,2019,2025-08-04,2025,2018-11-30,2027-01-31,,D,DEFINITIVE CONTRACT,,,"OPTICAL TELESCOPE ASSEMBLY (OTA) THIS CONTRACT PROVIDES FOR ALL EFFORTS AND RESPONSIBILITIES FOR THE PERSONNEL, SERVICES, MATERIALS, EQUIPMENT, AND FACILITIES NECESSARY TO BUILD, REFURBISH, OR MODIFY THE OTA AS REQUIRED TO MEET THE WIDE FIELD INFRARED SURVEY TELESCOPE (WFIRST) PERFORMANCE REQUIREMENTS.",080,NATIONAL AERONAUTICS AND SPACE ADMINISTRATION (NASA),8000,NATIONAL AERONAUTICS AND SPACE ADMINISTRATION,80GSFC,NASA GODDARD SPACE FLIGHT CENTER,080,NATIONAL AERONAUTICS AND SPACE ADMINISTRATION (NASA),8000,NATIONAL AERONAUTICS AND SPACE ADMINISTRATION,80GSFC,NASA GODDARD SPACE FLIGHT CENTER,JEGFV3LWEJH7,,"L3HARRIS TECHNOLOGIES, INC.",HARRIS CORPORATION,SJULQDJ8NZU7,SJULQDJ8NZU7,"L3HARRIS TECHNOLOGIES, INC",L3HARRIS TECHNOLOGIES  INC.,USA,NY,MONROE,ROCHESTER,NY-25,NY-25,146066219,UNITED STATES,NEW YORK,MONROE,NY-25,NY-25,146064248,,,6650,"OPTICAL INSTRUMENTS, TEST EQUIPMENT, COMPONENTS AND ACCESSORIES",333314,OPTICAL INSTRUMENT AND LENS MANUFACTURING,,,https://www.usaspending.gov/award/CONT_AWD_80GSFC19C0021_8000_-NONE-_-NONE-/,2020-07-30
National Aeronautics and Space Administration,National Aeronautics and Space Administration,FY2020P08,,080,2019,2020,,0120,000,080-2019/2020-0120-000,"Science, National Aeronautics and Space Administration",National Aeronautics and Space Administration,,"General Science, Space, and Technology","Space flight, research, and supporting activities",080-0120,"Science, National Aeronautics and Space Administration",0001,SCIENCE (DIRECT),25.5,Research and development contracts,D,Q,Not Designated Nonemergency/Emergency/Disaster/Wildfire Suppression,,34242898.98,,,CONT_AWD_80GSFC19C0021_8000_-NONE-_-NONE-,80GSFC19C0021,,,,2018-11-30,2019,2025-08-04,2025,2018-11-30,2027-01-31,,D,DEFINITIVE CONTRACT,,,"OPTICAL TELESCOPE ASSEMBLY (OTA) THIS CONTRACT PROVIDES FOR ALL EFFORTS AND RESPONSIBILITIES FOR THE PERSONNEL, SERVICES, MATERIALS, EQUIPMENT, AND FACILITIES NECESSARY TO BUILD, REFURBISH, OR MODIFY THE OTA AS REQUIRED TO MEET THE WIDE FIELD INFRARED SURVEY TELESCOPE (WFIRST) PERFORMANCE REQUIREMENTS.",080,NATIONAL AERONAUTICS AND SPACE ADMINISTRATION (NASA),8000,NATIONAL AERONAUTICS AND SPACE ADMINISTRATION,80GSFC,NASA GODDARD SPACE FLIGHT CENTER,080,NATIONAL AERONAUTICS AND SPACE ADMINISTRATION (NASA),8000,NATIONAL AERONAUTICS AND SPACE ADMINISTRATION,80GSFC,NASA GODDARD SPACE FLIGHT CENTER,JEGFV3LWEJH7,,"L3HARRIS TECHNOLOGIES, INC.",HARRIS CORPORATION,SJULQDJ8NZU7,SJULQDJ8NZU7,"L3HARRIS TECHNOLOGIES, INC",L3HARRIS TECHNOLOGIES  INC.,USA,NY,MONROE,ROCHESTER,NY-25,NY-25,146066219,UNITED STATES,NEW YORK,MONROE,NY-25,NY-25,146064248,,,6650,"OPTICAL INSTRUMENTS, TEST EQUIPMENT, COMPONENTS AND ACCESSORIES",333314,OPTICAL INSTRUMENT AND LENS MANUFACTURING,,,https://www.usaspending.gov/award/CONT_AWD_80GSFC19C0021_8000_-NONE-_-NONE-/,2020-07-30
National Aeronautics and Space Administration,National Aeronautics and Space Administration,FY2020P09,,080,2019,2020,,0120,000,080-2019/2020-0120-000,"Science, National Aeronautics and Space Administration",National Aeronautics and Space Administration,,"General Science, Space, and Technology","Space flight, research, and supporting activities",080-0120,"Science, National Aeronautics and Space Administration",0001,SCIENCE (DIRECT),25.5,Research and development contracts,D,Q,Not Designated Nonemergency/Emergency/Disaster/Wildfire Suppression,,34242898.98,,,CONT_AWD_80GSFC19C0021_8000_-NONE-_-NONE-,80GSFC19C0021,,,,2018-11-30,2019,2025-08-04,2025,2018-11-30,2027-01-31,,D,DEFINITIVE CONTRACT,,,"OPTICAL TELESCOPE ASSEMBLY (OTA) THIS CONTRACT PROVIDES FOR ALL EFFORTS AND RESPONSIBILITIES FOR THE PERSONNEL, SERVICES, MATERIALS, EQUIPMENT, AND FACILITIES NECESSARY TO BUILD, REFURBISH, OR MODIFY THE OTA AS REQUIRED TO MEET THE WIDE FIELD INFRARED SURVEY TELESCOPE (WFIRST) PERFORMANCE REQUIREMENTS.",080,NATIONAL AERONAUTICS AND SPACE ADMINISTRATION (NASA),8000,NATIONAL AERONAUTICS AND SPACE ADMINISTRATION,80GSFC,NASA GODDARD SPACE FLIGHT CENTER,080,NATIONAL AERONAUTICS AND SPACE ADMINISTRATION (NASA),8000,NATIONAL AERONAUTICS AND SPACE ADMINISTRATION,80GSFC,NASA GODDARD SPACE FLIGHT CENTER,JEGFV3LWEJH7,,"L3HARRIS TECHNOLOGIES, INC.",HARRIS CORPORATION,SJULQDJ8NZU7,SJULQDJ8NZU7,"L3HARRIS TECHNOLOGIES, INC",L3HARRIS TECHNOLOGIES  INC.,USA,NY,MONROE,ROCHESTER,NY-25,NY-25,146066219,UNITED STATES,NEW YORK,MONROE,NY-25,NY-25,146064248,,,6650,"OPTICAL INSTRUMENTS, TEST EQUIPMENT, COMPONENTS AND ACCESSORIES",333314,OPTICAL INSTRUMENT AND LENS MANUFACTURING,,,https://www.usaspending.gov/award/CONT_AWD_80GSFC19C0021_8000_-NONE-_-NONE-/,2020-07-30
National Aeronautics and Space Administration,National Aeronautics and Space Administration,FY2020P10,,080,2020,2021,,0120,000,080-2020/2021-0120-000,"Science, National Aeronautics and Space Administration",National Aeronautics and Space Administration,,"General Science, Space, and Technology","Space flight, research, and supporting activities",080-0120,"Science, National Aeronautics and Space Administration",0001,SCIENCE (DIRECT),25.5,Research and development contracts,D,Q,Not Designated Nonemergency/Emergency/Disaster/Wildfire Suppression,,27361845.57,,,CONT_AWD_80GSFC19C0021_8000_-NONE-_-NONE-,80GSFC19C0021,,,,2018-11-30,2019,2025-08-04,2025,2018-11-30,2027-01-31,,D,DEFINITIVE CONTRACT,,,"OPTICAL TELESCOPE ASSEMBLY (OTA) THIS CONTRACT PROVIDES FOR ALL EFFORTS AND RESPONSIBILITIES FOR THE PERSONNEL, SERVICES, MATERIALS, EQUIPMENT, AND FACILITIES NECESSARY TO BUILD, REFURBISH, OR MODIFY THE OTA AS REQUIRED TO MEET THE WIDE FIELD INFRARED SURVEY TELESCOPE (WFIRST) PERFORMANCE REQUIREMENTS.",080,NATIONAL AERONAUTICS AND SPACE ADMINISTRATION (NASA),8000,NATIONAL AERONAUTICS AND SPACE ADMINISTRATION,80GSFC,NASA GODDARD SPACE FLIGHT CENTER,080,NATIONAL AERONAUTICS AND SPACE ADMINISTRATION (NASA),8000,NATIONAL AERONAUTICS AND SPACE ADMINISTRATION,80GSFC,NASA GODDARD SPACE FLIGHT CENTER,JEGFV3LWEJH7,,"L3HARRIS TECHNOLOGIES, INC.",HARRIS CORPORATION,SJULQDJ8NZU7,SJULQDJ8NZU7,"L3HARRIS TECHNOLOGIES, INC",L3HARRIS TECHNOLOGIES  INC.,USA,NY,MONROE,ROCHESTER,NY-25,NY-25,146066219,UNITED STATES,NEW YORK,MONROE,NY-25,NY-25,146064248,,,6650,"OPTICAL INSTRUMENTS, TEST EQUIPMENT, COMPONENTS AND ACCESSORIES",333314,OPTICAL INSTRUMENT AND LENS MANUFACTURING,,,https://www.usaspending.gov/award/CONT_AWD_80GSFC19C0021_8000_-NONE-_-NONE-/,2020-08-27
National Aeronautics and Space Administration,National Aeronautics and Space Administration,FY2020P10,,080,2020,2021,,0120,000,080-2020/2021-0120-000,"Science, National Aeronautics and Space Administration",National Aeronautics and Space Administration,,"General Science, Space, and Technology","Space flight, research, and supporting activities",080-0120,"Science, National Aeronautics and Space Administration",0001,SCIENCE (DIRECT),25.5,Research and development contracts,D,Q,Not Designated Nonemergency/Emergency/Disaster/Wildfire Suppression,15000000.00,,,,CONT_AWD_80GSFC19C0021_8000_-NONE-_-NONE-,80GSFC19C0021,,,,2018-11-30,2019,2025-08-04,2025,2018-11-30,2027-01-31,,D,DEFINITIVE CONTRACT,,,"OPTICAL TELESCOPE ASSEMBLY (OTA) THIS CONTRACT PROVIDES FOR ALL EFFORTS AND RESPONSIBILITIES FOR THE PERSONNEL, SERVICES, MATERIALS, EQUIPMENT, AND FACILITIES NECESSARY TO BUILD, REFURBISH, OR MODIFY THE OTA AS REQUIRED TO MEET THE WIDE FIELD INFRARED SURVEY TELESCOPE (WFIRST) PERFORMANCE REQUIREMENTS.",080,NATIONAL AERONAUTICS AND SPACE ADMINISTRATION (NASA),8000,NATIONAL AERONAUTICS AND SPACE ADMINISTRATION,80GSFC,NASA GODDARD SPACE FLIGHT CENTER,080,NATIONAL AERONAUTICS AND SPACE ADMINISTRATION (NASA),8000,NATIONAL AERONAUTICS AND SPACE ADMINISTRATION,80GSFC,NASA GODDARD SPACE FLIGHT CENTER,JEGFV3LWEJH7,,"L3HARRIS TECHNOLOGIES, INC.",HARRIS CORPORATION,SJULQDJ8NZU7,SJULQDJ8NZU7,"L3HARRIS TECHNOLOGIES, INC",L3HARRIS TECHNOLOGIES  INC.,USA,NY,MONROE,ROCHESTER,NY-25,NY-25,146066219,UNITED STATES,NEW YORK,MONROE,NY-25,NY-25,146064248,,,6650,"OPTICAL INSTRUMENTS, TEST EQUIPMENT, COMPONENTS AND ACCESSORIES",333314,OPTICAL INSTRUMENT AND LENS MANUFACTURING,,,https://www.usaspending.gov/award/CONT_AWD_80GSFC19C0021_8000_-NONE-_-NONE-/,2020-08-27
National Aeronautics and Space Administration,National Aeronautics and Space Administration,FY2020P10,,080,2019,2020,,0120,000,080-2019/2020-0120-000,"Science, National Aeronautics and Space Administration",National Aeronautics and Space Administration,,"General Science, Space, and Technology","Space flight, research, and supporting activities",080-0120,"Science, National Aeronautics and Space Administration",0001,SCIENCE (DIRECT),25.5,Research and development contracts,D,Q,Not Designated Nonemergency/Emergency/Disaster/Wildfire Suppression,,34242898.98,,,CONT_AWD_80GSFC19C0021_8000_-NONE-_-NONE-,80GSFC19C0021,,,,2018-11-30,2019,2025-08-04,2025,2018-11-30,2027-01-31,,D,DEFINITIVE CONTRACT,,,"OPTICAL TELESCOPE ASSEMBLY (OTA) THIS CONTRACT PROVIDES FOR ALL EFFORTS AND RESPONSIBILITIES FOR THE PERSONNEL, SERVICES, MATERIALS, EQUIPMENT, AND FACILITIES NECESSARY TO BUILD, REFURBISH, OR MODIFY THE OTA AS REQUIRED TO MEET THE WIDE FIELD INFRARED SURVEY TELESCOPE (WFIRST) PERFORMANCE REQUIREMENTS.",080,NATIONAL AERONAUTICS AND SPACE ADMINISTRATION (NASA),8000,NATIONAL AERONAUTICS AND SPACE ADMINISTRATION,80GSFC,NASA GODDARD SPACE FLIGHT CENTER,080,NATIONAL AERONAUTICS AND SPACE ADMINISTRATION (NASA),8000,NATIONAL AERONAUTICS AND SPACE ADMINISTRATION,80GSFC,NASA GODDARD SPACE FLIGHT CENTER,JEGFV3LWEJH7,,"L3HARRIS TECHNOLOGIES, INC.",HARRIS CORPORATION,SJULQDJ8NZU7,SJULQDJ8NZU7,"L3HARRIS TECHNOLOGIES, INC",L3HARRIS TECHNOLOGIES  INC.,USA,NY,MONROE,ROCHESTER,NY-25,NY-25,146066219,UNITED STATES,NEW YORK,MONROE,NY-25,NY-25,146064248,,,6650,"OPTICAL INSTRUMENTS, TEST EQUIPMENT, COMPONENTS AND ACCESSORIES",333314,OPTICAL INSTRUMENT AND LENS MANUFACTURING,,,https://www.usaspending.gov/award/CONT_AWD_80GSFC19C0021_8000_-NONE-_-NONE-/,2020-08-27
National Aeronautics and Space Administration,National Aeronautics and Space Administration,FY2020P11,,080,2020,2021,,0120,000,080-2020/2021-0120-000,"Science, National Aeronautics and Space Administration",National Aeronautics and Space Administration,,"General Science, Space, and Technology","Space flight, research, and supporting activities",080-0120,"Science, National Aeronautics and Space Administration",0001,SCIENCE (DIRECT),25.5,Research and development contracts,D,Q,Not Designated Nonemergency/Emergency/Disaster/Wildfire Suppression,,32419736.44,,,CONT_AWD_80GSFC19C0021_8000_-NONE-_-NONE-,80GSFC19C0021,,,,2018-11-30,2019,2025-08-04,2025,2018-11-30,2027-01-31,,D,DEFINITIVE CONTRACT,,,"OPTICAL TELESCOPE ASSEMBLY (OTA) THIS CONTRACT PROVIDES FOR ALL EFFORTS AND RESPONSIBILITIES FOR THE PERSONNEL, SERVICES, MATERIALS, EQUIPMENT, AND FACILITIES NECESSARY TO BUILD, REFURBISH, OR MODIFY THE OTA AS REQUIRED TO MEET THE WIDE FIELD INFRARED SURVEY TELESCOPE (WFIRST) PERFORMANCE REQUIREMENTS.",080,NATIONAL AERONAUTICS AND SPACE ADMINISTRATION (NASA),8000,NATIONAL AERONAUTICS AND SPACE ADMINISTRATION,80GSFC,NASA GODDARD SPACE FLIGHT CENTER,080,NATIONAL AERONAUTICS AND SPACE ADMINISTRATION (NASA),8000,NATIONAL AERONAUTICS AND SPACE ADMINISTRATION,80GSFC,NASA GODDARD SPACE FLIGHT CENTER,JEGFV3LWEJH7,,"L3HARRIS TECHNOLOGIES, INC.",HARRIS CORPORATION,SJULQDJ8NZU7,SJULQDJ8NZU7,"L3HARRIS TECHNOLOGIES, INC",L3HARRIS TECHNOLOGIES  INC.,USA,NY,MONROE,ROCHESTER,NY-25,NY-25,146066219,UNITED STATES,NEW YORK,MONROE,NY-25,NY-25,146064248,,,6650,"OPTICAL INSTRUMENTS, TEST EQUIPMENT, COMPONENTS AND ACCESSORIES",333314,OPTICAL INSTRUMENT AND LENS MANUFACTURING,,,https://www.usaspending.gov/award/CONT_AWD_80GSFC19C0021_8000_-NONE-_-NONE-/,2020-09-28
National Aeronautics and Space Administration,National Aeronautics and Space Administration,FY2020P11,,080,2019,2020,,0120,000,080-2019/2020-0120-000,"Science, National Aeronautics and Space Administration",National Aeronautics and Space Administration,,"General Science, Space, and Technology","Space flight, research, and supporting activities",080-0120,"Science, National Aeronautics and Space Administration",0001,SCIENCE (DIRECT),25.5,Research and development contracts,D,Q,Not Designated Nonemergency/Emergency/Disaster/Wildfire Suppression,,34242898.98,,,CONT_AWD_80GSFC19C0021_8000_-NONE-_-NONE-,80GSFC19C0021,,,,2018-11-30,2019,2025-08-04,2025,2018-11-30,2027-01-31,,D,DEFINITIVE CONTRACT,,,"OPTICAL TELESCOPE ASSEMBLY (OTA) THIS CONTRACT PROVIDES FOR ALL EFFORTS AND RESPONSIBILITIES FOR THE PERSONNEL, SERVICES, MATERIALS, EQUIPMENT, AND FACILITIES NECESSARY TO BUILD, REFURBISH, OR MODIFY THE OTA AS REQUIRED TO MEET THE WIDE FIELD INFRARED SURVEY TELESCOPE (WFIRST) PERFORMANCE REQUIREMENTS.",080,NATIONAL AERONAUTICS AND SPACE ADMINISTRATION (NASA),8000,NATIONAL AERONAUTICS AND SPACE ADMINISTRATION,80GSFC,NASA GODDARD SPACE FLIGHT CENTER,080,NATIONAL AERONAUTICS AND SPACE ADMINISTRATION (NASA),8000,NATIONAL AERONAUTICS AND SPACE ADMINISTRATION,80GSFC,NASA GODDARD SPACE FLIGHT CENTER,JEGFV3LWEJH7,,"L3HARRIS TECHNOLOGIES, INC.",HARRIS CORPORATION,SJULQDJ8NZU7,SJULQDJ8NZU7,"L3HARRIS TECHNOLOGIES, INC",L3HARRIS TECHNOLOGIES  INC.,USA,NY,MONROE,ROCHESTER,NY-25,NY-25,146066219,UNITED STATES,NEW YORK,MONROE,NY-25,NY-25,146064248,,,6650,"OPTICAL INSTRUMENTS, TEST EQUIPMENT, COMPONENTS AND ACCESSORIES",333314,OPTICAL INSTRUMENT AND LENS MANUFACTURING,,,https://www.usaspending.gov/award/CONT_AWD_80GSFC19C0021_8000_-NONE-_-NONE-/,2020-09-28
National Aeronautics and Space Administration,National Aeronautics and Space Administration,FY2020P12,,080,2020,2021,,0120,000,080-2020/2021-0120-000,"Science, National Aeronautics and Space Administration",National Aeronautics and Space Administration,,"General Science, Space, and Technology","Space flight, research, and supporting activities",080-0120,"Science, National Aeronautics and Space Administration",0001,SCIENCE (DIRECT),25.5,Research and development contracts,D,Q,Not Designated Nonemergency/Emergency/Disaster/Wildfire Suppression,14000000.00,,,,CONT_AWD_80GSFC19C0021_8000_-NONE-_-NONE-,80GSFC19C0021,,,,2018-11-30,2019,2025-08-04,2025,2018-11-30,2027-01-31,,D,DEFINITIVE CONTRACT,,,"OPTICAL TELESCOPE ASSEMBLY (OTA) THIS CONTRACT PROVIDES FOR ALL EFFORTS AND RESPONSIBILITIES FOR THE PERSONNEL, SERVICES, MATERIALS, EQUIPMENT, AND FACILITIES NECESSARY TO BUILD, REFURBISH, OR MODIFY THE OTA AS REQUIRED TO MEET THE WIDE FIELD INFRARED SURVEY TELESCOPE (WFIRST) PERFORMANCE REQUIREMENTS.",080,NATIONAL AERONAUTICS AND SPACE ADMINISTRATION (NASA),8000,NATIONAL AERONAUTICS AND SPACE ADMINISTRATION,80GSFC,NASA GODDARD SPACE FLIGHT CENTER,080,NATIONAL AERONAUTICS AND SPACE ADMINISTRATION (NASA),8000,NATIONAL AERONAUTICS AND SPACE ADMINISTRATION,80GSFC,NASA GODDARD SPACE FLIGHT CENTER,JEGFV3LWEJH7,,"L3HARRIS TECHNOLOGIES, INC.",HARRIS CORPORATION,SJULQDJ8NZU7,SJULQDJ8NZU7,"L3HARRIS TECHNOLOGIES, INC",L3HARRIS TECHNOLOGIES  INC.,USA,NY,MONROE,ROCHESTER,NY-25,NY-25,146066219,UNITED STATES,NEW YORK,MONROE,NY-25,NY-25,146064248,,,6650,"OPTICAL INSTRUMENTS, TEST EQUIPMENT, COMPONENTS AND ACCESSORIES",333314,OPTICAL INSTRUMENT AND LENS MANUFACTURING,,,https://www.usaspending.gov/award/CONT_AWD_80GSFC19C0021_8000_-NONE-_-NONE-/,2020-10-29
National Aeronautics and Space Administration,National Aeronautics and Space Administration,FY2020P12,,080,2020,2021,,0120,000,080-2020/2021-0120-000,"Science, National Aeronautics and Space Administration",National Aeronautics and Space Administration,,"General Science, Space, and Technology","Space flight, research, and supporting activities",080-0120,"Science, National Aeronautics and Space Administration",0001,SCIENCE (DIRECT),25.5,Research and development contracts,D,Q,Not Designated Nonemergency/Emergency/Disaster/Wildfire Suppression,,39733819.76,,,CONT_AWD_80GSFC19C0021_8000_-NONE-_-NONE-,80GSFC19C0021,,,,2018-11-30,2019,2025-08-04,2025,2018-11-30,2027-01-31,,D,DEFINITIVE CONTRACT,,,"OPTICAL TELESCOPE ASSEMBLY (OTA) THIS CONTRACT PROVIDES FOR ALL EFFORTS AND RESPONSIBILITIES FOR THE PERSONNEL, SERVICES, MATERIALS, EQUIPMENT, AND FACILITIES NECESSARY TO BUILD, REFURBISH, OR MODIFY THE OTA AS REQUIRED TO MEET THE WIDE FIELD INFRARED SURVEY TELESCOPE (WFIRST) PERFORMANCE REQUIREMENTS.",080,NATIONAL AERONAUTICS AND SPACE ADMINISTRATION (NASA),8000,NATIONAL AERONAUTICS AND SPACE ADMINISTRATION,80GSFC,NASA GODDARD SPACE FLIGHT CENTER,080,NATIONAL AERONAUTICS AND SPACE ADMINISTRATION (NASA),8000,NATIONAL AERONAUTICS AND SPACE ADMINISTRATION,80GSFC,NASA GODDARD SPACE FLIGHT CENTER,JEGFV3LWEJH7,,"L3HARRIS TECHNOLOGIES, INC.",HARRIS CORPORATION,SJULQDJ8NZU7,SJULQDJ8NZU7,"L3HARRIS TECHNOLOGIES, INC",L3HARRIS TECHNOLOGIES  INC.,USA,NY,MONROE,ROCHESTER,NY-25,NY-25,146066219,UNITED STATES,NEW YORK,MONROE,NY-25,NY-25,146064248,,,6650,"OPTICAL INSTRUMENTS, TEST EQUIPMENT, COMPONENTS AND ACCESSORIES",333314,OPTICAL INSTRUMENT AND LENS MANUFACTURING,,,https://www.usaspending.gov/award/CONT_AWD_80GSFC19C0021_8000_-NONE-_-NONE-/,2020-10-29
National Aeronautics and Space Administration,National Aeronautics and Space Administration,FY2020P12,,080,2019,2020,,0120,000,080-2019/2020-0120-000,"Science, National Aeronautics and Space Administration",National Aeronautics and Space Administration,,"General Science, Space, and Technology","Space flight, research, and supporting activities",080-0120,"Science, National Aeronautics and Space Administration",0001,SCIENCE (DIRECT),25.5,Research and development contracts,D,Q,Not Designated Nonemergency/Emergency/Disaster/Wildfire Suppression,,34242898.98,,,CONT_AWD_80GSFC19C0021_8000_-NONE-_-NONE-,80GSFC19C0021,,,,2018-11-30,2019,2025-08-04,2025,2018-11-30,2027-01-31,,D,DEFINITIVE CONTRACT,,,"OPTICAL TELESCOPE ASSEMBLY (OTA) THIS CONTRACT PROVIDES FOR ALL EFFORTS AND RESPONSIBILITIES FOR THE PERSONNEL, SERVICES, MATERIALS, EQUIPMENT, AND FACILITIES NECESSARY TO BUILD, REFURBISH, OR MODIFY THE OTA AS REQUIRED TO MEET THE WIDE FIELD INFRARED SURVEY TELESCOPE (WFIRST) PERFORMANCE REQUIREMENTS.",080,NATIONAL AERONAUTICS AND SPACE ADMINISTRATION (NASA),8000,NATIONAL AERONAUTICS AND SPACE ADMINISTRATION,80GSFC,NASA GODDARD SPACE FLIGHT CENTER,080,NATIONAL AERONAUTICS AND SPACE ADMINISTRATION (NASA),8000,NATIONAL AERONAUTICS AND SPACE ADMINISTRATION,80GSFC,NASA GODDARD SPACE FLIGHT CENTER,JEGFV3LWEJH7,,"L3HARRIS TECHNOLOGIES, INC.",HARRIS CORPORATION,SJULQDJ8NZU7,SJULQDJ8NZU7,"L3HARRIS TECHNOLOGIES, INC",L3HARRIS TECHNOLOGIES  INC.,USA,NY,MONROE,ROCHESTER,NY-25,NY-25,146066219,UNITED STATES,NEW YORK,MONROE,NY-25,NY-25,146064248,,,6650,"OPTICAL INSTRUMENTS, TEST EQUIPMENT, COMPONENTS AND ACCESSORIES",333314,OPTICAL INSTRUMENT AND LENS MANUFACTURING,,,https://www.usaspending.gov/award/CONT_AWD_80GSFC19C0021_8000_-NONE-_-NONE-/,2020-10-29
National Aeronautics and Space Administration,National Aeronautics and Space Administration,FY2019Q1,,080,2018,2019,,0120,000,080-2018/2019-0120-000,"Science, National Aeronautics and Space Administration",National Aeronautics and Space Administration,,"General Science, Space, and Technology","Space flight, research, and supporting activities",080-0120,"Science, National Aeronautics and Space Administration",0001,SCIENCE (DIRECT),25.5,Research and development contracts,D,,,9000000.00,,,,CONT_AWD_80GSFC19C0021_8000_-NONE-_-NONE-,80GSFC19C0021,,,,2018-11-30,2019,2025-08-04,2025,2018-11-30,2027-01-31,,D,DEFINITIVE CONTRACT,,,"OPTICAL TELESCOPE ASSEMBLY (OTA) THIS CONTRACT PROVIDES FOR ALL EFFORTS AND RESPONSIBILITIES FOR THE PERSONNEL, SERVICES, MATERIALS, EQUIPMENT, AND FACILITIES NECESSARY TO BUILD, REFURBISH, OR MODIFY THE OTA AS REQUIRED TO MEET THE WIDE FIELD INFRARED SURVEY TELESCOPE (WFIRST) PERFORMANCE REQUIREMENTS.",080,NATIONAL AERONAUTICS AND SPACE ADMINISTRATION (NASA),8000,NATIONAL AERONAUTICS AND SPACE ADMINISTRATION,80GSFC,NASA GODDARD SPACE FLIGHT CENTER,080,NATIONAL AERONAUTICS AND SPACE ADMINISTRATION (NASA),8000,NATIONAL AERONAUTICS AND SPACE ADMINISTRATION,80GSFC,NASA GODDARD SPACE FLIGHT CENTER,JEGFV3LWEJH7,,"L3HARRIS TECHNOLOGIES, INC.",HARRIS CORPORATION,SJULQDJ8NZU7,SJULQDJ8NZU7,"L3HARRIS TECHNOLOGIES, INC",L3HARRIS TECHNOLOGIES  INC.,USA,NY,MONROE,ROCHESTER,NY-25,NY-25,146066219,UNITED STATES,NEW YORK,MONROE,NY-25,NY-25,146064248,,,6650,"OPTICAL INSTRUMENTS, TEST EQUIPMENT, COMPONENTS AND ACCESSORIES",333314,OPTICAL INSTRUMENT AND LENS MANUFACTURING,,,https://www.usaspending.gov/award/CONT_AWD_80GSFC19C0021_8000_-NONE-_-NONE-/,2019-03-13
National Aeronautics and Space Administration,National Aeronautics and Space Administration,FY2019Q1,,080,2019,2020,,0120,000,080-2019/2020-0120-000,"Science, National Aeronautics and Space Administration",National Aeronautics and Space Administration,,"General Science, Space, and Technology","Space flight, research, and supporting activities",080-0120,"Science, National Aeronautics and Space Administration",0001,SCIENCE (DIRECT),25.5,Research and development contracts,D,,,2000000.00,,,,CONT_AWD_80GSFC19C0021_8000_-NONE-_-NONE-,80GSFC19C0021,,,,2018-11-30,2019,2025-08-04,2025,2018-11-30,2027-01-31,,D,DEFINITIVE CONTRACT,,,"OPTICAL TELESCOPE ASSEMBLY (OTA) THIS CONTRACT PROVIDES FOR ALL EFFORTS AND RESPONSIBILITIES FOR THE PERSONNEL, SERVICES, MATERIALS, EQUIPMENT, AND FACILITIES NECESSARY TO BUILD, REFURBISH, OR MODIFY THE OTA AS REQUIRED TO MEET THE WIDE FIELD INFRARED SURVEY TELESCOPE (WFIRST) PERFORMANCE REQUIREMENTS.",080,NATIONAL AERONAUTICS AND SPACE ADMINISTRATION (NASA),8000,NATIONAL AERONAUTICS AND SPACE ADMINISTRATION,80GSFC,NASA GODDARD SPACE FLIGHT CENTER,080,NATIONAL AERONAUTICS AND SPACE ADMINISTRATION (NASA),8000,NATIONAL AERONAUTICS AND SPACE ADMINISTRATION,80GSFC,NASA GODDARD SPACE FLIGHT CENTER,JEGFV3LWEJH7,,"L3HARRIS TECHNOLOGIES, INC.",HARRIS CORPORATION,SJULQDJ8NZU7,SJULQDJ8NZU7,"L3HARRIS TECHNOLOGIES, INC",L3HARRIS TECHNOLOGIES  INC.,USA,NY,MONROE,ROCHESTER,NY-25,NY-25,146066219,UNITED STATES,NEW YORK,MONROE,NY-25,NY-25,146064248,,,6650,"OPTICAL INSTRUMENTS, TEST EQUIPMENT, COMPONENTS AND ACCESSORIES",333314,OPTICAL INSTRUMENT AND LENS MANUFACTURING,,,https://www.usaspending.gov/award/CONT_AWD_80GSFC19C0021_8000_-NONE-_-NONE-/,2019-03-13
National Aeronautics and Space Administration,National Aeronautics and Space Administration,FY2019Q1,,080,2019,2020,,0120,000,080-2019/2020-0120-000,"Science, National Aeronautics and Space Administration",National Aeronautics and Space Administration,,"General Science, Space, and Technology","Space flight, research, and supporting activities",080-0120,"Science, National Aeronautics and Space Administration",0001,SCIENCE (DIRECT),25.5,Research and development contracts,D,,,8000000.00,,,,CONT_AWD_80GSFC19C0021_8000_-NONE-_-NONE-,80GSFC19C0021,,,,2018-11-30,2019,2025-08-04,2025,2018-11-30,2027-01-31,,D,DEFINITIVE CONTRACT,,,"OPTICAL TELESCOPE ASSEMBLY (OTA) THIS CONTRACT PROVIDES FOR ALL EFFORTS AND RESPONSIBILITIES FOR THE PERSONNEL, SERVICES, MATERIALS, EQUIPMENT, AND FACILITIES NECESSARY TO BUILD, REFURBISH, OR MODIFY THE OTA AS REQUIRED TO MEET THE WIDE FIELD INFRARED SURVEY TELESCOPE (WFIRST) PERFORMANCE REQUIREMENTS.",080,NATIONAL AERONAUTICS AND SPACE ADMINISTRATION (NASA),8000,NATIONAL AERONAUTICS AND SPACE ADMINISTRATION,80GSFC,NASA GODDARD SPACE FLIGHT CENTER,080,NATIONAL AERONAUTICS AND SPACE ADMINISTRATION (NASA),8000,NATIONAL AERONAUTICS AND SPACE ADMINISTRATION,80GSFC,NASA GODDARD SPACE FLIGHT CENTER,JEGFV3LWEJH7,,"L3HARRIS TECHNOLOGIES, INC.",HARRIS CORPORATION,SJULQDJ8NZU7,SJULQDJ8NZU7,"L3HARRIS TECHNOLOGIES, INC",L3HARRIS TECHNOLOGIES  INC.,USA,NY,MONROE,ROCHESTER,NY-25,NY-25,146066219,UNITED STATES,NEW YORK,MONROE,NY-25,NY-25,146064248,,,6650,"OPTICAL INSTRUMENTS, TEST EQUIPMENT, COMPONENTS AND ACCESSORIES",333314,OPTICAL INSTRUMENT AND LENS MANUFACTURING,,,https://www.usaspending.gov/award/CONT_AWD_80GSFC19C0021_8000_-NONE-_-NONE-/,2019-03-13
National Aeronautics and Space Administration,National Aeronautics and Space Administration,FY2019Q2,,080,2019,2020,,0120,000,080-2019/2020-0120-000,"Science, National Aeronautics and Space Administration",National Aeronautics and Space Administration,,"General Science, Space, and Technology","Space flight, research, and supporting activities",080-0120,"Science, National Aeronautics and Space Administration",0001,SCIENCE (DIRECT),25.5,Research and development contracts,D,,,20000000.00,,,,CONT_AWD_80GSFC19C0021_8000_-NONE-_-NONE-,80GSFC19C0021,,,,2018-11-30,2019,2025-08-04,2025,2018-11-30,2027-01-31,,D,DEFINITIVE CONTRACT,,,"OPTICAL TELESCOPE ASSEMBLY (OTA) THIS CONTRACT PROVIDES FOR ALL EFFORTS AND RESPONSIBILITIES FOR THE PERSONNEL, SERVICES, MATERIALS, EQUIPMENT, AND FACILITIES NECESSARY TO BUILD, REFURBISH, OR MODIFY THE OTA AS REQUIRED TO MEET THE WIDE FIELD INFRARED SURVEY TELESCOPE (WFIRST) PERFORMANCE REQUIREMENTS.",080,NATIONAL AERONAUTICS AND SPACE ADMINISTRATION (NASA),8000,NATIONAL AERONAUTICS AND SPACE ADMINISTRATION,80GSFC,NASA GODDARD SPACE FLIGHT CENTER,080,NATIONAL AERONAUTICS AND SPACE ADMINISTRATION (NASA),8000,NATIONAL AERONAUTICS AND SPACE ADMINISTRATION,80GSFC,NASA GODDARD SPACE FLIGHT CENTER,JEGFV3LWEJH7,,"L3HARRIS TECHNOLOGIES, INC.",HARRIS CORPORATION,SJULQDJ8NZU7,SJULQDJ8NZU7,"L3HARRIS TECHNOLOGIES, INC",L3HARRIS TECHNOLOGIES  INC.,USA,NY,MONROE,ROCHESTER,NY-25,NY-25,146066219,UNITED STATES,NEW YORK,MONROE,NY-25,NY-25,146064248,,,6650,"OPTICAL INSTRUMENTS, TEST EQUIPMENT, COMPONENTS AND ACCESSORIES",333314,OPTICAL INSTRUMENT AND LENS MANUFACTURING,,,https://www.usaspending.gov/award/CONT_AWD_80GSFC19C0021_8000_-NONE-_-NONE-/,2019-05-14
National Aeronautics and Space Administration,National Aeronautics and Space Administration,FY2019Q2,,080,2019,2020,,0120,000,080-2019/2020-0120-000,"Science, National Aeronautics and Space Administration",National Aeronautics and Space Administration,,"General Science, Space, and Technology","Space flight, research, and supporting activities",080-0120,"Science, National Aeronautics and Space Administration",0001,SCIENCE (DIRECT),25.5,Research and development contracts,D,,,10000000.00,,,,CONT_AWD_80GSFC19C0021_8000_-NONE-_-NONE-,80GSFC19C0021,,,,2018-11-30,2019,2025-08-04,2025,2018-11-30,2027-01-31,,D,DEFINITIVE CONTRACT,,,"OPTICAL TELESCOPE ASSEMBLY (OTA) THIS CONTRACT PROVIDES FOR ALL EFFORTS AND RESPONSIBILITIES FOR THE PERSONNEL, SERVICES, MATERIALS, EQUIPMENT, AND FACILITIES NECESSARY TO BUILD, REFURBISH, OR MODIFY THE OTA AS REQUIRED TO MEET THE WIDE FIELD INFRARED SURVEY TELESCOPE (WFIRST) PERFORMANCE REQUIREMENTS.",080,NATIONAL AERONAUTICS AND SPACE ADMINISTRATION (NASA),8000,NATIONAL AERONAUTICS AND SPACE ADMINISTRATION,80GSFC,NASA GODDARD SPACE FLIGHT CENTER,080,NATIONAL AERONAUTICS AND SPACE ADMINISTRATION (NASA),8000,NATIONAL AERONAUTICS AND SPACE ADMINISTRATION,80GSFC,NASA GODDARD SPACE FLIGHT CENTER,JEGFV3LWEJH7,,"L3HARRIS TECHNOLOGIES, INC.",HARRIS CORPORATION,SJULQDJ8NZU7,SJULQDJ8NZU7,"L3HARRIS TECHNOLOGIES, INC",L3HARRIS TECHNOLOGIES  INC.,USA,NY,MONROE,ROCHESTER,NY-25,NY-25,146066219,UNITED STATES,NEW YORK,MONROE,NY-25,NY-25,146064248,,,6650,"OPTICAL INSTRUMENTS, TEST EQUIPMENT, COMPONENTS AND ACCESSORIES",333314,OPTICAL INSTRUMENT AND LENS MANUFACTURING,,,https://www.usaspending.gov/award/CONT_AWD_80GSFC19C0021_8000_-NONE-_-NONE-/,2019-05-14
National Aeronautics and Space Administration,National Aeronautics and Space Administration,FY2019Q3,,080,2019,2020,,0120,000,080-2019/2020-0120-000,"Science, National Aeronautics and Space Administration",National Aeronautics and Space Administration,,"General Science, Space, and Technology","Space flight, research, and supporting activities",080-0120,"Science, National Aeronautics and Space Administration",0001,SCIENCE (DIRECT),25.5,Research and development contracts,D,,,20201946.00,,,,CONT_AWD_80GSFC19C0021_8000_-NONE-_-NONE-,80GSFC19C0021,,,,2018-11-30,2019,2025-08-04,2025,2018-11-30,2027-01-31,,D,DEFINITIVE CONTRACT,,,"OPTICAL TELESCOPE ASSEMBLY (OTA) THIS CONTRACT PROVIDES FOR ALL EFFORTS AND RESPONSIBILITIES FOR THE PERSONNEL, SERVICES, MATERIALS, EQUIPMENT, AND FACILITIES NECESSARY TO BUILD, REFURBISH, OR MODIFY THE OTA AS REQUIRED TO MEET THE WIDE FIELD INFRARED SURVEY TELESCOPE (WFIRST) PERFORMANCE REQUIREMENTS.",080,NATIONAL AERONAUTICS AND SPACE ADMINISTRATION (NASA),8000,NATIONAL AERONAUTICS AND SPACE ADMINISTRATION,80GSFC,NASA GODDARD SPACE FLIGHT CENTER,080,NATIONAL AERONAUTICS AND SPACE ADMINISTRATION (NASA),8000,NATIONAL AERONAUTICS AND SPACE ADMINISTRATION,80GSFC,NASA GODDARD SPACE FLIGHT CENTER,JEGFV3LWEJH7,,"L3HARRIS TECHNOLOGIES, INC.",HARRIS CORPORATION,SJULQDJ8NZU7,SJULQDJ8NZU7,"L3HARRIS TECHNOLOGIES, INC",L3HARRIS TECHNOLOGIES  INC.,USA,NY,MONROE,ROCHESTER,NY-25,NY-25,146066219,UNITED STATES,NEW YORK,MONROE,NY-25,NY-25,146064248,,,6650,"OPTICAL INSTRUMENTS, TEST EQUIPMENT, COMPONENTS AND ACCESSORIES",333314,OPTICAL INSTRUMENT AND LENS MANUFACTURING,,,https://www.usaspending.gov/award/CONT_AWD_80GSFC19C0021_8000_-NONE-_-NONE-/,2019-08-01
National Aeronautics and Space Administration,National Aeronautics and Space Administration,FY2019Q4,,080,2019,2020,,0120,000,080-2019/2020-0120-000,"Science, National Aeronautics and Space Administration",National Aeronautics and Space Administration,,"General Science, Space, and Technology","Space flight, research, and supporting activities",080-0120,"Science, National Aeronautics and Space Administration",0001,SCIENCE (DIRECT),25.5,Research and development contracts,D,,,16000000.00,,,,CONT_AWD_80GSFC19C0021_8000_-NONE-_-NONE-,80GSFC19C0021,,,,2018-11-30,2019,2025-08-04,2025,2018-11-30,2027-01-31,,D,DEFINITIVE CONTRACT,,,"OPTICAL TELESCOPE ASSEMBLY (OTA) THIS CONTRACT PROVIDES FOR ALL EFFORTS AND RESPONSIBILITIES FOR THE PERSONNEL, SERVICES, MATERIALS, EQUIPMENT, AND FACILITIES NECESSARY TO BUILD, REFURBISH, OR MODIFY THE OTA AS REQUIRED TO MEET THE WIDE FIELD INFRARED SURVEY TELESCOPE (WFIRST) PERFORMANCE REQUIREMENTS.",080,NATIONAL AERONAUTICS AND SPACE ADMINISTRATION (NASA),8000,NATIONAL AERONAUTICS AND SPACE ADMINISTRATION,80GSFC,NASA GODDARD SPACE FLIGHT CENTER,080,NATIONAL AERONAUTICS AND SPACE ADMINISTRATION (NASA),8000,NATIONAL AERONAUTICS AND SPACE ADMINISTRATION,80GSFC,NASA GODDARD SPACE FLIGHT CENTER,JEGFV3LWEJH7,,"L3HARRIS TECHNOLOGIES, INC.",HARRIS CORPORATION,SJULQDJ8NZU7,SJULQDJ8NZU7,"L3HARRIS TECHNOLOGIES, INC",L3HARRIS TECHNOLOGIES  INC.,USA,NY,MONROE,ROCHESTER,NY-25,NY-25,146066219,UNITED STATES,NEW YORK,MONROE,NY-25,NY-25,146064248,,,6650,"OPTICAL INSTRUMENTS, TEST EQUIPMENT, COMPONENTS AND ACCESSORIES",333314,OPTICAL INSTRUMENT AND LENS MANUFACTURING,,,https://www.usaspending.gov/award/CONT_AWD_80GSFC19C0021_8000_-NONE-_-NONE-/,2019-11-14
National Aeronautics and Space Administration,National Aeronautics and Space Administration,FY2019Q4,,080,2019,2020,,0120,000,080-2019/2020-0120-000,"Science, National Aeronautics and Space Administration",National Aeronautics and Space Administration,,"General Science, Space, and Technology","Space flight, research, and supporting activities",080-0120,"Science, National Aeronautics and Space Administration",0001,SCIENCE (DIRECT),25.5,Research and development contracts,D,,,12729000.00,,,,CONT_AWD_80GSFC19C0021_8000_-NONE-_-NONE-,80GSFC19C0021,,,,2018-11-30,2019,2025-08-04,2025,2018-11-30,2027-01-31,,D,DEFINITIVE CONTRACT,,,"OPTICAL TELESCOPE ASSEMBLY (OTA) THIS CONTRACT PROVIDES FOR ALL EFFORTS AND RESPONSIBILITIES FOR THE PERSONNEL, SERVICES, MATERIALS, EQUIPMENT, AND FACILITIES NECESSARY TO BUILD, REFURBISH, OR MODIFY THE OTA AS REQUIRED TO MEET THE WIDE FIELD INFRARED SURVEY TELESCOPE (WFIRST) PERFORMANCE REQUIREMENTS.",080,NATIONAL AERONAUTICS AND SPACE ADMINISTRATION (NASA),8000,NATIONAL AERONAUTICS AND SPACE ADMINISTRATION,80GSFC,NASA GODDARD SPACE FLIGHT CENTER,080,NATIONAL AERONAUTICS AND SPACE ADMINISTRATION (NASA),8000,NATIONAL AERONAUTICS AND SPACE ADMINISTRATION,80GSFC,NASA GODDARD SPACE FLIGHT CENTER,JEGFV3LWEJH7,,"L3HARRIS TECHNOLOGIES, INC.",HARRIS CORPORATION,SJULQDJ8NZU7,SJULQDJ8NZU7,"L3HARRIS TECHNOLOGIES, INC",L3HARRIS TECHNOLOGIES  INC.,USA,NY,MONROE,ROCHESTER,NY-25,NY-25,146066219,UNITED STATES,NEW YORK,MONROE,NY-25,NY-25,146064248,,,6650,"OPTICAL INSTRUMENTS, TEST EQUIPMENT, COMPONENTS AND ACCESSORIES",333314,OPTICAL INSTRUMENT AND LENS MANUFACTURING,,,https://www.usaspending.gov/award/CONT_AWD_80GSFC19C0021_8000_-NONE-_-NONE-/,2019-11-14
National Aeronautics and Space Administration,National Aeronautics and Space Administration,FY2021P05,,080,2020,2021,,0120,000,080-2020/2021-0120-000,"Science, National Aeronautics and Space Administration",National Aeronautics and Space Administration,,"General Science, Space, and Technology","Space flight, research, and supporting activities",080-0120,"Science, National Aeronautics and Space Administration",0001,SCIENCE (DIRECT),25.5,Research and development contracts,D,Q,Not Designated Nonemergency/Emergency/Disaster/Wildfire Suppression,,31411144.17,,,CONT_AWD_80GSFC19C0021_8000_-NONE-_-NONE-,80GSFC19C0021,,,,2018-11-30,2019,2025-08-04,2025,2018-11-30,2027-01-31,,D,DEFINITIVE CONTRACT,,,"OPTICAL TELESCOPE ASSEMBLY (OTA) THIS CONTRACT PROVIDES FOR ALL EFFORTS AND RESPONSIBILITIES FOR THE PERSONNEL, SERVICES, MATERIALS, EQUIPMENT, AND FACILITIES NECESSARY TO BUILD, REFURBISH, OR MODIFY THE OTA AS REQUIRED TO MEET THE WIDE FIELD INFRARED SURVEY TELESCOPE (WFIRST) PERFORMANCE REQUIREMENTS.",080,NATIONAL AERONAUTICS AND SPACE ADMINISTRATION (NASA),8000,NATIONAL AERONAUTICS AND SPACE ADMINISTRATION,80GSFC,NASA GODDARD SPACE FLIGHT CENTER,080,NATIONAL AERONAUTICS AND SPACE ADMINISTRATION (NASA),8000,NATIONAL AERONAUTICS AND SPACE ADMINISTRATION,80GSFC,NASA GODDARD SPACE FLIGHT CENTER,JEGFV3LWEJH7,,"L3HARRIS TECHNOLOGIES, INC.",HARRIS CORPORATION,SJULQDJ8NZU7,SJULQDJ8NZU7,"L3HARRIS TECHNOLOGIES, INC",L3HARRIS TECHNOLOGIES  INC.,USA,NY,MONROE,ROCHESTER,NY-25,NY-25,146066219,UNITED STATES,NEW YORK,MONROE,NY-25,NY-25,146064248,,,6650,"OPTICAL INSTRUMENTS, TEST EQUIPMENT, COMPONENTS AND ACCESSORIES",333314,OPTICAL INSTRUMENT AND LENS MANUFACTURING,,,https://www.usaspending.gov/award/CONT_AWD_80GSFC19C0021_8000_-NONE-_-NONE-/,2021-03-26
National Aeronautics and Space Administration,National Aeronautics and Space Administration,FY2021P05,,080,2021,2022,,0120,000,080-2021/2022-0120-000,"Science, National Aeronautics and Space Administration",National Aeronautics and Space Administration,,"General Science, Space, and Technology","Space flight, research, and supporting activities",080-0120,"Science, National Aeronautics and Space Administration",0001,SCIENCE (DIRECT),25.5,Research and development contracts,D,Q,Not Designated Nonemergency/Emergency/Disaster/Wildfire Suppression,26000000.00,,,,CONT_AWD_80GSFC19C0021_8000_-NONE-_-NONE-,80GSFC19C0021,,,,2018-11-30,2019,2025-08-04,2025,2018-11-30,2027-01-31,,D,DEFINITIVE CONTRACT,,,"OPTICAL TELESCOPE ASSEMBLY (OTA) THIS CONTRACT PROVIDES FOR ALL EFFORTS AND RESPONSIBILITIES FOR THE PERSONNEL, SERVICES, MATERIALS, EQUIPMENT, AND FACILITIES NECESSARY TO BUILD, REFURBISH, OR MODIFY THE OTA AS REQUIRED TO MEET THE WIDE FIELD INFRARED SURVEY TELESCOPE (WFIRST) PERFORMANCE REQUIREMENTS.",080,NATIONAL AERONAUTICS AND SPACE ADMINISTRATION (NASA),8000,NATIONAL AERONAUTICS AND SPACE ADMINISTRATION,80GSFC,NASA GODDARD SPACE FLIGHT CENTER,080,NATIONAL AERONAUTICS AND SPACE ADMINISTRATION (NASA),8000,NATIONAL AERONAUTICS AND SPACE ADMINISTRATION,80GSFC,NASA GODDARD SPACE FLIGHT CENTER,JEGFV3LWEJH7,,"L3HARRIS TECHNOLOGIES, INC.",HARRIS CORPORATION,SJULQDJ8NZU7,SJULQDJ8NZU7,"L3HARRIS TECHNOLOGIES, INC",L3HARRIS TECHNOLOGIES  INC.,USA,NY,MONROE,ROCHESTER,NY-25,NY-25,146066219,UNITED STATES,NEW YORK,MONROE,NY-25,NY-25,146064248,,,6650,"OPTICAL INSTRUMENTS, TEST EQUIPMENT, COMPONENTS AND ACCESSORIES",333314,OPTICAL INSTRUMENT AND LENS MANUFACTURING,,,https://www.usaspending.gov/award/CONT_AWD_80GSFC19C0021_8000_-NONE-_-NONE-/,2021-03-26
National Aeronautics and Space Administration,National Aeronautics and Space Administration,FY2021P06,,080,2020,2021,,0120,000,080-2020/2021-0120-000,"Science, National Aeronautics and Space Administration",National Aeronautics and Space Administration,,"General Science, Space, and Technology","Space flight, research, and supporting activities",080-0120,"Science, National Aeronautics and Space Administration",0001,SCIENCE (DIRECT),25.5,Research and development contracts,D,Q,Not Designated Nonemergency/Emergency/Disaster/Wildfire Suppression,,37536899.51,,,CONT_AWD_80GSFC19C0021_8000_-NONE-_-NONE-,80GSFC19C0021,,,,2018-11-30,2019,2025-08-04,2025,2018-11-30,2027-01-31,,D,DEFINITIVE CONTRACT,,,"OPTICAL TELESCOPE ASSEMBLY (OTA) THIS CONTRACT PROVIDES FOR ALL EFFORTS AND RESPONSIBILITIES FOR THE PERSONNEL, SERVICES, MATERIALS, EQUIPMENT, AND FACILITIES NECESSARY TO BUILD, REFURBISH, OR MODIFY THE OTA AS REQUIRED TO MEET THE WIDE FIELD INFRARED SURVEY TELESCOPE (WFIRST) PERFORMANCE REQUIREMENTS.",080,NATIONAL AERONAUTICS AND SPACE ADMINISTRATION (NASA),8000,NATIONAL AERONAUTICS AND SPACE ADMINISTRATION,80GSFC,NASA GODDARD SPACE FLIGHT CENTER,080,NATIONAL AERONAUTICS AND SPACE ADMINISTRATION (NASA),8000,NATIONAL AERONAUTICS AND SPACE ADMINISTRATION,80GSFC,NASA GODDARD SPACE FLIGHT CENTER,JEGFV3LWEJH7,,"L3HARRIS TECHNOLOGIES, INC.",HARRIS CORPORATION,SJULQDJ8NZU7,SJULQDJ8NZU7,"L3HARRIS TECHNOLOGIES, INC",L3HARRIS TECHNOLOGIES  INC.,USA,NY,MONROE,ROCHESTER,NY-25,NY-25,146066219,UNITED STATES,NEW YORK,MONROE,NY-25,NY-25,146064248,,,6650,"OPTICAL INSTRUMENTS, TEST EQUIPMENT, COMPONENTS AND ACCESSORIES",333314,OPTICAL INSTRUMENT AND LENS MANUFACTURING,,,https://www.usaspending.gov/award/CONT_AWD_80GSFC19C0021_8000_-NONE-_-NONE-/,2021-04-25
National Aeronautics and Space Administration,National Aeronautics and Space Administration,FY2021P07,,080,2020,2021,,0120,000,080-2020/2021-0120-000,"Science, National Aeronautics and Space Administration",National Aeronautics and Space Administration,,"General Science, Space, and Technology","Space flight, research, and supporting activities",080-0120,"Science, National Aeronautics and Space Administration",0001,SCIENCE (DIRECT),25.5,Research and development contracts,D,Q,Not Designated Nonemergency/Emergency/Disaster/Wildfire Suppression,,41701661.51,,,CONT_AWD_80GSFC19C0021_8000_-NONE-_-NONE-,80GSFC19C0021,,,,2018-11-30,2019,2025-08-04,2025,2018-11-30,2027-01-31,,D,DEFINITIVE CONTRACT,,,"OPTICAL TELESCOPE ASSEMBLY (OTA) THIS CONTRACT PROVIDES FOR ALL EFFORTS AND RESPONSIBILITIES FOR THE PERSONNEL, SERVICES, MATERIALS, EQUIPMENT, AND FACILITIES NECESSARY TO BUILD, REFURBISH, OR MODIFY THE OTA AS REQUIRED TO MEET THE WIDE FIELD INFRARED SURVEY TELESCOPE (WFIRST) PERFORMANCE REQUIREMENTS.",080,NATIONAL AERONAUTICS AND SPACE ADMINISTRATION (NASA),8000,NATIONAL AERONAUTICS AND SPACE ADMINISTRATION,80GSFC,NASA GODDARD SPACE FLIGHT CENTER,080,NATIONAL AERONAUTICS AND SPACE ADMINISTRATION (NASA),8000,NATIONAL AERONAUTICS AND SPACE ADMINISTRATION,80GSFC,NASA GODDARD SPACE FLIGHT CENTER,JEGFV3LWEJH7,,"L3HARRIS TECHNOLOGIES, INC.",HARRIS CORPORATION,SJULQDJ8NZU7,SJULQDJ8NZU7,"L3HARRIS TECHNOLOGIES, INC",L3HARRIS TECHNOLOGIES  INC.,USA,NY,MONROE,ROCHESTER,NY-25,NY-25,146066219,UNITED STATES,NEW YORK,MONROE,NY-25,NY-25,146064248,,,6650,"OPTICAL INSTRUMENTS, TEST EQUIPMENT, COMPONENTS AND ACCESSORIES",333314,OPTICAL INSTRUMENT AND LENS MANUFACTURING,,,https://www.usaspending.gov/award/CONT_AWD_80GSFC19C0021_8000_-NONE-_-NONE-/,2021-05-26
National Aeronautics and Space Administration,National Aeronautics and Space Administration,FY2021P08,,080,2021,2022,,0120,000,080-2021/2022-0120-000,"Science, National Aeronautics and Space Administration",National Aeronautics and Space Administration,,"General Science, Space, and Technology","Space flight, research, and supporting activities",080-0120,"Science, National Aeronautics and Space Administration",0001,SCIENCE (DIRECT),25.5,Research and development contracts,D,Q,Not Designated Nonemergency/Emergency/Disaster/Wildfire Suppression,28822705.00,,,,CONT_AWD_80GSFC19C0021_8000_-NONE-_-NONE-,80GSFC19C0021,,,,2018-11-30,2019,2025-08-04,2025,2018-11-30,2027-01-31,,D,DEFINITIVE CONTRACT,,,"OPTICAL TELESCOPE ASSEMBLY (OTA) THIS CONTRACT PROVIDES FOR ALL EFFORTS AND RESPONSIBILITIES FOR THE PERSONNEL, SERVICES, MATERIALS, EQUIPMENT, AND FACILITIES NECESSARY TO BUILD, REFURBISH, OR MODIFY THE OTA AS REQUIRED TO MEET THE WIDE FIELD INFRARED SURVEY TELESCOPE (WFIRST) PERFORMANCE REQUIREMENTS.",080,NATIONAL AERONAUTICS AND SPACE ADMINISTRATION (NASA),8000,NATIONAL AERONAUTICS AND SPACE ADMINISTRATION,80GSFC,NASA GODDARD SPACE FLIGHT CENTER,080,NATIONAL AERONAUTICS AND SPACE ADMINISTRATION (NASA),8000,NATIONAL AERONAUTICS AND SPACE ADMINISTRATION,80GSFC,NASA GODDARD SPACE FLIGHT CENTER,JEGFV3LWEJH7,,"L3HARRIS TECHNOLOGIES, INC.",HARRIS CORPORATION,SJULQDJ8NZU7,SJULQDJ8NZU7,"L3HARRIS TECHNOLOGIES, INC",L3HARRIS TECHNOLOGIES  INC.,USA,NY,MONROE,ROCHESTER,NY-25,NY-25,146066219,UNITED STATES,NEW YORK,MONROE,NY-25,NY-25,146064248,,,6650,"OPTICAL INSTRUMENTS, TEST EQUIPMENT, COMPONENTS AND ACCESSORIES",333314,OPTICAL INSTRUMENT AND LENS MANUFACTURING,,,https://www.usaspending.gov/award/CONT_AWD_80GSFC19C0021_8000_-NONE-_-NONE-/,2021-06-25
National Aeronautics and Space Administration,National Aeronautics and Space Administration,FY2021P08,,080,2020,2021,,0120,000,080-2020/2021-0120-000,"Science, National Aeronautics and Space Administration",National Aeronautics and Space Administration,,"General Science, Space, and Technology","Space flight, research, and supporting activities",080-0120,"Science, National Aeronautics and Space Administration",0001,SCIENCE (DIRECT),25.5,Research and development contracts,D,Q,Not Designated Nonemergency/Emergency/Disaster/Wildfire Suppression,,47252982.41,,,CONT_AWD_80GSFC19C0021_8000_-NONE-_-NONE-,80GSFC19C0021,,,,2018-11-30,2019,2025-08-04,2025,2018-11-30,2027-01-31,,D,DEFINITIVE CONTRACT,,,"OPTICAL TELESCOPE ASSEMBLY (OTA) THIS CONTRACT PROVIDES FOR ALL EFFORTS AND RESPONSIBILITIES FOR THE PERSONNEL, SERVICES, MATERIALS, EQUIPMENT, AND FACILITIES NECESSARY TO BUILD, REFURBISH, OR MODIFY THE OTA AS REQUIRED TO MEET THE WIDE FIELD INFRARED SURVEY TELESCOPE (WFIRST) PERFORMANCE REQUIREMENTS.",080,NATIONAL AERONAUTICS AND SPACE ADMINISTRATION (NASA),8000,NATIONAL AERONAUTICS AND SPACE ADMINISTRATION,80GSFC,NASA GODDARD SPACE FLIGHT CENTER,080,NATIONAL AERONAUTICS AND SPACE ADMINISTRATION (NASA),8000,NATIONAL AERONAUTICS AND SPACE ADMINISTRATION,80GSFC,NASA GODDARD SPACE FLIGHT CENTER,JEGFV3LWEJH7,,"L3HARRIS TECHNOLOGIES, INC.",HARRIS CORPORATION,SJULQDJ8NZU7,SJULQDJ8NZU7,"L3HARRIS TECHNOLOGIES, INC",L3HARRIS TECHNOLOGIES  INC.,USA,NY,MONROE,ROCHESTER,NY-25,NY-25,146066219,UNITED STATES,NEW YORK,MONROE,NY-25,NY-25,146064248,,,6650,"OPTICAL INSTRUMENTS, TEST EQUIPMENT, COMPONENTS AND ACCESSORIES",333314,OPTICAL INSTRUMENT AND LENS MANUFACTURING,,,https://www.usaspending.gov/award/CONT_AWD_80GSFC19C0021_8000_-NONE-_-NONE-/,2021-06-25
National Aeronautics and Space Administration,National Aeronautics and Space Administration,FY2021P09,,080,2020,2021,,0120,000,080-2020/2021-0120-000,"Science, National Aeronautics and Space Administration",National Aeronautics and Space Administration,,"General Science, Space, and Technology","Space flight, research, and supporting activities",080-0120,"Science, National Aeronautics and Space Administration",0001,SCIENCE (DIRECT),25.5,Research and development contracts,D,Q,Not Designated Nonemergency/Emergency/Disaster/Wildfire Suppression,,51017887.24,,,CONT_AWD_80GSFC19C0021_8000_-NONE-_-NONE-,80GSFC19C0021,,,,2018-11-30,2019,2025-08-04,2025,2018-11-30,2027-01-31,,D,DEFINITIVE CONTRACT,,,"OPTICAL TELESCOPE ASSEMBLY (OTA) THIS CONTRACT PROVIDES FOR ALL EFFORTS AND RESPONSIBILITIES FOR THE PERSONNEL, SERVICES, MATERIALS, EQUIPMENT, AND FACILITIES NECESSARY TO BUILD, REFURBISH, OR MODIFY THE OTA AS REQUIRED TO MEET THE WIDE FIELD INFRARED SURVEY TELESCOPE (WFIRST) PERFORMANCE REQUIREMENTS.",080,NATIONAL AERONAUTICS AND SPACE ADMINISTRATION (NASA),8000,NATIONAL AERONAUTICS AND SPACE ADMINISTRATION,80GSFC,NASA GODDARD SPACE FLIGHT CENTER,080,NATIONAL AERONAUTICS AND SPACE ADMINISTRATION (NASA),8000,NATIONAL AERONAUTICS AND SPACE ADMINISTRATION,80GSFC,NASA GODDARD SPACE FLIGHT CENTER,JEGFV3LWEJH7,,"L3HARRIS TECHNOLOGIES, INC.",HARRIS CORPORATION,SJULQDJ8NZU7,SJULQDJ8NZU7,"L3HARRIS TECHNOLOGIES, INC",L3HARRIS TECHNOLOGIES  INC.,USA,NY,MONROE,ROCHESTER,NY-25,NY-25,146066219,UNITED STATES,NEW YORK,MONROE,NY-25,NY-25,146064248,,,6650,"OPTICAL INSTRUMENTS, TEST EQUIPMENT, COMPONENTS AND ACCESSORIES",333314,OPTICAL INSTRUMENT AND LENS MANUFACTURING,,,https://www.usaspending.gov/award/CONT_AWD_80GSFC19C0021_8000_-NONE-_-NONE-/,2021-07-27
National Aeronautics and Space Administration,National Aeronautics and Space Administration,FY2021P09,,080,2021,2022,,0120,000,080-2021/2022-0120-000,"Science, National Aeronautics and Space Administration",National Aeronautics and Space Administration,,"General Science, Space, and Technology","Space flight, research, and supporting activities",080-0120,"Science, National Aeronautics and Space Administration",0001,SCIENCE (DIRECT),25.5,Research and development contracts,D,Q,Not Designated Nonemergency/Emergency/Disaster/Wildfire Suppression,,2246338.22,,,CONT_AWD_80GSFC19C0021_8000_-NONE-_-NONE-,80GSFC19C0021,,,,2018-11-30,2019,2025-08-04,2025,2018-11-30,2027-01-31,,D,DEFINITIVE CONTRACT,,,"OPTICAL TELESCOPE ASSEMBLY (OTA) THIS CONTRACT PROVIDES FOR ALL EFFORTS AND RESPONSIBILITIES FOR THE PERSONNEL, SERVICES, MATERIALS, EQUIPMENT, AND FACILITIES NECESSARY TO BUILD, REFURBISH, OR MODIFY THE OTA AS REQUIRED TO MEET THE WIDE FIELD INFRARED SURVEY TELESCOPE (WFIRST) PERFORMANCE REQUIREMENTS.",080,NATIONAL AERONAUTICS AND SPACE ADMINISTRATION (NASA),8000,NATIONAL AERONAUTICS AND SPACE ADMINISTRATION,80GSFC,NASA GODDARD SPACE FLIGHT CENTER,080,NATIONAL AERONAUTICS AND SPACE ADMINISTRATION (NASA),8000,NATIONAL AERONAUTICS AND SPACE ADMINISTRATION,80GSFC,NASA GODDARD SPACE FLIGHT CENTER,JEGFV3LWEJH7,,"L3HARRIS TECHNOLOGIES, INC.",HARRIS CORPORATION,SJULQDJ8NZU7,SJULQDJ8NZU7,"L3HARRIS TECHNOLOGIES, INC",L3HARRIS TECHNOLOGIES  INC.,USA,NY,MONROE,ROCHESTER,NY-25,NY-25,146066219,UNITED STATES,NEW YORK,MONROE,NY-25,NY-25,146064248,,,6650,"OPTICAL INSTRUMENTS, TEST EQUIPMENT, COMPONENTS AND ACCESSORIES",333314,OPTICAL INSTRUMENT AND LENS MANUFACTURING,,,https://www.usaspending.gov/award/CONT_AWD_80GSFC19C0021_8000_-NONE-_-NONE-/,2021-07-27
National Aeronautics and Space Administration,National Aeronautics and Space Administration,FY2021P10,,080,2020,2021,,0120,000,080-2020/2021-0120-000,"Science, National Aeronautics and Space Administration",National Aeronautics and Space Administration,,"General Science, Space, and Technology","Space flight, research, and supporting activities",080-0120,"Science, National Aeronautics and Space Administration",0001,SCIENCE (DIRECT),25.5,Research and development contracts,D,Q,Not Designated Nonemergency/Emergency/Disaster/Wildfire Suppression,,51017887.24,,,CONT_AWD_80GSFC19C0021_8000_-NONE-_-NONE-,80GSFC19C0021,,,,2018-11-30,2019,2025-08-04,2025,2018-11-30,2027-01-31,,D,DEFINITIVE CONTRACT,,,"OPTICAL TELESCOPE ASSEMBLY (OTA) THIS CONTRACT PROVIDES FOR ALL EFFORTS AND RESPONSIBILITIES FOR THE PERSONNEL, SERVICES, MATERIALS, EQUIPMENT, AND FACILITIES NECESSARY TO BUILD, REFURBISH, OR MODIFY THE OTA AS REQUIRED TO MEET THE WIDE FIELD INFRARED SURVEY TELESCOPE (WFIRST) PERFORMANCE REQUIREMENTS.",080,NATIONAL AERONAUTICS AND SPACE ADMINISTRATION (NASA),8000,NATIONAL AERONAUTICS AND SPACE ADMINISTRATION,80GSFC,NASA GODDARD SPACE FLIGHT CENTER,080,NATIONAL AERONAUTICS AND SPACE ADMINISTRATION (NASA),8000,NATIONAL AERONAUTICS AND SPACE ADMINISTRATION,80GSFC,NASA GODDARD SPACE FLIGHT CENTER,JEGFV3LWEJH7,,"L3HARRIS TECHNOLOGIES, INC.",HARRIS CORPORATION,SJULQDJ8NZU7,SJULQDJ8NZU7,"L3HARRIS TECHNOLOGIES, INC",L3HARRIS TECHNOLOGIES  INC.,USA,NY,MONROE,ROCHESTER,NY-25,NY-25,146066219,UNITED STATES,NEW YORK,MONROE,NY-25,NY-25,146064248,,,6650,"OPTICAL INSTRUMENTS, TEST EQUIPMENT, COMPONENTS AND ACCESSORIES",333314,OPTICAL INSTRUMENT AND LENS MANUFACTURING,,,https://www.usaspending.gov/award/CONT_AWD_80GSFC19C0021_8000_-NONE-_-NONE-/,2021-08-27
National Aeronautics and Space Administration,National Aeronautics and Space Administration,FY2021P10,,080,2021,2022,,0120,000,080-2021/2022-0120-000,"Science, National Aeronautics and Space Administration",National Aeronautics and Space Administration,,"General Science, Space, and Technology","Space flight, research, and supporting activities",080-0120,"Science, National Aeronautics and Space Administration",0001,SCIENCE (DIRECT),25.5,Research and development contracts,D,Q,Not Designated Nonemergency/Emergency/Disaster/Wildfire Suppression,,4694943.45,,,CONT_AWD_80GSFC19C0021_8000_-NONE-_-NONE-,80GSFC19C0021,,,,2018-11-30,2019,2025-08-04,2025,2018-11-30,2027-01-31,,D,DEFINITIVE CONTRACT,,,"OPTICAL TELESCOPE ASSEMBLY (OTA) THIS CONTRACT PROVIDES FOR ALL EFFORTS AND RESPONSIBILITIES FOR THE PERSONNEL, SERVICES, MATERIALS, EQUIPMENT, AND FACILITIES NECESSARY TO BUILD, REFURBISH, OR MODIFY THE OTA AS REQUIRED TO MEET THE WIDE FIELD INFRARED SURVEY TELESCOPE (WFIRST) PERFORMANCE REQUIREMENTS.",080,NATIONAL AERONAUTICS AND SPACE ADMINISTRATION (NASA),8000,NATIONAL AERONAUTICS AND SPACE ADMINISTRATION,80GSFC,NASA GODDARD SPACE FLIGHT CENTER,080,NATIONAL AERONAUTICS AND SPACE ADMINISTRATION (NASA),8000,NATIONAL AERONAUTICS AND SPACE ADMINISTRATION,80GSFC,NASA GODDARD SPACE FLIGHT CENTER,JEGFV3LWEJH7,,"L3HARRIS TECHNOLOGIES, INC.",HARRIS CORPORATION,SJULQDJ8NZU7,SJULQDJ8NZU7,"L3HARRIS TECHNOLOGIES, INC",L3HARRIS TECHNOLOGIES  INC.,USA,NY,MONROE,ROCHESTER,NY-25,NY-25,146066219,UNITED STATES,NEW YORK,MONROE,NY-25,NY-25,146064248,,,6650,"OPTICAL INSTRUMENTS, TEST EQUIPMENT, COMPONENTS AND ACCESSORIES",333314,OPTICAL INSTRUMENT AND LENS MANUFACTURING,,,https://www.usaspending.gov/award/CONT_AWD_80GSFC19C0021_8000_-NONE-_-NONE-/,2021-08-27
National Aeronautics and Space Administration,National Aeronautics and Space Administration,FY2021P11,,080,2021,2022,,0120,000,080-2021/2022-0120-000,"Science, National Aeronautics and Space Administration",National Aeronautics and Space Administration,,"General Science, Space, and Technology","Space flight, research, and supporting activities",080-0120,"Science, National Aeronautics and Space Administration",0001,SCIENCE (DIRECT),25.5,Research and development contracts,D,Q,Not Designated Nonemergency/Emergency/Disaster/Wildfire Suppression,,11069344.52,,,CONT_AWD_80GSFC19C0021_8000_-NONE-_-NONE-,80GSFC19C0021,,,,2018-11-30,2019,2025-08-04,2025,2018-11-30,2027-01-31,,D,DEFINITIVE CONTRACT,,,"OPTICAL TELESCOPE ASSEMBLY (OTA) THIS CONTRACT PROVIDES FOR ALL EFFORTS AND RESPONSIBILITIES FOR THE PERSONNEL, SERVICES, MATERIALS, EQUIPMENT, AND FACILITIES NECESSARY TO BUILD, REFURBISH, OR MODIFY THE OTA AS REQUIRED TO MEET THE WIDE FIELD INFRARED SURVEY TELESCOPE (WFIRST) PERFORMANCE REQUIREMENTS.",080,NATIONAL AERONAUTICS AND SPACE ADMINISTRATION (NASA),8000,NATIONAL AERONAUTICS AND SPACE ADMINISTRATION,80GSFC,NASA GODDARD SPACE FLIGHT CENTER,080,NATIONAL AERONAUTICS AND SPACE ADMINISTRATION (NASA),8000,NATIONAL AERONAUTICS AND SPACE ADMINISTRATION,80GSFC,NASA GODDARD SPACE FLIGHT CENTER,JEGFV3LWEJH7,,"L3HARRIS TECHNOLOGIES, INC.",HARRIS CORPORATION,SJULQDJ8NZU7,SJULQDJ8NZU7,"L3HARRIS TECHNOLOGIES, INC",L3HARRIS TECHNOLOGIES  INC.,USA,NY,MONROE,ROCHESTER,NY-25,NY-25,146066219,UNITED STATES,NEW YORK,MONROE,NY-25,NY-25,146064248,,,6650,"OPTICAL INSTRUMENTS, TEST EQUIPMENT, COMPONENTS AND ACCESSORIES",333314,OPTICAL INSTRUMENT AND LENS MANUFACTURING,,,https://www.usaspending.gov/award/CONT_AWD_80GSFC19C0021_8000_-NONE-_-NONE-/,2021-09-22
National Aeronautics and Space Administration,National Aeronautics and Space Administration,FY2021P11,,080,2020,2021,,0120,000,080-2020/2021-0120-000,"Science, National Aeronautics and Space Administration",National Aeronautics and Space Administration,,"General Science, Space, and Technology","Space flight, research, and supporting activities",080-0120,"Science, National Aeronautics and Space Administration",0001,SCIENCE (DIRECT),25.5,Research and development contracts,D,Q,Not Designated Nonemergency/Emergency/Disaster/Wildfire Suppression,,51017887.24,,,CONT_AWD_80GSFC19C0021_8000_-NONE-_-NONE-,80GSFC19C0021,,,,2018-11-30,2019,2025-08-04,2025,2018-11-30,2027-01-31,,D,DEFINITIVE CONTRACT,,,"OPTICAL TELESCOPE ASSEMBLY (OTA) THIS CONTRACT PROVIDES FOR ALL EFFORTS AND RESPONSIBILITIES FOR THE PERSONNEL, SERVICES, MATERIALS, EQUIPMENT, AND FACILITIES NECESSARY TO BUILD, REFURBISH, OR MODIFY THE OTA AS REQUIRED TO MEET THE WIDE FIELD INFRARED SURVEY TELESCOPE (WFIRST) PERFORMANCE REQUIREMENTS.",080,NATIONAL AERONAUTICS AND SPACE ADMINISTRATION (NASA),8000,NATIONAL AERONAUTICS AND SPACE ADMINISTRATION,80GSFC,NASA GODDARD SPACE FLIGHT CENTER,080,NATIONAL AERONAUTICS AND SPACE ADMINISTRATION (NASA),8000,NATIONAL AERONAUTICS AND SPACE ADMINISTRATION,80GSFC,NASA GODDARD SPACE FLIGHT CENTER,JEGFV3LWEJH7,,"L3HARRIS TECHNOLOGIES, INC.",HARRIS CORPORATION,SJULQDJ8NZU7,SJULQDJ8NZU7,"L3HARRIS TECHNOLOGIES, INC",L3HARRIS TECHNOLOGIES  INC.,USA,NY,MONROE,ROCHESTER,NY-25,NY-25,146066219,UNITED STATES,NEW YORK,MONROE,NY-25,NY-25,146064248,,,6650,"OPTICAL INSTRUMENTS, TEST EQUIPMENT, COMPONENTS AND ACCESSORIES",333314,OPTICAL INSTRUMENT AND LENS MANUFACTURING,,,https://www.usaspending.gov/award/CONT_AWD_80GSFC19C0021_8000_-NONE-_-NONE-/,2021-09-22
National Aeronautics and Space Administration,National Aeronautics and Space Administration,FY2021P12,,080,2020,2021,,0120,000,080-2020/2021-0120-000,"Science, National Aeronautics and Space Administration",National Aeronautics and Space Administration,,"General Science, Space, and Technology","Space flight, research, and supporting activities",080-0120,"Science, National Aeronautics and Space Administration",0001,SCIENCE (DIRECT),25.5,Research and development contracts,D,Q,Not Designated Nonemergency/Emergency/Disaster/Wildfire Suppression,,51017887.24,,,CONT_AWD_80GSFC19C0021_8000_-NONE-_-NONE-,80GSFC19C0021,,,,2018-11-30,2019,2025-08-04,2025,2018-11-30,2027-01-31,,D,DEFINITIVE CONTRACT,,,"OPTICAL TELESCOPE ASSEMBLY (OTA) THIS CONTRACT PROVIDES FOR ALL EFFORTS AND RESPONSIBILITIES FOR THE PERSONNEL, SERVICES, MATERIALS, EQUIPMENT, AND FACILITIES NECESSARY TO BUILD, REFURBISH, OR MODIFY THE OTA AS REQUIRED TO MEET THE WIDE FIELD INFRARED SURVEY TELESCOPE (WFIRST) PERFORMANCE REQUIREMENTS.",080,NATIONAL AERONAUTICS AND SPACE ADMINISTRATION (NASA),8000,NATIONAL AERONAUTICS AND SPACE ADMINISTRATION,80GSFC,NASA GODDARD SPACE FLIGHT CENTER,080,NATIONAL AERONAUTICS AND SPACE ADMINISTRATION (NASA),8000,NATIONAL AERONAUTICS AND SPACE ADMINISTRATION,80GSFC,NASA GODDARD SPACE FLIGHT CENTER,JEGFV3LWEJH7,,"L3HARRIS TECHNOLOGIES, INC.",HARRIS CORPORATION,SJULQDJ8NZU7,SJULQDJ8NZU7,"L3HARRIS TECHNOLOGIES, INC",L3HARRIS TECHNOLOGIES  INC.,USA,NY,MONROE,ROCHESTER,NY-25,NY-25,146066219,UNITED STATES,NEW YORK,MONROE,NY-25,NY-25,146064248,,,6650,"OPTICAL INSTRUMENTS, TEST EQUIPMENT, COMPONENTS AND ACCESSORIES",333314,OPTICAL INSTRUMENT AND LENS MANUFACTURING,,,https://www.usaspending.gov/award/CONT_AWD_80GSFC19C0021_8000_-NONE-_-NONE-/,2021-11-06
National Aeronautics and Space Administration,National Aeronautics and Space Administration,FY2021P12,,080,2021,2022,,0120,000,080-2021/2022-0120-000,"Science, National Aeronautics and Space Administration",National Aeronautics and Space Administration,,"General Science, Space, and Technology","Space flight, research, and supporting activities",080-0120,"Science, National Aeronautics and Space Administration",0001,SCIENCE (DIRECT),25.5,Research and development contracts,D,Q,Not Designated Nonemergency/Emergency/Disaster/Wildfire Suppression,,16264252.02,,,CONT_AWD_80GSFC19C0021_8000_-NONE-_-NONE-,80GSFC19C0021,,,,2018-11-30,2019,2025-08-04,2025,2018-11-30,2027-01-31,,D,DEFINITIVE CONTRACT,,,"OPTICAL TELESCOPE ASSEMBLY (OTA) THIS CONTRACT PROVIDES FOR ALL EFFORTS AND RESPONSIBILITIES FOR THE PERSONNEL, SERVICES, MATERIALS, EQUIPMENT, AND FACILITIES NECESSARY TO BUILD, REFURBISH, OR MODIFY THE OTA AS REQUIRED TO MEET THE WIDE FIELD INFRARED SURVEY TELESCOPE (WFIRST) PERFORMANCE REQUIREMENTS.",080,NATIONAL AERONAUTICS AND SPACE ADMINISTRATION (NASA),8000,NATIONAL AERONAUTICS AND SPACE ADMINISTRATION,80GSFC,NASA GODDARD SPACE FLIGHT CENTER,080,NATIONAL AERONAUTICS AND SPACE ADMINISTRATION (NASA),8000,NATIONAL AERONAUTICS AND SPACE ADMINISTRATION,80GSFC,NASA GODDARD SPACE FLIGHT CENTER,JEGFV3LWEJH7,,"L3HARRIS TECHNOLOGIES, INC.",HARRIS CORPORATION,SJULQDJ8NZU7,SJULQDJ8NZU7,"L3HARRIS TECHNOLOGIES, INC",L3HARRIS TECHNOLOGIES  INC.,USA,NY,MONROE,ROCHESTER,NY-25,NY-25,146066219,UNITED STATES,NEW YORK,MONROE,NY-25,NY-25,146064248,,,6650,"OPTICAL INSTRUMENTS, TEST EQUIPMENT, COMPONENTS AND ACCESSORIES",333314,OPTICAL INSTRUMENT AND LENS MANUFACTURING,,,https://www.usaspending.gov/award/CONT_AWD_80GSFC19C0021_8000_-NONE-_-NONE-/,2021-11-06
National Aeronautics and Space Administration,National Aeronautics and Space Administration,FY2021P12,,080,2021,2022,,0120,000,080-2021/2022-0120-000,"Science, National Aeronautics and Space Administration",National Aeronautics and Space Administration,,"General Science, Space, and Technology","Space flight, research, and supporting activities",080-0120,"Science, National Aeronautics and Space Administration",0001,SCIENCE (DIRECT),25.5,Research and development contracts,D,Q,Not Designated Nonemergency/Emergency/Disaster/Wildfire Suppression,7000000.00,,,,CONT_AWD_80GSFC19C0021_8000_-NONE-_-NONE-,80GSFC19C0021,,,,2018-11-30,2019,2025-08-04,2025,2018-11-30,2027-01-31,,D,DEFINITIVE CONTRACT,,,"OPTICAL TELESCOPE ASSEMBLY (OTA) THIS CONTRACT PROVIDES FOR ALL EFFORTS AND RESPONSIBILITIES FOR THE PERSONNEL, SERVICES, MATERIALS, EQUIPMENT, AND FACILITIES NECESSARY TO BUILD, REFURBISH, OR MODIFY THE OTA AS REQUIRED TO MEET THE WIDE FIELD INFRARED SURVEY TELESCOPE (WFIRST) PERFORMANCE REQUIREMENTS.",080,NATIONAL AERONAUTICS AND SPACE ADMINISTRATION (NASA),8000,NATIONAL AERONAUTICS AND SPACE ADMINISTRATION,80GSFC,NASA GODDARD SPACE FLIGHT CENTER,080,NATIONAL AERONAUTICS AND SPACE ADMINISTRATION (NASA),8000,NATIONAL AERONAUTICS AND SPACE ADMINISTRATION,80GSFC,NASA GODDARD SPACE FLIGHT CENTER,JEGFV3LWEJH7,,"L3HARRIS TECHNOLOGIES, INC.",HARRIS CORPORATION,SJULQDJ8NZU7,SJULQDJ8NZU7,"L3HARRIS TECHNOLOGIES, INC",L3HARRIS TECHNOLOGIES  INC.,USA,NY,MONROE,ROCHESTER,NY-25,NY-25,146066219,UNITED STATES,NEW YORK,MONROE,NY-25,NY-25,146064248,,,6650,"OPTICAL INSTRUMENTS, TEST EQUIPMENT, COMPONENTS AND ACCESSORIES",333314,OPTICAL INSTRUMENT AND LENS MANUFACTURING,,,https://www.usaspending.gov/award/CONT_AWD_80GSFC19C0021_8000_-NONE-_-NONE-/,2021-11-06
National Aeronautics and Space Administration,National Aeronautics and Space Administration,FY2022P02,,080,2021,2022,,0120,000,080-2021/2022-0120-000,"Science, National Aeronautics and Space Administration",National Aeronautics and Space Administration,,"General Science, Space, and Technology","Space flight, research, and supporting activities",080-0120,"Science, National Aeronautics and Space Administration",0001,SCIENCE (DIRECT),25.5,Research and development contracts,D,Q,Not Designated Nonemergency/Emergency/Disaster/Wildfire Suppression,,9340787.15,,,CONT_AWD_80GSFC19C0021_8000_-NONE-_-NONE-,80GSFC19C0021,,,,2018-11-30,2019,2025-08-04,2025,2018-11-30,2027-01-31,,D,DEFINITIVE CONTRACT,,,"OPTICAL TELESCOPE ASSEMBLY (OTA) THIS CONTRACT PROVIDES FOR ALL EFFORTS AND RESPONSIBILITIES FOR THE PERSONNEL, SERVICES, MATERIALS, EQUIPMENT, AND FACILITIES NECESSARY TO BUILD, REFURBISH, OR MODIFY THE OTA AS REQUIRED TO MEET THE WIDE FIELD INFRARED SURVEY TELESCOPE (WFIRST) PERFORMANCE REQUIREMENTS.",080,NATIONAL AERONAUTICS AND SPACE ADMINISTRATION (NASA),8000,NATIONAL AERONAUTICS AND SPACE ADMINISTRATION,80GSFC,NASA GODDARD SPACE FLIGHT CENTER,080,NATIONAL AERONAUTICS AND SPACE ADMINISTRATION (NASA),8000,NATIONAL AERONAUTICS AND SPACE ADMINISTRATION,80GSFC,NASA GODDARD SPACE FLIGHT CENTER,JEGFV3LWEJH7,,"L3HARRIS TECHNOLOGIES, INC.",HARRIS CORPORATION,SJULQDJ8NZU7,SJULQDJ8NZU7,"L3HARRIS TECHNOLOGIES, INC",L3HARRIS TECHNOLOGIES  INC.,USA,NY,MONROE,ROCHESTER,NY-25,NY-25,146066219,UNITED STATES,NEW YORK,MONROE,NY-25,NY-25,146064248,,,6650,"OPTICAL INSTRUMENTS, TEST EQUIPMENT, COMPONENTS AND ACCESSORIES",333314,OPTICAL INSTRUMENT AND LENS MANUFACTURING,,,https://www.usaspending.gov/award/CONT_AWD_80GSFC19C0021_8000_-NONE-_-NONE-/,2021-12-20
National Aeronautics and Space Administration,National Aeronautics and Space Administration,FY2022P03,,080,2021,2022,,0120,000,080-2021/2022-0120-000,"Science, National Aeronautics and Space Administration",National Aeronautics and Space Administration,,"General Science, Space, and Technology","Space flight, research, and supporting activities",080-0120,"Science, National Aeronautics and Space Administration",0001,SCIENCE (DIRECT),25.5,Research and development contracts,D,Q,Not Designated Nonemergency/Emergency/Disaster/Wildfire Suppression,,13224654.22,,,CONT_AWD_80GSFC19C0021_8000_-NONE-_-NONE-,80GSFC19C0021,,,,2018-11-30,2019,2025-08-04,2025,2018-11-30,2027-01-31,,D,DEFINITIVE CONTRACT,,,"OPTICAL TELESCOPE ASSEMBLY (OTA) THIS CONTRACT PROVIDES FOR ALL EFFORTS AND RESPONSIBILITIES FOR THE PERSONNEL, SERVICES, MATERIALS, EQUIPMENT, AND FACILITIES NECESSARY TO BUILD, REFURBISH, OR MODIFY THE OTA AS REQUIRED TO MEET THE WIDE FIELD INFRARED SURVEY TELESCOPE (WFIRST) PERFORMANCE REQUIREMENTS.",080,NATIONAL AERONAUTICS AND SPACE ADMINISTRATION (NASA),8000,NATIONAL AERONAUTICS AND SPACE ADMINISTRATION,80GSFC,NASA GODDARD SPACE FLIGHT CENTER,080,NATIONAL AERONAUTICS AND SPACE ADMINISTRATION (NASA),8000,NATIONAL AERONAUTICS AND SPACE ADMINISTRATION,80GSFC,NASA GODDARD SPACE FLIGHT CENTER,JEGFV3LWEJH7,,"L3HARRIS TECHNOLOGIES, INC.",HARRIS CORPORATION,SJULQDJ8NZU7,SJULQDJ8NZU7,"L3HARRIS TECHNOLOGIES, INC",L3HARRIS TECHNOLOGIES  INC.,USA,NY,MONROE,ROCHESTER,NY-25,NY-25,146066219,UNITED STATES,NEW YORK,MONROE,NY-25,NY-25,146064248,,,6650,"OPTICAL INSTRUMENTS, TEST EQUIPMENT, COMPONENTS AND ACCESSORIES",333314,OPTICAL INSTRUMENT AND LENS MANUFACTURING,,,https://www.usaspending.gov/award/CONT_AWD_80GSFC19C0021_8000_-NONE-_-NONE-/,2022-01-25
National Aeronautics and Space Administration,National Aeronautics and Space Administration,FY2022P04,,080,2021,2022,,0120,000,080-2021/2022-0120-000,"Science, National Aeronautics and Space Administration",National Aeronautics and Space Administration,,"General Science, Space, and Technology","Space flight, research, and supporting activities",080-0120,"Science, National Aeronautics and Space Administration",0001,SCIENCE (DIRECT),25.5,Research and development contracts,D,Q,Not Designated Nonemergency/Emergency/Disaster/Wildfire Suppression,,15910322.08,,,CONT_AWD_80GSFC19C0021_8000_-NONE-_-NONE-,80GSFC19C0021,,,,2018-11-30,2019,2025-08-04,2025,2018-11-30,2027-01-31,,D,DEFINITIVE CONTRACT,,,"OPTICAL TELESCOPE ASSEMBLY (OTA) THIS CONTRACT PROVIDES FOR ALL EFFORTS AND RESPONSIBILITIES FOR THE PERSONNEL, SERVICES, MATERIALS, EQUIPMENT, AND FACILITIES NECESSARY TO BUILD, REFURBISH, OR MODIFY THE OTA AS REQUIRED TO MEET THE WIDE FIELD INFRARED SURVEY TELESCOPE (WFIRST) PERFORMANCE REQUIREMENTS.",080,NATIONAL AERONAUTICS AND SPACE ADMINISTRATION (NASA),8000,NATIONAL AERONAUTICS AND SPACE ADMINISTRATION,80GSFC,NASA GODDARD SPACE FLIGHT CENTER,080,NATIONAL AERONAUTICS AND SPACE ADMINISTRATION (NASA),8000,NATIONAL AERONAUTICS AND SPACE ADMINISTRATION,80GSFC,NASA GODDARD SPACE FLIGHT CENTER,JEGFV3LWEJH7,,"L3HARRIS TECHNOLOGIES, INC.",HARRIS CORPORATION,SJULQDJ8NZU7,SJULQDJ8NZU7,"L3HARRIS TECHNOLOGIES, INC",L3HARRIS TECHNOLOGIES  INC.,USA,NY,MONROE,ROCHESTER,NY-25,NY-25,146066219,UNITED STATES,NEW YORK,MONROE,NY-25,NY-25,146064248,,,6650,"OPTICAL INSTRUMENTS, TEST EQUIPMENT, COMPONENTS AND ACCESSORIES",333314,OPTICAL INSTRUMENT AND LENS MANUFACTURING,,,https://www.usaspending.gov/award/CONT_AWD_80GSFC19C0021_8000_-NONE-_-NONE-/,2022-02-24
National Aeronautics and Space Administration,National Aeronautics and Space Administration,FY2022P05,,080,2021,2022,,0120,000,080-2021/2022-0120-000,"Science, National Aeronautics and Space Administration",National Aeronautics and Space Administration,,"General Science, Space, and Technology","Space flight, research, and supporting activities",080-0120,"Science, National Aeronautics and Space Administration",0001,SCIENCE (DIRECT),25.5,Research and development contracts,D,Q,Not Designated Nonemergency/Emergency/Disaster/Wildfire Suppression,,20540440.23,,,CONT_AWD_80GSFC19C0021_8000_-NONE-_-NONE-,80GSFC19C0021,,,,2018-11-30,2019,2025-08-04,2025,2018-11-30,2027-01-31,,D,DEFINITIVE CONTRACT,,,"OPTICAL TELESCOPE ASSEMBLY (OTA) THIS CONTRACT PROVIDES FOR ALL EFFORTS AND RESPONSIBILITIES FOR THE PERSONNEL, SERVICES, MATERIALS, EQUIPMENT, AND FACILITIES NECESSARY TO BUILD, REFURBISH, OR MODIFY THE OTA AS REQUIRED TO MEET THE WIDE FIELD INFRARED SURVEY TELESCOPE (WFIRST) PERFORMANCE REQUIREMENTS.",080,NATIONAL AERONAUTICS AND SPACE ADMINISTRATION (NASA),8000,NATIONAL AERONAUTICS AND SPACE ADMINISTRATION,80GSFC,NASA GODDARD SPACE FLIGHT CENTER,080,NATIONAL AERONAUTICS AND SPACE ADMINISTRATION (NASA),8000,NATIONAL AERONAUTICS AND SPACE ADMINISTRATION,80GSFC,NASA GODDARD SPACE FLIGHT CENTER,JEGFV3LWEJH7,,"L3HARRIS TECHNOLOGIES, INC.",HARRIS CORPORATION,SJULQDJ8NZU7,SJULQDJ8NZU7,"L3HARRIS TECHNOLOGIES, INC",L3HARRIS TECHNOLOGIES  INC.,USA,NY,MONROE,ROCHESTER,NY-25,NY-25,146066219,UNITED STATES,NEW YORK,MONROE,NY-25,NY-25,146064248,,,6650,"OPTICAL INSTRUMENTS, TEST EQUIPMENT, COMPONENTS AND ACCESSORIES",333314,OPTICAL INSTRUMENT AND LENS MANUFACTURING,,,https://www.usaspending.gov/award/CONT_AWD_80GSFC19C0021_8000_-NONE-_-NONE-/,2022-03-28
National Aeronautics and Space Administration,National Aeronautics and Space Administration,FY2022P06,,080,2021,2022,,0120,000,080-2021/2022-0120-000,"Science, National Aeronautics and Space Administration",National Aeronautics and Space Administration,,"General Science, Space, and Technology","Space flight, research, and supporting activities",080-0120,"Science, National Aeronautics and Space Administration",0001,SCIENCE (DIRECT),25.5,Research and development contracts,D,Q,Not Designated Nonemergency/Emergency/Disaster/Wildfire Suppression,,27715104.94,,,CONT_AWD_80GSFC19C0021_8000_-NONE-_-NONE-,80GSFC19C0021,,,,2018-11-30,2019,2025-08-04,2025,2018-11-30,2027-01-31,,D,DEFINITIVE CONTRACT,,,"OPTICAL TELESCOPE ASSEMBLY (OTA) THIS CONTRACT PROVIDES FOR ALL EFFORTS AND RESPONSIBILITIES FOR THE PERSONNEL, SERVICES, MATERIALS, EQUIPMENT, AND FACILITIES NECESSARY TO BUILD, REFURBISH, OR MODIFY THE OTA AS REQUIRED TO MEET THE WIDE FIELD INFRARED SURVEY TELESCOPE (WFIRST) PERFORMANCE REQUIREMENTS.",080,NATIONAL AERONAUTICS AND SPACE ADMINISTRATION (NASA),8000,NATIONAL AERONAUTICS AND SPACE ADMINISTRATION,80GSFC,NASA GODDARD SPACE FLIGHT CENTER,080,NATIONAL AERONAUTICS AND SPACE ADMINISTRATION (NASA),8000,NATIONAL AERONAUTICS AND SPACE ADMINISTRATION,80GSFC,NASA GODDARD SPACE FLIGHT CENTER,JEGFV3LWEJH7,,"L3HARRIS TECHNOLOGIES, INC.",HARRIS CORPORATION,SJULQDJ8NZU7,SJULQDJ8NZU7,"L3HARRIS TECHNOLOGIES, INC",L3HARRIS TECHNOLOGIES  INC.,USA,NY,MONROE,ROCHESTER,NY-25,NY-25,146066219,UNITED STATES,NEW YORK,MONROE,NY-25,NY-25,146064248,,,6650,"OPTICAL INSTRUMENTS, TEST EQUIPMENT, COMPONENTS AND ACCESSORIES",333314,OPTICAL INSTRUMENT AND LENS MANUFACTURING,,,https://www.usaspending.gov/award/CONT_AWD_80GSFC19C0021_8000_-NONE-_-NONE-/,2022-04-25
National Aeronautics and Space Administration,National Aeronautics and Space Administration,FY2022P07,,080,2022,2023,,0120,000,080-2022/2023-0120-000,"Science, National Aeronautics and Space Administration",National Aeronautics and Space Administration,,"General Science, Space, and Technology","Space flight, research, and supporting activities",080-0120,"Science, National Aeronautics and Space Administration",0001,SCIENCE (DIRECT),25.5,Research and development contracts,D,Q,Not Designated Nonemergency/Emergency/Disaster/Wildfire Suppression,16047580.12,,,,CONT_AWD_80GSFC19C0021_8000_-NONE-_-NONE-,80GSFC19C0021,,,,2018-11-30,2019,2025-08-04,2025,2018-11-30,2027-01-31,,D,DEFINITIVE CONTRACT,,,"OPTICAL TELESCOPE ASSEMBLY (OTA) THIS CONTRACT PROVIDES FOR ALL EFFORTS AND RESPONSIBILITIES FOR THE PERSONNEL, SERVICES, MATERIALS, EQUIPMENT, AND FACILITIES NECESSARY TO BUILD, REFURBISH, OR MODIFY THE OTA AS REQUIRED TO MEET THE WIDE FIELD INFRARED SURVEY TELESCOPE (WFIRST) PERFORMANCE REQUIREMENTS.",080,NATIONAL AERONAUTICS AND SPACE ADMINISTRATION (NASA),8000,NATIONAL AERONAUTICS AND SPACE ADMINISTRATION,80GSFC,NASA GODDARD SPACE FLIGHT CENTER,080,NATIONAL AERONAUTICS AND SPACE ADMINISTRATION (NASA),8000,NATIONAL AERONAUTICS AND SPACE ADMINISTRATION,80GSFC,NASA GODDARD SPACE FLIGHT CENTER,JEGFV3LWEJH7,,"L3HARRIS TECHNOLOGIES, INC.",HARRIS CORPORATION,SJULQDJ8NZU7,SJULQDJ8NZU7,"L3HARRIS TECHNOLOGIES, INC",L3HARRIS TECHNOLOGIES  INC.,USA,NY,MONROE,ROCHESTER,NY-25,NY-25,146066219,UNITED STATES,NEW YORK,MONROE,NY-25,NY-25,146064248,,,6650,"OPTICAL INSTRUMENTS, TEST EQUIPMENT, COMPONENTS AND ACCESSORIES",333314,OPTICAL INSTRUMENT AND LENS MANUFACTURING,,,https://www.usaspending.gov/award/CONT_AWD_80GSFC19C0021_8000_-NONE-_-NONE-/,2022-05-25
National Aeronautics and Space Administration,National Aeronautics and Space Administration,FY2022P07,,080,2021,2022,,0120,000,080-2021/2022-0120-000,"Science, National Aeronautics and Space Administration",National Aeronautics and Space Administration,,"General Science, Space, and Technology","Space flight, research, and supporting activities",080-0120,"Science, National Aeronautics and Space Administration",0001,SCIENCE (DIRECT),25.5,Research and development contracts,D,Q,Not Designated Nonemergency/Emergency/Disaster/Wildfire Suppression,,30517969.81,,,CONT_AWD_80GSFC19C0021_8000_-NONE-_-NONE-,80GSFC19C0021,,,,2018-11-30,2019,2025-08-04,2025,2018-11-30,2027-01-31,,D,DEFINITIVE CONTRACT,,,"OPTICAL TELESCOPE ASSEMBLY (OTA) THIS CONTRACT PROVIDES FOR ALL EFFORTS AND RESPONSIBILITIES FOR THE PERSONNEL, SERVICES, MATERIALS, EQUIPMENT, AND FACILITIES NECESSARY TO BUILD, REFURBISH, OR MODIFY THE OTA AS REQUIRED TO MEET THE WIDE FIELD INFRARED SURVEY TELESCOPE (WFIRST) PERFORMANCE REQUIREMENTS.",080,NATIONAL AERONAUTICS AND SPACE ADMINISTRATION (NASA),8000,NATIONAL AERONAUTICS AND SPACE ADMINISTRATION,80GSFC,NASA GODDARD SPACE FLIGHT CENTER,080,NATIONAL AERONAUTICS AND SPACE ADMINISTRATION (NASA),8000,NATIONAL AERONAUTICS AND SPACE ADMINISTRATION,80GSFC,NASA GODDARD SPACE FLIGHT CENTER,JEGFV3LWEJH7,,"L3HARRIS TECHNOLOGIES, INC.",HARRIS CORPORATION,SJULQDJ8NZU7,SJULQDJ8NZU7,"L3HARRIS TECHNOLOGIES, INC",L3HARRIS TECHNOLOGIES  INC.,USA,NY,MONROE,ROCHESTER,NY-25,NY-25,146066219,UNITED STATES,NEW YORK,MONROE,NY-25,NY-25,146064248,,,6650,"OPTICAL INSTRUMENTS, TEST EQUIPMENT, COMPONENTS AND ACCESSORIES",333314,OPTICAL INSTRUMENT AND LENS MANUFACTURING,,,https://www.usaspending.gov/award/CONT_AWD_80GSFC19C0021_8000_-NONE-_-NONE-/,2022-05-25
National Aeronautics and Space Administration,National Aeronautics and Space Administration,FY2022P07,,080,2021,2022,,0120,000,080-2021/2022-0120-000,"Science, National Aeronautics and Space Administration",National Aeronautics and Space Administration,,"General Science, Space, and Technology","Space flight, research, and supporting activities",080-0120,"Science, National Aeronautics and Space Administration",0001,SCIENCE (DIRECT),25.5,Research and development contracts,D,Q,Not Designated Nonemergency/Emergency/Disaster/Wildfire Suppression,15818.88,,,,CONT_AWD_80GSFC19C0021_8000_-NONE-_-NONE-,80GSFC19C0021,,,,2018-11-30,2019,2025-08-04,2025,2018-11-30,2027-01-31,,D,DEFINITIVE CONTRACT,,,"OPTICAL TELESCOPE ASSEMBLY (OTA) THIS CONTRACT PROVIDES FOR ALL EFFORTS AND RESPONSIBILITIES FOR THE PERSONNEL, SERVICES, MATERIALS, EQUIPMENT, AND FACILITIES NECESSARY TO BUILD, REFURBISH, OR MODIFY THE OTA AS REQUIRED TO MEET THE WIDE FIELD INFRARED SURVEY TELESCOPE (WFIRST) PERFORMANCE REQUIREMENTS.",080,NATIONAL AERONAUTICS AND SPACE ADMINISTRATION (NASA),8000,NATIONAL AERONAUTICS AND SPACE ADMINISTRATION,80GSFC,NASA GODDARD SPACE FLIGHT CENTER,080,NATIONAL AERONAUTICS AND SPACE ADMINISTRATION (NASA),8000,NATIONAL AERONAUTICS AND SPACE ADMINISTRATION,80GSFC,NASA GODDARD SPACE FLIGHT CENTER,JEGFV3LWEJH7,,"L3HARRIS TECHNOLOGIES, INC.",HARRIS CORPORATION,SJULQDJ8NZU7,SJULQDJ8NZU7,"L3HARRIS TECHNOLOGIES, INC",L3HARRIS TECHNOLOGIES  INC.,USA,NY,MONROE,ROCHESTER,NY-25,NY-25,146066219,UNITED STATES,NEW YORK,MONROE,NY-25,NY-25,146064248,,,6650,"OPTICAL INSTRUMENTS, TEST EQUIPMENT, COMPONENTS AND ACCESSORIES",333314,OPTICAL INSTRUMENT AND LENS MANUFACTURING,,,https://www.usaspending.gov/award/CONT_AWD_80GSFC19C0021_8000_-NONE-_-NONE-/,2022-05-25
National Aeronautics and Space Administration,National Aeronautics and Space Administration,FY2022P08,,080,2022,2023,,0120,000,080-2022/2023-0120-000,"Science, National Aeronautics and Space Administration",National Aeronautics and Space Administration,,"General Science, Space, and Technology","Space flight, research, and supporting activities",080-0120,"Science, National Aeronautics and Space Administration",0001,SCIENCE (DIRECT),25.5,Research and development contracts,D,Q,Not Designated Nonemergency/Emergency/Disaster/Wildfire Suppression,0.25,,,,CONT_AWD_80GSFC19C0021_8000_-NONE-_-NONE-,80GSFC19C0021,,,,2018-11-30,2019,2025-08-04,2025,2018-11-30,2027-01-31,,D,DEFINITIVE CONTRACT,,,"OPTICAL TELESCOPE ASSEMBLY (OTA) THIS CONTRACT PROVIDES FOR ALL EFFORTS AND RESPONSIBILITIES FOR THE PERSONNEL, SERVICES, MATERIALS, EQUIPMENT, AND FACILITIES NECESSARY TO BUILD, REFURBISH, OR MODIFY THE OTA AS REQUIRED TO MEET THE WIDE FIELD INFRARED SURVEY TELESCOPE (WFIRST) PERFORMANCE REQUIREMENTS.",080,NATIONAL AERONAUTICS AND SPACE ADMINISTRATION (NASA),8000,NATIONAL AERONAUTICS AND SPACE ADMINISTRATION,80GSFC,NASA GODDARD SPACE FLIGHT CENTER,080,NATIONAL AERONAUTICS AND SPACE ADMINISTRATION (NASA),8000,NATIONAL AERONAUTICS AND SPACE ADMINISTRATION,80GSFC,NASA GODDARD SPACE FLIGHT CENTER,JEGFV3LWEJH7,,"L3HARRIS TECHNOLOGIES, INC.",HARRIS CORPORATION,SJULQDJ8NZU7,SJULQDJ8NZU7,"L3HARRIS TECHNOLOGIES, INC",L3HARRIS TECHNOLOGIES  INC.,USA,NY,MONROE,ROCHESTER,NY-25,NY-25,146066219,UNITED STATES,NEW YORK,MONROE,NY-25,NY-25,146064248,,,6650,"OPTICAL INSTRUMENTS, TEST EQUIPMENT, COMPONENTS AND ACCESSORIES",333314,OPTICAL INSTRUMENT AND LENS MANUFACTURING,,,https://www.usaspending.gov/award/CONT_AWD_80GSFC19C0021_8000_-NONE-_-NONE-/,2022-06-27
National Aeronautics and Space Administration,National Aeronautics and Space Administration,FY2022P08,,080,2021,2022,,0120,000,080-2021/2022-0120-000,"Science, National Aeronautics and Space Administration",National Aeronautics and Space Administration,,"General Science, Space, and Technology","Space flight, research, and supporting activities",080-0120,"Science, National Aeronautics and Space Administration",0001,SCIENCE (DIRECT),25.5,Research and development contracts,D,Q,Not Designated Nonemergency/Emergency/Disaster/Wildfire Suppression,,36637787.99,,,CONT_AWD_80GSFC19C0021_8000_-NONE-_-NONE-,80GSFC19C0021,,,,2018-11-30,2019,2025-08-04,2025,2018-11-30,2027-01-31,,D,DEFINITIVE CONTRACT,,,"OPTICAL TELESCOPE ASSEMBLY (OTA) THIS CONTRACT PROVIDES FOR ALL EFFORTS AND RESPONSIBILITIES FOR THE PERSONNEL, SERVICES, MATERIALS, EQUIPMENT, AND FACILITIES NECESSARY TO BUILD, REFURBISH, OR MODIFY THE OTA AS REQUIRED TO MEET THE WIDE FIELD INFRARED SURVEY TELESCOPE (WFIRST) PERFORMANCE REQUIREMENTS.",080,NATIONAL AERONAUTICS AND SPACE ADMINISTRATION (NASA),8000,NATIONAL AERONAUTICS AND SPACE ADMINISTRATION,80GSFC,NASA GODDARD SPACE FLIGHT CENTER,080,NATIONAL AERONAUTICS AND SPACE ADMINISTRATION (NASA),8000,NATIONAL AERONAUTICS AND SPACE ADMINISTRATION,80GSFC,NASA GODDARD SPACE FLIGHT CENTER,JEGFV3LWEJH7,,"L3HARRIS TECHNOLOGIES, INC.",HARRIS CORPORATION,SJULQDJ8NZU7,SJULQDJ8NZU7,"L3HARRIS TECHNOLOGIES, INC",L3HARRIS TECHNOLOGIES  INC.,USA,NY,MONROE,ROCHESTER,NY-25,NY-25,146066219,UNITED STATES,NEW YORK,MONROE,NY-25,NY-25,146064248,,,6650,"OPTICAL INSTRUMENTS, TEST EQUIPMENT, COMPONENTS AND ACCESSORIES",333314,OPTICAL INSTRUMENT AND LENS MANUFACTURING,,,https://www.usaspending.gov/award/CONT_AWD_80GSFC19C0021_8000_-NONE-_-NONE-/,2022-06-27
National Aeronautics and Space Administration,National Aeronautics and Space Administration,FY2022P08,,080,2021,2022,,0120,000,080-2021/2022-0120-000,"Science, National Aeronautics and Space Administration",National Aeronautics and Space Administration,,"General Science, Space, and Technology","Space flight, research, and supporting activities",080-0120,"Science, National Aeronautics and Space Administration",0001,SCIENCE (DIRECT),25.5,Research and development contracts,D,Q,Not Designated Nonemergency/Emergency/Disaster/Wildfire Suppression,52974.75,,,,CONT_AWD_80GSFC19C0021_8000_-NONE-_-NONE-,80GSFC19C0021,,,,2018-11-30,2019,2025-08-04,2025,2018-11-30,2027-01-31,,D,DEFINITIVE CONTRACT,,,"OPTICAL TELESCOPE ASSEMBLY (OTA) THIS CONTRACT PROVIDES FOR ALL EFFORTS AND RESPONSIBILITIES FOR THE PERSONNEL, SERVICES, MATERIALS, EQUIPMENT, AND FACILITIES NECESSARY TO BUILD, REFURBISH, OR MODIFY THE OTA AS REQUIRED TO MEET THE WIDE FIELD INFRARED SURVEY TELESCOPE (WFIRST) PERFORMANCE REQUIREMENTS.",080,NATIONAL AERONAUTICS AND SPACE ADMINISTRATION (NASA),8000,NATIONAL AERONAUTICS AND SPACE ADMINISTRATION,80GSFC,NASA GODDARD SPACE FLIGHT CENTER,080,NATIONAL AERONAUTICS AND SPACE ADMINISTRATION (NASA),8000,NATIONAL AERONAUTICS AND SPACE ADMINISTRATION,80GSFC,NASA GODDARD SPACE FLIGHT CENTER,JEGFV3LWEJH7,,"L3HARRIS TECHNOLOGIES, INC.",HARRIS CORPORATION,SJULQDJ8NZU7,SJULQDJ8NZU7,"L3HARRIS TECHNOLOGIES, INC",L3HARRIS TECHNOLOGIES  INC.,USA,NY,MONROE,ROCHESTER,NY-25,NY-25,146066219,UNITED STATES,NEW YORK,MONROE,NY-25,NY-25,146064248,,,6650,"OPTICAL INSTRUMENTS, TEST EQUIPMENT, COMPONENTS AND ACCESSORIES",333314,OPTICAL INSTRUMENT AND LENS MANUFACTURING,,,https://www.usaspending.gov/award/CONT_AWD_80GSFC19C0021_8000_-NONE-_-NONE-/,2022-06-27
National Aeronautics and Space Administration,National Aeronautics and Space Administration,FY2022P09,,080,2022,2023,,0120,000,080-2022/2023-0120-000,"Science, National Aeronautics and Space Administration",National Aeronautics and Space Administration,,"General Science, Space, and Technology","Space flight, research, and supporting activities",080-0120,"Science, National Aeronautics and Space Administration",0001,SCIENCE (DIRECT),25.5,Research and development contracts,D,Q,Not Designated Nonemergency/Emergency/Disaster/Wildfire Suppression,,3789483.22,,,CONT_AWD_80GSFC19C0021_8000_-NONE-_-NONE-,80GSFC19C0021,,,,2018-11-30,2019,2025-08-04,2025,2018-11-30,2027-01-31,,D,DEFINITIVE CONTRACT,,,"OPTICAL TELESCOPE ASSEMBLY (OTA) THIS CONTRACT PROVIDES FOR ALL EFFORTS AND RESPONSIBILITIES FOR THE PERSONNEL, SERVICES, MATERIALS, EQUIPMENT, AND FACILITIES NECESSARY TO BUILD, REFURBISH, OR MODIFY THE OTA AS REQUIRED TO MEET THE WIDE FIELD INFRARED SURVEY TELESCOPE (WFIRST) PERFORMANCE REQUIREMENTS.",080,NATIONAL AERONAUTICS AND SPACE ADMINISTRATION (NASA),8000,NATIONAL AERONAUTICS AND SPACE ADMINISTRATION,80GSFC,NASA GODDARD SPACE FLIGHT CENTER,080,NATIONAL AERONAUTICS AND SPACE ADMINISTRATION (NASA),8000,NATIONAL AERONAUTICS AND SPACE ADMINISTRATION,80GSFC,NASA GODDARD SPACE FLIGHT CENTER,JEGFV3LWEJH7,,"L3HARRIS TECHNOLOGIES, INC.",HARRIS CORPORATION,SJULQDJ8NZU7,SJULQDJ8NZU7,"L3HARRIS TECHNOLOGIES, INC",L3HARRIS TECHNOLOGIES  INC.,USA,NY,MONROE,ROCHESTER,NY-25,NY-25,146066219,UNITED STATES,NEW YORK,MONROE,NY-25,NY-25,146064248,,,6650,"OPTICAL INSTRUMENTS, TEST EQUIPMENT, COMPONENTS AND ACCESSORIES",333314,OPTICAL INSTRUMENT AND LENS MANUFACTURING,,,https://www.usaspending.gov/award/CONT_AWD_80GSFC19C0021_8000_-NONE-_-NONE-/,2022-07-27
National Aeronautics and Space Administration,National Aeronautics and Space Administration,FY2022P09,,080,2022,2023,,0120,000,080-2022/2023-0120-000,"Science, National Aeronautics and Space Administration",National Aeronautics and Space Administration,,"General Science, Space, and Technology","Space flight, research, and supporting activities",080-0120,"Science, National Aeronautics and Space Administration",0001,SCIENCE (DIRECT),25.5,Research and development contracts,D,Q,Not Designated Nonemergency/Emergency/Disaster/Wildfire Suppression,11765367.76,,,,CONT_AWD_80GSFC19C0021_8000_-NONE-_-NONE-,80GSFC19C0021,,,,2018-11-30,2019,2025-08-04,2025,2018-11-30,2027-01-31,,D,DEFINITIVE CONTRACT,,,"OPTICAL TELESCOPE ASSEMBLY (OTA) THIS CONTRACT PROVIDES FOR ALL EFFORTS AND RESPONSIBILITIES FOR THE PERSONNEL, SERVICES, MATERIALS, EQUIPMENT, AND FACILITIES NECESSARY TO BUILD, REFURBISH, OR MODIFY THE OTA AS REQUIRED TO MEET THE WIDE FIELD INFRARED SURVEY TELESCOPE (WFIRST) PERFORMANCE REQUIREMENTS.",080,NATIONAL AERONAUTICS AND SPACE ADMINISTRATION (NASA),8000,NATIONAL AERONAUTICS AND SPACE ADMINISTRATION,80GSFC,NASA GODDARD SPACE FLIGHT CENTER,080,NATIONAL AERONAUTICS AND SPACE ADMINISTRATION (NASA),8000,NATIONAL AERONAUTICS AND SPACE ADMINISTRATION,80GSFC,NASA GODDARD SPACE FLIGHT CENTER,JEGFV3LWEJH7,,"L3HARRIS TECHNOLOGIES, INC.",HARRIS CORPORATION,SJULQDJ8NZU7,SJULQDJ8NZU7,"L3HARRIS TECHNOLOGIES, INC",L3HARRIS TECHNOLOGIES  INC.,USA,NY,MONROE,ROCHESTER,NY-25,NY-25,146066219,UNITED STATES,NEW YORK,MONROE,NY-25,NY-25,146064248,,,6650,"OPTICAL INSTRUMENTS, TEST EQUIPMENT, COMPONENTS AND ACCESSORIES",333314,OPTICAL INSTRUMENT AND LENS MANUFACTURING,,,https://www.usaspending.gov/award/CONT_AWD_80GSFC19C0021_8000_-NONE-_-NONE-/,2022-07-27
National Aeronautics and Space Administration,National Aeronautics and Space Administration,FY2022P09,,080,2021,2022,,0120,000,080-2021/2022-0120-000,"Science, National Aeronautics and Space Administration",National Aeronautics and Space Administration,,"General Science, Space, and Technology","Space flight, research, and supporting activities",080-0120,"Science, National Aeronautics and Space Administration",0001,SCIENCE (DIRECT),25.5,Research and development contracts,D,Q,Not Designated Nonemergency/Emergency/Disaster/Wildfire Suppression,,40249497.98,,,CONT_AWD_80GSFC19C0021_8000_-NONE-_-NONE-,80GSFC19C0021,,,,2018-11-30,2019,2025-08-04,2025,2018-11-30,2027-01-31,,D,DEFINITIVE CONTRACT,,,"OPTICAL TELESCOPE ASSEMBLY (OTA) THIS CONTRACT PROVIDES FOR ALL EFFORTS AND RESPONSIBILITIES FOR THE PERSONNEL, SERVICES, MATERIALS, EQUIPMENT, AND FACILITIES NECESSARY TO BUILD, REFURBISH, OR MODIFY THE OTA AS REQUIRED TO MEET THE WIDE FIELD INFRARED SURVEY TELESCOPE (WFIRST) PERFORMANCE REQUIREMENTS.",080,NATIONAL AERONAUTICS AND SPACE ADMINISTRATION (NASA),8000,NATIONAL AERONAUTICS AND SPACE ADMINISTRATION,80GSFC,NASA GODDARD SPACE FLIGHT CENTER,080,NATIONAL AERONAUTICS AND SPACE ADMINISTRATION (NASA),8000,NATIONAL AERONAUTICS AND SPACE ADMINISTRATION,80GSFC,NASA GODDARD SPACE FLIGHT CENTER,JEGFV3LWEJH7,,"L3HARRIS TECHNOLOGIES, INC.",HARRIS CORPORATION,SJULQDJ8NZU7,SJULQDJ8NZU7,"L3HARRIS TECHNOLOGIES, INC",L3HARRIS TECHNOLOGIES  INC.,USA,NY,MONROE,ROCHESTER,NY-25,NY-25,146066219,UNITED STATES,NEW YORK,MONROE,NY-25,NY-25,146064248,,,6650,"OPTICAL INSTRUMENTS, TEST EQUIPMENT, COMPONENTS AND ACCESSORIES",333314,OPTICAL INSTRUMENT AND LENS MANUFACTURING,,,https://www.usaspending.gov/award/CONT_AWD_80GSFC19C0021_8000_-NONE-_-NONE-/,2022-07-27
National Aeronautics and Space Administration,National Aeronautics and Space Administration,FY2022P09,,080,2021,2022,,0120,000,080-2021/2022-0120-000,"Science, National Aeronautics and Space Administration",National Aeronautics and Space Administration,,"General Science, Space, and Technology","Space flight, research, and supporting activities",080-0120,"Science, National Aeronautics and Space Administration",0001,SCIENCE (DIRECT),25.5,Research and development contracts,D,Q,Not Designated Nonemergency/Emergency/Disaster/Wildfire Suppression,328793.24,,,,CONT_AWD_80GSFC19C0021_8000_-NONE-_-NONE-,80GSFC19C0021,,,,2018-11-30,2019,2025-08-04,2025,2018-11-30,2027-01-31,,D,DEFINITIVE CONTRACT,,,"OPTICAL TELESCOPE ASSEMBLY (OTA) THIS CONTRACT PROVIDES FOR ALL EFFORTS AND RESPONSIBILITIES FOR THE PERSONNEL, SERVICES, MATERIALS, EQUIPMENT, AND FACILITIES NECESSARY TO BUILD, REFURBISH, OR MODIFY THE OTA AS REQUIRED TO MEET THE WIDE FIELD INFRARED SURVEY TELESCOPE (WFIRST) PERFORMANCE REQUIREMENTS.",080,NATIONAL AERONAUTICS AND SPACE ADMINISTRATION (NASA),8000,NATIONAL AERONAUTICS AND SPACE ADMINISTRATION,80GSFC,NASA GODDARD SPACE FLIGHT CENTER,080,NATIONAL AERONAUTICS AND SPACE ADMINISTRATION (NASA),8000,NATIONAL AERONAUTICS AND SPACE ADMINISTRATION,80GSFC,NASA GODDARD SPACE FLIGHT CENTER,JEGFV3LWEJH7,,"L3HARRIS TECHNOLOGIES, INC.",HARRIS CORPORATION,SJULQDJ8NZU7,SJULQDJ8NZU7,"L3HARRIS TECHNOLOGIES, INC",L3HARRIS TECHNOLOGIES  INC.,USA,NY,MONROE,ROCHESTER,NY-25,NY-25,146066219,UNITED STATES,NEW YORK,MONROE,NY-25,NY-25,146064248,,,6650,"OPTICAL INSTRUMENTS, TEST EQUIPMENT, COMPONENTS AND ACCESSORIES",333314,OPTICAL INSTRUMENT AND LENS MANUFACTURING,,,https://www.usaspending.gov/award/CONT_AWD_80GSFC19C0021_8000_-NONE-_-NONE-/,2022-07-27
National Aeronautics and Space Administration,National Aeronautics and Space Administration,FY2022P10,,080,2022,2023,,0120,000,080-2022/2023-0120-000,"Science, National Aeronautics and Space Administration",National Aeronautics and Space Administration,,"General Science, Space, and Technology","Space flight, research, and supporting activities",080-0120,"Science, National Aeronautics and Space Administration",0001,SCIENCE (DIRECT),25.5,Research and development contracts,D,Q,Not Designated Nonemergency/Emergency/Disaster/Wildfire Suppression,,4616342.29,,,CONT_AWD_80GSFC19C0021_8000_-NONE-_-NONE-,80GSFC19C0021,,,,2018-11-30,2019,2025-08-04,2025,2018-11-30,2027-01-31,,D,DEFINITIVE CONTRACT,,,"OPTICAL TELESCOPE ASSEMBLY (OTA) THIS CONTRACT PROVIDES FOR ALL EFFORTS AND RESPONSIBILITIES FOR THE PERSONNEL, SERVICES, MATERIALS, EQUIPMENT, AND FACILITIES NECESSARY TO BUILD, REFURBISH, OR MODIFY THE OTA AS REQUIRED TO MEET THE WIDE FIELD INFRARED SURVEY TELESCOPE (WFIRST) PERFORMANCE REQUIREMENTS.",080,NATIONAL AERONAUTICS AND SPACE ADMINISTRATION (NASA),8000,NATIONAL AERONAUTICS AND SPACE ADMINISTRATION,80GSFC,NASA GODDARD SPACE FLIGHT CENTER,080,NATIONAL AERONAUTICS AND SPACE ADMINISTRATION (NASA),8000,NATIONAL AERONAUTICS AND SPACE ADMINISTRATION,80GSFC,NASA GODDARD SPACE FLIGHT CENTER,JEGFV3LWEJH7,,"L3HARRIS TECHNOLOGIES, INC.",HARRIS CORPORATION,SJULQDJ8NZU7,SJULQDJ8NZU7,"L3HARRIS TECHNOLOGIES, INC",L3HARRIS TECHNOLOGIES  INC.,USA,NY,MONROE,ROCHESTER,NY-25,NY-25,146066219,UNITED STATES,NEW YORK,MONROE,NY-25,NY-25,146064248,,,6650,"OPTICAL INSTRUMENTS, TEST EQUIPMENT, COMPONENTS AND ACCESSORIES",333314,OPTICAL INSTRUMENT AND LENS MANUFACTURING,,,https://www.usaspending.gov/award/CONT_AWD_80GSFC19C0021_8000_-NONE-_-NONE-/,2022-08-24
National Aeronautics and Space Administration,National Aeronautics and Space Administration,FY2022P10,,080,2021,2022,,0120,000,080-2021/2022-0120-000,"Science, National Aeronautics and Space Administration",National Aeronautics and Space Administration,,"General Science, Space, and Technology","Space flight, research, and supporting activities",080-0120,"Science, National Aeronautics and Space Administration",0001,SCIENCE (DIRECT),25.5,Research and development contracts,D,Q,Not Designated Nonemergency/Emergency/Disaster/Wildfire Suppression,,45558452.98,,,CONT_AWD_80GSFC19C0021_8000_-NONE-_-NONE-,80GSFC19C0021,,,,2018-11-30,2019,2025-08-04,2025,2018-11-30,2027-01-31,,D,DEFINITIVE CONTRACT,,,"OPTICAL TELESCOPE ASSEMBLY (OTA) THIS CONTRACT PROVIDES FOR ALL EFFORTS AND RESPONSIBILITIES FOR THE PERSONNEL, SERVICES, MATERIALS, EQUIPMENT, AND FACILITIES NECESSARY TO BUILD, REFURBISH, OR MODIFY THE OTA AS REQUIRED TO MEET THE WIDE FIELD INFRARED SURVEY TELESCOPE (WFIRST) PERFORMANCE REQUIREMENTS.",080,NATIONAL AERONAUTICS AND SPACE ADMINISTRATION (NASA),8000,NATIONAL AERONAUTICS AND SPACE ADMINISTRATION,80GSFC,NASA GODDARD SPACE FLIGHT CENTER,080,NATIONAL AERONAUTICS AND SPACE ADMINISTRATION (NASA),8000,NATIONAL AERONAUTICS AND SPACE ADMINISTRATION,80GSFC,NASA GODDARD SPACE FLIGHT CENTER,JEGFV3LWEJH7,,"L3HARRIS TECHNOLOGIES, INC.",HARRIS CORPORATION,SJULQDJ8NZU7,SJULQDJ8NZU7,"L3HARRIS TECHNOLOGIES, INC",L3HARRIS TECHNOLOGIES  INC.,USA,NY,MONROE,ROCHESTER,NY-25,NY-25,146066219,UNITED STATES,NEW YORK,MONROE,NY-25,NY-25,146064248,,,6650,"OPTICAL INSTRUMENTS, TEST EQUIPMENT, COMPONENTS AND ACCESSORIES",333314,OPTICAL INSTRUMENT AND LENS MANUFACTURING,,,https://www.usaspending.gov/award/CONT_AWD_80GSFC19C0021_8000_-NONE-_-NONE-/,2022-08-24
National Aeronautics and Space Administration,National Aeronautics and Space Administration,FY2022P11,,080,2022,2023,,0120,000,080-2022/2023-0120-000,"Science, National Aeronautics and Space Administration",National Aeronautics and Space Administration,,"General Science, Space, and Technology","Space flight, research, and supporting activities",080-0120,"Science, National Aeronautics and Space Administration",0001,SCIENCE (DIRECT),25.5,Research and development contracts,D,Q,Not Designated Nonemergency/Emergency/Disaster/Wildfire Suppression,,9090300.04,,,CONT_AWD_80GSFC19C0021_8000_-NONE-_-NONE-,80GSFC19C0021,,,,2018-11-30,2019,2025-08-04,2025,2018-11-30,2027-01-31,,D,DEFINITIVE CONTRACT,,,"OPTICAL TELESCOPE ASSEMBLY (OTA) THIS CONTRACT PROVIDES FOR ALL EFFORTS AND RESPONSIBILITIES FOR THE PERSONNEL, SERVICES, MATERIALS, EQUIPMENT, AND FACILITIES NECESSARY TO BUILD, REFURBISH, OR MODIFY THE OTA AS REQUIRED TO MEET THE WIDE FIELD INFRARED SURVEY TELESCOPE (WFIRST) PERFORMANCE REQUIREMENTS.",080,NATIONAL AERONAUTICS AND SPACE ADMINISTRATION (NASA),8000,NATIONAL AERONAUTICS AND SPACE ADMINISTRATION,80GSFC,NASA GODDARD SPACE FLIGHT CENTER,080,NATIONAL AERONAUTICS AND SPACE ADMINISTRATION (NASA),8000,NATIONAL AERONAUTICS AND SPACE ADMINISTRATION,80GSFC,NASA GODDARD SPACE FLIGHT CENTER,JEGFV3LWEJH7,,"L3HARRIS TECHNOLOGIES, INC.",HARRIS CORPORATION,SJULQDJ8NZU7,SJULQDJ8NZU7,"L3HARRIS TECHNOLOGIES, INC",L3HARRIS TECHNOLOGIES  INC.,USA,NY,MONROE,ROCHESTER,NY-25,NY-25,146066219,UNITED STATES,NEW YORK,MONROE,NY-25,NY-25,146064248,,,6650,"OPTICAL INSTRUMENTS, TEST EQUIPMENT, COMPONENTS AND ACCESSORIES",333314,OPTICAL INSTRUMENT AND LENS MANUFACTURING,,,https://www.usaspending.gov/award/CONT_AWD_80GSFC19C0021_8000_-NONE-_-NONE-/,2022-09-25
National Aeronautics and Space Administration,National Aeronautics and Space Administration,FY2022P11,,080,2021,2022,,0120,000,080-2021/2022-0120-000,"Science, National Aeronautics and Space Administration",National Aeronautics and Space Administration,,"General Science, Space, and Technology","Space flight, research, and supporting activities",080-0120,"Science, National Aeronautics and Space Administration",0001,SCIENCE (DIRECT),25.5,Research and development contracts,D,Q,Not Designated Nonemergency/Emergency/Disaster/Wildfire Suppression,,45574271.86,,,CONT_AWD_80GSFC19C0021_8000_-NONE-_-NONE-,80GSFC19C0021,,,,2018-11-30,2019,2025-08-04,2025,2018-11-30,2027-01-31,,D,DEFINITIVE CONTRACT,,,"OPTICAL TELESCOPE ASSEMBLY (OTA) THIS CONTRACT PROVIDES FOR ALL EFFORTS AND RESPONSIBILITIES FOR THE PERSONNEL, SERVICES, MATERIALS, EQUIPMENT, AND FACILITIES NECESSARY TO BUILD, REFURBISH, OR MODIFY THE OTA AS REQUIRED TO MEET THE WIDE FIELD INFRARED SURVEY TELESCOPE (WFIRST) PERFORMANCE REQUIREMENTS.",080,NATIONAL AERONAUTICS AND SPACE ADMINISTRATION (NASA),8000,NATIONAL AERONAUTICS AND SPACE ADMINISTRATION,80GSFC,NASA GODDARD SPACE FLIGHT CENTER,080,NATIONAL AERONAUTICS AND SPACE ADMINISTRATION (NASA),8000,NATIONAL AERONAUTICS AND SPACE ADMINISTRATION,80GSFC,NASA GODDARD SPACE FLIGHT CENTER,JEGFV3LWEJH7,,"L3HARRIS TECHNOLOGIES, INC.",HARRIS CORPORATION,SJULQDJ8NZU7,SJULQDJ8NZU7,"L3HARRIS TECHNOLOGIES, INC",L3HARRIS TECHNOLOGIES  INC.,USA,NY,MONROE,ROCHESTER,NY-25,NY-25,146066219,UNITED STATES,NEW YORK,MONROE,NY-25,NY-25,146064248,,,6650,"OPTICAL INSTRUMENTS, TEST EQUIPMENT, COMPONENTS AND ACCESSORIES",333314,OPTICAL INSTRUMENT AND LENS MANUFACTURING,,,https://www.usaspending.gov/award/CONT_AWD_80GSFC19C0021_8000_-NONE-_-NONE-/,2022-09-25
National Aeronautics and Space Administration,National Aeronautics and Space Administration,FY2022P12,,080,2022,2023,,0120,000,080-2022/2023-0120-000,"Science, National Aeronautics and Space Administration",National Aeronautics and Space Administration,,"General Science, Space, and Technology","Space flight, research, and supporting activities",080-0120,"Science, National Aeronautics and Space Administration",0001,SCIENCE (DIRECT),25.5,Research and development contracts,D,Q,Not Designated Nonemergency/Emergency/Disaster/Wildfire Suppression,,14808346.03,,,CONT_AWD_80GSFC19C0021_8000_-NONE-_-NONE-,80GSFC19C0021,,,,2018-11-30,2019,2025-08-04,2025,2018-11-30,2027-01-31,,D,DEFINITIVE CONTRACT,,,"OPTICAL TELESCOPE ASSEMBLY (OTA) THIS CONTRACT PROVIDES FOR ALL EFFORTS AND RESPONSIBILITIES FOR THE PERSONNEL, SERVICES, MATERIALS, EQUIPMENT, AND FACILITIES NECESSARY TO BUILD, REFURBISH, OR MODIFY THE OTA AS REQUIRED TO MEET THE WIDE FIELD INFRARED SURVEY TELESCOPE (WFIRST) PERFORMANCE REQUIREMENTS.",080,NATIONAL AERONAUTICS AND SPACE ADMINISTRATION (NASA),8000,NATIONAL AERONAUTICS AND SPACE ADMINISTRATION,80GSFC,NASA GODDARD SPACE FLIGHT CENTER,080,NATIONAL AERONAUTICS AND SPACE ADMINISTRATION (NASA),8000,NATIONAL AERONAUTICS AND SPACE ADMINISTRATION,80GSFC,NASA GODDARD SPACE FLIGHT CENTER,JEGFV3LWEJH7,,"L3HARRIS TECHNOLOGIES, INC.",HARRIS CORPORATION,SJULQDJ8NZU7,SJULQDJ8NZU7,"L3HARRIS TECHNOLOGIES, INC",L3HARRIS TECHNOLOGIES  INC.,USA,NY,MONROE,ROCHESTER,NY-25,NY-25,146066219,UNITED STATES,NEW YORK,MONROE,NY-25,NY-25,146064248,,,6650,"OPTICAL INSTRUMENTS, TEST EQUIPMENT, COMPONENTS AND ACCESSORIES",333314,OPTICAL INSTRUMENT AND LENS MANUFACTURING,,,https://www.usaspending.gov/award/CONT_AWD_80GSFC19C0021_8000_-NONE-_-NONE-/,2022-11-02
National Aeronautics and Space Administration,National Aeronautics and Space Administration,FY2022P12,,080,2022,2023,,0120,000,080-2022/2023-0120-000,"Science, National Aeronautics and Space Administration",National Aeronautics and Space Administration,,"General Science, Space, and Technology","Space flight, research, and supporting activities",080-0120,"Science, National Aeronautics and Space Administration",0001,SCIENCE (DIRECT),25.5,Research and development contracts,D,Q,Not Designated Nonemergency/Emergency/Disaster/Wildfire Suppression,12895845.00,,,,CONT_AWD_80GSFC19C0021_8000_-NONE-_-NONE-,80GSFC19C0021,,,,2018-11-30,2019,2025-08-04,2025,2018-11-30,2027-01-31,,D,DEFINITIVE CONTRACT,,,"OPTICAL TELESCOPE ASSEMBLY (OTA) THIS CONTRACT PROVIDES FOR ALL EFFORTS AND RESPONSIBILITIES FOR THE PERSONNEL, SERVICES, MATERIALS, EQUIPMENT, AND FACILITIES NECESSARY TO BUILD, REFURBISH, OR MODIFY THE OTA AS REQUIRED TO MEET THE WIDE FIELD INFRARED SURVEY TELESCOPE (WFIRST) PERFORMANCE REQUIREMENTS.",080,NATIONAL AERONAUTICS AND SPACE ADMINISTRATION (NASA),8000,NATIONAL AERONAUTICS AND SPACE ADMINISTRATION,80GSFC,NASA GODDARD SPACE FLIGHT CENTER,080,NATIONAL AERONAUTICS AND SPACE ADMINISTRATION (NASA),8000,NATIONAL AERONAUTICS AND SPACE ADMINISTRATION,80GSFC,NASA GODDARD SPACE FLIGHT CENTER,JEGFV3LWEJH7,,"L3HARRIS TECHNOLOGIES, INC.",HARRIS CORPORATION,SJULQDJ8NZU7,SJULQDJ8NZU7,"L3HARRIS TECHNOLOGIES, INC",L3HARRIS TECHNOLOGIES  INC.,USA,NY,MONROE,ROCHESTER,NY-25,NY-25,146066219,UNITED STATES,NEW YORK,MONROE,NY-25,NY-25,146064248,,,6650,"OPTICAL INSTRUMENTS, TEST EQUIPMENT, COMPONENTS AND ACCESSORIES",333314,OPTICAL INSTRUMENT AND LENS MANUFACTURING,,,https://www.usaspending.gov/award/CONT_AWD_80GSFC19C0021_8000_-NONE-_-NONE-/,2022-11-02
National Aeronautics and Space Administration,National Aeronautics and Space Administration,FY2022P12,,080,2022,2023,,0120,000,080-2022/2023-0120-000,"Science, National Aeronautics and Space Administration",National Aeronautics and Space Administration,,"General Science, Space, and Technology","Space flight, research, and supporting activities",080-0120,"Science, National Aeronautics and Space Administration",0001,SCIENCE (DIRECT),25.5,Research and development contracts,D,Q,Not Designated Nonemergency/Emergency/Disaster/Wildfire Suppression,29687728.00,,,,CONT_AWD_80GSFC19C0021_8000_-NONE-_-NONE-,80GSFC19C0021,,,,2018-11-30,2019,2025-08-04,2025,2018-11-30,2027-01-31,,D,DEFINITIVE CONTRACT,,,"OPTICAL TELESCOPE ASSEMBLY (OTA) THIS CONTRACT PROVIDES FOR ALL EFFORTS AND RESPONSIBILITIES FOR THE PERSONNEL, SERVICES, MATERIALS, EQUIPMENT, AND FACILITIES NECESSARY TO BUILD, REFURBISH, OR MODIFY THE OTA AS REQUIRED TO MEET THE WIDE FIELD INFRARED SURVEY TELESCOPE (WFIRST) PERFORMANCE REQUIREMENTS.",080,NATIONAL AERONAUTICS AND SPACE ADMINISTRATION (NASA),8000,NATIONAL AERONAUTICS AND SPACE ADMINISTRATION,80GSFC,NASA GODDARD SPACE FLIGHT CENTER,080,NATIONAL AERONAUTICS AND SPACE ADMINISTRATION (NASA),8000,NATIONAL AERONAUTICS AND SPACE ADMINISTRATION,80GSFC,NASA GODDARD SPACE FLIGHT CENTER,JEGFV3LWEJH7,,"L3HARRIS TECHNOLOGIES, INC.",HARRIS CORPORATION,SJULQDJ8NZU7,SJULQDJ8NZU7,"L3HARRIS TECHNOLOGIES, INC",L3HARRIS TECHNOLOGIES  INC.,USA,NY,MONROE,ROCHESTER,NY-25,NY-25,146066219,UNITED STATES,NEW YORK,MONROE,NY-25,NY-25,146064248,,,6650,"OPTICAL INSTRUMENTS, TEST EQUIPMENT, COMPONENTS AND ACCESSORIES",333314,OPTICAL INSTRUMENT AND LENS MANUFACTURING,,,https://www.usaspending.gov/award/CONT_AWD_80GSFC19C0021_8000_-NONE-_-NONE-/,2022-11-02
National Aeronautics and Space Administration,National Aeronautics and Space Administration,FY2022P12,,080,2021,2022,,0120,000,080-2021/2022-0120-000,"Science, National Aeronautics and Space Administration",National Aeronautics and Space Administration,,"General Science, Space, and Technology","Space flight, research, and supporting activities",080-0120,"Science, National Aeronautics and Space Administration",0001,SCIENCE (DIRECT),25.5,Research and development contracts,D,Q,Not Designated Nonemergency/Emergency/Disaster/Wildfire Suppression,,45574271.86,,,CONT_AWD_80GSFC19C0021_8000_-NONE-_-NONE-,80GSFC19C0021,,,,2018-11-30,2019,2025-08-04,2025,2018-11-30,2027-01-31,,D,DEFINITIVE CONTRACT,,,"OPTICAL TELESCOPE ASSEMBLY (OTA) THIS CONTRACT PROVIDES FOR ALL EFFORTS AND RESPONSIBILITIES FOR THE PERSONNEL, SERVICES, MATERIALS, EQUIPMENT, AND FACILITIES NECESSARY TO BUILD, REFURBISH, OR MODIFY THE OTA AS REQUIRED TO MEET THE WIDE FIELD INFRARED SURVEY TELESCOPE (WFIRST) PERFORMANCE REQUIREMENTS.",080,NATIONAL AERONAUTICS AND SPACE ADMINISTRATION (NASA),8000,NATIONAL AERONAUTICS AND SPACE ADMINISTRATION,80GSFC,NASA GODDARD SPACE FLIGHT CENTER,080,NATIONAL AERONAUTICS AND SPACE ADMINISTRATION (NASA),8000,NATIONAL AERONAUTICS AND SPACE ADMINISTRATION,80GSFC,NASA GODDARD SPACE FLIGHT CENTER,JEGFV3LWEJH7,,"L3HARRIS TECHNOLOGIES, INC.",HARRIS CORPORATION,SJULQDJ8NZU7,SJULQDJ8NZU7,"L3HARRIS TECHNOLOGIES, INC",L3HARRIS TECHNOLOGIES  INC.,USA,NY,MONROE,ROCHESTER,NY-25,NY-25,146066219,UNITED STATES,NEW YORK,MONROE,NY-25,NY-25,146064248,,,6650,"OPTICAL INSTRUMENTS, TEST EQUIPMENT, COMPONENTS AND ACCESSORIES",333314,OPTICAL INSTRUMENT AND LENS MANUFACTURING,,,https://www.usaspending.gov/award/CONT_AWD_80GSFC19C0021_8000_-NONE-_-NONE-/,2022-11-02
National Aeronautics and Space Administration,National Aeronautics and Space Administration,FY2023P05,,080,2022,2023,,0120,000,080-2022/2023-0120-000,"Science, National Aeronautics and Space Administration",National Aeronautics and Space Administration,,"General Science, Space, and Technology","Space flight, research, and supporting activities",080-0120,"Science, National Aeronautics and Space Administration",0001,SCIENCE (DIRECT),25.5,Research and development contracts,D,Q,Not Designated Nonemergency/Emergency/Disaster/Wildfire Suppression,,24616531.47,,,CONT_AWD_80GSFC19C0021_8000_-NONE-_-NONE-,80GSFC19C0021,,,,2018-11-30,2019,2025-08-04,2025,2018-11-30,2027-01-31,,D,DEFINITIVE CONTRACT,,,"OPTICAL TELESCOPE ASSEMBLY (OTA) THIS CONTRACT PROVIDES FOR ALL EFFORTS AND RESPONSIBILITIES FOR THE PERSONNEL, SERVICES, MATERIALS, EQUIPMENT, AND FACILITIES NECESSARY TO BUILD, REFURBISH, OR MODIFY THE OTA AS REQUIRED TO MEET THE WIDE FIELD INFRARED SURVEY TELESCOPE (WFIRST) PERFORMANCE REQUIREMENTS.",080,NATIONAL AERONAUTICS AND SPACE ADMINISTRATION (NASA),8000,NATIONAL AERONAUTICS AND SPACE ADMINISTRATION,80GSFC,NASA GODDARD SPACE FLIGHT CENTER,080,NATIONAL AERONAUTICS AND SPACE ADMINISTRATION (NASA),8000,NATIONAL AERONAUTICS AND SPACE ADMINISTRATION,80GSFC,NASA GODDARD SPACE FLIGHT CENTER,JEGFV3LWEJH7,,"L3HARRIS TECHNOLOGIES, INC.",HARRIS CORPORATION,SJULQDJ8NZU7,SJULQDJ8NZU7,"L3HARRIS TECHNOLOGIES, INC",L3HARRIS TECHNOLOGIES  INC.,USA,NY,MONROE,ROCHESTER,NY-25,NY-25,146066219,UNITED STATES,NEW YORK,MONROE,NY-25,NY-25,146064248,,,6650,"OPTICAL INSTRUMENTS, TEST EQUIPMENT, COMPONENTS AND ACCESSORIES",333314,OPTICAL INSTRUMENT AND LENS MANUFACTURING,,,https://www.usaspending.gov/award/CONT_AWD_80GSFC19C0021_8000_-NONE-_-NONE-/,2023-03-27
National Aeronautics and Space Administration,National Aeronautics and Space Administration,FY2023P05,,080,2021,2022,,0120,000,080-2021/2022-0120-000,"Science, National Aeronautics and Space Administration",National Aeronautics and Space Administration,,"General Science, Space, and Technology","Space flight, research, and supporting activities",080-0120,"Science, National Aeronautics and Space Administration",0001,SCIENCE (DIRECT),25.5,Research and development contracts,D,Q,Not Designated Nonemergency/Emergency/Disaster/Wildfire Suppression,,381767.99,,,CONT_AWD_80GSFC19C0021_8000_-NONE-_-NONE-,80GSFC19C0021,,,,2018-11-30,2019,2025-08-04,2025,2018-11-30,2027-01-31,,D,DEFINITIVE CONTRACT,,,"OPTICAL TELESCOPE ASSEMBLY (OTA) THIS CONTRACT PROVIDES FOR ALL EFFORTS AND RESPONSIBILITIES FOR THE PERSONNEL, SERVICES, MATERIALS, EQUIPMENT, AND FACILITIES NECESSARY TO BUILD, REFURBISH, OR MODIFY THE OTA AS REQUIRED TO MEET THE WIDE FIELD INFRARED SURVEY TELESCOPE (WFIRST) PERFORMANCE REQUIREMENTS.",080,NATIONAL AERONAUTICS AND SPACE ADMINISTRATION (NASA),8000,NATIONAL AERONAUTICS AND SPACE ADMINISTRATION,80GSFC,NASA GODDARD SPACE FLIGHT CENTER,080,NATIONAL AERONAUTICS AND SPACE ADMINISTRATION (NASA),8000,NATIONAL AERONAUTICS AND SPACE ADMINISTRATION,80GSFC,NASA GODDARD SPACE FLIGHT CENTER,JEGFV3LWEJH7,,"L3HARRIS TECHNOLOGIES, INC.",HARRIS CORPORATION,SJULQDJ8NZU7,SJULQDJ8NZU7,"L3HARRIS TECHNOLOGIES, INC",L3HARRIS TECHNOLOGIES  INC.,USA,NY,MONROE,ROCHESTER,NY-25,NY-25,146066219,UNITED STATES,NEW YORK,MONROE,NY-25,NY-25,146064248,,,6650,"OPTICAL INSTRUMENTS, TEST EQUIPMENT, COMPONENTS AND ACCESSORIES",333314,OPTICAL INSTRUMENT AND LENS MANUFACTURING,,,https://www.usaspending.gov/award/CONT_AWD_80GSFC19C0021_8000_-NONE-_-NONE-/,2023-03-27
National Aeronautics and Space Administration,National Aeronautics and Space Administration,FY2023P06,,080,2023,2024,,0120,000,080-2023/2024-0120-000,"Science, National Aeronautics and Space Administration",National Aeronautics and Space Administration,,"General Science, Space, and Technology","Space flight, research, and supporting activities",080-0120,"Science, National Aeronautics and Space Administration",0001,SCIENCE (DIRECT),25.5,Research and development contracts,D,Q,Not Designated Nonemergency/Emergency/Disaster/Wildfire Suppression,7000000.00,,,,CONT_AWD_80GSFC19C0021_8000_-NONE-_-NONE-,80GSFC19C0021,,,,2018-11-30,2019,2025-08-04,2025,2018-11-30,2027-01-31,,D,DEFINITIVE CONTRACT,,,"OPTICAL TELESCOPE ASSEMBLY (OTA) THIS CONTRACT PROVIDES FOR ALL EFFORTS AND RESPONSIBILITIES FOR THE PERSONNEL, SERVICES, MATERIALS, EQUIPMENT, AND FACILITIES NECESSARY TO BUILD, REFURBISH, OR MODIFY THE OTA AS REQUIRED TO MEET THE WIDE FIELD INFRARED SURVEY TELESCOPE (WFIRST) PERFORMANCE REQUIREMENTS.",080,NATIONAL AERONAUTICS AND SPACE ADMINISTRATION (NASA),8000,NATIONAL AERONAUTICS AND SPACE ADMINISTRATION,80GSFC,NASA GODDARD SPACE FLIGHT CENTER,080,NATIONAL AERONAUTICS AND SPACE ADMINISTRATION (NASA),8000,NATIONAL AERONAUTICS AND SPACE ADMINISTRATION,80GSFC,NASA GODDARD SPACE FLIGHT CENTER,JEGFV3LWEJH7,,"L3HARRIS TECHNOLOGIES, INC.",HARRIS CORPORATION,SJULQDJ8NZU7,SJULQDJ8NZU7,"L3HARRIS TECHNOLOGIES, INC",L3HARRIS TECHNOLOGIES  INC.,USA,NY,MONROE,ROCHESTER,NY-25,NY-25,146066219,UNITED STATES,NEW YORK,MONROE,NY-25,NY-25,146064248,,,6650,"OPTICAL INSTRUMENTS, TEST EQUIPMENT, COMPONENTS AND ACCESSORIES",333314,OPTICAL INSTRUMENT AND LENS MANUFACTURING,,,https://www.usaspending.gov/award/CONT_AWD_80GSFC19C0021_8000_-NONE-_-NONE-/,2023-04-27
National Aeronautics and Space Administration,National Aeronautics and Space Administration,FY2023P06,,080,2022,2023,,0120,000,080-2022/2023-0120-000,"Science, National Aeronautics and Space Administration",National Aeronautics and Space Administration,,"General Science, Space, and Technology","Space flight, research, and supporting activities",080-0120,"Science, National Aeronautics and Space Administration",0001,SCIENCE (DIRECT),25.5,Research and development contracts,D,Q,Not Designated Nonemergency/Emergency/Disaster/Wildfire Suppression,,29017006.55,,,CONT_AWD_80GSFC19C0021_8000_-NONE-_-NONE-,80GSFC19C0021,,,,2018-11-30,2019,2025-08-04,2025,2018-11-30,2027-01-31,,D,DEFINITIVE CONTRACT,,,"OPTICAL TELESCOPE ASSEMBLY (OTA) THIS CONTRACT PROVIDES FOR ALL EFFORTS AND RESPONSIBILITIES FOR THE PERSONNEL, SERVICES, MATERIALS, EQUIPMENT, AND FACILITIES NECESSARY TO BUILD, REFURBISH, OR MODIFY THE OTA AS REQUIRED TO MEET THE WIDE FIELD INFRARED SURVEY TELESCOPE (WFIRST) PERFORMANCE REQUIREMENTS.",080,NATIONAL AERONAUTICS AND SPACE ADMINISTRATION (NASA),8000,NATIONAL AERONAUTICS AND SPACE ADMINISTRATION,80GSFC,NASA GODDARD SPACE FLIGHT CENTER,080,NATIONAL AERONAUTICS AND SPACE ADMINISTRATION (NASA),8000,NATIONAL AERONAUTICS AND SPACE ADMINISTRATION,80GSFC,NASA GODDARD SPACE FLIGHT CENTER,JEGFV3LWEJH7,,"L3HARRIS TECHNOLOGIES, INC.",HARRIS CORPORATION,SJULQDJ8NZU7,SJULQDJ8NZU7,"L3HARRIS TECHNOLOGIES, INC",L3HARRIS TECHNOLOGIES  INC.,USA,NY,MONROE,ROCHESTER,NY-25,NY-25,146066219,UNITED STATES,NEW YORK,MONROE,NY-25,NY-25,146064248,,,6650,"OPTICAL INSTRUMENTS, TEST EQUIPMENT, COMPONENTS AND ACCESSORIES",333314,OPTICAL INSTRUMENT AND LENS MANUFACTURING,,,https://www.usaspending.gov/award/CONT_AWD_80GSFC19C0021_8000_-NONE-_-NONE-/,2023-04-27
National Aeronautics and Space Administration,National Aeronautics and Space Administration,FY2023P06,,080,2021,2022,,0120,000,080-2021/2022-0120-000,"Science, National Aeronautics and Space Administration",National Aeronautics and Space Administration,,"General Science, Space, and Technology","Space flight, research, and supporting activities",080-0120,"Science, National Aeronautics and Space Administration",0001,SCIENCE (DIRECT),25.5,Research and development contracts,D,Q,Not Designated Nonemergency/Emergency/Disaster/Wildfire Suppression,,381767.99,,,CONT_AWD_80GSFC19C0021_8000_-NONE-_-NONE-,80GSFC19C0021,,,,2018-11-30,2019,2025-08-04,2025,2018-11-30,2027-01-31,,D,DEFINITIVE CONTRACT,,,"OPTICAL TELESCOPE ASSEMBLY (OTA) THIS CONTRACT PROVIDES FOR ALL EFFORTS AND RESPONSIBILITIES FOR THE PERSONNEL, SERVICES, MATERIALS, EQUIPMENT, AND FACILITIES NECESSARY TO BUILD, REFURBISH, OR MODIFY THE OTA AS REQUIRED TO MEET THE WIDE FIELD INFRARED SURVEY TELESCOPE (WFIRST) PERFORMANCE REQUIREMENTS.",080,NATIONAL AERONAUTICS AND SPACE ADMINISTRATION (NASA),8000,NATIONAL AERONAUTICS AND SPACE ADMINISTRATION,80GSFC,NASA GODDARD SPACE FLIGHT CENTER,080,NATIONAL AERONAUTICS AND SPACE ADMINISTRATION (NASA),8000,NATIONAL AERONAUTICS AND SPACE ADMINISTRATION,80GSFC,NASA GODDARD SPACE FLIGHT CENTER,JEGFV3LWEJH7,,"L3HARRIS TECHNOLOGIES, INC.",HARRIS CORPORATION,SJULQDJ8NZU7,SJULQDJ8NZU7,"L3HARRIS TECHNOLOGIES, INC",L3HARRIS TECHNOLOGIES  INC.,USA,NY,MONROE,ROCHESTER,NY-25,NY-25,146066219,UNITED STATES,NEW YORK,MONROE,NY-25,NY-25,146064248,,,6650,"OPTICAL INSTRUMENTS, TEST EQUIPMENT, COMPONENTS AND ACCESSORIES",333314,OPTICAL INSTRUMENT AND LENS MANUFACTURING,,,https://www.usaspending.gov/award/CONT_AWD_80GSFC19C0021_8000_-NONE-_-NONE-/,2023-04-27
National Aeronautics and Space Administration,National Aeronautics and Space Administration,FY2023P07,,080,2022,2023,,0120,000,080-2022/2023-0120-000,"Science, National Aeronautics and Space Administration",National Aeronautics and Space Administration,,"General Science, Space, and Technology","Space flight, research, and supporting activities",080-0120,"Science, National Aeronautics and Space Administration",0001,SCIENCE (DIRECT),25.5,Research and development contracts,D,Q,Not Designated Nonemergency/Emergency/Disaster/Wildfire Suppression,,33312611.58,,,CONT_AWD_80GSFC19C0021_8000_-NONE-_-NONE-,80GSFC19C0021,,,,2018-11-30,2019,2025-08-04,2025,2018-11-30,2027-01-31,,D,DEFINITIVE CONTRACT,,,"OPTICAL TELESCOPE ASSEMBLY (OTA) THIS CONTRACT PROVIDES FOR ALL EFFORTS AND RESPONSIBILITIES FOR THE PERSONNEL, SERVICES, MATERIALS, EQUIPMENT, AND FACILITIES NECESSARY TO BUILD, REFURBISH, OR MODIFY THE OTA AS REQUIRED TO MEET THE WIDE FIELD INFRARED SURVEY TELESCOPE (WFIRST) PERFORMANCE REQUIREMENTS.",080,NATIONAL AERONAUTICS AND SPACE ADMINISTRATION (NASA),8000,NATIONAL AERONAUTICS AND SPACE ADMINISTRATION,80GSFC,NASA GODDARD SPACE FLIGHT CENTER,080,NATIONAL AERONAUTICS AND SPACE ADMINISTRATION (NASA),8000,NATIONAL AERONAUTICS AND SPACE ADMINISTRATION,80GSFC,NASA GODDARD SPACE FLIGHT CENTER,JEGFV3LWEJH7,,"L3HARRIS TECHNOLOGIES, INC.",HARRIS CORPORATION,SJULQDJ8NZU7,SJULQDJ8NZU7,"L3HARRIS TECHNOLOGIES, INC",L3HARRIS TECHNOLOGIES  INC.,USA,NY,MONROE,ROCHESTER,NY-25,NY-25,146066219,UNITED STATES,NEW YORK,MONROE,NY-25,NY-25,146064248,,,6650,"OPTICAL INSTRUMENTS, TEST EQUIPMENT, COMPONENTS AND ACCESSORIES",333314,OPTICAL INSTRUMENT AND LENS MANUFACTURING,,,https://www.usaspending.gov/award/CONT_AWD_80GSFC19C0021_8000_-NONE-_-NONE-/,2023-05-28
National Aeronautics and Space Administration,National Aeronautics and Space Administration,FY2023P07,,080,2021,2022,,0120,000,080-2021/2022-0120-000,"Science, National Aeronautics and Space Administration",National Aeronautics and Space Administration,,"General Science, Space, and Technology","Space flight, research, and supporting activities",080-0120,"Science, National Aeronautics and Space Administration",0001,SCIENCE (DIRECT),25.5,Research and development contracts,D,Q,Not Designated Nonemergency/Emergency/Disaster/Wildfire Suppression,,381767.99,,,CONT_AWD_80GSFC19C0021_8000_-NONE-_-NONE-,80GSFC19C0021,,,,2018-11-30,2019,2025-08-04,2025,2018-11-30,2027-01-31,,D,DEFINITIVE CONTRACT,,,"OPTICAL TELESCOPE ASSEMBLY (OTA) THIS CONTRACT PROVIDES FOR ALL EFFORTS AND RESPONSIBILITIES FOR THE PERSONNEL, SERVICES, MATERIALS, EQUIPMENT, AND FACILITIES NECESSARY TO BUILD, REFURBISH, OR MODIFY THE OTA AS REQUIRED TO MEET THE WIDE FIELD INFRARED SURVEY TELESCOPE (WFIRST) PERFORMANCE REQUIREMENTS.",080,NATIONAL AERONAUTICS AND SPACE ADMINISTRATION (NASA),8000,NATIONAL AERONAUTICS AND SPACE ADMINISTRATION,80GSFC,NASA GODDARD SPACE FLIGHT CENTER,080,NATIONAL AERONAUTICS AND SPACE ADMINISTRATION (NASA),8000,NATIONAL AERONAUTICS AND SPACE ADMINISTRATION,80GSFC,NASA GODDARD SPACE FLIGHT CENTER,JEGFV3LWEJH7,,"L3HARRIS TECHNOLOGIES, INC.",HARRIS CORPORATION,SJULQDJ8NZU7,SJULQDJ8NZU7,"L3HARRIS TECHNOLOGIES, INC",L3HARRIS TECHNOLOGIES  INC.,USA,NY,MONROE,ROCHESTER,NY-25,NY-25,146066219,UNITED STATES,NEW YORK,MONROE,NY-25,NY-25,146064248,,,6650,"OPTICAL INSTRUMENTS, TEST EQUIPMENT, COMPONENTS AND ACCESSORIES",333314,OPTICAL INSTRUMENT AND LENS MANUFACTURING,,,https://www.usaspending.gov/award/CONT_AWD_80GSFC19C0021_8000_-NONE-_-NONE-/,2023-05-28
National Aeronautics and Space Administration,National Aeronautics and Space Administration,FY2023P08,,080,2023,2024,,0120,000,080-2023/2024-0120-000,"Science, National Aeronautics and Space Administration",National Aeronautics and Space Administration,,"General Science, Space, and Technology","Space flight, research, and supporting activities",080-0120,"Science, National Aeronautics and Space Administration",0001,SCIENCE (DIRECT),25.5,Research and development contracts,D,Q,Not Designated Nonemergency/Emergency/Disaster/Wildfire Suppression,9000000.00,,,,CONT_AWD_80GSFC19C0021_8000_-NONE-_-NONE-,80GSFC19C0021,,,,2018-11-30,2019,2025-08-04,2025,2018-11-30,2027-01-31,,D,DEFINITIVE CONTRACT,,,"OPTICAL TELESCOPE ASSEMBLY (OTA) THIS CONTRACT PROVIDES FOR ALL EFFORTS AND RESPONSIBILITIES FOR THE PERSONNEL, SERVICES, MATERIALS, EQUIPMENT, AND FACILITIES NECESSARY TO BUILD, REFURBISH, OR MODIFY THE OTA AS REQUIRED TO MEET THE WIDE FIELD INFRARED SURVEY TELESCOPE (WFIRST) PERFORMANCE REQUIREMENTS.",080,NATIONAL AERONAUTICS AND SPACE ADMINISTRATION (NASA),8000,NATIONAL AERONAUTICS AND SPACE ADMINISTRATION,80GSFC,NASA GODDARD SPACE FLIGHT CENTER,080,NATIONAL AERONAUTICS AND SPACE ADMINISTRATION (NASA),8000,NATIONAL AERONAUTICS AND SPACE ADMINISTRATION,80GSFC,NASA GODDARD SPACE FLIGHT CENTER,JEGFV3LWEJH7,,"L3HARRIS TECHNOLOGIES, INC.",HARRIS CORPORATION,SJULQDJ8NZU7,SJULQDJ8NZU7,"L3HARRIS TECHNOLOGIES, INC",L3HARRIS TECHNOLOGIES  INC.,USA,NY,MONROE,ROCHESTER,NY-25,NY-25,146066219,UNITED STATES,NEW YORK,MONROE,NY-25,NY-25,146064248,,,6650,"OPTICAL INSTRUMENTS, TEST EQUIPMENT, COMPONENTS AND ACCESSORIES",333314,OPTICAL INSTRUMENT AND LENS MANUFACTURING,,,https://www.usaspending.gov/award/CONT_AWD_80GSFC19C0021_8000_-NONE-_-NONE-/,2023-06-28
National Aeronautics and Space Administration,National Aeronautics and Space Administration,FY2023P08,,080,2022,2023,,0120,000,080-2022/2023-0120-000,"Science, National Aeronautics and Space Administration",National Aeronautics and Space Administration,,"General Science, Space, and Technology","Space flight, research, and supporting activities",080-0120,"Science, National Aeronautics and Space Administration",0001,SCIENCE (DIRECT),25.5,Research and development contracts,D,Q,Not Designated Nonemergency/Emergency/Disaster/Wildfire Suppression,,41154252.48,,,CONT_AWD_80GSFC19C0021_8000_-NONE-_-NONE-,80GSFC19C0021,,,,2018-11-30,2019,2025-08-04,2025,2018-11-30,2027-01-31,,D,DEFINITIVE CONTRACT,,,"OPTICAL TELESCOPE ASSEMBLY (OTA) THIS CONTRACT PROVIDES FOR ALL EFFORTS AND RESPONSIBILITIES FOR THE PERSONNEL, SERVICES, MATERIALS, EQUIPMENT, AND FACILITIES NECESSARY TO BUILD, REFURBISH, OR MODIFY THE OTA AS REQUIRED TO MEET THE WIDE FIELD INFRARED SURVEY TELESCOPE (WFIRST) PERFORMANCE REQUIREMENTS.",080,NATIONAL AERONAUTICS AND SPACE ADMINISTRATION (NASA),8000,NATIONAL AERONAUTICS AND SPACE ADMINISTRATION,80GSFC,NASA GODDARD SPACE FLIGHT CENTER,080,NATIONAL AERONAUTICS AND SPACE ADMINISTRATION (NASA),8000,NATIONAL AERONAUTICS AND SPACE ADMINISTRATION,80GSFC,NASA GODDARD SPACE FLIGHT CENTER,JEGFV3LWEJH7,,"L3HARRIS TECHNOLOGIES, INC.",HARRIS CORPORATION,SJULQDJ8NZU7,SJULQDJ8NZU7,"L3HARRIS TECHNOLOGIES, INC",L3HARRIS TECHNOLOGIES  INC.,USA,NY,MONROE,ROCHESTER,NY-25,NY-25,146066219,UNITED STATES,NEW YORK,MONROE,NY-25,NY-25,146064248,,,6650,"OPTICAL INSTRUMENTS, TEST EQUIPMENT, COMPONENTS AND ACCESSORIES",333314,OPTICAL INSTRUMENT AND LENS MANUFACTURING,,,https://www.usaspending.gov/award/CONT_AWD_80GSFC19C0021_8000_-NONE-_-NONE-/,2023-06-28
National Aeronautics and Space Administration,National Aeronautics and Space Administration,FY2023P08,,080,2022,2023,,0120,000,080-2022/2023-0120-000,"Science, National Aeronautics and Space Administration",National Aeronautics and Space Administration,,"General Science, Space, and Technology","Space flight, research, and supporting activities",080-0120,"Science, National Aeronautics and Space Administration",0001,SCIENCE (DIRECT),25.5,Research and development contracts,D,Q,Not Designated Nonemergency/Emergency/Disaster/Wildfire Suppression,595381.00,,,,CONT_AWD_80GSFC19C0021_8000_-NONE-_-NONE-,80GSFC19C0021,,,,2018-11-30,2019,2025-08-04,2025,2018-11-30,2027-01-31,,D,DEFINITIVE CONTRACT,,,"OPTICAL TELESCOPE ASSEMBLY (OTA) THIS CONTRACT PROVIDES FOR ALL EFFORTS AND RESPONSIBILITIES FOR THE PERSONNEL, SERVICES, MATERIALS, EQUIPMENT, AND FACILITIES NECESSARY TO BUILD, REFURBISH, OR MODIFY THE OTA AS REQUIRED TO MEET THE WIDE FIELD INFRARED SURVEY TELESCOPE (WFIRST) PERFORMANCE REQUIREMENTS.",080,NATIONAL AERONAUTICS AND SPACE ADMINISTRATION (NASA),8000,NATIONAL AERONAUTICS AND SPACE ADMINISTRATION,80GSFC,NASA GODDARD SPACE FLIGHT CENTER,080,NATIONAL AERONAUTICS AND SPACE ADMINISTRATION (NASA),8000,NATIONAL AERONAUTICS AND SPACE ADMINISTRATION,80GSFC,NASA GODDARD SPACE FLIGHT CENTER,JEGFV3LWEJH7,,"L3HARRIS TECHNOLOGIES, INC.",HARRIS CORPORATION,SJULQDJ8NZU7,SJULQDJ8NZU7,"L3HARRIS TECHNOLOGIES, INC",L3HARRIS TECHNOLOGIES  INC.,USA,NY,MONROE,ROCHESTER,NY-25,NY-25,146066219,UNITED STATES,NEW YORK,MONROE,NY-25,NY-25,146064248,,,6650,"OPTICAL INSTRUMENTS, TEST EQUIPMENT, COMPONENTS AND ACCESSORIES",333314,OPTICAL INSTRUMENT AND LENS MANUFACTURING,,,https://www.usaspending.gov/award/CONT_AWD_80GSFC19C0021_8000_-NONE-_-NONE-/,2023-06-28
National Aeronautics and Space Administration,National Aeronautics and Space Administration,FY2023P08,,080,2021,2022,,0120,000,080-2021/2022-0120-000,"Science, National Aeronautics and Space Administration",National Aeronautics and Space Administration,,"General Science, Space, and Technology","Space flight, research, and supporting activities",080-0120,"Science, National Aeronautics and Space Administration",0001,SCIENCE (DIRECT),25.5,Research and development contracts,D,Q,Not Designated Nonemergency/Emergency/Disaster/Wildfire Suppression,,381767.99,,,CONT_AWD_80GSFC19C0021_8000_-NONE-_-NONE-,80GSFC19C0021,,,,2018-11-30,2019,2025-08-04,2025,2018-11-30,2027-01-31,,D,DEFINITIVE CONTRACT,,,"OPTICAL TELESCOPE ASSEMBLY (OTA) THIS CONTRACT PROVIDES FOR ALL EFFORTS AND RESPONSIBILITIES FOR THE PERSONNEL, SERVICES, MATERIALS, EQUIPMENT, AND FACILITIES NECESSARY TO BUILD, REFURBISH, OR MODIFY THE OTA AS REQUIRED TO MEET THE WIDE FIELD INFRARED SURVEY TELESCOPE (WFIRST) PERFORMANCE REQUIREMENTS.",080,NATIONAL AERONAUTICS AND SPACE ADMINISTRATION (NASA),8000,NATIONAL AERONAUTICS AND SPACE ADMINISTRATION,80GSFC,NASA GODDARD SPACE FLIGHT CENTER,080,NATIONAL AERONAUTICS AND SPACE ADMINISTRATION (NASA),8000,NATIONAL AERONAUTICS AND SPACE ADMINISTRATION,80GSFC,NASA GODDARD SPACE FLIGHT CENTER,JEGFV3LWEJH7,,"L3HARRIS TECHNOLOGIES, INC.",HARRIS CORPORATION,SJULQDJ8NZU7,SJULQDJ8NZU7,"L3HARRIS TECHNOLOGIES, INC",L3HARRIS TECHNOLOGIES  INC.,USA,NY,MONROE,ROCHESTER,NY-25,NY-25,146066219,UNITED STATES,NEW YORK,MONROE,NY-25,NY-25,146064248,,,6650,"OPTICAL INSTRUMENTS, TEST EQUIPMENT, COMPONENTS AND ACCESSORIES",333314,OPTICAL INSTRUMENT AND LENS MANUFACTURING,,,https://www.usaspending.gov/award/CONT_AWD_80GSFC19C0021_8000_-NONE-_-NONE-/,2023-06-28
National Aeronautics and Space Administration,National Aeronautics and Space Administration,FY2023P09,,080,2022,2023,,0120,000,080-2022/2023-0120-000,"Science, National Aeronautics and Space Administration",National Aeronautics and Space Administration,,"General Science, Space, and Technology","Space flight, research, and supporting activities",080-0120,"Science, National Aeronautics and Space Administration",0001,SCIENCE (DIRECT),25.5,Research and development contracts,D,Q,Not Designated Nonemergency/Emergency/Disaster/Wildfire Suppression,,45865710.54,,,CONT_AWD_80GSFC19C0021_8000_-NONE-_-NONE-,80GSFC19C0021,,,,2018-11-30,2019,2025-08-04,2025,2018-11-30,2027-01-31,,D,DEFINITIVE CONTRACT,,,"OPTICAL TELESCOPE ASSEMBLY (OTA) THIS CONTRACT PROVIDES FOR ALL EFFORTS AND RESPONSIBILITIES FOR THE PERSONNEL, SERVICES, MATERIALS, EQUIPMENT, AND FACILITIES NECESSARY TO BUILD, REFURBISH, OR MODIFY THE OTA AS REQUIRED TO MEET THE WIDE FIELD INFRARED SURVEY TELESCOPE (WFIRST) PERFORMANCE REQUIREMENTS.",080,NATIONAL AERONAUTICS AND SPACE ADMINISTRATION (NASA),8000,NATIONAL AERONAUTICS AND SPACE ADMINISTRATION,80GSFC,NASA GODDARD SPACE FLIGHT CENTER,080,NATIONAL AERONAUTICS AND SPACE ADMINISTRATION (NASA),8000,NATIONAL AERONAUTICS AND SPACE ADMINISTRATION,80GSFC,NASA GODDARD SPACE FLIGHT CENTER,JEGFV3LWEJH7,,"L3HARRIS TECHNOLOGIES, INC.",HARRIS CORPORATION,SJULQDJ8NZU7,SJULQDJ8NZU7,"L3HARRIS TECHNOLOGIES, INC",L3HARRIS TECHNOLOGIES  INC.,USA,NY,MONROE,ROCHESTER,NY-25,NY-25,146066219,UNITED STATES,NEW YORK,MONROE,NY-25,NY-25,146064248,,,6650,"OPTICAL INSTRUMENTS, TEST EQUIPMENT, COMPONENTS AND ACCESSORIES",333314,OPTICAL INSTRUMENT AND LENS MANUFACTURING,,,https://www.usaspending.gov/award/CONT_AWD_80GSFC19C0021_8000_-NONE-_-NONE-/,2023-07-28
National Aeronautics and Space Administration,National Aeronautics and Space Administration,FY2023P09,,080,2021,2022,,0120,000,080-2021/2022-0120-000,"Science, National Aeronautics and Space Administration",National Aeronautics and Space Administration,,"General Science, Space, and Technology","Space flight, research, and supporting activities",080-0120,"Science, National Aeronautics and Space Administration",0001,SCIENCE (DIRECT),25.5,Research and development contracts,D,Q,Not Designated Nonemergency/Emergency/Disaster/Wildfire Suppression,,381767.99,,,CONT_AWD_80GSFC19C0021_8000_-NONE-_-NONE-,80GSFC19C0021,,,,2018-11-30,2019,2025-08-04,2025,2018-11-30,2027-01-31,,D,DEFINITIVE CONTRACT,,,"OPTICAL TELESCOPE ASSEMBLY (OTA) THIS CONTRACT PROVIDES FOR ALL EFFORTS AND RESPONSIBILITIES FOR THE PERSONNEL, SERVICES, MATERIALS, EQUIPMENT, AND FACILITIES NECESSARY TO BUILD, REFURBISH, OR MODIFY THE OTA AS REQUIRED TO MEET THE WIDE FIELD INFRARED SURVEY TELESCOPE (WFIRST) PERFORMANCE REQUIREMENTS.",080,NATIONAL AERONAUTICS AND SPACE ADMINISTRATION (NASA),8000,NATIONAL AERONAUTICS AND SPACE ADMINISTRATION,80GSFC,NASA GODDARD SPACE FLIGHT CENTER,080,NATIONAL AERONAUTICS AND SPACE ADMINISTRATION (NASA),8000,NATIONAL AERONAUTICS AND SPACE ADMINISTRATION,80GSFC,NASA GODDARD SPACE FLIGHT CENTER,JEGFV3LWEJH7,,"L3HARRIS TECHNOLOGIES, INC.",HARRIS CORPORATION,SJULQDJ8NZU7,SJULQDJ8NZU7,"L3HARRIS TECHNOLOGIES, INC",L3HARRIS TECHNOLOGIES  INC.,USA,NY,MONROE,ROCHESTER,NY-25,NY-25,146066219,UNITED STATES,NEW YORK,MONROE,NY-25,NY-25,146064248,,,6650,"OPTICAL INSTRUMENTS, TEST EQUIPMENT, COMPONENTS AND ACCESSORIES",333314,OPTICAL INSTRUMENT AND LENS MANUFACTURING,,,https://www.usaspending.gov/award/CONT_AWD_80GSFC19C0021_8000_-NONE-_-NONE-/,2023-07-28
National Aeronautics and Space Administration,National Aeronautics and Space Administration,FY2023P10,,080,2023,2024,,0120,000,080-2023/2024-0120-000,"Science, National Aeronautics and Space Administration",National Aeronautics and Space Administration,,"General Science, Space, and Technology","Space flight, research, and supporting activities",080-0120,"Science, National Aeronautics and Space Administration",0001,SCIENCE (DIRECT),25.5,Research and development contracts,D,Q,Not Designated Nonemergency/Emergency/Disaster/Wildfire Suppression,8986890.83,,,,CONT_AWD_80GSFC19C0021_8000_-NONE-_-NONE-,80GSFC19C0021,,,,2018-11-30,2019,2025-08-04,2025,2018-11-30,2027-01-31,,D,DEFINITIVE CONTRACT,,,"OPTICAL TELESCOPE ASSEMBLY (OTA) THIS CONTRACT PROVIDES FOR ALL EFFORTS AND RESPONSIBILITIES FOR THE PERSONNEL, SERVICES, MATERIALS, EQUIPMENT, AND FACILITIES NECESSARY TO BUILD, REFURBISH, OR MODIFY THE OTA AS REQUIRED TO MEET THE WIDE FIELD INFRARED SURVEY TELESCOPE (WFIRST) PERFORMANCE REQUIREMENTS.",080,NATIONAL AERONAUTICS AND SPACE ADMINISTRATION (NASA),8000,NATIONAL AERONAUTICS AND SPACE ADMINISTRATION,80GSFC,NASA GODDARD SPACE FLIGHT CENTER,080,NATIONAL AERONAUTICS AND SPACE ADMINISTRATION (NASA),8000,NATIONAL AERONAUTICS AND SPACE ADMINISTRATION,80GSFC,NASA GODDARD SPACE FLIGHT CENTER,JEGFV3LWEJH7,,"L3HARRIS TECHNOLOGIES, INC.",HARRIS CORPORATION,SJULQDJ8NZU7,SJULQDJ8NZU7,"L3HARRIS TECHNOLOGIES, INC",L3HARRIS TECHNOLOGIES  INC.,USA,NY,MONROE,ROCHESTER,NY-25,NY-25,146066219,UNITED STATES,NEW YORK,MONROE,NY-25,NY-25,146064248,,,6650,"OPTICAL INSTRUMENTS, TEST EQUIPMENT, COMPONENTS AND ACCESSORIES",333314,OPTICAL INSTRUMENT AND LENS MANUFACTURING,,,https://www.usaspending.gov/award/CONT_AWD_80GSFC19C0021_8000_-NONE-_-NONE-/,2023-08-28
National Aeronautics and Space Administration,National Aeronautics and Space Administration,FY2023P10,,080,2022,2023,,0120,000,080-2022/2023-0120-000,"Science, National Aeronautics and Space Administration",National Aeronautics and Space Administration,,"General Science, Space, and Technology","Space flight, research, and supporting activities",080-0120,"Science, National Aeronautics and Space Administration",0001,SCIENCE (DIRECT),25.5,Research and development contracts,D,Q,Not Designated Nonemergency/Emergency/Disaster/Wildfire Suppression,,50347525.26,,,CONT_AWD_80GSFC19C0021_8000_-NONE-_-NONE-,80GSFC19C0021,,,,2018-11-30,2019,2025-08-04,2025,2018-11-30,2027-01-31,,D,DEFINITIVE CONTRACT,,,"OPTICAL TELESCOPE ASSEMBLY (OTA) THIS CONTRACT PROVIDES FOR ALL EFFORTS AND RESPONSIBILITIES FOR THE PERSONNEL, SERVICES, MATERIALS, EQUIPMENT, AND FACILITIES NECESSARY TO BUILD, REFURBISH, OR MODIFY THE OTA AS REQUIRED TO MEET THE WIDE FIELD INFRARED SURVEY TELESCOPE (WFIRST) PERFORMANCE REQUIREMENTS.",080,NATIONAL AERONAUTICS AND SPACE ADMINISTRATION (NASA),8000,NATIONAL AERONAUTICS AND SPACE ADMINISTRATION,80GSFC,NASA GODDARD SPACE FLIGHT CENTER,080,NATIONAL AERONAUTICS AND SPACE ADMINISTRATION (NASA),8000,NATIONAL AERONAUTICS AND SPACE ADMINISTRATION,80GSFC,NASA GODDARD SPACE FLIGHT CENTER,JEGFV3LWEJH7,,"L3HARRIS TECHNOLOGIES, INC.",HARRIS CORPORATION,SJULQDJ8NZU7,SJULQDJ8NZU7,"L3HARRIS TECHNOLOGIES, INC",L3HARRIS TECHNOLOGIES  INC.,USA,NY,MONROE,ROCHESTER,NY-25,NY-25,146066219,UNITED STATES,NEW YORK,MONROE,NY-25,NY-25,146064248,,,6650,"OPTICAL INSTRUMENTS, TEST EQUIPMENT, COMPONENTS AND ACCESSORIES",333314,OPTICAL INSTRUMENT AND LENS MANUFACTURING,,,https://www.usaspending.gov/award/CONT_AWD_80GSFC19C0021_8000_-NONE-_-NONE-/,2023-08-28
National Aeronautics and Space Administration,National Aeronautics and Space Administration,FY2023P10,,080,2022,2023,,0120,000,080-2022/2023-0120-000,"Science, National Aeronautics and Space Administration",National Aeronautics and Space Administration,,"General Science, Space, and Technology","Space flight, research, and supporting activities",080-0120,"Science, National Aeronautics and Space Administration",0001,SCIENCE (DIRECT),25.5,Research and development contracts,D,Q,Not Designated Nonemergency/Emergency/Disaster/Wildfire Suppression,123946.17,,,,CONT_AWD_80GSFC19C0021_8000_-NONE-_-NONE-,80GSFC19C0021,,,,2018-11-30,2019,2025-08-04,2025,2018-11-30,2027-01-31,,D,DEFINITIVE CONTRACT,,,"OPTICAL TELESCOPE ASSEMBLY (OTA) THIS CONTRACT PROVIDES FOR ALL EFFORTS AND RESPONSIBILITIES FOR THE PERSONNEL, SERVICES, MATERIALS, EQUIPMENT, AND FACILITIES NECESSARY TO BUILD, REFURBISH, OR MODIFY THE OTA AS REQUIRED TO MEET THE WIDE FIELD INFRARED SURVEY TELESCOPE (WFIRST) PERFORMANCE REQUIREMENTS.",080,NATIONAL AERONAUTICS AND SPACE ADMINISTRATION (NASA),8000,NATIONAL AERONAUTICS AND SPACE ADMINISTRATION,80GSFC,NASA GODDARD SPACE FLIGHT CENTER,080,NATIONAL AERONAUTICS AND SPACE ADMINISTRATION (NASA),8000,NATIONAL AERONAUTICS AND SPACE ADMINISTRATION,80GSFC,NASA GODDARD SPACE FLIGHT CENTER,JEGFV3LWEJH7,,"L3HARRIS TECHNOLOGIES, INC.",HARRIS CORPORATION,SJULQDJ8NZU7,SJULQDJ8NZU7,"L3HARRIS TECHNOLOGIES, INC",L3HARRIS TECHNOLOGIES  INC.,USA,NY,MONROE,ROCHESTER,NY-25,NY-25,146066219,UNITED STATES,NEW YORK,MONROE,NY-25,NY-25,146064248,,,6650,"OPTICAL INSTRUMENTS, TEST EQUIPMENT, COMPONENTS AND ACCESSORIES",333314,OPTICAL INSTRUMENT AND LENS MANUFACTURING,,,https://www.usaspending.gov/award/CONT_AWD_80GSFC19C0021_8000_-NONE-_-NONE-/,2023-08-28
National Aeronautics and Space Administration,National Aeronautics and Space Administration,FY2023P10,,080,2021,2022,,0120,000,080-2021/2022-0120-000,"Science, National Aeronautics and Space Administration",National Aeronautics and Space Administration,,"General Science, Space, and Technology","Space flight, research, and supporting activities",080-0120,"Science, National Aeronautics and Space Administration",0001,SCIENCE (DIRECT),25.5,Research and development contracts,D,Q,Not Designated Nonemergency/Emergency/Disaster/Wildfire Suppression,,381767.99,,,CONT_AWD_80GSFC19C0021_8000_-NONE-_-NONE-,80GSFC19C0021,,,,2018-11-30,2019,2025-08-04,2025,2018-11-30,2027-01-31,,D,DEFINITIVE CONTRACT,,,"OPTICAL TELESCOPE ASSEMBLY (OTA) THIS CONTRACT PROVIDES FOR ALL EFFORTS AND RESPONSIBILITIES FOR THE PERSONNEL, SERVICES, MATERIALS, EQUIPMENT, AND FACILITIES NECESSARY TO BUILD, REFURBISH, OR MODIFY THE OTA AS REQUIRED TO MEET THE WIDE FIELD INFRARED SURVEY TELESCOPE (WFIRST) PERFORMANCE REQUIREMENTS.",080,NATIONAL AERONAUTICS AND SPACE ADMINISTRATION (NASA),8000,NATIONAL AERONAUTICS AND SPACE ADMINISTRATION,80GSFC,NASA GODDARD SPACE FLIGHT CENTER,080,NATIONAL AERONAUTICS AND SPACE ADMINISTRATION (NASA),8000,NATIONAL AERONAUTICS AND SPACE ADMINISTRATION,80GSFC,NASA GODDARD SPACE FLIGHT CENTER,JEGFV3LWEJH7,,"L3HARRIS TECHNOLOGIES, INC.",HARRIS CORPORATION,SJULQDJ8NZU7,SJULQDJ8NZU7,"L3HARRIS TECHNOLOGIES, INC",L3HARRIS TECHNOLOGIES  INC.,USA,NY,MONROE,ROCHESTER,NY-25,NY-25,146066219,UNITED STATES,NEW YORK,MONROE,NY-25,NY-25,146064248,,,6650,"OPTICAL INSTRUMENTS, TEST EQUIPMENT, COMPONENTS AND ACCESSORIES",333314,OPTICAL INSTRUMENT AND LENS MANUFACTURING,,,https://www.usaspending.gov/award/CONT_AWD_80GSFC19C0021_8000_-NONE-_-NONE-/,2023-08-28
National Aeronautics and Space Administration,National Aeronautics and Space Administration,FY2023P11,,080,2023,2024,,0120,000,080-2023/2024-0120-000,"Science, National Aeronautics and Space Administration",National Aeronautics and Space Administration,,"General Science, Space, and Technology","Space flight, research, and supporting activities",080-0120,"Science, National Aeronautics and Space Administration",0001,SCIENCE (DIRECT),25.5,Research and development contracts,D,Q,Not Designated Nonemergency/Emergency/Disaster/Wildfire Suppression,,1179997.00,,,CONT_AWD_80GSFC19C0021_8000_-NONE-_-NONE-,80GSFC19C0021,,,,2018-11-30,2019,2025-08-04,2025,2018-11-30,2027-01-31,,D,DEFINITIVE CONTRACT,,,"OPTICAL TELESCOPE ASSEMBLY (OTA) THIS CONTRACT PROVIDES FOR ALL EFFORTS AND RESPONSIBILITIES FOR THE PERSONNEL, SERVICES, MATERIALS, EQUIPMENT, AND FACILITIES NECESSARY TO BUILD, REFURBISH, OR MODIFY THE OTA AS REQUIRED TO MEET THE WIDE FIELD INFRARED SURVEY TELESCOPE (WFIRST) PERFORMANCE REQUIREMENTS.",080,NATIONAL AERONAUTICS AND SPACE ADMINISTRATION (NASA),8000,NATIONAL AERONAUTICS AND SPACE ADMINISTRATION,80GSFC,NASA GODDARD SPACE FLIGHT CENTER,080,NATIONAL AERONAUTICS AND SPACE ADMINISTRATION (NASA),8000,NATIONAL AERONAUTICS AND SPACE ADMINISTRATION,80GSFC,NASA GODDARD SPACE FLIGHT CENTER,JEGFV3LWEJH7,,"L3HARRIS TECHNOLOGIES, INC.",HARRIS CORPORATION,SJULQDJ8NZU7,SJULQDJ8NZU7,"L3HARRIS TECHNOLOGIES, INC",L3HARRIS TECHNOLOGIES  INC.,USA,NY,MONROE,ROCHESTER,NY-25,NY-25,146066219,UNITED STATES,NEW YORK,MONROE,NY-25,NY-25,146064248,,,6650,"OPTICAL INSTRUMENTS, TEST EQUIPMENT, COMPONENTS AND ACCESSORIES",333314,OPTICAL INSTRUMENT AND LENS MANUFACTURING,,,https://www.usaspending.gov/award/CONT_AWD_80GSFC19C0021_8000_-NONE-_-NONE-/,2023-09-28
National Aeronautics and Space Administration,National Aeronautics and Space Administration,FY2023P11,,080,2023,2024,,0120,000,080-2023/2024-0120-000,"Science, National Aeronautics and Space Administration",National Aeronautics and Space Administration,,"General Science, Space, and Technology","Space flight, research, and supporting activities",080-0120,"Science, National Aeronautics and Space Administration",0001,SCIENCE (DIRECT),25.5,Research and development contracts,D,Q,Not Designated Nonemergency/Emergency/Disaster/Wildfire Suppression,-8986890.83,,,,CONT_AWD_80GSFC19C0021_8000_-NONE-_-NONE-,80GSFC19C0021,,,,2018-11-30,2019,2025-08-04,2025,2018-11-30,2027-01-31,,D,DEFINITIVE CONTRACT,,,"OPTICAL TELESCOPE ASSEMBLY (OTA) THIS CONTRACT PROVIDES FOR ALL EFFORTS AND RESPONSIBILITIES FOR THE PERSONNEL, SERVICES, MATERIALS, EQUIPMENT, AND FACILITIES NECESSARY TO BUILD, REFURBISH, OR MODIFY THE OTA AS REQUIRED TO MEET THE WIDE FIELD INFRARED SURVEY TELESCOPE (WFIRST) PERFORMANCE REQUIREMENTS.",080,NATIONAL AERONAUTICS AND SPACE ADMINISTRATION (NASA),8000,NATIONAL AERONAUTICS AND SPACE ADMINISTRATION,80GSFC,NASA GODDARD SPACE FLIGHT CENTER,080,NATIONAL AERONAUTICS AND SPACE ADMINISTRATION (NASA),8000,NATIONAL AERONAUTICS AND SPACE ADMINISTRATION,80GSFC,NASA GODDARD SPACE FLIGHT CENTER,JEGFV3LWEJH7,,"L3HARRIS TECHNOLOGIES, INC.",HARRIS CORPORATION,SJULQDJ8NZU7,SJULQDJ8NZU7,"L3HARRIS TECHNOLOGIES, INC",L3HARRIS TECHNOLOGIES  INC.,USA,NY,MONROE,ROCHESTER,NY-25,NY-25,146066219,UNITED STATES,NEW YORK,MONROE,NY-25,NY-25,146064248,,,6650,"OPTICAL INSTRUMENTS, TEST EQUIPMENT, COMPONENTS AND ACCESSORIES",333314,OPTICAL INSTRUMENT AND LENS MANUFACTURING,,,https://www.usaspending.gov/award/CONT_AWD_80GSFC19C0021_8000_-NONE-_-NONE-/,2023-09-28
National Aeronautics and Space Administration,National Aeronautics and Space Administration,FY2023P11,,080,2023,2024,,0120,000,080-2023/2024-0120-000,"Science, National Aeronautics and Space Administration",National Aeronautics and Space Administration,,"General Science, Space, and Technology","Space flight, research, and supporting activities",080-0120,"Science, National Aeronautics and Space Administration",0001,SCIENCE (DIRECT),25.5,Research and development contracts,D,Q,Not Designated Nonemergency/Emergency/Disaster/Wildfire Suppression,8986890.83,,,,CONT_AWD_80GSFC19C0021_8000_-NONE-_-NONE-,80GSFC19C0021,,,,2018-11-30,2019,2025-08-04,2025,2018-11-30,2027-01-31,,D,DEFINITIVE CONTRACT,,,"OPTICAL TELESCOPE ASSEMBLY (OTA) THIS CONTRACT PROVIDES FOR ALL EFFORTS AND RESPONSIBILITIES FOR THE PERSONNEL, SERVICES, MATERIALS, EQUIPMENT, AND FACILITIES NECESSARY TO BUILD, REFURBISH, OR MODIFY THE OTA AS REQUIRED TO MEET THE WIDE FIELD INFRARED SURVEY TELESCOPE (WFIRST) PERFORMANCE REQUIREMENTS.",080,NATIONAL AERONAUTICS AND SPACE ADMINISTRATION (NASA),8000,NATIONAL AERONAUTICS AND SPACE ADMINISTRATION,80GSFC,NASA GODDARD SPACE FLIGHT CENTER,080,NATIONAL AERONAUTICS AND SPACE ADMINISTRATION (NASA),8000,NATIONAL AERONAUTICS AND SPACE ADMINISTRATION,80GSFC,NASA GODDARD SPACE FLIGHT CENTER,JEGFV3LWEJH7,,"L3HARRIS TECHNOLOGIES, INC.",HARRIS CORPORATION,SJULQDJ8NZU7,SJULQDJ8NZU7,"L3HARRIS TECHNOLOGIES, INC",L3HARRIS TECHNOLOGIES  INC.,USA,NY,MONROE,ROCHESTER,NY-25,NY-25,146066219,UNITED STATES,NEW YORK,MONROE,NY-25,NY-25,146064248,,,6650,"OPTICAL INSTRUMENTS, TEST EQUIPMENT, COMPONENTS AND ACCESSORIES",333314,OPTICAL INSTRUMENT AND LENS MANUFACTURING,,,https://www.usaspending.gov/award/CONT_AWD_80GSFC19C0021_8000_-NONE-_-NONE-/,2023-09-28
National Aeronautics and Space Administration,National Aeronautics and Space Administration,FY2023P11,,080,2022,2023,,0120,000,080-2022/2023-0120-000,"Science, National Aeronautics and Space Administration",National Aeronautics and Space Administration,,"General Science, Space, and Technology","Space flight, research, and supporting activities",080-0120,"Science, National Aeronautics and Space Administration",0001,SCIENCE (DIRECT),25.5,Research and development contracts,D,Q,Not Designated Nonemergency/Emergency/Disaster/Wildfire Suppression,123946.17,,,,CONT_AWD_80GSFC19C0021_8000_-NONE-_-NONE-,80GSFC19C0021,,,,2018-11-30,2019,2025-08-04,2025,2018-11-30,2027-01-31,,D,DEFINITIVE CONTRACT,,,"OPTICAL TELESCOPE ASSEMBLY (OTA) THIS CONTRACT PROVIDES FOR ALL EFFORTS AND RESPONSIBILITIES FOR THE PERSONNEL, SERVICES, MATERIALS, EQUIPMENT, AND FACILITIES NECESSARY TO BUILD, REFURBISH, OR MODIFY THE OTA AS REQUIRED TO MEET THE WIDE FIELD INFRARED SURVEY TELESCOPE (WFIRST) PERFORMANCE REQUIREMENTS.",080,NATIONAL AERONAUTICS AND SPACE ADMINISTRATION (NASA),8000,NATIONAL AERONAUTICS AND SPACE ADMINISTRATION,80GSFC,NASA GODDARD SPACE FLIGHT CENTER,080,NATIONAL AERONAUTICS AND SPACE ADMINISTRATION (NASA),8000,NATIONAL AERONAUTICS AND SPACE ADMINISTRATION,80GSFC,NASA GODDARD SPACE FLIGHT CENTER,JEGFV3LWEJH7,,"L3HARRIS TECHNOLOGIES, INC.",HARRIS CORPORATION,SJULQDJ8NZU7,SJULQDJ8NZU7,"L3HARRIS TECHNOLOGIES, INC",L3HARRIS TECHNOLOGIES  INC.,USA,NY,MONROE,ROCHESTER,NY-25,NY-25,146066219,UNITED STATES,NEW YORK,MONROE,NY-25,NY-25,146064248,,,6650,"OPTICAL INSTRUMENTS, TEST EQUIPMENT, COMPONENTS AND ACCESSORIES",333314,OPTICAL INSTRUMENT AND LENS MANUFACTURING,,,https://www.usaspending.gov/award/CONT_AWD_80GSFC19C0021_8000_-NONE-_-NONE-/,2023-09-28
National Aeronautics and Space Administration,National Aeronautics and Space Administration,FY2023P11,,080,2022,2023,,0120,000,080-2022/2023-0120-000,"Science, National Aeronautics and Space Administration",National Aeronautics and Space Administration,,"General Science, Space, and Technology","Space flight, research, and supporting activities",080-0120,"Science, National Aeronautics and Space Administration",0001,SCIENCE (DIRECT),25.5,Research and development contracts,D,Q,Not Designated Nonemergency/Emergency/Disaster/Wildfire Suppression,-123946.17,,,,CONT_AWD_80GSFC19C0021_8000_-NONE-_-NONE-,80GSFC19C0021,,,,2018-11-30,2019,2025-08-04,2025,2018-11-30,2027-01-31,,D,DEFINITIVE CONTRACT,,,"OPTICAL TELESCOPE ASSEMBLY (OTA) THIS CONTRACT PROVIDES FOR ALL EFFORTS AND RESPONSIBILITIES FOR THE PERSONNEL, SERVICES, MATERIALS, EQUIPMENT, AND FACILITIES NECESSARY TO BUILD, REFURBISH, OR MODIFY THE OTA AS REQUIRED TO MEET THE WIDE FIELD INFRARED SURVEY TELESCOPE (WFIRST) PERFORMANCE REQUIREMENTS.",080,NATIONAL AERONAUTICS AND SPACE ADMINISTRATION (NASA),8000,NATIONAL AERONAUTICS AND SPACE ADMINISTRATION,80GSFC,NASA GODDARD SPACE FLIGHT CENTER,080,NATIONAL AERONAUTICS AND SPACE ADMINISTRATION (NASA),8000,NATIONAL AERONAUTICS AND SPACE ADMINISTRATION,80GSFC,NASA GODDARD SPACE FLIGHT CENTER,JEGFV3LWEJH7,,"L3HARRIS TECHNOLOGIES, INC.",HARRIS CORPORATION,SJULQDJ8NZU7,SJULQDJ8NZU7,"L3HARRIS TECHNOLOGIES, INC",L3HARRIS TECHNOLOGIES  INC.,USA,NY,MONROE,ROCHESTER,NY-25,NY-25,146066219,UNITED STATES,NEW YORK,MONROE,NY-25,NY-25,146064248,,,6650,"OPTICAL INSTRUMENTS, TEST EQUIPMENT, COMPONENTS AND ACCESSORIES",333314,OPTICAL INSTRUMENT AND LENS MANUFACTURING,,,https://www.usaspending.gov/award/CONT_AWD_80GSFC19C0021_8000_-NONE-_-NONE-/,2023-09-28
National Aeronautics and Space Administration,National Aeronautics and Space Administration,FY2023P11,,080,2022,2023,,0120,000,080-2022/2023-0120-000,"Science, National Aeronautics and Space Administration",National Aeronautics and Space Administration,,"General Science, Space, and Technology","Space flight, research, and supporting activities",080-0120,"Science, National Aeronautics and Space Administration",0001,SCIENCE (DIRECT),25.5,Research and development contracts,D,Q,Not Designated Nonemergency/Emergency/Disaster/Wildfire Suppression,,56167191.42,,,CONT_AWD_80GSFC19C0021_8000_-NONE-_-NONE-,80GSFC19C0021,,,,2018-11-30,2019,2025-08-04,2025,2018-11-30,2027-01-31,,D,DEFINITIVE CONTRACT,,,"OPTICAL TELESCOPE ASSEMBLY (OTA) THIS CONTRACT PROVIDES FOR ALL EFFORTS AND RESPONSIBILITIES FOR THE PERSONNEL, SERVICES, MATERIALS, EQUIPMENT, AND FACILITIES NECESSARY TO BUILD, REFURBISH, OR MODIFY THE OTA AS REQUIRED TO MEET THE WIDE FIELD INFRARED SURVEY TELESCOPE (WFIRST) PERFORMANCE REQUIREMENTS.",080,NATIONAL AERONAUTICS AND SPACE ADMINISTRATION (NASA),8000,NATIONAL AERONAUTICS AND SPACE ADMINISTRATION,80GSFC,NASA GODDARD SPACE FLIGHT CENTER,080,NATIONAL AERONAUTICS AND SPACE ADMINISTRATION (NASA),8000,NATIONAL AERONAUTICS AND SPACE ADMINISTRATION,80GSFC,NASA GODDARD SPACE FLIGHT CENTER,JEGFV3LWEJH7,,"L3HARRIS TECHNOLOGIES, INC.",HARRIS CORPORATION,SJULQDJ8NZU7,SJULQDJ8NZU7,"L3HARRIS TECHNOLOGIES, INC",L3HARRIS TECHNOLOGIES  INC.,USA,NY,MONROE,ROCHESTER,NY-25,NY-25,146066219,UNITED STATES,NEW YORK,MONROE,NY-25,NY-25,146064248,,,6650,"OPTICAL INSTRUMENTS, TEST EQUIPMENT, COMPONENTS AND ACCESSORIES",333314,OPTICAL INSTRUMENT AND LENS MANUFACTURING,,,https://www.usaspending.gov/award/CONT_AWD_80GSFC19C0021_8000_-NONE-_-NONE-/,2023-09-28
National Aeronautics and Space Administration,National Aeronautics and Space Administration,FY2023P11,,080,2021,2022,,0120,000,080-2021/2022-0120-000,"Science, National Aeronautics and Space Administration",National Aeronautics and Space Administration,,"General Science, Space, and Technology","Space flight, research, and supporting activities",080-0120,"Science, National Aeronautics and Space Administration",0001,SCIENCE (DIRECT),25.5,Research and development contracts,D,Q,Not Designated Nonemergency/Emergency/Disaster/Wildfire Suppression,,381767.99,,,CONT_AWD_80GSFC19C0021_8000_-NONE-_-NONE-,80GSFC19C0021,,,,2018-11-30,2019,2025-08-04,2025,2018-11-30,2027-01-31,,D,DEFINITIVE CONTRACT,,,"OPTICAL TELESCOPE ASSEMBLY (OTA) THIS CONTRACT PROVIDES FOR ALL EFFORTS AND RESPONSIBILITIES FOR THE PERSONNEL, SERVICES, MATERIALS, EQUIPMENT, AND FACILITIES NECESSARY TO BUILD, REFURBISH, OR MODIFY THE OTA AS REQUIRED TO MEET THE WIDE FIELD INFRARED SURVEY TELESCOPE (WFIRST) PERFORMANCE REQUIREMENTS.",080,NATIONAL AERONAUTICS AND SPACE ADMINISTRATION (NASA),8000,NATIONAL AERONAUTICS AND SPACE ADMINISTRATION,80GSFC,NASA GODDARD SPACE FLIGHT CENTER,080,NATIONAL AERONAUTICS AND SPACE ADMINISTRATION (NASA),8000,NATIONAL AERONAUTICS AND SPACE ADMINISTRATION,80GSFC,NASA GODDARD SPACE FLIGHT CENTER,JEGFV3LWEJH7,,"L3HARRIS TECHNOLOGIES, INC.",HARRIS CORPORATION,SJULQDJ8NZU7,SJULQDJ8NZU7,"L3HARRIS TECHNOLOGIES, INC",L3HARRIS TECHNOLOGIES  INC.,USA,NY,MONROE,ROCHESTER,NY-25,NY-25,146066219,UNITED STATES,NEW YORK,MONROE,NY-25,NY-25,146064248,,,6650,"OPTICAL INSTRUMENTS, TEST EQUIPMENT, COMPONENTS AND ACCESSORIES",333314,OPTICAL INSTRUMENT AND LENS MANUFACTURING,,,https://www.usaspending.gov/award/CONT_AWD_80GSFC19C0021_8000_-NONE-_-NONE-/,2023-09-28
National Aeronautics and Space Administration,National Aeronautics and Space Administration,FY2023P12,,080,2023,2024,,0120,000,080-2023/2024-0120-000,"Science, National Aeronautics and Space Administration",National Aeronautics and Space Administration,,"General Science, Space, and Technology","Space flight, research, and supporting activities",080-0120,"Science, National Aeronautics and Space Administration",0001,SCIENCE (DIRECT),25.5,Research and development contracts,D,Q,Not Designated Nonemergency/Emergency/Disaster/Wildfire Suppression,,5668727.92,,,CONT_AWD_80GSFC19C0021_8000_-NONE-_-NONE-,80GSFC19C0021,,,,2018-11-30,2019,2025-08-04,2025,2018-11-30,2027-01-31,,D,DEFINITIVE CONTRACT,,,"OPTICAL TELESCOPE ASSEMBLY (OTA) THIS CONTRACT PROVIDES FOR ALL EFFORTS AND RESPONSIBILITIES FOR THE PERSONNEL, SERVICES, MATERIALS, EQUIPMENT, AND FACILITIES NECESSARY TO BUILD, REFURBISH, OR MODIFY THE OTA AS REQUIRED TO MEET THE WIDE FIELD INFRARED SURVEY TELESCOPE (WFIRST) PERFORMANCE REQUIREMENTS.",080,NATIONAL AERONAUTICS AND SPACE ADMINISTRATION (NASA),8000,NATIONAL AERONAUTICS AND SPACE ADMINISTRATION,80GSFC,NASA GODDARD SPACE FLIGHT CENTER,080,NATIONAL AERONAUTICS AND SPACE ADMINISTRATION (NASA),8000,NATIONAL AERONAUTICS AND SPACE ADMINISTRATION,80GSFC,NASA GODDARD SPACE FLIGHT CENTER,JEGFV3LWEJH7,,"L3HARRIS TECHNOLOGIES, INC.",HARRIS CORPORATION,SJULQDJ8NZU7,SJULQDJ8NZU7,"L3HARRIS TECHNOLOGIES, INC",L3HARRIS TECHNOLOGIES  INC.,USA,NY,MONROE,ROCHESTER,NY-25,NY-25,146066219,UNITED STATES,NEW YORK,MONROE,NY-25,NY-25,146064248,,,6650,"OPTICAL INSTRUMENTS, TEST EQUIPMENT, COMPONENTS AND ACCESSORIES",333314,OPTICAL INSTRUMENT AND LENS MANUFACTURING,,,https://www.usaspending.gov/award/CONT_AWD_80GSFC19C0021_8000_-NONE-_-NONE-/,2023-11-03
National Aeronautics and Space Administration,National Aeronautics and Space Administration,FY2023P12,,080,2023,2024,,0120,000,080-2023/2024-0120-000,"Science, National Aeronautics and Space Administration",National Aeronautics and Space Administration,,"General Science, Space, and Technology","Space flight, research, and supporting activities",080-0120,"Science, National Aeronautics and Space Administration",0001,SCIENCE (DIRECT),25.5,Research and development contracts,D,Q,Not Designated Nonemergency/Emergency/Disaster/Wildfire Suppression,15620200.00,,,,CONT_AWD_80GSFC19C0021_8000_-NONE-_-NONE-,80GSFC19C0021,,,,2018-11-30,2019,2025-08-04,2025,2018-11-30,2027-01-31,,D,DEFINITIVE CONTRACT,,,"OPTICAL TELESCOPE ASSEMBLY (OTA) THIS CONTRACT PROVIDES FOR ALL EFFORTS AND RESPONSIBILITIES FOR THE PERSONNEL, SERVICES, MATERIALS, EQUIPMENT, AND FACILITIES NECESSARY TO BUILD, REFURBISH, OR MODIFY THE OTA AS REQUIRED TO MEET THE WIDE FIELD INFRARED SURVEY TELESCOPE (WFIRST) PERFORMANCE REQUIREMENTS.",080,NATIONAL AERONAUTICS AND SPACE ADMINISTRATION (NASA),8000,NATIONAL AERONAUTICS AND SPACE ADMINISTRATION,80GSFC,NASA GODDARD SPACE FLIGHT CENTER,080,NATIONAL AERONAUTICS AND SPACE ADMINISTRATION (NASA),8000,NATIONAL AERONAUTICS AND SPACE ADMINISTRATION,80GSFC,NASA GODDARD SPACE FLIGHT CENTER,JEGFV3LWEJH7,,"L3HARRIS TECHNOLOGIES, INC.",HARRIS CORPORATION,SJULQDJ8NZU7,SJULQDJ8NZU7,"L3HARRIS TECHNOLOGIES, INC",L3HARRIS TECHNOLOGIES  INC.,USA,NY,MONROE,ROCHESTER,NY-25,NY-25,146066219,UNITED STATES,NEW YORK,MONROE,NY-25,NY-25,146064248,,,6650,"OPTICAL INSTRUMENTS, TEST EQUIPMENT, COMPONENTS AND ACCESSORIES",333314,OPTICAL INSTRUMENT AND LENS MANUFACTURING,,,https://www.usaspending.gov/award/CONT_AWD_80GSFC19C0021_8000_-NONE-_-NONE-/,2023-11-03
National Aeronautics and Space Administration,National Aeronautics and Space Administration,FY2023P12,,080,2022,2023,,0120,000,080-2022/2023-0120-000,"Science, National Aeronautics and Space Administration",National Aeronautics and Space Administration,,"General Science, Space, and Technology","Space flight, research, and supporting activities",080-0120,"Science, National Aeronautics and Space Administration",0001,SCIENCE (DIRECT),25.5,Research and development contracts,D,Q,Not Designated Nonemergency/Emergency/Disaster/Wildfire Suppression,,56183556.10,,,CONT_AWD_80GSFC19C0021_8000_-NONE-_-NONE-,80GSFC19C0021,,,,2018-11-30,2019,2025-08-04,2025,2018-11-30,2027-01-31,,D,DEFINITIVE CONTRACT,,,"OPTICAL TELESCOPE ASSEMBLY (OTA) THIS CONTRACT PROVIDES FOR ALL EFFORTS AND RESPONSIBILITIES FOR THE PERSONNEL, SERVICES, MATERIALS, EQUIPMENT, AND FACILITIES NECESSARY TO BUILD, REFURBISH, OR MODIFY THE OTA AS REQUIRED TO MEET THE WIDE FIELD INFRARED SURVEY TELESCOPE (WFIRST) PERFORMANCE REQUIREMENTS.",080,NATIONAL AERONAUTICS AND SPACE ADMINISTRATION (NASA),8000,NATIONAL AERONAUTICS AND SPACE ADMINISTRATION,80GSFC,NASA GODDARD SPACE FLIGHT CENTER,080,NATIONAL AERONAUTICS AND SPACE ADMINISTRATION (NASA),8000,NATIONAL AERONAUTICS AND SPACE ADMINISTRATION,80GSFC,NASA GODDARD SPACE FLIGHT CENTER,JEGFV3LWEJH7,,"L3HARRIS TECHNOLOGIES, INC.",HARRIS CORPORATION,SJULQDJ8NZU7,SJULQDJ8NZU7,"L3HARRIS TECHNOLOGIES, INC",L3HARRIS TECHNOLOGIES  INC.,USA,NY,MONROE,ROCHESTER,NY-25,NY-25,146066219,UNITED STATES,NEW YORK,MONROE,NY-25,NY-25,146064248,,,6650,"OPTICAL INSTRUMENTS, TEST EQUIPMENT, COMPONENTS AND ACCESSORIES",333314,OPTICAL INSTRUMENT AND LENS MANUFACTURING,,,https://www.usaspending.gov/award/CONT_AWD_80GSFC19C0021_8000_-NONE-_-NONE-/,2023-11-03
National Aeronautics and Space Administration,National Aeronautics and Space Administration,FY2023P12,,080,2021,2022,,0120,000,080-2021/2022-0120-000,"Science, National Aeronautics and Space Administration",National Aeronautics and Space Administration,,"General Science, Space, and Technology","Space flight, research, and supporting activities",080-0120,"Science, National Aeronautics and Space Administration",0001,SCIENCE (DIRECT),25.5,Research and development contracts,D,Q,Not Designated Nonemergency/Emergency/Disaster/Wildfire Suppression,,381767.99,,,CONT_AWD_80GSFC19C0021_8000_-NONE-_-NONE-,80GSFC19C0021,,,,2018-11-30,2019,2025-08-04,2025,2018-11-30,2027-01-31,,D,DEFINITIVE CONTRACT,,,"OPTICAL TELESCOPE ASSEMBLY (OTA) THIS CONTRACT PROVIDES FOR ALL EFFORTS AND RESPONSIBILITIES FOR THE PERSONNEL, SERVICES, MATERIALS, EQUIPMENT, AND FACILITIES NECESSARY TO BUILD, REFURBISH, OR MODIFY THE OTA AS REQUIRED TO MEET THE WIDE FIELD INFRARED SURVEY TELESCOPE (WFIRST) PERFORMANCE REQUIREMENTS.",080,NATIONAL AERONAUTICS AND SPACE ADMINISTRATION (NASA),8000,NATIONAL AERONAUTICS AND SPACE ADMINISTRATION,80GSFC,NASA GODDARD SPACE FLIGHT CENTER,080,NATIONAL AERONAUTICS AND SPACE ADMINISTRATION (NASA),8000,NATIONAL AERONAUTICS AND SPACE ADMINISTRATION,80GSFC,NASA GODDARD SPACE FLIGHT CENTER,JEGFV3LWEJH7,,"L3HARRIS TECHNOLOGIES, INC.",HARRIS CORPORATION,SJULQDJ8NZU7,SJULQDJ8NZU7,"L3HARRIS TECHNOLOGIES, INC",L3HARRIS TECHNOLOGIES  INC.,USA,NY,MONROE,ROCHESTER,NY-25,NY-25,146066219,UNITED STATES,NEW YORK,MONROE,NY-25,NY-25,146064248,,,6650,"OPTICAL INSTRUMENTS, TEST EQUIPMENT, COMPONENTS AND ACCESSORIES",333314,OPTICAL INSTRUMENT AND LENS MANUFACTURING,,,https://www.usaspending.gov/award/CONT_AWD_80GSFC19C0021_8000_-NONE-_-NONE-/,2023-11-03
National Aeronautics and Space Administration,National Aeronautics and Space Administration,FY2024P02,,080,2024,2025,,0120,000,080-2024/2025-0120-000,"Science, National Aeronautics and Space Administration",National Aeronautics and Space Administration,,"General Science, Space, and Technology","Space flight, research, and supporting activities",080-0120,"Science, National Aeronautics and Space Administration",0001,SCIENCE (DIRECT),25.5,Research and development contracts,D,Q,Not Designated Nonemergency/Emergency/Disaster/Wildfire Suppression,300000.00,,,,CONT_AWD_80GSFC19C0021_8000_-NONE-_-NONE-,80GSFC19C0021,,,,2018-11-30,2019,2025-08-04,2025,2018-11-30,2027-01-31,,D,DEFINITIVE CONTRACT,,,"OPTICAL TELESCOPE ASSEMBLY (OTA) THIS CONTRACT PROVIDES FOR ALL EFFORTS AND RESPONSIBILITIES FOR THE PERSONNEL, SERVICES, MATERIALS, EQUIPMENT, AND FACILITIES NECESSARY TO BUILD, REFURBISH, OR MODIFY THE OTA AS REQUIRED TO MEET THE WIDE FIELD INFRARED SURVEY TELESCOPE (WFIRST) PERFORMANCE REQUIREMENTS.",080,NATIONAL AERONAUTICS AND SPACE ADMINISTRATION (NASA),8000,NATIONAL AERONAUTICS AND SPACE ADMINISTRATION,80GSFC,NASA GODDARD SPACE FLIGHT CENTER,080,NATIONAL AERONAUTICS AND SPACE ADMINISTRATION (NASA),8000,NATIONAL AERONAUTICS AND SPACE ADMINISTRATION,80GSFC,NASA GODDARD SPACE FLIGHT CENTER,JEGFV3LWEJH7,,"L3HARRIS TECHNOLOGIES, INC.",HARRIS CORPORATION,SJULQDJ8NZU7,SJULQDJ8NZU7,"L3HARRIS TECHNOLOGIES, INC",L3HARRIS TECHNOLOGIES  INC.,USA,NY,MONROE,ROCHESTER,NY-25,NY-25,146066219,UNITED STATES,NEW YORK,MONROE,NY-25,NY-25,146064248,,,6650,"OPTICAL INSTRUMENTS, TEST EQUIPMENT, COMPONENTS AND ACCESSORIES",333314,OPTICAL INSTRUMENT AND LENS MANUFACTURING,,,https://www.usaspending.gov/award/CONT_AWD_80GSFC19C0021_8000_-NONE-_-NONE-/,2024-01-05
National Aeronautics and Space Administration,National Aeronautics and Space Administration,FY2024P02,,080,2023,2024,,0120,000,080-2023/2024-0120-000,"Science, National Aeronautics and Space Administration",National Aeronautics and Space Administration,,"General Science, Space, and Technology","Space flight, research, and supporting activities",080-0120,"Science, National Aeronautics and Space Administration",0001,SCIENCE (DIRECT),25.5,Research and development contracts,D,Q,Not Designated Nonemergency/Emergency/Disaster/Wildfire Suppression,,10236061.34,,,CONT_AWD_80GSFC19C0021_8000_-NONE-_-NONE-,80GSFC19C0021,,,,2018-11-30,2019,2025-08-04,2025,2018-11-30,2027-01-31,,D,DEFINITIVE CONTRACT,,,"OPTICAL TELESCOPE ASSEMBLY (OTA) THIS CONTRACT PROVIDES FOR ALL EFFORTS AND RESPONSIBILITIES FOR THE PERSONNEL, SERVICES, MATERIALS, EQUIPMENT, AND FACILITIES NECESSARY TO BUILD, REFURBISH, OR MODIFY THE OTA AS REQUIRED TO MEET THE WIDE FIELD INFRARED SURVEY TELESCOPE (WFIRST) PERFORMANCE REQUIREMENTS.",080,NATIONAL AERONAUTICS AND SPACE ADMINISTRATION (NASA),8000,NATIONAL AERONAUTICS AND SPACE ADMINISTRATION,80GSFC,NASA GODDARD SPACE FLIGHT CENTER,080,NATIONAL AERONAUTICS AND SPACE ADMINISTRATION (NASA),8000,NATIONAL AERONAUTICS AND SPACE ADMINISTRATION,80GSFC,NASA GODDARD SPACE FLIGHT CENTER,JEGFV3LWEJH7,,"L3HARRIS TECHNOLOGIES, INC.",HARRIS CORPORATION,SJULQDJ8NZU7,SJULQDJ8NZU7,"L3HARRIS TECHNOLOGIES, INC",L3HARRIS TECHNOLOGIES  INC.,USA,NY,MONROE,ROCHESTER,NY-25,NY-25,146066219,UNITED STATES,NEW YORK,MONROE,NY-25,NY-25,146064248,,,6650,"OPTICAL INSTRUMENTS, TEST EQUIPMENT, COMPONENTS AND ACCESSORIES",333314,OPTICAL INSTRUMENT AND LENS MANUFACTURING,,,https://www.usaspending.gov/award/CONT_AWD_80GSFC19C0021_8000_-NONE-_-NONE-/,2024-01-05
National Aeronautics and Space Administration,National Aeronautics and Space Administration,FY2024P02,,080,2023,2024,,0120,000,080-2023/2024-0120-000,"Science, National Aeronautics and Space Administration",National Aeronautics and Space Administration,,"General Science, Space, and Technology","Space flight, research, and supporting activities",080-0120,"Science, National Aeronautics and Space Administration",0001,SCIENCE (DIRECT),25.5,Research and development contracts,D,Q,Not Designated Nonemergency/Emergency/Disaster/Wildfire Suppression,2200000.00,,,,CONT_AWD_80GSFC19C0021_8000_-NONE-_-NONE-,80GSFC19C0021,,,,2018-11-30,2019,2025-08-04,2025,2018-11-30,2027-01-31,,D,DEFINITIVE CONTRACT,,,"OPTICAL TELESCOPE ASSEMBLY (OTA) THIS CONTRACT PROVIDES FOR ALL EFFORTS AND RESPONSIBILITIES FOR THE PERSONNEL, SERVICES, MATERIALS, EQUIPMENT, AND FACILITIES NECESSARY TO BUILD, REFURBISH, OR MODIFY THE OTA AS REQUIRED TO MEET THE WIDE FIELD INFRARED SURVEY TELESCOPE (WFIRST) PERFORMANCE REQUIREMENTS.",080,NATIONAL AERONAUTICS AND SPACE ADMINISTRATION (NASA),8000,NATIONAL AERONAUTICS AND SPACE ADMINISTRATION,80GSFC,NASA GODDARD SPACE FLIGHT CENTER,080,NATIONAL AERONAUTICS AND SPACE ADMINISTRATION (NASA),8000,NATIONAL AERONAUTICS AND SPACE ADMINISTRATION,80GSFC,NASA GODDARD SPACE FLIGHT CENTER,JEGFV3LWEJH7,,"L3HARRIS TECHNOLOGIES, INC.",HARRIS CORPORATION,SJULQDJ8NZU7,SJULQDJ8NZU7,"L3HARRIS TECHNOLOGIES, INC",L3HARRIS TECHNOLOGIES  INC.,USA,NY,MONROE,ROCHESTER,NY-25,NY-25,146066219,UNITED STATES,NEW YORK,MONROE,NY-25,NY-25,146064248,,,6650,"OPTICAL INSTRUMENTS, TEST EQUIPMENT, COMPONENTS AND ACCESSORIES",333314,OPTICAL INSTRUMENT AND LENS MANUFACTURING,,,https://www.usaspending.gov/award/CONT_AWD_80GSFC19C0021_8000_-NONE-_-NONE-/,2024-01-05
National Aeronautics and Space Administration,National Aeronautics and Space Administration,FY2024P03,,080,2024,2025,,0120,000,080-2024/2025-0120-000,"Science, National Aeronautics and Space Administration",National Aeronautics and Space Administration,,"General Science, Space, and Technology","Space flight, research, and supporting activities",080-0120,"Science, National Aeronautics and Space Administration",0001,SCIENCE (DIRECT),25.5,Research and development contracts,D,Q,Not Designated Nonemergency/Emergency/Disaster/Wildfire Suppression,1370000.00,,,,CONT_AWD_80GSFC19C0021_8000_-NONE-_-NONE-,80GSFC19C0021,,,,2018-11-30,2019,2025-08-04,2025,2018-11-30,2027-01-31,,D,DEFINITIVE CONTRACT,,,"OPTICAL TELESCOPE ASSEMBLY (OTA) THIS CONTRACT PROVIDES FOR ALL EFFORTS AND RESPONSIBILITIES FOR THE PERSONNEL, SERVICES, MATERIALS, EQUIPMENT, AND FACILITIES NECESSARY TO BUILD, REFURBISH, OR MODIFY THE OTA AS REQUIRED TO MEET THE WIDE FIELD INFRARED SURVEY TELESCOPE (WFIRST) PERFORMANCE REQUIREMENTS.",080,NATIONAL AERONAUTICS AND SPACE ADMINISTRATION (NASA),8000,NATIONAL AERONAUTICS AND SPACE ADMINISTRATION,80GSFC,NASA GODDARD SPACE FLIGHT CENTER,080,NATIONAL AERONAUTICS AND SPACE ADMINISTRATION (NASA),8000,NATIONAL AERONAUTICS AND SPACE ADMINISTRATION,80GSFC,NASA GODDARD SPACE FLIGHT CENTER,JEGFV3LWEJH7,,"L3HARRIS TECHNOLOGIES, INC.",HARRIS CORPORATION,SJULQDJ8NZU7,SJULQDJ8NZU7,"L3HARRIS TECHNOLOGIES, INC",L3HARRIS TECHNOLOGIES  INC.,USA,NY,MONROE,ROCHESTER,NY-25,NY-25,146066219,UNITED STATES,NEW YORK,MONROE,NY-25,NY-25,146064248,,,6650,"OPTICAL INSTRUMENTS, TEST EQUIPMENT, COMPONENTS AND ACCESSORIES",333314,OPTICAL INSTRUMENT AND LENS MANUFACTURING,,,https://www.usaspending.gov/award/CONT_AWD_80GSFC19C0021_8000_-NONE-_-NONE-/,2024-01-28
National Aeronautics and Space Administration,National Aeronautics and Space Administration,FY2024P03,,080,2023,2024,,0120,000,080-2023/2024-0120-000,"Science, National Aeronautics and Space Administration",National Aeronautics and Space Administration,,"General Science, Space, and Technology","Space flight, research, and supporting activities",080-0120,"Science, National Aeronautics and Space Administration",0001,SCIENCE (DIRECT),25.5,Research and development contracts,D,Q,Not Designated Nonemergency/Emergency/Disaster/Wildfire Suppression,,15109647.08,,,CONT_AWD_80GSFC19C0021_8000_-NONE-_-NONE-,80GSFC19C0021,,,,2018-11-30,2019,2025-08-04,2025,2018-11-30,2027-01-31,,D,DEFINITIVE CONTRACT,,,"OPTICAL TELESCOPE ASSEMBLY (OTA) THIS CONTRACT PROVIDES FOR ALL EFFORTS AND RESPONSIBILITIES FOR THE PERSONNEL, SERVICES, MATERIALS, EQUIPMENT, AND FACILITIES NECESSARY TO BUILD, REFURBISH, OR MODIFY THE OTA AS REQUIRED TO MEET THE WIDE FIELD INFRARED SURVEY TELESCOPE (WFIRST) PERFORMANCE REQUIREMENTS.",080,NATIONAL AERONAUTICS AND SPACE ADMINISTRATION (NASA),8000,NATIONAL AERONAUTICS AND SPACE ADMINISTRATION,80GSFC,NASA GODDARD SPACE FLIGHT CENTER,080,NATIONAL AERONAUTICS AND SPACE ADMINISTRATION (NASA),8000,NATIONAL AERONAUTICS AND SPACE ADMINISTRATION,80GSFC,NASA GODDARD SPACE FLIGHT CENTER,JEGFV3LWEJH7,,"L3HARRIS TECHNOLOGIES, INC.",HARRIS CORPORATION,SJULQDJ8NZU7,SJULQDJ8NZU7,"L3HARRIS TECHNOLOGIES, INC",L3HARRIS TECHNOLOGIES  INC.,USA,NY,MONROE,ROCHESTER,NY-25,NY-25,146066219,UNITED STATES,NEW YORK,MONROE,NY-25,NY-25,146064248,,,6650,"OPTICAL INSTRUMENTS, TEST EQUIPMENT, COMPONENTS AND ACCESSORIES",333314,OPTICAL INSTRUMENT AND LENS MANUFACTURING,,,https://www.usaspending.gov/award/CONT_AWD_80GSFC19C0021_8000_-NONE-_-NONE-/,2024-01-28
National Aeronautics and Space Administration,National Aeronautics and Space Administration,FY2024P03,,080,2023,2024,,0120,000,080-2023/2024-0120-000,"Science, National Aeronautics and Space Administration",National Aeronautics and Space Administration,,"General Science, Space, and Technology","Space flight, research, and supporting activities",080-0120,"Science, National Aeronautics and Space Administration",0001,SCIENCE (DIRECT),25.5,Research and development contracts,D,Q,Not Designated Nonemergency/Emergency/Disaster/Wildfire Suppression,2130000.00,,,,CONT_AWD_80GSFC19C0021_8000_-NONE-_-NONE-,80GSFC19C0021,,,,2018-11-30,2019,2025-08-04,2025,2018-11-30,2027-01-31,,D,DEFINITIVE CONTRACT,,,"OPTICAL TELESCOPE ASSEMBLY (OTA) THIS CONTRACT PROVIDES FOR ALL EFFORTS AND RESPONSIBILITIES FOR THE PERSONNEL, SERVICES, MATERIALS, EQUIPMENT, AND FACILITIES NECESSARY TO BUILD, REFURBISH, OR MODIFY THE OTA AS REQUIRED TO MEET THE WIDE FIELD INFRARED SURVEY TELESCOPE (WFIRST) PERFORMANCE REQUIREMENTS.",080,NATIONAL AERONAUTICS AND SPACE ADMINISTRATION (NASA),8000,NATIONAL AERONAUTICS AND SPACE ADMINISTRATION,80GSFC,NASA GODDARD SPACE FLIGHT CENTER,080,NATIONAL AERONAUTICS AND SPACE ADMINISTRATION (NASA),8000,NATIONAL AERONAUTICS AND SPACE ADMINISTRATION,80GSFC,NASA GODDARD SPACE FLIGHT CENTER,JEGFV3LWEJH7,,"L3HARRIS TECHNOLOGIES, INC.",HARRIS CORPORATION,SJULQDJ8NZU7,SJULQDJ8NZU7,"L3HARRIS TECHNOLOGIES, INC",L3HARRIS TECHNOLOGIES  INC.,USA,NY,MONROE,ROCHESTER,NY-25,NY-25,146066219,UNITED STATES,NEW YORK,MONROE,NY-25,NY-25,146064248,,,6650,"OPTICAL INSTRUMENTS, TEST EQUIPMENT, COMPONENTS AND ACCESSORIES",333314,OPTICAL INSTRUMENT AND LENS MANUFACTURING,,,https://www.usaspending.gov/award/CONT_AWD_80GSFC19C0021_8000_-NONE-_-NONE-/,2024-01-28
National Aeronautics and Space Administration,National Aeronautics and Space Administration,FY2024P03,,080,2022,2023,,0120,000,080-2022/2023-0120-000,"Science, National Aeronautics and Space Administration",National Aeronautics and Space Administration,,"General Science, Space, and Technology","Space flight, research, and supporting activities",080-0120,"Science, National Aeronautics and Space Administration",0001,SCIENCE (DIRECT),25.5,Research and development contracts,D,Q,Not Designated Nonemergency/Emergency/Disaster/Wildfire Suppression,,123946.17,,,CONT_AWD_80GSFC19C0021_8000_-NONE-_-NONE-,80GSFC19C0021,,,,2018-11-30,2019,2025-08-04,2025,2018-11-30,2027-01-31,,D,DEFINITIVE CONTRACT,,,"OPTICAL TELESCOPE ASSEMBLY (OTA) THIS CONTRACT PROVIDES FOR ALL EFFORTS AND RESPONSIBILITIES FOR THE PERSONNEL, SERVICES, MATERIALS, EQUIPMENT, AND FACILITIES NECESSARY TO BUILD, REFURBISH, OR MODIFY THE OTA AS REQUIRED TO MEET THE WIDE FIELD INFRARED SURVEY TELESCOPE (WFIRST) PERFORMANCE REQUIREMENTS.",080,NATIONAL AERONAUTICS AND SPACE ADMINISTRATION (NASA),8000,NATIONAL AERONAUTICS AND SPACE ADMINISTRATION,80GSFC,NASA GODDARD SPACE FLIGHT CENTER,080,NATIONAL AERONAUTICS AND SPACE ADMINISTRATION (NASA),8000,NATIONAL AERONAUTICS AND SPACE ADMINISTRATION,80GSFC,NASA GODDARD SPACE FLIGHT CENTER,JEGFV3LWEJH7,,"L3HARRIS TECHNOLOGIES, INC.",HARRIS CORPORATION,SJULQDJ8NZU7,SJULQDJ8NZU7,"L3HARRIS TECHNOLOGIES, INC",L3HARRIS TECHNOLOGIES  INC.,USA,NY,MONROE,ROCHESTER,NY-25,NY-25,146066219,UNITED STATES,NEW YORK,MONROE,NY-25,NY-25,146064248,,,6650,"OPTICAL INSTRUMENTS, TEST EQUIPMENT, COMPONENTS AND ACCESSORIES",333314,OPTICAL INSTRUMENT AND LENS MANUFACTURING,,,https://www.usaspending.gov/award/CONT_AWD_80GSFC19C0021_8000_-NONE-_-NONE-/,2024-01-28
National Aeronautics and Space Administration,National Aeronautics and Space Administration,FY2024P04,,080,2024,2025,,0120,000,080-2024/2025-0120-000,"Science, National Aeronautics and Space Administration",National Aeronautics and Space Administration,,"General Science, Space, and Technology","Space flight, research, and supporting activities",080-0120,"Science, National Aeronautics and Space Administration",0001,SCIENCE (DIRECT),25.5,Research and development contracts,D,Q,Not Designated Nonemergency/Emergency/Disaster/Wildfire Suppression,3100000.00,,,,CONT_AWD_80GSFC19C0021_8000_-NONE-_-NONE-,80GSFC19C0021,,,,2018-11-30,2019,2025-08-04,2025,2018-11-30,2027-01-31,,D,DEFINITIVE CONTRACT,,,"OPTICAL TELESCOPE ASSEMBLY (OTA) THIS CONTRACT PROVIDES FOR ALL EFFORTS AND RESPONSIBILITIES FOR THE PERSONNEL, SERVICES, MATERIALS, EQUIPMENT, AND FACILITIES NECESSARY TO BUILD, REFURBISH, OR MODIFY THE OTA AS REQUIRED TO MEET THE WIDE FIELD INFRARED SURVEY TELESCOPE (WFIRST) PERFORMANCE REQUIREMENTS.",080,NATIONAL AERONAUTICS AND SPACE ADMINISTRATION (NASA),8000,NATIONAL AERONAUTICS AND SPACE ADMINISTRATION,80GSFC,NASA GODDARD SPACE FLIGHT CENTER,080,NATIONAL AERONAUTICS AND SPACE ADMINISTRATION (NASA),8000,NATIONAL AERONAUTICS AND SPACE ADMINISTRATION,80GSFC,NASA GODDARD SPACE FLIGHT CENTER,JEGFV3LWEJH7,,"L3HARRIS TECHNOLOGIES, INC.",HARRIS CORPORATION,SJULQDJ8NZU7,SJULQDJ8NZU7,"L3HARRIS TECHNOLOGIES, INC",L3HARRIS TECHNOLOGIES  INC.,USA,NY,MONROE,ROCHESTER,NY-25,NY-25,146066219,UNITED STATES,NEW YORK,MONROE,NY-25,NY-25,146064248,,,6650,"OPTICAL INSTRUMENTS, TEST EQUIPMENT, COMPONENTS AND ACCESSORIES",333314,OPTICAL INSTRUMENT AND LENS MANUFACTURING,,,https://www.usaspending.gov/award/CONT_AWD_80GSFC19C0021_8000_-NONE-_-NONE-/,2024-02-27
National Aeronautics and Space Administration,National Aeronautics and Space Administration,FY2024P04,,080,2023,2024,,0120,000,080-2023/2024-0120-000,"Science, National Aeronautics and Space Administration",National Aeronautics and Space Administration,,"General Science, Space, and Technology","Space flight, research, and supporting activities",080-0120,"Science, National Aeronautics and Space Administration",0001,SCIENCE (DIRECT),25.5,Research and development contracts,D,Q,Not Designated Nonemergency/Emergency/Disaster/Wildfire Suppression,,20396580.47,,,CONT_AWD_80GSFC19C0021_8000_-NONE-_-NONE-,80GSFC19C0021,,,,2018-11-30,2019,2025-08-04,2025,2018-11-30,2027-01-31,,D,DEFINITIVE CONTRACT,,,"OPTICAL TELESCOPE ASSEMBLY (OTA) THIS CONTRACT PROVIDES FOR ALL EFFORTS AND RESPONSIBILITIES FOR THE PERSONNEL, SERVICES, MATERIALS, EQUIPMENT, AND FACILITIES NECESSARY TO BUILD, REFURBISH, OR MODIFY THE OTA AS REQUIRED TO MEET THE WIDE FIELD INFRARED SURVEY TELESCOPE (WFIRST) PERFORMANCE REQUIREMENTS.",080,NATIONAL AERONAUTICS AND SPACE ADMINISTRATION (NASA),8000,NATIONAL AERONAUTICS AND SPACE ADMINISTRATION,80GSFC,NASA GODDARD SPACE FLIGHT CENTER,080,NATIONAL AERONAUTICS AND SPACE ADMINISTRATION (NASA),8000,NATIONAL AERONAUTICS AND SPACE ADMINISTRATION,80GSFC,NASA GODDARD SPACE FLIGHT CENTER,JEGFV3LWEJH7,,"L3HARRIS TECHNOLOGIES, INC.",HARRIS CORPORATION,SJULQDJ8NZU7,SJULQDJ8NZU7,"L3HARRIS TECHNOLOGIES, INC",L3HARRIS TECHNOLOGIES  INC.,USA,NY,MONROE,ROCHESTER,NY-25,NY-25,146066219,UNITED STATES,NEW YORK,MONROE,NY-25,NY-25,146064248,,,6650,"OPTICAL INSTRUMENTS, TEST EQUIPMENT, COMPONENTS AND ACCESSORIES",333314,OPTICAL INSTRUMENT AND LENS MANUFACTURING,,,https://www.usaspending.gov/award/CONT_AWD_80GSFC19C0021_8000_-NONE-_-NONE-/,2024-02-27
National Aeronautics and Space Administration,National Aeronautics and Space Administration,FY2024P04,,080,2022,2023,,0120,000,080-2022/2023-0120-000,"Science, National Aeronautics and Space Administration",National Aeronautics and Space Administration,,"General Science, Space, and Technology","Space flight, research, and supporting activities",080-0120,"Science, National Aeronautics and Space Administration",0001,SCIENCE (DIRECT),25.5,Research and development contracts,D,Q,Not Designated Nonemergency/Emergency/Disaster/Wildfire Suppression,,123946.17,,,CONT_AWD_80GSFC19C0021_8000_-NONE-_-NONE-,80GSFC19C0021,,,,2018-11-30,2019,2025-08-04,2025,2018-11-30,2027-01-31,,D,DEFINITIVE CONTRACT,,,"OPTICAL TELESCOPE ASSEMBLY (OTA) THIS CONTRACT PROVIDES FOR ALL EFFORTS AND RESPONSIBILITIES FOR THE PERSONNEL, SERVICES, MATERIALS, EQUIPMENT, AND FACILITIES NECESSARY TO BUILD, REFURBISH, OR MODIFY THE OTA AS REQUIRED TO MEET THE WIDE FIELD INFRARED SURVEY TELESCOPE (WFIRST) PERFORMANCE REQUIREMENTS.",080,NATIONAL AERONAUTICS AND SPACE ADMINISTRATION (NASA),8000,NATIONAL AERONAUTICS AND SPACE ADMINISTRATION,80GSFC,NASA GODDARD SPACE FLIGHT CENTER,080,NATIONAL AERONAUTICS AND SPACE ADMINISTRATION (NASA),8000,NATIONAL AERONAUTICS AND SPACE ADMINISTRATION,80GSFC,NASA GODDARD SPACE FLIGHT CENTER,JEGFV3LWEJH7,,"L3HARRIS TECHNOLOGIES, INC.",HARRIS CORPORATION,SJULQDJ8NZU7,SJULQDJ8NZU7,"L3HARRIS TECHNOLOGIES, INC",L3HARRIS TECHNOLOGIES  INC.,USA,NY,MONROE,ROCHESTER,NY-25,NY-25,146066219,UNITED STATES,NEW YORK,MONROE,NY-25,NY-25,146064248,,,6650,"OPTICAL INSTRUMENTS, TEST EQUIPMENT, COMPONENTS AND ACCESSORIES",333314,OPTICAL INSTRUMENT AND LENS MANUFACTURING,,,https://www.usaspending.gov/award/CONT_AWD_80GSFC19C0021_8000_-NONE-_-NONE-/,2024-02-27
National Aeronautics and Space Administration,National Aeronautics and Space Administration,FY2024P05,,080,2024,2025,,0120,000,080-2024/2025-0120-000,"Science, National Aeronautics and Space Administration",National Aeronautics and Space Administration,,"General Science, Space, and Technology","Space flight, research, and supporting activities",080-0120,"Science, National Aeronautics and Space Administration",0001,SCIENCE (DIRECT),25.5,Research and development contracts,D,Q,Not Designated Nonemergency/Emergency/Disaster/Wildfire Suppression,4600000.00,,,,CONT_AWD_80GSFC19C0021_8000_-NONE-_-NONE-,80GSFC19C0021,,,,2018-11-30,2019,2025-08-04,2025,2018-11-30,2027-01-31,,D,DEFINITIVE CONTRACT,,,"OPTICAL TELESCOPE ASSEMBLY (OTA) THIS CONTRACT PROVIDES FOR ALL EFFORTS AND RESPONSIBILITIES FOR THE PERSONNEL, SERVICES, MATERIALS, EQUIPMENT, AND FACILITIES NECESSARY TO BUILD, REFURBISH, OR MODIFY THE OTA AS REQUIRED TO MEET THE WIDE FIELD INFRARED SURVEY TELESCOPE (WFIRST) PERFORMANCE REQUIREMENTS.",080,NATIONAL AERONAUTICS AND SPACE ADMINISTRATION (NASA),8000,NATIONAL AERONAUTICS AND SPACE ADMINISTRATION,80GSFC,NASA GODDARD SPACE FLIGHT CENTER,080,NATIONAL AERONAUTICS AND SPACE ADMINISTRATION (NASA),8000,NATIONAL AERONAUTICS AND SPACE ADMINISTRATION,80GSFC,NASA GODDARD SPACE FLIGHT CENTER,JEGFV3LWEJH7,,"L3HARRIS TECHNOLOGIES, INC.",HARRIS CORPORATION,SJULQDJ8NZU7,SJULQDJ8NZU7,"L3HARRIS TECHNOLOGIES, INC",L3HARRIS TECHNOLOGIES  INC.,USA,NY,MONROE,ROCHESTER,NY-25,NY-25,146066219,UNITED STATES,NEW YORK,MONROE,NY-25,NY-25,146064248,,,6650,"OPTICAL INSTRUMENTS, TEST EQUIPMENT, COMPONENTS AND ACCESSORIES",333314,OPTICAL INSTRUMENT AND LENS MANUFACTURING,,,https://www.usaspending.gov/award/CONT_AWD_80GSFC19C0021_8000_-NONE-_-NONE-/,2024-03-28
National Aeronautics and Space Administration,National Aeronautics and Space Administration,FY2024P05,,080,2023,2024,,0120,000,080-2023/2024-0120-000,"Science, National Aeronautics and Space Administration",National Aeronautics and Space Administration,,"General Science, Space, and Technology","Space flight, research, and supporting activities",080-0120,"Science, National Aeronautics and Space Administration",0001,SCIENCE (DIRECT),25.5,Research and development contracts,D,Q,Not Designated Nonemergency/Emergency/Disaster/Wildfire Suppression,,24513297.24,,,CONT_AWD_80GSFC19C0021_8000_-NONE-_-NONE-,80GSFC19C0021,,,,2018-11-30,2019,2025-08-04,2025,2018-11-30,2027-01-31,,D,DEFINITIVE CONTRACT,,,"OPTICAL TELESCOPE ASSEMBLY (OTA) THIS CONTRACT PROVIDES FOR ALL EFFORTS AND RESPONSIBILITIES FOR THE PERSONNEL, SERVICES, MATERIALS, EQUIPMENT, AND FACILITIES NECESSARY TO BUILD, REFURBISH, OR MODIFY THE OTA AS REQUIRED TO MEET THE WIDE FIELD INFRARED SURVEY TELESCOPE (WFIRST) PERFORMANCE REQUIREMENTS.",080,NATIONAL AERONAUTICS AND SPACE ADMINISTRATION (NASA),8000,NATIONAL AERONAUTICS AND SPACE ADMINISTRATION,80GSFC,NASA GODDARD SPACE FLIGHT CENTER,080,NATIONAL AERONAUTICS AND SPACE ADMINISTRATION (NASA),8000,NATIONAL AERONAUTICS AND SPACE ADMINISTRATION,80GSFC,NASA GODDARD SPACE FLIGHT CENTER,JEGFV3LWEJH7,,"L3HARRIS TECHNOLOGIES, INC.",HARRIS CORPORATION,SJULQDJ8NZU7,SJULQDJ8NZU7,"L3HARRIS TECHNOLOGIES, INC",L3HARRIS TECHNOLOGIES  INC.,USA,NY,MONROE,ROCHESTER,NY-25,NY-25,146066219,UNITED STATES,NEW YORK,MONROE,NY-25,NY-25,146064248,,,6650,"OPTICAL INSTRUMENTS, TEST EQUIPMENT, COMPONENTS AND ACCESSORIES",333314,OPTICAL INSTRUMENT AND LENS MANUFACTURING,,,https://www.usaspending.gov/award/CONT_AWD_80GSFC19C0021_8000_-NONE-_-NONE-/,2024-03-28
National Aeronautics and Space Administration,National Aeronautics and Space Administration,FY2024P05,,080,2022,2023,,0120,000,080-2022/2023-0120-000,"Science, National Aeronautics and Space Administration",National Aeronautics and Space Administration,,"General Science, Space, and Technology","Space flight, research, and supporting activities",080-0120,"Science, National Aeronautics and Space Administration",0001,SCIENCE (DIRECT),25.5,Research and development contracts,D,Q,Not Designated Nonemergency/Emergency/Disaster/Wildfire Suppression,,123946.17,,,CONT_AWD_80GSFC19C0021_8000_-NONE-_-NONE-,80GSFC19C0021,,,,2018-11-30,2019,2025-08-04,2025,2018-11-30,2027-01-31,,D,DEFINITIVE CONTRACT,,,"OPTICAL TELESCOPE ASSEMBLY (OTA) THIS CONTRACT PROVIDES FOR ALL EFFORTS AND RESPONSIBILITIES FOR THE PERSONNEL, SERVICES, MATERIALS, EQUIPMENT, AND FACILITIES NECESSARY TO BUILD, REFURBISH, OR MODIFY THE OTA AS REQUIRED TO MEET THE WIDE FIELD INFRARED SURVEY TELESCOPE (WFIRST) PERFORMANCE REQUIREMENTS.",080,NATIONAL AERONAUTICS AND SPACE ADMINISTRATION (NASA),8000,NATIONAL AERONAUTICS AND SPACE ADMINISTRATION,80GSFC,NASA GODDARD SPACE FLIGHT CENTER,080,NATIONAL AERONAUTICS AND SPACE ADMINISTRATION (NASA),8000,NATIONAL AERONAUTICS AND SPACE ADMINISTRATION,80GSFC,NASA GODDARD SPACE FLIGHT CENTER,JEGFV3LWEJH7,,"L3HARRIS TECHNOLOGIES, INC.",HARRIS CORPORATION,SJULQDJ8NZU7,SJULQDJ8NZU7,"L3HARRIS TECHNOLOGIES, INC",L3HARRIS TECHNOLOGIES  INC.,USA,NY,MONROE,ROCHESTER,NY-25,NY-25,146066219,UNITED STATES,NEW YORK,MONROE,NY-25,NY-25,146064248,,,6650,"OPTICAL INSTRUMENTS, TEST EQUIPMENT, COMPONENTS AND ACCESSORIES",333314,OPTICAL INSTRUMENT AND LENS MANUFACTURING,,,https://www.usaspending.gov/award/CONT_AWD_80GSFC19C0021_8000_-NONE-_-NONE-/,2024-03-28
National Aeronautics and Space Administration,National Aeronautics and Space Administration,FY2024P06,,080,2024,2025,,0120,000,080-2024/2025-0120-000,"Science, National Aeronautics and Space Administration",National Aeronautics and Space Administration,,"General Science, Space, and Technology","Space flight, research, and supporting activities",080-0120,"Science, National Aeronautics and Space Administration",0001,SCIENCE (DIRECT),25.5,Research and development contracts,D,Q,Not Designated Nonemergency/Emergency/Disaster/Wildfire Suppression,4700000.00,,,,CONT_AWD_80GSFC19C0021_8000_-NONE-_-NONE-,80GSFC19C0021,,,,2018-11-30,2019,2025-08-04,2025,2018-11-30,2027-01-31,,D,DEFINITIVE CONTRACT,,,"OPTICAL TELESCOPE ASSEMBLY (OTA) THIS CONTRACT PROVIDES FOR ALL EFFORTS AND RESPONSIBILITIES FOR THE PERSONNEL, SERVICES, MATERIALS, EQUIPMENT, AND FACILITIES NECESSARY TO BUILD, REFURBISH, OR MODIFY THE OTA AS REQUIRED TO MEET THE WIDE FIELD INFRARED SURVEY TELESCOPE (WFIRST) PERFORMANCE REQUIREMENTS.",080,NATIONAL AERONAUTICS AND SPACE ADMINISTRATION (NASA),8000,NATIONAL AERONAUTICS AND SPACE ADMINISTRATION,80GSFC,NASA GODDARD SPACE FLIGHT CENTER,080,NATIONAL AERONAUTICS AND SPACE ADMINISTRATION (NASA),8000,NATIONAL AERONAUTICS AND SPACE ADMINISTRATION,80GSFC,NASA GODDARD SPACE FLIGHT CENTER,JEGFV3LWEJH7,,"L3HARRIS TECHNOLOGIES, INC.",HARRIS CORPORATION,SJULQDJ8NZU7,SJULQDJ8NZU7,"L3HARRIS TECHNOLOGIES, INC",L3HARRIS TECHNOLOGIES  INC.,USA,NY,MONROE,ROCHESTER,NY-25,NY-25,146066219,UNITED STATES,NEW YORK,MONROE,NY-25,NY-25,146064248,,,6650,"OPTICAL INSTRUMENTS, TEST EQUIPMENT, COMPONENTS AND ACCESSORIES",333314,OPTICAL INSTRUMENT AND LENS MANUFACTURING,,,https://www.usaspending.gov/award/CONT_AWD_80GSFC19C0021_8000_-NONE-_-NONE-/,2024-04-25
National Aeronautics and Space Administration,National Aeronautics and Space Administration,FY2024P06,,080,2023,2024,,0120,000,080-2023/2024-0120-000,"Science, National Aeronautics and Space Administration",National Aeronautics and Space Administration,,"General Science, Space, and Technology","Space flight, research, and supporting activities",080-0120,"Science, National Aeronautics and Space Administration",0001,SCIENCE (DIRECT),25.5,Research and development contracts,D,Q,Not Designated Nonemergency/Emergency/Disaster/Wildfire Suppression,,28892736.23,,,CONT_AWD_80GSFC19C0021_8000_-NONE-_-NONE-,80GSFC19C0021,,,,2018-11-30,2019,2025-08-04,2025,2018-11-30,2027-01-31,,D,DEFINITIVE CONTRACT,,,"OPTICAL TELESCOPE ASSEMBLY (OTA) THIS CONTRACT PROVIDES FOR ALL EFFORTS AND RESPONSIBILITIES FOR THE PERSONNEL, SERVICES, MATERIALS, EQUIPMENT, AND FACILITIES NECESSARY TO BUILD, REFURBISH, OR MODIFY THE OTA AS REQUIRED TO MEET THE WIDE FIELD INFRARED SURVEY TELESCOPE (WFIRST) PERFORMANCE REQUIREMENTS.",080,NATIONAL AERONAUTICS AND SPACE ADMINISTRATION (NASA),8000,NATIONAL AERONAUTICS AND SPACE ADMINISTRATION,80GSFC,NASA GODDARD SPACE FLIGHT CENTER,080,NATIONAL AERONAUTICS AND SPACE ADMINISTRATION (NASA),8000,NATIONAL AERONAUTICS AND SPACE ADMINISTRATION,80GSFC,NASA GODDARD SPACE FLIGHT CENTER,JEGFV3LWEJH7,,"L3HARRIS TECHNOLOGIES, INC.",HARRIS CORPORATION,SJULQDJ8NZU7,SJULQDJ8NZU7,"L3HARRIS TECHNOLOGIES, INC",L3HARRIS TECHNOLOGIES  INC.,USA,NY,MONROE,ROCHESTER,NY-25,NY-25,146066219,UNITED STATES,NEW YORK,MONROE,NY-25,NY-25,146064248,,,6650,"OPTICAL INSTRUMENTS, TEST EQUIPMENT, COMPONENTS AND ACCESSORIES",333314,OPTICAL INSTRUMENT AND LENS MANUFACTURING,,,https://www.usaspending.gov/award/CONT_AWD_80GSFC19C0021_8000_-NONE-_-NONE-/,2024-04-25
National Aeronautics and Space Administration,National Aeronautics and Space Administration,FY2024P06,,080,2022,2023,,0120,000,080-2022/2023-0120-000,"Science, National Aeronautics and Space Administration",National Aeronautics and Space Administration,,"General Science, Space, and Technology","Space flight, research, and supporting activities",080-0120,"Science, National Aeronautics and Space Administration",0001,SCIENCE (DIRECT),25.5,Research and development contracts,D,Q,Not Designated Nonemergency/Emergency/Disaster/Wildfire Suppression,,123946.17,,,CONT_AWD_80GSFC19C0021_8000_-NONE-_-NONE-,80GSFC19C0021,,,,2018-11-30,2019,2025-08-04,2025,2018-11-30,2027-01-31,,D,DEFINITIVE CONTRACT,,,"OPTICAL TELESCOPE ASSEMBLY (OTA) THIS CONTRACT PROVIDES FOR ALL EFFORTS AND RESPONSIBILITIES FOR THE PERSONNEL, SERVICES, MATERIALS, EQUIPMENT, AND FACILITIES NECESSARY TO BUILD, REFURBISH, OR MODIFY THE OTA AS REQUIRED TO MEET THE WIDE FIELD INFRARED SURVEY TELESCOPE (WFIRST) PERFORMANCE REQUIREMENTS.",080,NATIONAL AERONAUTICS AND SPACE ADMINISTRATION (NASA),8000,NATIONAL AERONAUTICS AND SPACE ADMINISTRATION,80GSFC,NASA GODDARD SPACE FLIGHT CENTER,080,NATIONAL AERONAUTICS AND SPACE ADMINISTRATION (NASA),8000,NATIONAL AERONAUTICS AND SPACE ADMINISTRATION,80GSFC,NASA GODDARD SPACE FLIGHT CENTER,JEGFV3LWEJH7,,"L3HARRIS TECHNOLOGIES, INC.",HARRIS CORPORATION,SJULQDJ8NZU7,SJULQDJ8NZU7,"L3HARRIS TECHNOLOGIES, INC",L3HARRIS TECHNOLOGIES  INC.,USA,NY,MONROE,ROCHESTER,NY-25,NY-25,146066219,UNITED STATES,NEW YORK,MONROE,NY-25,NY-25,146064248,,,6650,"OPTICAL INSTRUMENTS, TEST EQUIPMENT, COMPONENTS AND ACCESSORIES",333314,OPTICAL INSTRUMENT AND LENS MANUFACTURING,,,https://www.usaspending.gov/award/CONT_AWD_80GSFC19C0021_8000_-NONE-_-NONE-/,2024-04-25
National Aeronautics and Space Administration,National Aeronautics and Space Administration,FY2024P07,,080,2024,2025,,0120,000,080-2024/2025-0120-000,"Science, National Aeronautics and Space Administration",National Aeronautics and Space Administration,,"General Science, Space, and Technology","Space flight, research, and supporting activities",080-0120,"Science, National Aeronautics and Space Administration",0001,SCIENCE (DIRECT),25.5,Research and development contracts,D,Q,Not Designated Nonemergency/Emergency/Disaster/Wildfire Suppression,,300000.00,,,CONT_AWD_80GSFC19C0021_8000_-NONE-_-NONE-,80GSFC19C0021,,,,2018-11-30,2019,2025-08-04,2025,2018-11-30,2027-01-31,,D,DEFINITIVE CONTRACT,,,"OPTICAL TELESCOPE ASSEMBLY (OTA) THIS CONTRACT PROVIDES FOR ALL EFFORTS AND RESPONSIBILITIES FOR THE PERSONNEL, SERVICES, MATERIALS, EQUIPMENT, AND FACILITIES NECESSARY TO BUILD, REFURBISH, OR MODIFY THE OTA AS REQUIRED TO MEET THE WIDE FIELD INFRARED SURVEY TELESCOPE (WFIRST) PERFORMANCE REQUIREMENTS.",080,NATIONAL AERONAUTICS AND SPACE ADMINISTRATION (NASA),8000,NATIONAL AERONAUTICS AND SPACE ADMINISTRATION,80GSFC,NASA GODDARD SPACE FLIGHT CENTER,080,NATIONAL AERONAUTICS AND SPACE ADMINISTRATION (NASA),8000,NATIONAL AERONAUTICS AND SPACE ADMINISTRATION,80GSFC,NASA GODDARD SPACE FLIGHT CENTER,JEGFV3LWEJH7,,"L3HARRIS TECHNOLOGIES, INC.",HARRIS CORPORATION,SJULQDJ8NZU7,SJULQDJ8NZU7,"L3HARRIS TECHNOLOGIES, INC",L3HARRIS TECHNOLOGIES  INC.,USA,NY,MONROE,ROCHESTER,NY-25,NY-25,146066219,UNITED STATES,NEW YORK,MONROE,NY-25,NY-25,146064248,,,6650,"OPTICAL INSTRUMENTS, TEST EQUIPMENT, COMPONENTS AND ACCESSORIES",333314,OPTICAL INSTRUMENT AND LENS MANUFACTURING,,,https://www.usaspending.gov/award/CONT_AWD_80GSFC19C0021_8000_-NONE-_-NONE-/,2024-05-22
National Aeronautics and Space Administration,National Aeronautics and Space Administration,FY2024P07,,080,2023,2024,,0120,000,080-2023/2024-0120-000,"Science, National Aeronautics and Space Administration",National Aeronautics and Space Administration,,"General Science, Space, and Technology","Space flight, research, and supporting activities",080-0120,"Science, National Aeronautics and Space Administration",0001,SCIENCE (DIRECT),25.5,Research and development contracts,D,Q,Not Designated Nonemergency/Emergency/Disaster/Wildfire Suppression,,36683526.42,,,CONT_AWD_80GSFC19C0021_8000_-NONE-_-NONE-,80GSFC19C0021,,,,2018-11-30,2019,2025-08-04,2025,2018-11-30,2027-01-31,,D,DEFINITIVE CONTRACT,,,"OPTICAL TELESCOPE ASSEMBLY (OTA) THIS CONTRACT PROVIDES FOR ALL EFFORTS AND RESPONSIBILITIES FOR THE PERSONNEL, SERVICES, MATERIALS, EQUIPMENT, AND FACILITIES NECESSARY TO BUILD, REFURBISH, OR MODIFY THE OTA AS REQUIRED TO MEET THE WIDE FIELD INFRARED SURVEY TELESCOPE (WFIRST) PERFORMANCE REQUIREMENTS.",080,NATIONAL AERONAUTICS AND SPACE ADMINISTRATION (NASA),8000,NATIONAL AERONAUTICS AND SPACE ADMINISTRATION,80GSFC,NASA GODDARD SPACE FLIGHT CENTER,080,NATIONAL AERONAUTICS AND SPACE ADMINISTRATION (NASA),8000,NATIONAL AERONAUTICS AND SPACE ADMINISTRATION,80GSFC,NASA GODDARD SPACE FLIGHT CENTER,JEGFV3LWEJH7,,"L3HARRIS TECHNOLOGIES, INC.",HARRIS CORPORATION,SJULQDJ8NZU7,SJULQDJ8NZU7,"L3HARRIS TECHNOLOGIES, INC",L3HARRIS TECHNOLOGIES  INC.,USA,NY,MONROE,ROCHESTER,NY-25,NY-25,146066219,UNITED STATES,NEW YORK,MONROE,NY-25,NY-25,146064248,,,6650,"OPTICAL INSTRUMENTS, TEST EQUIPMENT, COMPONENTS AND ACCESSORIES",333314,OPTICAL INSTRUMENT AND LENS MANUFACTURING,,,https://www.usaspending.gov/award/CONT_AWD_80GSFC19C0021_8000_-NONE-_-NONE-/,2024-05-22
National Aeronautics and Space Administration,National Aeronautics and Space Administration,FY2024P07,,080,2022,2023,,0120,000,080-2022/2023-0120-000,"Science, National Aeronautics and Space Administration",National Aeronautics and Space Administration,,"General Science, Space, and Technology","Space flight, research, and supporting activities",080-0120,"Science, National Aeronautics and Space Administration",0001,SCIENCE (DIRECT),25.5,Research and development contracts,D,Q,Not Designated Nonemergency/Emergency/Disaster/Wildfire Suppression,,123946.17,,,CONT_AWD_80GSFC19C0021_8000_-NONE-_-NONE-,80GSFC19C0021,,,,2018-11-30,2019,2025-08-04,2025,2018-11-30,2027-01-31,,D,DEFINITIVE CONTRACT,,,"OPTICAL TELESCOPE ASSEMBLY (OTA) THIS CONTRACT PROVIDES FOR ALL EFFORTS AND RESPONSIBILITIES FOR THE PERSONNEL, SERVICES, MATERIALS, EQUIPMENT, AND FACILITIES NECESSARY TO BUILD, REFURBISH, OR MODIFY THE OTA AS REQUIRED TO MEET THE WIDE FIELD INFRARED SURVEY TELESCOPE (WFIRST) PERFORMANCE REQUIREMENTS.",080,NATIONAL AERONAUTICS AND SPACE ADMINISTRATION (NASA),8000,NATIONAL AERONAUTICS AND SPACE ADMINISTRATION,80GSFC,NASA GODDARD SPACE FLIGHT CENTER,080,NATIONAL AERONAUTICS AND SPACE ADMINISTRATION (NASA),8000,NATIONAL AERONAUTICS AND SPACE ADMINISTRATION,80GSFC,NASA GODDARD SPACE FLIGHT CENTER,JEGFV3LWEJH7,,"L3HARRIS TECHNOLOGIES, INC.",HARRIS CORPORATION,SJULQDJ8NZU7,SJULQDJ8NZU7,"L3HARRIS TECHNOLOGIES, INC",L3HARRIS TECHNOLOGIES  INC.,USA,NY,MONROE,ROCHESTER,NY-25,NY-25,146066219,UNITED STATES,NEW YORK,MONROE,NY-25,NY-25,146064248,,,6650,"OPTICAL INSTRUMENTS, TEST EQUIPMENT, COMPONENTS AND ACCESSORIES",333314,OPTICAL INSTRUMENT AND LENS MANUFACTURING,,,https://www.usaspending.gov/award/CONT_AWD_80GSFC19C0021_8000_-NONE-_-NONE-/,2024-05-22
National Aeronautics and Space Administration,National Aeronautics and Space Administration,FY2024P08,,080,2024,2025,,0120,000,080-2024/2025-0120-000,"Science, National Aeronautics and Space Administration",National Aeronautics and Space Administration,,"General Science, Space, and Technology","Space flight, research, and supporting activities",080-0120,"Science, National Aeronautics and Space Administration",0001,SCIENCE (DIRECT),25.5,Research and development contracts,D,Q,Not Designated Nonemergency/Emergency/Disaster/Wildfire Suppression,,2289262.58,,,CONT_AWD_80GSFC19C0021_8000_-NONE-_-NONE-,80GSFC19C0021,,,,2018-11-30,2019,2025-08-04,2025,2018-11-30,2027-01-31,,D,DEFINITIVE CONTRACT,,,"OPTICAL TELESCOPE ASSEMBLY (OTA) THIS CONTRACT PROVIDES FOR ALL EFFORTS AND RESPONSIBILITIES FOR THE PERSONNEL, SERVICES, MATERIALS, EQUIPMENT, AND FACILITIES NECESSARY TO BUILD, REFURBISH, OR MODIFY THE OTA AS REQUIRED TO MEET THE WIDE FIELD INFRARED SURVEY TELESCOPE (WFIRST) PERFORMANCE REQUIREMENTS.",080,NATIONAL AERONAUTICS AND SPACE ADMINISTRATION (NASA),8000,NATIONAL AERONAUTICS AND SPACE ADMINISTRATION,80GSFC,NASA GODDARD SPACE FLIGHT CENTER,080,NATIONAL AERONAUTICS AND SPACE ADMINISTRATION (NASA),8000,NATIONAL AERONAUTICS AND SPACE ADMINISTRATION,80GSFC,NASA GODDARD SPACE FLIGHT CENTER,JEGFV3LWEJH7,,"L3HARRIS TECHNOLOGIES, INC.",HARRIS CORPORATION,SJULQDJ8NZU7,SJULQDJ8NZU7,"L3HARRIS TECHNOLOGIES, INC",L3HARRIS TECHNOLOGIES  INC.,USA,NY,MONROE,ROCHESTER,NY-25,NY-25,146066219,UNITED STATES,NEW YORK,MONROE,NY-25,NY-25,146064248,,,6650,"OPTICAL INSTRUMENTS, TEST EQUIPMENT, COMPONENTS AND ACCESSORIES",333314,OPTICAL INSTRUMENT AND LENS MANUFACTURING,,,https://www.usaspending.gov/award/CONT_AWD_80GSFC19C0021_8000_-NONE-_-NONE-/,2024-07-01
National Aeronautics and Space Administration,National Aeronautics and Space Administration,FY2024P08,,080,2024,2025,,0120,000,080-2024/2025-0120-000,"Science, National Aeronautics and Space Administration",National Aeronautics and Space Administration,,"General Science, Space, and Technology","Space flight, research, and supporting activities",080-0120,"Science, National Aeronautics and Space Administration",0001,SCIENCE (DIRECT),25.5,Research and development contracts,D,Q,Not Designated Nonemergency/Emergency/Disaster/Wildfire Suppression,6000000.00,,,,CONT_AWD_80GSFC19C0021_8000_-NONE-_-NONE-,80GSFC19C0021,,,,2018-11-30,2019,2025-08-04,2025,2018-11-30,2027-01-31,,D,DEFINITIVE CONTRACT,,,"OPTICAL TELESCOPE ASSEMBLY (OTA) THIS CONTRACT PROVIDES FOR ALL EFFORTS AND RESPONSIBILITIES FOR THE PERSONNEL, SERVICES, MATERIALS, EQUIPMENT, AND FACILITIES NECESSARY TO BUILD, REFURBISH, OR MODIFY THE OTA AS REQUIRED TO MEET THE WIDE FIELD INFRARED SURVEY TELESCOPE (WFIRST) PERFORMANCE REQUIREMENTS.",080,NATIONAL AERONAUTICS AND SPACE ADMINISTRATION (NASA),8000,NATIONAL AERONAUTICS AND SPACE ADMINISTRATION,80GSFC,NASA GODDARD SPACE FLIGHT CENTER,080,NATIONAL AERONAUTICS AND SPACE ADMINISTRATION (NASA),8000,NATIONAL AERONAUTICS AND SPACE ADMINISTRATION,80GSFC,NASA GODDARD SPACE FLIGHT CENTER,JEGFV3LWEJH7,,"L3HARRIS TECHNOLOGIES, INC.",HARRIS CORPORATION,SJULQDJ8NZU7,SJULQDJ8NZU7,"L3HARRIS TECHNOLOGIES, INC",L3HARRIS TECHNOLOGIES  INC.,USA,NY,MONROE,ROCHESTER,NY-25,NY-25,146066219,UNITED STATES,NEW YORK,MONROE,NY-25,NY-25,146064248,,,6650,"OPTICAL INSTRUMENTS, TEST EQUIPMENT, COMPONENTS AND ACCESSORIES",333314,OPTICAL INSTRUMENT AND LENS MANUFACTURING,,,https://www.usaspending.gov/award/CONT_AWD_80GSFC19C0021_8000_-NONE-_-NONE-/,2024-07-01
National Aeronautics and Space Administration,National Aeronautics and Space Administration,FY2024P08,,080,2023,2024,,0120,000,080-2023/2024-0120-000,"Science, National Aeronautics and Space Administration",National Aeronautics and Space Administration,,"General Science, Space, and Technology","Space flight, research, and supporting activities",080-0120,"Science, National Aeronautics and Space Administration",0001,SCIENCE (DIRECT),25.5,Research and development contracts,D,Q,Not Designated Nonemergency/Emergency/Disaster/Wildfire Suppression,,39268362.91,,,CONT_AWD_80GSFC19C0021_8000_-NONE-_-NONE-,80GSFC19C0021,,,,2018-11-30,2019,2025-08-04,2025,2018-11-30,2027-01-31,,D,DEFINITIVE CONTRACT,,,"OPTICAL TELESCOPE ASSEMBLY (OTA) THIS CONTRACT PROVIDES FOR ALL EFFORTS AND RESPONSIBILITIES FOR THE PERSONNEL, SERVICES, MATERIALS, EQUIPMENT, AND FACILITIES NECESSARY TO BUILD, REFURBISH, OR MODIFY THE OTA AS REQUIRED TO MEET THE WIDE FIELD INFRARED SURVEY TELESCOPE (WFIRST) PERFORMANCE REQUIREMENTS.",080,NATIONAL AERONAUTICS AND SPACE ADMINISTRATION (NASA),8000,NATIONAL AERONAUTICS AND SPACE ADMINISTRATION,80GSFC,NASA GODDARD SPACE FLIGHT CENTER,080,NATIONAL AERONAUTICS AND SPACE ADMINISTRATION (NASA),8000,NATIONAL AERONAUTICS AND SPACE ADMINISTRATION,80GSFC,NASA GODDARD SPACE FLIGHT CENTER,JEGFV3LWEJH7,,"L3HARRIS TECHNOLOGIES, INC.",HARRIS CORPORATION,SJULQDJ8NZU7,SJULQDJ8NZU7,"L3HARRIS TECHNOLOGIES, INC",L3HARRIS TECHNOLOGIES  INC.,USA,NY,MONROE,ROCHESTER,NY-25,NY-25,146066219,UNITED STATES,NEW YORK,MONROE,NY-25,NY-25,146064248,,,6650,"OPTICAL INSTRUMENTS, TEST EQUIPMENT, COMPONENTS AND ACCESSORIES",333314,OPTICAL INSTRUMENT AND LENS MANUFACTURING,,,https://www.usaspending.gov/award/CONT_AWD_80GSFC19C0021_8000_-NONE-_-NONE-/,2024-07-01
National Aeronautics and Space Administration,National Aeronautics and Space Administration,FY2024P08,,080,2022,2023,,0120,000,080-2022/2023-0120-000,"Science, National Aeronautics and Space Administration",National Aeronautics and Space Administration,,"General Science, Space, and Technology","Space flight, research, and supporting activities",080-0120,"Science, National Aeronautics and Space Administration",0001,SCIENCE (DIRECT),25.5,Research and development contracts,D,Q,Not Designated Nonemergency/Emergency/Disaster/Wildfire Suppression,,123946.17,,,CONT_AWD_80GSFC19C0021_8000_-NONE-_-NONE-,80GSFC19C0021,,,,2018-11-30,2019,2025-08-04,2025,2018-11-30,2027-01-31,,D,DEFINITIVE CONTRACT,,,"OPTICAL TELESCOPE ASSEMBLY (OTA) THIS CONTRACT PROVIDES FOR ALL EFFORTS AND RESPONSIBILITIES FOR THE PERSONNEL, SERVICES, MATERIALS, EQUIPMENT, AND FACILITIES NECESSARY TO BUILD, REFURBISH, OR MODIFY THE OTA AS REQUIRED TO MEET THE WIDE FIELD INFRARED SURVEY TELESCOPE (WFIRST) PERFORMANCE REQUIREMENTS.",080,NATIONAL AERONAUTICS AND SPACE ADMINISTRATION (NASA),8000,NATIONAL AERONAUTICS AND SPACE ADMINISTRATION,80GSFC,NASA GODDARD SPACE FLIGHT CENTER,080,NATIONAL AERONAUTICS AND SPACE ADMINISTRATION (NASA),8000,NATIONAL AERONAUTICS AND SPACE ADMINISTRATION,80GSFC,NASA GODDARD SPACE FLIGHT CENTER,JEGFV3LWEJH7,,"L3HARRIS TECHNOLOGIES, INC.",HARRIS CORPORATION,SJULQDJ8NZU7,SJULQDJ8NZU7,"L3HARRIS TECHNOLOGIES, INC",L3HARRIS TECHNOLOGIES  INC.,USA,NY,MONROE,ROCHESTER,NY-25,NY-25,146066219,UNITED STATES,NEW YORK,MONROE,NY-25,NY-25,146064248,,,6650,"OPTICAL INSTRUMENTS, TEST EQUIPMENT, COMPONENTS AND ACCESSORIES",333314,OPTICAL INSTRUMENT AND LENS MANUFACTURING,,,https://www.usaspending.gov/award/CONT_AWD_80GSFC19C0021_8000_-NONE-_-NONE-/,2024-07-01
National Aeronautics and Space Administration,National Aeronautics and Space Administration,FY2024P09,,080,2024,2025,,0120,000,080-2024/2025-0120-000,"Science, National Aeronautics and Space Administration",National Aeronautics and Space Administration,,"General Science, Space, and Technology","Space flight, research, and supporting activities",080-0120,"Science, National Aeronautics and Space Administration",0001,SCIENCE (DIRECT),25.5,Research and development contracts,D,Q,Not Designated Nonemergency/Emergency/Disaster/Wildfire Suppression,,6660578.58,,,CONT_AWD_80GSFC19C0021_8000_-NONE-_-NONE-,80GSFC19C0021,,,,2018-11-30,2019,2025-08-04,2025,2018-11-30,2027-01-31,,D,DEFINITIVE CONTRACT,,,"OPTICAL TELESCOPE ASSEMBLY (OTA) THIS CONTRACT PROVIDES FOR ALL EFFORTS AND RESPONSIBILITIES FOR THE PERSONNEL, SERVICES, MATERIALS, EQUIPMENT, AND FACILITIES NECESSARY TO BUILD, REFURBISH, OR MODIFY THE OTA AS REQUIRED TO MEET THE WIDE FIELD INFRARED SURVEY TELESCOPE (WFIRST) PERFORMANCE REQUIREMENTS.",080,NATIONAL AERONAUTICS AND SPACE ADMINISTRATION (NASA),8000,NATIONAL AERONAUTICS AND SPACE ADMINISTRATION,80GSFC,NASA GODDARD SPACE FLIGHT CENTER,080,NATIONAL AERONAUTICS AND SPACE ADMINISTRATION (NASA),8000,NATIONAL AERONAUTICS AND SPACE ADMINISTRATION,80GSFC,NASA GODDARD SPACE FLIGHT CENTER,JEGFV3LWEJH7,,"L3HARRIS TECHNOLOGIES, INC.",HARRIS CORPORATION,SJULQDJ8NZU7,SJULQDJ8NZU7,"L3HARRIS TECHNOLOGIES, INC",L3HARRIS TECHNOLOGIES  INC.,USA,NY,MONROE,ROCHESTER,NY-25,NY-25,146066219,UNITED STATES,NEW YORK,MONROE,NY-25,NY-25,146064248,,,6650,"OPTICAL INSTRUMENTS, TEST EQUIPMENT, COMPONENTS AND ACCESSORIES",333314,OPTICAL INSTRUMENT AND LENS MANUFACTURING,,,https://www.usaspending.gov/award/CONT_AWD_80GSFC19C0021_8000_-NONE-_-NONE-/,2024-07-29
National Aeronautics and Space Administration,National Aeronautics and Space Administration,FY2024P09,,080,2023,2024,,0120,000,080-2023/2024-0120-000,"Science, National Aeronautics and Space Administration",National Aeronautics and Space Administration,,"General Science, Space, and Technology","Space flight, research, and supporting activities",080-0120,"Science, National Aeronautics and Space Administration",0001,SCIENCE (DIRECT),25.5,Research and development contracts,D,Q,Not Designated Nonemergency/Emergency/Disaster/Wildfire Suppression,,39268362.91,,,CONT_AWD_80GSFC19C0021_8000_-NONE-_-NONE-,80GSFC19C0021,,,,2018-11-30,2019,2025-08-04,2025,2018-11-30,2027-01-31,,D,DEFINITIVE CONTRACT,,,"OPTICAL TELESCOPE ASSEMBLY (OTA) THIS CONTRACT PROVIDES FOR ALL EFFORTS AND RESPONSIBILITIES FOR THE PERSONNEL, SERVICES, MATERIALS, EQUIPMENT, AND FACILITIES NECESSARY TO BUILD, REFURBISH, OR MODIFY THE OTA AS REQUIRED TO MEET THE WIDE FIELD INFRARED SURVEY TELESCOPE (WFIRST) PERFORMANCE REQUIREMENTS.",080,NATIONAL AERONAUTICS AND SPACE ADMINISTRATION (NASA),8000,NATIONAL AERONAUTICS AND SPACE ADMINISTRATION,80GSFC,NASA GODDARD SPACE FLIGHT CENTER,080,NATIONAL AERONAUTICS AND SPACE ADMINISTRATION (NASA),8000,NATIONAL AERONAUTICS AND SPACE ADMINISTRATION,80GSFC,NASA GODDARD SPACE FLIGHT CENTER,JEGFV3LWEJH7,,"L3HARRIS TECHNOLOGIES, INC.",HARRIS CORPORATION,SJULQDJ8NZU7,SJULQDJ8NZU7,"L3HARRIS TECHNOLOGIES, INC",L3HARRIS TECHNOLOGIES  INC.,USA,NY,MONROE,ROCHESTER,NY-25,NY-25,146066219,UNITED STATES,NEW YORK,MONROE,NY-25,NY-25,146064248,,,6650,"OPTICAL INSTRUMENTS, TEST EQUIPMENT, COMPONENTS AND ACCESSORIES",333314,OPTICAL INSTRUMENT AND LENS MANUFACTURING,,,https://www.usaspending.gov/award/CONT_AWD_80GSFC19C0021_8000_-NONE-_-NONE-/,2024-07-29
National Aeronautics and Space Administration,National Aeronautics and Space Administration,FY2024P09,,080,2022,2023,,0120,000,080-2022/2023-0120-000,"Science, National Aeronautics and Space Administration",National Aeronautics and Space Administration,,"General Science, Space, and Technology","Space flight, research, and supporting activities",080-0120,"Science, National Aeronautics and Space Administration",0001,SCIENCE (DIRECT),25.5,Research and development contracts,D,Q,Not Designated Nonemergency/Emergency/Disaster/Wildfire Suppression,,123946.17,,,CONT_AWD_80GSFC19C0021_8000_-NONE-_-NONE-,80GSFC19C0021,,,,2018-11-30,2019,2025-08-04,2025,2018-11-30,2027-01-31,,D,DEFINITIVE CONTRACT,,,"OPTICAL TELESCOPE ASSEMBLY (OTA) THIS CONTRACT PROVIDES FOR ALL EFFORTS AND RESPONSIBILITIES FOR THE PERSONNEL, SERVICES, MATERIALS, EQUIPMENT, AND FACILITIES NECESSARY TO BUILD, REFURBISH, OR MODIFY THE OTA AS REQUIRED TO MEET THE WIDE FIELD INFRARED SURVEY TELESCOPE (WFIRST) PERFORMANCE REQUIREMENTS.",080,NATIONAL AERONAUTICS AND SPACE ADMINISTRATION (NASA),8000,NATIONAL AERONAUTICS AND SPACE ADMINISTRATION,80GSFC,NASA GODDARD SPACE FLIGHT CENTER,080,NATIONAL AERONAUTICS AND SPACE ADMINISTRATION (NASA),8000,NATIONAL AERONAUTICS AND SPACE ADMINISTRATION,80GSFC,NASA GODDARD SPACE FLIGHT CENTER,JEGFV3LWEJH7,,"L3HARRIS TECHNOLOGIES, INC.",HARRIS CORPORATION,SJULQDJ8NZU7,SJULQDJ8NZU7,"L3HARRIS TECHNOLOGIES, INC",L3HARRIS TECHNOLOGIES  INC.,USA,NY,MONROE,ROCHESTER,NY-25,NY-25,146066219,UNITED STATES,NEW YORK,MONROE,NY-25,NY-25,146064248,,,6650,"OPTICAL INSTRUMENTS, TEST EQUIPMENT, COMPONENTS AND ACCESSORIES",333314,OPTICAL INSTRUMENT AND LENS MANUFACTURING,,,https://www.usaspending.gov/award/CONT_AWD_80GSFC19C0021_8000_-NONE-_-NONE-/,2024-07-29
National Aeronautics and Space Administration,National Aeronautics and Space Administration,FY2024P10,,080,2024,2025,,0120,000,080-2024/2025-0120-000,"Science, National Aeronautics and Space Administration",National Aeronautics and Space Administration,,"General Science, Space, and Technology","Space flight, research, and supporting activities",080-0120,"Science, National Aeronautics and Space Administration",0001,SCIENCE (DIRECT),25.5,Research and development contracts,D,Q,Not Designated Nonemergency/Emergency/Disaster/Wildfire Suppression,,8041512.20,,,CONT_AWD_80GSFC19C0021_8000_-NONE-_-NONE-,80GSFC19C0021,,,,2018-11-30,2019,2025-08-04,2025,2018-11-30,2027-01-31,,D,DEFINITIVE CONTRACT,,,"OPTICAL TELESCOPE ASSEMBLY (OTA) THIS CONTRACT PROVIDES FOR ALL EFFORTS AND RESPONSIBILITIES FOR THE PERSONNEL, SERVICES, MATERIALS, EQUIPMENT, AND FACILITIES NECESSARY TO BUILD, REFURBISH, OR MODIFY THE OTA AS REQUIRED TO MEET THE WIDE FIELD INFRARED SURVEY TELESCOPE (WFIRST) PERFORMANCE REQUIREMENTS.",080,NATIONAL AERONAUTICS AND SPACE ADMINISTRATION (NASA),8000,NATIONAL AERONAUTICS AND SPACE ADMINISTRATION,80GSFC,NASA GODDARD SPACE FLIGHT CENTER,080,NATIONAL AERONAUTICS AND SPACE ADMINISTRATION (NASA),8000,NATIONAL AERONAUTICS AND SPACE ADMINISTRATION,80GSFC,NASA GODDARD SPACE FLIGHT CENTER,JEGFV3LWEJH7,,"L3HARRIS TECHNOLOGIES, INC.",HARRIS CORPORATION,SJULQDJ8NZU7,SJULQDJ8NZU7,"L3HARRIS TECHNOLOGIES, INC",L3HARRIS TECHNOLOGIES  INC.,USA,NY,MONROE,ROCHESTER,NY-25,NY-25,146066219,UNITED STATES,NEW YORK,MONROE,NY-25,NY-25,146064248,,,6650,"OPTICAL INSTRUMENTS, TEST EQUIPMENT, COMPONENTS AND ACCESSORIES",333314,OPTICAL INSTRUMENT AND LENS MANUFACTURING,,,https://www.usaspending.gov/award/CONT_AWD_80GSFC19C0021_8000_-NONE-_-NONE-/,2024-08-26
National Aeronautics and Space Administration,National Aeronautics and Space Administration,FY2024P10,,080,2024,2025,,0120,000,080-2024/2025-0120-000,"Science, National Aeronautics and Space Administration",National Aeronautics and Space Administration,,"General Science, Space, and Technology","Space flight, research, and supporting activities",080-0120,"Science, National Aeronautics and Space Administration",0001,SCIENCE (DIRECT),25.5,Research and development contracts,D,Q,Not Designated Nonemergency/Emergency/Disaster/Wildfire Suppression,10000000.00,,,,CONT_AWD_80GSFC19C0021_8000_-NONE-_-NONE-,80GSFC19C0021,,,,2018-11-30,2019,2025-08-04,2025,2018-11-30,2027-01-31,,D,DEFINITIVE CONTRACT,,,"OPTICAL TELESCOPE ASSEMBLY (OTA) THIS CONTRACT PROVIDES FOR ALL EFFORTS AND RESPONSIBILITIES FOR THE PERSONNEL, SERVICES, MATERIALS, EQUIPMENT, AND FACILITIES NECESSARY TO BUILD, REFURBISH, OR MODIFY THE OTA AS REQUIRED TO MEET THE WIDE FIELD INFRARED SURVEY TELESCOPE (WFIRST) PERFORMANCE REQUIREMENTS.",080,NATIONAL AERONAUTICS AND SPACE ADMINISTRATION (NASA),8000,NATIONAL AERONAUTICS AND SPACE ADMINISTRATION,80GSFC,NASA GODDARD SPACE FLIGHT CENTER,080,NATIONAL AERONAUTICS AND SPACE ADMINISTRATION (NASA),8000,NATIONAL AERONAUTICS AND SPACE ADMINISTRATION,80GSFC,NASA GODDARD SPACE FLIGHT CENTER,JEGFV3LWEJH7,,"L3HARRIS TECHNOLOGIES, INC.",HARRIS CORPORATION,SJULQDJ8NZU7,SJULQDJ8NZU7,"L3HARRIS TECHNOLOGIES, INC",L3HARRIS TECHNOLOGIES  INC.,USA,NY,MONROE,ROCHESTER,NY-25,NY-25,146066219,UNITED STATES,NEW YORK,MONROE,NY-25,NY-25,146064248,,,6650,"OPTICAL INSTRUMENTS, TEST EQUIPMENT, COMPONENTS AND ACCESSORIES",333314,OPTICAL INSTRUMENT AND LENS MANUFACTURING,,,https://www.usaspending.gov/award/CONT_AWD_80GSFC19C0021_8000_-NONE-_-NONE-/,2024-08-26
National Aeronautics and Space Administration,National Aeronautics and Space Administration,FY2024P10,,080,2023,2024,,0120,000,080-2023/2024-0120-000,"Science, National Aeronautics and Space Administration",National Aeronautics and Space Administration,,"General Science, Space, and Technology","Space flight, research, and supporting activities",080-0120,"Science, National Aeronautics and Space Administration",0001,SCIENCE (DIRECT),25.5,Research and development contracts,D,Q,Not Designated Nonemergency/Emergency/Disaster/Wildfire Suppression,,39268362.91,,,CONT_AWD_80GSFC19C0021_8000_-NONE-_-NONE-,80GSFC19C0021,,,,2018-11-30,2019,2025-08-04,2025,2018-11-30,2027-01-31,,D,DEFINITIVE CONTRACT,,,"OPTICAL TELESCOPE ASSEMBLY (OTA) THIS CONTRACT PROVIDES FOR ALL EFFORTS AND RESPONSIBILITIES FOR THE PERSONNEL, SERVICES, MATERIALS, EQUIPMENT, AND FACILITIES NECESSARY TO BUILD, REFURBISH, OR MODIFY THE OTA AS REQUIRED TO MEET THE WIDE FIELD INFRARED SURVEY TELESCOPE (WFIRST) PERFORMANCE REQUIREMENTS.",080,NATIONAL AERONAUTICS AND SPACE ADMINISTRATION (NASA),8000,NATIONAL AERONAUTICS AND SPACE ADMINISTRATION,80GSFC,NASA GODDARD SPACE FLIGHT CENTER,080,NATIONAL AERONAUTICS AND SPACE ADMINISTRATION (NASA),8000,NATIONAL AERONAUTICS AND SPACE ADMINISTRATION,80GSFC,NASA GODDARD SPACE FLIGHT CENTER,JEGFV3LWEJH7,,"L3HARRIS TECHNOLOGIES, INC.",HARRIS CORPORATION,SJULQDJ8NZU7,SJULQDJ8NZU7,"L3HARRIS TECHNOLOGIES, INC",L3HARRIS TECHNOLOGIES  INC.,USA,NY,MONROE,ROCHESTER,NY-25,NY-25,146066219,UNITED STATES,NEW YORK,MONROE,NY-25,NY-25,146064248,,,6650,"OPTICAL INSTRUMENTS, TEST EQUIPMENT, COMPONENTS AND ACCESSORIES",333314,OPTICAL INSTRUMENT AND LENS MANUFACTURING,,,https://www.usaspending.gov/award/CONT_AWD_80GSFC19C0021_8000_-NONE-_-NONE-/,2024-08-26
National Aeronautics and Space Administration,National Aeronautics and Space Administration,FY2024P10,,080,2022,2023,,0120,000,080-2022/2023-0120-000,"Science, National Aeronautics and Space Administration",National Aeronautics and Space Administration,,"General Science, Space, and Technology","Space flight, research, and supporting activities",080-0120,"Science, National Aeronautics and Space Administration",0001,SCIENCE (DIRECT),25.5,Research and development contracts,D,Q,Not Designated Nonemergency/Emergency/Disaster/Wildfire Suppression,,123946.17,,,CONT_AWD_80GSFC19C0021_8000_-NONE-_-NONE-,80GSFC19C0021,,,,2018-11-30,2019,2025-08-04,2025,2018-11-30,2027-01-31,,D,DEFINITIVE CONTRACT,,,"OPTICAL TELESCOPE ASSEMBLY (OTA) THIS CONTRACT PROVIDES FOR ALL EFFORTS AND RESPONSIBILITIES FOR THE PERSONNEL, SERVICES, MATERIALS, EQUIPMENT, AND FACILITIES NECESSARY TO BUILD, REFURBISH, OR MODIFY THE OTA AS REQUIRED TO MEET THE WIDE FIELD INFRARED SURVEY TELESCOPE (WFIRST) PERFORMANCE REQUIREMENTS.",080,NATIONAL AERONAUTICS AND SPACE ADMINISTRATION (NASA),8000,NATIONAL AERONAUTICS AND SPACE ADMINISTRATION,80GSFC,NASA GODDARD SPACE FLIGHT CENTER,080,NATIONAL AERONAUTICS AND SPACE ADMINISTRATION (NASA),8000,NATIONAL AERONAUTICS AND SPACE ADMINISTRATION,80GSFC,NASA GODDARD SPACE FLIGHT CENTER,JEGFV3LWEJH7,,"L3HARRIS TECHNOLOGIES, INC.",HARRIS CORPORATION,SJULQDJ8NZU7,SJULQDJ8NZU7,"L3HARRIS TECHNOLOGIES, INC",L3HARRIS TECHNOLOGIES  INC.,USA,NY,MONROE,ROCHESTER,NY-25,NY-25,146066219,UNITED STATES,NEW YORK,MONROE,NY-25,NY-25,146064248,,,6650,"OPTICAL INSTRUMENTS, TEST EQUIPMENT, COMPONENTS AND ACCESSORIES",333314,OPTICAL INSTRUMENT AND LENS MANUFACTURING,,,https://www.usaspending.gov/award/CONT_AWD_80GSFC19C0021_8000_-NONE-_-NONE-/,2024-08-26
National Aeronautics and Space Administration,National Aeronautics and Space Administration,FY2024P11,,080,2023,2024,,0120,000,080-2023/2024-0120-000,"Science, National Aeronautics and Space Administration",National Aeronautics and Space Administration,,"General Science, Space, and Technology","Space flight, research, and supporting activities",080-0120,"Science, National Aeronautics and Space Administration",0001,SCIENCE (DIRECT),25.5,Research and development contracts,D,Q,Not Designated Nonemergency/Emergency/Disaster/Wildfire Suppression,,39268362.91,,,CONT_AWD_80GSFC19C0021_8000_-NONE-_-NONE-,80GSFC19C0021,,,,2018-11-30,2019,2025-08-04,2025,2018-11-30,2027-01-31,,D,DEFINITIVE CONTRACT,,,"OPTICAL TELESCOPE ASSEMBLY (OTA) THIS CONTRACT PROVIDES FOR ALL EFFORTS AND RESPONSIBILITIES FOR THE PERSONNEL, SERVICES, MATERIALS, EQUIPMENT, AND FACILITIES NECESSARY TO BUILD, REFURBISH, OR MODIFY THE OTA AS REQUIRED TO MEET THE WIDE FIELD INFRARED SURVEY TELESCOPE (WFIRST) PERFORMANCE REQUIREMENTS.",080,NATIONAL AERONAUTICS AND SPACE ADMINISTRATION (NASA),8000,NATIONAL AERONAUTICS AND SPACE ADMINISTRATION,80GSFC,NASA GODDARD SPACE FLIGHT CENTER,080,NATIONAL AERONAUTICS AND SPACE ADMINISTRATION (NASA),8000,NATIONAL AERONAUTICS AND SPACE ADMINISTRATION,80GSFC,NASA GODDARD SPACE FLIGHT CENTER,JEGFV3LWEJH7,,"L3HARRIS TECHNOLOGIES, INC.",HARRIS CORPORATION,SJULQDJ8NZU7,SJULQDJ8NZU7,"L3HARRIS TECHNOLOGIES, INC",L3HARRIS TECHNOLOGIES  INC.,USA,NY,MONROE,ROCHESTER,NY-25,NY-25,146066219,UNITED STATES,NEW YORK,MONROE,NY-25,NY-25,146064248,,,6650,"OPTICAL INSTRUMENTS, TEST EQUIPMENT, COMPONENTS AND ACCESSORIES",333314,OPTICAL INSTRUMENT AND LENS MANUFACTURING,,,https://www.usaspending.gov/award/CONT_AWD_80GSFC19C0021_8000_-NONE-_-NONE-/,2024-09-30
National Aeronautics and Space Administration,National Aeronautics and Space Administration,FY2024P11,,080,2024,2025,,0120,000,080-2024/2025-0120-000,"Science, National Aeronautics and Space Administration",National Aeronautics and Space Administration,,"General Science, Space, and Technology","Space flight, research, and supporting activities",080-0120,"Science, National Aeronautics and Space Administration",0001,SCIENCE (DIRECT),25.5,Research and development contracts,D,Q,Not Designated Nonemergency/Emergency/Disaster/Wildfire Suppression,,12979154.81,,,CONT_AWD_80GSFC19C0021_8000_-NONE-_-NONE-,80GSFC19C0021,,,,2018-11-30,2019,2025-08-04,2025,2018-11-30,2027-01-31,,D,DEFINITIVE CONTRACT,,,"OPTICAL TELESCOPE ASSEMBLY (OTA) THIS CONTRACT PROVIDES FOR ALL EFFORTS AND RESPONSIBILITIES FOR THE PERSONNEL, SERVICES, MATERIALS, EQUIPMENT, AND FACILITIES NECESSARY TO BUILD, REFURBISH, OR MODIFY THE OTA AS REQUIRED TO MEET THE WIDE FIELD INFRARED SURVEY TELESCOPE (WFIRST) PERFORMANCE REQUIREMENTS.",080,NATIONAL AERONAUTICS AND SPACE ADMINISTRATION (NASA),8000,NATIONAL AERONAUTICS AND SPACE ADMINISTRATION,80GSFC,NASA GODDARD SPACE FLIGHT CENTER,080,NATIONAL AERONAUTICS AND SPACE ADMINISTRATION (NASA),8000,NATIONAL AERONAUTICS AND SPACE ADMINISTRATION,80GSFC,NASA GODDARD SPACE FLIGHT CENTER,JEGFV3LWEJH7,,"L3HARRIS TECHNOLOGIES, INC.",HARRIS CORPORATION,SJULQDJ8NZU7,SJULQDJ8NZU7,"L3HARRIS TECHNOLOGIES, INC",L3HARRIS TECHNOLOGIES  INC.,USA,NY,MONROE,ROCHESTER,NY-25,NY-25,146066219,UNITED STATES,NEW YORK,MONROE,NY-25,NY-25,146064248,,,6650,"OPTICAL INSTRUMENTS, TEST EQUIPMENT, COMPONENTS AND ACCESSORIES",333314,OPTICAL INSTRUMENT AND LENS MANUFACTURING,,,https://www.usaspending.gov/award/CONT_AWD_80GSFC19C0021_8000_-NONE-_-NONE-/,2024-09-30
National Aeronautics and Space Administration,National Aeronautics and Space Administration,FY2024P11,,080,2022,2023,,0120,000,080-2022/2023-0120-000,"Science, National Aeronautics and Space Administration",National Aeronautics and Space Administration,,"General Science, Space, and Technology","Space flight, research, and supporting activities",080-0120,"Science, National Aeronautics and Space Administration",0001,SCIENCE (DIRECT),25.5,Research and development contracts,D,Q,Not Designated Nonemergency/Emergency/Disaster/Wildfire Suppression,,123946.17,,,CONT_AWD_80GSFC19C0021_8000_-NONE-_-NONE-,80GSFC19C0021,,,,2018-11-30,2019,2025-08-04,2025,2018-11-30,2027-01-31,,D,DEFINITIVE CONTRACT,,,"OPTICAL TELESCOPE ASSEMBLY (OTA) THIS CONTRACT PROVIDES FOR ALL EFFORTS AND RESPONSIBILITIES FOR THE PERSONNEL, SERVICES, MATERIALS, EQUIPMENT, AND FACILITIES NECESSARY TO BUILD, REFURBISH, OR MODIFY THE OTA AS REQUIRED TO MEET THE WIDE FIELD INFRARED SURVEY TELESCOPE (WFIRST) PERFORMANCE REQUIREMENTS.",080,NATIONAL AERONAUTICS AND SPACE ADMINISTRATION (NASA),8000,NATIONAL AERONAUTICS AND SPACE ADMINISTRATION,80GSFC,NASA GODDARD SPACE FLIGHT CENTER,080,NATIONAL AERONAUTICS AND SPACE ADMINISTRATION (NASA),8000,NATIONAL AERONAUTICS AND SPACE ADMINISTRATION,80GSFC,NASA GODDARD SPACE FLIGHT CENTER,JEGFV3LWEJH7,,"L3HARRIS TECHNOLOGIES, INC.",HARRIS CORPORATION,SJULQDJ8NZU7,SJULQDJ8NZU7,"L3HARRIS TECHNOLOGIES, INC",L3HARRIS TECHNOLOGIES  INC.,USA,NY,MONROE,ROCHESTER,NY-25,NY-25,146066219,UNITED STATES,NEW YORK,MONROE,NY-25,NY-25,146064248,,,6650,"OPTICAL INSTRUMENTS, TEST EQUIPMENT, COMPONENTS AND ACCESSORIES",333314,OPTICAL INSTRUMENT AND LENS MANUFACTURING,,,https://www.usaspending.gov/award/CONT_AWD_80GSFC19C0021_8000_-NONE-_-NONE-/,2024-09-30
National Aeronautics and Space Administration,National Aeronautics and Space Administration,FY2024P12,,080,2024,2025,,0120,000,080-2024/2025-0120-000,"Science, National Aeronautics and Space Administration",National Aeronautics and Space Administration,,"General Science, Space, and Technology","Space flight, research, and supporting activities",080-0120,"Science, National Aeronautics and Space Administration",0001,SCIENCE (DIRECT),25.5,Research and development contracts,D,Q,Not Designated Nonemergency/Emergency/Disaster/Wildfire Suppression,,15897153.36,,,CONT_AWD_80GSFC19C0021_8000_-NONE-_-NONE-,80GSFC19C0021,,,,2018-11-30,2019,2025-08-04,2025,2018-11-30,2027-01-31,,D,DEFINITIVE CONTRACT,,,"OPTICAL TELESCOPE ASSEMBLY (OTA) THIS CONTRACT PROVIDES FOR ALL EFFORTS AND RESPONSIBILITIES FOR THE PERSONNEL, SERVICES, MATERIALS, EQUIPMENT, AND FACILITIES NECESSARY TO BUILD, REFURBISH, OR MODIFY THE OTA AS REQUIRED TO MEET THE WIDE FIELD INFRARED SURVEY TELESCOPE (WFIRST) PERFORMANCE REQUIREMENTS.",080,NATIONAL AERONAUTICS AND SPACE ADMINISTRATION (NASA),8000,NATIONAL AERONAUTICS AND SPACE ADMINISTRATION,80GSFC,NASA GODDARD SPACE FLIGHT CENTER,080,NATIONAL AERONAUTICS AND SPACE ADMINISTRATION (NASA),8000,NATIONAL AERONAUTICS AND SPACE ADMINISTRATION,80GSFC,NASA GODDARD SPACE FLIGHT CENTER,JEGFV3LWEJH7,,"L3HARRIS TECHNOLOGIES, INC.",HARRIS CORPORATION,SJULQDJ8NZU7,SJULQDJ8NZU7,"L3HARRIS TECHNOLOGIES, INC",L3HARRIS TECHNOLOGIES  INC.,USA,NY,MONROE,ROCHESTER,NY-25,NY-25,146066219,UNITED STATES,NEW YORK,MONROE,NY-25,NY-25,146064248,,,6650,"OPTICAL INSTRUMENTS, TEST EQUIPMENT, COMPONENTS AND ACCESSORIES",333314,OPTICAL INSTRUMENT AND LENS MANUFACTURING,,,https://www.usaspending.gov/award/CONT_AWD_80GSFC19C0021_8000_-NONE-_-NONE-/,2024-11-07
National Aeronautics and Space Administration,National Aeronautics and Space Administration,FY2024P12,,080,2024,2025,,0120,000,080-2024/2025-0120-000,"Science, National Aeronautics and Space Administration",National Aeronautics and Space Administration,,"General Science, Space, and Technology","Space flight, research, and supporting activities",080-0120,"Science, National Aeronautics and Space Administration",0001,SCIENCE (DIRECT),25.5,Research and development contracts,D,Q,Not Designated Nonemergency/Emergency/Disaster/Wildfire Suppression,877801.00,,,,CONT_AWD_80GSFC19C0021_8000_-NONE-_-NONE-,80GSFC19C0021,,,,2018-11-30,2019,2025-08-04,2025,2018-11-30,2027-01-31,,D,DEFINITIVE CONTRACT,,,"OPTICAL TELESCOPE ASSEMBLY (OTA) THIS CONTRACT PROVIDES FOR ALL EFFORTS AND RESPONSIBILITIES FOR THE PERSONNEL, SERVICES, MATERIALS, EQUIPMENT, AND FACILITIES NECESSARY TO BUILD, REFURBISH, OR MODIFY THE OTA AS REQUIRED TO MEET THE WIDE FIELD INFRARED SURVEY TELESCOPE (WFIRST) PERFORMANCE REQUIREMENTS.",080,NATIONAL AERONAUTICS AND SPACE ADMINISTRATION (NASA),8000,NATIONAL AERONAUTICS AND SPACE ADMINISTRATION,80GSFC,NASA GODDARD SPACE FLIGHT CENTER,080,NATIONAL AERONAUTICS AND SPACE ADMINISTRATION (NASA),8000,NATIONAL AERONAUTICS AND SPACE ADMINISTRATION,80GSFC,NASA GODDARD SPACE FLIGHT CENTER,JEGFV3LWEJH7,,"L3HARRIS TECHNOLOGIES, INC.",HARRIS CORPORATION,SJULQDJ8NZU7,SJULQDJ8NZU7,"L3HARRIS TECHNOLOGIES, INC",L3HARRIS TECHNOLOGIES  INC.,USA,NY,MONROE,ROCHESTER,NY-25,NY-25,146066219,UNITED STATES,NEW YORK,MONROE,NY-25,NY-25,146064248,,,6650,"OPTICAL INSTRUMENTS, TEST EQUIPMENT, COMPONENTS AND ACCESSORIES",333314,OPTICAL INSTRUMENT AND LENS MANUFACTURING,,,https://www.usaspending.gov/award/CONT_AWD_80GSFC19C0021_8000_-NONE-_-NONE-/,2024-11-07
National Aeronautics and Space Administration,National Aeronautics and Space Administration,FY2024P12,,080,2023,2024,,0120,000,080-2023/2024-0120-000,"Science, National Aeronautics and Space Administration",National Aeronautics and Space Administration,,"General Science, Space, and Technology","Space flight, research, and supporting activities",080-0120,"Science, National Aeronautics and Space Administration",0001,SCIENCE (DIRECT),25.5,Research and development contracts,D,Q,Not Designated Nonemergency/Emergency/Disaster/Wildfire Suppression,,39268362.91,,,CONT_AWD_80GSFC19C0021_8000_-NONE-_-NONE-,80GSFC19C0021,,,,2018-11-30,2019,2025-08-04,2025,2018-11-30,2027-01-31,,D,DEFINITIVE CONTRACT,,,"OPTICAL TELESCOPE ASSEMBLY (OTA) THIS CONTRACT PROVIDES FOR ALL EFFORTS AND RESPONSIBILITIES FOR THE PERSONNEL, SERVICES, MATERIALS, EQUIPMENT, AND FACILITIES NECESSARY TO BUILD, REFURBISH, OR MODIFY THE OTA AS REQUIRED TO MEET THE WIDE FIELD INFRARED SURVEY TELESCOPE (WFIRST) PERFORMANCE REQUIREMENTS.",080,NATIONAL AERONAUTICS AND SPACE ADMINISTRATION (NASA),8000,NATIONAL AERONAUTICS AND SPACE ADMINISTRATION,80GSFC,NASA GODDARD SPACE FLIGHT CENTER,080,NATIONAL AERONAUTICS AND SPACE ADMINISTRATION (NASA),8000,NATIONAL AERONAUTICS AND SPACE ADMINISTRATION,80GSFC,NASA GODDARD SPACE FLIGHT CENTER,JEGFV3LWEJH7,,"L3HARRIS TECHNOLOGIES, INC.",HARRIS CORPORATION,SJULQDJ8NZU7,SJULQDJ8NZU7,"L3HARRIS TECHNOLOGIES, INC",L3HARRIS TECHNOLOGIES  INC.,USA,NY,MONROE,ROCHESTER,NY-25,NY-25,146066219,UNITED STATES,NEW YORK,MONROE,NY-25,NY-25,146064248,,,6650,"OPTICAL INSTRUMENTS, TEST EQUIPMENT, COMPONENTS AND ACCESSORIES",333314,OPTICAL INSTRUMENT AND LENS MANUFACTURING,,,https://www.usaspending.gov/award/CONT_AWD_80GSFC19C0021_8000_-NONE-_-NONE-/,2024-11-07
National Aeronautics and Space Administration,National Aeronautics and Space Administration,FY2024P12,,080,2022,2023,,0120,000,080-2022/2023-0120-000,"Science, National Aeronautics and Space Administration",National Aeronautics and Space Administration,,"General Science, Space, and Technology","Space flight, research, and supporting activities",080-0120,"Science, National Aeronautics and Space Administration",0001,SCIENCE (DIRECT),25.5,Research and development contracts,D,Q,Not Designated Nonemergency/Emergency/Disaster/Wildfire Suppression,,123946.17,,,CONT_AWD_80GSFC19C0021_8000_-NONE-_-NONE-,80GSFC19C0021,,,,2018-11-30,2019,2025-08-04,2025,2018-11-30,2027-01-31,,D,DEFINITIVE CONTRACT,,,"OPTICAL TELESCOPE ASSEMBLY (OTA) THIS CONTRACT PROVIDES FOR ALL EFFORTS AND RESPONSIBILITIES FOR THE PERSONNEL, SERVICES, MATERIALS, EQUIPMENT, AND FACILITIES NECESSARY TO BUILD, REFURBISH, OR MODIFY THE OTA AS REQUIRED TO MEET THE WIDE FIELD INFRARED SURVEY TELESCOPE (WFIRST) PERFORMANCE REQUIREMENTS.",080,NATIONAL AERONAUTICS AND SPACE ADMINISTRATION (NASA),8000,NATIONAL AERONAUTICS AND SPACE ADMINISTRATION,80GSFC,NASA GODDARD SPACE FLIGHT CENTER,080,NATIONAL AERONAUTICS AND SPACE ADMINISTRATION (NASA),8000,NATIONAL AERONAUTICS AND SPACE ADMINISTRATION,80GSFC,NASA GODDARD SPACE FLIGHT CENTER,JEGFV3LWEJH7,,"L3HARRIS TECHNOLOGIES, INC.",HARRIS CORPORATION,SJULQDJ8NZU7,SJULQDJ8NZU7,"L3HARRIS TECHNOLOGIES, INC",L3HARRIS TECHNOLOGIES  INC.,USA,NY,MONROE,ROCHESTER,NY-25,NY-25,146066219,UNITED STATES,NEW YORK,MONROE,NY-25,NY-25,146064248,,,6650,"OPTICAL INSTRUMENTS, TEST EQUIPMENT, COMPONENTS AND ACCESSORIES",333314,OPTICAL INSTRUMENT AND LENS MANUFACTURING,,,https://www.usaspending.gov/award/CONT_AWD_80GSFC19C0021_8000_-NONE-_-NONE-/,2024-11-07
National Aeronautics and Space Administration,National Aeronautics and Space Administration,FY2025P02,,080,2024,2025,,0120,000,080-2024/2025-0120-000,"Science, National Aeronautics and Space Administration",National Aeronautics and Space Administration,,"General Science, Space, and Technology","Space flight, research, and supporting activities",080-0120,"Science, National Aeronautics and Space Administration",0001,SCIENCE (DIRECT),25.5,Research and development contracts,D,Q,Not Designated Nonemergency/Emergency/Disaster/Wildfire Suppression,,3506102.24,0.00,0.00,CONT_AWD_80GSFC19C0021_8000_-NONE-_-NONE-,80GSFC19C0021,,,,2018-11-30,2019,2025-08-04,2025,2018-11-30,2027-01-31,,D,DEFINITIVE CONTRACT,,,"OPTICAL TELESCOPE ASSEMBLY (OTA) THIS CONTRACT PROVIDES FOR ALL EFFORTS AND RESPONSIBILITIES FOR THE PERSONNEL, SERVICES, MATERIALS, EQUIPMENT, AND FACILITIES NECESSARY TO BUILD, REFURBISH, OR MODIFY THE OTA AS REQUIRED TO MEET THE WIDE FIELD INFRARED SURVEY TELESCOPE (WFIRST) PERFORMANCE REQUIREMENTS.",080,NATIONAL AERONAUTICS AND SPACE ADMINISTRATION (NASA),8000,NATIONAL AERONAUTICS AND SPACE ADMINISTRATION,80GSFC,NASA GODDARD SPACE FLIGHT CENTER,080,NATIONAL AERONAUTICS AND SPACE ADMINISTRATION (NASA),8000,NATIONAL AERONAUTICS AND SPACE ADMINISTRATION,80GSFC,NASA GODDARD SPACE FLIGHT CENTER,JEGFV3LWEJH7,,"L3HARRIS TECHNOLOGIES, INC.",HARRIS CORPORATION,SJULQDJ8NZU7,SJULQDJ8NZU7,"L3HARRIS TECHNOLOGIES, INC",L3HARRIS TECHNOLOGIES  INC.,USA,NY,MONROE,ROCHESTER,NY-25,NY-25,146066219,UNITED STATES,NEW YORK,MONROE,NY-25,NY-25,146064248,,,6650,"OPTICAL INSTRUMENTS, TEST EQUIPMENT, COMPONENTS AND ACCESSORIES",333314,OPTICAL INSTRUMENT AND LENS MANUFACTURING,,,https://www.usaspending.gov/award/CONT_AWD_80GSFC19C0021_8000_-NONE-_-NONE-/,2024-12-20
National Aeronautics and Space Administration,National Aeronautics and Space Administration,FY2025P02,,080,2024,2025,,0120,000,080-2024/2025-0120-000,"Science, National Aeronautics and Space Administration",National Aeronautics and Space Administration,,"General Science, Space, and Technology","Space flight, research, and supporting activities",080-0120,"Science, National Aeronautics and Space Administration",0001,SCIENCE (DIRECT),25.5,Research and development contracts,D,Q,Not Designated Nonemergency/Emergency/Disaster/Wildfire Suppression,2900000.00,,,,CONT_AWD_80GSFC19C0021_8000_-NONE-_-NONE-,80GSFC19C0021,,,,2018-11-30,2019,2025-08-04,2025,2018-11-30,2027-01-31,,D,DEFINITIVE CONTRACT,,,"OPTICAL TELESCOPE ASSEMBLY (OTA) THIS CONTRACT PROVIDES FOR ALL EFFORTS AND RESPONSIBILITIES FOR THE PERSONNEL, SERVICES, MATERIALS, EQUIPMENT, AND FACILITIES NECESSARY TO BUILD, REFURBISH, OR MODIFY THE OTA AS REQUIRED TO MEET THE WIDE FIELD INFRARED SURVEY TELESCOPE (WFIRST) PERFORMANCE REQUIREMENTS.",080,NATIONAL AERONAUTICS AND SPACE ADMINISTRATION (NASA),8000,NATIONAL AERONAUTICS AND SPACE ADMINISTRATION,80GSFC,NASA GODDARD SPACE FLIGHT CENTER,080,NATIONAL AERONAUTICS AND SPACE ADMINISTRATION (NASA),8000,NATIONAL AERONAUTICS AND SPACE ADMINISTRATION,80GSFC,NASA GODDARD SPACE FLIGHT CENTER,JEGFV3LWEJH7,,"L3HARRIS TECHNOLOGIES, INC.",HARRIS CORPORATION,SJULQDJ8NZU7,SJULQDJ8NZU7,"L3HARRIS TECHNOLOGIES, INC",L3HARRIS TECHNOLOGIES  INC.,USA,NY,MONROE,ROCHESTER,NY-25,NY-25,146066219,UNITED STATES,NEW YORK,MONROE,NY-25,NY-25,146064248,,,6650,"OPTICAL INSTRUMENTS, TEST EQUIPMENT, COMPONENTS AND ACCESSORIES",333314,OPTICAL INSTRUMENT AND LENS MANUFACTURING,,,https://www.usaspending.gov/award/CONT_AWD_80GSFC19C0021_8000_-NONE-_-NONE-/,2024-12-20
National Aeronautics and Space Administration,National Aeronautics and Space Administration,FY2025P03,,080,2024,2025,,0120,000,080-2024/2025-0120-000,"Science, National Aeronautics and Space Administration",National Aeronautics and Space Administration,,"General Science, Space, and Technology","Space flight, research, and supporting activities",080-0120,"Science, National Aeronautics and Space Administration",0001,SCIENCE (DIRECT),25.5,Research and development contracts,D,Q,Not Designated Nonemergency/Emergency/Disaster/Wildfire Suppression,,6121226.82,0.00,0.00,CONT_AWD_80GSFC19C0021_8000_-NONE-_-NONE-,80GSFC19C0021,,,,2018-11-30,2019,2025-08-04,2025,2018-11-30,2027-01-31,,D,DEFINITIVE CONTRACT,,,"OPTICAL TELESCOPE ASSEMBLY (OTA) THIS CONTRACT PROVIDES FOR ALL EFFORTS AND RESPONSIBILITIES FOR THE PERSONNEL, SERVICES, MATERIALS, EQUIPMENT, AND FACILITIES NECESSARY TO BUILD, REFURBISH, OR MODIFY THE OTA AS REQUIRED TO MEET THE WIDE FIELD INFRARED SURVEY TELESCOPE (WFIRST) PERFORMANCE REQUIREMENTS.",080,NATIONAL AERONAUTICS AND SPACE ADMINISTRATION (NASA),8000,NATIONAL AERONAUTICS AND SPACE ADMINISTRATION,80GSFC,NASA GODDARD SPACE FLIGHT CENTER,080,NATIONAL AERONAUTICS AND SPACE ADMINISTRATION (NASA),8000,NATIONAL AERONAUTICS AND SPACE ADMINISTRATION,80GSFC,NASA GODDARD SPACE FLIGHT CENTER,JEGFV3LWEJH7,,"L3HARRIS TECHNOLOGIES, INC.",HARRIS CORPORATION,SJULQDJ8NZU7,SJULQDJ8NZU7,"L3HARRIS TECHNOLOGIES, INC",L3HARRIS TECHNOLOGIES  INC.,USA,NY,MONROE,ROCHESTER,NY-25,NY-25,146066219,UNITED STATES,NEW YORK,MONROE,NY-25,NY-25,146064248,,,6650,"OPTICAL INSTRUMENTS, TEST EQUIPMENT, COMPONENTS AND ACCESSORIES",333314,OPTICAL INSTRUMENT AND LENS MANUFACTURING,,,https://www.usaspending.gov/award/CONT_AWD_80GSFC19C0021_8000_-NONE-_-NONE-/,2025-01-29
National Aeronautics and Space Administration,National Aeronautics and Space Administration,FY2025P03,,080,2024,2025,,0120,000,080-2024/2025-0120-000,"Science, National Aeronautics and Space Administration",National Aeronautics and Space Administration,,"General Science, Space, and Technology","Space flight, research, and supporting activities",080-0120,"Science, National Aeronautics and Space Administration",0001,SCIENCE (DIRECT),25.5,Research and development contracts,D,Q,Not Designated Nonemergency/Emergency/Disaster/Wildfire Suppression,2186108.75,,,,CONT_AWD_80GSFC19C0021_8000_-NONE-_-NONE-,80GSFC19C0021,,,,2018-11-30,2019,2025-08-04,2025,2018-11-30,2027-01-31,,D,DEFINITIVE CONTRACT,,,"OPTICAL TELESCOPE ASSEMBLY (OTA) THIS CONTRACT PROVIDES FOR ALL EFFORTS AND RESPONSIBILITIES FOR THE PERSONNEL, SERVICES, MATERIALS, EQUIPMENT, AND FACILITIES NECESSARY TO BUILD, REFURBISH, OR MODIFY THE OTA AS REQUIRED TO MEET THE WIDE FIELD INFRARED SURVEY TELESCOPE (WFIRST) PERFORMANCE REQUIREMENTS.",080,NATIONAL AERONAUTICS AND SPACE ADMINISTRATION (NASA),8000,NATIONAL AERONAUTICS AND SPACE ADMINISTRATION,80GSFC,NASA GODDARD SPACE FLIGHT CENTER,080,NATIONAL AERONAUTICS AND SPACE ADMINISTRATION (NASA),8000,NATIONAL AERONAUTICS AND SPACE ADMINISTRATION,80GSFC,NASA GODDARD SPACE FLIGHT CENTER,JEGFV3LWEJH7,,"L3HARRIS TECHNOLOGIES, INC.",HARRIS CORPORATION,SJULQDJ8NZU7,SJULQDJ8NZU7,"L3HARRIS TECHNOLOGIES, INC",L3HARRIS TECHNOLOGIES  INC.,USA,NY,MONROE,ROCHESTER,NY-25,NY-25,146066219,UNITED STATES,NEW YORK,MONROE,NY-25,NY-25,146064248,,,6650,"OPTICAL INSTRUMENTS, TEST EQUIPMENT, COMPONENTS AND ACCESSORIES",333314,OPTICAL INSTRUMENT AND LENS MANUFACTURING,,,https://www.usaspending.gov/award/CONT_AWD_80GSFC19C0021_8000_-NONE-_-NONE-/,2025-01-29
National Aeronautics and Space Administration,National Aeronautics and Space Administration,FY2025P03,,080,2025,2026,,0120,000,080-2025/2026-0120-000,"Science, National Aeronautics and Space Administration",National Aeronautics and Space Administration,,"General Science, Space, and Technology","Space flight, research, and supporting activities",080-0120,"Science, National Aeronautics and Space Administration",0001,SCIENCE (DIRECT),25.5,Research and development contracts,D,Q,Not Designated Nonemergency/Emergency/Disaster/Wildfire Suppression,877.25,,,,CONT_AWD_80GSFC19C0021_8000_-NONE-_-NONE-,80GSFC19C0021,,,,2018-11-30,2019,2025-08-04,2025,2018-11-30,2027-01-31,,D,DEFINITIVE CONTRACT,,,"OPTICAL TELESCOPE ASSEMBLY (OTA) THIS CONTRACT PROVIDES FOR ALL EFFORTS AND RESPONSIBILITIES FOR THE PERSONNEL, SERVICES, MATERIALS, EQUIPMENT, AND FACILITIES NECESSARY TO BUILD, REFURBISH, OR MODIFY THE OTA AS REQUIRED TO MEET THE WIDE FIELD INFRARED SURVEY TELESCOPE (WFIRST) PERFORMANCE REQUIREMENTS.",080,NATIONAL AERONAUTICS AND SPACE ADMINISTRATION (NASA),8000,NATIONAL AERONAUTICS AND SPACE ADMINISTRATION,80GSFC,NASA GODDARD SPACE FLIGHT CENTER,080,NATIONAL AERONAUTICS AND SPACE ADMINISTRATION (NASA),8000,NATIONAL AERONAUTICS AND SPACE ADMINISTRATION,80GSFC,NASA GODDARD SPACE FLIGHT CENTER,JEGFV3LWEJH7,,"L3HARRIS TECHNOLOGIES, INC.",HARRIS CORPORATION,SJULQDJ8NZU7,SJULQDJ8NZU7,"L3HARRIS TECHNOLOGIES, INC",L3HARRIS TECHNOLOGIES  INC.,USA,NY,MONROE,ROCHESTER,NY-25,NY-25,146066219,UNITED STATES,NEW YORK,MONROE,NY-25,NY-25,146064248,,,6650,"OPTICAL INSTRUMENTS, TEST EQUIPMENT, COMPONENTS AND ACCESSORIES",333314,OPTICAL INSTRUMENT AND LENS MANUFACTURING,,,https://www.usaspending.gov/award/CONT_AWD_80GSFC19C0021_8000_-NONE-_-NONE-/,2025-01-29
National Aeronautics and Space Administration,National Aeronautics and Space Administration,FY2025P04,,080,2024,2025,,0120,000,080-2024/2025-0120-000,"Science, National Aeronautics and Space Administration",National Aeronautics and Space Administration,,"General Science, Space, and Technology","Space flight, research, and supporting activities",080-0120,"Science, National Aeronautics and Space Administration",0001,SCIENCE (DIRECT),25.5,Research and development contracts,D,Q,Not Designated Nonemergency/Emergency/Disaster/Wildfire Suppression,,6682465.97,0.00,0.00,CONT_AWD_80GSFC19C0021_8000_-NONE-_-NONE-,80GSFC19C0021,,,,2018-11-30,2019,2025-08-04,2025,2018-11-30,2027-01-31,,D,DEFINITIVE CONTRACT,,,"OPTICAL TELESCOPE ASSEMBLY (OTA) THIS CONTRACT PROVIDES FOR ALL EFFORTS AND RESPONSIBILITIES FOR THE PERSONNEL, SERVICES, MATERIALS, EQUIPMENT, AND FACILITIES NECESSARY TO BUILD, REFURBISH, OR MODIFY THE OTA AS REQUIRED TO MEET THE WIDE FIELD INFRARED SURVEY TELESCOPE (WFIRST) PERFORMANCE REQUIREMENTS.",080,NATIONAL AERONAUTICS AND SPACE ADMINISTRATION (NASA),8000,NATIONAL AERONAUTICS AND SPACE ADMINISTRATION,80GSFC,NASA GODDARD SPACE FLIGHT CENTER,080,NATIONAL AERONAUTICS AND SPACE ADMINISTRATION (NASA),8000,NATIONAL AERONAUTICS AND SPACE ADMINISTRATION,80GSFC,NASA GODDARD SPACE FLIGHT CENTER,JEGFV3LWEJH7,,"L3HARRIS TECHNOLOGIES, INC.",HARRIS CORPORATION,SJULQDJ8NZU7,SJULQDJ8NZU7,"L3HARRIS TECHNOLOGIES, INC",L3HARRIS TECHNOLOGIES  INC.,USA,NY,MONROE,ROCHESTER,NY-25,NY-25,146066219,UNITED STATES,NEW YORK,MONROE,NY-25,NY-25,146064248,,,6650,"OPTICAL INSTRUMENTS, TEST EQUIPMENT, COMPONENTS AND ACCESSORIES",333314,OPTICAL INSTRUMENT AND LENS MANUFACTURING,,,https://www.usaspending.gov/award/CONT_AWD_80GSFC19C0021_8000_-NONE-_-NONE-/,2025-02-28
National Aeronautics and Space Administration,National Aeronautics and Space Administration,FY2025P05,,080,2024,2025,,0120,000,080-2024/2025-0120-000,"Science, National Aeronautics and Space Administration",National Aeronautics and Space Administration,,"General Science, Space, and Technology","Space flight, research, and supporting activities",080-0120,"Science, National Aeronautics and Space Administration",0001,SCIENCE (DIRECT),25.5,Research and development contracts,D,Q,Not Designated Nonemergency/Emergency/Disaster/Wildfire Suppression,,7515637.31,0.00,0.00,CONT_AWD_80GSFC19C0021_8000_-NONE-_-NONE-,80GSFC19C0021,,,,2018-11-30,2019,2025-08-04,2025,2018-11-30,2027-01-31,,D,DEFINITIVE CONTRACT,,,"OPTICAL TELESCOPE ASSEMBLY (OTA) THIS CONTRACT PROVIDES FOR ALL EFFORTS AND RESPONSIBILITIES FOR THE PERSONNEL, SERVICES, MATERIALS, EQUIPMENT, AND FACILITIES NECESSARY TO BUILD, REFURBISH, OR MODIFY THE OTA AS REQUIRED TO MEET THE WIDE FIELD INFRARED SURVEY TELESCOPE (WFIRST) PERFORMANCE REQUIREMENTS.",080,NATIONAL AERONAUTICS AND SPACE ADMINISTRATION (NASA),8000,NATIONAL AERONAUTICS AND SPACE ADMINISTRATION,80GSFC,NASA GODDARD SPACE FLIGHT CENTER,080,NATIONAL AERONAUTICS AND SPACE ADMINISTRATION (NASA),8000,NATIONAL AERONAUTICS AND SPACE ADMINISTRATION,80GSFC,NASA GODDARD SPACE FLIGHT CENTER,JEGFV3LWEJH7,,"L3HARRIS TECHNOLOGIES, INC.",HARRIS CORPORATION,SJULQDJ8NZU7,SJULQDJ8NZU7,"L3HARRIS TECHNOLOGIES, INC",L3HARRIS TECHNOLOGIES  INC.,USA,NY,MONROE,ROCHESTER,NY-25,NY-25,146066219,UNITED STATES,NEW YORK,MONROE,NY-25,NY-25,146064248,,,6650,"OPTICAL INSTRUMENTS, TEST EQUIPMENT, COMPONENTS AND ACCESSORIES",333314,OPTICAL INSTRUMENT AND LENS MANUFACTURING,,,https://www.usaspending.gov/award/CONT_AWD_80GSFC19C0021_8000_-NONE-_-NONE-/,2025-03-31
National Aeronautics and Space Administration,National Aeronautics and Space Administration,FY2025P11,,080,2024,2025,,0120,000,080-2024/2025-0120-000,"Science, National Aeronautics and Space Administration",National Aeronautics and Space Administration,,"General Science, Space, and Technology","Space flight, research, and supporting activities",080-0120,"Science, National Aeronautics and Space Administration",0001,SCIENCE (DIRECT),25.5,Research and development contracts,D,Q,Not Designated Nonemergency/Emergency/Disaster/Wildfire Suppression,,12186100.55,0.00,0.00,CONT_AWD_80GSFC19C0021_8000_-NONE-_-NONE-,80GSFC19C0021,,,,2018-11-30,2019,2025-08-04,2025,2018-11-30,2027-01-31,,D,DEFINITIVE CONTRACT,,,"OPTICAL TELESCOPE ASSEMBLY (OTA) THIS CONTRACT PROVIDES FOR ALL EFFORTS AND RESPONSIBILITIES FOR THE PERSONNEL, SERVICES, MATERIALS, EQUIPMENT, AND FACILITIES NECESSARY TO BUILD, REFURBISH, OR MODIFY THE OTA AS REQUIRED TO MEET THE WIDE FIELD INFRARED SURVEY TELESCOPE (WFIRST) PERFORMANCE REQUIREMENTS.",080,NATIONAL AERONAUTICS AND SPACE ADMINISTRATION (NASA),8000,NATIONAL AERONAUTICS AND SPACE ADMINISTRATION,80GSFC,NASA GODDARD SPACE FLIGHT CENTER,080,NATIONAL AERONAUTICS AND SPACE ADMINISTRATION (NASA),8000,NATIONAL AERONAUTICS AND SPACE ADMINISTRATION,80GSFC,NASA GODDARD SPACE FLIGHT CENTER,JEGFV3LWEJH7,,"L3HARRIS TECHNOLOGIES, INC.",HARRIS CORPORATION,SJULQDJ8NZU7,SJULQDJ8NZU7,"L3HARRIS TECHNOLOGIES, INC",L3HARRIS TECHNOLOGIES  INC.,USA,NY,MONROE,ROCHESTER,NY-25,NY-25,146066219,UNITED STATES,NEW YORK,MONROE,NY-25,NY-25,146064248,,,6650,"OPTICAL INSTRUMENTS, TEST EQUIPMENT, COMPONENTS AND ACCESSORIES",333314,OPTICAL INSTRUMENT AND LENS MANUFACTURING,,,https://www.usaspending.gov/award/CONT_AWD_80GSFC19C0021_8000_-NONE-_-NONE-/,2025-09-29
