owning_agency_name,reporting_agency_name,submission_period,allocation_transfer_agency_identifier_code,agency_identifier_code,beginning_period_of_availability,ending_period_of_availability,availability_type_code,main_account_code,sub_account_code,treasury_account_symbol,treasury_account_name,agency_identifier_name,allocation_transfer_agency_identifier_name,budget_function,budget_subfunction,federal_account_symbol,federal_account_name,program_activity_code,program_activity_name,object_class_code,object_class_name,direct_or_reimbursable_funding_source,disaster_emergency_fund_code,disaster_emergency_fund_name,transaction_obligated_amount,gross_outlay_amount_FYB_to_period_end,USSGL487200_downward_adj_prior_year_prepaid_undeliv_order_oblig,USSGL497200_downward_adj_of_prior_year_paid_deliv_orders_oblig,award_unique_key,award_id_piid,parent_award_id_piid,award_id_fain,award_id_uri,award_base_action_date,award_base_action_date_fiscal_year,award_latest_action_date,award_latest_action_date_fiscal_year,period_of_performance_start_date,period_of_performance_current_end_date,ordering_period_end_date,award_type_code,award_type,idv_type_code,idv_type,prime_award_base_transaction_description,awarding_agency_code,awarding_agency_name,awarding_subagency_code,awarding_subagency_name,awarding_office_code,awarding_office_name,funding_agency_code,funding_agency_name,funding_sub_agency_code,funding_sub_agency_name,funding_office_code,funding_office_name,recipient_uei,recipient_duns,recipient_name,recipient_name_raw,recipient_parent_uei,recipient_parent_duns,recipient_parent_name,recipient_parent_name_raw,recipient_country,recipient_state,recipient_county,recipient_city,prime_award_summary_recipient_cd_original,prime_award_summary_recipient_cd_current,recipient_zip_code,primary_place_of_performance_country,primary_place_of_performance_state,primary_place_of_performance_county,prime_award_summary_place_of_performance_cd_original,prime_award_summary_place_of_performance_cd_current,primary_place_of_performance_zip_code,cfda_number,cfda_title,product_or_service_code,product_or_service_code_description,naics_code,naics_description,national_interest_action_code,national_interest_action,usaspending_permalink,last_modified_date
National Aeronautics and Space Administration,National Aeronautics and Space Administration,FY2025P06,,080,2025,2026,,0120,000,080-2025/2026-0120-000,"Science, National Aeronautics and Space Administration",National Aeronautics and Space Administration,,"General Science, Space, and Technology","Space flight, research, and supporting activities",080-0120,"Science, National Aeronautics and Space Administration",0001,SCIENCE (DIRECT),25.5,Research and development contracts,D,Q,Not Designated Nonemergency/Emergency/Disaster/Wildfire Suppression,,5334692.61,0.00,0.00,CONT_AWD_80NM0018F0629_8000_80NM0018D0004_8000,80NM0018F0629,80NM0018D0004,,,2018-07-27,2018,2025-07-21,2025,2018-10-01,2028-09-30,,C,DELIVERY ORDER,,,MARS RECONNAISSANCE ORBITER: PHASE E 62-10131,080,NATIONAL AERONAUTICS AND SPACE ADMINISTRATION (NASA),8000,NATIONAL AERONAUTICS AND SPACE ADMINISTRATION,80NM00,NASA MANAGEMENT OFFICE -- JPL,080,NATIONAL AERONAUTICS AND SPACE ADMINISTRATION (NASA),8000,NATIONAL AERONAUTICS AND SPACE ADMINISTRATION,80NM00,NASA MANAGEMENT OFFICE -- JPL,YC1YP79BFD19,,CALIFORNIA INSTITUTE OF TECHNOLOGY,CALIFORNIA INSTITUTE OF TECHNOLOGY,YC1YP79BFD19,YC1YP79BFD19,CALIFORNIA INSTITUTE OF TECHNOLOGY,CALIFORNIA INSTITUTE OF TECHNOLOGY,USA,CA,LOS ANGELES,PASADENA,CA-28,CA-28,911098001,UNITED STATES,CALIFORNIA,LOS ANGELES,CA-28,CA-28,911098099,,,AR22,R&D- SPACE: SCIENCE/APPLICATIONS (APPLIED RESEARCH/EXPLORATORY DEVELOPMENT),541715,"RESEARCH AND DEVELOPMENT IN THE PHYSICAL, ENGINEERING, AND LIFE SCIENCES (EXCEPT NANOTECHNOLOGY AND BIOTECHNOLOGY)",,,https://www.usaspending.gov/award/CONT_AWD_80NM0018F0629_8000_80NM0018D0004_8000/,2025-04-24
National Aeronautics and Space Administration,National Aeronautics and Space Administration,FY2025P06,,080,2024,2025,,0120,000,080-2024/2025-0120-000,"Science, National Aeronautics and Space Administration",National Aeronautics and Space Administration,,"General Science, Space, and Technology","Space flight, research, and supporting activities",080-0120,"Science, National Aeronautics and Space Administration",0001,SCIENCE (DIRECT),25.5,Research and development contracts,D,Q,Not Designated Nonemergency/Emergency/Disaster/Wildfire Suppression,,7233184.21,0.00,0.00,CONT_AWD_80NM0018F0629_8000_80NM0018D0004_8000,80NM0018F0629,80NM0018D0004,,,2018-07-27,2018,2025-07-21,2025,2018-10-01,2028-09-30,,C,DELIVERY ORDER,,,MARS RECONNAISSANCE ORBITER: PHASE E 62-10131,080,NATIONAL AERONAUTICS AND SPACE ADMINISTRATION (NASA),8000,NATIONAL AERONAUTICS AND SPACE ADMINISTRATION,80NM00,NASA MANAGEMENT OFFICE -- JPL,080,NATIONAL AERONAUTICS AND SPACE ADMINISTRATION (NASA),8000,NATIONAL AERONAUTICS AND SPACE ADMINISTRATION,80NM00,NASA MANAGEMENT OFFICE -- JPL,YC1YP79BFD19,,CALIFORNIA INSTITUTE OF TECHNOLOGY,CALIFORNIA INSTITUTE OF TECHNOLOGY,YC1YP79BFD19,YC1YP79BFD19,CALIFORNIA INSTITUTE OF TECHNOLOGY,CALIFORNIA INSTITUTE OF TECHNOLOGY,USA,CA,LOS ANGELES,PASADENA,CA-28,CA-28,911098001,UNITED STATES,CALIFORNIA,LOS ANGELES,CA-28,CA-28,911098099,,,AR22,R&D- SPACE: SCIENCE/APPLICATIONS (APPLIED RESEARCH/EXPLORATORY DEVELOPMENT),541715,"RESEARCH AND DEVELOPMENT IN THE PHYSICAL, ENGINEERING, AND LIFE SCIENCES (EXCEPT NANOTECHNOLOGY AND BIOTECHNOLOGY)",,,https://www.usaspending.gov/award/CONT_AWD_80NM0018F0629_8000_80NM0018D0004_8000/,2025-04-24
National Aeronautics and Space Administration,National Aeronautics and Space Administration,FY2025P07,,080,2024,2025,,0120,000,080-2024/2025-0120-000,"Science, National Aeronautics and Space Administration",National Aeronautics and Space Administration,,"General Science, Space, and Technology","Space flight, research, and supporting activities",080-0120,"Science, National Aeronautics and Space Administration",0001,SCIENCE (DIRECT),25.5,Research and development contracts,D,Q,Not Designated Nonemergency/Emergency/Disaster/Wildfire Suppression,,7233184.21,0.00,0.00,CONT_AWD_80NM0018F0629_8000_80NM0018D0004_8000,80NM0018F0629,80NM0018D0004,,,2018-07-27,2018,2025-07-21,2025,2018-10-01,2028-09-30,,C,DELIVERY ORDER,,,MARS RECONNAISSANCE ORBITER: PHASE E 62-10131,080,NATIONAL AERONAUTICS AND SPACE ADMINISTRATION (NASA),8000,NATIONAL AERONAUTICS AND SPACE ADMINISTRATION,80NM00,NASA MANAGEMENT OFFICE -- JPL,080,NATIONAL AERONAUTICS AND SPACE ADMINISTRATION (NASA),8000,NATIONAL AERONAUTICS AND SPACE ADMINISTRATION,80NM00,NASA MANAGEMENT OFFICE -- JPL,YC1YP79BFD19,,CALIFORNIA INSTITUTE OF TECHNOLOGY,CALIFORNIA INSTITUTE OF TECHNOLOGY,YC1YP79BFD19,YC1YP79BFD19,CALIFORNIA INSTITUTE OF TECHNOLOGY,CALIFORNIA INSTITUTE OF TECHNOLOGY,USA,CA,LOS ANGELES,PASADENA,CA-28,CA-28,911098001,UNITED STATES,CALIFORNIA,LOS ANGELES,CA-28,CA-28,911098099,,,AR22,R&D- SPACE: SCIENCE/APPLICATIONS (APPLIED RESEARCH/EXPLORATORY DEVELOPMENT),541715,"RESEARCH AND DEVELOPMENT IN THE PHYSICAL, ENGINEERING, AND LIFE SCIENCES (EXCEPT NANOTECHNOLOGY AND BIOTECHNOLOGY)",,,https://www.usaspending.gov/award/CONT_AWD_80NM0018F0629_8000_80NM0018D0004_8000/,2025-05-23
National Aeronautics and Space Administration,National Aeronautics and Space Administration,FY2025P07,,080,2025,2026,,0120,000,080-2025/2026-0120-000,"Science, National Aeronautics and Space Administration",National Aeronautics and Space Administration,,"General Science, Space, and Technology","Space flight, research, and supporting activities",080-0120,"Science, National Aeronautics and Space Administration",0001,SCIENCE (DIRECT),25.5,Research and development contracts,D,Q,Not Designated Nonemergency/Emergency/Disaster/Wildfire Suppression,,7221580.54,0.00,0.00,CONT_AWD_80NM0018F0629_8000_80NM0018D0004_8000,80NM0018F0629,80NM0018D0004,,,2018-07-27,2018,2025-07-21,2025,2018-10-01,2028-09-30,,C,DELIVERY ORDER,,,MARS RECONNAISSANCE ORBITER: PHASE E 62-10131,080,NATIONAL AERONAUTICS AND SPACE ADMINISTRATION (NASA),8000,NATIONAL AERONAUTICS AND SPACE ADMINISTRATION,80NM00,NASA MANAGEMENT OFFICE -- JPL,080,NATIONAL AERONAUTICS AND SPACE ADMINISTRATION (NASA),8000,NATIONAL AERONAUTICS AND SPACE ADMINISTRATION,80NM00,NASA MANAGEMENT OFFICE -- JPL,YC1YP79BFD19,,CALIFORNIA INSTITUTE OF TECHNOLOGY,CALIFORNIA INSTITUTE OF TECHNOLOGY,YC1YP79BFD19,YC1YP79BFD19,CALIFORNIA INSTITUTE OF TECHNOLOGY,CALIFORNIA INSTITUTE OF TECHNOLOGY,USA,CA,LOS ANGELES,PASADENA,CA-28,CA-28,911098001,UNITED STATES,CALIFORNIA,LOS ANGELES,CA-28,CA-28,911098099,,,AR22,R&D- SPACE: SCIENCE/APPLICATIONS (APPLIED RESEARCH/EXPLORATORY DEVELOPMENT),541715,"RESEARCH AND DEVELOPMENT IN THE PHYSICAL, ENGINEERING, AND LIFE SCIENCES (EXCEPT NANOTECHNOLOGY AND BIOTECHNOLOGY)",,,https://www.usaspending.gov/award/CONT_AWD_80NM0018F0629_8000_80NM0018D0004_8000/,2025-05-23
National Aeronautics and Space Administration,National Aeronautics and Space Administration,FY2025P07,,080,2025,2026,,0120,000,080-2025/2026-0120-000,"Science, National Aeronautics and Space Administration",National Aeronautics and Space Administration,,"General Science, Space, and Technology","Space flight, research, and supporting activities",080-0120,"Science, National Aeronautics and Space Administration",0001,SCIENCE (DIRECT),25.5,Research and development contracts,D,Q,Not Designated Nonemergency/Emergency/Disaster/Wildfire Suppression,2400000.00,,,,CONT_AWD_80NM0018F0629_8000_80NM0018D0004_8000,80NM0018F0629,80NM0018D0004,,,2018-07-27,2018,2025-07-21,2025,2018-10-01,2028-09-30,,C,DELIVERY ORDER,,,MARS RECONNAISSANCE ORBITER: PHASE E 62-10131,080,NATIONAL AERONAUTICS AND SPACE ADMINISTRATION (NASA),8000,NATIONAL AERONAUTICS AND SPACE ADMINISTRATION,80NM00,NASA MANAGEMENT OFFICE -- JPL,080,NATIONAL AERONAUTICS AND SPACE ADMINISTRATION (NASA),8000,NATIONAL AERONAUTICS AND SPACE ADMINISTRATION,80NM00,NASA MANAGEMENT OFFICE -- JPL,YC1YP79BFD19,,CALIFORNIA INSTITUTE OF TECHNOLOGY,CALIFORNIA INSTITUTE OF TECHNOLOGY,YC1YP79BFD19,YC1YP79BFD19,CALIFORNIA INSTITUTE OF TECHNOLOGY,CALIFORNIA INSTITUTE OF TECHNOLOGY,USA,CA,LOS ANGELES,PASADENA,CA-28,CA-28,911098001,UNITED STATES,CALIFORNIA,LOS ANGELES,CA-28,CA-28,911098099,,,AR22,R&D- SPACE: SCIENCE/APPLICATIONS (APPLIED RESEARCH/EXPLORATORY DEVELOPMENT),541715,"RESEARCH AND DEVELOPMENT IN THE PHYSICAL, ENGINEERING, AND LIFE SCIENCES (EXCEPT NANOTECHNOLOGY AND BIOTECHNOLOGY)",,,https://www.usaspending.gov/award/CONT_AWD_80NM0018F0629_8000_80NM0018D0004_8000/,2025-05-23
National Aeronautics and Space Administration,National Aeronautics and Space Administration,FY2025P07,,080,2025,2026,,0120,000,080-2025/2026-0120-000,"Science, National Aeronautics and Space Administration",National Aeronautics and Space Administration,,"General Science, Space, and Technology","Space flight, research, and supporting activities",080-0120,"Science, National Aeronautics and Space Administration",0001,SCIENCE (DIRECT),25.5,Research and development contracts,D,Q,Not Designated Nonemergency/Emergency/Disaster/Wildfire Suppression,1842334.00,,,,CONT_AWD_80NM0018F0629_8000_80NM0018D0004_8000,80NM0018F0629,80NM0018D0004,,,2018-07-27,2018,2025-07-21,2025,2018-10-01,2028-09-30,,C,DELIVERY ORDER,,,MARS RECONNAISSANCE ORBITER: PHASE E 62-10131,080,NATIONAL AERONAUTICS AND SPACE ADMINISTRATION (NASA),8000,NATIONAL AERONAUTICS AND SPACE ADMINISTRATION,80NM00,NASA MANAGEMENT OFFICE -- JPL,080,NATIONAL AERONAUTICS AND SPACE ADMINISTRATION (NASA),8000,NATIONAL AERONAUTICS AND SPACE ADMINISTRATION,80NM00,NASA MANAGEMENT OFFICE -- JPL,YC1YP79BFD19,,CALIFORNIA INSTITUTE OF TECHNOLOGY,CALIFORNIA INSTITUTE OF TECHNOLOGY,YC1YP79BFD19,YC1YP79BFD19,CALIFORNIA INSTITUTE OF TECHNOLOGY,CALIFORNIA INSTITUTE OF TECHNOLOGY,USA,CA,LOS ANGELES,PASADENA,CA-28,CA-28,911098001,UNITED STATES,CALIFORNIA,LOS ANGELES,CA-28,CA-28,911098099,,,AR22,R&D- SPACE: SCIENCE/APPLICATIONS (APPLIED RESEARCH/EXPLORATORY DEVELOPMENT),541715,"RESEARCH AND DEVELOPMENT IN THE PHYSICAL, ENGINEERING, AND LIFE SCIENCES (EXCEPT NANOTECHNOLOGY AND BIOTECHNOLOGY)",,,https://www.usaspending.gov/award/CONT_AWD_80NM0018F0629_8000_80NM0018D0004_8000/,2025-05-23
National Aeronautics and Space Administration,National Aeronautics and Space Administration,FY2025P08,,080,2025,2026,,0120,000,080-2025/2026-0120-000,"Science, National Aeronautics and Space Administration",National Aeronautics and Space Administration,,"General Science, Space, and Technology","Space flight, research, and supporting activities",080-0120,"Science, National Aeronautics and Space Administration",0001,SCIENCE (DIRECT),25.5,Research and development contracts,D,Q,Not Designated Nonemergency/Emergency/Disaster/Wildfire Suppression,,9748184.06,0.00,0.00,CONT_AWD_80NM0018F0629_8000_80NM0018D0004_8000,80NM0018F0629,80NM0018D0004,,,2018-07-27,2018,2025-07-21,2025,2018-10-01,2028-09-30,,C,DELIVERY ORDER,,,MARS RECONNAISSANCE ORBITER: PHASE E 62-10131,080,NATIONAL AERONAUTICS AND SPACE ADMINISTRATION (NASA),8000,NATIONAL AERONAUTICS AND SPACE ADMINISTRATION,80NM00,NASA MANAGEMENT OFFICE -- JPL,080,NATIONAL AERONAUTICS AND SPACE ADMINISTRATION (NASA),8000,NATIONAL AERONAUTICS AND SPACE ADMINISTRATION,80NM00,NASA MANAGEMENT OFFICE -- JPL,YC1YP79BFD19,,CALIFORNIA INSTITUTE OF TECHNOLOGY,CALIFORNIA INSTITUTE OF TECHNOLOGY,YC1YP79BFD19,YC1YP79BFD19,CALIFORNIA INSTITUTE OF TECHNOLOGY,CALIFORNIA INSTITUTE OF TECHNOLOGY,USA,CA,LOS ANGELES,PASADENA,CA-28,CA-28,911098001,UNITED STATES,CALIFORNIA,LOS ANGELES,CA-28,CA-28,911098099,,,AR22,R&D- SPACE: SCIENCE/APPLICATIONS (APPLIED RESEARCH/EXPLORATORY DEVELOPMENT),541715,"RESEARCH AND DEVELOPMENT IN THE PHYSICAL, ENGINEERING, AND LIFE SCIENCES (EXCEPT NANOTECHNOLOGY AND BIOTECHNOLOGY)",,,https://www.usaspending.gov/award/CONT_AWD_80NM0018F0629_8000_80NM0018D0004_8000/,2025-06-25
National Aeronautics and Space Administration,National Aeronautics and Space Administration,FY2025P08,,080,2025,2026,,0120,000,080-2025/2026-0120-000,"Science, National Aeronautics and Space Administration",National Aeronautics and Space Administration,,"General Science, Space, and Technology","Space flight, research, and supporting activities",080-0120,"Science, National Aeronautics and Space Administration",0001,SCIENCE (DIRECT),25.5,Research and development contracts,D,Q,Not Designated Nonemergency/Emergency/Disaster/Wildfire Suppression,3243878.00,,,,CONT_AWD_80NM0018F0629_8000_80NM0018D0004_8000,80NM0018F0629,80NM0018D0004,,,2018-07-27,2018,2025-07-21,2025,2018-10-01,2028-09-30,,C,DELIVERY ORDER,,,MARS RECONNAISSANCE ORBITER: PHASE E 62-10131,080,NATIONAL AERONAUTICS AND SPACE ADMINISTRATION (NASA),8000,NATIONAL AERONAUTICS AND SPACE ADMINISTRATION,80NM00,NASA MANAGEMENT OFFICE -- JPL,080,NATIONAL AERONAUTICS AND SPACE ADMINISTRATION (NASA),8000,NATIONAL AERONAUTICS AND SPACE ADMINISTRATION,80NM00,NASA MANAGEMENT OFFICE -- JPL,YC1YP79BFD19,,CALIFORNIA INSTITUTE OF TECHNOLOGY,CALIFORNIA INSTITUTE OF TECHNOLOGY,YC1YP79BFD19,YC1YP79BFD19,CALIFORNIA INSTITUTE OF TECHNOLOGY,CALIFORNIA INSTITUTE OF TECHNOLOGY,USA,CA,LOS ANGELES,PASADENA,CA-28,CA-28,911098001,UNITED STATES,CALIFORNIA,LOS ANGELES,CA-28,CA-28,911098099,,,AR22,R&D- SPACE: SCIENCE/APPLICATIONS (APPLIED RESEARCH/EXPLORATORY DEVELOPMENT),541715,"RESEARCH AND DEVELOPMENT IN THE PHYSICAL, ENGINEERING, AND LIFE SCIENCES (EXCEPT NANOTECHNOLOGY AND BIOTECHNOLOGY)",,,https://www.usaspending.gov/award/CONT_AWD_80NM0018F0629_8000_80NM0018D0004_8000/,2025-06-25
National Aeronautics and Space Administration,National Aeronautics and Space Administration,FY2025P08,,080,2024,2025,,0120,000,080-2024/2025-0120-000,"Science, National Aeronautics and Space Administration",National Aeronautics and Space Administration,,"General Science, Space, and Technology","Space flight, research, and supporting activities",080-0120,"Science, National Aeronautics and Space Administration",0001,SCIENCE (DIRECT),25.5,Research and development contracts,D,Q,Not Designated Nonemergency/Emergency/Disaster/Wildfire Suppression,,7233184.21,0.00,0.00,CONT_AWD_80NM0018F0629_8000_80NM0018D0004_8000,80NM0018F0629,80NM0018D0004,,,2018-07-27,2018,2025-07-21,2025,2018-10-01,2028-09-30,,C,DELIVERY ORDER,,,MARS RECONNAISSANCE ORBITER: PHASE E 62-10131,080,NATIONAL AERONAUTICS AND SPACE ADMINISTRATION (NASA),8000,NATIONAL AERONAUTICS AND SPACE ADMINISTRATION,80NM00,NASA MANAGEMENT OFFICE -- JPL,080,NATIONAL AERONAUTICS AND SPACE ADMINISTRATION (NASA),8000,NATIONAL AERONAUTICS AND SPACE ADMINISTRATION,80NM00,NASA MANAGEMENT OFFICE -- JPL,YC1YP79BFD19,,CALIFORNIA INSTITUTE OF TECHNOLOGY,CALIFORNIA INSTITUTE OF TECHNOLOGY,YC1YP79BFD19,YC1YP79BFD19,CALIFORNIA INSTITUTE OF TECHNOLOGY,CALIFORNIA INSTITUTE OF TECHNOLOGY,USA,CA,LOS ANGELES,PASADENA,CA-28,CA-28,911098001,UNITED STATES,CALIFORNIA,LOS ANGELES,CA-28,CA-28,911098099,,,AR22,R&D- SPACE: SCIENCE/APPLICATIONS (APPLIED RESEARCH/EXPLORATORY DEVELOPMENT),541715,"RESEARCH AND DEVELOPMENT IN THE PHYSICAL, ENGINEERING, AND LIFE SCIENCES (EXCEPT NANOTECHNOLOGY AND BIOTECHNOLOGY)",,,https://www.usaspending.gov/award/CONT_AWD_80NM0018F0629_8000_80NM0018D0004_8000/,2025-06-25
National Aeronautics and Space Administration,National Aeronautics and Space Administration,FY2025P09,,080,2025,2026,,0120,000,080-2025/2026-0120-000,"Science, National Aeronautics and Space Administration",National Aeronautics and Space Administration,,"General Science, Space, and Technology","Space flight, research, and supporting activities",080-0120,"Science, National Aeronautics and Space Administration",0001,SCIENCE (DIRECT),25.5,Research and development contracts,D,Q,Not Designated Nonemergency/Emergency/Disaster/Wildfire Suppression,,12049396.71,0.00,0.00,CONT_AWD_80NM0018F0629_8000_80NM0018D0004_8000,80NM0018F0629,80NM0018D0004,,,2018-07-27,2018,2025-07-21,2025,2018-10-01,2028-09-30,,C,DELIVERY ORDER,,,MARS RECONNAISSANCE ORBITER: PHASE E 62-10131,080,NATIONAL AERONAUTICS AND SPACE ADMINISTRATION (NASA),8000,NATIONAL AERONAUTICS AND SPACE ADMINISTRATION,80NM00,NASA MANAGEMENT OFFICE -- JPL,080,NATIONAL AERONAUTICS AND SPACE ADMINISTRATION (NASA),8000,NATIONAL AERONAUTICS AND SPACE ADMINISTRATION,80NM00,NASA MANAGEMENT OFFICE -- JPL,YC1YP79BFD19,,CALIFORNIA INSTITUTE OF TECHNOLOGY,CALIFORNIA INSTITUTE OF TECHNOLOGY,YC1YP79BFD19,YC1YP79BFD19,CALIFORNIA INSTITUTE OF TECHNOLOGY,CALIFORNIA INSTITUTE OF TECHNOLOGY,USA,CA,LOS ANGELES,PASADENA,CA-28,CA-28,911098001,UNITED STATES,CALIFORNIA,LOS ANGELES,CA-28,CA-28,911098099,,,AR22,R&D- SPACE: SCIENCE/APPLICATIONS (APPLIED RESEARCH/EXPLORATORY DEVELOPMENT),541715,"RESEARCH AND DEVELOPMENT IN THE PHYSICAL, ENGINEERING, AND LIFE SCIENCES (EXCEPT NANOTECHNOLOGY AND BIOTECHNOLOGY)",,,https://www.usaspending.gov/award/CONT_AWD_80NM0018F0629_8000_80NM0018D0004_8000/,2025-07-31
National Aeronautics and Space Administration,National Aeronautics and Space Administration,FY2025P09,,080,2024,2025,,0120,000,080-2024/2025-0120-000,"Science, National Aeronautics and Space Administration",National Aeronautics and Space Administration,,"General Science, Space, and Technology","Space flight, research, and supporting activities",080-0120,"Science, National Aeronautics and Space Administration",0001,SCIENCE (DIRECT),25.5,Research and development contracts,D,Q,Not Designated Nonemergency/Emergency/Disaster/Wildfire Suppression,,7233184.21,0.00,0.00,CONT_AWD_80NM0018F0629_8000_80NM0018D0004_8000,80NM0018F0629,80NM0018D0004,,,2018-07-27,2018,2025-07-21,2025,2018-10-01,2028-09-30,,C,DELIVERY ORDER,,,MARS RECONNAISSANCE ORBITER: PHASE E 62-10131,080,NATIONAL AERONAUTICS AND SPACE ADMINISTRATION (NASA),8000,NATIONAL AERONAUTICS AND SPACE ADMINISTRATION,80NM00,NASA MANAGEMENT OFFICE -- JPL,080,NATIONAL AERONAUTICS AND SPACE ADMINISTRATION (NASA),8000,NATIONAL AERONAUTICS AND SPACE ADMINISTRATION,80NM00,NASA MANAGEMENT OFFICE -- JPL,YC1YP79BFD19,,CALIFORNIA INSTITUTE OF TECHNOLOGY,CALIFORNIA INSTITUTE OF TECHNOLOGY,YC1YP79BFD19,YC1YP79BFD19,CALIFORNIA INSTITUTE OF TECHNOLOGY,CALIFORNIA INSTITUTE OF TECHNOLOGY,USA,CA,LOS ANGELES,PASADENA,CA-28,CA-28,911098001,UNITED STATES,CALIFORNIA,LOS ANGELES,CA-28,CA-28,911098099,,,AR22,R&D- SPACE: SCIENCE/APPLICATIONS (APPLIED RESEARCH/EXPLORATORY DEVELOPMENT),541715,"RESEARCH AND DEVELOPMENT IN THE PHYSICAL, ENGINEERING, AND LIFE SCIENCES (EXCEPT NANOTECHNOLOGY AND BIOTECHNOLOGY)",,,https://www.usaspending.gov/award/CONT_AWD_80NM0018F0629_8000_80NM0018D0004_8000/,2025-07-31
National Aeronautics and Space Administration,National Aeronautics and Space Administration,FY2025P10,,080,2025,2026,,0120,000,080-2025/2026-0120-000,"Science, National Aeronautics and Space Administration",National Aeronautics and Space Administration,,"General Science, Space, and Technology","Space flight, research, and supporting activities",080-0120,"Science, National Aeronautics and Space Administration",0001,SCIENCE (DIRECT),25.5,Research and development contracts,D,Q,Not Designated Nonemergency/Emergency/Disaster/Wildfire Suppression,,13068980.54,0.00,0.00,CONT_AWD_80NM0018F0629_8000_80NM0018D0004_8000,80NM0018F0629,80NM0018D0004,,,2018-07-27,2018,2025-07-21,2025,2018-10-01,2028-09-30,,C,DELIVERY ORDER,,,MARS RECONNAISSANCE ORBITER: PHASE E 62-10131,080,NATIONAL AERONAUTICS AND SPACE ADMINISTRATION (NASA),8000,NATIONAL AERONAUTICS AND SPACE ADMINISTRATION,80NM00,NASA MANAGEMENT OFFICE -- JPL,080,NATIONAL AERONAUTICS AND SPACE ADMINISTRATION (NASA),8000,NATIONAL AERONAUTICS AND SPACE ADMINISTRATION,80NM00,NASA MANAGEMENT OFFICE -- JPL,YC1YP79BFD19,,CALIFORNIA INSTITUTE OF TECHNOLOGY,CALIFORNIA INSTITUTE OF TECHNOLOGY,YC1YP79BFD19,YC1YP79BFD19,CALIFORNIA INSTITUTE OF TECHNOLOGY,CALIFORNIA INSTITUTE OF TECHNOLOGY,USA,CA,LOS ANGELES,PASADENA,CA-28,CA-28,911098001,UNITED STATES,CALIFORNIA,LOS ANGELES,CA-28,CA-28,911098099,,,AR22,R&D- SPACE: SCIENCE/APPLICATIONS (APPLIED RESEARCH/EXPLORATORY DEVELOPMENT),541715,"RESEARCH AND DEVELOPMENT IN THE PHYSICAL, ENGINEERING, AND LIFE SCIENCES (EXCEPT NANOTECHNOLOGY AND BIOTECHNOLOGY)",,,https://www.usaspending.gov/award/CONT_AWD_80NM0018F0629_8000_80NM0018D0004_8000/,2025-09-12
National Aeronautics and Space Administration,National Aeronautics and Space Administration,FY2025P10,,080,2025,2026,,0120,000,080-2025/2026-0120-000,"Science, National Aeronautics and Space Administration",National Aeronautics and Space Administration,,"General Science, Space, and Technology","Space flight, research, and supporting activities",080-0120,"Science, National Aeronautics and Space Administration",0001,SCIENCE (DIRECT),25.5,Research and development contracts,D,Q,Not Designated Nonemergency/Emergency/Disaster/Wildfire Suppression,4680487.00,,,,CONT_AWD_80NM0018F0629_8000_80NM0018D0004_8000,80NM0018F0629,80NM0018D0004,,,2018-07-27,2018,2025-07-21,2025,2018-10-01,2028-09-30,,C,DELIVERY ORDER,,,MARS RECONNAISSANCE ORBITER: PHASE E 62-10131,080,NATIONAL AERONAUTICS AND SPACE ADMINISTRATION (NASA),8000,NATIONAL AERONAUTICS AND SPACE ADMINISTRATION,80NM00,NASA MANAGEMENT OFFICE -- JPL,080,NATIONAL AERONAUTICS AND SPACE ADMINISTRATION (NASA),8000,NATIONAL AERONAUTICS AND SPACE ADMINISTRATION,80NM00,NASA MANAGEMENT OFFICE -- JPL,YC1YP79BFD19,,CALIFORNIA INSTITUTE OF TECHNOLOGY,CALIFORNIA INSTITUTE OF TECHNOLOGY,YC1YP79BFD19,YC1YP79BFD19,CALIFORNIA INSTITUTE OF TECHNOLOGY,CALIFORNIA INSTITUTE OF TECHNOLOGY,USA,CA,LOS ANGELES,PASADENA,CA-28,CA-28,911098001,UNITED STATES,CALIFORNIA,LOS ANGELES,CA-28,CA-28,911098099,,,AR22,R&D- SPACE: SCIENCE/APPLICATIONS (APPLIED RESEARCH/EXPLORATORY DEVELOPMENT),541715,"RESEARCH AND DEVELOPMENT IN THE PHYSICAL, ENGINEERING, AND LIFE SCIENCES (EXCEPT NANOTECHNOLOGY AND BIOTECHNOLOGY)",,,https://www.usaspending.gov/award/CONT_AWD_80NM0018F0629_8000_80NM0018D0004_8000/,2025-09-12
National Aeronautics and Space Administration,National Aeronautics and Space Administration,FY2025P10,,080,2025,2026,,0120,000,080-2025/2026-0120-000,"Science, National Aeronautics and Space Administration",National Aeronautics and Space Administration,,"General Science, Space, and Technology","Space flight, research, and supporting activities",080-0120,"Science, National Aeronautics and Space Administration",0001,SCIENCE (DIRECT),25.5,Research and development contracts,D,Q,Not Designated Nonemergency/Emergency/Disaster/Wildfire Suppression,15500.00,,,,CONT_AWD_80NM0018F0629_8000_80NM0018D0004_8000,80NM0018F0629,80NM0018D0004,,,2018-07-27,2018,2025-07-21,2025,2018-10-01,2028-09-30,,C,DELIVERY ORDER,,,MARS RECONNAISSANCE ORBITER: PHASE E 62-10131,080,NATIONAL AERONAUTICS AND SPACE ADMINISTRATION (NASA),8000,NATIONAL AERONAUTICS AND SPACE ADMINISTRATION,80NM00,NASA MANAGEMENT OFFICE -- JPL,080,NATIONAL AERONAUTICS AND SPACE ADMINISTRATION (NASA),8000,NATIONAL AERONAUTICS AND SPACE ADMINISTRATION,80NM00,NASA MANAGEMENT OFFICE -- JPL,YC1YP79BFD19,,CALIFORNIA INSTITUTE OF TECHNOLOGY,CALIFORNIA INSTITUTE OF TECHNOLOGY,YC1YP79BFD19,YC1YP79BFD19,CALIFORNIA INSTITUTE OF TECHNOLOGY,CALIFORNIA INSTITUTE OF TECHNOLOGY,USA,CA,LOS ANGELES,PASADENA,CA-28,CA-28,911098001,UNITED STATES,CALIFORNIA,LOS ANGELES,CA-28,CA-28,911098099,,,AR22,R&D- SPACE: SCIENCE/APPLICATIONS (APPLIED RESEARCH/EXPLORATORY DEVELOPMENT),541715,"RESEARCH AND DEVELOPMENT IN THE PHYSICAL, ENGINEERING, AND LIFE SCIENCES (EXCEPT NANOTECHNOLOGY AND BIOTECHNOLOGY)",,,https://www.usaspending.gov/award/CONT_AWD_80NM0018F0629_8000_80NM0018D0004_8000/,2025-09-12
National Aeronautics and Space Administration,National Aeronautics and Space Administration,FY2025P10,,080,2024,2025,,0120,000,080-2024/2025-0120-000,"Science, National Aeronautics and Space Administration",National Aeronautics and Space Administration,,"General Science, Space, and Technology","Space flight, research, and supporting activities",080-0120,"Science, National Aeronautics and Space Administration",0001,SCIENCE (DIRECT),25.5,Research and development contracts,D,Q,Not Designated Nonemergency/Emergency/Disaster/Wildfire Suppression,26069.00,,,,CONT_AWD_80NM0018F0629_8000_80NM0018D0004_8000,80NM0018F0629,80NM0018D0004,,,2018-07-27,2018,2025-07-21,2025,2018-10-01,2028-09-30,,C,DELIVERY ORDER,,,MARS RECONNAISSANCE ORBITER: PHASE E 62-10131,080,NATIONAL AERONAUTICS AND SPACE ADMINISTRATION (NASA),8000,NATIONAL AERONAUTICS AND SPACE ADMINISTRATION,80NM00,NASA MANAGEMENT OFFICE -- JPL,080,NATIONAL AERONAUTICS AND SPACE ADMINISTRATION (NASA),8000,NATIONAL AERONAUTICS AND SPACE ADMINISTRATION,80NM00,NASA MANAGEMENT OFFICE -- JPL,YC1YP79BFD19,,CALIFORNIA INSTITUTE OF TECHNOLOGY,CALIFORNIA INSTITUTE OF TECHNOLOGY,YC1YP79BFD19,YC1YP79BFD19,CALIFORNIA INSTITUTE OF TECHNOLOGY,CALIFORNIA INSTITUTE OF TECHNOLOGY,USA,CA,LOS ANGELES,PASADENA,CA-28,CA-28,911098001,UNITED STATES,CALIFORNIA,LOS ANGELES,CA-28,CA-28,911098099,,,AR22,R&D- SPACE: SCIENCE/APPLICATIONS (APPLIED RESEARCH/EXPLORATORY DEVELOPMENT),541715,"RESEARCH AND DEVELOPMENT IN THE PHYSICAL, ENGINEERING, AND LIFE SCIENCES (EXCEPT NANOTECHNOLOGY AND BIOTECHNOLOGY)",,,https://www.usaspending.gov/award/CONT_AWD_80NM0018F0629_8000_80NM0018D0004_8000/,2025-09-12
National Aeronautics and Space Administration,National Aeronautics and Space Administration,FY2025P10,,080,2024,2025,,0120,000,080-2024/2025-0120-000,"Science, National Aeronautics and Space Administration",National Aeronautics and Space Administration,,"General Science, Space, and Technology","Space flight, research, and supporting activities",080-0120,"Science, National Aeronautics and Space Administration",0001,SCIENCE (DIRECT),25.5,Research and development contracts,D,Q,Not Designated Nonemergency/Emergency/Disaster/Wildfire Suppression,,7259253.21,0.00,0.00,CONT_AWD_80NM0018F0629_8000_80NM0018D0004_8000,80NM0018F0629,80NM0018D0004,,,2018-07-27,2018,2025-07-21,2025,2018-10-01,2028-09-30,,C,DELIVERY ORDER,,,MARS RECONNAISSANCE ORBITER: PHASE E 62-10131,080,NATIONAL AERONAUTICS AND SPACE ADMINISTRATION (NASA),8000,NATIONAL AERONAUTICS AND SPACE ADMINISTRATION,80NM00,NASA MANAGEMENT OFFICE -- JPL,080,NATIONAL AERONAUTICS AND SPACE ADMINISTRATION (NASA),8000,NATIONAL AERONAUTICS AND SPACE ADMINISTRATION,80NM00,NASA MANAGEMENT OFFICE -- JPL,YC1YP79BFD19,,CALIFORNIA INSTITUTE OF TECHNOLOGY,CALIFORNIA INSTITUTE OF TECHNOLOGY,YC1YP79BFD19,YC1YP79BFD19,CALIFORNIA INSTITUTE OF TECHNOLOGY,CALIFORNIA INSTITUTE OF TECHNOLOGY,USA,CA,LOS ANGELES,PASADENA,CA-28,CA-28,911098001,UNITED STATES,CALIFORNIA,LOS ANGELES,CA-28,CA-28,911098099,,,AR22,R&D- SPACE: SCIENCE/APPLICATIONS (APPLIED RESEARCH/EXPLORATORY DEVELOPMENT),541715,"RESEARCH AND DEVELOPMENT IN THE PHYSICAL, ENGINEERING, AND LIFE SCIENCES (EXCEPT NANOTECHNOLOGY AND BIOTECHNOLOGY)",,,https://www.usaspending.gov/award/CONT_AWD_80NM0018F0629_8000_80NM0018D0004_8000/,2025-09-12
National Aeronautics and Space Administration,National Aeronautics and Space Administration,FY2020Q1,,080,2020,2021,,0120,000,080-2020/2021-0120-000,"Science, National Aeronautics and Space Administration",National Aeronautics and Space Administration,,"General Science, Space, and Technology","Space flight, research, and supporting activities",080-0120,"Science, National Aeronautics and Space Administration",0001,SCIENCE (DIRECT),25.5,Research and development contracts,D,,,3335484.00,,,,CONT_AWD_80NM0018F0629_8000_80NM0018D0004_8000,80NM0018F0629,80NM0018D0004,,,2018-07-27,2018,2025-07-21,2025,2018-10-01,2028-09-30,,C,DELIVERY ORDER,,,MARS RECONNAISSANCE ORBITER: PHASE E 62-10131,080,NATIONAL AERONAUTICS AND SPACE ADMINISTRATION (NASA),8000,NATIONAL AERONAUTICS AND SPACE ADMINISTRATION,80NM00,NASA MANAGEMENT OFFICE -- JPL,080,NATIONAL AERONAUTICS AND SPACE ADMINISTRATION (NASA),8000,NATIONAL AERONAUTICS AND SPACE ADMINISTRATION,80NM00,NASA MANAGEMENT OFFICE -- JPL,YC1YP79BFD19,,CALIFORNIA INSTITUTE OF TECHNOLOGY,CALIFORNIA INSTITUTE OF TECHNOLOGY,YC1YP79BFD19,YC1YP79BFD19,CALIFORNIA INSTITUTE OF TECHNOLOGY,CALIFORNIA INSTITUTE OF TECHNOLOGY,USA,CA,LOS ANGELES,PASADENA,CA-28,CA-28,911098001,UNITED STATES,CALIFORNIA,LOS ANGELES,CA-28,CA-28,911098099,,,AR22,R&D- SPACE: SCIENCE/APPLICATIONS (APPLIED RESEARCH/EXPLORATORY DEVELOPMENT),541715,"RESEARCH AND DEVELOPMENT IN THE PHYSICAL, ENGINEERING, AND LIFE SCIENCES (EXCEPT NANOTECHNOLOGY AND BIOTECHNOLOGY)",,,https://www.usaspending.gov/award/CONT_AWD_80NM0018F0629_8000_80NM0018D0004_8000/,2020-02-03
National Aeronautics and Space Administration,National Aeronautics and Space Administration,FY2020Q1,,080,2020,2021,,0120,000,080-2020/2021-0120-000,"Science, National Aeronautics and Space Administration",National Aeronautics and Space Administration,,"General Science, Space, and Technology","Space flight, research, and supporting activities",080-0120,"Science, National Aeronautics and Space Administration",0001,SCIENCE (DIRECT),25.5,Research and development contracts,D,,,580000.00,,,,CONT_AWD_80NM0018F0629_8000_80NM0018D0004_8000,80NM0018F0629,80NM0018D0004,,,2018-07-27,2018,2025-07-21,2025,2018-10-01,2028-09-30,,C,DELIVERY ORDER,,,MARS RECONNAISSANCE ORBITER: PHASE E 62-10131,080,NATIONAL AERONAUTICS AND SPACE ADMINISTRATION (NASA),8000,NATIONAL AERONAUTICS AND SPACE ADMINISTRATION,80NM00,NASA MANAGEMENT OFFICE -- JPL,080,NATIONAL AERONAUTICS AND SPACE ADMINISTRATION (NASA),8000,NATIONAL AERONAUTICS AND SPACE ADMINISTRATION,80NM00,NASA MANAGEMENT OFFICE -- JPL,YC1YP79BFD19,,CALIFORNIA INSTITUTE OF TECHNOLOGY,CALIFORNIA INSTITUTE OF TECHNOLOGY,YC1YP79BFD19,YC1YP79BFD19,CALIFORNIA INSTITUTE OF TECHNOLOGY,CALIFORNIA INSTITUTE OF TECHNOLOGY,USA,CA,LOS ANGELES,PASADENA,CA-28,CA-28,911098001,UNITED STATES,CALIFORNIA,LOS ANGELES,CA-28,CA-28,911098099,,,AR22,R&D- SPACE: SCIENCE/APPLICATIONS (APPLIED RESEARCH/EXPLORATORY DEVELOPMENT),541715,"RESEARCH AND DEVELOPMENT IN THE PHYSICAL, ENGINEERING, AND LIFE SCIENCES (EXCEPT NANOTECHNOLOGY AND BIOTECHNOLOGY)",,,https://www.usaspending.gov/award/CONT_AWD_80NM0018F0629_8000_80NM0018D0004_8000/,2020-02-03
National Aeronautics and Space Administration,National Aeronautics and Space Administration,FY2020Q1,,080,2020,2021,,0120,000,080-2020/2021-0120-000,"Science, National Aeronautics and Space Administration",National Aeronautics and Space Administration,,"General Science, Space, and Technology","Space flight, research, and supporting activities",080-0120,"Science, National Aeronautics and Space Administration",0001,SCIENCE (DIRECT),25.5,Research and development contracts,D,,,3118820.00,,,,CONT_AWD_80NM0018F0629_8000_80NM0018D0004_8000,80NM0018F0629,80NM0018D0004,,,2018-07-27,2018,2025-07-21,2025,2018-10-01,2028-09-30,,C,DELIVERY ORDER,,,MARS RECONNAISSANCE ORBITER: PHASE E 62-10131,080,NATIONAL AERONAUTICS AND SPACE ADMINISTRATION (NASA),8000,NATIONAL AERONAUTICS AND SPACE ADMINISTRATION,80NM00,NASA MANAGEMENT OFFICE -- JPL,080,NATIONAL AERONAUTICS AND SPACE ADMINISTRATION (NASA),8000,NATIONAL AERONAUTICS AND SPACE ADMINISTRATION,80NM00,NASA MANAGEMENT OFFICE -- JPL,YC1YP79BFD19,,CALIFORNIA INSTITUTE OF TECHNOLOGY,CALIFORNIA INSTITUTE OF TECHNOLOGY,YC1YP79BFD19,YC1YP79BFD19,CALIFORNIA INSTITUTE OF TECHNOLOGY,CALIFORNIA INSTITUTE OF TECHNOLOGY,USA,CA,LOS ANGELES,PASADENA,CA-28,CA-28,911098001,UNITED STATES,CALIFORNIA,LOS ANGELES,CA-28,CA-28,911098099,,,AR22,R&D- SPACE: SCIENCE/APPLICATIONS (APPLIED RESEARCH/EXPLORATORY DEVELOPMENT),541715,"RESEARCH AND DEVELOPMENT IN THE PHYSICAL, ENGINEERING, AND LIFE SCIENCES (EXCEPT NANOTECHNOLOGY AND BIOTECHNOLOGY)",,,https://www.usaspending.gov/award/CONT_AWD_80NM0018F0629_8000_80NM0018D0004_8000/,2020-02-03
National Aeronautics and Space Administration,National Aeronautics and Space Administration,FY2020Q2,,080,2020,2021,,0120,000,080-2020/2021-0120-000,"Science, National Aeronautics and Space Administration",National Aeronautics and Space Administration,,"General Science, Space, and Technology","Space flight, research, and supporting activities",080-0120,"Science, National Aeronautics and Space Administration",0001,SCIENCE (DIRECT),25.5,Research and development contracts,D,,,2780000.00,,,,CONT_AWD_80NM0018F0629_8000_80NM0018D0004_8000,80NM0018F0629,80NM0018D0004,,,2018-07-27,2018,2025-07-21,2025,2018-10-01,2028-09-30,,C,DELIVERY ORDER,,,MARS RECONNAISSANCE ORBITER: PHASE E 62-10131,080,NATIONAL AERONAUTICS AND SPACE ADMINISTRATION (NASA),8000,NATIONAL AERONAUTICS AND SPACE ADMINISTRATION,80NM00,NASA MANAGEMENT OFFICE -- JPL,080,NATIONAL AERONAUTICS AND SPACE ADMINISTRATION (NASA),8000,NATIONAL AERONAUTICS AND SPACE ADMINISTRATION,80NM00,NASA MANAGEMENT OFFICE -- JPL,YC1YP79BFD19,,CALIFORNIA INSTITUTE OF TECHNOLOGY,CALIFORNIA INSTITUTE OF TECHNOLOGY,YC1YP79BFD19,YC1YP79BFD19,CALIFORNIA INSTITUTE OF TECHNOLOGY,CALIFORNIA INSTITUTE OF TECHNOLOGY,USA,CA,LOS ANGELES,PASADENA,CA-28,CA-28,911098001,UNITED STATES,CALIFORNIA,LOS ANGELES,CA-28,CA-28,911098099,,,AR22,R&D- SPACE: SCIENCE/APPLICATIONS (APPLIED RESEARCH/EXPLORATORY DEVELOPMENT),541715,"RESEARCH AND DEVELOPMENT IN THE PHYSICAL, ENGINEERING, AND LIFE SCIENCES (EXCEPT NANOTECHNOLOGY AND BIOTECHNOLOGY)",,,https://www.usaspending.gov/award/CONT_AWD_80NM0018F0629_8000_80NM0018D0004_8000/,2020-05-15
National Aeronautics and Space Administration,National Aeronautics and Space Administration,FY2020Q2,,080,2020,2021,,0120,000,080-2020/2021-0120-000,"Science, National Aeronautics and Space Administration",National Aeronautics and Space Administration,,"General Science, Space, and Technology","Space flight, research, and supporting activities",080-0120,"Science, National Aeronautics and Space Administration",0001,SCIENCE (DIRECT),25.5,Research and development contracts,D,,,11000000.00,,,,CONT_AWD_80NM0018F0629_8000_80NM0018D0004_8000,80NM0018F0629,80NM0018D0004,,,2018-07-27,2018,2025-07-21,2025,2018-10-01,2028-09-30,,C,DELIVERY ORDER,,,MARS RECONNAISSANCE ORBITER: PHASE E 62-10131,080,NATIONAL AERONAUTICS AND SPACE ADMINISTRATION (NASA),8000,NATIONAL AERONAUTICS AND SPACE ADMINISTRATION,80NM00,NASA MANAGEMENT OFFICE -- JPL,080,NATIONAL AERONAUTICS AND SPACE ADMINISTRATION (NASA),8000,NATIONAL AERONAUTICS AND SPACE ADMINISTRATION,80NM00,NASA MANAGEMENT OFFICE -- JPL,YC1YP79BFD19,,CALIFORNIA INSTITUTE OF TECHNOLOGY,CALIFORNIA INSTITUTE OF TECHNOLOGY,YC1YP79BFD19,YC1YP79BFD19,CALIFORNIA INSTITUTE OF TECHNOLOGY,CALIFORNIA INSTITUTE OF TECHNOLOGY,USA,CA,LOS ANGELES,PASADENA,CA-28,CA-28,911098001,UNITED STATES,CALIFORNIA,LOS ANGELES,CA-28,CA-28,911098099,,,AR22,R&D- SPACE: SCIENCE/APPLICATIONS (APPLIED RESEARCH/EXPLORATORY DEVELOPMENT),541715,"RESEARCH AND DEVELOPMENT IN THE PHYSICAL, ENGINEERING, AND LIFE SCIENCES (EXCEPT NANOTECHNOLOGY AND BIOTECHNOLOGY)",,,https://www.usaspending.gov/award/CONT_AWD_80NM0018F0629_8000_80NM0018D0004_8000/,2020-05-15
National Aeronautics and Space Administration,National Aeronautics and Space Administration,FY2020P10,,080,2020,2021,,0120,000,080-2020/2021-0120-000,"Science, National Aeronautics and Space Administration",National Aeronautics and Space Administration,,"General Science, Space, and Technology","Space flight, research, and supporting activities",080-0120,"Science, National Aeronautics and Space Administration",0001,SCIENCE (DIRECT),25.5,Research and development contracts,D,Q,Not Designated Nonemergency/Emergency/Disaster/Wildfire Suppression,,13661906.48,,,CONT_AWD_80NM0018F0629_8000_80NM0018D0004_8000,80NM0018F0629,80NM0018D0004,,,2018-07-27,2018,2025-07-21,2025,2018-10-01,2028-09-30,,C,DELIVERY ORDER,,,MARS RECONNAISSANCE ORBITER: PHASE E 62-10131,080,NATIONAL AERONAUTICS AND SPACE ADMINISTRATION (NASA),8000,NATIONAL AERONAUTICS AND SPACE ADMINISTRATION,80NM00,NASA MANAGEMENT OFFICE -- JPL,080,NATIONAL AERONAUTICS AND SPACE ADMINISTRATION (NASA),8000,NATIONAL AERONAUTICS AND SPACE ADMINISTRATION,80NM00,NASA MANAGEMENT OFFICE -- JPL,YC1YP79BFD19,,CALIFORNIA INSTITUTE OF TECHNOLOGY,CALIFORNIA INSTITUTE OF TECHNOLOGY,YC1YP79BFD19,YC1YP79BFD19,CALIFORNIA INSTITUTE OF TECHNOLOGY,CALIFORNIA INSTITUTE OF TECHNOLOGY,USA,CA,LOS ANGELES,PASADENA,CA-28,CA-28,911098001,UNITED STATES,CALIFORNIA,LOS ANGELES,CA-28,CA-28,911098099,,,AR22,R&D- SPACE: SCIENCE/APPLICATIONS (APPLIED RESEARCH/EXPLORATORY DEVELOPMENT),541715,"RESEARCH AND DEVELOPMENT IN THE PHYSICAL, ENGINEERING, AND LIFE SCIENCES (EXCEPT NANOTECHNOLOGY AND BIOTECHNOLOGY)",,,https://www.usaspending.gov/award/CONT_AWD_80NM0018F0629_8000_80NM0018D0004_8000/,2020-08-27
National Aeronautics and Space Administration,National Aeronautics and Space Administration,FY2020P10,,080,2020,2021,,0120,000,080-2020/2021-0120-000,"Science, National Aeronautics and Space Administration",National Aeronautics and Space Administration,,"General Science, Space, and Technology","Space flight, research, and supporting activities",080-0120,"Science, National Aeronautics and Space Administration",0001,SCIENCE (DIRECT),25.5,Research and development contracts,D,Q,Not Designated Nonemergency/Emergency/Disaster/Wildfire Suppression,3000000.00,,,,CONT_AWD_80NM0018F0629_8000_80NM0018D0004_8000,80NM0018F0629,80NM0018D0004,,,2018-07-27,2018,2025-07-21,2025,2018-10-01,2028-09-30,,C,DELIVERY ORDER,,,MARS RECONNAISSANCE ORBITER: PHASE E 62-10131,080,NATIONAL AERONAUTICS AND SPACE ADMINISTRATION (NASA),8000,NATIONAL AERONAUTICS AND SPACE ADMINISTRATION,80NM00,NASA MANAGEMENT OFFICE -- JPL,080,NATIONAL AERONAUTICS AND SPACE ADMINISTRATION (NASA),8000,NATIONAL AERONAUTICS AND SPACE ADMINISTRATION,80NM00,NASA MANAGEMENT OFFICE -- JPL,YC1YP79BFD19,,CALIFORNIA INSTITUTE OF TECHNOLOGY,CALIFORNIA INSTITUTE OF TECHNOLOGY,YC1YP79BFD19,YC1YP79BFD19,CALIFORNIA INSTITUTE OF TECHNOLOGY,CALIFORNIA INSTITUTE OF TECHNOLOGY,USA,CA,LOS ANGELES,PASADENA,CA-28,CA-28,911098001,UNITED STATES,CALIFORNIA,LOS ANGELES,CA-28,CA-28,911098099,,,AR22,R&D- SPACE: SCIENCE/APPLICATIONS (APPLIED RESEARCH/EXPLORATORY DEVELOPMENT),541715,"RESEARCH AND DEVELOPMENT IN THE PHYSICAL, ENGINEERING, AND LIFE SCIENCES (EXCEPT NANOTECHNOLOGY AND BIOTECHNOLOGY)",,,https://www.usaspending.gov/award/CONT_AWD_80NM0018F0629_8000_80NM0018D0004_8000/,2020-08-27
National Aeronautics and Space Administration,National Aeronautics and Space Administration,FY2020P10,,080,2019,2020,,0120,000,080-2019/2020-0120-000,"Science, National Aeronautics and Space Administration",National Aeronautics and Space Administration,,"General Science, Space, and Technology","Space flight, research, and supporting activities",080-0120,"Science, National Aeronautics and Space Administration",0001,SCIENCE (DIRECT),25.5,Research and development contracts,D,Q,Not Designated Nonemergency/Emergency/Disaster/Wildfire Suppression,,6865737.39,,,CONT_AWD_80NM0018F0629_8000_80NM0018D0004_8000,80NM0018F0629,80NM0018D0004,,,2018-07-27,2018,2025-07-21,2025,2018-10-01,2028-09-30,,C,DELIVERY ORDER,,,MARS RECONNAISSANCE ORBITER: PHASE E 62-10131,080,NATIONAL AERONAUTICS AND SPACE ADMINISTRATION (NASA),8000,NATIONAL AERONAUTICS AND SPACE ADMINISTRATION,80NM00,NASA MANAGEMENT OFFICE -- JPL,080,NATIONAL AERONAUTICS AND SPACE ADMINISTRATION (NASA),8000,NATIONAL AERONAUTICS AND SPACE ADMINISTRATION,80NM00,NASA MANAGEMENT OFFICE -- JPL,YC1YP79BFD19,,CALIFORNIA INSTITUTE OF TECHNOLOGY,CALIFORNIA INSTITUTE OF TECHNOLOGY,YC1YP79BFD19,YC1YP79BFD19,CALIFORNIA INSTITUTE OF TECHNOLOGY,CALIFORNIA INSTITUTE OF TECHNOLOGY,USA,CA,LOS ANGELES,PASADENA,CA-28,CA-28,911098001,UNITED STATES,CALIFORNIA,LOS ANGELES,CA-28,CA-28,911098099,,,AR22,R&D- SPACE: SCIENCE/APPLICATIONS (APPLIED RESEARCH/EXPLORATORY DEVELOPMENT),541715,"RESEARCH AND DEVELOPMENT IN THE PHYSICAL, ENGINEERING, AND LIFE SCIENCES (EXCEPT NANOTECHNOLOGY AND BIOTECHNOLOGY)",,,https://www.usaspending.gov/award/CONT_AWD_80NM0018F0629_8000_80NM0018D0004_8000/,2020-08-27
National Aeronautics and Space Administration,National Aeronautics and Space Administration,FY2020P11,,080,2020,2021,,0120,000,080-2020/2021-0120-000,"Science, National Aeronautics and Space Administration",National Aeronautics and Space Administration,,"General Science, Space, and Technology","Space flight, research, and supporting activities",080-0120,"Science, National Aeronautics and Space Administration",0001,SCIENCE (DIRECT),25.5,Research and development contracts,D,Q,Not Designated Nonemergency/Emergency/Disaster/Wildfire Suppression,,16690317.72,,,CONT_AWD_80NM0018F0629_8000_80NM0018D0004_8000,80NM0018F0629,80NM0018D0004,,,2018-07-27,2018,2025-07-21,2025,2018-10-01,2028-09-30,,C,DELIVERY ORDER,,,MARS RECONNAISSANCE ORBITER: PHASE E 62-10131,080,NATIONAL AERONAUTICS AND SPACE ADMINISTRATION (NASA),8000,NATIONAL AERONAUTICS AND SPACE ADMINISTRATION,80NM00,NASA MANAGEMENT OFFICE -- JPL,080,NATIONAL AERONAUTICS AND SPACE ADMINISTRATION (NASA),8000,NATIONAL AERONAUTICS AND SPACE ADMINISTRATION,80NM00,NASA MANAGEMENT OFFICE -- JPL,YC1YP79BFD19,,CALIFORNIA INSTITUTE OF TECHNOLOGY,CALIFORNIA INSTITUTE OF TECHNOLOGY,YC1YP79BFD19,YC1YP79BFD19,CALIFORNIA INSTITUTE OF TECHNOLOGY,CALIFORNIA INSTITUTE OF TECHNOLOGY,USA,CA,LOS ANGELES,PASADENA,CA-28,CA-28,911098001,UNITED STATES,CALIFORNIA,LOS ANGELES,CA-28,CA-28,911098099,,,AR22,R&D- SPACE: SCIENCE/APPLICATIONS (APPLIED RESEARCH/EXPLORATORY DEVELOPMENT),541715,"RESEARCH AND DEVELOPMENT IN THE PHYSICAL, ENGINEERING, AND LIFE SCIENCES (EXCEPT NANOTECHNOLOGY AND BIOTECHNOLOGY)",,,https://www.usaspending.gov/award/CONT_AWD_80NM0018F0629_8000_80NM0018D0004_8000/,2020-09-28
National Aeronautics and Space Administration,National Aeronautics and Space Administration,FY2020P11,,080,2020,2021,,0120,000,080-2020/2021-0120-000,"Science, National Aeronautics and Space Administration",National Aeronautics and Space Administration,,"General Science, Space, and Technology","Space flight, research, and supporting activities",080-0120,"Science, National Aeronautics and Space Administration",0001,SCIENCE (DIRECT),25.5,Research and development contracts,D,Q,Not Designated Nonemergency/Emergency/Disaster/Wildfire Suppression,2294938.00,,,,CONT_AWD_80NM0018F0629_8000_80NM0018D0004_8000,80NM0018F0629,80NM0018D0004,,,2018-07-27,2018,2025-07-21,2025,2018-10-01,2028-09-30,,C,DELIVERY ORDER,,,MARS RECONNAISSANCE ORBITER: PHASE E 62-10131,080,NATIONAL AERONAUTICS AND SPACE ADMINISTRATION (NASA),8000,NATIONAL AERONAUTICS AND SPACE ADMINISTRATION,80NM00,NASA MANAGEMENT OFFICE -- JPL,080,NATIONAL AERONAUTICS AND SPACE ADMINISTRATION (NASA),8000,NATIONAL AERONAUTICS AND SPACE ADMINISTRATION,80NM00,NASA MANAGEMENT OFFICE -- JPL,YC1YP79BFD19,,CALIFORNIA INSTITUTE OF TECHNOLOGY,CALIFORNIA INSTITUTE OF TECHNOLOGY,YC1YP79BFD19,YC1YP79BFD19,CALIFORNIA INSTITUTE OF TECHNOLOGY,CALIFORNIA INSTITUTE OF TECHNOLOGY,USA,CA,LOS ANGELES,PASADENA,CA-28,CA-28,911098001,UNITED STATES,CALIFORNIA,LOS ANGELES,CA-28,CA-28,911098099,,,AR22,R&D- SPACE: SCIENCE/APPLICATIONS (APPLIED RESEARCH/EXPLORATORY DEVELOPMENT),541715,"RESEARCH AND DEVELOPMENT IN THE PHYSICAL, ENGINEERING, AND LIFE SCIENCES (EXCEPT NANOTECHNOLOGY AND BIOTECHNOLOGY)",,,https://www.usaspending.gov/award/CONT_AWD_80NM0018F0629_8000_80NM0018D0004_8000/,2020-09-28
National Aeronautics and Space Administration,National Aeronautics and Space Administration,FY2020P11,,080,2019,2020,,0120,000,080-2019/2020-0120-000,"Science, National Aeronautics and Space Administration",National Aeronautics and Space Administration,,"General Science, Space, and Technology","Space flight, research, and supporting activities",080-0120,"Science, National Aeronautics and Space Administration",0001,SCIENCE (DIRECT),25.5,Research and development contracts,D,Q,Not Designated Nonemergency/Emergency/Disaster/Wildfire Suppression,,6865737.39,,,CONT_AWD_80NM0018F0629_8000_80NM0018D0004_8000,80NM0018F0629,80NM0018D0004,,,2018-07-27,2018,2025-07-21,2025,2018-10-01,2028-09-30,,C,DELIVERY ORDER,,,MARS RECONNAISSANCE ORBITER: PHASE E 62-10131,080,NATIONAL AERONAUTICS AND SPACE ADMINISTRATION (NASA),8000,NATIONAL AERONAUTICS AND SPACE ADMINISTRATION,80NM00,NASA MANAGEMENT OFFICE -- JPL,080,NATIONAL AERONAUTICS AND SPACE ADMINISTRATION (NASA),8000,NATIONAL AERONAUTICS AND SPACE ADMINISTRATION,80NM00,NASA MANAGEMENT OFFICE -- JPL,YC1YP79BFD19,,CALIFORNIA INSTITUTE OF TECHNOLOGY,CALIFORNIA INSTITUTE OF TECHNOLOGY,YC1YP79BFD19,YC1YP79BFD19,CALIFORNIA INSTITUTE OF TECHNOLOGY,CALIFORNIA INSTITUTE OF TECHNOLOGY,USA,CA,LOS ANGELES,PASADENA,CA-28,CA-28,911098001,UNITED STATES,CALIFORNIA,LOS ANGELES,CA-28,CA-28,911098099,,,AR22,R&D- SPACE: SCIENCE/APPLICATIONS (APPLIED RESEARCH/EXPLORATORY DEVELOPMENT),541715,"RESEARCH AND DEVELOPMENT IN THE PHYSICAL, ENGINEERING, AND LIFE SCIENCES (EXCEPT NANOTECHNOLOGY AND BIOTECHNOLOGY)",,,https://www.usaspending.gov/award/CONT_AWD_80NM0018F0629_8000_80NM0018D0004_8000/,2020-09-28
National Aeronautics and Space Administration,National Aeronautics and Space Administration,FY2020P12,,080,2020,2021,,0120,000,080-2020/2021-0120-000,"Science, National Aeronautics and Space Administration",National Aeronautics and Space Administration,,"General Science, Space, and Technology","Space flight, research, and supporting activities",080-0120,"Science, National Aeronautics and Space Administration",0001,SCIENCE (DIRECT),25.5,Research and development contracts,D,Q,Not Designated Nonemergency/Emergency/Disaster/Wildfire Suppression,,19099308.33,,,CONT_AWD_80NM0018F0629_8000_80NM0018D0004_8000,80NM0018F0629,80NM0018D0004,,,2018-07-27,2018,2025-07-21,2025,2018-10-01,2028-09-30,,C,DELIVERY ORDER,,,MARS RECONNAISSANCE ORBITER: PHASE E 62-10131,080,NATIONAL AERONAUTICS AND SPACE ADMINISTRATION (NASA),8000,NATIONAL AERONAUTICS AND SPACE ADMINISTRATION,80NM00,NASA MANAGEMENT OFFICE -- JPL,080,NATIONAL AERONAUTICS AND SPACE ADMINISTRATION (NASA),8000,NATIONAL AERONAUTICS AND SPACE ADMINISTRATION,80NM00,NASA MANAGEMENT OFFICE -- JPL,YC1YP79BFD19,,CALIFORNIA INSTITUTE OF TECHNOLOGY,CALIFORNIA INSTITUTE OF TECHNOLOGY,YC1YP79BFD19,YC1YP79BFD19,CALIFORNIA INSTITUTE OF TECHNOLOGY,CALIFORNIA INSTITUTE OF TECHNOLOGY,USA,CA,LOS ANGELES,PASADENA,CA-28,CA-28,911098001,UNITED STATES,CALIFORNIA,LOS ANGELES,CA-28,CA-28,911098099,,,AR22,R&D- SPACE: SCIENCE/APPLICATIONS (APPLIED RESEARCH/EXPLORATORY DEVELOPMENT),541715,"RESEARCH AND DEVELOPMENT IN THE PHYSICAL, ENGINEERING, AND LIFE SCIENCES (EXCEPT NANOTECHNOLOGY AND BIOTECHNOLOGY)",,,https://www.usaspending.gov/award/CONT_AWD_80NM0018F0629_8000_80NM0018D0004_8000/,2020-10-29
National Aeronautics and Space Administration,National Aeronautics and Space Administration,FY2020P12,,080,2019,2020,,0120,000,080-2019/2020-0120-000,"Science, National Aeronautics and Space Administration",National Aeronautics and Space Administration,,"General Science, Space, and Technology","Space flight, research, and supporting activities",080-0120,"Science, National Aeronautics and Space Administration",0001,SCIENCE (DIRECT),25.5,Research and development contracts,D,Q,Not Designated Nonemergency/Emergency/Disaster/Wildfire Suppression,,6865737.39,,,CONT_AWD_80NM0018F0629_8000_80NM0018D0004_8000,80NM0018F0629,80NM0018D0004,,,2018-07-27,2018,2025-07-21,2025,2018-10-01,2028-09-30,,C,DELIVERY ORDER,,,MARS RECONNAISSANCE ORBITER: PHASE E 62-10131,080,NATIONAL AERONAUTICS AND SPACE ADMINISTRATION (NASA),8000,NATIONAL AERONAUTICS AND SPACE ADMINISTRATION,80NM00,NASA MANAGEMENT OFFICE -- JPL,080,NATIONAL AERONAUTICS AND SPACE ADMINISTRATION (NASA),8000,NATIONAL AERONAUTICS AND SPACE ADMINISTRATION,80NM00,NASA MANAGEMENT OFFICE -- JPL,YC1YP79BFD19,,CALIFORNIA INSTITUTE OF TECHNOLOGY,CALIFORNIA INSTITUTE OF TECHNOLOGY,YC1YP79BFD19,YC1YP79BFD19,CALIFORNIA INSTITUTE OF TECHNOLOGY,CALIFORNIA INSTITUTE OF TECHNOLOGY,USA,CA,LOS ANGELES,PASADENA,CA-28,CA-28,911098001,UNITED STATES,CALIFORNIA,LOS ANGELES,CA-28,CA-28,911098099,,,AR22,R&D- SPACE: SCIENCE/APPLICATIONS (APPLIED RESEARCH/EXPLORATORY DEVELOPMENT),541715,"RESEARCH AND DEVELOPMENT IN THE PHYSICAL, ENGINEERING, AND LIFE SCIENCES (EXCEPT NANOTECHNOLOGY AND BIOTECHNOLOGY)",,,https://www.usaspending.gov/award/CONT_AWD_80NM0018F0629_8000_80NM0018D0004_8000/,2020-10-29
National Aeronautics and Space Administration,National Aeronautics and Space Administration,FY2021P03,,080,2020,2021,,0120,000,080-2020/2021-0120-000,"Science, National Aeronautics and Space Administration",National Aeronautics and Space Administration,,"General Science, Space, and Technology","Space flight, research, and supporting activities",080-0120,"Science, National Aeronautics and Space Administration",0001,SCIENCE (DIRECT),25.5,Research and development contracts,D,Q,Not Designated Nonemergency/Emergency/Disaster/Wildfire Suppression,,6397775.62,,,CONT_AWD_80NM0018F0629_8000_80NM0018D0004_8000,80NM0018F0629,80NM0018D0004,,,2018-07-27,2018,2025-07-21,2025,2018-10-01,2028-09-30,,C,DELIVERY ORDER,,,MARS RECONNAISSANCE ORBITER: PHASE E 62-10131,080,NATIONAL AERONAUTICS AND SPACE ADMINISTRATION (NASA),8000,NATIONAL AERONAUTICS AND SPACE ADMINISTRATION,80NM00,NASA MANAGEMENT OFFICE -- JPL,080,NATIONAL AERONAUTICS AND SPACE ADMINISTRATION (NASA),8000,NATIONAL AERONAUTICS AND SPACE ADMINISTRATION,80NM00,NASA MANAGEMENT OFFICE -- JPL,YC1YP79BFD19,,CALIFORNIA INSTITUTE OF TECHNOLOGY,CALIFORNIA INSTITUTE OF TECHNOLOGY,YC1YP79BFD19,YC1YP79BFD19,CALIFORNIA INSTITUTE OF TECHNOLOGY,CALIFORNIA INSTITUTE OF TECHNOLOGY,USA,CA,LOS ANGELES,PASADENA,CA-28,CA-28,911098001,UNITED STATES,CALIFORNIA,LOS ANGELES,CA-28,CA-28,911098099,,,AR22,R&D- SPACE: SCIENCE/APPLICATIONS (APPLIED RESEARCH/EXPLORATORY DEVELOPMENT),541715,"RESEARCH AND DEVELOPMENT IN THE PHYSICAL, ENGINEERING, AND LIFE SCIENCES (EXCEPT NANOTECHNOLOGY AND BIOTECHNOLOGY)",,,https://www.usaspending.gov/award/CONT_AWD_80NM0018F0629_8000_80NM0018D0004_8000/,2021-02-07
National Aeronautics and Space Administration,National Aeronautics and Space Administration,FY2021P03,,080,2021,2022,,0120,000,080-2021/2022-0120-000,"Science, National Aeronautics and Space Administration",National Aeronautics and Space Administration,,"General Science, Space, and Technology","Space flight, research, and supporting activities",080-0120,"Science, National Aeronautics and Space Administration",0001,SCIENCE (DIRECT),25.5,Research and development contracts,D,Q,Not Designated Nonemergency/Emergency/Disaster/Wildfire Suppression,850000.00,,,,CONT_AWD_80NM0018F0629_8000_80NM0018D0004_8000,80NM0018F0629,80NM0018D0004,,,2018-07-27,2018,2025-07-21,2025,2018-10-01,2028-09-30,,C,DELIVERY ORDER,,,MARS RECONNAISSANCE ORBITER: PHASE E 62-10131,080,NATIONAL AERONAUTICS AND SPACE ADMINISTRATION (NASA),8000,NATIONAL AERONAUTICS AND SPACE ADMINISTRATION,80NM00,NASA MANAGEMENT OFFICE -- JPL,080,NATIONAL AERONAUTICS AND SPACE ADMINISTRATION (NASA),8000,NATIONAL AERONAUTICS AND SPACE ADMINISTRATION,80NM00,NASA MANAGEMENT OFFICE -- JPL,YC1YP79BFD19,,CALIFORNIA INSTITUTE OF TECHNOLOGY,CALIFORNIA INSTITUTE OF TECHNOLOGY,YC1YP79BFD19,YC1YP79BFD19,CALIFORNIA INSTITUTE OF TECHNOLOGY,CALIFORNIA INSTITUTE OF TECHNOLOGY,USA,CA,LOS ANGELES,PASADENA,CA-28,CA-28,911098001,UNITED STATES,CALIFORNIA,LOS ANGELES,CA-28,CA-28,911098099,,,AR22,R&D- SPACE: SCIENCE/APPLICATIONS (APPLIED RESEARCH/EXPLORATORY DEVELOPMENT),541715,"RESEARCH AND DEVELOPMENT IN THE PHYSICAL, ENGINEERING, AND LIFE SCIENCES (EXCEPT NANOTECHNOLOGY AND BIOTECHNOLOGY)",,,https://www.usaspending.gov/award/CONT_AWD_80NM0018F0629_8000_80NM0018D0004_8000/,2021-02-07
National Aeronautics and Space Administration,National Aeronautics and Space Administration,FY2021P02,,080,2020,2021,,0120,000,080-2020/2021-0120-000,"Science, National Aeronautics and Space Administration",National Aeronautics and Space Administration,,"General Science, Space, and Technology","Space flight, research, and supporting activities",080-0120,"Science, National Aeronautics and Space Administration",0001,SCIENCE (DIRECT),25.5,Research and development contracts,D,Q,Not Designated Nonemergency/Emergency/Disaster/Wildfire Suppression,,2544490.30,,,CONT_AWD_80NM0018F0629_8000_80NM0018D0004_8000,80NM0018F0629,80NM0018D0004,,,2018-07-27,2018,2025-07-21,2025,2018-10-01,2028-09-30,,C,DELIVERY ORDER,,,MARS RECONNAISSANCE ORBITER: PHASE E 62-10131,080,NATIONAL AERONAUTICS AND SPACE ADMINISTRATION (NASA),8000,NATIONAL AERONAUTICS AND SPACE ADMINISTRATION,80NM00,NASA MANAGEMENT OFFICE -- JPL,080,NATIONAL AERONAUTICS AND SPACE ADMINISTRATION (NASA),8000,NATIONAL AERONAUTICS AND SPACE ADMINISTRATION,80NM00,NASA MANAGEMENT OFFICE -- JPL,YC1YP79BFD19,,CALIFORNIA INSTITUTE OF TECHNOLOGY,CALIFORNIA INSTITUTE OF TECHNOLOGY,YC1YP79BFD19,YC1YP79BFD19,CALIFORNIA INSTITUTE OF TECHNOLOGY,CALIFORNIA INSTITUTE OF TECHNOLOGY,USA,CA,LOS ANGELES,PASADENA,CA-28,CA-28,911098001,UNITED STATES,CALIFORNIA,LOS ANGELES,CA-28,CA-28,911098099,,,AR22,R&D- SPACE: SCIENCE/APPLICATIONS (APPLIED RESEARCH/EXPLORATORY DEVELOPMENT),541715,"RESEARCH AND DEVELOPMENT IN THE PHYSICAL, ENGINEERING, AND LIFE SCIENCES (EXCEPT NANOTECHNOLOGY AND BIOTECHNOLOGY)",,,https://www.usaspending.gov/award/CONT_AWD_80NM0018F0629_8000_80NM0018D0004_8000/,2021-02-07
National Aeronautics and Space Administration,National Aeronautics and Space Administration,FY2021P02,,080,2020,2021,,0120,000,080-2020/2021-0120-000,"Science, National Aeronautics and Space Administration",National Aeronautics and Space Administration,,"General Science, Space, and Technology","Space flight, research, and supporting activities",080-0120,"Science, National Aeronautics and Space Administration",0001,SCIENCE (DIRECT),25.5,Research and development contracts,D,Q,Not Designated Nonemergency/Emergency/Disaster/Wildfire Suppression,,3954385.72,,,CONT_AWD_80NM0018F0629_8000_80NM0018D0004_8000,80NM0018F0629,80NM0018D0004,,,2018-07-27,2018,2025-07-21,2025,2018-10-01,2028-09-30,,C,DELIVERY ORDER,,,MARS RECONNAISSANCE ORBITER: PHASE E 62-10131,080,NATIONAL AERONAUTICS AND SPACE ADMINISTRATION (NASA),8000,NATIONAL AERONAUTICS AND SPACE ADMINISTRATION,80NM00,NASA MANAGEMENT OFFICE -- JPL,080,NATIONAL AERONAUTICS AND SPACE ADMINISTRATION (NASA),8000,NATIONAL AERONAUTICS AND SPACE ADMINISTRATION,80NM00,NASA MANAGEMENT OFFICE -- JPL,YC1YP79BFD19,,CALIFORNIA INSTITUTE OF TECHNOLOGY,CALIFORNIA INSTITUTE OF TECHNOLOGY,YC1YP79BFD19,YC1YP79BFD19,CALIFORNIA INSTITUTE OF TECHNOLOGY,CALIFORNIA INSTITUTE OF TECHNOLOGY,USA,CA,LOS ANGELES,PASADENA,CA-28,CA-28,911098001,UNITED STATES,CALIFORNIA,LOS ANGELES,CA-28,CA-28,911098099,,,AR22,R&D- SPACE: SCIENCE/APPLICATIONS (APPLIED RESEARCH/EXPLORATORY DEVELOPMENT),541715,"RESEARCH AND DEVELOPMENT IN THE PHYSICAL, ENGINEERING, AND LIFE SCIENCES (EXCEPT NANOTECHNOLOGY AND BIOTECHNOLOGY)",,,https://www.usaspending.gov/award/CONT_AWD_80NM0018F0629_8000_80NM0018D0004_8000/,2021-02-07
National Aeronautics and Space Administration,National Aeronautics and Space Administration,FY2021P02,,080,2021,2022,,0120,000,080-2021/2022-0120-000,"Science, National Aeronautics and Space Administration",National Aeronautics and Space Administration,,"General Science, Space, and Technology","Space flight, research, and supporting activities",080-0120,"Science, National Aeronautics and Space Administration",0001,SCIENCE (DIRECT),25.5,Research and development contracts,D,Q,Not Designated Nonemergency/Emergency/Disaster/Wildfire Suppression,5080503.00,,,,CONT_AWD_80NM0018F0629_8000_80NM0018D0004_8000,80NM0018F0629,80NM0018D0004,,,2018-07-27,2018,2025-07-21,2025,2018-10-01,2028-09-30,,C,DELIVERY ORDER,,,MARS RECONNAISSANCE ORBITER: PHASE E 62-10131,080,NATIONAL AERONAUTICS AND SPACE ADMINISTRATION (NASA),8000,NATIONAL AERONAUTICS AND SPACE ADMINISTRATION,80NM00,NASA MANAGEMENT OFFICE -- JPL,080,NATIONAL AERONAUTICS AND SPACE ADMINISTRATION (NASA),8000,NATIONAL AERONAUTICS AND SPACE ADMINISTRATION,80NM00,NASA MANAGEMENT OFFICE -- JPL,YC1YP79BFD19,,CALIFORNIA INSTITUTE OF TECHNOLOGY,CALIFORNIA INSTITUTE OF TECHNOLOGY,YC1YP79BFD19,YC1YP79BFD19,CALIFORNIA INSTITUTE OF TECHNOLOGY,CALIFORNIA INSTITUTE OF TECHNOLOGY,USA,CA,LOS ANGELES,PASADENA,CA-28,CA-28,911098001,UNITED STATES,CALIFORNIA,LOS ANGELES,CA-28,CA-28,911098099,,,AR22,R&D- SPACE: SCIENCE/APPLICATIONS (APPLIED RESEARCH/EXPLORATORY DEVELOPMENT),541715,"RESEARCH AND DEVELOPMENT IN THE PHYSICAL, ENGINEERING, AND LIFE SCIENCES (EXCEPT NANOTECHNOLOGY AND BIOTECHNOLOGY)",,,https://www.usaspending.gov/award/CONT_AWD_80NM0018F0629_8000_80NM0018D0004_8000/,2021-02-07
National Aeronautics and Space Administration,National Aeronautics and Space Administration,FY2021P04,,080,2020,2021,,0120,000,080-2020/2021-0120-000,"Science, National Aeronautics and Space Administration",National Aeronautics and Space Administration,,"General Science, Space, and Technology","Space flight, research, and supporting activities",080-0120,"Science, National Aeronautics and Space Administration",0001,SCIENCE (DIRECT),25.5,Research and development contracts,D,Q,Not Designated Nonemergency/Emergency/Disaster/Wildfire Suppression,,7009933.67,,,CONT_AWD_80NM0018F0629_8000_80NM0018D0004_8000,80NM0018F0629,80NM0018D0004,,,2018-07-27,2018,2025-07-21,2025,2018-10-01,2028-09-30,,C,DELIVERY ORDER,,,MARS RECONNAISSANCE ORBITER: PHASE E 62-10131,080,NATIONAL AERONAUTICS AND SPACE ADMINISTRATION (NASA),8000,NATIONAL AERONAUTICS AND SPACE ADMINISTRATION,80NM00,NASA MANAGEMENT OFFICE -- JPL,080,NATIONAL AERONAUTICS AND SPACE ADMINISTRATION (NASA),8000,NATIONAL AERONAUTICS AND SPACE ADMINISTRATION,80NM00,NASA MANAGEMENT OFFICE -- JPL,YC1YP79BFD19,,CALIFORNIA INSTITUTE OF TECHNOLOGY,CALIFORNIA INSTITUTE OF TECHNOLOGY,YC1YP79BFD19,YC1YP79BFD19,CALIFORNIA INSTITUTE OF TECHNOLOGY,CALIFORNIA INSTITUTE OF TECHNOLOGY,USA,CA,LOS ANGELES,PASADENA,CA-28,CA-28,911098001,UNITED STATES,CALIFORNIA,LOS ANGELES,CA-28,CA-28,911098099,,,AR22,R&D- SPACE: SCIENCE/APPLICATIONS (APPLIED RESEARCH/EXPLORATORY DEVELOPMENT),541715,"RESEARCH AND DEVELOPMENT IN THE PHYSICAL, ENGINEERING, AND LIFE SCIENCES (EXCEPT NANOTECHNOLOGY AND BIOTECHNOLOGY)",,,https://www.usaspending.gov/award/CONT_AWD_80NM0018F0629_8000_80NM0018D0004_8000/,2021-02-26
National Aeronautics and Space Administration,National Aeronautics and Space Administration,FY2021P04,,080,2021,2022,,0120,000,080-2021/2022-0120-000,"Science, National Aeronautics and Space Administration",National Aeronautics and Space Administration,,"General Science, Space, and Technology","Space flight, research, and supporting activities",080-0120,"Science, National Aeronautics and Space Administration",0001,SCIENCE (DIRECT),25.5,Research and development contracts,D,Q,Not Designated Nonemergency/Emergency/Disaster/Wildfire Suppression,,1422109.82,,,CONT_AWD_80NM0018F0629_8000_80NM0018D0004_8000,80NM0018F0629,80NM0018D0004,,,2018-07-27,2018,2025-07-21,2025,2018-10-01,2028-09-30,,C,DELIVERY ORDER,,,MARS RECONNAISSANCE ORBITER: PHASE E 62-10131,080,NATIONAL AERONAUTICS AND SPACE ADMINISTRATION (NASA),8000,NATIONAL AERONAUTICS AND SPACE ADMINISTRATION,80NM00,NASA MANAGEMENT OFFICE -- JPL,080,NATIONAL AERONAUTICS AND SPACE ADMINISTRATION (NASA),8000,NATIONAL AERONAUTICS AND SPACE ADMINISTRATION,80NM00,NASA MANAGEMENT OFFICE -- JPL,YC1YP79BFD19,,CALIFORNIA INSTITUTE OF TECHNOLOGY,CALIFORNIA INSTITUTE OF TECHNOLOGY,YC1YP79BFD19,YC1YP79BFD19,CALIFORNIA INSTITUTE OF TECHNOLOGY,CALIFORNIA INSTITUTE OF TECHNOLOGY,USA,CA,LOS ANGELES,PASADENA,CA-28,CA-28,911098001,UNITED STATES,CALIFORNIA,LOS ANGELES,CA-28,CA-28,911098099,,,AR22,R&D- SPACE: SCIENCE/APPLICATIONS (APPLIED RESEARCH/EXPLORATORY DEVELOPMENT),541715,"RESEARCH AND DEVELOPMENT IN THE PHYSICAL, ENGINEERING, AND LIFE SCIENCES (EXCEPT NANOTECHNOLOGY AND BIOTECHNOLOGY)",,,https://www.usaspending.gov/award/CONT_AWD_80NM0018F0629_8000_80NM0018D0004_8000/,2021-02-26
National Aeronautics and Space Administration,National Aeronautics and Space Administration,FY2021P04,,080,2021,2022,,0120,000,080-2021/2022-0120-000,"Science, National Aeronautics and Space Administration",National Aeronautics and Space Administration,,"General Science, Space, and Technology","Space flight, research, and supporting activities",080-0120,"Science, National Aeronautics and Space Administration",0001,SCIENCE (DIRECT),25.5,Research and development contracts,D,Q,Not Designated Nonemergency/Emergency/Disaster/Wildfire Suppression,2920000.00,,,,CONT_AWD_80NM0018F0629_8000_80NM0018D0004_8000,80NM0018F0629,80NM0018D0004,,,2018-07-27,2018,2025-07-21,2025,2018-10-01,2028-09-30,,C,DELIVERY ORDER,,,MARS RECONNAISSANCE ORBITER: PHASE E 62-10131,080,NATIONAL AERONAUTICS AND SPACE ADMINISTRATION (NASA),8000,NATIONAL AERONAUTICS AND SPACE ADMINISTRATION,80NM00,NASA MANAGEMENT OFFICE -- JPL,080,NATIONAL AERONAUTICS AND SPACE ADMINISTRATION (NASA),8000,NATIONAL AERONAUTICS AND SPACE ADMINISTRATION,80NM00,NASA MANAGEMENT OFFICE -- JPL,YC1YP79BFD19,,CALIFORNIA INSTITUTE OF TECHNOLOGY,CALIFORNIA INSTITUTE OF TECHNOLOGY,YC1YP79BFD19,YC1YP79BFD19,CALIFORNIA INSTITUTE OF TECHNOLOGY,CALIFORNIA INSTITUTE OF TECHNOLOGY,USA,CA,LOS ANGELES,PASADENA,CA-28,CA-28,911098001,UNITED STATES,CALIFORNIA,LOS ANGELES,CA-28,CA-28,911098099,,,AR22,R&D- SPACE: SCIENCE/APPLICATIONS (APPLIED RESEARCH/EXPLORATORY DEVELOPMENT),541715,"RESEARCH AND DEVELOPMENT IN THE PHYSICAL, ENGINEERING, AND LIFE SCIENCES (EXCEPT NANOTECHNOLOGY AND BIOTECHNOLOGY)",,,https://www.usaspending.gov/award/CONT_AWD_80NM0018F0629_8000_80NM0018D0004_8000/,2021-02-26
National Aeronautics and Space Administration,National Aeronautics and Space Administration,FY2018Q4,,080,2018,2019,,0120,000,080-2018/2019-0120-000,"Science, National Aeronautics and Space Administration",National Aeronautics and Space Administration,,"General Science, Space, and Technology","Space flight, research, and supporting activities",080-0120,"Science, National Aeronautics and Space Administration",0001,SCIENCE (DIRECT),25.5,Research and development contracts,D,,,980744.53,,,,CONT_AWD_80NM0018F0629_8000_80NM0018D0004_8000,80NM0018F0629,80NM0018D0004,,,2018-07-27,2018,2025-07-21,2025,2018-10-01,2028-09-30,,C,DELIVERY ORDER,,,MARS RECONNAISSANCE ORBITER: PHASE E 62-10131,080,NATIONAL AERONAUTICS AND SPACE ADMINISTRATION (NASA),8000,NATIONAL AERONAUTICS AND SPACE ADMINISTRATION,80NM00,NASA MANAGEMENT OFFICE -- JPL,080,NATIONAL AERONAUTICS AND SPACE ADMINISTRATION (NASA),8000,NATIONAL AERONAUTICS AND SPACE ADMINISTRATION,80NM00,NASA MANAGEMENT OFFICE -- JPL,YC1YP79BFD19,,CALIFORNIA INSTITUTE OF TECHNOLOGY,CALIFORNIA INSTITUTE OF TECHNOLOGY,YC1YP79BFD19,YC1YP79BFD19,CALIFORNIA INSTITUTE OF TECHNOLOGY,CALIFORNIA INSTITUTE OF TECHNOLOGY,USA,CA,LOS ANGELES,PASADENA,CA-28,CA-28,911098001,UNITED STATES,CALIFORNIA,LOS ANGELES,CA-28,CA-28,911098099,,,AR22,R&D- SPACE: SCIENCE/APPLICATIONS (APPLIED RESEARCH/EXPLORATORY DEVELOPMENT),541715,"RESEARCH AND DEVELOPMENT IN THE PHYSICAL, ENGINEERING, AND LIFE SCIENCES (EXCEPT NANOTECHNOLOGY AND BIOTECHNOLOGY)",,,https://www.usaspending.gov/award/CONT_AWD_80NM0018F0629_8000_80NM0018D0004_8000/,2018-11-13
National Aeronautics and Space Administration,National Aeronautics and Space Administration,FY2019Q1,,080,2018,2019,,0120,000,080-2018/2019-0120-000,"Science, National Aeronautics and Space Administration",National Aeronautics and Space Administration,,"General Science, Space, and Technology","Space flight, research, and supporting activities",080-0120,"Science, National Aeronautics and Space Administration",0001,SCIENCE (DIRECT),25.5,Research and development contracts,D,,,3890745.06,,,,CONT_AWD_80NM0018F0629_8000_80NM0018D0004_8000,80NM0018F0629,80NM0018D0004,,,2018-07-27,2018,2025-07-21,2025,2018-10-01,2028-09-30,,C,DELIVERY ORDER,,,MARS RECONNAISSANCE ORBITER: PHASE E 62-10131,080,NATIONAL AERONAUTICS AND SPACE ADMINISTRATION (NASA),8000,NATIONAL AERONAUTICS AND SPACE ADMINISTRATION,80NM00,NASA MANAGEMENT OFFICE -- JPL,080,NATIONAL AERONAUTICS AND SPACE ADMINISTRATION (NASA),8000,NATIONAL AERONAUTICS AND SPACE ADMINISTRATION,80NM00,NASA MANAGEMENT OFFICE -- JPL,YC1YP79BFD19,,CALIFORNIA INSTITUTE OF TECHNOLOGY,CALIFORNIA INSTITUTE OF TECHNOLOGY,YC1YP79BFD19,YC1YP79BFD19,CALIFORNIA INSTITUTE OF TECHNOLOGY,CALIFORNIA INSTITUTE OF TECHNOLOGY,USA,CA,LOS ANGELES,PASADENA,CA-28,CA-28,911098001,UNITED STATES,CALIFORNIA,LOS ANGELES,CA-28,CA-28,911098099,,,AR22,R&D- SPACE: SCIENCE/APPLICATIONS (APPLIED RESEARCH/EXPLORATORY DEVELOPMENT),541715,"RESEARCH AND DEVELOPMENT IN THE PHYSICAL, ENGINEERING, AND LIFE SCIENCES (EXCEPT NANOTECHNOLOGY AND BIOTECHNOLOGY)",,,https://www.usaspending.gov/award/CONT_AWD_80NM0018F0629_8000_80NM0018D0004_8000/,2019-03-13
National Aeronautics and Space Administration,National Aeronautics and Space Administration,FY2019Q1,,080,2019,2020,,0120,000,080-2019/2020-0120-000,"Science, National Aeronautics and Space Administration",National Aeronautics and Space Administration,,"General Science, Space, and Technology","Space flight, research, and supporting activities",080-0120,"Science, National Aeronautics and Space Administration",0001,SCIENCE (DIRECT),25.5,Research and development contracts,D,,,500000.00,,,,CONT_AWD_80NM0018F0629_8000_80NM0018D0004_8000,80NM0018F0629,80NM0018D0004,,,2018-07-27,2018,2025-07-21,2025,2018-10-01,2028-09-30,,C,DELIVERY ORDER,,,MARS RECONNAISSANCE ORBITER: PHASE E 62-10131,080,NATIONAL AERONAUTICS AND SPACE ADMINISTRATION (NASA),8000,NATIONAL AERONAUTICS AND SPACE ADMINISTRATION,80NM00,NASA MANAGEMENT OFFICE -- JPL,080,NATIONAL AERONAUTICS AND SPACE ADMINISTRATION (NASA),8000,NATIONAL AERONAUTICS AND SPACE ADMINISTRATION,80NM00,NASA MANAGEMENT OFFICE -- JPL,YC1YP79BFD19,,CALIFORNIA INSTITUTE OF TECHNOLOGY,CALIFORNIA INSTITUTE OF TECHNOLOGY,YC1YP79BFD19,YC1YP79BFD19,CALIFORNIA INSTITUTE OF TECHNOLOGY,CALIFORNIA INSTITUTE OF TECHNOLOGY,USA,CA,LOS ANGELES,PASADENA,CA-28,CA-28,911098001,UNITED STATES,CALIFORNIA,LOS ANGELES,CA-28,CA-28,911098099,,,AR22,R&D- SPACE: SCIENCE/APPLICATIONS (APPLIED RESEARCH/EXPLORATORY DEVELOPMENT),541715,"RESEARCH AND DEVELOPMENT IN THE PHYSICAL, ENGINEERING, AND LIFE SCIENCES (EXCEPT NANOTECHNOLOGY AND BIOTECHNOLOGY)",,,https://www.usaspending.gov/award/CONT_AWD_80NM0018F0629_8000_80NM0018D0004_8000/,2019-03-13
National Aeronautics and Space Administration,National Aeronautics and Space Administration,FY2019Q1,,080,2019,2020,,0120,000,080-2019/2020-0120-000,"Science, National Aeronautics and Space Administration",National Aeronautics and Space Administration,,"General Science, Space, and Technology","Space flight, research, and supporting activities",080-0120,"Science, National Aeronautics and Space Administration",0001,SCIENCE (DIRECT),25.5,Research and development contracts,D,,,2535495.00,,,,CONT_AWD_80NM0018F0629_8000_80NM0018D0004_8000,80NM0018F0629,80NM0018D0004,,,2018-07-27,2018,2025-07-21,2025,2018-10-01,2028-09-30,,C,DELIVERY ORDER,,,MARS RECONNAISSANCE ORBITER: PHASE E 62-10131,080,NATIONAL AERONAUTICS AND SPACE ADMINISTRATION (NASA),8000,NATIONAL AERONAUTICS AND SPACE ADMINISTRATION,80NM00,NASA MANAGEMENT OFFICE -- JPL,080,NATIONAL AERONAUTICS AND SPACE ADMINISTRATION (NASA),8000,NATIONAL AERONAUTICS AND SPACE ADMINISTRATION,80NM00,NASA MANAGEMENT OFFICE -- JPL,YC1YP79BFD19,,CALIFORNIA INSTITUTE OF TECHNOLOGY,CALIFORNIA INSTITUTE OF TECHNOLOGY,YC1YP79BFD19,YC1YP79BFD19,CALIFORNIA INSTITUTE OF TECHNOLOGY,CALIFORNIA INSTITUTE OF TECHNOLOGY,USA,CA,LOS ANGELES,PASADENA,CA-28,CA-28,911098001,UNITED STATES,CALIFORNIA,LOS ANGELES,CA-28,CA-28,911098099,,,AR22,R&D- SPACE: SCIENCE/APPLICATIONS (APPLIED RESEARCH/EXPLORATORY DEVELOPMENT),541715,"RESEARCH AND DEVELOPMENT IN THE PHYSICAL, ENGINEERING, AND LIFE SCIENCES (EXCEPT NANOTECHNOLOGY AND BIOTECHNOLOGY)",,,https://www.usaspending.gov/award/CONT_AWD_80NM0018F0629_8000_80NM0018D0004_8000/,2019-03-13
National Aeronautics and Space Administration,National Aeronautics and Space Administration,FY2019Q1,,080,2019,2020,,0120,000,080-2019/2020-0120-000,"Science, National Aeronautics and Space Administration",National Aeronautics and Space Administration,,"General Science, Space, and Technology","Space flight, research, and supporting activities",080-0120,"Science, National Aeronautics and Space Administration",0001,SCIENCE (DIRECT),25.5,Research and development contracts,D,,,4053040.00,,,,CONT_AWD_80NM0018F0629_8000_80NM0018D0004_8000,80NM0018F0629,80NM0018D0004,,,2018-07-27,2018,2025-07-21,2025,2018-10-01,2028-09-30,,C,DELIVERY ORDER,,,MARS RECONNAISSANCE ORBITER: PHASE E 62-10131,080,NATIONAL AERONAUTICS AND SPACE ADMINISTRATION (NASA),8000,NATIONAL AERONAUTICS AND SPACE ADMINISTRATION,80NM00,NASA MANAGEMENT OFFICE -- JPL,080,NATIONAL AERONAUTICS AND SPACE ADMINISTRATION (NASA),8000,NATIONAL AERONAUTICS AND SPACE ADMINISTRATION,80NM00,NASA MANAGEMENT OFFICE -- JPL,YC1YP79BFD19,,CALIFORNIA INSTITUTE OF TECHNOLOGY,CALIFORNIA INSTITUTE OF TECHNOLOGY,YC1YP79BFD19,YC1YP79BFD19,CALIFORNIA INSTITUTE OF TECHNOLOGY,CALIFORNIA INSTITUTE OF TECHNOLOGY,USA,CA,LOS ANGELES,PASADENA,CA-28,CA-28,911098001,UNITED STATES,CALIFORNIA,LOS ANGELES,CA-28,CA-28,911098099,,,AR22,R&D- SPACE: SCIENCE/APPLICATIONS (APPLIED RESEARCH/EXPLORATORY DEVELOPMENT),541715,"RESEARCH AND DEVELOPMENT IN THE PHYSICAL, ENGINEERING, AND LIFE SCIENCES (EXCEPT NANOTECHNOLOGY AND BIOTECHNOLOGY)",,,https://www.usaspending.gov/award/CONT_AWD_80NM0018F0629_8000_80NM0018D0004_8000/,2019-03-13
National Aeronautics and Space Administration,National Aeronautics and Space Administration,FY2019Q2,,080,2019,2020,,0120,000,080-2019/2020-0120-000,"Science, National Aeronautics and Space Administration",National Aeronautics and Space Administration,,"General Science, Space, and Technology","Space flight, research, and supporting activities",080-0120,"Science, National Aeronautics and Space Administration",0001,SCIENCE (DIRECT),25.5,Research and development contracts,D,,,2800000.00,,,,CONT_AWD_80NM0018F0629_8000_80NM0018D0004_8000,80NM0018F0629,80NM0018D0004,,,2018-07-27,2018,2025-07-21,2025,2018-10-01,2028-09-30,,C,DELIVERY ORDER,,,MARS RECONNAISSANCE ORBITER: PHASE E 62-10131,080,NATIONAL AERONAUTICS AND SPACE ADMINISTRATION (NASA),8000,NATIONAL AERONAUTICS AND SPACE ADMINISTRATION,80NM00,NASA MANAGEMENT OFFICE -- JPL,080,NATIONAL AERONAUTICS AND SPACE ADMINISTRATION (NASA),8000,NATIONAL AERONAUTICS AND SPACE ADMINISTRATION,80NM00,NASA MANAGEMENT OFFICE -- JPL,YC1YP79BFD19,,CALIFORNIA INSTITUTE OF TECHNOLOGY,CALIFORNIA INSTITUTE OF TECHNOLOGY,YC1YP79BFD19,YC1YP79BFD19,CALIFORNIA INSTITUTE OF TECHNOLOGY,CALIFORNIA INSTITUTE OF TECHNOLOGY,USA,CA,LOS ANGELES,PASADENA,CA-28,CA-28,911098001,UNITED STATES,CALIFORNIA,LOS ANGELES,CA-28,CA-28,911098099,,,AR22,R&D- SPACE: SCIENCE/APPLICATIONS (APPLIED RESEARCH/EXPLORATORY DEVELOPMENT),541715,"RESEARCH AND DEVELOPMENT IN THE PHYSICAL, ENGINEERING, AND LIFE SCIENCES (EXCEPT NANOTECHNOLOGY AND BIOTECHNOLOGY)",,,https://www.usaspending.gov/award/CONT_AWD_80NM0018F0629_8000_80NM0018D0004_8000/,2019-05-14
National Aeronautics and Space Administration,National Aeronautics and Space Administration,FY2019Q2,,080,2019,2020,,0120,000,080-2019/2020-0120-000,"Science, National Aeronautics and Space Administration",National Aeronautics and Space Administration,,"General Science, Space, and Technology","Space flight, research, and supporting activities",080-0120,"Science, National Aeronautics and Space Administration",0001,SCIENCE (DIRECT),25.5,Research and development contracts,D,,,2050000.00,,,,CONT_AWD_80NM0018F0629_8000_80NM0018D0004_8000,80NM0018F0629,80NM0018D0004,,,2018-07-27,2018,2025-07-21,2025,2018-10-01,2028-09-30,,C,DELIVERY ORDER,,,MARS RECONNAISSANCE ORBITER: PHASE E 62-10131,080,NATIONAL AERONAUTICS AND SPACE ADMINISTRATION (NASA),8000,NATIONAL AERONAUTICS AND SPACE ADMINISTRATION,80NM00,NASA MANAGEMENT OFFICE -- JPL,080,NATIONAL AERONAUTICS AND SPACE ADMINISTRATION (NASA),8000,NATIONAL AERONAUTICS AND SPACE ADMINISTRATION,80NM00,NASA MANAGEMENT OFFICE -- JPL,YC1YP79BFD19,,CALIFORNIA INSTITUTE OF TECHNOLOGY,CALIFORNIA INSTITUTE OF TECHNOLOGY,YC1YP79BFD19,YC1YP79BFD19,CALIFORNIA INSTITUTE OF TECHNOLOGY,CALIFORNIA INSTITUTE OF TECHNOLOGY,USA,CA,LOS ANGELES,PASADENA,CA-28,CA-28,911098001,UNITED STATES,CALIFORNIA,LOS ANGELES,CA-28,CA-28,911098099,,,AR22,R&D- SPACE: SCIENCE/APPLICATIONS (APPLIED RESEARCH/EXPLORATORY DEVELOPMENT),541715,"RESEARCH AND DEVELOPMENT IN THE PHYSICAL, ENGINEERING, AND LIFE SCIENCES (EXCEPT NANOTECHNOLOGY AND BIOTECHNOLOGY)",,,https://www.usaspending.gov/award/CONT_AWD_80NM0018F0629_8000_80NM0018D0004_8000/,2019-05-14
National Aeronautics and Space Administration,National Aeronautics and Space Administration,FY2019Q3,,080,2019,2020,,0120,000,080-2019/2020-0120-000,"Science, National Aeronautics and Space Administration",National Aeronautics and Space Administration,,"General Science, Space, and Technology","Space flight, research, and supporting activities",080-0120,"Science, National Aeronautics and Space Administration",0001,SCIENCE (DIRECT),25.5,Research and development contracts,D,,,12946874.00,,,,CONT_AWD_80NM0018F0629_8000_80NM0018D0004_8000,80NM0018F0629,80NM0018D0004,,,2018-07-27,2018,2025-07-21,2025,2018-10-01,2028-09-30,,C,DELIVERY ORDER,,,MARS RECONNAISSANCE ORBITER: PHASE E 62-10131,080,NATIONAL AERONAUTICS AND SPACE ADMINISTRATION (NASA),8000,NATIONAL AERONAUTICS AND SPACE ADMINISTRATION,80NM00,NASA MANAGEMENT OFFICE -- JPL,080,NATIONAL AERONAUTICS AND SPACE ADMINISTRATION (NASA),8000,NATIONAL AERONAUTICS AND SPACE ADMINISTRATION,80NM00,NASA MANAGEMENT OFFICE -- JPL,YC1YP79BFD19,,CALIFORNIA INSTITUTE OF TECHNOLOGY,CALIFORNIA INSTITUTE OF TECHNOLOGY,YC1YP79BFD19,YC1YP79BFD19,CALIFORNIA INSTITUTE OF TECHNOLOGY,CALIFORNIA INSTITUTE OF TECHNOLOGY,USA,CA,LOS ANGELES,PASADENA,CA-28,CA-28,911098001,UNITED STATES,CALIFORNIA,LOS ANGELES,CA-28,CA-28,911098099,,,AR22,R&D- SPACE: SCIENCE/APPLICATIONS (APPLIED RESEARCH/EXPLORATORY DEVELOPMENT),541715,"RESEARCH AND DEVELOPMENT IN THE PHYSICAL, ENGINEERING, AND LIFE SCIENCES (EXCEPT NANOTECHNOLOGY AND BIOTECHNOLOGY)",,,https://www.usaspending.gov/award/CONT_AWD_80NM0018F0629_8000_80NM0018D0004_8000/,2019-08-01
National Aeronautics and Space Administration,National Aeronautics and Space Administration,FY2019Q4,,080,2019,2020,,0120,000,080-2019/2020-0120-000,"Science, National Aeronautics and Space Administration",National Aeronautics and Space Administration,,"General Science, Space, and Technology","Space flight, research, and supporting activities",080-0120,"Science, National Aeronautics and Space Administration",0001,SCIENCE (DIRECT),25.5,Research and development contracts,D,,,154999.00,,,,CONT_AWD_80NM0018F0629_8000_80NM0018D0004_8000,80NM0018F0629,80NM0018D0004,,,2018-07-27,2018,2025-07-21,2025,2018-10-01,2028-09-30,,C,DELIVERY ORDER,,,MARS RECONNAISSANCE ORBITER: PHASE E 62-10131,080,NATIONAL AERONAUTICS AND SPACE ADMINISTRATION (NASA),8000,NATIONAL AERONAUTICS AND SPACE ADMINISTRATION,80NM00,NASA MANAGEMENT OFFICE -- JPL,080,NATIONAL AERONAUTICS AND SPACE ADMINISTRATION (NASA),8000,NATIONAL AERONAUTICS AND SPACE ADMINISTRATION,80NM00,NASA MANAGEMENT OFFICE -- JPL,YC1YP79BFD19,,CALIFORNIA INSTITUTE OF TECHNOLOGY,CALIFORNIA INSTITUTE OF TECHNOLOGY,YC1YP79BFD19,YC1YP79BFD19,CALIFORNIA INSTITUTE OF TECHNOLOGY,CALIFORNIA INSTITUTE OF TECHNOLOGY,USA,CA,LOS ANGELES,PASADENA,CA-28,CA-28,911098001,UNITED STATES,CALIFORNIA,LOS ANGELES,CA-28,CA-28,911098099,,,AR22,R&D- SPACE: SCIENCE/APPLICATIONS (APPLIED RESEARCH/EXPLORATORY DEVELOPMENT),541715,"RESEARCH AND DEVELOPMENT IN THE PHYSICAL, ENGINEERING, AND LIFE SCIENCES (EXCEPT NANOTECHNOLOGY AND BIOTECHNOLOGY)",,,https://www.usaspending.gov/award/CONT_AWD_80NM0018F0629_8000_80NM0018D0004_8000/,2019-11-14
National Aeronautics and Space Administration,National Aeronautics and Space Administration,FY2021P05,,080,2020,2021,,0120,000,080-2020/2021-0120-000,"Science, National Aeronautics and Space Administration",National Aeronautics and Space Administration,,"General Science, Space, and Technology","Space flight, research, and supporting activities",080-0120,"Science, National Aeronautics and Space Administration",0001,SCIENCE (DIRECT),25.5,Research and development contracts,D,Q,Not Designated Nonemergency/Emergency/Disaster/Wildfire Suppression,,7009933.67,,,CONT_AWD_80NM0018F0629_8000_80NM0018D0004_8000,80NM0018F0629,80NM0018D0004,,,2018-07-27,2018,2025-07-21,2025,2018-10-01,2028-09-30,,C,DELIVERY ORDER,,,MARS RECONNAISSANCE ORBITER: PHASE E 62-10131,080,NATIONAL AERONAUTICS AND SPACE ADMINISTRATION (NASA),8000,NATIONAL AERONAUTICS AND SPACE ADMINISTRATION,80NM00,NASA MANAGEMENT OFFICE -- JPL,080,NATIONAL AERONAUTICS AND SPACE ADMINISTRATION (NASA),8000,NATIONAL AERONAUTICS AND SPACE ADMINISTRATION,80NM00,NASA MANAGEMENT OFFICE -- JPL,YC1YP79BFD19,,CALIFORNIA INSTITUTE OF TECHNOLOGY,CALIFORNIA INSTITUTE OF TECHNOLOGY,YC1YP79BFD19,YC1YP79BFD19,CALIFORNIA INSTITUTE OF TECHNOLOGY,CALIFORNIA INSTITUTE OF TECHNOLOGY,USA,CA,LOS ANGELES,PASADENA,CA-28,CA-28,911098001,UNITED STATES,CALIFORNIA,LOS ANGELES,CA-28,CA-28,911098099,,,AR22,R&D- SPACE: SCIENCE/APPLICATIONS (APPLIED RESEARCH/EXPLORATORY DEVELOPMENT),541715,"RESEARCH AND DEVELOPMENT IN THE PHYSICAL, ENGINEERING, AND LIFE SCIENCES (EXCEPT NANOTECHNOLOGY AND BIOTECHNOLOGY)",,,https://www.usaspending.gov/award/CONT_AWD_80NM0018F0629_8000_80NM0018D0004_8000/,2021-03-26
National Aeronautics and Space Administration,National Aeronautics and Space Administration,FY2021P05,,080,2021,2022,,0120,000,080-2021/2022-0120-000,"Science, National Aeronautics and Space Administration",National Aeronautics and Space Administration,,"General Science, Space, and Technology","Space flight, research, and supporting activities",080-0120,"Science, National Aeronautics and Space Administration",0001,SCIENCE (DIRECT),25.5,Research and development contracts,D,Q,Not Designated Nonemergency/Emergency/Disaster/Wildfire Suppression,8800000.00,,,,CONT_AWD_80NM0018F0629_8000_80NM0018D0004_8000,80NM0018F0629,80NM0018D0004,,,2018-07-27,2018,2025-07-21,2025,2018-10-01,2028-09-30,,C,DELIVERY ORDER,,,MARS RECONNAISSANCE ORBITER: PHASE E 62-10131,080,NATIONAL AERONAUTICS AND SPACE ADMINISTRATION (NASA),8000,NATIONAL AERONAUTICS AND SPACE ADMINISTRATION,80NM00,NASA MANAGEMENT OFFICE -- JPL,080,NATIONAL AERONAUTICS AND SPACE ADMINISTRATION (NASA),8000,NATIONAL AERONAUTICS AND SPACE ADMINISTRATION,80NM00,NASA MANAGEMENT OFFICE -- JPL,YC1YP79BFD19,,CALIFORNIA INSTITUTE OF TECHNOLOGY,CALIFORNIA INSTITUTE OF TECHNOLOGY,YC1YP79BFD19,YC1YP79BFD19,CALIFORNIA INSTITUTE OF TECHNOLOGY,CALIFORNIA INSTITUTE OF TECHNOLOGY,USA,CA,LOS ANGELES,PASADENA,CA-28,CA-28,911098001,UNITED STATES,CALIFORNIA,LOS ANGELES,CA-28,CA-28,911098099,,,AR22,R&D- SPACE: SCIENCE/APPLICATIONS (APPLIED RESEARCH/EXPLORATORY DEVELOPMENT),541715,"RESEARCH AND DEVELOPMENT IN THE PHYSICAL, ENGINEERING, AND LIFE SCIENCES (EXCEPT NANOTECHNOLOGY AND BIOTECHNOLOGY)",,,https://www.usaspending.gov/award/CONT_AWD_80NM0018F0629_8000_80NM0018D0004_8000/,2021-03-26
National Aeronautics and Space Administration,National Aeronautics and Space Administration,FY2021P05,,080,2021,2022,,0120,000,080-2021/2022-0120-000,"Science, National Aeronautics and Space Administration",National Aeronautics and Space Administration,,"General Science, Space, and Technology","Space flight, research, and supporting activities",080-0120,"Science, National Aeronautics and Space Administration",0001,SCIENCE (DIRECT),25.5,Research and development contracts,D,Q,Not Designated Nonemergency/Emergency/Disaster/Wildfire Suppression,,2573198.28,,,CONT_AWD_80NM0018F0629_8000_80NM0018D0004_8000,80NM0018F0629,80NM0018D0004,,,2018-07-27,2018,2025-07-21,2025,2018-10-01,2028-09-30,,C,DELIVERY ORDER,,,MARS RECONNAISSANCE ORBITER: PHASE E 62-10131,080,NATIONAL AERONAUTICS AND SPACE ADMINISTRATION (NASA),8000,NATIONAL AERONAUTICS AND SPACE ADMINISTRATION,80NM00,NASA MANAGEMENT OFFICE -- JPL,080,NATIONAL AERONAUTICS AND SPACE ADMINISTRATION (NASA),8000,NATIONAL AERONAUTICS AND SPACE ADMINISTRATION,80NM00,NASA MANAGEMENT OFFICE -- JPL,YC1YP79BFD19,,CALIFORNIA INSTITUTE OF TECHNOLOGY,CALIFORNIA INSTITUTE OF TECHNOLOGY,YC1YP79BFD19,YC1YP79BFD19,CALIFORNIA INSTITUTE OF TECHNOLOGY,CALIFORNIA INSTITUTE OF TECHNOLOGY,USA,CA,LOS ANGELES,PASADENA,CA-28,CA-28,911098001,UNITED STATES,CALIFORNIA,LOS ANGELES,CA-28,CA-28,911098099,,,AR22,R&D- SPACE: SCIENCE/APPLICATIONS (APPLIED RESEARCH/EXPLORATORY DEVELOPMENT),541715,"RESEARCH AND DEVELOPMENT IN THE PHYSICAL, ENGINEERING, AND LIFE SCIENCES (EXCEPT NANOTECHNOLOGY AND BIOTECHNOLOGY)",,,https://www.usaspending.gov/award/CONT_AWD_80NM0018F0629_8000_80NM0018D0004_8000/,2021-03-26
National Aeronautics and Space Administration,National Aeronautics and Space Administration,FY2021P06,,080,2020,2021,,0120,000,080-2020/2021-0120-000,"Science, National Aeronautics and Space Administration",National Aeronautics and Space Administration,,"General Science, Space, and Technology","Space flight, research, and supporting activities",080-0120,"Science, National Aeronautics and Space Administration",0001,SCIENCE (DIRECT),25.5,Research and development contracts,D,Q,Not Designated Nonemergency/Emergency/Disaster/Wildfire Suppression,,7009933.67,,,CONT_AWD_80NM0018F0629_8000_80NM0018D0004_8000,80NM0018F0629,80NM0018D0004,,,2018-07-27,2018,2025-07-21,2025,2018-10-01,2028-09-30,,C,DELIVERY ORDER,,,MARS RECONNAISSANCE ORBITER: PHASE E 62-10131,080,NATIONAL AERONAUTICS AND SPACE ADMINISTRATION (NASA),8000,NATIONAL AERONAUTICS AND SPACE ADMINISTRATION,80NM00,NASA MANAGEMENT OFFICE -- JPL,080,NATIONAL AERONAUTICS AND SPACE ADMINISTRATION (NASA),8000,NATIONAL AERONAUTICS AND SPACE ADMINISTRATION,80NM00,NASA MANAGEMENT OFFICE -- JPL,YC1YP79BFD19,,CALIFORNIA INSTITUTE OF TECHNOLOGY,CALIFORNIA INSTITUTE OF TECHNOLOGY,YC1YP79BFD19,YC1YP79BFD19,CALIFORNIA INSTITUTE OF TECHNOLOGY,CALIFORNIA INSTITUTE OF TECHNOLOGY,USA,CA,LOS ANGELES,PASADENA,CA-28,CA-28,911098001,UNITED STATES,CALIFORNIA,LOS ANGELES,CA-28,CA-28,911098099,,,AR22,R&D- SPACE: SCIENCE/APPLICATIONS (APPLIED RESEARCH/EXPLORATORY DEVELOPMENT),541715,"RESEARCH AND DEVELOPMENT IN THE PHYSICAL, ENGINEERING, AND LIFE SCIENCES (EXCEPT NANOTECHNOLOGY AND BIOTECHNOLOGY)",,,https://www.usaspending.gov/award/CONT_AWD_80NM0018F0629_8000_80NM0018D0004_8000/,2021-04-25
National Aeronautics and Space Administration,National Aeronautics and Space Administration,FY2021P06,,080,2021,2022,,0120,000,080-2021/2022-0120-000,"Science, National Aeronautics and Space Administration",National Aeronautics and Space Administration,,"General Science, Space, and Technology","Space flight, research, and supporting activities",080-0120,"Science, National Aeronautics and Space Administration",0001,SCIENCE (DIRECT),25.5,Research and development contracts,D,Q,Not Designated Nonemergency/Emergency/Disaster/Wildfire Suppression,,5560556.72,,,CONT_AWD_80NM0018F0629_8000_80NM0018D0004_8000,80NM0018F0629,80NM0018D0004,,,2018-07-27,2018,2025-07-21,2025,2018-10-01,2028-09-30,,C,DELIVERY ORDER,,,MARS RECONNAISSANCE ORBITER: PHASE E 62-10131,080,NATIONAL AERONAUTICS AND SPACE ADMINISTRATION (NASA),8000,NATIONAL AERONAUTICS AND SPACE ADMINISTRATION,80NM00,NASA MANAGEMENT OFFICE -- JPL,080,NATIONAL AERONAUTICS AND SPACE ADMINISTRATION (NASA),8000,NATIONAL AERONAUTICS AND SPACE ADMINISTRATION,80NM00,NASA MANAGEMENT OFFICE -- JPL,YC1YP79BFD19,,CALIFORNIA INSTITUTE OF TECHNOLOGY,CALIFORNIA INSTITUTE OF TECHNOLOGY,YC1YP79BFD19,YC1YP79BFD19,CALIFORNIA INSTITUTE OF TECHNOLOGY,CALIFORNIA INSTITUTE OF TECHNOLOGY,USA,CA,LOS ANGELES,PASADENA,CA-28,CA-28,911098001,UNITED STATES,CALIFORNIA,LOS ANGELES,CA-28,CA-28,911098099,,,AR22,R&D- SPACE: SCIENCE/APPLICATIONS (APPLIED RESEARCH/EXPLORATORY DEVELOPMENT),541715,"RESEARCH AND DEVELOPMENT IN THE PHYSICAL, ENGINEERING, AND LIFE SCIENCES (EXCEPT NANOTECHNOLOGY AND BIOTECHNOLOGY)",,,https://www.usaspending.gov/award/CONT_AWD_80NM0018F0629_8000_80NM0018D0004_8000/,2021-04-25
National Aeronautics and Space Administration,National Aeronautics and Space Administration,FY2021P07,,080,2020,2021,,0120,000,080-2020/2021-0120-000,"Science, National Aeronautics and Space Administration",National Aeronautics and Space Administration,,"General Science, Space, and Technology","Space flight, research, and supporting activities",080-0120,"Science, National Aeronautics and Space Administration",0001,SCIENCE (DIRECT),25.5,Research and development contracts,D,Q,Not Designated Nonemergency/Emergency/Disaster/Wildfire Suppression,,7009933.67,,,CONT_AWD_80NM0018F0629_8000_80NM0018D0004_8000,80NM0018F0629,80NM0018D0004,,,2018-07-27,2018,2025-07-21,2025,2018-10-01,2028-09-30,,C,DELIVERY ORDER,,,MARS RECONNAISSANCE ORBITER: PHASE E 62-10131,080,NATIONAL AERONAUTICS AND SPACE ADMINISTRATION (NASA),8000,NATIONAL AERONAUTICS AND SPACE ADMINISTRATION,80NM00,NASA MANAGEMENT OFFICE -- JPL,080,NATIONAL AERONAUTICS AND SPACE ADMINISTRATION (NASA),8000,NATIONAL AERONAUTICS AND SPACE ADMINISTRATION,80NM00,NASA MANAGEMENT OFFICE -- JPL,YC1YP79BFD19,,CALIFORNIA INSTITUTE OF TECHNOLOGY,CALIFORNIA INSTITUTE OF TECHNOLOGY,YC1YP79BFD19,YC1YP79BFD19,CALIFORNIA INSTITUTE OF TECHNOLOGY,CALIFORNIA INSTITUTE OF TECHNOLOGY,USA,CA,LOS ANGELES,PASADENA,CA-28,CA-28,911098001,UNITED STATES,CALIFORNIA,LOS ANGELES,CA-28,CA-28,911098099,,,AR22,R&D- SPACE: SCIENCE/APPLICATIONS (APPLIED RESEARCH/EXPLORATORY DEVELOPMENT),541715,"RESEARCH AND DEVELOPMENT IN THE PHYSICAL, ENGINEERING, AND LIFE SCIENCES (EXCEPT NANOTECHNOLOGY AND BIOTECHNOLOGY)",,,https://www.usaspending.gov/award/CONT_AWD_80NM0018F0629_8000_80NM0018D0004_8000/,2021-05-26
National Aeronautics and Space Administration,National Aeronautics and Space Administration,FY2021P07,,080,2021,2022,,0120,000,080-2021/2022-0120-000,"Science, National Aeronautics and Space Administration",National Aeronautics and Space Administration,,"General Science, Space, and Technology","Space flight, research, and supporting activities",080-0120,"Science, National Aeronautics and Space Administration",0001,SCIENCE (DIRECT),25.5,Research and development contracts,D,Q,Not Designated Nonemergency/Emergency/Disaster/Wildfire Suppression,,7004175.26,,,CONT_AWD_80NM0018F0629_8000_80NM0018D0004_8000,80NM0018F0629,80NM0018D0004,,,2018-07-27,2018,2025-07-21,2025,2018-10-01,2028-09-30,,C,DELIVERY ORDER,,,MARS RECONNAISSANCE ORBITER: PHASE E 62-10131,080,NATIONAL AERONAUTICS AND SPACE ADMINISTRATION (NASA),8000,NATIONAL AERONAUTICS AND SPACE ADMINISTRATION,80NM00,NASA MANAGEMENT OFFICE -- JPL,080,NATIONAL AERONAUTICS AND SPACE ADMINISTRATION (NASA),8000,NATIONAL AERONAUTICS AND SPACE ADMINISTRATION,80NM00,NASA MANAGEMENT OFFICE -- JPL,YC1YP79BFD19,,CALIFORNIA INSTITUTE OF TECHNOLOGY,CALIFORNIA INSTITUTE OF TECHNOLOGY,YC1YP79BFD19,YC1YP79BFD19,CALIFORNIA INSTITUTE OF TECHNOLOGY,CALIFORNIA INSTITUTE OF TECHNOLOGY,USA,CA,LOS ANGELES,PASADENA,CA-28,CA-28,911098001,UNITED STATES,CALIFORNIA,LOS ANGELES,CA-28,CA-28,911098099,,,AR22,R&D- SPACE: SCIENCE/APPLICATIONS (APPLIED RESEARCH/EXPLORATORY DEVELOPMENT),541715,"RESEARCH AND DEVELOPMENT IN THE PHYSICAL, ENGINEERING, AND LIFE SCIENCES (EXCEPT NANOTECHNOLOGY AND BIOTECHNOLOGY)",,,https://www.usaspending.gov/award/CONT_AWD_80NM0018F0629_8000_80NM0018D0004_8000/,2021-05-26
National Aeronautics and Space Administration,National Aeronautics and Space Administration,FY2021P08,,080,2021,2022,,0120,000,080-2021/2022-0120-000,"Science, National Aeronautics and Space Administration",National Aeronautics and Space Administration,,"General Science, Space, and Technology","Space flight, research, and supporting activities",080-0120,"Science, National Aeronautics and Space Administration",0001,SCIENCE (DIRECT),25.5,Research and development contracts,D,Q,Not Designated Nonemergency/Emergency/Disaster/Wildfire Suppression,,9234786.94,,,CONT_AWD_80NM0018F0629_8000_80NM0018D0004_8000,80NM0018F0629,80NM0018D0004,,,2018-07-27,2018,2025-07-21,2025,2018-10-01,2028-09-30,,C,DELIVERY ORDER,,,MARS RECONNAISSANCE ORBITER: PHASE E 62-10131,080,NATIONAL AERONAUTICS AND SPACE ADMINISTRATION (NASA),8000,NATIONAL AERONAUTICS AND SPACE ADMINISTRATION,80NM00,NASA MANAGEMENT OFFICE -- JPL,080,NATIONAL AERONAUTICS AND SPACE ADMINISTRATION (NASA),8000,NATIONAL AERONAUTICS AND SPACE ADMINISTRATION,80NM00,NASA MANAGEMENT OFFICE -- JPL,YC1YP79BFD19,,CALIFORNIA INSTITUTE OF TECHNOLOGY,CALIFORNIA INSTITUTE OF TECHNOLOGY,YC1YP79BFD19,YC1YP79BFD19,CALIFORNIA INSTITUTE OF TECHNOLOGY,CALIFORNIA INSTITUTE OF TECHNOLOGY,USA,CA,LOS ANGELES,PASADENA,CA-28,CA-28,911098001,UNITED STATES,CALIFORNIA,LOS ANGELES,CA-28,CA-28,911098099,,,AR22,R&D- SPACE: SCIENCE/APPLICATIONS (APPLIED RESEARCH/EXPLORATORY DEVELOPMENT),541715,"RESEARCH AND DEVELOPMENT IN THE PHYSICAL, ENGINEERING, AND LIFE SCIENCES (EXCEPT NANOTECHNOLOGY AND BIOTECHNOLOGY)",,,https://www.usaspending.gov/award/CONT_AWD_80NM0018F0629_8000_80NM0018D0004_8000/,2021-06-25
National Aeronautics and Space Administration,National Aeronautics and Space Administration,FY2021P08,,080,2020,2021,,0120,000,080-2020/2021-0120-000,"Science, National Aeronautics and Space Administration",National Aeronautics and Space Administration,,"General Science, Space, and Technology","Space flight, research, and supporting activities",080-0120,"Science, National Aeronautics and Space Administration",0001,SCIENCE (DIRECT),25.5,Research and development contracts,D,Q,Not Designated Nonemergency/Emergency/Disaster/Wildfire Suppression,,7009933.67,,,CONT_AWD_80NM0018F0629_8000_80NM0018D0004_8000,80NM0018F0629,80NM0018D0004,,,2018-07-27,2018,2025-07-21,2025,2018-10-01,2028-09-30,,C,DELIVERY ORDER,,,MARS RECONNAISSANCE ORBITER: PHASE E 62-10131,080,NATIONAL AERONAUTICS AND SPACE ADMINISTRATION (NASA),8000,NATIONAL AERONAUTICS AND SPACE ADMINISTRATION,80NM00,NASA MANAGEMENT OFFICE -- JPL,080,NATIONAL AERONAUTICS AND SPACE ADMINISTRATION (NASA),8000,NATIONAL AERONAUTICS AND SPACE ADMINISTRATION,80NM00,NASA MANAGEMENT OFFICE -- JPL,YC1YP79BFD19,,CALIFORNIA INSTITUTE OF TECHNOLOGY,CALIFORNIA INSTITUTE OF TECHNOLOGY,YC1YP79BFD19,YC1YP79BFD19,CALIFORNIA INSTITUTE OF TECHNOLOGY,CALIFORNIA INSTITUTE OF TECHNOLOGY,USA,CA,LOS ANGELES,PASADENA,CA-28,CA-28,911098001,UNITED STATES,CALIFORNIA,LOS ANGELES,CA-28,CA-28,911098099,,,AR22,R&D- SPACE: SCIENCE/APPLICATIONS (APPLIED RESEARCH/EXPLORATORY DEVELOPMENT),541715,"RESEARCH AND DEVELOPMENT IN THE PHYSICAL, ENGINEERING, AND LIFE SCIENCES (EXCEPT NANOTECHNOLOGY AND BIOTECHNOLOGY)",,,https://www.usaspending.gov/award/CONT_AWD_80NM0018F0629_8000_80NM0018D0004_8000/,2021-06-25
National Aeronautics and Space Administration,National Aeronautics and Space Administration,FY2021P09,,080,2020,2021,,0120,000,080-2020/2021-0120-000,"Science, National Aeronautics and Space Administration",National Aeronautics and Space Administration,,"General Science, Space, and Technology","Space flight, research, and supporting activities",080-0120,"Science, National Aeronautics and Space Administration",0001,SCIENCE (DIRECT),25.5,Research and development contracts,D,Q,Not Designated Nonemergency/Emergency/Disaster/Wildfire Suppression,,7009933.67,,,CONT_AWD_80NM0018F0629_8000_80NM0018D0004_8000,80NM0018F0629,80NM0018D0004,,,2018-07-27,2018,2025-07-21,2025,2018-10-01,2028-09-30,,C,DELIVERY ORDER,,,MARS RECONNAISSANCE ORBITER: PHASE E 62-10131,080,NATIONAL AERONAUTICS AND SPACE ADMINISTRATION (NASA),8000,NATIONAL AERONAUTICS AND SPACE ADMINISTRATION,80NM00,NASA MANAGEMENT OFFICE -- JPL,080,NATIONAL AERONAUTICS AND SPACE ADMINISTRATION (NASA),8000,NATIONAL AERONAUTICS AND SPACE ADMINISTRATION,80NM00,NASA MANAGEMENT OFFICE -- JPL,YC1YP79BFD19,,CALIFORNIA INSTITUTE OF TECHNOLOGY,CALIFORNIA INSTITUTE OF TECHNOLOGY,YC1YP79BFD19,YC1YP79BFD19,CALIFORNIA INSTITUTE OF TECHNOLOGY,CALIFORNIA INSTITUTE OF TECHNOLOGY,USA,CA,LOS ANGELES,PASADENA,CA-28,CA-28,911098001,UNITED STATES,CALIFORNIA,LOS ANGELES,CA-28,CA-28,911098099,,,AR22,R&D- SPACE: SCIENCE/APPLICATIONS (APPLIED RESEARCH/EXPLORATORY DEVELOPMENT),541715,"RESEARCH AND DEVELOPMENT IN THE PHYSICAL, ENGINEERING, AND LIFE SCIENCES (EXCEPT NANOTECHNOLOGY AND BIOTECHNOLOGY)",,,https://www.usaspending.gov/award/CONT_AWD_80NM0018F0629_8000_80NM0018D0004_8000/,2021-07-27
National Aeronautics and Space Administration,National Aeronautics and Space Administration,FY2021P09,,080,2021,2022,,0120,000,080-2021/2022-0120-000,"Science, National Aeronautics and Space Administration",National Aeronautics and Space Administration,,"General Science, Space, and Technology","Space flight, research, and supporting activities",080-0120,"Science, National Aeronautics and Space Administration",0001,SCIENCE (DIRECT),25.5,Research and development contracts,D,Q,Not Designated Nonemergency/Emergency/Disaster/Wildfire Suppression,8271751.00,,,,CONT_AWD_80NM0018F0629_8000_80NM0018D0004_8000,80NM0018F0629,80NM0018D0004,,,2018-07-27,2018,2025-07-21,2025,2018-10-01,2028-09-30,,C,DELIVERY ORDER,,,MARS RECONNAISSANCE ORBITER: PHASE E 62-10131,080,NATIONAL AERONAUTICS AND SPACE ADMINISTRATION (NASA),8000,NATIONAL AERONAUTICS AND SPACE ADMINISTRATION,80NM00,NASA MANAGEMENT OFFICE -- JPL,080,NATIONAL AERONAUTICS AND SPACE ADMINISTRATION (NASA),8000,NATIONAL AERONAUTICS AND SPACE ADMINISTRATION,80NM00,NASA MANAGEMENT OFFICE -- JPL,YC1YP79BFD19,,CALIFORNIA INSTITUTE OF TECHNOLOGY,CALIFORNIA INSTITUTE OF TECHNOLOGY,YC1YP79BFD19,YC1YP79BFD19,CALIFORNIA INSTITUTE OF TECHNOLOGY,CALIFORNIA INSTITUTE OF TECHNOLOGY,USA,CA,LOS ANGELES,PASADENA,CA-28,CA-28,911098001,UNITED STATES,CALIFORNIA,LOS ANGELES,CA-28,CA-28,911098099,,,AR22,R&D- SPACE: SCIENCE/APPLICATIONS (APPLIED RESEARCH/EXPLORATORY DEVELOPMENT),541715,"RESEARCH AND DEVELOPMENT IN THE PHYSICAL, ENGINEERING, AND LIFE SCIENCES (EXCEPT NANOTECHNOLOGY AND BIOTECHNOLOGY)",,,https://www.usaspending.gov/award/CONT_AWD_80NM0018F0629_8000_80NM0018D0004_8000/,2021-07-27
National Aeronautics and Space Administration,National Aeronautics and Space Administration,FY2021P09,,080,2021,2022,,0120,000,080-2021/2022-0120-000,"Science, National Aeronautics and Space Administration",National Aeronautics and Space Administration,,"General Science, Space, and Technology","Space flight, research, and supporting activities",080-0120,"Science, National Aeronautics and Space Administration",0001,SCIENCE (DIRECT),25.5,Research and development contracts,D,Q,Not Designated Nonemergency/Emergency/Disaster/Wildfire Suppression,,11619429.07,,,CONT_AWD_80NM0018F0629_8000_80NM0018D0004_8000,80NM0018F0629,80NM0018D0004,,,2018-07-27,2018,2025-07-21,2025,2018-10-01,2028-09-30,,C,DELIVERY ORDER,,,MARS RECONNAISSANCE ORBITER: PHASE E 62-10131,080,NATIONAL AERONAUTICS AND SPACE ADMINISTRATION (NASA),8000,NATIONAL AERONAUTICS AND SPACE ADMINISTRATION,80NM00,NASA MANAGEMENT OFFICE -- JPL,080,NATIONAL AERONAUTICS AND SPACE ADMINISTRATION (NASA),8000,NATIONAL AERONAUTICS AND SPACE ADMINISTRATION,80NM00,NASA MANAGEMENT OFFICE -- JPL,YC1YP79BFD19,,CALIFORNIA INSTITUTE OF TECHNOLOGY,CALIFORNIA INSTITUTE OF TECHNOLOGY,YC1YP79BFD19,YC1YP79BFD19,CALIFORNIA INSTITUTE OF TECHNOLOGY,CALIFORNIA INSTITUTE OF TECHNOLOGY,USA,CA,LOS ANGELES,PASADENA,CA-28,CA-28,911098001,UNITED STATES,CALIFORNIA,LOS ANGELES,CA-28,CA-28,911098099,,,AR22,R&D- SPACE: SCIENCE/APPLICATIONS (APPLIED RESEARCH/EXPLORATORY DEVELOPMENT),541715,"RESEARCH AND DEVELOPMENT IN THE PHYSICAL, ENGINEERING, AND LIFE SCIENCES (EXCEPT NANOTECHNOLOGY AND BIOTECHNOLOGY)",,,https://www.usaspending.gov/award/CONT_AWD_80NM0018F0629_8000_80NM0018D0004_8000/,2021-07-27
National Aeronautics and Space Administration,National Aeronautics and Space Administration,FY2021P10,,080,2020,2021,,0120,000,080-2020/2021-0120-000,"Science, National Aeronautics and Space Administration",National Aeronautics and Space Administration,,"General Science, Space, and Technology","Space flight, research, and supporting activities",080-0120,"Science, National Aeronautics and Space Administration",0001,SCIENCE (DIRECT),25.5,Research and development contracts,D,Q,Not Designated Nonemergency/Emergency/Disaster/Wildfire Suppression,,7009933.67,,,CONT_AWD_80NM0018F0629_8000_80NM0018D0004_8000,80NM0018F0629,80NM0018D0004,,,2018-07-27,2018,2025-07-21,2025,2018-10-01,2028-09-30,,C,DELIVERY ORDER,,,MARS RECONNAISSANCE ORBITER: PHASE E 62-10131,080,NATIONAL AERONAUTICS AND SPACE ADMINISTRATION (NASA),8000,NATIONAL AERONAUTICS AND SPACE ADMINISTRATION,80NM00,NASA MANAGEMENT OFFICE -- JPL,080,NATIONAL AERONAUTICS AND SPACE ADMINISTRATION (NASA),8000,NATIONAL AERONAUTICS AND SPACE ADMINISTRATION,80NM00,NASA MANAGEMENT OFFICE -- JPL,YC1YP79BFD19,,CALIFORNIA INSTITUTE OF TECHNOLOGY,CALIFORNIA INSTITUTE OF TECHNOLOGY,YC1YP79BFD19,YC1YP79BFD19,CALIFORNIA INSTITUTE OF TECHNOLOGY,CALIFORNIA INSTITUTE OF TECHNOLOGY,USA,CA,LOS ANGELES,PASADENA,CA-28,CA-28,911098001,UNITED STATES,CALIFORNIA,LOS ANGELES,CA-28,CA-28,911098099,,,AR22,R&D- SPACE: SCIENCE/APPLICATIONS (APPLIED RESEARCH/EXPLORATORY DEVELOPMENT),541715,"RESEARCH AND DEVELOPMENT IN THE PHYSICAL, ENGINEERING, AND LIFE SCIENCES (EXCEPT NANOTECHNOLOGY AND BIOTECHNOLOGY)",,,https://www.usaspending.gov/award/CONT_AWD_80NM0018F0629_8000_80NM0018D0004_8000/,2021-08-27
National Aeronautics and Space Administration,National Aeronautics and Space Administration,FY2021P10,,080,2021,2022,,0120,000,080-2021/2022-0120-000,"Science, National Aeronautics and Space Administration",National Aeronautics and Space Administration,,"General Science, Space, and Technology","Space flight, research, and supporting activities",080-0120,"Science, National Aeronautics and Space Administration",0001,SCIENCE (DIRECT),25.5,Research and development contracts,D,Q,Not Designated Nonemergency/Emergency/Disaster/Wildfire Suppression,,13305830.52,,,CONT_AWD_80NM0018F0629_8000_80NM0018D0004_8000,80NM0018F0629,80NM0018D0004,,,2018-07-27,2018,2025-07-21,2025,2018-10-01,2028-09-30,,C,DELIVERY ORDER,,,MARS RECONNAISSANCE ORBITER: PHASE E 62-10131,080,NATIONAL AERONAUTICS AND SPACE ADMINISTRATION (NASA),8000,NATIONAL AERONAUTICS AND SPACE ADMINISTRATION,80NM00,NASA MANAGEMENT OFFICE -- JPL,080,NATIONAL AERONAUTICS AND SPACE ADMINISTRATION (NASA),8000,NATIONAL AERONAUTICS AND SPACE ADMINISTRATION,80NM00,NASA MANAGEMENT OFFICE -- JPL,YC1YP79BFD19,,CALIFORNIA INSTITUTE OF TECHNOLOGY,CALIFORNIA INSTITUTE OF TECHNOLOGY,YC1YP79BFD19,YC1YP79BFD19,CALIFORNIA INSTITUTE OF TECHNOLOGY,CALIFORNIA INSTITUTE OF TECHNOLOGY,USA,CA,LOS ANGELES,PASADENA,CA-28,CA-28,911098001,UNITED STATES,CALIFORNIA,LOS ANGELES,CA-28,CA-28,911098099,,,AR22,R&D- SPACE: SCIENCE/APPLICATIONS (APPLIED RESEARCH/EXPLORATORY DEVELOPMENT),541715,"RESEARCH AND DEVELOPMENT IN THE PHYSICAL, ENGINEERING, AND LIFE SCIENCES (EXCEPT NANOTECHNOLOGY AND BIOTECHNOLOGY)",,,https://www.usaspending.gov/award/CONT_AWD_80NM0018F0629_8000_80NM0018D0004_8000/,2021-08-27
National Aeronautics and Space Administration,National Aeronautics and Space Administration,FY2021P11,,080,2021,2022,,0120,000,080-2021/2022-0120-000,"Science, National Aeronautics and Space Administration",National Aeronautics and Space Administration,,"General Science, Space, and Technology","Space flight, research, and supporting activities",080-0120,"Science, National Aeronautics and Space Administration",0001,SCIENCE (DIRECT),25.5,Research and development contracts,D,Q,Not Designated Nonemergency/Emergency/Disaster/Wildfire Suppression,,16190580.26,,,CONT_AWD_80NM0018F0629_8000_80NM0018D0004_8000,80NM0018F0629,80NM0018D0004,,,2018-07-27,2018,2025-07-21,2025,2018-10-01,2028-09-30,,C,DELIVERY ORDER,,,MARS RECONNAISSANCE ORBITER: PHASE E 62-10131,080,NATIONAL AERONAUTICS AND SPACE ADMINISTRATION (NASA),8000,NATIONAL AERONAUTICS AND SPACE ADMINISTRATION,80NM00,NASA MANAGEMENT OFFICE -- JPL,080,NATIONAL AERONAUTICS AND SPACE ADMINISTRATION (NASA),8000,NATIONAL AERONAUTICS AND SPACE ADMINISTRATION,80NM00,NASA MANAGEMENT OFFICE -- JPL,YC1YP79BFD19,,CALIFORNIA INSTITUTE OF TECHNOLOGY,CALIFORNIA INSTITUTE OF TECHNOLOGY,YC1YP79BFD19,YC1YP79BFD19,CALIFORNIA INSTITUTE OF TECHNOLOGY,CALIFORNIA INSTITUTE OF TECHNOLOGY,USA,CA,LOS ANGELES,PASADENA,CA-28,CA-28,911098001,UNITED STATES,CALIFORNIA,LOS ANGELES,CA-28,CA-28,911098099,,,AR22,R&D- SPACE: SCIENCE/APPLICATIONS (APPLIED RESEARCH/EXPLORATORY DEVELOPMENT),541715,"RESEARCH AND DEVELOPMENT IN THE PHYSICAL, ENGINEERING, AND LIFE SCIENCES (EXCEPT NANOTECHNOLOGY AND BIOTECHNOLOGY)",,,https://www.usaspending.gov/award/CONT_AWD_80NM0018F0629_8000_80NM0018D0004_8000/,2021-09-22
National Aeronautics and Space Administration,National Aeronautics and Space Administration,FY2021P11,,080,2020,2021,,0120,000,080-2020/2021-0120-000,"Science, National Aeronautics and Space Administration",National Aeronautics and Space Administration,,"General Science, Space, and Technology","Space flight, research, and supporting activities",080-0120,"Science, National Aeronautics and Space Administration",0001,SCIENCE (DIRECT),25.5,Research and development contracts,D,Q,Not Designated Nonemergency/Emergency/Disaster/Wildfire Suppression,,7009933.67,,,CONT_AWD_80NM0018F0629_8000_80NM0018D0004_8000,80NM0018F0629,80NM0018D0004,,,2018-07-27,2018,2025-07-21,2025,2018-10-01,2028-09-30,,C,DELIVERY ORDER,,,MARS RECONNAISSANCE ORBITER: PHASE E 62-10131,080,NATIONAL AERONAUTICS AND SPACE ADMINISTRATION (NASA),8000,NATIONAL AERONAUTICS AND SPACE ADMINISTRATION,80NM00,NASA MANAGEMENT OFFICE -- JPL,080,NATIONAL AERONAUTICS AND SPACE ADMINISTRATION (NASA),8000,NATIONAL AERONAUTICS AND SPACE ADMINISTRATION,80NM00,NASA MANAGEMENT OFFICE -- JPL,YC1YP79BFD19,,CALIFORNIA INSTITUTE OF TECHNOLOGY,CALIFORNIA INSTITUTE OF TECHNOLOGY,YC1YP79BFD19,YC1YP79BFD19,CALIFORNIA INSTITUTE OF TECHNOLOGY,CALIFORNIA INSTITUTE OF TECHNOLOGY,USA,CA,LOS ANGELES,PASADENA,CA-28,CA-28,911098001,UNITED STATES,CALIFORNIA,LOS ANGELES,CA-28,CA-28,911098099,,,AR22,R&D- SPACE: SCIENCE/APPLICATIONS (APPLIED RESEARCH/EXPLORATORY DEVELOPMENT),541715,"RESEARCH AND DEVELOPMENT IN THE PHYSICAL, ENGINEERING, AND LIFE SCIENCES (EXCEPT NANOTECHNOLOGY AND BIOTECHNOLOGY)",,,https://www.usaspending.gov/award/CONT_AWD_80NM0018F0629_8000_80NM0018D0004_8000/,2021-09-22
National Aeronautics and Space Administration,National Aeronautics and Space Administration,FY2021P12,,080,2020,2021,,0120,000,080-2020/2021-0120-000,"Science, National Aeronautics and Space Administration",National Aeronautics and Space Administration,,"General Science, Space, and Technology","Space flight, research, and supporting activities",080-0120,"Science, National Aeronautics and Space Administration",0001,SCIENCE (DIRECT),25.5,Research and development contracts,D,Q,Not Designated Nonemergency/Emergency/Disaster/Wildfire Suppression,,7009933.67,,,CONT_AWD_80NM0018F0629_8000_80NM0018D0004_8000,80NM0018F0629,80NM0018D0004,,,2018-07-27,2018,2025-07-21,2025,2018-10-01,2028-09-30,,C,DELIVERY ORDER,,,MARS RECONNAISSANCE ORBITER: PHASE E 62-10131,080,NATIONAL AERONAUTICS AND SPACE ADMINISTRATION (NASA),8000,NATIONAL AERONAUTICS AND SPACE ADMINISTRATION,80NM00,NASA MANAGEMENT OFFICE -- JPL,080,NATIONAL AERONAUTICS AND SPACE ADMINISTRATION (NASA),8000,NATIONAL AERONAUTICS AND SPACE ADMINISTRATION,80NM00,NASA MANAGEMENT OFFICE -- JPL,YC1YP79BFD19,,CALIFORNIA INSTITUTE OF TECHNOLOGY,CALIFORNIA INSTITUTE OF TECHNOLOGY,YC1YP79BFD19,YC1YP79BFD19,CALIFORNIA INSTITUTE OF TECHNOLOGY,CALIFORNIA INSTITUTE OF TECHNOLOGY,USA,CA,LOS ANGELES,PASADENA,CA-28,CA-28,911098001,UNITED STATES,CALIFORNIA,LOS ANGELES,CA-28,CA-28,911098099,,,AR22,R&D- SPACE: SCIENCE/APPLICATIONS (APPLIED RESEARCH/EXPLORATORY DEVELOPMENT),541715,"RESEARCH AND DEVELOPMENT IN THE PHYSICAL, ENGINEERING, AND LIFE SCIENCES (EXCEPT NANOTECHNOLOGY AND BIOTECHNOLOGY)",,,https://www.usaspending.gov/award/CONT_AWD_80NM0018F0629_8000_80NM0018D0004_8000/,2021-11-06
National Aeronautics and Space Administration,National Aeronautics and Space Administration,FY2021P12,,080,2021,2022,,0120,000,080-2021/2022-0120-000,"Science, National Aeronautics and Space Administration",National Aeronautics and Space Administration,,"General Science, Space, and Technology","Space flight, research, and supporting activities",080-0120,"Science, National Aeronautics and Space Administration",0001,SCIENCE (DIRECT),25.5,Research and development contracts,D,Q,Not Designated Nonemergency/Emergency/Disaster/Wildfire Suppression,,18323919.59,,,CONT_AWD_80NM0018F0629_8000_80NM0018D0004_8000,80NM0018F0629,80NM0018D0004,,,2018-07-27,2018,2025-07-21,2025,2018-10-01,2028-09-30,,C,DELIVERY ORDER,,,MARS RECONNAISSANCE ORBITER: PHASE E 62-10131,080,NATIONAL AERONAUTICS AND SPACE ADMINISTRATION (NASA),8000,NATIONAL AERONAUTICS AND SPACE ADMINISTRATION,80NM00,NASA MANAGEMENT OFFICE -- JPL,080,NATIONAL AERONAUTICS AND SPACE ADMINISTRATION (NASA),8000,NATIONAL AERONAUTICS AND SPACE ADMINISTRATION,80NM00,NASA MANAGEMENT OFFICE -- JPL,YC1YP79BFD19,,CALIFORNIA INSTITUTE OF TECHNOLOGY,CALIFORNIA INSTITUTE OF TECHNOLOGY,YC1YP79BFD19,YC1YP79BFD19,CALIFORNIA INSTITUTE OF TECHNOLOGY,CALIFORNIA INSTITUTE OF TECHNOLOGY,USA,CA,LOS ANGELES,PASADENA,CA-28,CA-28,911098001,UNITED STATES,CALIFORNIA,LOS ANGELES,CA-28,CA-28,911098099,,,AR22,R&D- SPACE: SCIENCE/APPLICATIONS (APPLIED RESEARCH/EXPLORATORY DEVELOPMENT),541715,"RESEARCH AND DEVELOPMENT IN THE PHYSICAL, ENGINEERING, AND LIFE SCIENCES (EXCEPT NANOTECHNOLOGY AND BIOTECHNOLOGY)",,,https://www.usaspending.gov/award/CONT_AWD_80NM0018F0629_8000_80NM0018D0004_8000/,2021-11-06
National Aeronautics and Space Administration,National Aeronautics and Space Administration,FY2021P12,,080,2021,2022,,0120,000,080-2021/2022-0120-000,"Science, National Aeronautics and Space Administration",National Aeronautics and Space Administration,,"General Science, Space, and Technology","Space flight, research, and supporting activities",080-0120,"Science, National Aeronautics and Space Administration",0001,SCIENCE (DIRECT),25.5,Research and development contracts,D,Q,Not Designated Nonemergency/Emergency/Disaster/Wildfire Suppression,1500000.00,,,,CONT_AWD_80NM0018F0629_8000_80NM0018D0004_8000,80NM0018F0629,80NM0018D0004,,,2018-07-27,2018,2025-07-21,2025,2018-10-01,2028-09-30,,C,DELIVERY ORDER,,,MARS RECONNAISSANCE ORBITER: PHASE E 62-10131,080,NATIONAL AERONAUTICS AND SPACE ADMINISTRATION (NASA),8000,NATIONAL AERONAUTICS AND SPACE ADMINISTRATION,80NM00,NASA MANAGEMENT OFFICE -- JPL,080,NATIONAL AERONAUTICS AND SPACE ADMINISTRATION (NASA),8000,NATIONAL AERONAUTICS AND SPACE ADMINISTRATION,80NM00,NASA MANAGEMENT OFFICE -- JPL,YC1YP79BFD19,,CALIFORNIA INSTITUTE OF TECHNOLOGY,CALIFORNIA INSTITUTE OF TECHNOLOGY,YC1YP79BFD19,YC1YP79BFD19,CALIFORNIA INSTITUTE OF TECHNOLOGY,CALIFORNIA INSTITUTE OF TECHNOLOGY,USA,CA,LOS ANGELES,PASADENA,CA-28,CA-28,911098001,UNITED STATES,CALIFORNIA,LOS ANGELES,CA-28,CA-28,911098099,,,AR22,R&D- SPACE: SCIENCE/APPLICATIONS (APPLIED RESEARCH/EXPLORATORY DEVELOPMENT),541715,"RESEARCH AND DEVELOPMENT IN THE PHYSICAL, ENGINEERING, AND LIFE SCIENCES (EXCEPT NANOTECHNOLOGY AND BIOTECHNOLOGY)",,,https://www.usaspending.gov/award/CONT_AWD_80NM0018F0629_8000_80NM0018D0004_8000/,2021-11-06
National Aeronautics and Space Administration,National Aeronautics and Space Administration,FY2022P02,,080,2021,2022,,0120,000,080-2021/2022-0120-000,"Science, National Aeronautics and Space Administration",National Aeronautics and Space Administration,,"General Science, Space, and Technology","Space flight, research, and supporting activities",080-0120,"Science, National Aeronautics and Space Administration",0001,SCIENCE (DIRECT),25.5,Research and development contracts,D,Q,Not Designated Nonemergency/Emergency/Disaster/Wildfire Suppression,,4652503.22,,,CONT_AWD_80NM0018F0629_8000_80NM0018D0004_8000,80NM0018F0629,80NM0018D0004,,,2018-07-27,2018,2025-07-21,2025,2018-10-01,2028-09-30,,C,DELIVERY ORDER,,,MARS RECONNAISSANCE ORBITER: PHASE E 62-10131,080,NATIONAL AERONAUTICS AND SPACE ADMINISTRATION (NASA),8000,NATIONAL AERONAUTICS AND SPACE ADMINISTRATION,80NM00,NASA MANAGEMENT OFFICE -- JPL,080,NATIONAL AERONAUTICS AND SPACE ADMINISTRATION (NASA),8000,NATIONAL AERONAUTICS AND SPACE ADMINISTRATION,80NM00,NASA MANAGEMENT OFFICE -- JPL,YC1YP79BFD19,,CALIFORNIA INSTITUTE OF TECHNOLOGY,CALIFORNIA INSTITUTE OF TECHNOLOGY,YC1YP79BFD19,YC1YP79BFD19,CALIFORNIA INSTITUTE OF TECHNOLOGY,CALIFORNIA INSTITUTE OF TECHNOLOGY,USA,CA,LOS ANGELES,PASADENA,CA-28,CA-28,911098001,UNITED STATES,CALIFORNIA,LOS ANGELES,CA-28,CA-28,911098099,,,AR22,R&D- SPACE: SCIENCE/APPLICATIONS (APPLIED RESEARCH/EXPLORATORY DEVELOPMENT),541715,"RESEARCH AND DEVELOPMENT IN THE PHYSICAL, ENGINEERING, AND LIFE SCIENCES (EXCEPT NANOTECHNOLOGY AND BIOTECHNOLOGY)",,,https://www.usaspending.gov/award/CONT_AWD_80NM0018F0629_8000_80NM0018D0004_8000/,2021-12-20
National Aeronautics and Space Administration,National Aeronautics and Space Administration,FY2022P02,,080,2022,2023,,0120,000,080-2022/2023-0120-000,"Science, National Aeronautics and Space Administration",National Aeronautics and Space Administration,,"General Science, Space, and Technology","Space flight, research, and supporting activities",080-0120,"Science, National Aeronautics and Space Administration",0001,SCIENCE (DIRECT),25.5,Research and development contracts,D,Q,Not Designated Nonemergency/Emergency/Disaster/Wildfire Suppression,1500000.00,,,,CONT_AWD_80NM0018F0629_8000_80NM0018D0004_8000,80NM0018F0629,80NM0018D0004,,,2018-07-27,2018,2025-07-21,2025,2018-10-01,2028-09-30,,C,DELIVERY ORDER,,,MARS RECONNAISSANCE ORBITER: PHASE E 62-10131,080,NATIONAL AERONAUTICS AND SPACE ADMINISTRATION (NASA),8000,NATIONAL AERONAUTICS AND SPACE ADMINISTRATION,80NM00,NASA MANAGEMENT OFFICE -- JPL,080,NATIONAL AERONAUTICS AND SPACE ADMINISTRATION (NASA),8000,NATIONAL AERONAUTICS AND SPACE ADMINISTRATION,80NM00,NASA MANAGEMENT OFFICE -- JPL,YC1YP79BFD19,,CALIFORNIA INSTITUTE OF TECHNOLOGY,CALIFORNIA INSTITUTE OF TECHNOLOGY,YC1YP79BFD19,YC1YP79BFD19,CALIFORNIA INSTITUTE OF TECHNOLOGY,CALIFORNIA INSTITUTE OF TECHNOLOGY,USA,CA,LOS ANGELES,PASADENA,CA-28,CA-28,911098001,UNITED STATES,CALIFORNIA,LOS ANGELES,CA-28,CA-28,911098099,,,AR22,R&D- SPACE: SCIENCE/APPLICATIONS (APPLIED RESEARCH/EXPLORATORY DEVELOPMENT),541715,"RESEARCH AND DEVELOPMENT IN THE PHYSICAL, ENGINEERING, AND LIFE SCIENCES (EXCEPT NANOTECHNOLOGY AND BIOTECHNOLOGY)",,,https://www.usaspending.gov/award/CONT_AWD_80NM0018F0629_8000_80NM0018D0004_8000/,2021-12-20
National Aeronautics and Space Administration,National Aeronautics and Space Administration,FY2022P02,,080,2022,2023,,0120,000,080-2022/2023-0120-000,"Science, National Aeronautics and Space Administration",National Aeronautics and Space Administration,,"General Science, Space, and Technology","Space flight, research, and supporting activities",080-0120,"Science, National Aeronautics and Space Administration",0001,SCIENCE (DIRECT),25.5,Research and development contracts,D,Q,Not Designated Nonemergency/Emergency/Disaster/Wildfire Suppression,2000000.00,,,,CONT_AWD_80NM0018F0629_8000_80NM0018D0004_8000,80NM0018F0629,80NM0018D0004,,,2018-07-27,2018,2025-07-21,2025,2018-10-01,2028-09-30,,C,DELIVERY ORDER,,,MARS RECONNAISSANCE ORBITER: PHASE E 62-10131,080,NATIONAL AERONAUTICS AND SPACE ADMINISTRATION (NASA),8000,NATIONAL AERONAUTICS AND SPACE ADMINISTRATION,80NM00,NASA MANAGEMENT OFFICE -- JPL,080,NATIONAL AERONAUTICS AND SPACE ADMINISTRATION (NASA),8000,NATIONAL AERONAUTICS AND SPACE ADMINISTRATION,80NM00,NASA MANAGEMENT OFFICE -- JPL,YC1YP79BFD19,,CALIFORNIA INSTITUTE OF TECHNOLOGY,CALIFORNIA INSTITUTE OF TECHNOLOGY,YC1YP79BFD19,YC1YP79BFD19,CALIFORNIA INSTITUTE OF TECHNOLOGY,CALIFORNIA INSTITUTE OF TECHNOLOGY,USA,CA,LOS ANGELES,PASADENA,CA-28,CA-28,911098001,UNITED STATES,CALIFORNIA,LOS ANGELES,CA-28,CA-28,911098099,,,AR22,R&D- SPACE: SCIENCE/APPLICATIONS (APPLIED RESEARCH/EXPLORATORY DEVELOPMENT),541715,"RESEARCH AND DEVELOPMENT IN THE PHYSICAL, ENGINEERING, AND LIFE SCIENCES (EXCEPT NANOTECHNOLOGY AND BIOTECHNOLOGY)",,,https://www.usaspending.gov/award/CONT_AWD_80NM0018F0629_8000_80NM0018D0004_8000/,2021-12-20
National Aeronautics and Space Administration,National Aeronautics and Space Administration,FY2022P03,,080,2021,2022,,0120,000,080-2021/2022-0120-000,"Science, National Aeronautics and Space Administration",National Aeronautics and Space Administration,,"General Science, Space, and Technology","Space flight, research, and supporting activities",080-0120,"Science, National Aeronautics and Space Administration",0001,SCIENCE (DIRECT),25.5,Research and development contracts,D,Q,Not Designated Nonemergency/Emergency/Disaster/Wildfire Suppression,,6556259.41,,,CONT_AWD_80NM0018F0629_8000_80NM0018D0004_8000,80NM0018F0629,80NM0018D0004,,,2018-07-27,2018,2025-07-21,2025,2018-10-01,2028-09-30,,C,DELIVERY ORDER,,,MARS RECONNAISSANCE ORBITER: PHASE E 62-10131,080,NATIONAL AERONAUTICS AND SPACE ADMINISTRATION (NASA),8000,NATIONAL AERONAUTICS AND SPACE ADMINISTRATION,80NM00,NASA MANAGEMENT OFFICE -- JPL,080,NATIONAL AERONAUTICS AND SPACE ADMINISTRATION (NASA),8000,NATIONAL AERONAUTICS AND SPACE ADMINISTRATION,80NM00,NASA MANAGEMENT OFFICE -- JPL,YC1YP79BFD19,,CALIFORNIA INSTITUTE OF TECHNOLOGY,CALIFORNIA INSTITUTE OF TECHNOLOGY,YC1YP79BFD19,YC1YP79BFD19,CALIFORNIA INSTITUTE OF TECHNOLOGY,CALIFORNIA INSTITUTE OF TECHNOLOGY,USA,CA,LOS ANGELES,PASADENA,CA-28,CA-28,911098001,UNITED STATES,CALIFORNIA,LOS ANGELES,CA-28,CA-28,911098099,,,AR22,R&D- SPACE: SCIENCE/APPLICATIONS (APPLIED RESEARCH/EXPLORATORY DEVELOPMENT),541715,"RESEARCH AND DEVELOPMENT IN THE PHYSICAL, ENGINEERING, AND LIFE SCIENCES (EXCEPT NANOTECHNOLOGY AND BIOTECHNOLOGY)",,,https://www.usaspending.gov/award/CONT_AWD_80NM0018F0629_8000_80NM0018D0004_8000/,2022-01-25
National Aeronautics and Space Administration,National Aeronautics and Space Administration,FY2022P04,,080,2021,2022,,0120,000,080-2021/2022-0120-000,"Science, National Aeronautics and Space Administration",National Aeronautics and Space Administration,,"General Science, Space, and Technology","Space flight, research, and supporting activities",080-0120,"Science, National Aeronautics and Space Administration",0001,SCIENCE (DIRECT),25.5,Research and development contracts,D,Q,Not Designated Nonemergency/Emergency/Disaster/Wildfire Suppression,,8427356.38,,,CONT_AWD_80NM0018F0629_8000_80NM0018D0004_8000,80NM0018F0629,80NM0018D0004,,,2018-07-27,2018,2025-07-21,2025,2018-10-01,2028-09-30,,C,DELIVERY ORDER,,,MARS RECONNAISSANCE ORBITER: PHASE E 62-10131,080,NATIONAL AERONAUTICS AND SPACE ADMINISTRATION (NASA),8000,NATIONAL AERONAUTICS AND SPACE ADMINISTRATION,80NM00,NASA MANAGEMENT OFFICE -- JPL,080,NATIONAL AERONAUTICS AND SPACE ADMINISTRATION (NASA),8000,NATIONAL AERONAUTICS AND SPACE ADMINISTRATION,80NM00,NASA MANAGEMENT OFFICE -- JPL,YC1YP79BFD19,,CALIFORNIA INSTITUTE OF TECHNOLOGY,CALIFORNIA INSTITUTE OF TECHNOLOGY,YC1YP79BFD19,YC1YP79BFD19,CALIFORNIA INSTITUTE OF TECHNOLOGY,CALIFORNIA INSTITUTE OF TECHNOLOGY,USA,CA,LOS ANGELES,PASADENA,CA-28,CA-28,911098001,UNITED STATES,CALIFORNIA,LOS ANGELES,CA-28,CA-28,911098099,,,AR22,R&D- SPACE: SCIENCE/APPLICATIONS (APPLIED RESEARCH/EXPLORATORY DEVELOPMENT),541715,"RESEARCH AND DEVELOPMENT IN THE PHYSICAL, ENGINEERING, AND LIFE SCIENCES (EXCEPT NANOTECHNOLOGY AND BIOTECHNOLOGY)",,,https://www.usaspending.gov/award/CONT_AWD_80NM0018F0629_8000_80NM0018D0004_8000/,2022-02-24
National Aeronautics and Space Administration,National Aeronautics and Space Administration,FY2022P04,,080,2022,2023,,0120,000,080-2022/2023-0120-000,"Science, National Aeronautics and Space Administration",National Aeronautics and Space Administration,,"General Science, Space, and Technology","Space flight, research, and supporting activities",080-0120,"Science, National Aeronautics and Space Administration",0001,SCIENCE (DIRECT),25.5,Research and development contracts,D,Q,Not Designated Nonemergency/Emergency/Disaster/Wildfire Suppression,6481209.00,,,,CONT_AWD_80NM0018F0629_8000_80NM0018D0004_8000,80NM0018F0629,80NM0018D0004,,,2018-07-27,2018,2025-07-21,2025,2018-10-01,2028-09-30,,C,DELIVERY ORDER,,,MARS RECONNAISSANCE ORBITER: PHASE E 62-10131,080,NATIONAL AERONAUTICS AND SPACE ADMINISTRATION (NASA),8000,NATIONAL AERONAUTICS AND SPACE ADMINISTRATION,80NM00,NASA MANAGEMENT OFFICE -- JPL,080,NATIONAL AERONAUTICS AND SPACE ADMINISTRATION (NASA),8000,NATIONAL AERONAUTICS AND SPACE ADMINISTRATION,80NM00,NASA MANAGEMENT OFFICE -- JPL,YC1YP79BFD19,,CALIFORNIA INSTITUTE OF TECHNOLOGY,CALIFORNIA INSTITUTE OF TECHNOLOGY,YC1YP79BFD19,YC1YP79BFD19,CALIFORNIA INSTITUTE OF TECHNOLOGY,CALIFORNIA INSTITUTE OF TECHNOLOGY,USA,CA,LOS ANGELES,PASADENA,CA-28,CA-28,911098001,UNITED STATES,CALIFORNIA,LOS ANGELES,CA-28,CA-28,911098099,,,AR22,R&D- SPACE: SCIENCE/APPLICATIONS (APPLIED RESEARCH/EXPLORATORY DEVELOPMENT),541715,"RESEARCH AND DEVELOPMENT IN THE PHYSICAL, ENGINEERING, AND LIFE SCIENCES (EXCEPT NANOTECHNOLOGY AND BIOTECHNOLOGY)",,,https://www.usaspending.gov/award/CONT_AWD_80NM0018F0629_8000_80NM0018D0004_8000/,2022-02-24
National Aeronautics and Space Administration,National Aeronautics and Space Administration,FY2022P05,,080,2022,2023,,0120,000,080-2022/2023-0120-000,"Science, National Aeronautics and Space Administration",National Aeronautics and Space Administration,,"General Science, Space, and Technology","Space flight, research, and supporting activities",080-0120,"Science, National Aeronautics and Space Administration",0001,SCIENCE (DIRECT),25.5,Research and development contracts,D,Q,Not Designated Nonemergency/Emergency/Disaster/Wildfire Suppression,,422417.42,,,CONT_AWD_80NM0018F0629_8000_80NM0018D0004_8000,80NM0018F0629,80NM0018D0004,,,2018-07-27,2018,2025-07-21,2025,2018-10-01,2028-09-30,,C,DELIVERY ORDER,,,MARS RECONNAISSANCE ORBITER: PHASE E 62-10131,080,NATIONAL AERONAUTICS AND SPACE ADMINISTRATION (NASA),8000,NATIONAL AERONAUTICS AND SPACE ADMINISTRATION,80NM00,NASA MANAGEMENT OFFICE -- JPL,080,NATIONAL AERONAUTICS AND SPACE ADMINISTRATION (NASA),8000,NATIONAL AERONAUTICS AND SPACE ADMINISTRATION,80NM00,NASA MANAGEMENT OFFICE -- JPL,YC1YP79BFD19,,CALIFORNIA INSTITUTE OF TECHNOLOGY,CALIFORNIA INSTITUTE OF TECHNOLOGY,YC1YP79BFD19,YC1YP79BFD19,CALIFORNIA INSTITUTE OF TECHNOLOGY,CALIFORNIA INSTITUTE OF TECHNOLOGY,USA,CA,LOS ANGELES,PASADENA,CA-28,CA-28,911098001,UNITED STATES,CALIFORNIA,LOS ANGELES,CA-28,CA-28,911098099,,,AR22,R&D- SPACE: SCIENCE/APPLICATIONS (APPLIED RESEARCH/EXPLORATORY DEVELOPMENT),541715,"RESEARCH AND DEVELOPMENT IN THE PHYSICAL, ENGINEERING, AND LIFE SCIENCES (EXCEPT NANOTECHNOLOGY AND BIOTECHNOLOGY)",,,https://www.usaspending.gov/award/CONT_AWD_80NM0018F0629_8000_80NM0018D0004_8000/,2022-03-28
National Aeronautics and Space Administration,National Aeronautics and Space Administration,FY2022P05,,080,2021,2022,,0120,000,080-2021/2022-0120-000,"Science, National Aeronautics and Space Administration",National Aeronautics and Space Administration,,"General Science, Space, and Technology","Space flight, research, and supporting activities",080-0120,"Science, National Aeronautics and Space Administration",0001,SCIENCE (DIRECT),25.5,Research and development contracts,D,Q,Not Designated Nonemergency/Emergency/Disaster/Wildfire Suppression,,9098334.41,,,CONT_AWD_80NM0018F0629_8000_80NM0018D0004_8000,80NM0018F0629,80NM0018D0004,,,2018-07-27,2018,2025-07-21,2025,2018-10-01,2028-09-30,,C,DELIVERY ORDER,,,MARS RECONNAISSANCE ORBITER: PHASE E 62-10131,080,NATIONAL AERONAUTICS AND SPACE ADMINISTRATION (NASA),8000,NATIONAL AERONAUTICS AND SPACE ADMINISTRATION,80NM00,NASA MANAGEMENT OFFICE -- JPL,080,NATIONAL AERONAUTICS AND SPACE ADMINISTRATION (NASA),8000,NATIONAL AERONAUTICS AND SPACE ADMINISTRATION,80NM00,NASA MANAGEMENT OFFICE -- JPL,YC1YP79BFD19,,CALIFORNIA INSTITUTE OF TECHNOLOGY,CALIFORNIA INSTITUTE OF TECHNOLOGY,YC1YP79BFD19,YC1YP79BFD19,CALIFORNIA INSTITUTE OF TECHNOLOGY,CALIFORNIA INSTITUTE OF TECHNOLOGY,USA,CA,LOS ANGELES,PASADENA,CA-28,CA-28,911098001,UNITED STATES,CALIFORNIA,LOS ANGELES,CA-28,CA-28,911098099,,,AR22,R&D- SPACE: SCIENCE/APPLICATIONS (APPLIED RESEARCH/EXPLORATORY DEVELOPMENT),541715,"RESEARCH AND DEVELOPMENT IN THE PHYSICAL, ENGINEERING, AND LIFE SCIENCES (EXCEPT NANOTECHNOLOGY AND BIOTECHNOLOGY)",,,https://www.usaspending.gov/award/CONT_AWD_80NM0018F0629_8000_80NM0018D0004_8000/,2022-03-28
National Aeronautics and Space Administration,National Aeronautics and Space Administration,FY2022P06,,080,2022,2023,,0120,000,080-2022/2023-0120-000,"Science, National Aeronautics and Space Administration",National Aeronautics and Space Administration,,"General Science, Space, and Technology","Space flight, research, and supporting activities",080-0120,"Science, National Aeronautics and Space Administration",0001,SCIENCE (DIRECT),25.5,Research and development contracts,D,Q,Not Designated Nonemergency/Emergency/Disaster/Wildfire Suppression,,3141104.11,,,CONT_AWD_80NM0018F0629_8000_80NM0018D0004_8000,80NM0018F0629,80NM0018D0004,,,2018-07-27,2018,2025-07-21,2025,2018-10-01,2028-09-30,,C,DELIVERY ORDER,,,MARS RECONNAISSANCE ORBITER: PHASE E 62-10131,080,NATIONAL AERONAUTICS AND SPACE ADMINISTRATION (NASA),8000,NATIONAL AERONAUTICS AND SPACE ADMINISTRATION,80NM00,NASA MANAGEMENT OFFICE -- JPL,080,NATIONAL AERONAUTICS AND SPACE ADMINISTRATION (NASA),8000,NATIONAL AERONAUTICS AND SPACE ADMINISTRATION,80NM00,NASA MANAGEMENT OFFICE -- JPL,YC1YP79BFD19,,CALIFORNIA INSTITUTE OF TECHNOLOGY,CALIFORNIA INSTITUTE OF TECHNOLOGY,YC1YP79BFD19,YC1YP79BFD19,CALIFORNIA INSTITUTE OF TECHNOLOGY,CALIFORNIA INSTITUTE OF TECHNOLOGY,USA,CA,LOS ANGELES,PASADENA,CA-28,CA-28,911098001,UNITED STATES,CALIFORNIA,LOS ANGELES,CA-28,CA-28,911098099,,,AR22,R&D- SPACE: SCIENCE/APPLICATIONS (APPLIED RESEARCH/EXPLORATORY DEVELOPMENT),541715,"RESEARCH AND DEVELOPMENT IN THE PHYSICAL, ENGINEERING, AND LIFE SCIENCES (EXCEPT NANOTECHNOLOGY AND BIOTECHNOLOGY)",,,https://www.usaspending.gov/award/CONT_AWD_80NM0018F0629_8000_80NM0018D0004_8000/,2022-04-25
National Aeronautics and Space Administration,National Aeronautics and Space Administration,FY2022P06,,080,2021,2022,,0120,000,080-2021/2022-0120-000,"Science, National Aeronautics and Space Administration",National Aeronautics and Space Administration,,"General Science, Space, and Technology","Space flight, research, and supporting activities",080-0120,"Science, National Aeronautics and Space Administration",0001,SCIENCE (DIRECT),25.5,Research and development contracts,D,Q,Not Designated Nonemergency/Emergency/Disaster/Wildfire Suppression,,9098334.41,,,CONT_AWD_80NM0018F0629_8000_80NM0018D0004_8000,80NM0018F0629,80NM0018D0004,,,2018-07-27,2018,2025-07-21,2025,2018-10-01,2028-09-30,,C,DELIVERY ORDER,,,MARS RECONNAISSANCE ORBITER: PHASE E 62-10131,080,NATIONAL AERONAUTICS AND SPACE ADMINISTRATION (NASA),8000,NATIONAL AERONAUTICS AND SPACE ADMINISTRATION,80NM00,NASA MANAGEMENT OFFICE -- JPL,080,NATIONAL AERONAUTICS AND SPACE ADMINISTRATION (NASA),8000,NATIONAL AERONAUTICS AND SPACE ADMINISTRATION,80NM00,NASA MANAGEMENT OFFICE -- JPL,YC1YP79BFD19,,CALIFORNIA INSTITUTE OF TECHNOLOGY,CALIFORNIA INSTITUTE OF TECHNOLOGY,YC1YP79BFD19,YC1YP79BFD19,CALIFORNIA INSTITUTE OF TECHNOLOGY,CALIFORNIA INSTITUTE OF TECHNOLOGY,USA,CA,LOS ANGELES,PASADENA,CA-28,CA-28,911098001,UNITED STATES,CALIFORNIA,LOS ANGELES,CA-28,CA-28,911098099,,,AR22,R&D- SPACE: SCIENCE/APPLICATIONS (APPLIED RESEARCH/EXPLORATORY DEVELOPMENT),541715,"RESEARCH AND DEVELOPMENT IN THE PHYSICAL, ENGINEERING, AND LIFE SCIENCES (EXCEPT NANOTECHNOLOGY AND BIOTECHNOLOGY)",,,https://www.usaspending.gov/award/CONT_AWD_80NM0018F0629_8000_80NM0018D0004_8000/,2022-04-25
National Aeronautics and Space Administration,National Aeronautics and Space Administration,FY2022P07,,080,2022,2023,,0120,000,080-2022/2023-0120-000,"Science, National Aeronautics and Space Administration",National Aeronautics and Space Administration,,"General Science, Space, and Technology","Space flight, research, and supporting activities",080-0120,"Science, National Aeronautics and Space Administration",0001,SCIENCE (DIRECT),25.5,Research and development contracts,D,Q,Not Designated Nonemergency/Emergency/Disaster/Wildfire Suppression,,4503538.20,,,CONT_AWD_80NM0018F0629_8000_80NM0018D0004_8000,80NM0018F0629,80NM0018D0004,,,2018-07-27,2018,2025-07-21,2025,2018-10-01,2028-09-30,,C,DELIVERY ORDER,,,MARS RECONNAISSANCE ORBITER: PHASE E 62-10131,080,NATIONAL AERONAUTICS AND SPACE ADMINISTRATION (NASA),8000,NATIONAL AERONAUTICS AND SPACE ADMINISTRATION,80NM00,NASA MANAGEMENT OFFICE -- JPL,080,NATIONAL AERONAUTICS AND SPACE ADMINISTRATION (NASA),8000,NATIONAL AERONAUTICS AND SPACE ADMINISTRATION,80NM00,NASA MANAGEMENT OFFICE -- JPL,YC1YP79BFD19,,CALIFORNIA INSTITUTE OF TECHNOLOGY,CALIFORNIA INSTITUTE OF TECHNOLOGY,YC1YP79BFD19,YC1YP79BFD19,CALIFORNIA INSTITUTE OF TECHNOLOGY,CALIFORNIA INSTITUTE OF TECHNOLOGY,USA,CA,LOS ANGELES,PASADENA,CA-28,CA-28,911098001,UNITED STATES,CALIFORNIA,LOS ANGELES,CA-28,CA-28,911098099,,,AR22,R&D- SPACE: SCIENCE/APPLICATIONS (APPLIED RESEARCH/EXPLORATORY DEVELOPMENT),541715,"RESEARCH AND DEVELOPMENT IN THE PHYSICAL, ENGINEERING, AND LIFE SCIENCES (EXCEPT NANOTECHNOLOGY AND BIOTECHNOLOGY)",,,https://www.usaspending.gov/award/CONT_AWD_80NM0018F0629_8000_80NM0018D0004_8000/,2022-05-25
National Aeronautics and Space Administration,National Aeronautics and Space Administration,FY2022P07,,080,2022,2023,,0120,000,080-2022/2023-0120-000,"Science, National Aeronautics and Space Administration",National Aeronautics and Space Administration,,"General Science, Space, and Technology","Space flight, research, and supporting activities",080-0120,"Science, National Aeronautics and Space Administration",0001,SCIENCE (DIRECT),25.5,Research and development contracts,D,Q,Not Designated Nonemergency/Emergency/Disaster/Wildfire Suppression,6939000.00,,,,CONT_AWD_80NM0018F0629_8000_80NM0018D0004_8000,80NM0018F0629,80NM0018D0004,,,2018-07-27,2018,2025-07-21,2025,2018-10-01,2028-09-30,,C,DELIVERY ORDER,,,MARS RECONNAISSANCE ORBITER: PHASE E 62-10131,080,NATIONAL AERONAUTICS AND SPACE ADMINISTRATION (NASA),8000,NATIONAL AERONAUTICS AND SPACE ADMINISTRATION,80NM00,NASA MANAGEMENT OFFICE -- JPL,080,NATIONAL AERONAUTICS AND SPACE ADMINISTRATION (NASA),8000,NATIONAL AERONAUTICS AND SPACE ADMINISTRATION,80NM00,NASA MANAGEMENT OFFICE -- JPL,YC1YP79BFD19,,CALIFORNIA INSTITUTE OF TECHNOLOGY,CALIFORNIA INSTITUTE OF TECHNOLOGY,YC1YP79BFD19,YC1YP79BFD19,CALIFORNIA INSTITUTE OF TECHNOLOGY,CALIFORNIA INSTITUTE OF TECHNOLOGY,USA,CA,LOS ANGELES,PASADENA,CA-28,CA-28,911098001,UNITED STATES,CALIFORNIA,LOS ANGELES,CA-28,CA-28,911098099,,,AR22,R&D- SPACE: SCIENCE/APPLICATIONS (APPLIED RESEARCH/EXPLORATORY DEVELOPMENT),541715,"RESEARCH AND DEVELOPMENT IN THE PHYSICAL, ENGINEERING, AND LIFE SCIENCES (EXCEPT NANOTECHNOLOGY AND BIOTECHNOLOGY)",,,https://www.usaspending.gov/award/CONT_AWD_80NM0018F0629_8000_80NM0018D0004_8000/,2022-05-25
National Aeronautics and Space Administration,National Aeronautics and Space Administration,FY2022P07,,080,2021,2022,,0120,000,080-2021/2022-0120-000,"Science, National Aeronautics and Space Administration",National Aeronautics and Space Administration,,"General Science, Space, and Technology","Space flight, research, and supporting activities",080-0120,"Science, National Aeronautics and Space Administration",0001,SCIENCE (DIRECT),25.5,Research and development contracts,D,Q,Not Designated Nonemergency/Emergency/Disaster/Wildfire Suppression,,9098334.41,,,CONT_AWD_80NM0018F0629_8000_80NM0018D0004_8000,80NM0018F0629,80NM0018D0004,,,2018-07-27,2018,2025-07-21,2025,2018-10-01,2028-09-30,,C,DELIVERY ORDER,,,MARS RECONNAISSANCE ORBITER: PHASE E 62-10131,080,NATIONAL AERONAUTICS AND SPACE ADMINISTRATION (NASA),8000,NATIONAL AERONAUTICS AND SPACE ADMINISTRATION,80NM00,NASA MANAGEMENT OFFICE -- JPL,080,NATIONAL AERONAUTICS AND SPACE ADMINISTRATION (NASA),8000,NATIONAL AERONAUTICS AND SPACE ADMINISTRATION,80NM00,NASA MANAGEMENT OFFICE -- JPL,YC1YP79BFD19,,CALIFORNIA INSTITUTE OF TECHNOLOGY,CALIFORNIA INSTITUTE OF TECHNOLOGY,YC1YP79BFD19,YC1YP79BFD19,CALIFORNIA INSTITUTE OF TECHNOLOGY,CALIFORNIA INSTITUTE OF TECHNOLOGY,USA,CA,LOS ANGELES,PASADENA,CA-28,CA-28,911098001,UNITED STATES,CALIFORNIA,LOS ANGELES,CA-28,CA-28,911098099,,,AR22,R&D- SPACE: SCIENCE/APPLICATIONS (APPLIED RESEARCH/EXPLORATORY DEVELOPMENT),541715,"RESEARCH AND DEVELOPMENT IN THE PHYSICAL, ENGINEERING, AND LIFE SCIENCES (EXCEPT NANOTECHNOLOGY AND BIOTECHNOLOGY)",,,https://www.usaspending.gov/award/CONT_AWD_80NM0018F0629_8000_80NM0018D0004_8000/,2022-05-25
National Aeronautics and Space Administration,National Aeronautics and Space Administration,FY2022P08,,080,2022,2023,,0120,000,080-2022/2023-0120-000,"Science, National Aeronautics and Space Administration",National Aeronautics and Space Administration,,"General Science, Space, and Technology","Space flight, research, and supporting activities",080-0120,"Science, National Aeronautics and Space Administration",0001,SCIENCE (DIRECT),25.5,Research and development contracts,D,Q,Not Designated Nonemergency/Emergency/Disaster/Wildfire Suppression,,6571090.42,,,CONT_AWD_80NM0018F0629_8000_80NM0018D0004_8000,80NM0018F0629,80NM0018D0004,,,2018-07-27,2018,2025-07-21,2025,2018-10-01,2028-09-30,,C,DELIVERY ORDER,,,MARS RECONNAISSANCE ORBITER: PHASE E 62-10131,080,NATIONAL AERONAUTICS AND SPACE ADMINISTRATION (NASA),8000,NATIONAL AERONAUTICS AND SPACE ADMINISTRATION,80NM00,NASA MANAGEMENT OFFICE -- JPL,080,NATIONAL AERONAUTICS AND SPACE ADMINISTRATION (NASA),8000,NATIONAL AERONAUTICS AND SPACE ADMINISTRATION,80NM00,NASA MANAGEMENT OFFICE -- JPL,YC1YP79BFD19,,CALIFORNIA INSTITUTE OF TECHNOLOGY,CALIFORNIA INSTITUTE OF TECHNOLOGY,YC1YP79BFD19,YC1YP79BFD19,CALIFORNIA INSTITUTE OF TECHNOLOGY,CALIFORNIA INSTITUTE OF TECHNOLOGY,USA,CA,LOS ANGELES,PASADENA,CA-28,CA-28,911098001,UNITED STATES,CALIFORNIA,LOS ANGELES,CA-28,CA-28,911098099,,,AR22,R&D- SPACE: SCIENCE/APPLICATIONS (APPLIED RESEARCH/EXPLORATORY DEVELOPMENT),541715,"RESEARCH AND DEVELOPMENT IN THE PHYSICAL, ENGINEERING, AND LIFE SCIENCES (EXCEPT NANOTECHNOLOGY AND BIOTECHNOLOGY)",,,https://www.usaspending.gov/award/CONT_AWD_80NM0018F0629_8000_80NM0018D0004_8000/,2022-06-27
National Aeronautics and Space Administration,National Aeronautics and Space Administration,FY2022P08,,080,2021,2022,,0120,000,080-2021/2022-0120-000,"Science, National Aeronautics and Space Administration",National Aeronautics and Space Administration,,"General Science, Space, and Technology","Space flight, research, and supporting activities",080-0120,"Science, National Aeronautics and Space Administration",0001,SCIENCE (DIRECT),25.5,Research and development contracts,D,Q,Not Designated Nonemergency/Emergency/Disaster/Wildfire Suppression,,9098334.41,,,CONT_AWD_80NM0018F0629_8000_80NM0018D0004_8000,80NM0018F0629,80NM0018D0004,,,2018-07-27,2018,2025-07-21,2025,2018-10-01,2028-09-30,,C,DELIVERY ORDER,,,MARS RECONNAISSANCE ORBITER: PHASE E 62-10131,080,NATIONAL AERONAUTICS AND SPACE ADMINISTRATION (NASA),8000,NATIONAL AERONAUTICS AND SPACE ADMINISTRATION,80NM00,NASA MANAGEMENT OFFICE -- JPL,080,NATIONAL AERONAUTICS AND SPACE ADMINISTRATION (NASA),8000,NATIONAL AERONAUTICS AND SPACE ADMINISTRATION,80NM00,NASA MANAGEMENT OFFICE -- JPL,YC1YP79BFD19,,CALIFORNIA INSTITUTE OF TECHNOLOGY,CALIFORNIA INSTITUTE OF TECHNOLOGY,YC1YP79BFD19,YC1YP79BFD19,CALIFORNIA INSTITUTE OF TECHNOLOGY,CALIFORNIA INSTITUTE OF TECHNOLOGY,USA,CA,LOS ANGELES,PASADENA,CA-28,CA-28,911098001,UNITED STATES,CALIFORNIA,LOS ANGELES,CA-28,CA-28,911098099,,,AR22,R&D- SPACE: SCIENCE/APPLICATIONS (APPLIED RESEARCH/EXPLORATORY DEVELOPMENT),541715,"RESEARCH AND DEVELOPMENT IN THE PHYSICAL, ENGINEERING, AND LIFE SCIENCES (EXCEPT NANOTECHNOLOGY AND BIOTECHNOLOGY)",,,https://www.usaspending.gov/award/CONT_AWD_80NM0018F0629_8000_80NM0018D0004_8000/,2022-06-27
National Aeronautics and Space Administration,National Aeronautics and Space Administration,FY2022P09,,080,2022,2023,,0120,000,080-2022/2023-0120-000,"Science, National Aeronautics and Space Administration",National Aeronautics and Space Administration,,"General Science, Space, and Technology","Space flight, research, and supporting activities",080-0120,"Science, National Aeronautics and Space Administration",0001,SCIENCE (DIRECT),25.5,Research and development contracts,D,Q,Not Designated Nonemergency/Emergency/Disaster/Wildfire Suppression,,8269964.87,,,CONT_AWD_80NM0018F0629_8000_80NM0018D0004_8000,80NM0018F0629,80NM0018D0004,,,2018-07-27,2018,2025-07-21,2025,2018-10-01,2028-09-30,,C,DELIVERY ORDER,,,MARS RECONNAISSANCE ORBITER: PHASE E 62-10131,080,NATIONAL AERONAUTICS AND SPACE ADMINISTRATION (NASA),8000,NATIONAL AERONAUTICS AND SPACE ADMINISTRATION,80NM00,NASA MANAGEMENT OFFICE -- JPL,080,NATIONAL AERONAUTICS AND SPACE ADMINISTRATION (NASA),8000,NATIONAL AERONAUTICS AND SPACE ADMINISTRATION,80NM00,NASA MANAGEMENT OFFICE -- JPL,YC1YP79BFD19,,CALIFORNIA INSTITUTE OF TECHNOLOGY,CALIFORNIA INSTITUTE OF TECHNOLOGY,YC1YP79BFD19,YC1YP79BFD19,CALIFORNIA INSTITUTE OF TECHNOLOGY,CALIFORNIA INSTITUTE OF TECHNOLOGY,USA,CA,LOS ANGELES,PASADENA,CA-28,CA-28,911098001,UNITED STATES,CALIFORNIA,LOS ANGELES,CA-28,CA-28,911098099,,,AR22,R&D- SPACE: SCIENCE/APPLICATIONS (APPLIED RESEARCH/EXPLORATORY DEVELOPMENT),541715,"RESEARCH AND DEVELOPMENT IN THE PHYSICAL, ENGINEERING, AND LIFE SCIENCES (EXCEPT NANOTECHNOLOGY AND BIOTECHNOLOGY)",,,https://www.usaspending.gov/award/CONT_AWD_80NM0018F0629_8000_80NM0018D0004_8000/,2022-07-27
National Aeronautics and Space Administration,National Aeronautics and Space Administration,FY2022P09,,080,2022,2023,,0120,000,080-2022/2023-0120-000,"Science, National Aeronautics and Space Administration",National Aeronautics and Space Administration,,"General Science, Space, and Technology","Space flight, research, and supporting activities",080-0120,"Science, National Aeronautics and Space Administration",0001,SCIENCE (DIRECT),25.5,Research and development contracts,D,Q,Not Designated Nonemergency/Emergency/Disaster/Wildfire Suppression,6882913.00,,,,CONT_AWD_80NM0018F0629_8000_80NM0018D0004_8000,80NM0018F0629,80NM0018D0004,,,2018-07-27,2018,2025-07-21,2025,2018-10-01,2028-09-30,,C,DELIVERY ORDER,,,MARS RECONNAISSANCE ORBITER: PHASE E 62-10131,080,NATIONAL AERONAUTICS AND SPACE ADMINISTRATION (NASA),8000,NATIONAL AERONAUTICS AND SPACE ADMINISTRATION,80NM00,NASA MANAGEMENT OFFICE -- JPL,080,NATIONAL AERONAUTICS AND SPACE ADMINISTRATION (NASA),8000,NATIONAL AERONAUTICS AND SPACE ADMINISTRATION,80NM00,NASA MANAGEMENT OFFICE -- JPL,YC1YP79BFD19,,CALIFORNIA INSTITUTE OF TECHNOLOGY,CALIFORNIA INSTITUTE OF TECHNOLOGY,YC1YP79BFD19,YC1YP79BFD19,CALIFORNIA INSTITUTE OF TECHNOLOGY,CALIFORNIA INSTITUTE OF TECHNOLOGY,USA,CA,LOS ANGELES,PASADENA,CA-28,CA-28,911098001,UNITED STATES,CALIFORNIA,LOS ANGELES,CA-28,CA-28,911098099,,,AR22,R&D- SPACE: SCIENCE/APPLICATIONS (APPLIED RESEARCH/EXPLORATORY DEVELOPMENT),541715,"RESEARCH AND DEVELOPMENT IN THE PHYSICAL, ENGINEERING, AND LIFE SCIENCES (EXCEPT NANOTECHNOLOGY AND BIOTECHNOLOGY)",,,https://www.usaspending.gov/award/CONT_AWD_80NM0018F0629_8000_80NM0018D0004_8000/,2022-07-27
National Aeronautics and Space Administration,National Aeronautics and Space Administration,FY2022P09,,080,2021,2022,,0120,000,080-2021/2022-0120-000,"Science, National Aeronautics and Space Administration",National Aeronautics and Space Administration,,"General Science, Space, and Technology","Space flight, research, and supporting activities",080-0120,"Science, National Aeronautics and Space Administration",0001,SCIENCE (DIRECT),25.5,Research and development contracts,D,Q,Not Designated Nonemergency/Emergency/Disaster/Wildfire Suppression,,9098334.41,,,CONT_AWD_80NM0018F0629_8000_80NM0018D0004_8000,80NM0018F0629,80NM0018D0004,,,2018-07-27,2018,2025-07-21,2025,2018-10-01,2028-09-30,,C,DELIVERY ORDER,,,MARS RECONNAISSANCE ORBITER: PHASE E 62-10131,080,NATIONAL AERONAUTICS AND SPACE ADMINISTRATION (NASA),8000,NATIONAL AERONAUTICS AND SPACE ADMINISTRATION,80NM00,NASA MANAGEMENT OFFICE -- JPL,080,NATIONAL AERONAUTICS AND SPACE ADMINISTRATION (NASA),8000,NATIONAL AERONAUTICS AND SPACE ADMINISTRATION,80NM00,NASA MANAGEMENT OFFICE -- JPL,YC1YP79BFD19,,CALIFORNIA INSTITUTE OF TECHNOLOGY,CALIFORNIA INSTITUTE OF TECHNOLOGY,YC1YP79BFD19,YC1YP79BFD19,CALIFORNIA INSTITUTE OF TECHNOLOGY,CALIFORNIA INSTITUTE OF TECHNOLOGY,USA,CA,LOS ANGELES,PASADENA,CA-28,CA-28,911098001,UNITED STATES,CALIFORNIA,LOS ANGELES,CA-28,CA-28,911098099,,,AR22,R&D- SPACE: SCIENCE/APPLICATIONS (APPLIED RESEARCH/EXPLORATORY DEVELOPMENT),541715,"RESEARCH AND DEVELOPMENT IN THE PHYSICAL, ENGINEERING, AND LIFE SCIENCES (EXCEPT NANOTECHNOLOGY AND BIOTECHNOLOGY)",,,https://www.usaspending.gov/award/CONT_AWD_80NM0018F0629_8000_80NM0018D0004_8000/,2022-07-27
National Aeronautics and Space Administration,National Aeronautics and Space Administration,FY2022P10,,080,2022,2023,,0120,000,080-2022/2023-0120-000,"Science, National Aeronautics and Space Administration",National Aeronautics and Space Administration,,"General Science, Space, and Technology","Space flight, research, and supporting activities",080-0120,"Science, National Aeronautics and Space Administration",0001,SCIENCE (DIRECT),25.5,Research and development contracts,D,Q,Not Designated Nonemergency/Emergency/Disaster/Wildfire Suppression,,10710516.12,,,CONT_AWD_80NM0018F0629_8000_80NM0018D0004_8000,80NM0018F0629,80NM0018D0004,,,2018-07-27,2018,2025-07-21,2025,2018-10-01,2028-09-30,,C,DELIVERY ORDER,,,MARS RECONNAISSANCE ORBITER: PHASE E 62-10131,080,NATIONAL AERONAUTICS AND SPACE ADMINISTRATION (NASA),8000,NATIONAL AERONAUTICS AND SPACE ADMINISTRATION,80NM00,NASA MANAGEMENT OFFICE -- JPL,080,NATIONAL AERONAUTICS AND SPACE ADMINISTRATION (NASA),8000,NATIONAL AERONAUTICS AND SPACE ADMINISTRATION,80NM00,NASA MANAGEMENT OFFICE -- JPL,YC1YP79BFD19,,CALIFORNIA INSTITUTE OF TECHNOLOGY,CALIFORNIA INSTITUTE OF TECHNOLOGY,YC1YP79BFD19,YC1YP79BFD19,CALIFORNIA INSTITUTE OF TECHNOLOGY,CALIFORNIA INSTITUTE OF TECHNOLOGY,USA,CA,LOS ANGELES,PASADENA,CA-28,CA-28,911098001,UNITED STATES,CALIFORNIA,LOS ANGELES,CA-28,CA-28,911098099,,,AR22,R&D- SPACE: SCIENCE/APPLICATIONS (APPLIED RESEARCH/EXPLORATORY DEVELOPMENT),541715,"RESEARCH AND DEVELOPMENT IN THE PHYSICAL, ENGINEERING, AND LIFE SCIENCES (EXCEPT NANOTECHNOLOGY AND BIOTECHNOLOGY)",,,https://www.usaspending.gov/award/CONT_AWD_80NM0018F0629_8000_80NM0018D0004_8000/,2022-08-24
National Aeronautics and Space Administration,National Aeronautics and Space Administration,FY2022P10,,080,2021,2022,,0120,000,080-2021/2022-0120-000,"Science, National Aeronautics and Space Administration",National Aeronautics and Space Administration,,"General Science, Space, and Technology","Space flight, research, and supporting activities",080-0120,"Science, National Aeronautics and Space Administration",0001,SCIENCE (DIRECT),25.5,Research and development contracts,D,Q,Not Designated Nonemergency/Emergency/Disaster/Wildfire Suppression,,9098334.41,,,CONT_AWD_80NM0018F0629_8000_80NM0018D0004_8000,80NM0018F0629,80NM0018D0004,,,2018-07-27,2018,2025-07-21,2025,2018-10-01,2028-09-30,,C,DELIVERY ORDER,,,MARS RECONNAISSANCE ORBITER: PHASE E 62-10131,080,NATIONAL AERONAUTICS AND SPACE ADMINISTRATION (NASA),8000,NATIONAL AERONAUTICS AND SPACE ADMINISTRATION,80NM00,NASA MANAGEMENT OFFICE -- JPL,080,NATIONAL AERONAUTICS AND SPACE ADMINISTRATION (NASA),8000,NATIONAL AERONAUTICS AND SPACE ADMINISTRATION,80NM00,NASA MANAGEMENT OFFICE -- JPL,YC1YP79BFD19,,CALIFORNIA INSTITUTE OF TECHNOLOGY,CALIFORNIA INSTITUTE OF TECHNOLOGY,YC1YP79BFD19,YC1YP79BFD19,CALIFORNIA INSTITUTE OF TECHNOLOGY,CALIFORNIA INSTITUTE OF TECHNOLOGY,USA,CA,LOS ANGELES,PASADENA,CA-28,CA-28,911098001,UNITED STATES,CALIFORNIA,LOS ANGELES,CA-28,CA-28,911098099,,,AR22,R&D- SPACE: SCIENCE/APPLICATIONS (APPLIED RESEARCH/EXPLORATORY DEVELOPMENT),541715,"RESEARCH AND DEVELOPMENT IN THE PHYSICAL, ENGINEERING, AND LIFE SCIENCES (EXCEPT NANOTECHNOLOGY AND BIOTECHNOLOGY)",,,https://www.usaspending.gov/award/CONT_AWD_80NM0018F0629_8000_80NM0018D0004_8000/,2022-08-24
National Aeronautics and Space Administration,National Aeronautics and Space Administration,FY2022P11,,080,2022,2023,,0120,000,080-2022/2023-0120-000,"Science, National Aeronautics and Space Administration",National Aeronautics and Space Administration,,"General Science, Space, and Technology","Space flight, research, and supporting activities",080-0120,"Science, National Aeronautics and Space Administration",0001,SCIENCE (DIRECT),25.5,Research and development contracts,D,Q,Not Designated Nonemergency/Emergency/Disaster/Wildfire Suppression,,13299103.18,,,CONT_AWD_80NM0018F0629_8000_80NM0018D0004_8000,80NM0018F0629,80NM0018D0004,,,2018-07-27,2018,2025-07-21,2025,2018-10-01,2028-09-30,,C,DELIVERY ORDER,,,MARS RECONNAISSANCE ORBITER: PHASE E 62-10131,080,NATIONAL AERONAUTICS AND SPACE ADMINISTRATION (NASA),8000,NATIONAL AERONAUTICS AND SPACE ADMINISTRATION,80NM00,NASA MANAGEMENT OFFICE -- JPL,080,NATIONAL AERONAUTICS AND SPACE ADMINISTRATION (NASA),8000,NATIONAL AERONAUTICS AND SPACE ADMINISTRATION,80NM00,NASA MANAGEMENT OFFICE -- JPL,YC1YP79BFD19,,CALIFORNIA INSTITUTE OF TECHNOLOGY,CALIFORNIA INSTITUTE OF TECHNOLOGY,YC1YP79BFD19,YC1YP79BFD19,CALIFORNIA INSTITUTE OF TECHNOLOGY,CALIFORNIA INSTITUTE OF TECHNOLOGY,USA,CA,LOS ANGELES,PASADENA,CA-28,CA-28,911098001,UNITED STATES,CALIFORNIA,LOS ANGELES,CA-28,CA-28,911098099,,,AR22,R&D- SPACE: SCIENCE/APPLICATIONS (APPLIED RESEARCH/EXPLORATORY DEVELOPMENT),541715,"RESEARCH AND DEVELOPMENT IN THE PHYSICAL, ENGINEERING, AND LIFE SCIENCES (EXCEPT NANOTECHNOLOGY AND BIOTECHNOLOGY)",,,https://www.usaspending.gov/award/CONT_AWD_80NM0018F0629_8000_80NM0018D0004_8000/,2022-09-25
National Aeronautics and Space Administration,National Aeronautics and Space Administration,FY2022P11,,080,2021,2022,,0120,000,080-2021/2022-0120-000,"Science, National Aeronautics and Space Administration",National Aeronautics and Space Administration,,"General Science, Space, and Technology","Space flight, research, and supporting activities",080-0120,"Science, National Aeronautics and Space Administration",0001,SCIENCE (DIRECT),25.5,Research and development contracts,D,Q,Not Designated Nonemergency/Emergency/Disaster/Wildfire Suppression,,9098334.41,,,CONT_AWD_80NM0018F0629_8000_80NM0018D0004_8000,80NM0018F0629,80NM0018D0004,,,2018-07-27,2018,2025-07-21,2025,2018-10-01,2028-09-30,,C,DELIVERY ORDER,,,MARS RECONNAISSANCE ORBITER: PHASE E 62-10131,080,NATIONAL AERONAUTICS AND SPACE ADMINISTRATION (NASA),8000,NATIONAL AERONAUTICS AND SPACE ADMINISTRATION,80NM00,NASA MANAGEMENT OFFICE -- JPL,080,NATIONAL AERONAUTICS AND SPACE ADMINISTRATION (NASA),8000,NATIONAL AERONAUTICS AND SPACE ADMINISTRATION,80NM00,NASA MANAGEMENT OFFICE -- JPL,YC1YP79BFD19,,CALIFORNIA INSTITUTE OF TECHNOLOGY,CALIFORNIA INSTITUTE OF TECHNOLOGY,YC1YP79BFD19,YC1YP79BFD19,CALIFORNIA INSTITUTE OF TECHNOLOGY,CALIFORNIA INSTITUTE OF TECHNOLOGY,USA,CA,LOS ANGELES,PASADENA,CA-28,CA-28,911098001,UNITED STATES,CALIFORNIA,LOS ANGELES,CA-28,CA-28,911098099,,,AR22,R&D- SPACE: SCIENCE/APPLICATIONS (APPLIED RESEARCH/EXPLORATORY DEVELOPMENT),541715,"RESEARCH AND DEVELOPMENT IN THE PHYSICAL, ENGINEERING, AND LIFE SCIENCES (EXCEPT NANOTECHNOLOGY AND BIOTECHNOLOGY)",,,https://www.usaspending.gov/award/CONT_AWD_80NM0018F0629_8000_80NM0018D0004_8000/,2022-09-25
National Aeronautics and Space Administration,National Aeronautics and Space Administration,FY2022P12,,080,2022,2023,,0120,000,080-2022/2023-0120-000,"Science, National Aeronautics and Space Administration",National Aeronautics and Space Administration,,"General Science, Space, and Technology","Space flight, research, and supporting activities",080-0120,"Science, National Aeronautics and Space Administration",0001,SCIENCE (DIRECT),25.5,Research and development contracts,D,Q,Not Designated Nonemergency/Emergency/Disaster/Wildfire Suppression,,16220922.90,,,CONT_AWD_80NM0018F0629_8000_80NM0018D0004_8000,80NM0018F0629,80NM0018D0004,,,2018-07-27,2018,2025-07-21,2025,2018-10-01,2028-09-30,,C,DELIVERY ORDER,,,MARS RECONNAISSANCE ORBITER: PHASE E 62-10131,080,NATIONAL AERONAUTICS AND SPACE ADMINISTRATION (NASA),8000,NATIONAL AERONAUTICS AND SPACE ADMINISTRATION,80NM00,NASA MANAGEMENT OFFICE -- JPL,080,NATIONAL AERONAUTICS AND SPACE ADMINISTRATION (NASA),8000,NATIONAL AERONAUTICS AND SPACE ADMINISTRATION,80NM00,NASA MANAGEMENT OFFICE -- JPL,YC1YP79BFD19,,CALIFORNIA INSTITUTE OF TECHNOLOGY,CALIFORNIA INSTITUTE OF TECHNOLOGY,YC1YP79BFD19,YC1YP79BFD19,CALIFORNIA INSTITUTE OF TECHNOLOGY,CALIFORNIA INSTITUTE OF TECHNOLOGY,USA,CA,LOS ANGELES,PASADENA,CA-28,CA-28,911098001,UNITED STATES,CALIFORNIA,LOS ANGELES,CA-28,CA-28,911098099,,,AR22,R&D- SPACE: SCIENCE/APPLICATIONS (APPLIED RESEARCH/EXPLORATORY DEVELOPMENT),541715,"RESEARCH AND DEVELOPMENT IN THE PHYSICAL, ENGINEERING, AND LIFE SCIENCES (EXCEPT NANOTECHNOLOGY AND BIOTECHNOLOGY)",,,https://www.usaspending.gov/award/CONT_AWD_80NM0018F0629_8000_80NM0018D0004_8000/,2022-11-02
National Aeronautics and Space Administration,National Aeronautics and Space Administration,FY2022P12,,080,2021,2022,,0120,000,080-2021/2022-0120-000,"Science, National Aeronautics and Space Administration",National Aeronautics and Space Administration,,"General Science, Space, and Technology","Space flight, research, and supporting activities",080-0120,"Science, National Aeronautics and Space Administration",0001,SCIENCE (DIRECT),25.5,Research and development contracts,D,Q,Not Designated Nonemergency/Emergency/Disaster/Wildfire Suppression,,9098334.41,,,CONT_AWD_80NM0018F0629_8000_80NM0018D0004_8000,80NM0018F0629,80NM0018D0004,,,2018-07-27,2018,2025-07-21,2025,2018-10-01,2028-09-30,,C,DELIVERY ORDER,,,MARS RECONNAISSANCE ORBITER: PHASE E 62-10131,080,NATIONAL AERONAUTICS AND SPACE ADMINISTRATION (NASA),8000,NATIONAL AERONAUTICS AND SPACE ADMINISTRATION,80NM00,NASA MANAGEMENT OFFICE -- JPL,080,NATIONAL AERONAUTICS AND SPACE ADMINISTRATION (NASA),8000,NATIONAL AERONAUTICS AND SPACE ADMINISTRATION,80NM00,NASA MANAGEMENT OFFICE -- JPL,YC1YP79BFD19,,CALIFORNIA INSTITUTE OF TECHNOLOGY,CALIFORNIA INSTITUTE OF TECHNOLOGY,YC1YP79BFD19,YC1YP79BFD19,CALIFORNIA INSTITUTE OF TECHNOLOGY,CALIFORNIA INSTITUTE OF TECHNOLOGY,USA,CA,LOS ANGELES,PASADENA,CA-28,CA-28,911098001,UNITED STATES,CALIFORNIA,LOS ANGELES,CA-28,CA-28,911098099,,,AR22,R&D- SPACE: SCIENCE/APPLICATIONS (APPLIED RESEARCH/EXPLORATORY DEVELOPMENT),541715,"RESEARCH AND DEVELOPMENT IN THE PHYSICAL, ENGINEERING, AND LIFE SCIENCES (EXCEPT NANOTECHNOLOGY AND BIOTECHNOLOGY)",,,https://www.usaspending.gov/award/CONT_AWD_80NM0018F0629_8000_80NM0018D0004_8000/,2022-11-02
National Aeronautics and Space Administration,National Aeronautics and Space Administration,FY2023P02,,080,2023,2024,,0120,000,080-2023/2024-0120-000,"Science, National Aeronautics and Space Administration",National Aeronautics and Space Administration,,"General Science, Space, and Technology","Space flight, research, and supporting activities",080-0120,"Science, National Aeronautics and Space Administration",0001,SCIENCE (DIRECT),25.5,Research and development contracts,D,Q,Not Designated Nonemergency/Emergency/Disaster/Wildfire Suppression,6932000.00,,,,CONT_AWD_80NM0018F0629_8000_80NM0018D0004_8000,80NM0018F0629,80NM0018D0004,,,2018-07-27,2018,2025-07-21,2025,2018-10-01,2028-09-30,,C,DELIVERY ORDER,,,MARS RECONNAISSANCE ORBITER: PHASE E 62-10131,080,NATIONAL AERONAUTICS AND SPACE ADMINISTRATION (NASA),8000,NATIONAL AERONAUTICS AND SPACE ADMINISTRATION,80NM00,NASA MANAGEMENT OFFICE -- JPL,080,NATIONAL AERONAUTICS AND SPACE ADMINISTRATION (NASA),8000,NATIONAL AERONAUTICS AND SPACE ADMINISTRATION,80NM00,NASA MANAGEMENT OFFICE -- JPL,YC1YP79BFD19,,CALIFORNIA INSTITUTE OF TECHNOLOGY,CALIFORNIA INSTITUTE OF TECHNOLOGY,YC1YP79BFD19,YC1YP79BFD19,CALIFORNIA INSTITUTE OF TECHNOLOGY,CALIFORNIA INSTITUTE OF TECHNOLOGY,USA,CA,LOS ANGELES,PASADENA,CA-28,CA-28,911098001,UNITED STATES,CALIFORNIA,LOS ANGELES,CA-28,CA-28,911098099,,,AR22,R&D- SPACE: SCIENCE/APPLICATIONS (APPLIED RESEARCH/EXPLORATORY DEVELOPMENT),541715,"RESEARCH AND DEVELOPMENT IN THE PHYSICAL, ENGINEERING, AND LIFE SCIENCES (EXCEPT NANOTECHNOLOGY AND BIOTECHNOLOGY)",,,https://www.usaspending.gov/award/CONT_AWD_80NM0018F0629_8000_80NM0018D0004_8000/,2023-01-06
National Aeronautics and Space Administration,National Aeronautics and Space Administration,FY2023P02,,080,2022,2023,,0120,000,080-2022/2023-0120-000,"Science, National Aeronautics and Space Administration",National Aeronautics and Space Administration,,"General Science, Space, and Technology","Space flight, research, and supporting activities",080-0120,"Science, National Aeronautics and Space Administration",0001,SCIENCE (DIRECT),25.5,Research and development contracts,D,Q,Not Designated Nonemergency/Emergency/Disaster/Wildfire Suppression,,3279429.80,,,CONT_AWD_80NM0018F0629_8000_80NM0018D0004_8000,80NM0018F0629,80NM0018D0004,,,2018-07-27,2018,2025-07-21,2025,2018-10-01,2028-09-30,,C,DELIVERY ORDER,,,MARS RECONNAISSANCE ORBITER: PHASE E 62-10131,080,NATIONAL AERONAUTICS AND SPACE ADMINISTRATION (NASA),8000,NATIONAL AERONAUTICS AND SPACE ADMINISTRATION,80NM00,NASA MANAGEMENT OFFICE -- JPL,080,NATIONAL AERONAUTICS AND SPACE ADMINISTRATION (NASA),8000,NATIONAL AERONAUTICS AND SPACE ADMINISTRATION,80NM00,NASA MANAGEMENT OFFICE -- JPL,YC1YP79BFD19,,CALIFORNIA INSTITUTE OF TECHNOLOGY,CALIFORNIA INSTITUTE OF TECHNOLOGY,YC1YP79BFD19,YC1YP79BFD19,CALIFORNIA INSTITUTE OF TECHNOLOGY,CALIFORNIA INSTITUTE OF TECHNOLOGY,USA,CA,LOS ANGELES,PASADENA,CA-28,CA-28,911098001,UNITED STATES,CALIFORNIA,LOS ANGELES,CA-28,CA-28,911098099,,,AR22,R&D- SPACE: SCIENCE/APPLICATIONS (APPLIED RESEARCH/EXPLORATORY DEVELOPMENT),541715,"RESEARCH AND DEVELOPMENT IN THE PHYSICAL, ENGINEERING, AND LIFE SCIENCES (EXCEPT NANOTECHNOLOGY AND BIOTECHNOLOGY)",,,https://www.usaspending.gov/award/CONT_AWD_80NM0018F0629_8000_80NM0018D0004_8000/,2023-01-06
National Aeronautics and Space Administration,National Aeronautics and Space Administration,FY2023P03,,080,2022,2023,,0120,000,080-2022/2023-0120-000,"Science, National Aeronautics and Space Administration",National Aeronautics and Space Administration,,"General Science, Space, and Technology","Space flight, research, and supporting activities",080-0120,"Science, National Aeronautics and Space Administration",0001,SCIENCE (DIRECT),25.5,Research and development contracts,D,Q,Not Designated Nonemergency/Emergency/Disaster/Wildfire Suppression,,5416689.84,,,CONT_AWD_80NM0018F0629_8000_80NM0018D0004_8000,80NM0018F0629,80NM0018D0004,,,2018-07-27,2018,2025-07-21,2025,2018-10-01,2028-09-30,,C,DELIVERY ORDER,,,MARS RECONNAISSANCE ORBITER: PHASE E 62-10131,080,NATIONAL AERONAUTICS AND SPACE ADMINISTRATION (NASA),8000,NATIONAL AERONAUTICS AND SPACE ADMINISTRATION,80NM00,NASA MANAGEMENT OFFICE -- JPL,080,NATIONAL AERONAUTICS AND SPACE ADMINISTRATION (NASA),8000,NATIONAL AERONAUTICS AND SPACE ADMINISTRATION,80NM00,NASA MANAGEMENT OFFICE -- JPL,YC1YP79BFD19,,CALIFORNIA INSTITUTE OF TECHNOLOGY,CALIFORNIA INSTITUTE OF TECHNOLOGY,YC1YP79BFD19,YC1YP79BFD19,CALIFORNIA INSTITUTE OF TECHNOLOGY,CALIFORNIA INSTITUTE OF TECHNOLOGY,USA,CA,LOS ANGELES,PASADENA,CA-28,CA-28,911098001,UNITED STATES,CALIFORNIA,LOS ANGELES,CA-28,CA-28,911098099,,,AR22,R&D- SPACE: SCIENCE/APPLICATIONS (APPLIED RESEARCH/EXPLORATORY DEVELOPMENT),541715,"RESEARCH AND DEVELOPMENT IN THE PHYSICAL, ENGINEERING, AND LIFE SCIENCES (EXCEPT NANOTECHNOLOGY AND BIOTECHNOLOGY)",,,https://www.usaspending.gov/award/CONT_AWD_80NM0018F0629_8000_80NM0018D0004_8000/,2023-01-31
National Aeronautics and Space Administration,National Aeronautics and Space Administration,FY2023P04,,080,2023,2024,,0120,000,080-2023/2024-0120-000,"Science, National Aeronautics and Space Administration",National Aeronautics and Space Administration,,"General Science, Space, and Technology","Space flight, research, and supporting activities",080-0120,"Science, National Aeronautics and Space Administration",0001,SCIENCE (DIRECT),25.5,Research and development contracts,D,Q,Not Designated Nonemergency/Emergency/Disaster/Wildfire Suppression,2415000.00,,,,CONT_AWD_80NM0018F0629_8000_80NM0018D0004_8000,80NM0018F0629,80NM0018D0004,,,2018-07-27,2018,2025-07-21,2025,2018-10-01,2028-09-30,,C,DELIVERY ORDER,,,MARS RECONNAISSANCE ORBITER: PHASE E 62-10131,080,NATIONAL AERONAUTICS AND SPACE ADMINISTRATION (NASA),8000,NATIONAL AERONAUTICS AND SPACE ADMINISTRATION,80NM00,NASA MANAGEMENT OFFICE -- JPL,080,NATIONAL AERONAUTICS AND SPACE ADMINISTRATION (NASA),8000,NATIONAL AERONAUTICS AND SPACE ADMINISTRATION,80NM00,NASA MANAGEMENT OFFICE -- JPL,YC1YP79BFD19,,CALIFORNIA INSTITUTE OF TECHNOLOGY,CALIFORNIA INSTITUTE OF TECHNOLOGY,YC1YP79BFD19,YC1YP79BFD19,CALIFORNIA INSTITUTE OF TECHNOLOGY,CALIFORNIA INSTITUTE OF TECHNOLOGY,USA,CA,LOS ANGELES,PASADENA,CA-28,CA-28,911098001,UNITED STATES,CALIFORNIA,LOS ANGELES,CA-28,CA-28,911098099,,,AR22,R&D- SPACE: SCIENCE/APPLICATIONS (APPLIED RESEARCH/EXPLORATORY DEVELOPMENT),541715,"RESEARCH AND DEVELOPMENT IN THE PHYSICAL, ENGINEERING, AND LIFE SCIENCES (EXCEPT NANOTECHNOLOGY AND BIOTECHNOLOGY)",,,https://www.usaspending.gov/award/CONT_AWD_80NM0018F0629_8000_80NM0018D0004_8000/,2023-02-23
National Aeronautics and Space Administration,National Aeronautics and Space Administration,FY2023P04,,080,2023,2024,,0120,000,080-2023/2024-0120-000,"Science, National Aeronautics and Space Administration",National Aeronautics and Space Administration,,"General Science, Space, and Technology","Space flight, research, and supporting activities",080-0120,"Science, National Aeronautics and Space Administration",0001,SCIENCE (DIRECT),25.5,Research and development contracts,D,Q,Not Designated Nonemergency/Emergency/Disaster/Wildfire Suppression,1812000.00,,,,CONT_AWD_80NM0018F0629_8000_80NM0018D0004_8000,80NM0018F0629,80NM0018D0004,,,2018-07-27,2018,2025-07-21,2025,2018-10-01,2028-09-30,,C,DELIVERY ORDER,,,MARS RECONNAISSANCE ORBITER: PHASE E 62-10131,080,NATIONAL AERONAUTICS AND SPACE ADMINISTRATION (NASA),8000,NATIONAL AERONAUTICS AND SPACE ADMINISTRATION,80NM00,NASA MANAGEMENT OFFICE -- JPL,080,NATIONAL AERONAUTICS AND SPACE ADMINISTRATION (NASA),8000,NATIONAL AERONAUTICS AND SPACE ADMINISTRATION,80NM00,NASA MANAGEMENT OFFICE -- JPL,YC1YP79BFD19,,CALIFORNIA INSTITUTE OF TECHNOLOGY,CALIFORNIA INSTITUTE OF TECHNOLOGY,YC1YP79BFD19,YC1YP79BFD19,CALIFORNIA INSTITUTE OF TECHNOLOGY,CALIFORNIA INSTITUTE OF TECHNOLOGY,USA,CA,LOS ANGELES,PASADENA,CA-28,CA-28,911098001,UNITED STATES,CALIFORNIA,LOS ANGELES,CA-28,CA-28,911098099,,,AR22,R&D- SPACE: SCIENCE/APPLICATIONS (APPLIED RESEARCH/EXPLORATORY DEVELOPMENT),541715,"RESEARCH AND DEVELOPMENT IN THE PHYSICAL, ENGINEERING, AND LIFE SCIENCES (EXCEPT NANOTECHNOLOGY AND BIOTECHNOLOGY)",,,https://www.usaspending.gov/award/CONT_AWD_80NM0018F0629_8000_80NM0018D0004_8000/,2023-02-23
National Aeronautics and Space Administration,National Aeronautics and Space Administration,FY2023P04,,080,2023,2024,,0120,000,080-2023/2024-0120-000,"Science, National Aeronautics and Space Administration",National Aeronautics and Space Administration,,"General Science, Space, and Technology","Space flight, research, and supporting activities",080-0120,"Science, National Aeronautics and Space Administration",0001,SCIENCE (DIRECT),25.5,Research and development contracts,D,Q,Not Designated Nonemergency/Emergency/Disaster/Wildfire Suppression,,669959.50,,,CONT_AWD_80NM0018F0629_8000_80NM0018D0004_8000,80NM0018F0629,80NM0018D0004,,,2018-07-27,2018,2025-07-21,2025,2018-10-01,2028-09-30,,C,DELIVERY ORDER,,,MARS RECONNAISSANCE ORBITER: PHASE E 62-10131,080,NATIONAL AERONAUTICS AND SPACE ADMINISTRATION (NASA),8000,NATIONAL AERONAUTICS AND SPACE ADMINISTRATION,80NM00,NASA MANAGEMENT OFFICE -- JPL,080,NATIONAL AERONAUTICS AND SPACE ADMINISTRATION (NASA),8000,NATIONAL AERONAUTICS AND SPACE ADMINISTRATION,80NM00,NASA MANAGEMENT OFFICE -- JPL,YC1YP79BFD19,,CALIFORNIA INSTITUTE OF TECHNOLOGY,CALIFORNIA INSTITUTE OF TECHNOLOGY,YC1YP79BFD19,YC1YP79BFD19,CALIFORNIA INSTITUTE OF TECHNOLOGY,CALIFORNIA INSTITUTE OF TECHNOLOGY,USA,CA,LOS ANGELES,PASADENA,CA-28,CA-28,911098001,UNITED STATES,CALIFORNIA,LOS ANGELES,CA-28,CA-28,911098099,,,AR22,R&D- SPACE: SCIENCE/APPLICATIONS (APPLIED RESEARCH/EXPLORATORY DEVELOPMENT),541715,"RESEARCH AND DEVELOPMENT IN THE PHYSICAL, ENGINEERING, AND LIFE SCIENCES (EXCEPT NANOTECHNOLOGY AND BIOTECHNOLOGY)",,,https://www.usaspending.gov/award/CONT_AWD_80NM0018F0629_8000_80NM0018D0004_8000/,2023-02-23
National Aeronautics and Space Administration,National Aeronautics and Space Administration,FY2023P04,,080,2022,2023,,0120,000,080-2022/2023-0120-000,"Science, National Aeronautics and Space Administration",National Aeronautics and Space Administration,,"General Science, Space, and Technology","Space flight, research, and supporting activities",080-0120,"Science, National Aeronautics and Space Administration",0001,SCIENCE (DIRECT),25.5,Research and development contracts,D,Q,Not Designated Nonemergency/Emergency/Disaster/Wildfire Suppression,,7582199.10,,,CONT_AWD_80NM0018F0629_8000_80NM0018D0004_8000,80NM0018F0629,80NM0018D0004,,,2018-07-27,2018,2025-07-21,2025,2018-10-01,2028-09-30,,C,DELIVERY ORDER,,,MARS RECONNAISSANCE ORBITER: PHASE E 62-10131,080,NATIONAL AERONAUTICS AND SPACE ADMINISTRATION (NASA),8000,NATIONAL AERONAUTICS AND SPACE ADMINISTRATION,80NM00,NASA MANAGEMENT OFFICE -- JPL,080,NATIONAL AERONAUTICS AND SPACE ADMINISTRATION (NASA),8000,NATIONAL AERONAUTICS AND SPACE ADMINISTRATION,80NM00,NASA MANAGEMENT OFFICE -- JPL,YC1YP79BFD19,,CALIFORNIA INSTITUTE OF TECHNOLOGY,CALIFORNIA INSTITUTE OF TECHNOLOGY,YC1YP79BFD19,YC1YP79BFD19,CALIFORNIA INSTITUTE OF TECHNOLOGY,CALIFORNIA INSTITUTE OF TECHNOLOGY,USA,CA,LOS ANGELES,PASADENA,CA-28,CA-28,911098001,UNITED STATES,CALIFORNIA,LOS ANGELES,CA-28,CA-28,911098099,,,AR22,R&D- SPACE: SCIENCE/APPLICATIONS (APPLIED RESEARCH/EXPLORATORY DEVELOPMENT),541715,"RESEARCH AND DEVELOPMENT IN THE PHYSICAL, ENGINEERING, AND LIFE SCIENCES (EXCEPT NANOTECHNOLOGY AND BIOTECHNOLOGY)",,,https://www.usaspending.gov/award/CONT_AWD_80NM0018F0629_8000_80NM0018D0004_8000/,2023-02-23
National Aeronautics and Space Administration,National Aeronautics and Space Administration,FY2023P05,,080,2023,2024,,0120,000,080-2023/2024-0120-000,"Science, National Aeronautics and Space Administration",National Aeronautics and Space Administration,,"General Science, Space, and Technology","Space flight, research, and supporting activities",080-0120,"Science, National Aeronautics and Space Administration",0001,SCIENCE (DIRECT),25.5,Research and development contracts,D,Q,Not Designated Nonemergency/Emergency/Disaster/Wildfire Suppression,,2696351.79,,,CONT_AWD_80NM0018F0629_8000_80NM0018D0004_8000,80NM0018F0629,80NM0018D0004,,,2018-07-27,2018,2025-07-21,2025,2018-10-01,2028-09-30,,C,DELIVERY ORDER,,,MARS RECONNAISSANCE ORBITER: PHASE E 62-10131,080,NATIONAL AERONAUTICS AND SPACE ADMINISTRATION (NASA),8000,NATIONAL AERONAUTICS AND SPACE ADMINISTRATION,80NM00,NASA MANAGEMENT OFFICE -- JPL,080,NATIONAL AERONAUTICS AND SPACE ADMINISTRATION (NASA),8000,NATIONAL AERONAUTICS AND SPACE ADMINISTRATION,80NM00,NASA MANAGEMENT OFFICE -- JPL,YC1YP79BFD19,,CALIFORNIA INSTITUTE OF TECHNOLOGY,CALIFORNIA INSTITUTE OF TECHNOLOGY,YC1YP79BFD19,YC1YP79BFD19,CALIFORNIA INSTITUTE OF TECHNOLOGY,CALIFORNIA INSTITUTE OF TECHNOLOGY,USA,CA,LOS ANGELES,PASADENA,CA-28,CA-28,911098001,UNITED STATES,CALIFORNIA,LOS ANGELES,CA-28,CA-28,911098099,,,AR22,R&D- SPACE: SCIENCE/APPLICATIONS (APPLIED RESEARCH/EXPLORATORY DEVELOPMENT),541715,"RESEARCH AND DEVELOPMENT IN THE PHYSICAL, ENGINEERING, AND LIFE SCIENCES (EXCEPT NANOTECHNOLOGY AND BIOTECHNOLOGY)",,,https://www.usaspending.gov/award/CONT_AWD_80NM0018F0629_8000_80NM0018D0004_8000/,2023-03-27
National Aeronautics and Space Administration,National Aeronautics and Space Administration,FY2023P05,,080,2022,2023,,0120,000,080-2022/2023-0120-000,"Science, National Aeronautics and Space Administration",National Aeronautics and Space Administration,,"General Science, Space, and Technology","Space flight, research, and supporting activities",080-0120,"Science, National Aeronautics and Space Administration",0001,SCIENCE (DIRECT),25.5,Research and development contracts,D,Q,Not Designated Nonemergency/Emergency/Disaster/Wildfire Suppression,,7582199.10,,,CONT_AWD_80NM0018F0629_8000_80NM0018D0004_8000,80NM0018F0629,80NM0018D0004,,,2018-07-27,2018,2025-07-21,2025,2018-10-01,2028-09-30,,C,DELIVERY ORDER,,,MARS RECONNAISSANCE ORBITER: PHASE E 62-10131,080,NATIONAL AERONAUTICS AND SPACE ADMINISTRATION (NASA),8000,NATIONAL AERONAUTICS AND SPACE ADMINISTRATION,80NM00,NASA MANAGEMENT OFFICE -- JPL,080,NATIONAL AERONAUTICS AND SPACE ADMINISTRATION (NASA),8000,NATIONAL AERONAUTICS AND SPACE ADMINISTRATION,80NM00,NASA MANAGEMENT OFFICE -- JPL,YC1YP79BFD19,,CALIFORNIA INSTITUTE OF TECHNOLOGY,CALIFORNIA INSTITUTE OF TECHNOLOGY,YC1YP79BFD19,YC1YP79BFD19,CALIFORNIA INSTITUTE OF TECHNOLOGY,CALIFORNIA INSTITUTE OF TECHNOLOGY,USA,CA,LOS ANGELES,PASADENA,CA-28,CA-28,911098001,UNITED STATES,CALIFORNIA,LOS ANGELES,CA-28,CA-28,911098099,,,AR22,R&D- SPACE: SCIENCE/APPLICATIONS (APPLIED RESEARCH/EXPLORATORY DEVELOPMENT),541715,"RESEARCH AND DEVELOPMENT IN THE PHYSICAL, ENGINEERING, AND LIFE SCIENCES (EXCEPT NANOTECHNOLOGY AND BIOTECHNOLOGY)",,,https://www.usaspending.gov/award/CONT_AWD_80NM0018F0629_8000_80NM0018D0004_8000/,2023-03-27
National Aeronautics and Space Administration,National Aeronautics and Space Administration,FY2023P06,,080,2023,2024,,0120,000,080-2023/2024-0120-000,"Science, National Aeronautics and Space Administration",National Aeronautics and Space Administration,,"General Science, Space, and Technology","Space flight, research, and supporting activities",080-0120,"Science, National Aeronautics and Space Administration",0001,SCIENCE (DIRECT),25.5,Research and development contracts,D,Q,Not Designated Nonemergency/Emergency/Disaster/Wildfire Suppression,,4504175.70,,,CONT_AWD_80NM0018F0629_8000_80NM0018D0004_8000,80NM0018F0629,80NM0018D0004,,,2018-07-27,2018,2025-07-21,2025,2018-10-01,2028-09-30,,C,DELIVERY ORDER,,,MARS RECONNAISSANCE ORBITER: PHASE E 62-10131,080,NATIONAL AERONAUTICS AND SPACE ADMINISTRATION (NASA),8000,NATIONAL AERONAUTICS AND SPACE ADMINISTRATION,80NM00,NASA MANAGEMENT OFFICE -- JPL,080,NATIONAL AERONAUTICS AND SPACE ADMINISTRATION (NASA),8000,NATIONAL AERONAUTICS AND SPACE ADMINISTRATION,80NM00,NASA MANAGEMENT OFFICE -- JPL,YC1YP79BFD19,,CALIFORNIA INSTITUTE OF TECHNOLOGY,CALIFORNIA INSTITUTE OF TECHNOLOGY,YC1YP79BFD19,YC1YP79BFD19,CALIFORNIA INSTITUTE OF TECHNOLOGY,CALIFORNIA INSTITUTE OF TECHNOLOGY,USA,CA,LOS ANGELES,PASADENA,CA-28,CA-28,911098001,UNITED STATES,CALIFORNIA,LOS ANGELES,CA-28,CA-28,911098099,,,AR22,R&D- SPACE: SCIENCE/APPLICATIONS (APPLIED RESEARCH/EXPLORATORY DEVELOPMENT),541715,"RESEARCH AND DEVELOPMENT IN THE PHYSICAL, ENGINEERING, AND LIFE SCIENCES (EXCEPT NANOTECHNOLOGY AND BIOTECHNOLOGY)",,,https://www.usaspending.gov/award/CONT_AWD_80NM0018F0629_8000_80NM0018D0004_8000/,2023-04-27
National Aeronautics and Space Administration,National Aeronautics and Space Administration,FY2023P06,,080,2023,2024,,0120,000,080-2023/2024-0120-000,"Science, National Aeronautics and Space Administration",National Aeronautics and Space Administration,,"General Science, Space, and Technology","Space flight, research, and supporting activities",080-0120,"Science, National Aeronautics and Space Administration",0001,SCIENCE (DIRECT),25.5,Research and development contracts,D,Q,Not Designated Nonemergency/Emergency/Disaster/Wildfire Suppression,10686000.00,,,,CONT_AWD_80NM0018F0629_8000_80NM0018D0004_8000,80NM0018F0629,80NM0018D0004,,,2018-07-27,2018,2025-07-21,2025,2018-10-01,2028-09-30,,C,DELIVERY ORDER,,,MARS RECONNAISSANCE ORBITER: PHASE E 62-10131,080,NATIONAL AERONAUTICS AND SPACE ADMINISTRATION (NASA),8000,NATIONAL AERONAUTICS AND SPACE ADMINISTRATION,80NM00,NASA MANAGEMENT OFFICE -- JPL,080,NATIONAL AERONAUTICS AND SPACE ADMINISTRATION (NASA),8000,NATIONAL AERONAUTICS AND SPACE ADMINISTRATION,80NM00,NASA MANAGEMENT OFFICE -- JPL,YC1YP79BFD19,,CALIFORNIA INSTITUTE OF TECHNOLOGY,CALIFORNIA INSTITUTE OF TECHNOLOGY,YC1YP79BFD19,YC1YP79BFD19,CALIFORNIA INSTITUTE OF TECHNOLOGY,CALIFORNIA INSTITUTE OF TECHNOLOGY,USA,CA,LOS ANGELES,PASADENA,CA-28,CA-28,911098001,UNITED STATES,CALIFORNIA,LOS ANGELES,CA-28,CA-28,911098099,,,AR22,R&D- SPACE: SCIENCE/APPLICATIONS (APPLIED RESEARCH/EXPLORATORY DEVELOPMENT),541715,"RESEARCH AND DEVELOPMENT IN THE PHYSICAL, ENGINEERING, AND LIFE SCIENCES (EXCEPT NANOTECHNOLOGY AND BIOTECHNOLOGY)",,,https://www.usaspending.gov/award/CONT_AWD_80NM0018F0629_8000_80NM0018D0004_8000/,2023-04-27
National Aeronautics and Space Administration,National Aeronautics and Space Administration,FY2023P06,,080,2022,2023,,0120,000,080-2022/2023-0120-000,"Science, National Aeronautics and Space Administration",National Aeronautics and Space Administration,,"General Science, Space, and Technology","Space flight, research, and supporting activities",080-0120,"Science, National Aeronautics and Space Administration",0001,SCIENCE (DIRECT),25.5,Research and development contracts,D,Q,Not Designated Nonemergency/Emergency/Disaster/Wildfire Suppression,,7582199.10,,,CONT_AWD_80NM0018F0629_8000_80NM0018D0004_8000,80NM0018F0629,80NM0018D0004,,,2018-07-27,2018,2025-07-21,2025,2018-10-01,2028-09-30,,C,DELIVERY ORDER,,,MARS RECONNAISSANCE ORBITER: PHASE E 62-10131,080,NATIONAL AERONAUTICS AND SPACE ADMINISTRATION (NASA),8000,NATIONAL AERONAUTICS AND SPACE ADMINISTRATION,80NM00,NASA MANAGEMENT OFFICE -- JPL,080,NATIONAL AERONAUTICS AND SPACE ADMINISTRATION (NASA),8000,NATIONAL AERONAUTICS AND SPACE ADMINISTRATION,80NM00,NASA MANAGEMENT OFFICE -- JPL,YC1YP79BFD19,,CALIFORNIA INSTITUTE OF TECHNOLOGY,CALIFORNIA INSTITUTE OF TECHNOLOGY,YC1YP79BFD19,YC1YP79BFD19,CALIFORNIA INSTITUTE OF TECHNOLOGY,CALIFORNIA INSTITUTE OF TECHNOLOGY,USA,CA,LOS ANGELES,PASADENA,CA-28,CA-28,911098001,UNITED STATES,CALIFORNIA,LOS ANGELES,CA-28,CA-28,911098099,,,AR22,R&D- SPACE: SCIENCE/APPLICATIONS (APPLIED RESEARCH/EXPLORATORY DEVELOPMENT),541715,"RESEARCH AND DEVELOPMENT IN THE PHYSICAL, ENGINEERING, AND LIFE SCIENCES (EXCEPT NANOTECHNOLOGY AND BIOTECHNOLOGY)",,,https://www.usaspending.gov/award/CONT_AWD_80NM0018F0629_8000_80NM0018D0004_8000/,2023-04-27
National Aeronautics and Space Administration,National Aeronautics and Space Administration,FY2023P07,,080,2023,2024,,0120,000,080-2023/2024-0120-000,"Science, National Aeronautics and Space Administration",National Aeronautics and Space Administration,,"General Science, Space, and Technology","Space flight, research, and supporting activities",080-0120,"Science, National Aeronautics and Space Administration",0001,SCIENCE (DIRECT),25.5,Research and development contracts,D,Q,Not Designated Nonemergency/Emergency/Disaster/Wildfire Suppression,,6374205.43,,,CONT_AWD_80NM0018F0629_8000_80NM0018D0004_8000,80NM0018F0629,80NM0018D0004,,,2018-07-27,2018,2025-07-21,2025,2018-10-01,2028-09-30,,C,DELIVERY ORDER,,,MARS RECONNAISSANCE ORBITER: PHASE E 62-10131,080,NATIONAL AERONAUTICS AND SPACE ADMINISTRATION (NASA),8000,NATIONAL AERONAUTICS AND SPACE ADMINISTRATION,80NM00,NASA MANAGEMENT OFFICE -- JPL,080,NATIONAL AERONAUTICS AND SPACE ADMINISTRATION (NASA),8000,NATIONAL AERONAUTICS AND SPACE ADMINISTRATION,80NM00,NASA MANAGEMENT OFFICE -- JPL,YC1YP79BFD19,,CALIFORNIA INSTITUTE OF TECHNOLOGY,CALIFORNIA INSTITUTE OF TECHNOLOGY,YC1YP79BFD19,YC1YP79BFD19,CALIFORNIA INSTITUTE OF TECHNOLOGY,CALIFORNIA INSTITUTE OF TECHNOLOGY,USA,CA,LOS ANGELES,PASADENA,CA-28,CA-28,911098001,UNITED STATES,CALIFORNIA,LOS ANGELES,CA-28,CA-28,911098099,,,AR22,R&D- SPACE: SCIENCE/APPLICATIONS (APPLIED RESEARCH/EXPLORATORY DEVELOPMENT),541715,"RESEARCH AND DEVELOPMENT IN THE PHYSICAL, ENGINEERING, AND LIFE SCIENCES (EXCEPT NANOTECHNOLOGY AND BIOTECHNOLOGY)",,,https://www.usaspending.gov/award/CONT_AWD_80NM0018F0629_8000_80NM0018D0004_8000/,2023-05-28
National Aeronautics and Space Administration,National Aeronautics and Space Administration,FY2023P07,,080,2022,2023,,0120,000,080-2022/2023-0120-000,"Science, National Aeronautics and Space Administration",National Aeronautics and Space Administration,,"General Science, Space, and Technology","Space flight, research, and supporting activities",080-0120,"Science, National Aeronautics and Space Administration",0001,SCIENCE (DIRECT),25.5,Research and development contracts,D,Q,Not Designated Nonemergency/Emergency/Disaster/Wildfire Suppression,,7582199.10,,,CONT_AWD_80NM0018F0629_8000_80NM0018D0004_8000,80NM0018F0629,80NM0018D0004,,,2018-07-27,2018,2025-07-21,2025,2018-10-01,2028-09-30,,C,DELIVERY ORDER,,,MARS RECONNAISSANCE ORBITER: PHASE E 62-10131,080,NATIONAL AERONAUTICS AND SPACE ADMINISTRATION (NASA),8000,NATIONAL AERONAUTICS AND SPACE ADMINISTRATION,80NM00,NASA MANAGEMENT OFFICE -- JPL,080,NATIONAL AERONAUTICS AND SPACE ADMINISTRATION (NASA),8000,NATIONAL AERONAUTICS AND SPACE ADMINISTRATION,80NM00,NASA MANAGEMENT OFFICE -- JPL,YC1YP79BFD19,,CALIFORNIA INSTITUTE OF TECHNOLOGY,CALIFORNIA INSTITUTE OF TECHNOLOGY,YC1YP79BFD19,YC1YP79BFD19,CALIFORNIA INSTITUTE OF TECHNOLOGY,CALIFORNIA INSTITUTE OF TECHNOLOGY,USA,CA,LOS ANGELES,PASADENA,CA-28,CA-28,911098001,UNITED STATES,CALIFORNIA,LOS ANGELES,CA-28,CA-28,911098099,,,AR22,R&D- SPACE: SCIENCE/APPLICATIONS (APPLIED RESEARCH/EXPLORATORY DEVELOPMENT),541715,"RESEARCH AND DEVELOPMENT IN THE PHYSICAL, ENGINEERING, AND LIFE SCIENCES (EXCEPT NANOTECHNOLOGY AND BIOTECHNOLOGY)",,,https://www.usaspending.gov/award/CONT_AWD_80NM0018F0629_8000_80NM0018D0004_8000/,2023-05-28
National Aeronautics and Space Administration,National Aeronautics and Space Administration,FY2023P08,,080,2023,2024,,0120,000,080-2023/2024-0120-000,"Science, National Aeronautics and Space Administration",National Aeronautics and Space Administration,,"General Science, Space, and Technology","Space flight, research, and supporting activities",080-0120,"Science, National Aeronautics and Space Administration",0001,SCIENCE (DIRECT),25.5,Research and development contracts,D,Q,Not Designated Nonemergency/Emergency/Disaster/Wildfire Suppression,,9323276.78,,,CONT_AWD_80NM0018F0629_8000_80NM0018D0004_8000,80NM0018F0629,80NM0018D0004,,,2018-07-27,2018,2025-07-21,2025,2018-10-01,2028-09-30,,C,DELIVERY ORDER,,,MARS RECONNAISSANCE ORBITER: PHASE E 62-10131,080,NATIONAL AERONAUTICS AND SPACE ADMINISTRATION (NASA),8000,NATIONAL AERONAUTICS AND SPACE ADMINISTRATION,80NM00,NASA MANAGEMENT OFFICE -- JPL,080,NATIONAL AERONAUTICS AND SPACE ADMINISTRATION (NASA),8000,NATIONAL AERONAUTICS AND SPACE ADMINISTRATION,80NM00,NASA MANAGEMENT OFFICE -- JPL,YC1YP79BFD19,,CALIFORNIA INSTITUTE OF TECHNOLOGY,CALIFORNIA INSTITUTE OF TECHNOLOGY,YC1YP79BFD19,YC1YP79BFD19,CALIFORNIA INSTITUTE OF TECHNOLOGY,CALIFORNIA INSTITUTE OF TECHNOLOGY,USA,CA,LOS ANGELES,PASADENA,CA-28,CA-28,911098001,UNITED STATES,CALIFORNIA,LOS ANGELES,CA-28,CA-28,911098099,,,AR22,R&D- SPACE: SCIENCE/APPLICATIONS (APPLIED RESEARCH/EXPLORATORY DEVELOPMENT),541715,"RESEARCH AND DEVELOPMENT IN THE PHYSICAL, ENGINEERING, AND LIFE SCIENCES (EXCEPT NANOTECHNOLOGY AND BIOTECHNOLOGY)",,,https://www.usaspending.gov/award/CONT_AWD_80NM0018F0629_8000_80NM0018D0004_8000/,2023-06-28
National Aeronautics and Space Administration,National Aeronautics and Space Administration,FY2023P08,,080,2022,2023,,0120,000,080-2022/2023-0120-000,"Science, National Aeronautics and Space Administration",National Aeronautics and Space Administration,,"General Science, Space, and Technology","Space flight, research, and supporting activities",080-0120,"Science, National Aeronautics and Space Administration",0001,SCIENCE (DIRECT),25.5,Research and development contracts,D,Q,Not Designated Nonemergency/Emergency/Disaster/Wildfire Suppression,,7582199.10,,,CONT_AWD_80NM0018F0629_8000_80NM0018D0004_8000,80NM0018F0629,80NM0018D0004,,,2018-07-27,2018,2025-07-21,2025,2018-10-01,2028-09-30,,C,DELIVERY ORDER,,,MARS RECONNAISSANCE ORBITER: PHASE E 62-10131,080,NATIONAL AERONAUTICS AND SPACE ADMINISTRATION (NASA),8000,NATIONAL AERONAUTICS AND SPACE ADMINISTRATION,80NM00,NASA MANAGEMENT OFFICE -- JPL,080,NATIONAL AERONAUTICS AND SPACE ADMINISTRATION (NASA),8000,NATIONAL AERONAUTICS AND SPACE ADMINISTRATION,80NM00,NASA MANAGEMENT OFFICE -- JPL,YC1YP79BFD19,,CALIFORNIA INSTITUTE OF TECHNOLOGY,CALIFORNIA INSTITUTE OF TECHNOLOGY,YC1YP79BFD19,YC1YP79BFD19,CALIFORNIA INSTITUTE OF TECHNOLOGY,CALIFORNIA INSTITUTE OF TECHNOLOGY,USA,CA,LOS ANGELES,PASADENA,CA-28,CA-28,911098001,UNITED STATES,CALIFORNIA,LOS ANGELES,CA-28,CA-28,911098099,,,AR22,R&D- SPACE: SCIENCE/APPLICATIONS (APPLIED RESEARCH/EXPLORATORY DEVELOPMENT),541715,"RESEARCH AND DEVELOPMENT IN THE PHYSICAL, ENGINEERING, AND LIFE SCIENCES (EXCEPT NANOTECHNOLOGY AND BIOTECHNOLOGY)",,,https://www.usaspending.gov/award/CONT_AWD_80NM0018F0629_8000_80NM0018D0004_8000/,2023-06-28
National Aeronautics and Space Administration,National Aeronautics and Space Administration,FY2023P09,,080,2023,2024,,0120,000,080-2023/2024-0120-000,"Science, National Aeronautics and Space Administration",National Aeronautics and Space Administration,,"General Science, Space, and Technology","Space flight, research, and supporting activities",080-0120,"Science, National Aeronautics and Space Administration",0001,SCIENCE (DIRECT),25.5,Research and development contracts,D,Q,Not Designated Nonemergency/Emergency/Disaster/Wildfire Suppression,,12050957.81,,,CONT_AWD_80NM0018F0629_8000_80NM0018D0004_8000,80NM0018F0629,80NM0018D0004,,,2018-07-27,2018,2025-07-21,2025,2018-10-01,2028-09-30,,C,DELIVERY ORDER,,,MARS RECONNAISSANCE ORBITER: PHASE E 62-10131,080,NATIONAL AERONAUTICS AND SPACE ADMINISTRATION (NASA),8000,NATIONAL AERONAUTICS AND SPACE ADMINISTRATION,80NM00,NASA MANAGEMENT OFFICE -- JPL,080,NATIONAL AERONAUTICS AND SPACE ADMINISTRATION (NASA),8000,NATIONAL AERONAUTICS AND SPACE ADMINISTRATION,80NM00,NASA MANAGEMENT OFFICE -- JPL,YC1YP79BFD19,,CALIFORNIA INSTITUTE OF TECHNOLOGY,CALIFORNIA INSTITUTE OF TECHNOLOGY,YC1YP79BFD19,YC1YP79BFD19,CALIFORNIA INSTITUTE OF TECHNOLOGY,CALIFORNIA INSTITUTE OF TECHNOLOGY,USA,CA,LOS ANGELES,PASADENA,CA-28,CA-28,911098001,UNITED STATES,CALIFORNIA,LOS ANGELES,CA-28,CA-28,911098099,,,AR22,R&D- SPACE: SCIENCE/APPLICATIONS (APPLIED RESEARCH/EXPLORATORY DEVELOPMENT),541715,"RESEARCH AND DEVELOPMENT IN THE PHYSICAL, ENGINEERING, AND LIFE SCIENCES (EXCEPT NANOTECHNOLOGY AND BIOTECHNOLOGY)",,,https://www.usaspending.gov/award/CONT_AWD_80NM0018F0629_8000_80NM0018D0004_8000/,2023-07-28
National Aeronautics and Space Administration,National Aeronautics and Space Administration,FY2023P09,,080,2023,2024,,0120,000,080-2023/2024-0120-000,"Science, National Aeronautics and Space Administration",National Aeronautics and Space Administration,,"General Science, Space, and Technology","Space flight, research, and supporting activities",080-0120,"Science, National Aeronautics and Space Administration",0001,SCIENCE (DIRECT),25.5,Research and development contracts,D,Q,Not Designated Nonemergency/Emergency/Disaster/Wildfire Suppression,3005885.00,,,,CONT_AWD_80NM0018F0629_8000_80NM0018D0004_8000,80NM0018F0629,80NM0018D0004,,,2018-07-27,2018,2025-07-21,2025,2018-10-01,2028-09-30,,C,DELIVERY ORDER,,,MARS RECONNAISSANCE ORBITER: PHASE E 62-10131,080,NATIONAL AERONAUTICS AND SPACE ADMINISTRATION (NASA),8000,NATIONAL AERONAUTICS AND SPACE ADMINISTRATION,80NM00,NASA MANAGEMENT OFFICE -- JPL,080,NATIONAL AERONAUTICS AND SPACE ADMINISTRATION (NASA),8000,NATIONAL AERONAUTICS AND SPACE ADMINISTRATION,80NM00,NASA MANAGEMENT OFFICE -- JPL,YC1YP79BFD19,,CALIFORNIA INSTITUTE OF TECHNOLOGY,CALIFORNIA INSTITUTE OF TECHNOLOGY,YC1YP79BFD19,YC1YP79BFD19,CALIFORNIA INSTITUTE OF TECHNOLOGY,CALIFORNIA INSTITUTE OF TECHNOLOGY,USA,CA,LOS ANGELES,PASADENA,CA-28,CA-28,911098001,UNITED STATES,CALIFORNIA,LOS ANGELES,CA-28,CA-28,911098099,,,AR22,R&D- SPACE: SCIENCE/APPLICATIONS (APPLIED RESEARCH/EXPLORATORY DEVELOPMENT),541715,"RESEARCH AND DEVELOPMENT IN THE PHYSICAL, ENGINEERING, AND LIFE SCIENCES (EXCEPT NANOTECHNOLOGY AND BIOTECHNOLOGY)",,,https://www.usaspending.gov/award/CONT_AWD_80NM0018F0629_8000_80NM0018D0004_8000/,2023-07-28
National Aeronautics and Space Administration,National Aeronautics and Space Administration,FY2023P09,,080,2022,2023,,0120,000,080-2022/2023-0120-000,"Science, National Aeronautics and Space Administration",National Aeronautics and Space Administration,,"General Science, Space, and Technology","Space flight, research, and supporting activities",080-0120,"Science, National Aeronautics and Space Administration",0001,SCIENCE (DIRECT),25.5,Research and development contracts,D,Q,Not Designated Nonemergency/Emergency/Disaster/Wildfire Suppression,,7582199.10,,,CONT_AWD_80NM0018F0629_8000_80NM0018D0004_8000,80NM0018F0629,80NM0018D0004,,,2018-07-27,2018,2025-07-21,2025,2018-10-01,2028-09-30,,C,DELIVERY ORDER,,,MARS RECONNAISSANCE ORBITER: PHASE E 62-10131,080,NATIONAL AERONAUTICS AND SPACE ADMINISTRATION (NASA),8000,NATIONAL AERONAUTICS AND SPACE ADMINISTRATION,80NM00,NASA MANAGEMENT OFFICE -- JPL,080,NATIONAL AERONAUTICS AND SPACE ADMINISTRATION (NASA),8000,NATIONAL AERONAUTICS AND SPACE ADMINISTRATION,80NM00,NASA MANAGEMENT OFFICE -- JPL,YC1YP79BFD19,,CALIFORNIA INSTITUTE OF TECHNOLOGY,CALIFORNIA INSTITUTE OF TECHNOLOGY,YC1YP79BFD19,YC1YP79BFD19,CALIFORNIA INSTITUTE OF TECHNOLOGY,CALIFORNIA INSTITUTE OF TECHNOLOGY,USA,CA,LOS ANGELES,PASADENA,CA-28,CA-28,911098001,UNITED STATES,CALIFORNIA,LOS ANGELES,CA-28,CA-28,911098099,,,AR22,R&D- SPACE: SCIENCE/APPLICATIONS (APPLIED RESEARCH/EXPLORATORY DEVELOPMENT),541715,"RESEARCH AND DEVELOPMENT IN THE PHYSICAL, ENGINEERING, AND LIFE SCIENCES (EXCEPT NANOTECHNOLOGY AND BIOTECHNOLOGY)",,,https://www.usaspending.gov/award/CONT_AWD_80NM0018F0629_8000_80NM0018D0004_8000/,2023-07-28
National Aeronautics and Space Administration,National Aeronautics and Space Administration,FY2023P10,,080,2023,2024,,0120,000,080-2023/2024-0120-000,"Science, National Aeronautics and Space Administration",National Aeronautics and Space Administration,,"General Science, Space, and Technology","Space flight, research, and supporting activities",080-0120,"Science, National Aeronautics and Space Administration",0001,SCIENCE (DIRECT),25.5,Research and development contracts,D,Q,Not Designated Nonemergency/Emergency/Disaster/Wildfire Suppression,,12550630.87,,,CONT_AWD_80NM0018F0629_8000_80NM0018D0004_8000,80NM0018F0629,80NM0018D0004,,,2018-07-27,2018,2025-07-21,2025,2018-10-01,2028-09-30,,C,DELIVERY ORDER,,,MARS RECONNAISSANCE ORBITER: PHASE E 62-10131,080,NATIONAL AERONAUTICS AND SPACE ADMINISTRATION (NASA),8000,NATIONAL AERONAUTICS AND SPACE ADMINISTRATION,80NM00,NASA MANAGEMENT OFFICE -- JPL,080,NATIONAL AERONAUTICS AND SPACE ADMINISTRATION (NASA),8000,NATIONAL AERONAUTICS AND SPACE ADMINISTRATION,80NM00,NASA MANAGEMENT OFFICE -- JPL,YC1YP79BFD19,,CALIFORNIA INSTITUTE OF TECHNOLOGY,CALIFORNIA INSTITUTE OF TECHNOLOGY,YC1YP79BFD19,YC1YP79BFD19,CALIFORNIA INSTITUTE OF TECHNOLOGY,CALIFORNIA INSTITUTE OF TECHNOLOGY,USA,CA,LOS ANGELES,PASADENA,CA-28,CA-28,911098001,UNITED STATES,CALIFORNIA,LOS ANGELES,CA-28,CA-28,911098099,,,AR22,R&D- SPACE: SCIENCE/APPLICATIONS (APPLIED RESEARCH/EXPLORATORY DEVELOPMENT),541715,"RESEARCH AND DEVELOPMENT IN THE PHYSICAL, ENGINEERING, AND LIFE SCIENCES (EXCEPT NANOTECHNOLOGY AND BIOTECHNOLOGY)",,,https://www.usaspending.gov/award/CONT_AWD_80NM0018F0629_8000_80NM0018D0004_8000/,2023-08-28
National Aeronautics and Space Administration,National Aeronautics and Space Administration,FY2023P10,,080,2022,2023,,0120,000,080-2022/2023-0120-000,"Science, National Aeronautics and Space Administration",National Aeronautics and Space Administration,,"General Science, Space, and Technology","Space flight, research, and supporting activities",080-0120,"Science, National Aeronautics and Space Administration",0001,SCIENCE (DIRECT),25.5,Research and development contracts,D,Q,Not Designated Nonemergency/Emergency/Disaster/Wildfire Suppression,,7582199.10,,,CONT_AWD_80NM0018F0629_8000_80NM0018D0004_8000,80NM0018F0629,80NM0018D0004,,,2018-07-27,2018,2025-07-21,2025,2018-10-01,2028-09-30,,C,DELIVERY ORDER,,,MARS RECONNAISSANCE ORBITER: PHASE E 62-10131,080,NATIONAL AERONAUTICS AND SPACE ADMINISTRATION (NASA),8000,NATIONAL AERONAUTICS AND SPACE ADMINISTRATION,80NM00,NASA MANAGEMENT OFFICE -- JPL,080,NATIONAL AERONAUTICS AND SPACE ADMINISTRATION (NASA),8000,NATIONAL AERONAUTICS AND SPACE ADMINISTRATION,80NM00,NASA MANAGEMENT OFFICE -- JPL,YC1YP79BFD19,,CALIFORNIA INSTITUTE OF TECHNOLOGY,CALIFORNIA INSTITUTE OF TECHNOLOGY,YC1YP79BFD19,YC1YP79BFD19,CALIFORNIA INSTITUTE OF TECHNOLOGY,CALIFORNIA INSTITUTE OF TECHNOLOGY,USA,CA,LOS ANGELES,PASADENA,CA-28,CA-28,911098001,UNITED STATES,CALIFORNIA,LOS ANGELES,CA-28,CA-28,911098099,,,AR22,R&D- SPACE: SCIENCE/APPLICATIONS (APPLIED RESEARCH/EXPLORATORY DEVELOPMENT),541715,"RESEARCH AND DEVELOPMENT IN THE PHYSICAL, ENGINEERING, AND LIFE SCIENCES (EXCEPT NANOTECHNOLOGY AND BIOTECHNOLOGY)",,,https://www.usaspending.gov/award/CONT_AWD_80NM0018F0629_8000_80NM0018D0004_8000/,2023-08-28
National Aeronautics and Space Administration,National Aeronautics and Space Administration,FY2023P11,,080,2023,2024,,0120,000,080-2023/2024-0120-000,"Science, National Aeronautics and Space Administration",National Aeronautics and Space Administration,,"General Science, Space, and Technology","Space flight, research, and supporting activities",080-0120,"Science, National Aeronautics and Space Administration",0001,SCIENCE (DIRECT),25.5,Research and development contracts,D,Q,Not Designated Nonemergency/Emergency/Disaster/Wildfire Suppression,,15321900.48,,,CONT_AWD_80NM0018F0629_8000_80NM0018D0004_8000,80NM0018F0629,80NM0018D0004,,,2018-07-27,2018,2025-07-21,2025,2018-10-01,2028-09-30,,C,DELIVERY ORDER,,,MARS RECONNAISSANCE ORBITER: PHASE E 62-10131,080,NATIONAL AERONAUTICS AND SPACE ADMINISTRATION (NASA),8000,NATIONAL AERONAUTICS AND SPACE ADMINISTRATION,80NM00,NASA MANAGEMENT OFFICE -- JPL,080,NATIONAL AERONAUTICS AND SPACE ADMINISTRATION (NASA),8000,NATIONAL AERONAUTICS AND SPACE ADMINISTRATION,80NM00,NASA MANAGEMENT OFFICE -- JPL,YC1YP79BFD19,,CALIFORNIA INSTITUTE OF TECHNOLOGY,CALIFORNIA INSTITUTE OF TECHNOLOGY,YC1YP79BFD19,YC1YP79BFD19,CALIFORNIA INSTITUTE OF TECHNOLOGY,CALIFORNIA INSTITUTE OF TECHNOLOGY,USA,CA,LOS ANGELES,PASADENA,CA-28,CA-28,911098001,UNITED STATES,CALIFORNIA,LOS ANGELES,CA-28,CA-28,911098099,,,AR22,R&D- SPACE: SCIENCE/APPLICATIONS (APPLIED RESEARCH/EXPLORATORY DEVELOPMENT),541715,"RESEARCH AND DEVELOPMENT IN THE PHYSICAL, ENGINEERING, AND LIFE SCIENCES (EXCEPT NANOTECHNOLOGY AND BIOTECHNOLOGY)",,,https://www.usaspending.gov/award/CONT_AWD_80NM0018F0629_8000_80NM0018D0004_8000/,2023-09-28
National Aeronautics and Space Administration,National Aeronautics and Space Administration,FY2023P11,,080,2022,2023,,0120,000,080-2022/2023-0120-000,"Science, National Aeronautics and Space Administration",National Aeronautics and Space Administration,,"General Science, Space, and Technology","Space flight, research, and supporting activities",080-0120,"Science, National Aeronautics and Space Administration",0001,SCIENCE (DIRECT),25.5,Research and development contracts,D,Q,Not Designated Nonemergency/Emergency/Disaster/Wildfire Suppression,,7582199.10,,,CONT_AWD_80NM0018F0629_8000_80NM0018D0004_8000,80NM0018F0629,80NM0018D0004,,,2018-07-27,2018,2025-07-21,2025,2018-10-01,2028-09-30,,C,DELIVERY ORDER,,,MARS RECONNAISSANCE ORBITER: PHASE E 62-10131,080,NATIONAL AERONAUTICS AND SPACE ADMINISTRATION (NASA),8000,NATIONAL AERONAUTICS AND SPACE ADMINISTRATION,80NM00,NASA MANAGEMENT OFFICE -- JPL,080,NATIONAL AERONAUTICS AND SPACE ADMINISTRATION (NASA),8000,NATIONAL AERONAUTICS AND SPACE ADMINISTRATION,80NM00,NASA MANAGEMENT OFFICE -- JPL,YC1YP79BFD19,,CALIFORNIA INSTITUTE OF TECHNOLOGY,CALIFORNIA INSTITUTE OF TECHNOLOGY,YC1YP79BFD19,YC1YP79BFD19,CALIFORNIA INSTITUTE OF TECHNOLOGY,CALIFORNIA INSTITUTE OF TECHNOLOGY,USA,CA,LOS ANGELES,PASADENA,CA-28,CA-28,911098001,UNITED STATES,CALIFORNIA,LOS ANGELES,CA-28,CA-28,911098099,,,AR22,R&D- SPACE: SCIENCE/APPLICATIONS (APPLIED RESEARCH/EXPLORATORY DEVELOPMENT),541715,"RESEARCH AND DEVELOPMENT IN THE PHYSICAL, ENGINEERING, AND LIFE SCIENCES (EXCEPT NANOTECHNOLOGY AND BIOTECHNOLOGY)",,,https://www.usaspending.gov/award/CONT_AWD_80NM0018F0629_8000_80NM0018D0004_8000/,2023-09-28
National Aeronautics and Space Administration,National Aeronautics and Space Administration,FY2023P12,,080,2023,2024,,0120,000,080-2023/2024-0120-000,"Science, National Aeronautics and Space Administration",National Aeronautics and Space Administration,,"General Science, Space, and Technology","Space flight, research, and supporting activities",080-0120,"Science, National Aeronautics and Space Administration",0001,SCIENCE (DIRECT),25.5,Research and development contracts,D,Q,Not Designated Nonemergency/Emergency/Disaster/Wildfire Suppression,,17133236.65,,,CONT_AWD_80NM0018F0629_8000_80NM0018D0004_8000,80NM0018F0629,80NM0018D0004,,,2018-07-27,2018,2025-07-21,2025,2018-10-01,2028-09-30,,C,DELIVERY ORDER,,,MARS RECONNAISSANCE ORBITER: PHASE E 62-10131,080,NATIONAL AERONAUTICS AND SPACE ADMINISTRATION (NASA),8000,NATIONAL AERONAUTICS AND SPACE ADMINISTRATION,80NM00,NASA MANAGEMENT OFFICE -- JPL,080,NATIONAL AERONAUTICS AND SPACE ADMINISTRATION (NASA),8000,NATIONAL AERONAUTICS AND SPACE ADMINISTRATION,80NM00,NASA MANAGEMENT OFFICE -- JPL,YC1YP79BFD19,,CALIFORNIA INSTITUTE OF TECHNOLOGY,CALIFORNIA INSTITUTE OF TECHNOLOGY,YC1YP79BFD19,YC1YP79BFD19,CALIFORNIA INSTITUTE OF TECHNOLOGY,CALIFORNIA INSTITUTE OF TECHNOLOGY,USA,CA,LOS ANGELES,PASADENA,CA-28,CA-28,911098001,UNITED STATES,CALIFORNIA,LOS ANGELES,CA-28,CA-28,911098099,,,AR22,R&D- SPACE: SCIENCE/APPLICATIONS (APPLIED RESEARCH/EXPLORATORY DEVELOPMENT),541715,"RESEARCH AND DEVELOPMENT IN THE PHYSICAL, ENGINEERING, AND LIFE SCIENCES (EXCEPT NANOTECHNOLOGY AND BIOTECHNOLOGY)",,,https://www.usaspending.gov/award/CONT_AWD_80NM0018F0629_8000_80NM0018D0004_8000/,2023-11-03
National Aeronautics and Space Administration,National Aeronautics and Space Administration,FY2023P12,,080,2022,2023,,0120,000,080-2022/2023-0120-000,"Science, National Aeronautics and Space Administration",National Aeronautics and Space Administration,,"General Science, Space, and Technology","Space flight, research, and supporting activities",080-0120,"Science, National Aeronautics and Space Administration",0001,SCIENCE (DIRECT),25.5,Research and development contracts,D,Q,Not Designated Nonemergency/Emergency/Disaster/Wildfire Suppression,,7582199.10,,,CONT_AWD_80NM0018F0629_8000_80NM0018D0004_8000,80NM0018F0629,80NM0018D0004,,,2018-07-27,2018,2025-07-21,2025,2018-10-01,2028-09-30,,C,DELIVERY ORDER,,,MARS RECONNAISSANCE ORBITER: PHASE E 62-10131,080,NATIONAL AERONAUTICS AND SPACE ADMINISTRATION (NASA),8000,NATIONAL AERONAUTICS AND SPACE ADMINISTRATION,80NM00,NASA MANAGEMENT OFFICE -- JPL,080,NATIONAL AERONAUTICS AND SPACE ADMINISTRATION (NASA),8000,NATIONAL AERONAUTICS AND SPACE ADMINISTRATION,80NM00,NASA MANAGEMENT OFFICE -- JPL,YC1YP79BFD19,,CALIFORNIA INSTITUTE OF TECHNOLOGY,CALIFORNIA INSTITUTE OF TECHNOLOGY,YC1YP79BFD19,YC1YP79BFD19,CALIFORNIA INSTITUTE OF TECHNOLOGY,CALIFORNIA INSTITUTE OF TECHNOLOGY,USA,CA,LOS ANGELES,PASADENA,CA-28,CA-28,911098001,UNITED STATES,CALIFORNIA,LOS ANGELES,CA-28,CA-28,911098099,,,AR22,R&D- SPACE: SCIENCE/APPLICATIONS (APPLIED RESEARCH/EXPLORATORY DEVELOPMENT),541715,"RESEARCH AND DEVELOPMENT IN THE PHYSICAL, ENGINEERING, AND LIFE SCIENCES (EXCEPT NANOTECHNOLOGY AND BIOTECHNOLOGY)",,,https://www.usaspending.gov/award/CONT_AWD_80NM0018F0629_8000_80NM0018D0004_8000/,2023-11-03
National Aeronautics and Space Administration,National Aeronautics and Space Administration,FY2024P02,,080,2024,2025,,0120,000,080-2024/2025-0120-000,"Science, National Aeronautics and Space Administration",National Aeronautics and Space Administration,,"General Science, Space, and Technology","Space flight, research, and supporting activities",080-0120,"Science, National Aeronautics and Space Administration",0001,SCIENCE (DIRECT),25.5,Research and development contracts,D,Q,Not Designated Nonemergency/Emergency/Disaster/Wildfire Suppression,2711478.00,,,,CONT_AWD_80NM0018F0629_8000_80NM0018D0004_8000,80NM0018F0629,80NM0018D0004,,,2018-07-27,2018,2025-07-21,2025,2018-10-01,2028-09-30,,C,DELIVERY ORDER,,,MARS RECONNAISSANCE ORBITER: PHASE E 62-10131,080,NATIONAL AERONAUTICS AND SPACE ADMINISTRATION (NASA),8000,NATIONAL AERONAUTICS AND SPACE ADMINISTRATION,80NM00,NASA MANAGEMENT OFFICE -- JPL,080,NATIONAL AERONAUTICS AND SPACE ADMINISTRATION (NASA),8000,NATIONAL AERONAUTICS AND SPACE ADMINISTRATION,80NM00,NASA MANAGEMENT OFFICE -- JPL,YC1YP79BFD19,,CALIFORNIA INSTITUTE OF TECHNOLOGY,CALIFORNIA INSTITUTE OF TECHNOLOGY,YC1YP79BFD19,YC1YP79BFD19,CALIFORNIA INSTITUTE OF TECHNOLOGY,CALIFORNIA INSTITUTE OF TECHNOLOGY,USA,CA,LOS ANGELES,PASADENA,CA-28,CA-28,911098001,UNITED STATES,CALIFORNIA,LOS ANGELES,CA-28,CA-28,911098099,,,AR22,R&D- SPACE: SCIENCE/APPLICATIONS (APPLIED RESEARCH/EXPLORATORY DEVELOPMENT),541715,"RESEARCH AND DEVELOPMENT IN THE PHYSICAL, ENGINEERING, AND LIFE SCIENCES (EXCEPT NANOTECHNOLOGY AND BIOTECHNOLOGY)",,,https://www.usaspending.gov/award/CONT_AWD_80NM0018F0629_8000_80NM0018D0004_8000/,2024-01-05
National Aeronautics and Space Administration,National Aeronautics and Space Administration,FY2024P02,,080,2024,2025,,0120,000,080-2024/2025-0120-000,"Science, National Aeronautics and Space Administration",National Aeronautics and Space Administration,,"General Science, Space, and Technology","Space flight, research, and supporting activities",080-0120,"Science, National Aeronautics and Space Administration",0001,SCIENCE (DIRECT),25.5,Research and development contracts,D,Q,Not Designated Nonemergency/Emergency/Disaster/Wildfire Suppression,5280522.00,,,,CONT_AWD_80NM0018F0629_8000_80NM0018D0004_8000,80NM0018F0629,80NM0018D0004,,,2018-07-27,2018,2025-07-21,2025,2018-10-01,2028-09-30,,C,DELIVERY ORDER,,,MARS RECONNAISSANCE ORBITER: PHASE E 62-10131,080,NATIONAL AERONAUTICS AND SPACE ADMINISTRATION (NASA),8000,NATIONAL AERONAUTICS AND SPACE ADMINISTRATION,80NM00,NASA MANAGEMENT OFFICE -- JPL,080,NATIONAL AERONAUTICS AND SPACE ADMINISTRATION (NASA),8000,NATIONAL AERONAUTICS AND SPACE ADMINISTRATION,80NM00,NASA MANAGEMENT OFFICE -- JPL,YC1YP79BFD19,,CALIFORNIA INSTITUTE OF TECHNOLOGY,CALIFORNIA INSTITUTE OF TECHNOLOGY,YC1YP79BFD19,YC1YP79BFD19,CALIFORNIA INSTITUTE OF TECHNOLOGY,CALIFORNIA INSTITUTE OF TECHNOLOGY,USA,CA,LOS ANGELES,PASADENA,CA-28,CA-28,911098001,UNITED STATES,CALIFORNIA,LOS ANGELES,CA-28,CA-28,911098099,,,AR22,R&D- SPACE: SCIENCE/APPLICATIONS (APPLIED RESEARCH/EXPLORATORY DEVELOPMENT),541715,"RESEARCH AND DEVELOPMENT IN THE PHYSICAL, ENGINEERING, AND LIFE SCIENCES (EXCEPT NANOTECHNOLOGY AND BIOTECHNOLOGY)",,,https://www.usaspending.gov/award/CONT_AWD_80NM0018F0629_8000_80NM0018D0004_8000/,2024-01-05
National Aeronautics and Space Administration,National Aeronautics and Space Administration,FY2024P02,,080,2023,2024,,0120,000,080-2023/2024-0120-000,"Science, National Aeronautics and Space Administration",National Aeronautics and Space Administration,,"General Science, Space, and Technology","Space flight, research, and supporting activities",080-0120,"Science, National Aeronautics and Space Administration",0001,SCIENCE (DIRECT),25.5,Research and development contracts,D,Q,Not Designated Nonemergency/Emergency/Disaster/Wildfire Suppression,,3358718.28,,,CONT_AWD_80NM0018F0629_8000_80NM0018D0004_8000,80NM0018F0629,80NM0018D0004,,,2018-07-27,2018,2025-07-21,2025,2018-10-01,2028-09-30,,C,DELIVERY ORDER,,,MARS RECONNAISSANCE ORBITER: PHASE E 62-10131,080,NATIONAL AERONAUTICS AND SPACE ADMINISTRATION (NASA),8000,NATIONAL AERONAUTICS AND SPACE ADMINISTRATION,80NM00,NASA MANAGEMENT OFFICE -- JPL,080,NATIONAL AERONAUTICS AND SPACE ADMINISTRATION (NASA),8000,NATIONAL AERONAUTICS AND SPACE ADMINISTRATION,80NM00,NASA MANAGEMENT OFFICE -- JPL,YC1YP79BFD19,,CALIFORNIA INSTITUTE OF TECHNOLOGY,CALIFORNIA INSTITUTE OF TECHNOLOGY,YC1YP79BFD19,YC1YP79BFD19,CALIFORNIA INSTITUTE OF TECHNOLOGY,CALIFORNIA INSTITUTE OF TECHNOLOGY,USA,CA,LOS ANGELES,PASADENA,CA-28,CA-28,911098001,UNITED STATES,CALIFORNIA,LOS ANGELES,CA-28,CA-28,911098099,,,AR22,R&D- SPACE: SCIENCE/APPLICATIONS (APPLIED RESEARCH/EXPLORATORY DEVELOPMENT),541715,"RESEARCH AND DEVELOPMENT IN THE PHYSICAL, ENGINEERING, AND LIFE SCIENCES (EXCEPT NANOTECHNOLOGY AND BIOTECHNOLOGY)",,,https://www.usaspending.gov/award/CONT_AWD_80NM0018F0629_8000_80NM0018D0004_8000/,2024-01-05
National Aeronautics and Space Administration,National Aeronautics and Space Administration,FY2024P03,,080,2023,2024,,0120,000,080-2023/2024-0120-000,"Science, National Aeronautics and Space Administration",National Aeronautics and Space Administration,,"General Science, Space, and Technology","Space flight, research, and supporting activities",080-0120,"Science, National Aeronautics and Space Administration",0001,SCIENCE (DIRECT),25.5,Research and development contracts,D,Q,Not Designated Nonemergency/Emergency/Disaster/Wildfire Suppression,,4422907.42,,,CONT_AWD_80NM0018F0629_8000_80NM0018D0004_8000,80NM0018F0629,80NM0018D0004,,,2018-07-27,2018,2025-07-21,2025,2018-10-01,2028-09-30,,C,DELIVERY ORDER,,,MARS RECONNAISSANCE ORBITER: PHASE E 62-10131,080,NATIONAL AERONAUTICS AND SPACE ADMINISTRATION (NASA),8000,NATIONAL AERONAUTICS AND SPACE ADMINISTRATION,80NM00,NASA MANAGEMENT OFFICE -- JPL,080,NATIONAL AERONAUTICS AND SPACE ADMINISTRATION (NASA),8000,NATIONAL AERONAUTICS AND SPACE ADMINISTRATION,80NM00,NASA MANAGEMENT OFFICE -- JPL,YC1YP79BFD19,,CALIFORNIA INSTITUTE OF TECHNOLOGY,CALIFORNIA INSTITUTE OF TECHNOLOGY,YC1YP79BFD19,YC1YP79BFD19,CALIFORNIA INSTITUTE OF TECHNOLOGY,CALIFORNIA INSTITUTE OF TECHNOLOGY,USA,CA,LOS ANGELES,PASADENA,CA-28,CA-28,911098001,UNITED STATES,CALIFORNIA,LOS ANGELES,CA-28,CA-28,911098099,,,AR22,R&D- SPACE: SCIENCE/APPLICATIONS (APPLIED RESEARCH/EXPLORATORY DEVELOPMENT),541715,"RESEARCH AND DEVELOPMENT IN THE PHYSICAL, ENGINEERING, AND LIFE SCIENCES (EXCEPT NANOTECHNOLOGY AND BIOTECHNOLOGY)",,,https://www.usaspending.gov/award/CONT_AWD_80NM0018F0629_8000_80NM0018D0004_8000/,2024-01-28
National Aeronautics and Space Administration,National Aeronautics and Space Administration,FY2024P04,,080,2023,2024,,0120,000,080-2023/2024-0120-000,"Science, National Aeronautics and Space Administration",National Aeronautics and Space Administration,,"General Science, Space, and Technology","Space flight, research, and supporting activities",080-0120,"Science, National Aeronautics and Space Administration",0001,SCIENCE (DIRECT),25.5,Research and development contracts,D,Q,Not Designated Nonemergency/Emergency/Disaster/Wildfire Suppression,,7351124.15,,,CONT_AWD_80NM0018F0629_8000_80NM0018D0004_8000,80NM0018F0629,80NM0018D0004,,,2018-07-27,2018,2025-07-21,2025,2018-10-01,2028-09-30,,C,DELIVERY ORDER,,,MARS RECONNAISSANCE ORBITER: PHASE E 62-10131,080,NATIONAL AERONAUTICS AND SPACE ADMINISTRATION (NASA),8000,NATIONAL AERONAUTICS AND SPACE ADMINISTRATION,80NM00,NASA MANAGEMENT OFFICE -- JPL,080,NATIONAL AERONAUTICS AND SPACE ADMINISTRATION (NASA),8000,NATIONAL AERONAUTICS AND SPACE ADMINISTRATION,80NM00,NASA MANAGEMENT OFFICE -- JPL,YC1YP79BFD19,,CALIFORNIA INSTITUTE OF TECHNOLOGY,CALIFORNIA INSTITUTE OF TECHNOLOGY,YC1YP79BFD19,YC1YP79BFD19,CALIFORNIA INSTITUTE OF TECHNOLOGY,CALIFORNIA INSTITUTE OF TECHNOLOGY,USA,CA,LOS ANGELES,PASADENA,CA-28,CA-28,911098001,UNITED STATES,CALIFORNIA,LOS ANGELES,CA-28,CA-28,911098099,,,AR22,R&D- SPACE: SCIENCE/APPLICATIONS (APPLIED RESEARCH/EXPLORATORY DEVELOPMENT),541715,"RESEARCH AND DEVELOPMENT IN THE PHYSICAL, ENGINEERING, AND LIFE SCIENCES (EXCEPT NANOTECHNOLOGY AND BIOTECHNOLOGY)",,,https://www.usaspending.gov/award/CONT_AWD_80NM0018F0629_8000_80NM0018D0004_8000/,2024-02-27
National Aeronautics and Space Administration,National Aeronautics and Space Administration,FY2024P05,,080,2024,2025,,0120,000,080-2024/2025-0120-000,"Science, National Aeronautics and Space Administration",National Aeronautics and Space Administration,,"General Science, Space, and Technology","Space flight, research, and supporting activities",080-0120,"Science, National Aeronautics and Space Administration",0001,SCIENCE (DIRECT),25.5,Research and development contracts,D,Q,Not Designated Nonemergency/Emergency/Disaster/Wildfire Suppression,,2495835.95,,,CONT_AWD_80NM0018F0629_8000_80NM0018D0004_8000,80NM0018F0629,80NM0018D0004,,,2018-07-27,2018,2025-07-21,2025,2018-10-01,2028-09-30,,C,DELIVERY ORDER,,,MARS RECONNAISSANCE ORBITER: PHASE E 62-10131,080,NATIONAL AERONAUTICS AND SPACE ADMINISTRATION (NASA),8000,NATIONAL AERONAUTICS AND SPACE ADMINISTRATION,80NM00,NASA MANAGEMENT OFFICE -- JPL,080,NATIONAL AERONAUTICS AND SPACE ADMINISTRATION (NASA),8000,NATIONAL AERONAUTICS AND SPACE ADMINISTRATION,80NM00,NASA MANAGEMENT OFFICE -- JPL,YC1YP79BFD19,,CALIFORNIA INSTITUTE OF TECHNOLOGY,CALIFORNIA INSTITUTE OF TECHNOLOGY,YC1YP79BFD19,YC1YP79BFD19,CALIFORNIA INSTITUTE OF TECHNOLOGY,CALIFORNIA INSTITUTE OF TECHNOLOGY,USA,CA,LOS ANGELES,PASADENA,CA-28,CA-28,911098001,UNITED STATES,CALIFORNIA,LOS ANGELES,CA-28,CA-28,911098099,,,AR22,R&D- SPACE: SCIENCE/APPLICATIONS (APPLIED RESEARCH/EXPLORATORY DEVELOPMENT),541715,"RESEARCH AND DEVELOPMENT IN THE PHYSICAL, ENGINEERING, AND LIFE SCIENCES (EXCEPT NANOTECHNOLOGY AND BIOTECHNOLOGY)",,,https://www.usaspending.gov/award/CONT_AWD_80NM0018F0629_8000_80NM0018D0004_8000/,2024-03-28
National Aeronautics and Space Administration,National Aeronautics and Space Administration,FY2024P05,,080,2024,2025,,0120,000,080-2024/2025-0120-000,"Science, National Aeronautics and Space Administration",National Aeronautics and Space Administration,,"General Science, Space, and Technology","Space flight, research, and supporting activities",080-0120,"Science, National Aeronautics and Space Administration",0001,SCIENCE (DIRECT),25.5,Research and development contracts,D,Q,Not Designated Nonemergency/Emergency/Disaster/Wildfire Suppression,4800000.00,,,,CONT_AWD_80NM0018F0629_8000_80NM0018D0004_8000,80NM0018F0629,80NM0018D0004,,,2018-07-27,2018,2025-07-21,2025,2018-10-01,2028-09-30,,C,DELIVERY ORDER,,,MARS RECONNAISSANCE ORBITER: PHASE E 62-10131,080,NATIONAL AERONAUTICS AND SPACE ADMINISTRATION (NASA),8000,NATIONAL AERONAUTICS AND SPACE ADMINISTRATION,80NM00,NASA MANAGEMENT OFFICE -- JPL,080,NATIONAL AERONAUTICS AND SPACE ADMINISTRATION (NASA),8000,NATIONAL AERONAUTICS AND SPACE ADMINISTRATION,80NM00,NASA MANAGEMENT OFFICE -- JPL,YC1YP79BFD19,,CALIFORNIA INSTITUTE OF TECHNOLOGY,CALIFORNIA INSTITUTE OF TECHNOLOGY,YC1YP79BFD19,YC1YP79BFD19,CALIFORNIA INSTITUTE OF TECHNOLOGY,CALIFORNIA INSTITUTE OF TECHNOLOGY,USA,CA,LOS ANGELES,PASADENA,CA-28,CA-28,911098001,UNITED STATES,CALIFORNIA,LOS ANGELES,CA-28,CA-28,911098099,,,AR22,R&D- SPACE: SCIENCE/APPLICATIONS (APPLIED RESEARCH/EXPLORATORY DEVELOPMENT),541715,"RESEARCH AND DEVELOPMENT IN THE PHYSICAL, ENGINEERING, AND LIFE SCIENCES (EXCEPT NANOTECHNOLOGY AND BIOTECHNOLOGY)",,,https://www.usaspending.gov/award/CONT_AWD_80NM0018F0629_8000_80NM0018D0004_8000/,2024-03-28
National Aeronautics and Space Administration,National Aeronautics and Space Administration,FY2024P05,,080,2023,2024,,0120,000,080-2023/2024-0120-000,"Science, National Aeronautics and Space Administration",National Aeronautics and Space Administration,,"General Science, Space, and Technology","Space flight, research, and supporting activities",080-0120,"Science, National Aeronautics and Space Administration",0001,SCIENCE (DIRECT),25.5,Research and development contracts,D,Q,Not Designated Nonemergency/Emergency/Disaster/Wildfire Suppression,,7762880.35,,,CONT_AWD_80NM0018F0629_8000_80NM0018D0004_8000,80NM0018F0629,80NM0018D0004,,,2018-07-27,2018,2025-07-21,2025,2018-10-01,2028-09-30,,C,DELIVERY ORDER,,,MARS RECONNAISSANCE ORBITER: PHASE E 62-10131,080,NATIONAL AERONAUTICS AND SPACE ADMINISTRATION (NASA),8000,NATIONAL AERONAUTICS AND SPACE ADMINISTRATION,80NM00,NASA MANAGEMENT OFFICE -- JPL,080,NATIONAL AERONAUTICS AND SPACE ADMINISTRATION (NASA),8000,NATIONAL AERONAUTICS AND SPACE ADMINISTRATION,80NM00,NASA MANAGEMENT OFFICE -- JPL,YC1YP79BFD19,,CALIFORNIA INSTITUTE OF TECHNOLOGY,CALIFORNIA INSTITUTE OF TECHNOLOGY,YC1YP79BFD19,YC1YP79BFD19,CALIFORNIA INSTITUTE OF TECHNOLOGY,CALIFORNIA INSTITUTE OF TECHNOLOGY,USA,CA,LOS ANGELES,PASADENA,CA-28,CA-28,911098001,UNITED STATES,CALIFORNIA,LOS ANGELES,CA-28,CA-28,911098099,,,AR22,R&D- SPACE: SCIENCE/APPLICATIONS (APPLIED RESEARCH/EXPLORATORY DEVELOPMENT),541715,"RESEARCH AND DEVELOPMENT IN THE PHYSICAL, ENGINEERING, AND LIFE SCIENCES (EXCEPT NANOTECHNOLOGY AND BIOTECHNOLOGY)",,,https://www.usaspending.gov/award/CONT_AWD_80NM0018F0629_8000_80NM0018D0004_8000/,2024-03-28
National Aeronautics and Space Administration,National Aeronautics and Space Administration,FY2024P05,,080,2023,2024,,0120,000,080-2023/2024-0120-000,"Science, National Aeronautics and Space Administration",National Aeronautics and Space Administration,,"General Science, Space, and Technology","Space flight, research, and supporting activities",080-0120,"Science, National Aeronautics and Space Administration",0001,SCIENCE (DIRECT),25.5,Research and development contracts,D,Q,Not Designated Nonemergency/Emergency/Disaster/Wildfire Suppression,45232.00,,,,CONT_AWD_80NM0018F0629_8000_80NM0018D0004_8000,80NM0018F0629,80NM0018D0004,,,2018-07-27,2018,2025-07-21,2025,2018-10-01,2028-09-30,,C,DELIVERY ORDER,,,MARS RECONNAISSANCE ORBITER: PHASE E 62-10131,080,NATIONAL AERONAUTICS AND SPACE ADMINISTRATION (NASA),8000,NATIONAL AERONAUTICS AND SPACE ADMINISTRATION,80NM00,NASA MANAGEMENT OFFICE -- JPL,080,NATIONAL AERONAUTICS AND SPACE ADMINISTRATION (NASA),8000,NATIONAL AERONAUTICS AND SPACE ADMINISTRATION,80NM00,NASA MANAGEMENT OFFICE -- JPL,YC1YP79BFD19,,CALIFORNIA INSTITUTE OF TECHNOLOGY,CALIFORNIA INSTITUTE OF TECHNOLOGY,YC1YP79BFD19,YC1YP79BFD19,CALIFORNIA INSTITUTE OF TECHNOLOGY,CALIFORNIA INSTITUTE OF TECHNOLOGY,USA,CA,LOS ANGELES,PASADENA,CA-28,CA-28,911098001,UNITED STATES,CALIFORNIA,LOS ANGELES,CA-28,CA-28,911098099,,,AR22,R&D- SPACE: SCIENCE/APPLICATIONS (APPLIED RESEARCH/EXPLORATORY DEVELOPMENT),541715,"RESEARCH AND DEVELOPMENT IN THE PHYSICAL, ENGINEERING, AND LIFE SCIENCES (EXCEPT NANOTECHNOLOGY AND BIOTECHNOLOGY)",,,https://www.usaspending.gov/award/CONT_AWD_80NM0018F0629_8000_80NM0018D0004_8000/,2024-03-28
National Aeronautics and Space Administration,National Aeronautics and Space Administration,FY2024P06,,080,2024,2025,,0120,000,080-2024/2025-0120-000,"Science, National Aeronautics and Space Administration",National Aeronautics and Space Administration,,"General Science, Space, and Technology","Space flight, research, and supporting activities",080-0120,"Science, National Aeronautics and Space Administration",0001,SCIENCE (DIRECT),25.5,Research and development contracts,D,Q,Not Designated Nonemergency/Emergency/Disaster/Wildfire Suppression,,3686105.07,,,CONT_AWD_80NM0018F0629_8000_80NM0018D0004_8000,80NM0018F0629,80NM0018D0004,,,2018-07-27,2018,2025-07-21,2025,2018-10-01,2028-09-30,,C,DELIVERY ORDER,,,MARS RECONNAISSANCE ORBITER: PHASE E 62-10131,080,NATIONAL AERONAUTICS AND SPACE ADMINISTRATION (NASA),8000,NATIONAL AERONAUTICS AND SPACE ADMINISTRATION,80NM00,NASA MANAGEMENT OFFICE -- JPL,080,NATIONAL AERONAUTICS AND SPACE ADMINISTRATION (NASA),8000,NATIONAL AERONAUTICS AND SPACE ADMINISTRATION,80NM00,NASA MANAGEMENT OFFICE -- JPL,YC1YP79BFD19,,CALIFORNIA INSTITUTE OF TECHNOLOGY,CALIFORNIA INSTITUTE OF TECHNOLOGY,YC1YP79BFD19,YC1YP79BFD19,CALIFORNIA INSTITUTE OF TECHNOLOGY,CALIFORNIA INSTITUTE OF TECHNOLOGY,USA,CA,LOS ANGELES,PASADENA,CA-28,CA-28,911098001,UNITED STATES,CALIFORNIA,LOS ANGELES,CA-28,CA-28,911098099,,,AR22,R&D- SPACE: SCIENCE/APPLICATIONS (APPLIED RESEARCH/EXPLORATORY DEVELOPMENT),541715,"RESEARCH AND DEVELOPMENT IN THE PHYSICAL, ENGINEERING, AND LIFE SCIENCES (EXCEPT NANOTECHNOLOGY AND BIOTECHNOLOGY)",,,https://www.usaspending.gov/award/CONT_AWD_80NM0018F0629_8000_80NM0018D0004_8000/,2024-04-25
National Aeronautics and Space Administration,National Aeronautics and Space Administration,FY2024P06,,080,2023,2024,,0120,000,080-2023/2024-0120-000,"Science, National Aeronautics and Space Administration",National Aeronautics and Space Administration,,"General Science, Space, and Technology","Space flight, research, and supporting activities",080-0120,"Science, National Aeronautics and Space Administration",0001,SCIENCE (DIRECT),25.5,Research and development contracts,D,Q,Not Designated Nonemergency/Emergency/Disaster/Wildfire Suppression,,7762880.35,,,CONT_AWD_80NM0018F0629_8000_80NM0018D0004_8000,80NM0018F0629,80NM0018D0004,,,2018-07-27,2018,2025-07-21,2025,2018-10-01,2028-09-30,,C,DELIVERY ORDER,,,MARS RECONNAISSANCE ORBITER: PHASE E 62-10131,080,NATIONAL AERONAUTICS AND SPACE ADMINISTRATION (NASA),8000,NATIONAL AERONAUTICS AND SPACE ADMINISTRATION,80NM00,NASA MANAGEMENT OFFICE -- JPL,080,NATIONAL AERONAUTICS AND SPACE ADMINISTRATION (NASA),8000,NATIONAL AERONAUTICS AND SPACE ADMINISTRATION,80NM00,NASA MANAGEMENT OFFICE -- JPL,YC1YP79BFD19,,CALIFORNIA INSTITUTE OF TECHNOLOGY,CALIFORNIA INSTITUTE OF TECHNOLOGY,YC1YP79BFD19,YC1YP79BFD19,CALIFORNIA INSTITUTE OF TECHNOLOGY,CALIFORNIA INSTITUTE OF TECHNOLOGY,USA,CA,LOS ANGELES,PASADENA,CA-28,CA-28,911098001,UNITED STATES,CALIFORNIA,LOS ANGELES,CA-28,CA-28,911098099,,,AR22,R&D- SPACE: SCIENCE/APPLICATIONS (APPLIED RESEARCH/EXPLORATORY DEVELOPMENT),541715,"RESEARCH AND DEVELOPMENT IN THE PHYSICAL, ENGINEERING, AND LIFE SCIENCES (EXCEPT NANOTECHNOLOGY AND BIOTECHNOLOGY)",,,https://www.usaspending.gov/award/CONT_AWD_80NM0018F0629_8000_80NM0018D0004_8000/,2024-04-25
National Aeronautics and Space Administration,National Aeronautics and Space Administration,FY2024P07,,080,2024,2025,,0120,000,080-2024/2025-0120-000,"Science, National Aeronautics and Space Administration",National Aeronautics and Space Administration,,"General Science, Space, and Technology","Space flight, research, and supporting activities",080-0120,"Science, National Aeronautics and Space Administration",0001,SCIENCE (DIRECT),25.5,Research and development contracts,D,Q,Not Designated Nonemergency/Emergency/Disaster/Wildfire Suppression,,5694756.44,,,CONT_AWD_80NM0018F0629_8000_80NM0018D0004_8000,80NM0018F0629,80NM0018D0004,,,2018-07-27,2018,2025-07-21,2025,2018-10-01,2028-09-30,,C,DELIVERY ORDER,,,MARS RECONNAISSANCE ORBITER: PHASE E 62-10131,080,NATIONAL AERONAUTICS AND SPACE ADMINISTRATION (NASA),8000,NATIONAL AERONAUTICS AND SPACE ADMINISTRATION,80NM00,NASA MANAGEMENT OFFICE -- JPL,080,NATIONAL AERONAUTICS AND SPACE ADMINISTRATION (NASA),8000,NATIONAL AERONAUTICS AND SPACE ADMINISTRATION,80NM00,NASA MANAGEMENT OFFICE -- JPL,YC1YP79BFD19,,CALIFORNIA INSTITUTE OF TECHNOLOGY,CALIFORNIA INSTITUTE OF TECHNOLOGY,YC1YP79BFD19,YC1YP79BFD19,CALIFORNIA INSTITUTE OF TECHNOLOGY,CALIFORNIA INSTITUTE OF TECHNOLOGY,USA,CA,LOS ANGELES,PASADENA,CA-28,CA-28,911098001,UNITED STATES,CALIFORNIA,LOS ANGELES,CA-28,CA-28,911098099,,,AR22,R&D- SPACE: SCIENCE/APPLICATIONS (APPLIED RESEARCH/EXPLORATORY DEVELOPMENT),541715,"RESEARCH AND DEVELOPMENT IN THE PHYSICAL, ENGINEERING, AND LIFE SCIENCES (EXCEPT NANOTECHNOLOGY AND BIOTECHNOLOGY)",,,https://www.usaspending.gov/award/CONT_AWD_80NM0018F0629_8000_80NM0018D0004_8000/,2024-05-22
National Aeronautics and Space Administration,National Aeronautics and Space Administration,FY2024P07,,080,2024,2025,,0120,000,080-2024/2025-0120-000,"Science, National Aeronautics and Space Administration",National Aeronautics and Space Administration,,"General Science, Space, and Technology","Space flight, research, and supporting activities",080-0120,"Science, National Aeronautics and Space Administration",0001,SCIENCE (DIRECT),25.5,Research and development contracts,D,Q,Not Designated Nonemergency/Emergency/Disaster/Wildfire Suppression,7200000.00,,,,CONT_AWD_80NM0018F0629_8000_80NM0018D0004_8000,80NM0018F0629,80NM0018D0004,,,2018-07-27,2018,2025-07-21,2025,2018-10-01,2028-09-30,,C,DELIVERY ORDER,,,MARS RECONNAISSANCE ORBITER: PHASE E 62-10131,080,NATIONAL AERONAUTICS AND SPACE ADMINISTRATION (NASA),8000,NATIONAL AERONAUTICS AND SPACE ADMINISTRATION,80NM00,NASA MANAGEMENT OFFICE -- JPL,080,NATIONAL AERONAUTICS AND SPACE ADMINISTRATION (NASA),8000,NATIONAL AERONAUTICS AND SPACE ADMINISTRATION,80NM00,NASA MANAGEMENT OFFICE -- JPL,YC1YP79BFD19,,CALIFORNIA INSTITUTE OF TECHNOLOGY,CALIFORNIA INSTITUTE OF TECHNOLOGY,YC1YP79BFD19,YC1YP79BFD19,CALIFORNIA INSTITUTE OF TECHNOLOGY,CALIFORNIA INSTITUTE OF TECHNOLOGY,USA,CA,LOS ANGELES,PASADENA,CA-28,CA-28,911098001,UNITED STATES,CALIFORNIA,LOS ANGELES,CA-28,CA-28,911098099,,,AR22,R&D- SPACE: SCIENCE/APPLICATIONS (APPLIED RESEARCH/EXPLORATORY DEVELOPMENT),541715,"RESEARCH AND DEVELOPMENT IN THE PHYSICAL, ENGINEERING, AND LIFE SCIENCES (EXCEPT NANOTECHNOLOGY AND BIOTECHNOLOGY)",,,https://www.usaspending.gov/award/CONT_AWD_80NM0018F0629_8000_80NM0018D0004_8000/,2024-05-22
National Aeronautics and Space Administration,National Aeronautics and Space Administration,FY2024P07,,080,2023,2024,,0120,000,080-2023/2024-0120-000,"Science, National Aeronautics and Space Administration",National Aeronautics and Space Administration,,"General Science, Space, and Technology","Space flight, research, and supporting activities",080-0120,"Science, National Aeronautics and Space Administration",0001,SCIENCE (DIRECT),25.5,Research and development contracts,D,Q,Not Designated Nonemergency/Emergency/Disaster/Wildfire Suppression,,7762880.35,,,CONT_AWD_80NM0018F0629_8000_80NM0018D0004_8000,80NM0018F0629,80NM0018D0004,,,2018-07-27,2018,2025-07-21,2025,2018-10-01,2028-09-30,,C,DELIVERY ORDER,,,MARS RECONNAISSANCE ORBITER: PHASE E 62-10131,080,NATIONAL AERONAUTICS AND SPACE ADMINISTRATION (NASA),8000,NATIONAL AERONAUTICS AND SPACE ADMINISTRATION,80NM00,NASA MANAGEMENT OFFICE -- JPL,080,NATIONAL AERONAUTICS AND SPACE ADMINISTRATION (NASA),8000,NATIONAL AERONAUTICS AND SPACE ADMINISTRATION,80NM00,NASA MANAGEMENT OFFICE -- JPL,YC1YP79BFD19,,CALIFORNIA INSTITUTE OF TECHNOLOGY,CALIFORNIA INSTITUTE OF TECHNOLOGY,YC1YP79BFD19,YC1YP79BFD19,CALIFORNIA INSTITUTE OF TECHNOLOGY,CALIFORNIA INSTITUTE OF TECHNOLOGY,USA,CA,LOS ANGELES,PASADENA,CA-28,CA-28,911098001,UNITED STATES,CALIFORNIA,LOS ANGELES,CA-28,CA-28,911098099,,,AR22,R&D- SPACE: SCIENCE/APPLICATIONS (APPLIED RESEARCH/EXPLORATORY DEVELOPMENT),541715,"RESEARCH AND DEVELOPMENT IN THE PHYSICAL, ENGINEERING, AND LIFE SCIENCES (EXCEPT NANOTECHNOLOGY AND BIOTECHNOLOGY)",,,https://www.usaspending.gov/award/CONT_AWD_80NM0018F0629_8000_80NM0018D0004_8000/,2024-05-22
National Aeronautics and Space Administration,National Aeronautics and Space Administration,FY2024P08,,080,2024,2025,,0120,000,080-2024/2025-0120-000,"Science, National Aeronautics and Space Administration",National Aeronautics and Space Administration,,"General Science, Space, and Technology","Space flight, research, and supporting activities",080-0120,"Science, National Aeronautics and Space Administration",0001,SCIENCE (DIRECT),25.5,Research and development contracts,D,Q,Not Designated Nonemergency/Emergency/Disaster/Wildfire Suppression,,7664972.58,,,CONT_AWD_80NM0018F0629_8000_80NM0018D0004_8000,80NM0018F0629,80NM0018D0004,,,2018-07-27,2018,2025-07-21,2025,2018-10-01,2028-09-30,,C,DELIVERY ORDER,,,MARS RECONNAISSANCE ORBITER: PHASE E 62-10131,080,NATIONAL AERONAUTICS AND SPACE ADMINISTRATION (NASA),8000,NATIONAL AERONAUTICS AND SPACE ADMINISTRATION,80NM00,NASA MANAGEMENT OFFICE -- JPL,080,NATIONAL AERONAUTICS AND SPACE ADMINISTRATION (NASA),8000,NATIONAL AERONAUTICS AND SPACE ADMINISTRATION,80NM00,NASA MANAGEMENT OFFICE -- JPL,YC1YP79BFD19,,CALIFORNIA INSTITUTE OF TECHNOLOGY,CALIFORNIA INSTITUTE OF TECHNOLOGY,YC1YP79BFD19,YC1YP79BFD19,CALIFORNIA INSTITUTE OF TECHNOLOGY,CALIFORNIA INSTITUTE OF TECHNOLOGY,USA,CA,LOS ANGELES,PASADENA,CA-28,CA-28,911098001,UNITED STATES,CALIFORNIA,LOS ANGELES,CA-28,CA-28,911098099,,,AR22,R&D- SPACE: SCIENCE/APPLICATIONS (APPLIED RESEARCH/EXPLORATORY DEVELOPMENT),541715,"RESEARCH AND DEVELOPMENT IN THE PHYSICAL, ENGINEERING, AND LIFE SCIENCES (EXCEPT NANOTECHNOLOGY AND BIOTECHNOLOGY)",,,https://www.usaspending.gov/award/CONT_AWD_80NM0018F0629_8000_80NM0018D0004_8000/,2024-07-01
National Aeronautics and Space Administration,National Aeronautics and Space Administration,FY2024P08,,080,2023,2024,,0120,000,080-2023/2024-0120-000,"Science, National Aeronautics and Space Administration",National Aeronautics and Space Administration,,"General Science, Space, and Technology","Space flight, research, and supporting activities",080-0120,"Science, National Aeronautics and Space Administration",0001,SCIENCE (DIRECT),25.5,Research and development contracts,D,Q,Not Designated Nonemergency/Emergency/Disaster/Wildfire Suppression,,7762880.35,,,CONT_AWD_80NM0018F0629_8000_80NM0018D0004_8000,80NM0018F0629,80NM0018D0004,,,2018-07-27,2018,2025-07-21,2025,2018-10-01,2028-09-30,,C,DELIVERY ORDER,,,MARS RECONNAISSANCE ORBITER: PHASE E 62-10131,080,NATIONAL AERONAUTICS AND SPACE ADMINISTRATION (NASA),8000,NATIONAL AERONAUTICS AND SPACE ADMINISTRATION,80NM00,NASA MANAGEMENT OFFICE -- JPL,080,NATIONAL AERONAUTICS AND SPACE ADMINISTRATION (NASA),8000,NATIONAL AERONAUTICS AND SPACE ADMINISTRATION,80NM00,NASA MANAGEMENT OFFICE -- JPL,YC1YP79BFD19,,CALIFORNIA INSTITUTE OF TECHNOLOGY,CALIFORNIA INSTITUTE OF TECHNOLOGY,YC1YP79BFD19,YC1YP79BFD19,CALIFORNIA INSTITUTE OF TECHNOLOGY,CALIFORNIA INSTITUTE OF TECHNOLOGY,USA,CA,LOS ANGELES,PASADENA,CA-28,CA-28,911098001,UNITED STATES,CALIFORNIA,LOS ANGELES,CA-28,CA-28,911098099,,,AR22,R&D- SPACE: SCIENCE/APPLICATIONS (APPLIED RESEARCH/EXPLORATORY DEVELOPMENT),541715,"RESEARCH AND DEVELOPMENT IN THE PHYSICAL, ENGINEERING, AND LIFE SCIENCES (EXCEPT NANOTECHNOLOGY AND BIOTECHNOLOGY)",,,https://www.usaspending.gov/award/CONT_AWD_80NM0018F0629_8000_80NM0018D0004_8000/,2024-07-01
National Aeronautics and Space Administration,National Aeronautics and Space Administration,FY2024P09,,080,2024,2025,,0120,000,080-2024/2025-0120-000,"Science, National Aeronautics and Space Administration",National Aeronautics and Space Administration,,"General Science, Space, and Technology","Space flight, research, and supporting activities",080-0120,"Science, National Aeronautics and Space Administration",0001,SCIENCE (DIRECT),25.5,Research and development contracts,D,Q,Not Designated Nonemergency/Emergency/Disaster/Wildfire Suppression,,9482046.49,,,CONT_AWD_80NM0018F0629_8000_80NM0018D0004_8000,80NM0018F0629,80NM0018D0004,,,2018-07-27,2018,2025-07-21,2025,2018-10-01,2028-09-30,,C,DELIVERY ORDER,,,MARS RECONNAISSANCE ORBITER: PHASE E 62-10131,080,NATIONAL AERONAUTICS AND SPACE ADMINISTRATION (NASA),8000,NATIONAL AERONAUTICS AND SPACE ADMINISTRATION,80NM00,NASA MANAGEMENT OFFICE -- JPL,080,NATIONAL AERONAUTICS AND SPACE ADMINISTRATION (NASA),8000,NATIONAL AERONAUTICS AND SPACE ADMINISTRATION,80NM00,NASA MANAGEMENT OFFICE -- JPL,YC1YP79BFD19,,CALIFORNIA INSTITUTE OF TECHNOLOGY,CALIFORNIA INSTITUTE OF TECHNOLOGY,YC1YP79BFD19,YC1YP79BFD19,CALIFORNIA INSTITUTE OF TECHNOLOGY,CALIFORNIA INSTITUTE OF TECHNOLOGY,USA,CA,LOS ANGELES,PASADENA,CA-28,CA-28,911098001,UNITED STATES,CALIFORNIA,LOS ANGELES,CA-28,CA-28,911098099,,,AR22,R&D- SPACE: SCIENCE/APPLICATIONS (APPLIED RESEARCH/EXPLORATORY DEVELOPMENT),541715,"RESEARCH AND DEVELOPMENT IN THE PHYSICAL, ENGINEERING, AND LIFE SCIENCES (EXCEPT NANOTECHNOLOGY AND BIOTECHNOLOGY)",,,https://www.usaspending.gov/award/CONT_AWD_80NM0018F0629_8000_80NM0018D0004_8000/,2024-07-29
National Aeronautics and Space Administration,National Aeronautics and Space Administration,FY2024P09,,080,2023,2024,,0120,000,080-2023/2024-0120-000,"Science, National Aeronautics and Space Administration",National Aeronautics and Space Administration,,"General Science, Space, and Technology","Space flight, research, and supporting activities",080-0120,"Science, National Aeronautics and Space Administration",0001,SCIENCE (DIRECT),25.5,Research and development contracts,D,Q,Not Designated Nonemergency/Emergency/Disaster/Wildfire Suppression,,7762880.35,,,CONT_AWD_80NM0018F0629_8000_80NM0018D0004_8000,80NM0018F0629,80NM0018D0004,,,2018-07-27,2018,2025-07-21,2025,2018-10-01,2028-09-30,,C,DELIVERY ORDER,,,MARS RECONNAISSANCE ORBITER: PHASE E 62-10131,080,NATIONAL AERONAUTICS AND SPACE ADMINISTRATION (NASA),8000,NATIONAL AERONAUTICS AND SPACE ADMINISTRATION,80NM00,NASA MANAGEMENT OFFICE -- JPL,080,NATIONAL AERONAUTICS AND SPACE ADMINISTRATION (NASA),8000,NATIONAL AERONAUTICS AND SPACE ADMINISTRATION,80NM00,NASA MANAGEMENT OFFICE -- JPL,YC1YP79BFD19,,CALIFORNIA INSTITUTE OF TECHNOLOGY,CALIFORNIA INSTITUTE OF TECHNOLOGY,YC1YP79BFD19,YC1YP79BFD19,CALIFORNIA INSTITUTE OF TECHNOLOGY,CALIFORNIA INSTITUTE OF TECHNOLOGY,USA,CA,LOS ANGELES,PASADENA,CA-28,CA-28,911098001,UNITED STATES,CALIFORNIA,LOS ANGELES,CA-28,CA-28,911098099,,,AR22,R&D- SPACE: SCIENCE/APPLICATIONS (APPLIED RESEARCH/EXPLORATORY DEVELOPMENT),541715,"RESEARCH AND DEVELOPMENT IN THE PHYSICAL, ENGINEERING, AND LIFE SCIENCES (EXCEPT NANOTECHNOLOGY AND BIOTECHNOLOGY)",,,https://www.usaspending.gov/award/CONT_AWD_80NM0018F0629_8000_80NM0018D0004_8000/,2024-07-29
National Aeronautics and Space Administration,National Aeronautics and Space Administration,FY2024P10,,080,2024,2025,,0120,000,080-2024/2025-0120-000,"Science, National Aeronautics and Space Administration",National Aeronautics and Space Administration,,"General Science, Space, and Technology","Space flight, research, and supporting activities",080-0120,"Science, National Aeronautics and Space Administration",0001,SCIENCE (DIRECT),25.5,Research and development contracts,D,Q,Not Designated Nonemergency/Emergency/Disaster/Wildfire Suppression,,11902392.63,,,CONT_AWD_80NM0018F0629_8000_80NM0018D0004_8000,80NM0018F0629,80NM0018D0004,,,2018-07-27,2018,2025-07-21,2025,2018-10-01,2028-09-30,,C,DELIVERY ORDER,,,MARS RECONNAISSANCE ORBITER: PHASE E 62-10131,080,NATIONAL AERONAUTICS AND SPACE ADMINISTRATION (NASA),8000,NATIONAL AERONAUTICS AND SPACE ADMINISTRATION,80NM00,NASA MANAGEMENT OFFICE -- JPL,080,NATIONAL AERONAUTICS AND SPACE ADMINISTRATION (NASA),8000,NATIONAL AERONAUTICS AND SPACE ADMINISTRATION,80NM00,NASA MANAGEMENT OFFICE -- JPL,YC1YP79BFD19,,CALIFORNIA INSTITUTE OF TECHNOLOGY,CALIFORNIA INSTITUTE OF TECHNOLOGY,YC1YP79BFD19,YC1YP79BFD19,CALIFORNIA INSTITUTE OF TECHNOLOGY,CALIFORNIA INSTITUTE OF TECHNOLOGY,USA,CA,LOS ANGELES,PASADENA,CA-28,CA-28,911098001,UNITED STATES,CALIFORNIA,LOS ANGELES,CA-28,CA-28,911098099,,,AR22,R&D- SPACE: SCIENCE/APPLICATIONS (APPLIED RESEARCH/EXPLORATORY DEVELOPMENT),541715,"RESEARCH AND DEVELOPMENT IN THE PHYSICAL, ENGINEERING, AND LIFE SCIENCES (EXCEPT NANOTECHNOLOGY AND BIOTECHNOLOGY)",,,https://www.usaspending.gov/award/CONT_AWD_80NM0018F0629_8000_80NM0018D0004_8000/,2024-08-26
National Aeronautics and Space Administration,National Aeronautics and Space Administration,FY2024P10,,080,2024,2025,,0120,000,080-2024/2025-0120-000,"Science, National Aeronautics and Space Administration",National Aeronautics and Space Administration,,"General Science, Space, and Technology","Space flight, research, and supporting activities",080-0120,"Science, National Aeronautics and Space Administration",0001,SCIENCE (DIRECT),25.5,Research and development contracts,D,Q,Not Designated Nonemergency/Emergency/Disaster/Wildfire Suppression,4500083.00,,,,CONT_AWD_80NM0018F0629_8000_80NM0018D0004_8000,80NM0018F0629,80NM0018D0004,,,2018-07-27,2018,2025-07-21,2025,2018-10-01,2028-09-30,,C,DELIVERY ORDER,,,MARS RECONNAISSANCE ORBITER: PHASE E 62-10131,080,NATIONAL AERONAUTICS AND SPACE ADMINISTRATION (NASA),8000,NATIONAL AERONAUTICS AND SPACE ADMINISTRATION,80NM00,NASA MANAGEMENT OFFICE -- JPL,080,NATIONAL AERONAUTICS AND SPACE ADMINISTRATION (NASA),8000,NATIONAL AERONAUTICS AND SPACE ADMINISTRATION,80NM00,NASA MANAGEMENT OFFICE -- JPL,YC1YP79BFD19,,CALIFORNIA INSTITUTE OF TECHNOLOGY,CALIFORNIA INSTITUTE OF TECHNOLOGY,YC1YP79BFD19,YC1YP79BFD19,CALIFORNIA INSTITUTE OF TECHNOLOGY,CALIFORNIA INSTITUTE OF TECHNOLOGY,USA,CA,LOS ANGELES,PASADENA,CA-28,CA-28,911098001,UNITED STATES,CALIFORNIA,LOS ANGELES,CA-28,CA-28,911098099,,,AR22,R&D- SPACE: SCIENCE/APPLICATIONS (APPLIED RESEARCH/EXPLORATORY DEVELOPMENT),541715,"RESEARCH AND DEVELOPMENT IN THE PHYSICAL, ENGINEERING, AND LIFE SCIENCES (EXCEPT NANOTECHNOLOGY AND BIOTECHNOLOGY)",,,https://www.usaspending.gov/award/CONT_AWD_80NM0018F0629_8000_80NM0018D0004_8000/,2024-08-26
National Aeronautics and Space Administration,National Aeronautics and Space Administration,FY2024P10,,080,2023,2024,,0120,000,080-2023/2024-0120-000,"Science, National Aeronautics and Space Administration",National Aeronautics and Space Administration,,"General Science, Space, and Technology","Space flight, research, and supporting activities",080-0120,"Science, National Aeronautics and Space Administration",0001,SCIENCE (DIRECT),25.5,Research and development contracts,D,Q,Not Designated Nonemergency/Emergency/Disaster/Wildfire Suppression,,7762880.35,,,CONT_AWD_80NM0018F0629_8000_80NM0018D0004_8000,80NM0018F0629,80NM0018D0004,,,2018-07-27,2018,2025-07-21,2025,2018-10-01,2028-09-30,,C,DELIVERY ORDER,,,MARS RECONNAISSANCE ORBITER: PHASE E 62-10131,080,NATIONAL AERONAUTICS AND SPACE ADMINISTRATION (NASA),8000,NATIONAL AERONAUTICS AND SPACE ADMINISTRATION,80NM00,NASA MANAGEMENT OFFICE -- JPL,080,NATIONAL AERONAUTICS AND SPACE ADMINISTRATION (NASA),8000,NATIONAL AERONAUTICS AND SPACE ADMINISTRATION,80NM00,NASA MANAGEMENT OFFICE -- JPL,YC1YP79BFD19,,CALIFORNIA INSTITUTE OF TECHNOLOGY,CALIFORNIA INSTITUTE OF TECHNOLOGY,YC1YP79BFD19,YC1YP79BFD19,CALIFORNIA INSTITUTE OF TECHNOLOGY,CALIFORNIA INSTITUTE OF TECHNOLOGY,USA,CA,LOS ANGELES,PASADENA,CA-28,CA-28,911098001,UNITED STATES,CALIFORNIA,LOS ANGELES,CA-28,CA-28,911098099,,,AR22,R&D- SPACE: SCIENCE/APPLICATIONS (APPLIED RESEARCH/EXPLORATORY DEVELOPMENT),541715,"RESEARCH AND DEVELOPMENT IN THE PHYSICAL, ENGINEERING, AND LIFE SCIENCES (EXCEPT NANOTECHNOLOGY AND BIOTECHNOLOGY)",,,https://www.usaspending.gov/award/CONT_AWD_80NM0018F0629_8000_80NM0018D0004_8000/,2024-08-26
National Aeronautics and Space Administration,National Aeronautics and Space Administration,FY2024P11,,080,2023,2024,,0120,000,080-2023/2024-0120-000,"Science, National Aeronautics and Space Administration",National Aeronautics and Space Administration,,"General Science, Space, and Technology","Space flight, research, and supporting activities",080-0120,"Science, National Aeronautics and Space Administration",0001,SCIENCE (DIRECT),25.5,Research and development contracts,D,Q,Not Designated Nonemergency/Emergency/Disaster/Wildfire Suppression,,7762880.35,,,CONT_AWD_80NM0018F0629_8000_80NM0018D0004_8000,80NM0018F0629,80NM0018D0004,,,2018-07-27,2018,2025-07-21,2025,2018-10-01,2028-09-30,,C,DELIVERY ORDER,,,MARS RECONNAISSANCE ORBITER: PHASE E 62-10131,080,NATIONAL AERONAUTICS AND SPACE ADMINISTRATION (NASA),8000,NATIONAL AERONAUTICS AND SPACE ADMINISTRATION,80NM00,NASA MANAGEMENT OFFICE -- JPL,080,NATIONAL AERONAUTICS AND SPACE ADMINISTRATION (NASA),8000,NATIONAL AERONAUTICS AND SPACE ADMINISTRATION,80NM00,NASA MANAGEMENT OFFICE -- JPL,YC1YP79BFD19,,CALIFORNIA INSTITUTE OF TECHNOLOGY,CALIFORNIA INSTITUTE OF TECHNOLOGY,YC1YP79BFD19,YC1YP79BFD19,CALIFORNIA INSTITUTE OF TECHNOLOGY,CALIFORNIA INSTITUTE OF TECHNOLOGY,USA,CA,LOS ANGELES,PASADENA,CA-28,CA-28,911098001,UNITED STATES,CALIFORNIA,LOS ANGELES,CA-28,CA-28,911098099,,,AR22,R&D- SPACE: SCIENCE/APPLICATIONS (APPLIED RESEARCH/EXPLORATORY DEVELOPMENT),541715,"RESEARCH AND DEVELOPMENT IN THE PHYSICAL, ENGINEERING, AND LIFE SCIENCES (EXCEPT NANOTECHNOLOGY AND BIOTECHNOLOGY)",,,https://www.usaspending.gov/award/CONT_AWD_80NM0018F0629_8000_80NM0018D0004_8000/,2024-09-30
National Aeronautics and Space Administration,National Aeronautics and Space Administration,FY2024P11,,080,2024,2025,,0120,000,080-2024/2025-0120-000,"Science, National Aeronautics and Space Administration",National Aeronautics and Space Administration,,"General Science, Space, and Technology","Space flight, research, and supporting activities",080-0120,"Science, National Aeronautics and Space Administration",0001,SCIENCE (DIRECT),25.5,Research and development contracts,D,Q,Not Designated Nonemergency/Emergency/Disaster/Wildfire Suppression,,15120993.81,,,CONT_AWD_80NM0018F0629_8000_80NM0018D0004_8000,80NM0018F0629,80NM0018D0004,,,2018-07-27,2018,2025-07-21,2025,2018-10-01,2028-09-30,,C,DELIVERY ORDER,,,MARS RECONNAISSANCE ORBITER: PHASE E 62-10131,080,NATIONAL AERONAUTICS AND SPACE ADMINISTRATION (NASA),8000,NATIONAL AERONAUTICS AND SPACE ADMINISTRATION,80NM00,NASA MANAGEMENT OFFICE -- JPL,080,NATIONAL AERONAUTICS AND SPACE ADMINISTRATION (NASA),8000,NATIONAL AERONAUTICS AND SPACE ADMINISTRATION,80NM00,NASA MANAGEMENT OFFICE -- JPL,YC1YP79BFD19,,CALIFORNIA INSTITUTE OF TECHNOLOGY,CALIFORNIA INSTITUTE OF TECHNOLOGY,YC1YP79BFD19,YC1YP79BFD19,CALIFORNIA INSTITUTE OF TECHNOLOGY,CALIFORNIA INSTITUTE OF TECHNOLOGY,USA,CA,LOS ANGELES,PASADENA,CA-28,CA-28,911098001,UNITED STATES,CALIFORNIA,LOS ANGELES,CA-28,CA-28,911098099,,,AR22,R&D- SPACE: SCIENCE/APPLICATIONS (APPLIED RESEARCH/EXPLORATORY DEVELOPMENT),541715,"RESEARCH AND DEVELOPMENT IN THE PHYSICAL, ENGINEERING, AND LIFE SCIENCES (EXCEPT NANOTECHNOLOGY AND BIOTECHNOLOGY)",,,https://www.usaspending.gov/award/CONT_AWD_80NM0018F0629_8000_80NM0018D0004_8000/,2024-09-30
National Aeronautics and Space Administration,National Aeronautics and Space Administration,FY2024P12,,080,2023,2024,,0120,000,080-2023/2024-0120-000,"Science, National Aeronautics and Space Administration",National Aeronautics and Space Administration,,"General Science, Space, and Technology","Space flight, research, and supporting activities",080-0120,"Science, National Aeronautics and Space Administration",0001,SCIENCE (DIRECT),25.5,Research and development contracts,D,Q,Not Designated Nonemergency/Emergency/Disaster/Wildfire Suppression,,7762880.35,,,CONT_AWD_80NM0018F0629_8000_80NM0018D0004_8000,80NM0018F0629,80NM0018D0004,,,2018-07-27,2018,2025-07-21,2025,2018-10-01,2028-09-30,,C,DELIVERY ORDER,,,MARS RECONNAISSANCE ORBITER: PHASE E 62-10131,080,NATIONAL AERONAUTICS AND SPACE ADMINISTRATION (NASA),8000,NATIONAL AERONAUTICS AND SPACE ADMINISTRATION,80NM00,NASA MANAGEMENT OFFICE -- JPL,080,NATIONAL AERONAUTICS AND SPACE ADMINISTRATION (NASA),8000,NATIONAL AERONAUTICS AND SPACE ADMINISTRATION,80NM00,NASA MANAGEMENT OFFICE -- JPL,YC1YP79BFD19,,CALIFORNIA INSTITUTE OF TECHNOLOGY,CALIFORNIA INSTITUTE OF TECHNOLOGY,YC1YP79BFD19,YC1YP79BFD19,CALIFORNIA INSTITUTE OF TECHNOLOGY,CALIFORNIA INSTITUTE OF TECHNOLOGY,USA,CA,LOS ANGELES,PASADENA,CA-28,CA-28,911098001,UNITED STATES,CALIFORNIA,LOS ANGELES,CA-28,CA-28,911098099,,,AR22,R&D- SPACE: SCIENCE/APPLICATIONS (APPLIED RESEARCH/EXPLORATORY DEVELOPMENT),541715,"RESEARCH AND DEVELOPMENT IN THE PHYSICAL, ENGINEERING, AND LIFE SCIENCES (EXCEPT NANOTECHNOLOGY AND BIOTECHNOLOGY)",,,https://www.usaspending.gov/award/CONT_AWD_80NM0018F0629_8000_80NM0018D0004_8000/,2024-11-07
National Aeronautics and Space Administration,National Aeronautics and Space Administration,FY2024P12,,080,2024,2025,,0120,000,080-2024/2025-0120-000,"Science, National Aeronautics and Space Administration",National Aeronautics and Space Administration,,"General Science, Space, and Technology","Space flight, research, and supporting activities",080-0120,"Science, National Aeronautics and Space Administration",0001,SCIENCE (DIRECT),25.5,Research and development contracts,D,Q,Not Designated Nonemergency/Emergency/Disaster/Wildfire Suppression,,17258898.79,,,CONT_AWD_80NM0018F0629_8000_80NM0018D0004_8000,80NM0018F0629,80NM0018D0004,,,2018-07-27,2018,2025-07-21,2025,2018-10-01,2028-09-30,,C,DELIVERY ORDER,,,MARS RECONNAISSANCE ORBITER: PHASE E 62-10131,080,NATIONAL AERONAUTICS AND SPACE ADMINISTRATION (NASA),8000,NATIONAL AERONAUTICS AND SPACE ADMINISTRATION,80NM00,NASA MANAGEMENT OFFICE -- JPL,080,NATIONAL AERONAUTICS AND SPACE ADMINISTRATION (NASA),8000,NATIONAL AERONAUTICS AND SPACE ADMINISTRATION,80NM00,NASA MANAGEMENT OFFICE -- JPL,YC1YP79BFD19,,CALIFORNIA INSTITUTE OF TECHNOLOGY,CALIFORNIA INSTITUTE OF TECHNOLOGY,YC1YP79BFD19,YC1YP79BFD19,CALIFORNIA INSTITUTE OF TECHNOLOGY,CALIFORNIA INSTITUTE OF TECHNOLOGY,USA,CA,LOS ANGELES,PASADENA,CA-28,CA-28,911098001,UNITED STATES,CALIFORNIA,LOS ANGELES,CA-28,CA-28,911098099,,,AR22,R&D- SPACE: SCIENCE/APPLICATIONS (APPLIED RESEARCH/EXPLORATORY DEVELOPMENT),541715,"RESEARCH AND DEVELOPMENT IN THE PHYSICAL, ENGINEERING, AND LIFE SCIENCES (EXCEPT NANOTECHNOLOGY AND BIOTECHNOLOGY)",,,https://www.usaspending.gov/award/CONT_AWD_80NM0018F0629_8000_80NM0018D0004_8000/,2024-11-07
National Aeronautics and Space Administration,National Aeronautics and Space Administration,FY2025P02,,080,2024,2025,,0120,000,080-2024/2025-0120-000,"Science, National Aeronautics and Space Administration",National Aeronautics and Space Administration,,"General Science, Space, and Technology","Space flight, research, and supporting activities",080-0120,"Science, National Aeronautics and Space Administration",0001,SCIENCE (DIRECT),25.5,Research and development contracts,D,Q,Not Designated Nonemergency/Emergency/Disaster/Wildfire Suppression,,3587070.13,0.00,0.00,CONT_AWD_80NM0018F0629_8000_80NM0018D0004_8000,80NM0018F0629,80NM0018D0004,,,2018-07-27,2018,2025-07-21,2025,2018-10-01,2028-09-30,,C,DELIVERY ORDER,,,MARS RECONNAISSANCE ORBITER: PHASE E 62-10131,080,NATIONAL AERONAUTICS AND SPACE ADMINISTRATION (NASA),8000,NATIONAL AERONAUTICS AND SPACE ADMINISTRATION,80NM00,NASA MANAGEMENT OFFICE -- JPL,080,NATIONAL AERONAUTICS AND SPACE ADMINISTRATION (NASA),8000,NATIONAL AERONAUTICS AND SPACE ADMINISTRATION,80NM00,NASA MANAGEMENT OFFICE -- JPL,YC1YP79BFD19,,CALIFORNIA INSTITUTE OF TECHNOLOGY,CALIFORNIA INSTITUTE OF TECHNOLOGY,YC1YP79BFD19,YC1YP79BFD19,CALIFORNIA INSTITUTE OF TECHNOLOGY,CALIFORNIA INSTITUTE OF TECHNOLOGY,USA,CA,LOS ANGELES,PASADENA,CA-28,CA-28,911098001,UNITED STATES,CALIFORNIA,LOS ANGELES,CA-28,CA-28,911098099,,,AR22,R&D- SPACE: SCIENCE/APPLICATIONS (APPLIED RESEARCH/EXPLORATORY DEVELOPMENT),541715,"RESEARCH AND DEVELOPMENT IN THE PHYSICAL, ENGINEERING, AND LIFE SCIENCES (EXCEPT NANOTECHNOLOGY AND BIOTECHNOLOGY)",,,https://www.usaspending.gov/award/CONT_AWD_80NM0018F0629_8000_80NM0018D0004_8000/,2024-12-20
National Aeronautics and Space Administration,National Aeronautics and Space Administration,FY2025P02,,080,2025,2026,,0120,000,080-2025/2026-0120-000,"Science, National Aeronautics and Space Administration",National Aeronautics and Space Administration,,"General Science, Space, and Technology","Space flight, research, and supporting activities",080-0120,"Science, National Aeronautics and Space Administration",0001,SCIENCE (DIRECT),25.5,Research and development contracts,D,Q,Not Designated Nonemergency/Emergency/Disaster/Wildfire Suppression,5460489.00,,,,CONT_AWD_80NM0018F0629_8000_80NM0018D0004_8000,80NM0018F0629,80NM0018D0004,,,2018-07-27,2018,2025-07-21,2025,2018-10-01,2028-09-30,,C,DELIVERY ORDER,,,MARS RECONNAISSANCE ORBITER: PHASE E 62-10131,080,NATIONAL AERONAUTICS AND SPACE ADMINISTRATION (NASA),8000,NATIONAL AERONAUTICS AND SPACE ADMINISTRATION,80NM00,NASA MANAGEMENT OFFICE -- JPL,080,NATIONAL AERONAUTICS AND SPACE ADMINISTRATION (NASA),8000,NATIONAL AERONAUTICS AND SPACE ADMINISTRATION,80NM00,NASA MANAGEMENT OFFICE -- JPL,YC1YP79BFD19,,CALIFORNIA INSTITUTE OF TECHNOLOGY,CALIFORNIA INSTITUTE OF TECHNOLOGY,YC1YP79BFD19,YC1YP79BFD19,CALIFORNIA INSTITUTE OF TECHNOLOGY,CALIFORNIA INSTITUTE OF TECHNOLOGY,USA,CA,LOS ANGELES,PASADENA,CA-28,CA-28,911098001,UNITED STATES,CALIFORNIA,LOS ANGELES,CA-28,CA-28,911098099,,,AR22,R&D- SPACE: SCIENCE/APPLICATIONS (APPLIED RESEARCH/EXPLORATORY DEVELOPMENT),541715,"RESEARCH AND DEVELOPMENT IN THE PHYSICAL, ENGINEERING, AND LIFE SCIENCES (EXCEPT NANOTECHNOLOGY AND BIOTECHNOLOGY)",,,https://www.usaspending.gov/award/CONT_AWD_80NM0018F0629_8000_80NM0018D0004_8000/,2024-12-20
National Aeronautics and Space Administration,National Aeronautics and Space Administration,FY2025P03,,080,2024,2025,,0120,000,080-2024/2025-0120-000,"Science, National Aeronautics and Space Administration",National Aeronautics and Space Administration,,"General Science, Space, and Technology","Space flight, research, and supporting activities",080-0120,"Science, National Aeronautics and Space Administration",0001,SCIENCE (DIRECT),25.5,Research and development contracts,D,Q,Not Designated Nonemergency/Emergency/Disaster/Wildfire Suppression,,6154442.73,0.00,0.00,CONT_AWD_80NM0018F0629_8000_80NM0018D0004_8000,80NM0018F0629,80NM0018D0004,,,2018-07-27,2018,2025-07-21,2025,2018-10-01,2028-09-30,,C,DELIVERY ORDER,,,MARS RECONNAISSANCE ORBITER: PHASE E 62-10131,080,NATIONAL AERONAUTICS AND SPACE ADMINISTRATION (NASA),8000,NATIONAL AERONAUTICS AND SPACE ADMINISTRATION,80NM00,NASA MANAGEMENT OFFICE -- JPL,080,NATIONAL AERONAUTICS AND SPACE ADMINISTRATION (NASA),8000,NATIONAL AERONAUTICS AND SPACE ADMINISTRATION,80NM00,NASA MANAGEMENT OFFICE -- JPL,YC1YP79BFD19,,CALIFORNIA INSTITUTE OF TECHNOLOGY,CALIFORNIA INSTITUTE OF TECHNOLOGY,YC1YP79BFD19,YC1YP79BFD19,CALIFORNIA INSTITUTE OF TECHNOLOGY,CALIFORNIA INSTITUTE OF TECHNOLOGY,USA,CA,LOS ANGELES,PASADENA,CA-28,CA-28,911098001,UNITED STATES,CALIFORNIA,LOS ANGELES,CA-28,CA-28,911098099,,,AR22,R&D- SPACE: SCIENCE/APPLICATIONS (APPLIED RESEARCH/EXPLORATORY DEVELOPMENT),541715,"RESEARCH AND DEVELOPMENT IN THE PHYSICAL, ENGINEERING, AND LIFE SCIENCES (EXCEPT NANOTECHNOLOGY AND BIOTECHNOLOGY)",,,https://www.usaspending.gov/award/CONT_AWD_80NM0018F0629_8000_80NM0018D0004_8000/,2025-01-29
National Aeronautics and Space Administration,National Aeronautics and Space Administration,FY2025P04,,080,2024,2025,,0120,000,080-2024/2025-0120-000,"Science, National Aeronautics and Space Administration",National Aeronautics and Space Administration,,"General Science, Space, and Technology","Space flight, research, and supporting activities",080-0120,"Science, National Aeronautics and Space Administration",0001,SCIENCE (DIRECT),25.5,Research and development contracts,D,Q,Not Designated Nonemergency/Emergency/Disaster/Wildfire Suppression,,7233184.21,0.00,0.00,CONT_AWD_80NM0018F0629_8000_80NM0018D0004_8000,80NM0018F0629,80NM0018D0004,,,2018-07-27,2018,2025-07-21,2025,2018-10-01,2028-09-30,,C,DELIVERY ORDER,,,MARS RECONNAISSANCE ORBITER: PHASE E 62-10131,080,NATIONAL AERONAUTICS AND SPACE ADMINISTRATION (NASA),8000,NATIONAL AERONAUTICS AND SPACE ADMINISTRATION,80NM00,NASA MANAGEMENT OFFICE -- JPL,080,NATIONAL AERONAUTICS AND SPACE ADMINISTRATION (NASA),8000,NATIONAL AERONAUTICS AND SPACE ADMINISTRATION,80NM00,NASA MANAGEMENT OFFICE -- JPL,YC1YP79BFD19,,CALIFORNIA INSTITUTE OF TECHNOLOGY,CALIFORNIA INSTITUTE OF TECHNOLOGY,YC1YP79BFD19,YC1YP79BFD19,CALIFORNIA INSTITUTE OF TECHNOLOGY,CALIFORNIA INSTITUTE OF TECHNOLOGY,USA,CA,LOS ANGELES,PASADENA,CA-28,CA-28,911098001,UNITED STATES,CALIFORNIA,LOS ANGELES,CA-28,CA-28,911098099,,,AR22,R&D- SPACE: SCIENCE/APPLICATIONS (APPLIED RESEARCH/EXPLORATORY DEVELOPMENT),541715,"RESEARCH AND DEVELOPMENT IN THE PHYSICAL, ENGINEERING, AND LIFE SCIENCES (EXCEPT NANOTECHNOLOGY AND BIOTECHNOLOGY)",,,https://www.usaspending.gov/award/CONT_AWD_80NM0018F0629_8000_80NM0018D0004_8000/,2025-02-28
National Aeronautics and Space Administration,National Aeronautics and Space Administration,FY2025P04,,080,2025,2026,,0120,000,080-2025/2026-0120-000,"Science, National Aeronautics and Space Administration",National Aeronautics and Space Administration,,"General Science, Space, and Technology","Space flight, research, and supporting activities",080-0120,"Science, National Aeronautics and Space Administration",0001,SCIENCE (DIRECT),25.5,Research and development contracts,D,Q,Not Designated Nonemergency/Emergency/Disaster/Wildfire Suppression,,1418141.33,0.00,0.00,CONT_AWD_80NM0018F0629_8000_80NM0018D0004_8000,80NM0018F0629,80NM0018D0004,,,2018-07-27,2018,2025-07-21,2025,2018-10-01,2028-09-30,,C,DELIVERY ORDER,,,MARS RECONNAISSANCE ORBITER: PHASE E 62-10131,080,NATIONAL AERONAUTICS AND SPACE ADMINISTRATION (NASA),8000,NATIONAL AERONAUTICS AND SPACE ADMINISTRATION,80NM00,NASA MANAGEMENT OFFICE -- JPL,080,NATIONAL AERONAUTICS AND SPACE ADMINISTRATION (NASA),8000,NATIONAL AERONAUTICS AND SPACE ADMINISTRATION,80NM00,NASA MANAGEMENT OFFICE -- JPL,YC1YP79BFD19,,CALIFORNIA INSTITUTE OF TECHNOLOGY,CALIFORNIA INSTITUTE OF TECHNOLOGY,YC1YP79BFD19,YC1YP79BFD19,CALIFORNIA INSTITUTE OF TECHNOLOGY,CALIFORNIA INSTITUTE OF TECHNOLOGY,USA,CA,LOS ANGELES,PASADENA,CA-28,CA-28,911098001,UNITED STATES,CALIFORNIA,LOS ANGELES,CA-28,CA-28,911098099,,,AR22,R&D- SPACE: SCIENCE/APPLICATIONS (APPLIED RESEARCH/EXPLORATORY DEVELOPMENT),541715,"RESEARCH AND DEVELOPMENT IN THE PHYSICAL, ENGINEERING, AND LIFE SCIENCES (EXCEPT NANOTECHNOLOGY AND BIOTECHNOLOGY)",,,https://www.usaspending.gov/award/CONT_AWD_80NM0018F0629_8000_80NM0018D0004_8000/,2025-02-28
National Aeronautics and Space Administration,National Aeronautics and Space Administration,FY2025P04,,080,2025,2026,,0120,000,080-2025/2026-0120-000,"Science, National Aeronautics and Space Administration",National Aeronautics and Space Administration,,"General Science, Space, and Technology","Space flight, research, and supporting activities",080-0120,"Science, National Aeronautics and Space Administration",0001,SCIENCE (DIRECT),25.5,Research and development contracts,D,Q,Not Designated Nonemergency/Emergency/Disaster/Wildfire Suppression,7351512.00,,,,CONT_AWD_80NM0018F0629_8000_80NM0018D0004_8000,80NM0018F0629,80NM0018D0004,,,2018-07-27,2018,2025-07-21,2025,2018-10-01,2028-09-30,,C,DELIVERY ORDER,,,MARS RECONNAISSANCE ORBITER: PHASE E 62-10131,080,NATIONAL AERONAUTICS AND SPACE ADMINISTRATION (NASA),8000,NATIONAL AERONAUTICS AND SPACE ADMINISTRATION,80NM00,NASA MANAGEMENT OFFICE -- JPL,080,NATIONAL AERONAUTICS AND SPACE ADMINISTRATION (NASA),8000,NATIONAL AERONAUTICS AND SPACE ADMINISTRATION,80NM00,NASA MANAGEMENT OFFICE -- JPL,YC1YP79BFD19,,CALIFORNIA INSTITUTE OF TECHNOLOGY,CALIFORNIA INSTITUTE OF TECHNOLOGY,YC1YP79BFD19,YC1YP79BFD19,CALIFORNIA INSTITUTE OF TECHNOLOGY,CALIFORNIA INSTITUTE OF TECHNOLOGY,USA,CA,LOS ANGELES,PASADENA,CA-28,CA-28,911098001,UNITED STATES,CALIFORNIA,LOS ANGELES,CA-28,CA-28,911098099,,,AR22,R&D- SPACE: SCIENCE/APPLICATIONS (APPLIED RESEARCH/EXPLORATORY DEVELOPMENT),541715,"RESEARCH AND DEVELOPMENT IN THE PHYSICAL, ENGINEERING, AND LIFE SCIENCES (EXCEPT NANOTECHNOLOGY AND BIOTECHNOLOGY)",,,https://www.usaspending.gov/award/CONT_AWD_80NM0018F0629_8000_80NM0018D0004_8000/,2025-02-28
National Aeronautics and Space Administration,National Aeronautics and Space Administration,FY2025P05,,080,2024,2025,,0120,000,080-2024/2025-0120-000,"Science, National Aeronautics and Space Administration",National Aeronautics and Space Administration,,"General Science, Space, and Technology","Space flight, research, and supporting activities",080-0120,"Science, National Aeronautics and Space Administration",0001,SCIENCE (DIRECT),25.5,Research and development contracts,D,Q,Not Designated Nonemergency/Emergency/Disaster/Wildfire Suppression,,7233184.21,0.00,0.00,CONT_AWD_80NM0018F0629_8000_80NM0018D0004_8000,80NM0018F0629,80NM0018D0004,,,2018-07-27,2018,2025-07-21,2025,2018-10-01,2028-09-30,,C,DELIVERY ORDER,,,MARS RECONNAISSANCE ORBITER: PHASE E 62-10131,080,NATIONAL AERONAUTICS AND SPACE ADMINISTRATION (NASA),8000,NATIONAL AERONAUTICS AND SPACE ADMINISTRATION,80NM00,NASA MANAGEMENT OFFICE -- JPL,080,NATIONAL AERONAUTICS AND SPACE ADMINISTRATION (NASA),8000,NATIONAL AERONAUTICS AND SPACE ADMINISTRATION,80NM00,NASA MANAGEMENT OFFICE -- JPL,YC1YP79BFD19,,CALIFORNIA INSTITUTE OF TECHNOLOGY,CALIFORNIA INSTITUTE OF TECHNOLOGY,YC1YP79BFD19,YC1YP79BFD19,CALIFORNIA INSTITUTE OF TECHNOLOGY,CALIFORNIA INSTITUTE OF TECHNOLOGY,USA,CA,LOS ANGELES,PASADENA,CA-28,CA-28,911098001,UNITED STATES,CALIFORNIA,LOS ANGELES,CA-28,CA-28,911098099,,,AR22,R&D- SPACE: SCIENCE/APPLICATIONS (APPLIED RESEARCH/EXPLORATORY DEVELOPMENT),541715,"RESEARCH AND DEVELOPMENT IN THE PHYSICAL, ENGINEERING, AND LIFE SCIENCES (EXCEPT NANOTECHNOLOGY AND BIOTECHNOLOGY)",,,https://www.usaspending.gov/award/CONT_AWD_80NM0018F0629_8000_80NM0018D0004_8000/,2025-03-31
National Aeronautics and Space Administration,National Aeronautics and Space Administration,FY2025P05,,080,2025,2026,,0120,000,080-2025/2026-0120-000,"Science, National Aeronautics and Space Administration",National Aeronautics and Space Administration,,"General Science, Space, and Technology","Space flight, research, and supporting activities",080-0120,"Science, National Aeronautics and Space Administration",0001,SCIENCE (DIRECT),25.5,Research and development contracts,D,Q,Not Designated Nonemergency/Emergency/Disaster/Wildfire Suppression,,3369128.08,0.00,0.00,CONT_AWD_80NM0018F0629_8000_80NM0018D0004_8000,80NM0018F0629,80NM0018D0004,,,2018-07-27,2018,2025-07-21,2025,2018-10-01,2028-09-30,,C,DELIVERY ORDER,,,MARS RECONNAISSANCE ORBITER: PHASE E 62-10131,080,NATIONAL AERONAUTICS AND SPACE ADMINISTRATION (NASA),8000,NATIONAL AERONAUTICS AND SPACE ADMINISTRATION,80NM00,NASA MANAGEMENT OFFICE -- JPL,080,NATIONAL AERONAUTICS AND SPACE ADMINISTRATION (NASA),8000,NATIONAL AERONAUTICS AND SPACE ADMINISTRATION,80NM00,NASA MANAGEMENT OFFICE -- JPL,YC1YP79BFD19,,CALIFORNIA INSTITUTE OF TECHNOLOGY,CALIFORNIA INSTITUTE OF TECHNOLOGY,YC1YP79BFD19,YC1YP79BFD19,CALIFORNIA INSTITUTE OF TECHNOLOGY,CALIFORNIA INSTITUTE OF TECHNOLOGY,USA,CA,LOS ANGELES,PASADENA,CA-28,CA-28,911098001,UNITED STATES,CALIFORNIA,LOS ANGELES,CA-28,CA-28,911098099,,,AR22,R&D- SPACE: SCIENCE/APPLICATIONS (APPLIED RESEARCH/EXPLORATORY DEVELOPMENT),541715,"RESEARCH AND DEVELOPMENT IN THE PHYSICAL, ENGINEERING, AND LIFE SCIENCES (EXCEPT NANOTECHNOLOGY AND BIOTECHNOLOGY)",,,https://www.usaspending.gov/award/CONT_AWD_80NM0018F0629_8000_80NM0018D0004_8000/,2025-03-31
National Aeronautics and Space Administration,National Aeronautics and Space Administration,FY2025P05,,080,2025,2026,,0120,000,080-2025/2026-0120-000,"Science, National Aeronautics and Space Administration",National Aeronautics and Space Administration,,"General Science, Space, and Technology","Space flight, research, and supporting activities",080-0120,"Science, National Aeronautics and Space Administration",0001,SCIENCE (DIRECT),25.5,Research and development contracts,D,Q,Not Designated Nonemergency/Emergency/Disaster/Wildfire Suppression,500000.00,,,,CONT_AWD_80NM0018F0629_8000_80NM0018D0004_8000,80NM0018F0629,80NM0018D0004,,,2018-07-27,2018,2025-07-21,2025,2018-10-01,2028-09-30,,C,DELIVERY ORDER,,,MARS RECONNAISSANCE ORBITER: PHASE E 62-10131,080,NATIONAL AERONAUTICS AND SPACE ADMINISTRATION (NASA),8000,NATIONAL AERONAUTICS AND SPACE ADMINISTRATION,80NM00,NASA MANAGEMENT OFFICE -- JPL,080,NATIONAL AERONAUTICS AND SPACE ADMINISTRATION (NASA),8000,NATIONAL AERONAUTICS AND SPACE ADMINISTRATION,80NM00,NASA MANAGEMENT OFFICE -- JPL,YC1YP79BFD19,,CALIFORNIA INSTITUTE OF TECHNOLOGY,CALIFORNIA INSTITUTE OF TECHNOLOGY,YC1YP79BFD19,YC1YP79BFD19,CALIFORNIA INSTITUTE OF TECHNOLOGY,CALIFORNIA INSTITUTE OF TECHNOLOGY,USA,CA,LOS ANGELES,PASADENA,CA-28,CA-28,911098001,UNITED STATES,CALIFORNIA,LOS ANGELES,CA-28,CA-28,911098099,,,AR22,R&D- SPACE: SCIENCE/APPLICATIONS (APPLIED RESEARCH/EXPLORATORY DEVELOPMENT),541715,"RESEARCH AND DEVELOPMENT IN THE PHYSICAL, ENGINEERING, AND LIFE SCIENCES (EXCEPT NANOTECHNOLOGY AND BIOTECHNOLOGY)",,,https://www.usaspending.gov/award/CONT_AWD_80NM0018F0629_8000_80NM0018D0004_8000/,2025-03-31
