owning_agency_name,reporting_agency_name,submission_period,allocation_transfer_agency_identifier_code,agency_identifier_code,beginning_period_of_availability,ending_period_of_availability,availability_type_code,main_account_code,sub_account_code,treasury_account_symbol,treasury_account_name,agency_identifier_name,allocation_transfer_agency_identifier_name,budget_function,budget_subfunction,federal_account_symbol,federal_account_name,program_activity_code,program_activity_name,object_class_code,object_class_name,direct_or_reimbursable_funding_source,disaster_emergency_fund_code,disaster_emergency_fund_name,transaction_obligated_amount,gross_outlay_amount_FYB_to_period_end,USSGL487200_downward_adj_prior_year_prepaid_undeliv_order_oblig,USSGL497200_downward_adj_of_prior_year_paid_deliv_orders_oblig,award_unique_key,award_id_piid,parent_award_id_piid,award_id_fain,award_id_uri,award_base_action_date,award_base_action_date_fiscal_year,award_latest_action_date,award_latest_action_date_fiscal_year,period_of_performance_start_date,period_of_performance_current_end_date,ordering_period_end_date,award_type_code,award_type,idv_type_code,idv_type,prime_award_base_transaction_description,awarding_agency_code,awarding_agency_name,awarding_subagency_code,awarding_subagency_name,awarding_office_code,awarding_office_name,funding_agency_code,funding_agency_name,funding_sub_agency_code,funding_sub_agency_name,funding_office_code,funding_office_name,recipient_uei,recipient_duns,recipient_name,recipient_name_raw,recipient_parent_uei,recipient_parent_duns,recipient_parent_name,recipient_parent_name_raw,recipient_country,recipient_state,recipient_county,recipient_city,prime_award_summary_recipient_cd_original,prime_award_summary_recipient_cd_current,recipient_zip_code,primary_place_of_performance_country,primary_place_of_performance_state,primary_place_of_performance_county,prime_award_summary_place_of_performance_cd_original,prime_award_summary_place_of_performance_cd_current,primary_place_of_performance_zip_code,cfda_number,cfda_title,product_or_service_code,product_or_service_code_description,naics_code,naics_description,national_interest_action_code,national_interest_action,usaspending_permalink,last_modified_date
National Aeronautics and Space Administration,National Aeronautics and Space Administration,FY2025P06,,080,2024,2025,,0120,000,080-2024/2025-0120-000,"Science, National Aeronautics and Space Administration",National Aeronautics and Space Administration,,"General Science, Space, and Technology","Space flight, research, and supporting activities",080-0120,"Science, National Aeronautics and Space Administration",0001,SCIENCE (DIRECT),25.5,Research and development contracts,D,Q,Not Designated Nonemergency/Emergency/Disaster/Wildfire Suppression,,4623859.42,0.00,0.00,CONT_AWD_NNM06AA75C_8000_-NONE-_-NONE-,NNM06AA75C,,,,2006-02-23,2006,2025-09-05,2025,2006-02-23,2026-08-31,,D,DEFINITIVE CONTRACT,,,"THE NATIONAL AERONAUTICS AND SPACE ADMINISTRATION HAS SELECTED JUNO NEW FRONTIERS MISSION UNDER THE DIRECTION OF PRINCIPAL INVESTIGATOR (PI) DR. SCOTT BOLTON TO CONTINUE DEVELOPMENT WITH THE EXPECTATION THAT THE JUNO MISSION WILL ENTER PHASE B IN EARLY FISCAL YEAR 2006.  THE JUNO MISSION WILL BE MANAGED BY THE MARSHALL SPACE FLIGHT CENTER, NEW FRONTIERS PROGRAM OFFICE.  KEY JUNO TEAM MEMBERS INCLUDE DR. BOLTON'S HOME INSTITUTION, THE SOUTHWEST RESEARCH INSTITUTE (SWRI), THE JUNO IMPLEMENTATION TEAM LEADER JET PROPULSION LABORATORY (JPL) AND THE SPACECRAFT BUS PROVIDER THE LOCKHEED MARTIN SPACE SYSTEMS DIVISION (LM/SS).   THE PI'S TEAM AT SWRI NEEDS TO BEGIN WORK ON A SUBSET OF PHASE B ACTIVITIES AS EARLY IN FY06 AS POSSIBLE.  THIS SOW PROVIDES A LIST OF ACTIVITIES THAT ARE NECESSARY TO BEGIN WORK IN FY06 AND THEIR ASSOCIATED DELIVERABLES. THE JUNO MISSION IS A COLLABORATION BETWEEN SOUTHWEST RESEARCH INSTITUTE (SWRI), JPL, LOCKHEED MARTIN (LM), AND A COMPLEMENTARY TEAM OF UNIVERSITIES AND FIELD CENTERS.  THE PRINCIPAL INVESTIGATOR, DR. SCOTT BOLTON, IS AT SOUTHWEST RESEARCH INSTITUTE (SWRI) AND IS RESPONSIBLE TO NASA FOR ALL ASPECTS OF THE MISSION INCLUDING ACHIEVING ALL SCIENTIFIC OBJECTIVES AND MISSION GOALS.  JPL PROVIDES THE PROJECT MANAGER WHO OVERSEES THE DAY-TO-DAY MANAGEMENT OF THE PROJECT AND WILL REPORT TO THE PI. PRINCIPAL INVESTIGATOR (PI) DR. SCOTT BOLTON IS RESPONSIBLE TO NASA FOR MEETING THE SCIENTIFIC OBJECTIVES OF THE JUNO MISSION WITHIN COST AND SCHEDULE.  AS PI, DR. BOLTON HAS DIRECT ACCOUNTABILITY TO THE NASA NEW FRONTIERS PROGRAM OFFICE FOR THE IMPLEMENTATION OF JUNO.  ALL JUNO SCIENCE CO-IS, THE DEPUTY PI AND PROJECT SCIENTIST, THE SCIENCE INVESTIGATION OFFICE MANAGER, THE E/PO EFFORT, THE JUNO ADVISORY BOARD AND THE PM REPORT DIRECTLY TO DR. BOLTON.  THE PI DELEGATES THE DAY-TO-DAY MANAGEMENT OF THE PROJECT TO THE PROJECT MANAGER (PM), RICK GRAMMIER.  THE PROJECT SYSTEM ENGINEER, PAYLOAD MANAGER, FLIGHT SYSTEM MANAGER, MISSION MANAGER, SCIENCE OPS CENTER, BUSINESS MANAGER, LM CONTRACT CTM, AND MISSION ASSURANCE MANAGER ALL REPORT DIRECTLY TO THE PM.",080,NATIONAL AERONAUTICS AND SPACE ADMINISTRATION (NASA),8000,NATIONAL AERONAUTICS AND SPACE ADMINISTRATION,80MSFC,NASA MARSHALL SPACE FLIGHT CENTER,080,NATIONAL AERONAUTICS AND SPACE ADMINISTRATION (NASA),8000,NATIONAL AERONAUTICS AND SPACE ADMINISTRATION,80MSFC,NASA MARSHALL SPACE FLIGHT CENTER,PB11V1KH3KV4,,SOUTHWEST RESEARCH INSTITUTE,SOUTHWEST RESEARCH INSTITUTE,PB11V1KH3KV4,PB11V1KH3KV4,SOUTHWEST RESEARCH INSTITUTE,SOUTHWEST RESEARCH INSTITUTE INC,USA,TX,BEXAR,SAN ANTONIO,TX-20,TX-20,782385100,UNITED STATES,TEXAS,BEXAR,TX-20,TX-20,782385100,,,AR22,R&D- SPACE: SCIENCE/APPLICATIONS (APPLIED RESEARCH/EXPLORATORY DEVELOPMENT),541710,"RESEARCH AND DEVELOPMENT IN THE PHYSICAL, ENGINEERING, AND LIFE SCIENCES",,,https://www.usaspending.gov/award/CONT_AWD_NNM06AA75C_8000_-NONE-_-NONE-/,2025-04-24
National Aeronautics and Space Administration,National Aeronautics and Space Administration,FY2025P07,,080,2025,2026,,0120,000,080-2025/2026-0120-000,"Science, National Aeronautics and Space Administration",National Aeronautics and Space Administration,,"General Science, Space, and Technology","Space flight, research, and supporting activities",080-0120,"Science, National Aeronautics and Space Administration",0001,SCIENCE (DIRECT),25.5,Research and development contracts,D,Q,Not Designated Nonemergency/Emergency/Disaster/Wildfire Suppression,2200000.00,,,,CONT_AWD_NNM06AA75C_8000_-NONE-_-NONE-,NNM06AA75C,,,,2006-02-23,2006,2025-09-05,2025,2006-02-23,2026-08-31,,D,DEFINITIVE CONTRACT,,,"THE NATIONAL AERONAUTICS AND SPACE ADMINISTRATION HAS SELECTED JUNO NEW FRONTIERS MISSION UNDER THE DIRECTION OF PRINCIPAL INVESTIGATOR (PI) DR. SCOTT BOLTON TO CONTINUE DEVELOPMENT WITH THE EXPECTATION THAT THE JUNO MISSION WILL ENTER PHASE B IN EARLY FISCAL YEAR 2006.  THE JUNO MISSION WILL BE MANAGED BY THE MARSHALL SPACE FLIGHT CENTER, NEW FRONTIERS PROGRAM OFFICE.  KEY JUNO TEAM MEMBERS INCLUDE DR. BOLTON'S HOME INSTITUTION, THE SOUTHWEST RESEARCH INSTITUTE (SWRI), THE JUNO IMPLEMENTATION TEAM LEADER JET PROPULSION LABORATORY (JPL) AND THE SPACECRAFT BUS PROVIDER THE LOCKHEED MARTIN SPACE SYSTEMS DIVISION (LM/SS).   THE PI'S TEAM AT SWRI NEEDS TO BEGIN WORK ON A SUBSET OF PHASE B ACTIVITIES AS EARLY IN FY06 AS POSSIBLE.  THIS SOW PROVIDES A LIST OF ACTIVITIES THAT ARE NECESSARY TO BEGIN WORK IN FY06 AND THEIR ASSOCIATED DELIVERABLES. THE JUNO MISSION IS A COLLABORATION BETWEEN SOUTHWEST RESEARCH INSTITUTE (SWRI), JPL, LOCKHEED MARTIN (LM), AND A COMPLEMENTARY TEAM OF UNIVERSITIES AND FIELD CENTERS.  THE PRINCIPAL INVESTIGATOR, DR. SCOTT BOLTON, IS AT SOUTHWEST RESEARCH INSTITUTE (SWRI) AND IS RESPONSIBLE TO NASA FOR ALL ASPECTS OF THE MISSION INCLUDING ACHIEVING ALL SCIENTIFIC OBJECTIVES AND MISSION GOALS.  JPL PROVIDES THE PROJECT MANAGER WHO OVERSEES THE DAY-TO-DAY MANAGEMENT OF THE PROJECT AND WILL REPORT TO THE PI. PRINCIPAL INVESTIGATOR (PI) DR. SCOTT BOLTON IS RESPONSIBLE TO NASA FOR MEETING THE SCIENTIFIC OBJECTIVES OF THE JUNO MISSION WITHIN COST AND SCHEDULE.  AS PI, DR. BOLTON HAS DIRECT ACCOUNTABILITY TO THE NASA NEW FRONTIERS PROGRAM OFFICE FOR THE IMPLEMENTATION OF JUNO.  ALL JUNO SCIENCE CO-IS, THE DEPUTY PI AND PROJECT SCIENTIST, THE SCIENCE INVESTIGATION OFFICE MANAGER, THE E/PO EFFORT, THE JUNO ADVISORY BOARD AND THE PM REPORT DIRECTLY TO DR. BOLTON.  THE PI DELEGATES THE DAY-TO-DAY MANAGEMENT OF THE PROJECT TO THE PROJECT MANAGER (PM), RICK GRAMMIER.  THE PROJECT SYSTEM ENGINEER, PAYLOAD MANAGER, FLIGHT SYSTEM MANAGER, MISSION MANAGER, SCIENCE OPS CENTER, BUSINESS MANAGER, LM CONTRACT CTM, AND MISSION ASSURANCE MANAGER ALL REPORT DIRECTLY TO THE PM.",080,NATIONAL AERONAUTICS AND SPACE ADMINISTRATION (NASA),8000,NATIONAL AERONAUTICS AND SPACE ADMINISTRATION,80MSFC,NASA MARSHALL SPACE FLIGHT CENTER,080,NATIONAL AERONAUTICS AND SPACE ADMINISTRATION (NASA),8000,NATIONAL AERONAUTICS AND SPACE ADMINISTRATION,80MSFC,NASA MARSHALL SPACE FLIGHT CENTER,PB11V1KH3KV4,,SOUTHWEST RESEARCH INSTITUTE,SOUTHWEST RESEARCH INSTITUTE,PB11V1KH3KV4,PB11V1KH3KV4,SOUTHWEST RESEARCH INSTITUTE,SOUTHWEST RESEARCH INSTITUTE INC,USA,TX,BEXAR,SAN ANTONIO,TX-20,TX-20,782385100,UNITED STATES,TEXAS,BEXAR,TX-20,TX-20,782385100,,,AR22,R&D- SPACE: SCIENCE/APPLICATIONS (APPLIED RESEARCH/EXPLORATORY DEVELOPMENT),541710,"RESEARCH AND DEVELOPMENT IN THE PHYSICAL, ENGINEERING, AND LIFE SCIENCES",,,https://www.usaspending.gov/award/CONT_AWD_NNM06AA75C_8000_-NONE-_-NONE-/,2025-05-23
National Aeronautics and Space Administration,National Aeronautics and Space Administration,FY2025P07,,080,2024,2025,,0120,000,080-2024/2025-0120-000,"Science, National Aeronautics and Space Administration",National Aeronautics and Space Administration,,"General Science, Space, and Technology","Space flight, research, and supporting activities",080-0120,"Science, National Aeronautics and Space Administration",0001,SCIENCE (DIRECT),25.5,Research and development contracts,D,Q,Not Designated Nonemergency/Emergency/Disaster/Wildfire Suppression,,4623859.42,0.00,0.00,CONT_AWD_NNM06AA75C_8000_-NONE-_-NONE-,NNM06AA75C,,,,2006-02-23,2006,2025-09-05,2025,2006-02-23,2026-08-31,,D,DEFINITIVE CONTRACT,,,"THE NATIONAL AERONAUTICS AND SPACE ADMINISTRATION HAS SELECTED JUNO NEW FRONTIERS MISSION UNDER THE DIRECTION OF PRINCIPAL INVESTIGATOR (PI) DR. SCOTT BOLTON TO CONTINUE DEVELOPMENT WITH THE EXPECTATION THAT THE JUNO MISSION WILL ENTER PHASE B IN EARLY FISCAL YEAR 2006.  THE JUNO MISSION WILL BE MANAGED BY THE MARSHALL SPACE FLIGHT CENTER, NEW FRONTIERS PROGRAM OFFICE.  KEY JUNO TEAM MEMBERS INCLUDE DR. BOLTON'S HOME INSTITUTION, THE SOUTHWEST RESEARCH INSTITUTE (SWRI), THE JUNO IMPLEMENTATION TEAM LEADER JET PROPULSION LABORATORY (JPL) AND THE SPACECRAFT BUS PROVIDER THE LOCKHEED MARTIN SPACE SYSTEMS DIVISION (LM/SS).   THE PI'S TEAM AT SWRI NEEDS TO BEGIN WORK ON A SUBSET OF PHASE B ACTIVITIES AS EARLY IN FY06 AS POSSIBLE.  THIS SOW PROVIDES A LIST OF ACTIVITIES THAT ARE NECESSARY TO BEGIN WORK IN FY06 AND THEIR ASSOCIATED DELIVERABLES. THE JUNO MISSION IS A COLLABORATION BETWEEN SOUTHWEST RESEARCH INSTITUTE (SWRI), JPL, LOCKHEED MARTIN (LM), AND A COMPLEMENTARY TEAM OF UNIVERSITIES AND FIELD CENTERS.  THE PRINCIPAL INVESTIGATOR, DR. SCOTT BOLTON, IS AT SOUTHWEST RESEARCH INSTITUTE (SWRI) AND IS RESPONSIBLE TO NASA FOR ALL ASPECTS OF THE MISSION INCLUDING ACHIEVING ALL SCIENTIFIC OBJECTIVES AND MISSION GOALS.  JPL PROVIDES THE PROJECT MANAGER WHO OVERSEES THE DAY-TO-DAY MANAGEMENT OF THE PROJECT AND WILL REPORT TO THE PI. PRINCIPAL INVESTIGATOR (PI) DR. SCOTT BOLTON IS RESPONSIBLE TO NASA FOR MEETING THE SCIENTIFIC OBJECTIVES OF THE JUNO MISSION WITHIN COST AND SCHEDULE.  AS PI, DR. BOLTON HAS DIRECT ACCOUNTABILITY TO THE NASA NEW FRONTIERS PROGRAM OFFICE FOR THE IMPLEMENTATION OF JUNO.  ALL JUNO SCIENCE CO-IS, THE DEPUTY PI AND PROJECT SCIENTIST, THE SCIENCE INVESTIGATION OFFICE MANAGER, THE E/PO EFFORT, THE JUNO ADVISORY BOARD AND THE PM REPORT DIRECTLY TO DR. BOLTON.  THE PI DELEGATES THE DAY-TO-DAY MANAGEMENT OF THE PROJECT TO THE PROJECT MANAGER (PM), RICK GRAMMIER.  THE PROJECT SYSTEM ENGINEER, PAYLOAD MANAGER, FLIGHT SYSTEM MANAGER, MISSION MANAGER, SCIENCE OPS CENTER, BUSINESS MANAGER, LM CONTRACT CTM, AND MISSION ASSURANCE MANAGER ALL REPORT DIRECTLY TO THE PM.",080,NATIONAL AERONAUTICS AND SPACE ADMINISTRATION (NASA),8000,NATIONAL AERONAUTICS AND SPACE ADMINISTRATION,80MSFC,NASA MARSHALL SPACE FLIGHT CENTER,080,NATIONAL AERONAUTICS AND SPACE ADMINISTRATION (NASA),8000,NATIONAL AERONAUTICS AND SPACE ADMINISTRATION,80MSFC,NASA MARSHALL SPACE FLIGHT CENTER,PB11V1KH3KV4,,SOUTHWEST RESEARCH INSTITUTE,SOUTHWEST RESEARCH INSTITUTE,PB11V1KH3KV4,PB11V1KH3KV4,SOUTHWEST RESEARCH INSTITUTE,SOUTHWEST RESEARCH INSTITUTE INC,USA,TX,BEXAR,SAN ANTONIO,TX-20,TX-20,782385100,UNITED STATES,TEXAS,BEXAR,TX-20,TX-20,782385100,,,AR22,R&D- SPACE: SCIENCE/APPLICATIONS (APPLIED RESEARCH/EXPLORATORY DEVELOPMENT),541710,"RESEARCH AND DEVELOPMENT IN THE PHYSICAL, ENGINEERING, AND LIFE SCIENCES",,,https://www.usaspending.gov/award/CONT_AWD_NNM06AA75C_8000_-NONE-_-NONE-/,2025-05-23
National Aeronautics and Space Administration,National Aeronautics and Space Administration,FY2025P11,,080,2025,2026,,0120,000,080-2025/2026-0120-000,"Science, National Aeronautics and Space Administration",National Aeronautics and Space Administration,,"General Science, Space, and Technology","Space flight, research, and supporting activities",080-0120,"Science, National Aeronautics and Space Administration",0001,SCIENCE (DIRECT),25.5,Research and development contracts,D,Q,Not Designated Nonemergency/Emergency/Disaster/Wildfire Suppression,,377902.07,0.00,0.00,CONT_AWD_NNM06AA75C_8000_-NONE-_-NONE-,NNM06AA75C,,,,2006-02-23,2006,2025-09-05,2025,2006-02-23,2026-08-31,,D,DEFINITIVE CONTRACT,,,"THE NATIONAL AERONAUTICS AND SPACE ADMINISTRATION HAS SELECTED JUNO NEW FRONTIERS MISSION UNDER THE DIRECTION OF PRINCIPAL INVESTIGATOR (PI) DR. SCOTT BOLTON TO CONTINUE DEVELOPMENT WITH THE EXPECTATION THAT THE JUNO MISSION WILL ENTER PHASE B IN EARLY FISCAL YEAR 2006.  THE JUNO MISSION WILL BE MANAGED BY THE MARSHALL SPACE FLIGHT CENTER, NEW FRONTIERS PROGRAM OFFICE.  KEY JUNO TEAM MEMBERS INCLUDE DR. BOLTON'S HOME INSTITUTION, THE SOUTHWEST RESEARCH INSTITUTE (SWRI), THE JUNO IMPLEMENTATION TEAM LEADER JET PROPULSION LABORATORY (JPL) AND THE SPACECRAFT BUS PROVIDER THE LOCKHEED MARTIN SPACE SYSTEMS DIVISION (LM/SS).   THE PI'S TEAM AT SWRI NEEDS TO BEGIN WORK ON A SUBSET OF PHASE B ACTIVITIES AS EARLY IN FY06 AS POSSIBLE.  THIS SOW PROVIDES A LIST OF ACTIVITIES THAT ARE NECESSARY TO BEGIN WORK IN FY06 AND THEIR ASSOCIATED DELIVERABLES. THE JUNO MISSION IS A COLLABORATION BETWEEN SOUTHWEST RESEARCH INSTITUTE (SWRI), JPL, LOCKHEED MARTIN (LM), AND A COMPLEMENTARY TEAM OF UNIVERSITIES AND FIELD CENTERS.  THE PRINCIPAL INVESTIGATOR, DR. SCOTT BOLTON, IS AT SOUTHWEST RESEARCH INSTITUTE (SWRI) AND IS RESPONSIBLE TO NASA FOR ALL ASPECTS OF THE MISSION INCLUDING ACHIEVING ALL SCIENTIFIC OBJECTIVES AND MISSION GOALS.  JPL PROVIDES THE PROJECT MANAGER WHO OVERSEES THE DAY-TO-DAY MANAGEMENT OF THE PROJECT AND WILL REPORT TO THE PI. PRINCIPAL INVESTIGATOR (PI) DR. SCOTT BOLTON IS RESPONSIBLE TO NASA FOR MEETING THE SCIENTIFIC OBJECTIVES OF THE JUNO MISSION WITHIN COST AND SCHEDULE.  AS PI, DR. BOLTON HAS DIRECT ACCOUNTABILITY TO THE NASA NEW FRONTIERS PROGRAM OFFICE FOR THE IMPLEMENTATION OF JUNO.  ALL JUNO SCIENCE CO-IS, THE DEPUTY PI AND PROJECT SCIENTIST, THE SCIENCE INVESTIGATION OFFICE MANAGER, THE E/PO EFFORT, THE JUNO ADVISORY BOARD AND THE PM REPORT DIRECTLY TO DR. BOLTON.  THE PI DELEGATES THE DAY-TO-DAY MANAGEMENT OF THE PROJECT TO THE PROJECT MANAGER (PM), RICK GRAMMIER.  THE PROJECT SYSTEM ENGINEER, PAYLOAD MANAGER, FLIGHT SYSTEM MANAGER, MISSION MANAGER, SCIENCE OPS CENTER, BUSINESS MANAGER, LM CONTRACT CTM, AND MISSION ASSURANCE MANAGER ALL REPORT DIRECTLY TO THE PM.",080,NATIONAL AERONAUTICS AND SPACE ADMINISTRATION (NASA),8000,NATIONAL AERONAUTICS AND SPACE ADMINISTRATION,80MSFC,NASA MARSHALL SPACE FLIGHT CENTER,080,NATIONAL AERONAUTICS AND SPACE ADMINISTRATION (NASA),8000,NATIONAL AERONAUTICS AND SPACE ADMINISTRATION,80MSFC,NASA MARSHALL SPACE FLIGHT CENTER,PB11V1KH3KV4,,SOUTHWEST RESEARCH INSTITUTE,SOUTHWEST RESEARCH INSTITUTE,PB11V1KH3KV4,PB11V1KH3KV4,SOUTHWEST RESEARCH INSTITUTE,SOUTHWEST RESEARCH INSTITUTE INC,USA,TX,BEXAR,SAN ANTONIO,TX-20,TX-20,782385100,UNITED STATES,TEXAS,BEXAR,TX-20,TX-20,782385100,,,AR22,R&D- SPACE: SCIENCE/APPLICATIONS (APPLIED RESEARCH/EXPLORATORY DEVELOPMENT),541710,"RESEARCH AND DEVELOPMENT IN THE PHYSICAL, ENGINEERING, AND LIFE SCIENCES",,,https://www.usaspending.gov/award/CONT_AWD_NNM06AA75C_8000_-NONE-_-NONE-/,2025-09-29
National Aeronautics and Space Administration,National Aeronautics and Space Administration,FY2025P08,,080,2024,2025,,0120,000,080-2024/2025-0120-000,"Science, National Aeronautics and Space Administration",National Aeronautics and Space Administration,,"General Science, Space, and Technology","Space flight, research, and supporting activities",080-0120,"Science, National Aeronautics and Space Administration",0001,SCIENCE (DIRECT),25.5,Research and development contracts,D,Q,Not Designated Nonemergency/Emergency/Disaster/Wildfire Suppression,,6001014.72,0.00,0.00,CONT_AWD_NNM06AA75C_8000_-NONE-_-NONE-,NNM06AA75C,,,,2006-02-23,2006,2025-09-05,2025,2006-02-23,2026-08-31,,D,DEFINITIVE CONTRACT,,,"THE NATIONAL AERONAUTICS AND SPACE ADMINISTRATION HAS SELECTED JUNO NEW FRONTIERS MISSION UNDER THE DIRECTION OF PRINCIPAL INVESTIGATOR (PI) DR. SCOTT BOLTON TO CONTINUE DEVELOPMENT WITH THE EXPECTATION THAT THE JUNO MISSION WILL ENTER PHASE B IN EARLY FISCAL YEAR 2006.  THE JUNO MISSION WILL BE MANAGED BY THE MARSHALL SPACE FLIGHT CENTER, NEW FRONTIERS PROGRAM OFFICE.  KEY JUNO TEAM MEMBERS INCLUDE DR. BOLTON'S HOME INSTITUTION, THE SOUTHWEST RESEARCH INSTITUTE (SWRI), THE JUNO IMPLEMENTATION TEAM LEADER JET PROPULSION LABORATORY (JPL) AND THE SPACECRAFT BUS PROVIDER THE LOCKHEED MARTIN SPACE SYSTEMS DIVISION (LM/SS).   THE PI'S TEAM AT SWRI NEEDS TO BEGIN WORK ON A SUBSET OF PHASE B ACTIVITIES AS EARLY IN FY06 AS POSSIBLE.  THIS SOW PROVIDES A LIST OF ACTIVITIES THAT ARE NECESSARY TO BEGIN WORK IN FY06 AND THEIR ASSOCIATED DELIVERABLES. THE JUNO MISSION IS A COLLABORATION BETWEEN SOUTHWEST RESEARCH INSTITUTE (SWRI), JPL, LOCKHEED MARTIN (LM), AND A COMPLEMENTARY TEAM OF UNIVERSITIES AND FIELD CENTERS.  THE PRINCIPAL INVESTIGATOR, DR. SCOTT BOLTON, IS AT SOUTHWEST RESEARCH INSTITUTE (SWRI) AND IS RESPONSIBLE TO NASA FOR ALL ASPECTS OF THE MISSION INCLUDING ACHIEVING ALL SCIENTIFIC OBJECTIVES AND MISSION GOALS.  JPL PROVIDES THE PROJECT MANAGER WHO OVERSEES THE DAY-TO-DAY MANAGEMENT OF THE PROJECT AND WILL REPORT TO THE PI. PRINCIPAL INVESTIGATOR (PI) DR. SCOTT BOLTON IS RESPONSIBLE TO NASA FOR MEETING THE SCIENTIFIC OBJECTIVES OF THE JUNO MISSION WITHIN COST AND SCHEDULE.  AS PI, DR. BOLTON HAS DIRECT ACCOUNTABILITY TO THE NASA NEW FRONTIERS PROGRAM OFFICE FOR THE IMPLEMENTATION OF JUNO.  ALL JUNO SCIENCE CO-IS, THE DEPUTY PI AND PROJECT SCIENTIST, THE SCIENCE INVESTIGATION OFFICE MANAGER, THE E/PO EFFORT, THE JUNO ADVISORY BOARD AND THE PM REPORT DIRECTLY TO DR. BOLTON.  THE PI DELEGATES THE DAY-TO-DAY MANAGEMENT OF THE PROJECT TO THE PROJECT MANAGER (PM), RICK GRAMMIER.  THE PROJECT SYSTEM ENGINEER, PAYLOAD MANAGER, FLIGHT SYSTEM MANAGER, MISSION MANAGER, SCIENCE OPS CENTER, BUSINESS MANAGER, LM CONTRACT CTM, AND MISSION ASSURANCE MANAGER ALL REPORT DIRECTLY TO THE PM.",080,NATIONAL AERONAUTICS AND SPACE ADMINISTRATION (NASA),8000,NATIONAL AERONAUTICS AND SPACE ADMINISTRATION,80MSFC,NASA MARSHALL SPACE FLIGHT CENTER,080,NATIONAL AERONAUTICS AND SPACE ADMINISTRATION (NASA),8000,NATIONAL AERONAUTICS AND SPACE ADMINISTRATION,80MSFC,NASA MARSHALL SPACE FLIGHT CENTER,PB11V1KH3KV4,,SOUTHWEST RESEARCH INSTITUTE,SOUTHWEST RESEARCH INSTITUTE,PB11V1KH3KV4,PB11V1KH3KV4,SOUTHWEST RESEARCH INSTITUTE,SOUTHWEST RESEARCH INSTITUTE INC,USA,TX,BEXAR,SAN ANTONIO,TX-20,TX-20,782385100,UNITED STATES,TEXAS,BEXAR,TX-20,TX-20,782385100,,,AR22,R&D- SPACE: SCIENCE/APPLICATIONS (APPLIED RESEARCH/EXPLORATORY DEVELOPMENT),541710,"RESEARCH AND DEVELOPMENT IN THE PHYSICAL, ENGINEERING, AND LIFE SCIENCES",,,https://www.usaspending.gov/award/CONT_AWD_NNM06AA75C_8000_-NONE-_-NONE-/,2025-06-25
National Aeronautics and Space Administration,National Aeronautics and Space Administration,FY2025P09,,080,2024,2025,,0120,000,080-2024/2025-0120-000,"Science, National Aeronautics and Space Administration",National Aeronautics and Space Administration,,"General Science, Space, and Technology","Space flight, research, and supporting activities",080-0120,"Science, National Aeronautics and Space Administration",0001,SCIENCE (DIRECT),25.5,Research and development contracts,D,Q,Not Designated Nonemergency/Emergency/Disaster/Wildfire Suppression,,6001014.72,0.00,0.00,CONT_AWD_NNM06AA75C_8000_-NONE-_-NONE-,NNM06AA75C,,,,2006-02-23,2006,2025-09-05,2025,2006-02-23,2026-08-31,,D,DEFINITIVE CONTRACT,,,"THE NATIONAL AERONAUTICS AND SPACE ADMINISTRATION HAS SELECTED JUNO NEW FRONTIERS MISSION UNDER THE DIRECTION OF PRINCIPAL INVESTIGATOR (PI) DR. SCOTT BOLTON TO CONTINUE DEVELOPMENT WITH THE EXPECTATION THAT THE JUNO MISSION WILL ENTER PHASE B IN EARLY FISCAL YEAR 2006.  THE JUNO MISSION WILL BE MANAGED BY THE MARSHALL SPACE FLIGHT CENTER, NEW FRONTIERS PROGRAM OFFICE.  KEY JUNO TEAM MEMBERS INCLUDE DR. BOLTON'S HOME INSTITUTION, THE SOUTHWEST RESEARCH INSTITUTE (SWRI), THE JUNO IMPLEMENTATION TEAM LEADER JET PROPULSION LABORATORY (JPL) AND THE SPACECRAFT BUS PROVIDER THE LOCKHEED MARTIN SPACE SYSTEMS DIVISION (LM/SS).   THE PI'S TEAM AT SWRI NEEDS TO BEGIN WORK ON A SUBSET OF PHASE B ACTIVITIES AS EARLY IN FY06 AS POSSIBLE.  THIS SOW PROVIDES A LIST OF ACTIVITIES THAT ARE NECESSARY TO BEGIN WORK IN FY06 AND THEIR ASSOCIATED DELIVERABLES. THE JUNO MISSION IS A COLLABORATION BETWEEN SOUTHWEST RESEARCH INSTITUTE (SWRI), JPL, LOCKHEED MARTIN (LM), AND A COMPLEMENTARY TEAM OF UNIVERSITIES AND FIELD CENTERS.  THE PRINCIPAL INVESTIGATOR, DR. SCOTT BOLTON, IS AT SOUTHWEST RESEARCH INSTITUTE (SWRI) AND IS RESPONSIBLE TO NASA FOR ALL ASPECTS OF THE MISSION INCLUDING ACHIEVING ALL SCIENTIFIC OBJECTIVES AND MISSION GOALS.  JPL PROVIDES THE PROJECT MANAGER WHO OVERSEES THE DAY-TO-DAY MANAGEMENT OF THE PROJECT AND WILL REPORT TO THE PI. PRINCIPAL INVESTIGATOR (PI) DR. SCOTT BOLTON IS RESPONSIBLE TO NASA FOR MEETING THE SCIENTIFIC OBJECTIVES OF THE JUNO MISSION WITHIN COST AND SCHEDULE.  AS PI, DR. BOLTON HAS DIRECT ACCOUNTABILITY TO THE NASA NEW FRONTIERS PROGRAM OFFICE FOR THE IMPLEMENTATION OF JUNO.  ALL JUNO SCIENCE CO-IS, THE DEPUTY PI AND PROJECT SCIENTIST, THE SCIENCE INVESTIGATION OFFICE MANAGER, THE E/PO EFFORT, THE JUNO ADVISORY BOARD AND THE PM REPORT DIRECTLY TO DR. BOLTON.  THE PI DELEGATES THE DAY-TO-DAY MANAGEMENT OF THE PROJECT TO THE PROJECT MANAGER (PM), RICK GRAMMIER.  THE PROJECT SYSTEM ENGINEER, PAYLOAD MANAGER, FLIGHT SYSTEM MANAGER, MISSION MANAGER, SCIENCE OPS CENTER, BUSINESS MANAGER, LM CONTRACT CTM, AND MISSION ASSURANCE MANAGER ALL REPORT DIRECTLY TO THE PM.",080,NATIONAL AERONAUTICS AND SPACE ADMINISTRATION (NASA),8000,NATIONAL AERONAUTICS AND SPACE ADMINISTRATION,80MSFC,NASA MARSHALL SPACE FLIGHT CENTER,080,NATIONAL AERONAUTICS AND SPACE ADMINISTRATION (NASA),8000,NATIONAL AERONAUTICS AND SPACE ADMINISTRATION,80MSFC,NASA MARSHALL SPACE FLIGHT CENTER,PB11V1KH3KV4,,SOUTHWEST RESEARCH INSTITUTE,SOUTHWEST RESEARCH INSTITUTE,PB11V1KH3KV4,PB11V1KH3KV4,SOUTHWEST RESEARCH INSTITUTE,SOUTHWEST RESEARCH INSTITUTE INC,USA,TX,BEXAR,SAN ANTONIO,TX-20,TX-20,782385100,UNITED STATES,TEXAS,BEXAR,TX-20,TX-20,782385100,,,AR22,R&D- SPACE: SCIENCE/APPLICATIONS (APPLIED RESEARCH/EXPLORATORY DEVELOPMENT),541710,"RESEARCH AND DEVELOPMENT IN THE PHYSICAL, ENGINEERING, AND LIFE SCIENCES",,,https://www.usaspending.gov/award/CONT_AWD_NNM06AA75C_8000_-NONE-_-NONE-/,2025-07-31
National Aeronautics and Space Administration,National Aeronautics and Space Administration,FY2025P10,,080,2025,2026,,0120,000,080-2025/2026-0120-000,"Science, National Aeronautics and Space Administration",National Aeronautics and Space Administration,,"General Science, Space, and Technology","Space flight, research, and supporting activities",080-0120,"Science, National Aeronautics and Space Administration",0001,SCIENCE (DIRECT),25.5,Research and development contracts,D,Q,Not Designated Nonemergency/Emergency/Disaster/Wildfire Suppression,1064430.00,,,,CONT_AWD_NNM06AA75C_8000_-NONE-_-NONE-,NNM06AA75C,,,,2006-02-23,2006,2025-09-05,2025,2006-02-23,2026-08-31,,D,DEFINITIVE CONTRACT,,,"THE NATIONAL AERONAUTICS AND SPACE ADMINISTRATION HAS SELECTED JUNO NEW FRONTIERS MISSION UNDER THE DIRECTION OF PRINCIPAL INVESTIGATOR (PI) DR. SCOTT BOLTON TO CONTINUE DEVELOPMENT WITH THE EXPECTATION THAT THE JUNO MISSION WILL ENTER PHASE B IN EARLY FISCAL YEAR 2006.  THE JUNO MISSION WILL BE MANAGED BY THE MARSHALL SPACE FLIGHT CENTER, NEW FRONTIERS PROGRAM OFFICE.  KEY JUNO TEAM MEMBERS INCLUDE DR. BOLTON'S HOME INSTITUTION, THE SOUTHWEST RESEARCH INSTITUTE (SWRI), THE JUNO IMPLEMENTATION TEAM LEADER JET PROPULSION LABORATORY (JPL) AND THE SPACECRAFT BUS PROVIDER THE LOCKHEED MARTIN SPACE SYSTEMS DIVISION (LM/SS).   THE PI'S TEAM AT SWRI NEEDS TO BEGIN WORK ON A SUBSET OF PHASE B ACTIVITIES AS EARLY IN FY06 AS POSSIBLE.  THIS SOW PROVIDES A LIST OF ACTIVITIES THAT ARE NECESSARY TO BEGIN WORK IN FY06 AND THEIR ASSOCIATED DELIVERABLES. THE JUNO MISSION IS A COLLABORATION BETWEEN SOUTHWEST RESEARCH INSTITUTE (SWRI), JPL, LOCKHEED MARTIN (LM), AND A COMPLEMENTARY TEAM OF UNIVERSITIES AND FIELD CENTERS.  THE PRINCIPAL INVESTIGATOR, DR. SCOTT BOLTON, IS AT SOUTHWEST RESEARCH INSTITUTE (SWRI) AND IS RESPONSIBLE TO NASA FOR ALL ASPECTS OF THE MISSION INCLUDING ACHIEVING ALL SCIENTIFIC OBJECTIVES AND MISSION GOALS.  JPL PROVIDES THE PROJECT MANAGER WHO OVERSEES THE DAY-TO-DAY MANAGEMENT OF THE PROJECT AND WILL REPORT TO THE PI. PRINCIPAL INVESTIGATOR (PI) DR. SCOTT BOLTON IS RESPONSIBLE TO NASA FOR MEETING THE SCIENTIFIC OBJECTIVES OF THE JUNO MISSION WITHIN COST AND SCHEDULE.  AS PI, DR. BOLTON HAS DIRECT ACCOUNTABILITY TO THE NASA NEW FRONTIERS PROGRAM OFFICE FOR THE IMPLEMENTATION OF JUNO.  ALL JUNO SCIENCE CO-IS, THE DEPUTY PI AND PROJECT SCIENTIST, THE SCIENCE INVESTIGATION OFFICE MANAGER, THE E/PO EFFORT, THE JUNO ADVISORY BOARD AND THE PM REPORT DIRECTLY TO DR. BOLTON.  THE PI DELEGATES THE DAY-TO-DAY MANAGEMENT OF THE PROJECT TO THE PROJECT MANAGER (PM), RICK GRAMMIER.  THE PROJECT SYSTEM ENGINEER, PAYLOAD MANAGER, FLIGHT SYSTEM MANAGER, MISSION MANAGER, SCIENCE OPS CENTER, BUSINESS MANAGER, LM CONTRACT CTM, AND MISSION ASSURANCE MANAGER ALL REPORT DIRECTLY TO THE PM.",080,NATIONAL AERONAUTICS AND SPACE ADMINISTRATION (NASA),8000,NATIONAL AERONAUTICS AND SPACE ADMINISTRATION,80MSFC,NASA MARSHALL SPACE FLIGHT CENTER,080,NATIONAL AERONAUTICS AND SPACE ADMINISTRATION (NASA),8000,NATIONAL AERONAUTICS AND SPACE ADMINISTRATION,80MSFC,NASA MARSHALL SPACE FLIGHT CENTER,PB11V1KH3KV4,,SOUTHWEST RESEARCH INSTITUTE,SOUTHWEST RESEARCH INSTITUTE,PB11V1KH3KV4,PB11V1KH3KV4,SOUTHWEST RESEARCH INSTITUTE,SOUTHWEST RESEARCH INSTITUTE INC,USA,TX,BEXAR,SAN ANTONIO,TX-20,TX-20,782385100,UNITED STATES,TEXAS,BEXAR,TX-20,TX-20,782385100,,,AR22,R&D- SPACE: SCIENCE/APPLICATIONS (APPLIED RESEARCH/EXPLORATORY DEVELOPMENT),541710,"RESEARCH AND DEVELOPMENT IN THE PHYSICAL, ENGINEERING, AND LIFE SCIENCES",,,https://www.usaspending.gov/award/CONT_AWD_NNM06AA75C_8000_-NONE-_-NONE-/,2025-09-12
National Aeronautics and Space Administration,National Aeronautics and Space Administration,FY2025P10,,080,2024,2025,,0120,000,080-2024/2025-0120-000,"Science, National Aeronautics and Space Administration",National Aeronautics and Space Administration,,"General Science, Space, and Technology","Space flight, research, and supporting activities",080-0120,"Science, National Aeronautics and Space Administration",0001,SCIENCE (DIRECT),25.5,Research and development contracts,D,Q,Not Designated Nonemergency/Emergency/Disaster/Wildfire Suppression,,6573727.29,0.00,0.00,CONT_AWD_NNM06AA75C_8000_-NONE-_-NONE-,NNM06AA75C,,,,2006-02-23,2006,2025-09-05,2025,2006-02-23,2026-08-31,,D,DEFINITIVE CONTRACT,,,"THE NATIONAL AERONAUTICS AND SPACE ADMINISTRATION HAS SELECTED JUNO NEW FRONTIERS MISSION UNDER THE DIRECTION OF PRINCIPAL INVESTIGATOR (PI) DR. SCOTT BOLTON TO CONTINUE DEVELOPMENT WITH THE EXPECTATION THAT THE JUNO MISSION WILL ENTER PHASE B IN EARLY FISCAL YEAR 2006.  THE JUNO MISSION WILL BE MANAGED BY THE MARSHALL SPACE FLIGHT CENTER, NEW FRONTIERS PROGRAM OFFICE.  KEY JUNO TEAM MEMBERS INCLUDE DR. BOLTON'S HOME INSTITUTION, THE SOUTHWEST RESEARCH INSTITUTE (SWRI), THE JUNO IMPLEMENTATION TEAM LEADER JET PROPULSION LABORATORY (JPL) AND THE SPACECRAFT BUS PROVIDER THE LOCKHEED MARTIN SPACE SYSTEMS DIVISION (LM/SS).   THE PI'S TEAM AT SWRI NEEDS TO BEGIN WORK ON A SUBSET OF PHASE B ACTIVITIES AS EARLY IN FY06 AS POSSIBLE.  THIS SOW PROVIDES A LIST OF ACTIVITIES THAT ARE NECESSARY TO BEGIN WORK IN FY06 AND THEIR ASSOCIATED DELIVERABLES. THE JUNO MISSION IS A COLLABORATION BETWEEN SOUTHWEST RESEARCH INSTITUTE (SWRI), JPL, LOCKHEED MARTIN (LM), AND A COMPLEMENTARY TEAM OF UNIVERSITIES AND FIELD CENTERS.  THE PRINCIPAL INVESTIGATOR, DR. SCOTT BOLTON, IS AT SOUTHWEST RESEARCH INSTITUTE (SWRI) AND IS RESPONSIBLE TO NASA FOR ALL ASPECTS OF THE MISSION INCLUDING ACHIEVING ALL SCIENTIFIC OBJECTIVES AND MISSION GOALS.  JPL PROVIDES THE PROJECT MANAGER WHO OVERSEES THE DAY-TO-DAY MANAGEMENT OF THE PROJECT AND WILL REPORT TO THE PI. PRINCIPAL INVESTIGATOR (PI) DR. SCOTT BOLTON IS RESPONSIBLE TO NASA FOR MEETING THE SCIENTIFIC OBJECTIVES OF THE JUNO MISSION WITHIN COST AND SCHEDULE.  AS PI, DR. BOLTON HAS DIRECT ACCOUNTABILITY TO THE NASA NEW FRONTIERS PROGRAM OFFICE FOR THE IMPLEMENTATION OF JUNO.  ALL JUNO SCIENCE CO-IS, THE DEPUTY PI AND PROJECT SCIENTIST, THE SCIENCE INVESTIGATION OFFICE MANAGER, THE E/PO EFFORT, THE JUNO ADVISORY BOARD AND THE PM REPORT DIRECTLY TO DR. BOLTON.  THE PI DELEGATES THE DAY-TO-DAY MANAGEMENT OF THE PROJECT TO THE PROJECT MANAGER (PM), RICK GRAMMIER.  THE PROJECT SYSTEM ENGINEER, PAYLOAD MANAGER, FLIGHT SYSTEM MANAGER, MISSION MANAGER, SCIENCE OPS CENTER, BUSINESS MANAGER, LM CONTRACT CTM, AND MISSION ASSURANCE MANAGER ALL REPORT DIRECTLY TO THE PM.",080,NATIONAL AERONAUTICS AND SPACE ADMINISTRATION (NASA),8000,NATIONAL AERONAUTICS AND SPACE ADMINISTRATION,80MSFC,NASA MARSHALL SPACE FLIGHT CENTER,080,NATIONAL AERONAUTICS AND SPACE ADMINISTRATION (NASA),8000,NATIONAL AERONAUTICS AND SPACE ADMINISTRATION,80MSFC,NASA MARSHALL SPACE FLIGHT CENTER,PB11V1KH3KV4,,SOUTHWEST RESEARCH INSTITUTE,SOUTHWEST RESEARCH INSTITUTE,PB11V1KH3KV4,PB11V1KH3KV4,SOUTHWEST RESEARCH INSTITUTE,SOUTHWEST RESEARCH INSTITUTE INC,USA,TX,BEXAR,SAN ANTONIO,TX-20,TX-20,782385100,UNITED STATES,TEXAS,BEXAR,TX-20,TX-20,782385100,,,AR22,R&D- SPACE: SCIENCE/APPLICATIONS (APPLIED RESEARCH/EXPLORATORY DEVELOPMENT),541710,"RESEARCH AND DEVELOPMENT IN THE PHYSICAL, ENGINEERING, AND LIFE SCIENCES",,,https://www.usaspending.gov/award/CONT_AWD_NNM06AA75C_8000_-NONE-_-NONE-/,2025-09-12
National Aeronautics and Space Administration,National Aeronautics and Space Administration,FY2022P07,,080,2022,2023,,0120,000,080-2022/2023-0120-000,"Science, National Aeronautics and Space Administration",National Aeronautics and Space Administration,,"General Science, Space, and Technology","Space flight, research, and supporting activities",080-0120,"Science, National Aeronautics and Space Administration",0001,SCIENCE (DIRECT),25.5,Research and development contracts,D,Q,Not Designated Nonemergency/Emergency/Disaster/Wildfire Suppression,1800000.00,,,,CONT_AWD_NNM06AA75C_8000_-NONE-_-NONE-,NNM06AA75C,,,,2006-02-23,2006,2025-09-05,2025,2006-02-23,2026-08-31,,D,DEFINITIVE CONTRACT,,,"THE NATIONAL AERONAUTICS AND SPACE ADMINISTRATION HAS SELECTED JUNO NEW FRONTIERS MISSION UNDER THE DIRECTION OF PRINCIPAL INVESTIGATOR (PI) DR. SCOTT BOLTON TO CONTINUE DEVELOPMENT WITH THE EXPECTATION THAT THE JUNO MISSION WILL ENTER PHASE B IN EARLY FISCAL YEAR 2006.  THE JUNO MISSION WILL BE MANAGED BY THE MARSHALL SPACE FLIGHT CENTER, NEW FRONTIERS PROGRAM OFFICE.  KEY JUNO TEAM MEMBERS INCLUDE DR. BOLTON'S HOME INSTITUTION, THE SOUTHWEST RESEARCH INSTITUTE (SWRI), THE JUNO IMPLEMENTATION TEAM LEADER JET PROPULSION LABORATORY (JPL) AND THE SPACECRAFT BUS PROVIDER THE LOCKHEED MARTIN SPACE SYSTEMS DIVISION (LM/SS).   THE PI'S TEAM AT SWRI NEEDS TO BEGIN WORK ON A SUBSET OF PHASE B ACTIVITIES AS EARLY IN FY06 AS POSSIBLE.  THIS SOW PROVIDES A LIST OF ACTIVITIES THAT ARE NECESSARY TO BEGIN WORK IN FY06 AND THEIR ASSOCIATED DELIVERABLES. THE JUNO MISSION IS A COLLABORATION BETWEEN SOUTHWEST RESEARCH INSTITUTE (SWRI), JPL, LOCKHEED MARTIN (LM), AND A COMPLEMENTARY TEAM OF UNIVERSITIES AND FIELD CENTERS.  THE PRINCIPAL INVESTIGATOR, DR. SCOTT BOLTON, IS AT SOUTHWEST RESEARCH INSTITUTE (SWRI) AND IS RESPONSIBLE TO NASA FOR ALL ASPECTS OF THE MISSION INCLUDING ACHIEVING ALL SCIENTIFIC OBJECTIVES AND MISSION GOALS.  JPL PROVIDES THE PROJECT MANAGER WHO OVERSEES THE DAY-TO-DAY MANAGEMENT OF THE PROJECT AND WILL REPORT TO THE PI. PRINCIPAL INVESTIGATOR (PI) DR. SCOTT BOLTON IS RESPONSIBLE TO NASA FOR MEETING THE SCIENTIFIC OBJECTIVES OF THE JUNO MISSION WITHIN COST AND SCHEDULE.  AS PI, DR. BOLTON HAS DIRECT ACCOUNTABILITY TO THE NASA NEW FRONTIERS PROGRAM OFFICE FOR THE IMPLEMENTATION OF JUNO.  ALL JUNO SCIENCE CO-IS, THE DEPUTY PI AND PROJECT SCIENTIST, THE SCIENCE INVESTIGATION OFFICE MANAGER, THE E/PO EFFORT, THE JUNO ADVISORY BOARD AND THE PM REPORT DIRECTLY TO DR. BOLTON.  THE PI DELEGATES THE DAY-TO-DAY MANAGEMENT OF THE PROJECT TO THE PROJECT MANAGER (PM), RICK GRAMMIER.  THE PROJECT SYSTEM ENGINEER, PAYLOAD MANAGER, FLIGHT SYSTEM MANAGER, MISSION MANAGER, SCIENCE OPS CENTER, BUSINESS MANAGER, LM CONTRACT CTM, AND MISSION ASSURANCE MANAGER ALL REPORT DIRECTLY TO THE PM.",080,NATIONAL AERONAUTICS AND SPACE ADMINISTRATION (NASA),8000,NATIONAL AERONAUTICS AND SPACE ADMINISTRATION,80MSFC,NASA MARSHALL SPACE FLIGHT CENTER,080,NATIONAL AERONAUTICS AND SPACE ADMINISTRATION (NASA),8000,NATIONAL AERONAUTICS AND SPACE ADMINISTRATION,80MSFC,NASA MARSHALL SPACE FLIGHT CENTER,PB11V1KH3KV4,,SOUTHWEST RESEARCH INSTITUTE,SOUTHWEST RESEARCH INSTITUTE,PB11V1KH3KV4,PB11V1KH3KV4,SOUTHWEST RESEARCH INSTITUTE,SOUTHWEST RESEARCH INSTITUTE INC,USA,TX,BEXAR,SAN ANTONIO,TX-20,TX-20,782385100,UNITED STATES,TEXAS,BEXAR,TX-20,TX-20,782385100,,,AR22,R&D- SPACE: SCIENCE/APPLICATIONS (APPLIED RESEARCH/EXPLORATORY DEVELOPMENT),541710,"RESEARCH AND DEVELOPMENT IN THE PHYSICAL, ENGINEERING, AND LIFE SCIENCES",,,https://www.usaspending.gov/award/CONT_AWD_NNM06AA75C_8000_-NONE-_-NONE-/,2022-05-25
National Aeronautics and Space Administration,National Aeronautics and Space Administration,FY2020Q1,,080,2020,2021,,0120,000,080-2020/2021-0120-000,"Science, National Aeronautics and Space Administration",National Aeronautics and Space Administration,,"General Science, Space, and Technology","Space flight, research, and supporting activities",080-0120,"Science, National Aeronautics and Space Administration",0001,SCIENCE (DIRECT),25.5,Research and development contracts,D,,,1470000.00,,,,CONT_AWD_NNM06AA75C_8000_-NONE-_-NONE-,NNM06AA75C,,,,2006-02-23,2006,2025-09-05,2025,2006-02-23,2026-08-31,,D,DEFINITIVE CONTRACT,,,"THE NATIONAL AERONAUTICS AND SPACE ADMINISTRATION HAS SELECTED JUNO NEW FRONTIERS MISSION UNDER THE DIRECTION OF PRINCIPAL INVESTIGATOR (PI) DR. SCOTT BOLTON TO CONTINUE DEVELOPMENT WITH THE EXPECTATION THAT THE JUNO MISSION WILL ENTER PHASE B IN EARLY FISCAL YEAR 2006.  THE JUNO MISSION WILL BE MANAGED BY THE MARSHALL SPACE FLIGHT CENTER, NEW FRONTIERS PROGRAM OFFICE.  KEY JUNO TEAM MEMBERS INCLUDE DR. BOLTON'S HOME INSTITUTION, THE SOUTHWEST RESEARCH INSTITUTE (SWRI), THE JUNO IMPLEMENTATION TEAM LEADER JET PROPULSION LABORATORY (JPL) AND THE SPACECRAFT BUS PROVIDER THE LOCKHEED MARTIN SPACE SYSTEMS DIVISION (LM/SS).   THE PI'S TEAM AT SWRI NEEDS TO BEGIN WORK ON A SUBSET OF PHASE B ACTIVITIES AS EARLY IN FY06 AS POSSIBLE.  THIS SOW PROVIDES A LIST OF ACTIVITIES THAT ARE NECESSARY TO BEGIN WORK IN FY06 AND THEIR ASSOCIATED DELIVERABLES. THE JUNO MISSION IS A COLLABORATION BETWEEN SOUTHWEST RESEARCH INSTITUTE (SWRI), JPL, LOCKHEED MARTIN (LM), AND A COMPLEMENTARY TEAM OF UNIVERSITIES AND FIELD CENTERS.  THE PRINCIPAL INVESTIGATOR, DR. SCOTT BOLTON, IS AT SOUTHWEST RESEARCH INSTITUTE (SWRI) AND IS RESPONSIBLE TO NASA FOR ALL ASPECTS OF THE MISSION INCLUDING ACHIEVING ALL SCIENTIFIC OBJECTIVES AND MISSION GOALS.  JPL PROVIDES THE PROJECT MANAGER WHO OVERSEES THE DAY-TO-DAY MANAGEMENT OF THE PROJECT AND WILL REPORT TO THE PI. PRINCIPAL INVESTIGATOR (PI) DR. SCOTT BOLTON IS RESPONSIBLE TO NASA FOR MEETING THE SCIENTIFIC OBJECTIVES OF THE JUNO MISSION WITHIN COST AND SCHEDULE.  AS PI, DR. BOLTON HAS DIRECT ACCOUNTABILITY TO THE NASA NEW FRONTIERS PROGRAM OFFICE FOR THE IMPLEMENTATION OF JUNO.  ALL JUNO SCIENCE CO-IS, THE DEPUTY PI AND PROJECT SCIENTIST, THE SCIENCE INVESTIGATION OFFICE MANAGER, THE E/PO EFFORT, THE JUNO ADVISORY BOARD AND THE PM REPORT DIRECTLY TO DR. BOLTON.  THE PI DELEGATES THE DAY-TO-DAY MANAGEMENT OF THE PROJECT TO THE PROJECT MANAGER (PM), RICK GRAMMIER.  THE PROJECT SYSTEM ENGINEER, PAYLOAD MANAGER, FLIGHT SYSTEM MANAGER, MISSION MANAGER, SCIENCE OPS CENTER, BUSINESS MANAGER, LM CONTRACT CTM, AND MISSION ASSURANCE MANAGER ALL REPORT DIRECTLY TO THE PM.",080,NATIONAL AERONAUTICS AND SPACE ADMINISTRATION (NASA),8000,NATIONAL AERONAUTICS AND SPACE ADMINISTRATION,80MSFC,NASA MARSHALL SPACE FLIGHT CENTER,080,NATIONAL AERONAUTICS AND SPACE ADMINISTRATION (NASA),8000,NATIONAL AERONAUTICS AND SPACE ADMINISTRATION,80MSFC,NASA MARSHALL SPACE FLIGHT CENTER,PB11V1KH3KV4,,SOUTHWEST RESEARCH INSTITUTE,SOUTHWEST RESEARCH INSTITUTE,PB11V1KH3KV4,PB11V1KH3KV4,SOUTHWEST RESEARCH INSTITUTE,SOUTHWEST RESEARCH INSTITUTE INC,USA,TX,BEXAR,SAN ANTONIO,TX-20,TX-20,782385100,UNITED STATES,TEXAS,BEXAR,TX-20,TX-20,782385100,,,AR22,R&D- SPACE: SCIENCE/APPLICATIONS (APPLIED RESEARCH/EXPLORATORY DEVELOPMENT),541710,"RESEARCH AND DEVELOPMENT IN THE PHYSICAL, ENGINEERING, AND LIFE SCIENCES",,,https://www.usaspending.gov/award/CONT_AWD_NNM06AA75C_8000_-NONE-_-NONE-/,2020-02-03
National Aeronautics and Space Administration,National Aeronautics and Space Administration,FY2020Q1,,080,2020,2021,,0120,000,080-2020/2021-0120-000,"Science, National Aeronautics and Space Administration",National Aeronautics and Space Administration,,"General Science, Space, and Technology","Space flight, research, and supporting activities",080-0120,"Science, National Aeronautics and Space Administration",0001,SCIENCE (DIRECT),25.5,Research and development contracts,D,,,628849.00,,,,CONT_AWD_NNM06AA75C_8000_-NONE-_-NONE-,NNM06AA75C,,,,2006-02-23,2006,2025-09-05,2025,2006-02-23,2026-08-31,,D,DEFINITIVE CONTRACT,,,"THE NATIONAL AERONAUTICS AND SPACE ADMINISTRATION HAS SELECTED JUNO NEW FRONTIERS MISSION UNDER THE DIRECTION OF PRINCIPAL INVESTIGATOR (PI) DR. SCOTT BOLTON TO CONTINUE DEVELOPMENT WITH THE EXPECTATION THAT THE JUNO MISSION WILL ENTER PHASE B IN EARLY FISCAL YEAR 2006.  THE JUNO MISSION WILL BE MANAGED BY THE MARSHALL SPACE FLIGHT CENTER, NEW FRONTIERS PROGRAM OFFICE.  KEY JUNO TEAM MEMBERS INCLUDE DR. BOLTON'S HOME INSTITUTION, THE SOUTHWEST RESEARCH INSTITUTE (SWRI), THE JUNO IMPLEMENTATION TEAM LEADER JET PROPULSION LABORATORY (JPL) AND THE SPACECRAFT BUS PROVIDER THE LOCKHEED MARTIN SPACE SYSTEMS DIVISION (LM/SS).   THE PI'S TEAM AT SWRI NEEDS TO BEGIN WORK ON A SUBSET OF PHASE B ACTIVITIES AS EARLY IN FY06 AS POSSIBLE.  THIS SOW PROVIDES A LIST OF ACTIVITIES THAT ARE NECESSARY TO BEGIN WORK IN FY06 AND THEIR ASSOCIATED DELIVERABLES. THE JUNO MISSION IS A COLLABORATION BETWEEN SOUTHWEST RESEARCH INSTITUTE (SWRI), JPL, LOCKHEED MARTIN (LM), AND A COMPLEMENTARY TEAM OF UNIVERSITIES AND FIELD CENTERS.  THE PRINCIPAL INVESTIGATOR, DR. SCOTT BOLTON, IS AT SOUTHWEST RESEARCH INSTITUTE (SWRI) AND IS RESPONSIBLE TO NASA FOR ALL ASPECTS OF THE MISSION INCLUDING ACHIEVING ALL SCIENTIFIC OBJECTIVES AND MISSION GOALS.  JPL PROVIDES THE PROJECT MANAGER WHO OVERSEES THE DAY-TO-DAY MANAGEMENT OF THE PROJECT AND WILL REPORT TO THE PI. PRINCIPAL INVESTIGATOR (PI) DR. SCOTT BOLTON IS RESPONSIBLE TO NASA FOR MEETING THE SCIENTIFIC OBJECTIVES OF THE JUNO MISSION WITHIN COST AND SCHEDULE.  AS PI, DR. BOLTON HAS DIRECT ACCOUNTABILITY TO THE NASA NEW FRONTIERS PROGRAM OFFICE FOR THE IMPLEMENTATION OF JUNO.  ALL JUNO SCIENCE CO-IS, THE DEPUTY PI AND PROJECT SCIENTIST, THE SCIENCE INVESTIGATION OFFICE MANAGER, THE E/PO EFFORT, THE JUNO ADVISORY BOARD AND THE PM REPORT DIRECTLY TO DR. BOLTON.  THE PI DELEGATES THE DAY-TO-DAY MANAGEMENT OF THE PROJECT TO THE PROJECT MANAGER (PM), RICK GRAMMIER.  THE PROJECT SYSTEM ENGINEER, PAYLOAD MANAGER, FLIGHT SYSTEM MANAGER, MISSION MANAGER, SCIENCE OPS CENTER, BUSINESS MANAGER, LM CONTRACT CTM, AND MISSION ASSURANCE MANAGER ALL REPORT DIRECTLY TO THE PM.",080,NATIONAL AERONAUTICS AND SPACE ADMINISTRATION (NASA),8000,NATIONAL AERONAUTICS AND SPACE ADMINISTRATION,80MSFC,NASA MARSHALL SPACE FLIGHT CENTER,080,NATIONAL AERONAUTICS AND SPACE ADMINISTRATION (NASA),8000,NATIONAL AERONAUTICS AND SPACE ADMINISTRATION,80MSFC,NASA MARSHALL SPACE FLIGHT CENTER,PB11V1KH3KV4,,SOUTHWEST RESEARCH INSTITUTE,SOUTHWEST RESEARCH INSTITUTE,PB11V1KH3KV4,PB11V1KH3KV4,SOUTHWEST RESEARCH INSTITUTE,SOUTHWEST RESEARCH INSTITUTE INC,USA,TX,BEXAR,SAN ANTONIO,TX-20,TX-20,782385100,UNITED STATES,TEXAS,BEXAR,TX-20,TX-20,782385100,,,AR22,R&D- SPACE: SCIENCE/APPLICATIONS (APPLIED RESEARCH/EXPLORATORY DEVELOPMENT),541710,"RESEARCH AND DEVELOPMENT IN THE PHYSICAL, ENGINEERING, AND LIFE SCIENCES",,,https://www.usaspending.gov/award/CONT_AWD_NNM06AA75C_8000_-NONE-_-NONE-/,2020-02-03
National Aeronautics and Space Administration,National Aeronautics and Space Administration,FY2020Q2,,080,2020,2021,,0120,000,080-2020/2021-0120-000,"Science, National Aeronautics and Space Administration",National Aeronautics and Space Administration,,"General Science, Space, and Technology","Space flight, research, and supporting activities",080-0120,"Science, National Aeronautics and Space Administration",0001,SCIENCE (DIRECT),25.5,Research and development contracts,D,,,8700000.00,,,,CONT_AWD_NNM06AA75C_8000_-NONE-_-NONE-,NNM06AA75C,,,,2006-02-23,2006,2025-09-05,2025,2006-02-23,2026-08-31,,D,DEFINITIVE CONTRACT,,,"THE NATIONAL AERONAUTICS AND SPACE ADMINISTRATION HAS SELECTED JUNO NEW FRONTIERS MISSION UNDER THE DIRECTION OF PRINCIPAL INVESTIGATOR (PI) DR. SCOTT BOLTON TO CONTINUE DEVELOPMENT WITH THE EXPECTATION THAT THE JUNO MISSION WILL ENTER PHASE B IN EARLY FISCAL YEAR 2006.  THE JUNO MISSION WILL BE MANAGED BY THE MARSHALL SPACE FLIGHT CENTER, NEW FRONTIERS PROGRAM OFFICE.  KEY JUNO TEAM MEMBERS INCLUDE DR. BOLTON'S HOME INSTITUTION, THE SOUTHWEST RESEARCH INSTITUTE (SWRI), THE JUNO IMPLEMENTATION TEAM LEADER JET PROPULSION LABORATORY (JPL) AND THE SPACECRAFT BUS PROVIDER THE LOCKHEED MARTIN SPACE SYSTEMS DIVISION (LM/SS).   THE PI'S TEAM AT SWRI NEEDS TO BEGIN WORK ON A SUBSET OF PHASE B ACTIVITIES AS EARLY IN FY06 AS POSSIBLE.  THIS SOW PROVIDES A LIST OF ACTIVITIES THAT ARE NECESSARY TO BEGIN WORK IN FY06 AND THEIR ASSOCIATED DELIVERABLES. THE JUNO MISSION IS A COLLABORATION BETWEEN SOUTHWEST RESEARCH INSTITUTE (SWRI), JPL, LOCKHEED MARTIN (LM), AND A COMPLEMENTARY TEAM OF UNIVERSITIES AND FIELD CENTERS.  THE PRINCIPAL INVESTIGATOR, DR. SCOTT BOLTON, IS AT SOUTHWEST RESEARCH INSTITUTE (SWRI) AND IS RESPONSIBLE TO NASA FOR ALL ASPECTS OF THE MISSION INCLUDING ACHIEVING ALL SCIENTIFIC OBJECTIVES AND MISSION GOALS.  JPL PROVIDES THE PROJECT MANAGER WHO OVERSEES THE DAY-TO-DAY MANAGEMENT OF THE PROJECT AND WILL REPORT TO THE PI. PRINCIPAL INVESTIGATOR (PI) DR. SCOTT BOLTON IS RESPONSIBLE TO NASA FOR MEETING THE SCIENTIFIC OBJECTIVES OF THE JUNO MISSION WITHIN COST AND SCHEDULE.  AS PI, DR. BOLTON HAS DIRECT ACCOUNTABILITY TO THE NASA NEW FRONTIERS PROGRAM OFFICE FOR THE IMPLEMENTATION OF JUNO.  ALL JUNO SCIENCE CO-IS, THE DEPUTY PI AND PROJECT SCIENTIST, THE SCIENCE INVESTIGATION OFFICE MANAGER, THE E/PO EFFORT, THE JUNO ADVISORY BOARD AND THE PM REPORT DIRECTLY TO DR. BOLTON.  THE PI DELEGATES THE DAY-TO-DAY MANAGEMENT OF THE PROJECT TO THE PROJECT MANAGER (PM), RICK GRAMMIER.  THE PROJECT SYSTEM ENGINEER, PAYLOAD MANAGER, FLIGHT SYSTEM MANAGER, MISSION MANAGER, SCIENCE OPS CENTER, BUSINESS MANAGER, LM CONTRACT CTM, AND MISSION ASSURANCE MANAGER ALL REPORT DIRECTLY TO THE PM.",080,NATIONAL AERONAUTICS AND SPACE ADMINISTRATION (NASA),8000,NATIONAL AERONAUTICS AND SPACE ADMINISTRATION,80MSFC,NASA MARSHALL SPACE FLIGHT CENTER,080,NATIONAL AERONAUTICS AND SPACE ADMINISTRATION (NASA),8000,NATIONAL AERONAUTICS AND SPACE ADMINISTRATION,80MSFC,NASA MARSHALL SPACE FLIGHT CENTER,PB11V1KH3KV4,,SOUTHWEST RESEARCH INSTITUTE,SOUTHWEST RESEARCH INSTITUTE,PB11V1KH3KV4,PB11V1KH3KV4,SOUTHWEST RESEARCH INSTITUTE,SOUTHWEST RESEARCH INSTITUTE INC,USA,TX,BEXAR,SAN ANTONIO,TX-20,TX-20,782385100,UNITED STATES,TEXAS,BEXAR,TX-20,TX-20,782385100,,,AR22,R&D- SPACE: SCIENCE/APPLICATIONS (APPLIED RESEARCH/EXPLORATORY DEVELOPMENT),541710,"RESEARCH AND DEVELOPMENT IN THE PHYSICAL, ENGINEERING, AND LIFE SCIENCES",,,https://www.usaspending.gov/award/CONT_AWD_NNM06AA75C_8000_-NONE-_-NONE-/,2020-05-15
National Aeronautics and Space Administration,National Aeronautics and Space Administration,FY2021P03,,080,2020,2021,,0120,000,080-2020/2021-0120-000,"Science, National Aeronautics and Space Administration",National Aeronautics and Space Administration,,"General Science, Space, and Technology","Space flight, research, and supporting activities",080-0120,"Science, National Aeronautics and Space Administration",0001,SCIENCE (DIRECT),25.5,Research and development contracts,D,Q,Not Designated Nonemergency/Emergency/Disaster/Wildfire Suppression,,3619549.45,,,CONT_AWD_NNM06AA75C_8000_-NONE-_-NONE-,NNM06AA75C,,,,2006-02-23,2006,2025-09-05,2025,2006-02-23,2026-08-31,,D,DEFINITIVE CONTRACT,,,"THE NATIONAL AERONAUTICS AND SPACE ADMINISTRATION HAS SELECTED JUNO NEW FRONTIERS MISSION UNDER THE DIRECTION OF PRINCIPAL INVESTIGATOR (PI) DR. SCOTT BOLTON TO CONTINUE DEVELOPMENT WITH THE EXPECTATION THAT THE JUNO MISSION WILL ENTER PHASE B IN EARLY FISCAL YEAR 2006.  THE JUNO MISSION WILL BE MANAGED BY THE MARSHALL SPACE FLIGHT CENTER, NEW FRONTIERS PROGRAM OFFICE.  KEY JUNO TEAM MEMBERS INCLUDE DR. BOLTON'S HOME INSTITUTION, THE SOUTHWEST RESEARCH INSTITUTE (SWRI), THE JUNO IMPLEMENTATION TEAM LEADER JET PROPULSION LABORATORY (JPL) AND THE SPACECRAFT BUS PROVIDER THE LOCKHEED MARTIN SPACE SYSTEMS DIVISION (LM/SS).   THE PI'S TEAM AT SWRI NEEDS TO BEGIN WORK ON A SUBSET OF PHASE B ACTIVITIES AS EARLY IN FY06 AS POSSIBLE.  THIS SOW PROVIDES A LIST OF ACTIVITIES THAT ARE NECESSARY TO BEGIN WORK IN FY06 AND THEIR ASSOCIATED DELIVERABLES. THE JUNO MISSION IS A COLLABORATION BETWEEN SOUTHWEST RESEARCH INSTITUTE (SWRI), JPL, LOCKHEED MARTIN (LM), AND A COMPLEMENTARY TEAM OF UNIVERSITIES AND FIELD CENTERS.  THE PRINCIPAL INVESTIGATOR, DR. SCOTT BOLTON, IS AT SOUTHWEST RESEARCH INSTITUTE (SWRI) AND IS RESPONSIBLE TO NASA FOR ALL ASPECTS OF THE MISSION INCLUDING ACHIEVING ALL SCIENTIFIC OBJECTIVES AND MISSION GOALS.  JPL PROVIDES THE PROJECT MANAGER WHO OVERSEES THE DAY-TO-DAY MANAGEMENT OF THE PROJECT AND WILL REPORT TO THE PI. PRINCIPAL INVESTIGATOR (PI) DR. SCOTT BOLTON IS RESPONSIBLE TO NASA FOR MEETING THE SCIENTIFIC OBJECTIVES OF THE JUNO MISSION WITHIN COST AND SCHEDULE.  AS PI, DR. BOLTON HAS DIRECT ACCOUNTABILITY TO THE NASA NEW FRONTIERS PROGRAM OFFICE FOR THE IMPLEMENTATION OF JUNO.  ALL JUNO SCIENCE CO-IS, THE DEPUTY PI AND PROJECT SCIENTIST, THE SCIENCE INVESTIGATION OFFICE MANAGER, THE E/PO EFFORT, THE JUNO ADVISORY BOARD AND THE PM REPORT DIRECTLY TO DR. BOLTON.  THE PI DELEGATES THE DAY-TO-DAY MANAGEMENT OF THE PROJECT TO THE PROJECT MANAGER (PM), RICK GRAMMIER.  THE PROJECT SYSTEM ENGINEER, PAYLOAD MANAGER, FLIGHT SYSTEM MANAGER, MISSION MANAGER, SCIENCE OPS CENTER, BUSINESS MANAGER, LM CONTRACT CTM, AND MISSION ASSURANCE MANAGER ALL REPORT DIRECTLY TO THE PM.",080,NATIONAL AERONAUTICS AND SPACE ADMINISTRATION (NASA),8000,NATIONAL AERONAUTICS AND SPACE ADMINISTRATION,80MSFC,NASA MARSHALL SPACE FLIGHT CENTER,080,NATIONAL AERONAUTICS AND SPACE ADMINISTRATION (NASA),8000,NATIONAL AERONAUTICS AND SPACE ADMINISTRATION,80MSFC,NASA MARSHALL SPACE FLIGHT CENTER,PB11V1KH3KV4,,SOUTHWEST RESEARCH INSTITUTE,SOUTHWEST RESEARCH INSTITUTE,PB11V1KH3KV4,PB11V1KH3KV4,SOUTHWEST RESEARCH INSTITUTE,SOUTHWEST RESEARCH INSTITUTE INC,USA,TX,BEXAR,SAN ANTONIO,TX-20,TX-20,782385100,UNITED STATES,TEXAS,BEXAR,TX-20,TX-20,782385100,,,AR22,R&D- SPACE: SCIENCE/APPLICATIONS (APPLIED RESEARCH/EXPLORATORY DEVELOPMENT),541710,"RESEARCH AND DEVELOPMENT IN THE PHYSICAL, ENGINEERING, AND LIFE SCIENCES",,,https://www.usaspending.gov/award/CONT_AWD_NNM06AA75C_8000_-NONE-_-NONE-/,2021-02-07
National Aeronautics and Space Administration,National Aeronautics and Space Administration,FY2021P02,,080,2020,2021,,0120,000,080-2020/2021-0120-000,"Science, National Aeronautics and Space Administration",National Aeronautics and Space Administration,,"General Science, Space, and Technology","Space flight, research, and supporting activities",080-0120,"Science, National Aeronautics and Space Administration",0001,SCIENCE (DIRECT),25.5,Research and development contracts,D,Q,Not Designated Nonemergency/Emergency/Disaster/Wildfire Suppression,,2389655.66,,,CONT_AWD_NNM06AA75C_8000_-NONE-_-NONE-,NNM06AA75C,,,,2006-02-23,2006,2025-09-05,2025,2006-02-23,2026-08-31,,D,DEFINITIVE CONTRACT,,,"THE NATIONAL AERONAUTICS AND SPACE ADMINISTRATION HAS SELECTED JUNO NEW FRONTIERS MISSION UNDER THE DIRECTION OF PRINCIPAL INVESTIGATOR (PI) DR. SCOTT BOLTON TO CONTINUE DEVELOPMENT WITH THE EXPECTATION THAT THE JUNO MISSION WILL ENTER PHASE B IN EARLY FISCAL YEAR 2006.  THE JUNO MISSION WILL BE MANAGED BY THE MARSHALL SPACE FLIGHT CENTER, NEW FRONTIERS PROGRAM OFFICE.  KEY JUNO TEAM MEMBERS INCLUDE DR. BOLTON'S HOME INSTITUTION, THE SOUTHWEST RESEARCH INSTITUTE (SWRI), THE JUNO IMPLEMENTATION TEAM LEADER JET PROPULSION LABORATORY (JPL) AND THE SPACECRAFT BUS PROVIDER THE LOCKHEED MARTIN SPACE SYSTEMS DIVISION (LM/SS).   THE PI'S TEAM AT SWRI NEEDS TO BEGIN WORK ON A SUBSET OF PHASE B ACTIVITIES AS EARLY IN FY06 AS POSSIBLE.  THIS SOW PROVIDES A LIST OF ACTIVITIES THAT ARE NECESSARY TO BEGIN WORK IN FY06 AND THEIR ASSOCIATED DELIVERABLES. THE JUNO MISSION IS A COLLABORATION BETWEEN SOUTHWEST RESEARCH INSTITUTE (SWRI), JPL, LOCKHEED MARTIN (LM), AND A COMPLEMENTARY TEAM OF UNIVERSITIES AND FIELD CENTERS.  THE PRINCIPAL INVESTIGATOR, DR. SCOTT BOLTON, IS AT SOUTHWEST RESEARCH INSTITUTE (SWRI) AND IS RESPONSIBLE TO NASA FOR ALL ASPECTS OF THE MISSION INCLUDING ACHIEVING ALL SCIENTIFIC OBJECTIVES AND MISSION GOALS.  JPL PROVIDES THE PROJECT MANAGER WHO OVERSEES THE DAY-TO-DAY MANAGEMENT OF THE PROJECT AND WILL REPORT TO THE PI. PRINCIPAL INVESTIGATOR (PI) DR. SCOTT BOLTON IS RESPONSIBLE TO NASA FOR MEETING THE SCIENTIFIC OBJECTIVES OF THE JUNO MISSION WITHIN COST AND SCHEDULE.  AS PI, DR. BOLTON HAS DIRECT ACCOUNTABILITY TO THE NASA NEW FRONTIERS PROGRAM OFFICE FOR THE IMPLEMENTATION OF JUNO.  ALL JUNO SCIENCE CO-IS, THE DEPUTY PI AND PROJECT SCIENTIST, THE SCIENCE INVESTIGATION OFFICE MANAGER, THE E/PO EFFORT, THE JUNO ADVISORY BOARD AND THE PM REPORT DIRECTLY TO DR. BOLTON.  THE PI DELEGATES THE DAY-TO-DAY MANAGEMENT OF THE PROJECT TO THE PROJECT MANAGER (PM), RICK GRAMMIER.  THE PROJECT SYSTEM ENGINEER, PAYLOAD MANAGER, FLIGHT SYSTEM MANAGER, MISSION MANAGER, SCIENCE OPS CENTER, BUSINESS MANAGER, LM CONTRACT CTM, AND MISSION ASSURANCE MANAGER ALL REPORT DIRECTLY TO THE PM.",080,NATIONAL AERONAUTICS AND SPACE ADMINISTRATION (NASA),8000,NATIONAL AERONAUTICS AND SPACE ADMINISTRATION,80MSFC,NASA MARSHALL SPACE FLIGHT CENTER,080,NATIONAL AERONAUTICS AND SPACE ADMINISTRATION (NASA),8000,NATIONAL AERONAUTICS AND SPACE ADMINISTRATION,80MSFC,NASA MARSHALL SPACE FLIGHT CENTER,PB11V1KH3KV4,,SOUTHWEST RESEARCH INSTITUTE,SOUTHWEST RESEARCH INSTITUTE,PB11V1KH3KV4,PB11V1KH3KV4,SOUTHWEST RESEARCH INSTITUTE,SOUTHWEST RESEARCH INSTITUTE INC,USA,TX,BEXAR,SAN ANTONIO,TX-20,TX-20,782385100,UNITED STATES,TEXAS,BEXAR,TX-20,TX-20,782385100,,,AR22,R&D- SPACE: SCIENCE/APPLICATIONS (APPLIED RESEARCH/EXPLORATORY DEVELOPMENT),541710,"RESEARCH AND DEVELOPMENT IN THE PHYSICAL, ENGINEERING, AND LIFE SCIENCES",,,https://www.usaspending.gov/award/CONT_AWD_NNM06AA75C_8000_-NONE-_-NONE-/,2021-02-07
National Aeronautics and Space Administration,National Aeronautics and Space Administration,FY2021P02,,080,2021,2022,,0120,000,080-2021/2022-0120-000,"Science, National Aeronautics and Space Administration",National Aeronautics and Space Administration,,"General Science, Space, and Technology","Space flight, research, and supporting activities",080-0120,"Science, National Aeronautics and Space Administration",0001,SCIENCE (DIRECT),25.5,Research and development contracts,D,Q,Not Designated Nonemergency/Emergency/Disaster/Wildfire Suppression,997000.00,,,,CONT_AWD_NNM06AA75C_8000_-NONE-_-NONE-,NNM06AA75C,,,,2006-02-23,2006,2025-09-05,2025,2006-02-23,2026-08-31,,D,DEFINITIVE CONTRACT,,,"THE NATIONAL AERONAUTICS AND SPACE ADMINISTRATION HAS SELECTED JUNO NEW FRONTIERS MISSION UNDER THE DIRECTION OF PRINCIPAL INVESTIGATOR (PI) DR. SCOTT BOLTON TO CONTINUE DEVELOPMENT WITH THE EXPECTATION THAT THE JUNO MISSION WILL ENTER PHASE B IN EARLY FISCAL YEAR 2006.  THE JUNO MISSION WILL BE MANAGED BY THE MARSHALL SPACE FLIGHT CENTER, NEW FRONTIERS PROGRAM OFFICE.  KEY JUNO TEAM MEMBERS INCLUDE DR. BOLTON'S HOME INSTITUTION, THE SOUTHWEST RESEARCH INSTITUTE (SWRI), THE JUNO IMPLEMENTATION TEAM LEADER JET PROPULSION LABORATORY (JPL) AND THE SPACECRAFT BUS PROVIDER THE LOCKHEED MARTIN SPACE SYSTEMS DIVISION (LM/SS).   THE PI'S TEAM AT SWRI NEEDS TO BEGIN WORK ON A SUBSET OF PHASE B ACTIVITIES AS EARLY IN FY06 AS POSSIBLE.  THIS SOW PROVIDES A LIST OF ACTIVITIES THAT ARE NECESSARY TO BEGIN WORK IN FY06 AND THEIR ASSOCIATED DELIVERABLES. THE JUNO MISSION IS A COLLABORATION BETWEEN SOUTHWEST RESEARCH INSTITUTE (SWRI), JPL, LOCKHEED MARTIN (LM), AND A COMPLEMENTARY TEAM OF UNIVERSITIES AND FIELD CENTERS.  THE PRINCIPAL INVESTIGATOR, DR. SCOTT BOLTON, IS AT SOUTHWEST RESEARCH INSTITUTE (SWRI) AND IS RESPONSIBLE TO NASA FOR ALL ASPECTS OF THE MISSION INCLUDING ACHIEVING ALL SCIENTIFIC OBJECTIVES AND MISSION GOALS.  JPL PROVIDES THE PROJECT MANAGER WHO OVERSEES THE DAY-TO-DAY MANAGEMENT OF THE PROJECT AND WILL REPORT TO THE PI. PRINCIPAL INVESTIGATOR (PI) DR. SCOTT BOLTON IS RESPONSIBLE TO NASA FOR MEETING THE SCIENTIFIC OBJECTIVES OF THE JUNO MISSION WITHIN COST AND SCHEDULE.  AS PI, DR. BOLTON HAS DIRECT ACCOUNTABILITY TO THE NASA NEW FRONTIERS PROGRAM OFFICE FOR THE IMPLEMENTATION OF JUNO.  ALL JUNO SCIENCE CO-IS, THE DEPUTY PI AND PROJECT SCIENTIST, THE SCIENCE INVESTIGATION OFFICE MANAGER, THE E/PO EFFORT, THE JUNO ADVISORY BOARD AND THE PM REPORT DIRECTLY TO DR. BOLTON.  THE PI DELEGATES THE DAY-TO-DAY MANAGEMENT OF THE PROJECT TO THE PROJECT MANAGER (PM), RICK GRAMMIER.  THE PROJECT SYSTEM ENGINEER, PAYLOAD MANAGER, FLIGHT SYSTEM MANAGER, MISSION MANAGER, SCIENCE OPS CENTER, BUSINESS MANAGER, LM CONTRACT CTM, AND MISSION ASSURANCE MANAGER ALL REPORT DIRECTLY TO THE PM.",080,NATIONAL AERONAUTICS AND SPACE ADMINISTRATION (NASA),8000,NATIONAL AERONAUTICS AND SPACE ADMINISTRATION,80MSFC,NASA MARSHALL SPACE FLIGHT CENTER,080,NATIONAL AERONAUTICS AND SPACE ADMINISTRATION (NASA),8000,NATIONAL AERONAUTICS AND SPACE ADMINISTRATION,80MSFC,NASA MARSHALL SPACE FLIGHT CENTER,PB11V1KH3KV4,,SOUTHWEST RESEARCH INSTITUTE,SOUTHWEST RESEARCH INSTITUTE,PB11V1KH3KV4,PB11V1KH3KV4,SOUTHWEST RESEARCH INSTITUTE,SOUTHWEST RESEARCH INSTITUTE INC,USA,TX,BEXAR,SAN ANTONIO,TX-20,TX-20,782385100,UNITED STATES,TEXAS,BEXAR,TX-20,TX-20,782385100,,,AR22,R&D- SPACE: SCIENCE/APPLICATIONS (APPLIED RESEARCH/EXPLORATORY DEVELOPMENT),541710,"RESEARCH AND DEVELOPMENT IN THE PHYSICAL, ENGINEERING, AND LIFE SCIENCES",,,https://www.usaspending.gov/award/CONT_AWD_NNM06AA75C_8000_-NONE-_-NONE-/,2021-02-07
National Aeronautics and Space Administration,National Aeronautics and Space Administration,FY2021P04,,080,2020,2021,,0120,000,080-2020/2021-0120-000,"Science, National Aeronautics and Space Administration",National Aeronautics and Space Administration,,"General Science, Space, and Technology","Space flight, research, and supporting activities",080-0120,"Science, National Aeronautics and Space Administration",0001,SCIENCE (DIRECT),25.5,Research and development contracts,D,Q,Not Designated Nonemergency/Emergency/Disaster/Wildfire Suppression,,4356866.22,,,CONT_AWD_NNM06AA75C_8000_-NONE-_-NONE-,NNM06AA75C,,,,2006-02-23,2006,2025-09-05,2025,2006-02-23,2026-08-31,,D,DEFINITIVE CONTRACT,,,"THE NATIONAL AERONAUTICS AND SPACE ADMINISTRATION HAS SELECTED JUNO NEW FRONTIERS MISSION UNDER THE DIRECTION OF PRINCIPAL INVESTIGATOR (PI) DR. SCOTT BOLTON TO CONTINUE DEVELOPMENT WITH THE EXPECTATION THAT THE JUNO MISSION WILL ENTER PHASE B IN EARLY FISCAL YEAR 2006.  THE JUNO MISSION WILL BE MANAGED BY THE MARSHALL SPACE FLIGHT CENTER, NEW FRONTIERS PROGRAM OFFICE.  KEY JUNO TEAM MEMBERS INCLUDE DR. BOLTON'S HOME INSTITUTION, THE SOUTHWEST RESEARCH INSTITUTE (SWRI), THE JUNO IMPLEMENTATION TEAM LEADER JET PROPULSION LABORATORY (JPL) AND THE SPACECRAFT BUS PROVIDER THE LOCKHEED MARTIN SPACE SYSTEMS DIVISION (LM/SS).   THE PI'S TEAM AT SWRI NEEDS TO BEGIN WORK ON A SUBSET OF PHASE B ACTIVITIES AS EARLY IN FY06 AS POSSIBLE.  THIS SOW PROVIDES A LIST OF ACTIVITIES THAT ARE NECESSARY TO BEGIN WORK IN FY06 AND THEIR ASSOCIATED DELIVERABLES. THE JUNO MISSION IS A COLLABORATION BETWEEN SOUTHWEST RESEARCH INSTITUTE (SWRI), JPL, LOCKHEED MARTIN (LM), AND A COMPLEMENTARY TEAM OF UNIVERSITIES AND FIELD CENTERS.  THE PRINCIPAL INVESTIGATOR, DR. SCOTT BOLTON, IS AT SOUTHWEST RESEARCH INSTITUTE (SWRI) AND IS RESPONSIBLE TO NASA FOR ALL ASPECTS OF THE MISSION INCLUDING ACHIEVING ALL SCIENTIFIC OBJECTIVES AND MISSION GOALS.  JPL PROVIDES THE PROJECT MANAGER WHO OVERSEES THE DAY-TO-DAY MANAGEMENT OF THE PROJECT AND WILL REPORT TO THE PI. PRINCIPAL INVESTIGATOR (PI) DR. SCOTT BOLTON IS RESPONSIBLE TO NASA FOR MEETING THE SCIENTIFIC OBJECTIVES OF THE JUNO MISSION WITHIN COST AND SCHEDULE.  AS PI, DR. BOLTON HAS DIRECT ACCOUNTABILITY TO THE NASA NEW FRONTIERS PROGRAM OFFICE FOR THE IMPLEMENTATION OF JUNO.  ALL JUNO SCIENCE CO-IS, THE DEPUTY PI AND PROJECT SCIENTIST, THE SCIENCE INVESTIGATION OFFICE MANAGER, THE E/PO EFFORT, THE JUNO ADVISORY BOARD AND THE PM REPORT DIRECTLY TO DR. BOLTON.  THE PI DELEGATES THE DAY-TO-DAY MANAGEMENT OF THE PROJECT TO THE PROJECT MANAGER (PM), RICK GRAMMIER.  THE PROJECT SYSTEM ENGINEER, PAYLOAD MANAGER, FLIGHT SYSTEM MANAGER, MISSION MANAGER, SCIENCE OPS CENTER, BUSINESS MANAGER, LM CONTRACT CTM, AND MISSION ASSURANCE MANAGER ALL REPORT DIRECTLY TO THE PM.",080,NATIONAL AERONAUTICS AND SPACE ADMINISTRATION (NASA),8000,NATIONAL AERONAUTICS AND SPACE ADMINISTRATION,80MSFC,NASA MARSHALL SPACE FLIGHT CENTER,080,NATIONAL AERONAUTICS AND SPACE ADMINISTRATION (NASA),8000,NATIONAL AERONAUTICS AND SPACE ADMINISTRATION,80MSFC,NASA MARSHALL SPACE FLIGHT CENTER,PB11V1KH3KV4,,SOUTHWEST RESEARCH INSTITUTE,SOUTHWEST RESEARCH INSTITUTE,PB11V1KH3KV4,PB11V1KH3KV4,SOUTHWEST RESEARCH INSTITUTE,SOUTHWEST RESEARCH INSTITUTE INC,USA,TX,BEXAR,SAN ANTONIO,TX-20,TX-20,782385100,UNITED STATES,TEXAS,BEXAR,TX-20,TX-20,782385100,,,AR22,R&D- SPACE: SCIENCE/APPLICATIONS (APPLIED RESEARCH/EXPLORATORY DEVELOPMENT),541710,"RESEARCH AND DEVELOPMENT IN THE PHYSICAL, ENGINEERING, AND LIFE SCIENCES",,,https://www.usaspending.gov/award/CONT_AWD_NNM06AA75C_8000_-NONE-_-NONE-/,2021-02-26
National Aeronautics and Space Administration,National Aeronautics and Space Administration,FY2017Q3,,080,2017,2018,,0120,000,080-2017/2018-0120-000,"Science, National Aeronautics and Space Administration",National Aeronautics and Space Administration,,"General Science, Space, and Technology","Space flight, research, and supporting activities",080-0120,"Science, National Aeronautics and Space Administration",0001,SCIENCE (DIRECT),25.5,Research and development contracts,D,,,1200000.00,,,,CONT_AWD_NNM06AA75C_8000_-NONE-_-NONE-,NNM06AA75C,,,,2006-02-23,2006,2025-09-05,2025,2006-02-23,2026-08-31,,D,DEFINITIVE CONTRACT,,,"THE NATIONAL AERONAUTICS AND SPACE ADMINISTRATION HAS SELECTED JUNO NEW FRONTIERS MISSION UNDER THE DIRECTION OF PRINCIPAL INVESTIGATOR (PI) DR. SCOTT BOLTON TO CONTINUE DEVELOPMENT WITH THE EXPECTATION THAT THE JUNO MISSION WILL ENTER PHASE B IN EARLY FISCAL YEAR 2006.  THE JUNO MISSION WILL BE MANAGED BY THE MARSHALL SPACE FLIGHT CENTER, NEW FRONTIERS PROGRAM OFFICE.  KEY JUNO TEAM MEMBERS INCLUDE DR. BOLTON'S HOME INSTITUTION, THE SOUTHWEST RESEARCH INSTITUTE (SWRI), THE JUNO IMPLEMENTATION TEAM LEADER JET PROPULSION LABORATORY (JPL) AND THE SPACECRAFT BUS PROVIDER THE LOCKHEED MARTIN SPACE SYSTEMS DIVISION (LM/SS).   THE PI'S TEAM AT SWRI NEEDS TO BEGIN WORK ON A SUBSET OF PHASE B ACTIVITIES AS EARLY IN FY06 AS POSSIBLE.  THIS SOW PROVIDES A LIST OF ACTIVITIES THAT ARE NECESSARY TO BEGIN WORK IN FY06 AND THEIR ASSOCIATED DELIVERABLES. THE JUNO MISSION IS A COLLABORATION BETWEEN SOUTHWEST RESEARCH INSTITUTE (SWRI), JPL, LOCKHEED MARTIN (LM), AND A COMPLEMENTARY TEAM OF UNIVERSITIES AND FIELD CENTERS.  THE PRINCIPAL INVESTIGATOR, DR. SCOTT BOLTON, IS AT SOUTHWEST RESEARCH INSTITUTE (SWRI) AND IS RESPONSIBLE TO NASA FOR ALL ASPECTS OF THE MISSION INCLUDING ACHIEVING ALL SCIENTIFIC OBJECTIVES AND MISSION GOALS.  JPL PROVIDES THE PROJECT MANAGER WHO OVERSEES THE DAY-TO-DAY MANAGEMENT OF THE PROJECT AND WILL REPORT TO THE PI. PRINCIPAL INVESTIGATOR (PI) DR. SCOTT BOLTON IS RESPONSIBLE TO NASA FOR MEETING THE SCIENTIFIC OBJECTIVES OF THE JUNO MISSION WITHIN COST AND SCHEDULE.  AS PI, DR. BOLTON HAS DIRECT ACCOUNTABILITY TO THE NASA NEW FRONTIERS PROGRAM OFFICE FOR THE IMPLEMENTATION OF JUNO.  ALL JUNO SCIENCE CO-IS, THE DEPUTY PI AND PROJECT SCIENTIST, THE SCIENCE INVESTIGATION OFFICE MANAGER, THE E/PO EFFORT, THE JUNO ADVISORY BOARD AND THE PM REPORT DIRECTLY TO DR. BOLTON.  THE PI DELEGATES THE DAY-TO-DAY MANAGEMENT OF THE PROJECT TO THE PROJECT MANAGER (PM), RICK GRAMMIER.  THE PROJECT SYSTEM ENGINEER, PAYLOAD MANAGER, FLIGHT SYSTEM MANAGER, MISSION MANAGER, SCIENCE OPS CENTER, BUSINESS MANAGER, LM CONTRACT CTM, AND MISSION ASSURANCE MANAGER ALL REPORT DIRECTLY TO THE PM.",080,NATIONAL AERONAUTICS AND SPACE ADMINISTRATION (NASA),8000,NATIONAL AERONAUTICS AND SPACE ADMINISTRATION,80MSFC,NASA MARSHALL SPACE FLIGHT CENTER,080,NATIONAL AERONAUTICS AND SPACE ADMINISTRATION (NASA),8000,NATIONAL AERONAUTICS AND SPACE ADMINISTRATION,80MSFC,NASA MARSHALL SPACE FLIGHT CENTER,PB11V1KH3KV4,,SOUTHWEST RESEARCH INSTITUTE,SOUTHWEST RESEARCH INSTITUTE,PB11V1KH3KV4,PB11V1KH3KV4,SOUTHWEST RESEARCH INSTITUTE,SOUTHWEST RESEARCH INSTITUTE INC,USA,TX,BEXAR,SAN ANTONIO,TX-20,TX-20,782385100,UNITED STATES,TEXAS,BEXAR,TX-20,TX-20,782385100,,,AR22,R&D- SPACE: SCIENCE/APPLICATIONS (APPLIED RESEARCH/EXPLORATORY DEVELOPMENT),541710,"RESEARCH AND DEVELOPMENT IN THE PHYSICAL, ENGINEERING, AND LIFE SCIENCES",,,https://www.usaspending.gov/award/CONT_AWD_NNM06AA75C_8000_-NONE-_-NONE-/,2017-09-08
National Aeronautics and Space Administration,National Aeronautics and Space Administration,FY2017Q3,,080,2017,2018,,0120,000,080-2017/2018-0120-000,"Science, National Aeronautics and Space Administration",National Aeronautics and Space Administration,,"General Science, Space, and Technology","Space flight, research, and supporting activities",080-0120,"Science, National Aeronautics and Space Administration",0001,SCIENCE (DIRECT),25.5,Research and development contracts,D,,,1500000.00,,,,CONT_AWD_NNM06AA75C_8000_-NONE-_-NONE-,NNM06AA75C,,,,2006-02-23,2006,2025-09-05,2025,2006-02-23,2026-08-31,,D,DEFINITIVE CONTRACT,,,"THE NATIONAL AERONAUTICS AND SPACE ADMINISTRATION HAS SELECTED JUNO NEW FRONTIERS MISSION UNDER THE DIRECTION OF PRINCIPAL INVESTIGATOR (PI) DR. SCOTT BOLTON TO CONTINUE DEVELOPMENT WITH THE EXPECTATION THAT THE JUNO MISSION WILL ENTER PHASE B IN EARLY FISCAL YEAR 2006.  THE JUNO MISSION WILL BE MANAGED BY THE MARSHALL SPACE FLIGHT CENTER, NEW FRONTIERS PROGRAM OFFICE.  KEY JUNO TEAM MEMBERS INCLUDE DR. BOLTON'S HOME INSTITUTION, THE SOUTHWEST RESEARCH INSTITUTE (SWRI), THE JUNO IMPLEMENTATION TEAM LEADER JET PROPULSION LABORATORY (JPL) AND THE SPACECRAFT BUS PROVIDER THE LOCKHEED MARTIN SPACE SYSTEMS DIVISION (LM/SS).   THE PI'S TEAM AT SWRI NEEDS TO BEGIN WORK ON A SUBSET OF PHASE B ACTIVITIES AS EARLY IN FY06 AS POSSIBLE.  THIS SOW PROVIDES A LIST OF ACTIVITIES THAT ARE NECESSARY TO BEGIN WORK IN FY06 AND THEIR ASSOCIATED DELIVERABLES. THE JUNO MISSION IS A COLLABORATION BETWEEN SOUTHWEST RESEARCH INSTITUTE (SWRI), JPL, LOCKHEED MARTIN (LM), AND A COMPLEMENTARY TEAM OF UNIVERSITIES AND FIELD CENTERS.  THE PRINCIPAL INVESTIGATOR, DR. SCOTT BOLTON, IS AT SOUTHWEST RESEARCH INSTITUTE (SWRI) AND IS RESPONSIBLE TO NASA FOR ALL ASPECTS OF THE MISSION INCLUDING ACHIEVING ALL SCIENTIFIC OBJECTIVES AND MISSION GOALS.  JPL PROVIDES THE PROJECT MANAGER WHO OVERSEES THE DAY-TO-DAY MANAGEMENT OF THE PROJECT AND WILL REPORT TO THE PI. PRINCIPAL INVESTIGATOR (PI) DR. SCOTT BOLTON IS RESPONSIBLE TO NASA FOR MEETING THE SCIENTIFIC OBJECTIVES OF THE JUNO MISSION WITHIN COST AND SCHEDULE.  AS PI, DR. BOLTON HAS DIRECT ACCOUNTABILITY TO THE NASA NEW FRONTIERS PROGRAM OFFICE FOR THE IMPLEMENTATION OF JUNO.  ALL JUNO SCIENCE CO-IS, THE DEPUTY PI AND PROJECT SCIENTIST, THE SCIENCE INVESTIGATION OFFICE MANAGER, THE E/PO EFFORT, THE JUNO ADVISORY BOARD AND THE PM REPORT DIRECTLY TO DR. BOLTON.  THE PI DELEGATES THE DAY-TO-DAY MANAGEMENT OF THE PROJECT TO THE PROJECT MANAGER (PM), RICK GRAMMIER.  THE PROJECT SYSTEM ENGINEER, PAYLOAD MANAGER, FLIGHT SYSTEM MANAGER, MISSION MANAGER, SCIENCE OPS CENTER, BUSINESS MANAGER, LM CONTRACT CTM, AND MISSION ASSURANCE MANAGER ALL REPORT DIRECTLY TO THE PM.",080,NATIONAL AERONAUTICS AND SPACE ADMINISTRATION (NASA),8000,NATIONAL AERONAUTICS AND SPACE ADMINISTRATION,80MSFC,NASA MARSHALL SPACE FLIGHT CENTER,080,NATIONAL AERONAUTICS AND SPACE ADMINISTRATION (NASA),8000,NATIONAL AERONAUTICS AND SPACE ADMINISTRATION,80MSFC,NASA MARSHALL SPACE FLIGHT CENTER,PB11V1KH3KV4,,SOUTHWEST RESEARCH INSTITUTE,SOUTHWEST RESEARCH INSTITUTE,PB11V1KH3KV4,PB11V1KH3KV4,SOUTHWEST RESEARCH INSTITUTE,SOUTHWEST RESEARCH INSTITUTE INC,USA,TX,BEXAR,SAN ANTONIO,TX-20,TX-20,782385100,UNITED STATES,TEXAS,BEXAR,TX-20,TX-20,782385100,,,AR22,R&D- SPACE: SCIENCE/APPLICATIONS (APPLIED RESEARCH/EXPLORATORY DEVELOPMENT),541710,"RESEARCH AND DEVELOPMENT IN THE PHYSICAL, ENGINEERING, AND LIFE SCIENCES",,,https://www.usaspending.gov/award/CONT_AWD_NNM06AA75C_8000_-NONE-_-NONE-/,2017-09-08
National Aeronautics and Space Administration,National Aeronautics and Space Administration,FY2017Q3,,080,2017,2018,,0120,000,080-2017/2018-0120-000,"Science, National Aeronautics and Space Administration",National Aeronautics and Space Administration,,"General Science, Space, and Technology","Space flight, research, and supporting activities",080-0120,"Science, National Aeronautics and Space Administration",0001,SCIENCE (DIRECT),25.5,Research and development contracts,D,,,11375445.00,,,,CONT_AWD_NNM06AA75C_8000_-NONE-_-NONE-,NNM06AA75C,,,,2006-02-23,2006,2025-09-05,2025,2006-02-23,2026-08-31,,D,DEFINITIVE CONTRACT,,,"THE NATIONAL AERONAUTICS AND SPACE ADMINISTRATION HAS SELECTED JUNO NEW FRONTIERS MISSION UNDER THE DIRECTION OF PRINCIPAL INVESTIGATOR (PI) DR. SCOTT BOLTON TO CONTINUE DEVELOPMENT WITH THE EXPECTATION THAT THE JUNO MISSION WILL ENTER PHASE B IN EARLY FISCAL YEAR 2006.  THE JUNO MISSION WILL BE MANAGED BY THE MARSHALL SPACE FLIGHT CENTER, NEW FRONTIERS PROGRAM OFFICE.  KEY JUNO TEAM MEMBERS INCLUDE DR. BOLTON'S HOME INSTITUTION, THE SOUTHWEST RESEARCH INSTITUTE (SWRI), THE JUNO IMPLEMENTATION TEAM LEADER JET PROPULSION LABORATORY (JPL) AND THE SPACECRAFT BUS PROVIDER THE LOCKHEED MARTIN SPACE SYSTEMS DIVISION (LM/SS).   THE PI'S TEAM AT SWRI NEEDS TO BEGIN WORK ON A SUBSET OF PHASE B ACTIVITIES AS EARLY IN FY06 AS POSSIBLE.  THIS SOW PROVIDES A LIST OF ACTIVITIES THAT ARE NECESSARY TO BEGIN WORK IN FY06 AND THEIR ASSOCIATED DELIVERABLES. THE JUNO MISSION IS A COLLABORATION BETWEEN SOUTHWEST RESEARCH INSTITUTE (SWRI), JPL, LOCKHEED MARTIN (LM), AND A COMPLEMENTARY TEAM OF UNIVERSITIES AND FIELD CENTERS.  THE PRINCIPAL INVESTIGATOR, DR. SCOTT BOLTON, IS AT SOUTHWEST RESEARCH INSTITUTE (SWRI) AND IS RESPONSIBLE TO NASA FOR ALL ASPECTS OF THE MISSION INCLUDING ACHIEVING ALL SCIENTIFIC OBJECTIVES AND MISSION GOALS.  JPL PROVIDES THE PROJECT MANAGER WHO OVERSEES THE DAY-TO-DAY MANAGEMENT OF THE PROJECT AND WILL REPORT TO THE PI. PRINCIPAL INVESTIGATOR (PI) DR. SCOTT BOLTON IS RESPONSIBLE TO NASA FOR MEETING THE SCIENTIFIC OBJECTIVES OF THE JUNO MISSION WITHIN COST AND SCHEDULE.  AS PI, DR. BOLTON HAS DIRECT ACCOUNTABILITY TO THE NASA NEW FRONTIERS PROGRAM OFFICE FOR THE IMPLEMENTATION OF JUNO.  ALL JUNO SCIENCE CO-IS, THE DEPUTY PI AND PROJECT SCIENTIST, THE SCIENCE INVESTIGATION OFFICE MANAGER, THE E/PO EFFORT, THE JUNO ADVISORY BOARD AND THE PM REPORT DIRECTLY TO DR. BOLTON.  THE PI DELEGATES THE DAY-TO-DAY MANAGEMENT OF THE PROJECT TO THE PROJECT MANAGER (PM), RICK GRAMMIER.  THE PROJECT SYSTEM ENGINEER, PAYLOAD MANAGER, FLIGHT SYSTEM MANAGER, MISSION MANAGER, SCIENCE OPS CENTER, BUSINESS MANAGER, LM CONTRACT CTM, AND MISSION ASSURANCE MANAGER ALL REPORT DIRECTLY TO THE PM.",080,NATIONAL AERONAUTICS AND SPACE ADMINISTRATION (NASA),8000,NATIONAL AERONAUTICS AND SPACE ADMINISTRATION,80MSFC,NASA MARSHALL SPACE FLIGHT CENTER,080,NATIONAL AERONAUTICS AND SPACE ADMINISTRATION (NASA),8000,NATIONAL AERONAUTICS AND SPACE ADMINISTRATION,80MSFC,NASA MARSHALL SPACE FLIGHT CENTER,PB11V1KH3KV4,,SOUTHWEST RESEARCH INSTITUTE,SOUTHWEST RESEARCH INSTITUTE,PB11V1KH3KV4,PB11V1KH3KV4,SOUTHWEST RESEARCH INSTITUTE,SOUTHWEST RESEARCH INSTITUTE INC,USA,TX,BEXAR,SAN ANTONIO,TX-20,TX-20,782385100,UNITED STATES,TEXAS,BEXAR,TX-20,TX-20,782385100,,,AR22,R&D- SPACE: SCIENCE/APPLICATIONS (APPLIED RESEARCH/EXPLORATORY DEVELOPMENT),541710,"RESEARCH AND DEVELOPMENT IN THE PHYSICAL, ENGINEERING, AND LIFE SCIENCES",,,https://www.usaspending.gov/award/CONT_AWD_NNM06AA75C_8000_-NONE-_-NONE-/,2017-09-08
National Aeronautics and Space Administration,National Aeronautics and Space Administration,FY2017Q2,,080,2017,2018,,0120,000,080-2017/2018-0120-000,"Science, National Aeronautics and Space Administration",National Aeronautics and Space Administration,,"General Science, Space, and Technology","Space flight, research, and supporting activities",080-0120,"Science, National Aeronautics and Space Administration",0001,SCIENCE (DIRECT),25.5,Research and development contracts,D,,,3053000.00,,,,CONT_AWD_NNM06AA75C_8000_-NONE-_-NONE-,NNM06AA75C,,,,2006-02-23,2006,2025-09-05,2025,2006-02-23,2026-08-31,,D,DEFINITIVE CONTRACT,,,"THE NATIONAL AERONAUTICS AND SPACE ADMINISTRATION HAS SELECTED JUNO NEW FRONTIERS MISSION UNDER THE DIRECTION OF PRINCIPAL INVESTIGATOR (PI) DR. SCOTT BOLTON TO CONTINUE DEVELOPMENT WITH THE EXPECTATION THAT THE JUNO MISSION WILL ENTER PHASE B IN EARLY FISCAL YEAR 2006.  THE JUNO MISSION WILL BE MANAGED BY THE MARSHALL SPACE FLIGHT CENTER, NEW FRONTIERS PROGRAM OFFICE.  KEY JUNO TEAM MEMBERS INCLUDE DR. BOLTON'S HOME INSTITUTION, THE SOUTHWEST RESEARCH INSTITUTE (SWRI), THE JUNO IMPLEMENTATION TEAM LEADER JET PROPULSION LABORATORY (JPL) AND THE SPACECRAFT BUS PROVIDER THE LOCKHEED MARTIN SPACE SYSTEMS DIVISION (LM/SS).   THE PI'S TEAM AT SWRI NEEDS TO BEGIN WORK ON A SUBSET OF PHASE B ACTIVITIES AS EARLY IN FY06 AS POSSIBLE.  THIS SOW PROVIDES A LIST OF ACTIVITIES THAT ARE NECESSARY TO BEGIN WORK IN FY06 AND THEIR ASSOCIATED DELIVERABLES. THE JUNO MISSION IS A COLLABORATION BETWEEN SOUTHWEST RESEARCH INSTITUTE (SWRI), JPL, LOCKHEED MARTIN (LM), AND A COMPLEMENTARY TEAM OF UNIVERSITIES AND FIELD CENTERS.  THE PRINCIPAL INVESTIGATOR, DR. SCOTT BOLTON, IS AT SOUTHWEST RESEARCH INSTITUTE (SWRI) AND IS RESPONSIBLE TO NASA FOR ALL ASPECTS OF THE MISSION INCLUDING ACHIEVING ALL SCIENTIFIC OBJECTIVES AND MISSION GOALS.  JPL PROVIDES THE PROJECT MANAGER WHO OVERSEES THE DAY-TO-DAY MANAGEMENT OF THE PROJECT AND WILL REPORT TO THE PI. PRINCIPAL INVESTIGATOR (PI) DR. SCOTT BOLTON IS RESPONSIBLE TO NASA FOR MEETING THE SCIENTIFIC OBJECTIVES OF THE JUNO MISSION WITHIN COST AND SCHEDULE.  AS PI, DR. BOLTON HAS DIRECT ACCOUNTABILITY TO THE NASA NEW FRONTIERS PROGRAM OFFICE FOR THE IMPLEMENTATION OF JUNO.  ALL JUNO SCIENCE CO-IS, THE DEPUTY PI AND PROJECT SCIENTIST, THE SCIENCE INVESTIGATION OFFICE MANAGER, THE E/PO EFFORT, THE JUNO ADVISORY BOARD AND THE PM REPORT DIRECTLY TO DR. BOLTON.  THE PI DELEGATES THE DAY-TO-DAY MANAGEMENT OF THE PROJECT TO THE PROJECT MANAGER (PM), RICK GRAMMIER.  THE PROJECT SYSTEM ENGINEER, PAYLOAD MANAGER, FLIGHT SYSTEM MANAGER, MISSION MANAGER, SCIENCE OPS CENTER, BUSINESS MANAGER, LM CONTRACT CTM, AND MISSION ASSURANCE MANAGER ALL REPORT DIRECTLY TO THE PM.",080,NATIONAL AERONAUTICS AND SPACE ADMINISTRATION (NASA),8000,NATIONAL AERONAUTICS AND SPACE ADMINISTRATION,80MSFC,NASA MARSHALL SPACE FLIGHT CENTER,080,NATIONAL AERONAUTICS AND SPACE ADMINISTRATION (NASA),8000,NATIONAL AERONAUTICS AND SPACE ADMINISTRATION,80MSFC,NASA MARSHALL SPACE FLIGHT CENTER,PB11V1KH3KV4,,SOUTHWEST RESEARCH INSTITUTE,SOUTHWEST RESEARCH INSTITUTE,PB11V1KH3KV4,PB11V1KH3KV4,SOUTHWEST RESEARCH INSTITUTE,SOUTHWEST RESEARCH INSTITUTE INC,USA,TX,BEXAR,SAN ANTONIO,TX-20,TX-20,782385100,UNITED STATES,TEXAS,BEXAR,TX-20,TX-20,782385100,,,AR22,R&D- SPACE: SCIENCE/APPLICATIONS (APPLIED RESEARCH/EXPLORATORY DEVELOPMENT),541710,"RESEARCH AND DEVELOPMENT IN THE PHYSICAL, ENGINEERING, AND LIFE SCIENCES",,,https://www.usaspending.gov/award/CONT_AWD_NNM06AA75C_8000_-NONE-_-NONE-/,2017-04-28
National Aeronautics and Space Administration,National Aeronautics and Space Administration,FY2018Q2,,080,2018,2019,,0120,000,080-2018/2019-0120-000,"Science, National Aeronautics and Space Administration",National Aeronautics and Space Administration,,"General Science, Space, and Technology","Space flight, research, and supporting activities",080-0120,"Science, National Aeronautics and Space Administration",0001,SCIENCE (DIRECT),25.5,Research and development contracts,D,,,570000.00,,,,CONT_AWD_NNM06AA75C_8000_-NONE-_-NONE-,NNM06AA75C,,,,2006-02-23,2006,2025-09-05,2025,2006-02-23,2026-08-31,,D,DEFINITIVE CONTRACT,,,"THE NATIONAL AERONAUTICS AND SPACE ADMINISTRATION HAS SELECTED JUNO NEW FRONTIERS MISSION UNDER THE DIRECTION OF PRINCIPAL INVESTIGATOR (PI) DR. SCOTT BOLTON TO CONTINUE DEVELOPMENT WITH THE EXPECTATION THAT THE JUNO MISSION WILL ENTER PHASE B IN EARLY FISCAL YEAR 2006.  THE JUNO MISSION WILL BE MANAGED BY THE MARSHALL SPACE FLIGHT CENTER, NEW FRONTIERS PROGRAM OFFICE.  KEY JUNO TEAM MEMBERS INCLUDE DR. BOLTON'S HOME INSTITUTION, THE SOUTHWEST RESEARCH INSTITUTE (SWRI), THE JUNO IMPLEMENTATION TEAM LEADER JET PROPULSION LABORATORY (JPL) AND THE SPACECRAFT BUS PROVIDER THE LOCKHEED MARTIN SPACE SYSTEMS DIVISION (LM/SS).   THE PI'S TEAM AT SWRI NEEDS TO BEGIN WORK ON A SUBSET OF PHASE B ACTIVITIES AS EARLY IN FY06 AS POSSIBLE.  THIS SOW PROVIDES A LIST OF ACTIVITIES THAT ARE NECESSARY TO BEGIN WORK IN FY06 AND THEIR ASSOCIATED DELIVERABLES. THE JUNO MISSION IS A COLLABORATION BETWEEN SOUTHWEST RESEARCH INSTITUTE (SWRI), JPL, LOCKHEED MARTIN (LM), AND A COMPLEMENTARY TEAM OF UNIVERSITIES AND FIELD CENTERS.  THE PRINCIPAL INVESTIGATOR, DR. SCOTT BOLTON, IS AT SOUTHWEST RESEARCH INSTITUTE (SWRI) AND IS RESPONSIBLE TO NASA FOR ALL ASPECTS OF THE MISSION INCLUDING ACHIEVING ALL SCIENTIFIC OBJECTIVES AND MISSION GOALS.  JPL PROVIDES THE PROJECT MANAGER WHO OVERSEES THE DAY-TO-DAY MANAGEMENT OF THE PROJECT AND WILL REPORT TO THE PI. PRINCIPAL INVESTIGATOR (PI) DR. SCOTT BOLTON IS RESPONSIBLE TO NASA FOR MEETING THE SCIENTIFIC OBJECTIVES OF THE JUNO MISSION WITHIN COST AND SCHEDULE.  AS PI, DR. BOLTON HAS DIRECT ACCOUNTABILITY TO THE NASA NEW FRONTIERS PROGRAM OFFICE FOR THE IMPLEMENTATION OF JUNO.  ALL JUNO SCIENCE CO-IS, THE DEPUTY PI AND PROJECT SCIENTIST, THE SCIENCE INVESTIGATION OFFICE MANAGER, THE E/PO EFFORT, THE JUNO ADVISORY BOARD AND THE PM REPORT DIRECTLY TO DR. BOLTON.  THE PI DELEGATES THE DAY-TO-DAY MANAGEMENT OF THE PROJECT TO THE PROJECT MANAGER (PM), RICK GRAMMIER.  THE PROJECT SYSTEM ENGINEER, PAYLOAD MANAGER, FLIGHT SYSTEM MANAGER, MISSION MANAGER, SCIENCE OPS CENTER, BUSINESS MANAGER, LM CONTRACT CTM, AND MISSION ASSURANCE MANAGER ALL REPORT DIRECTLY TO THE PM.",080,NATIONAL AERONAUTICS AND SPACE ADMINISTRATION (NASA),8000,NATIONAL AERONAUTICS AND SPACE ADMINISTRATION,80MSFC,NASA MARSHALL SPACE FLIGHT CENTER,080,NATIONAL AERONAUTICS AND SPACE ADMINISTRATION (NASA),8000,NATIONAL AERONAUTICS AND SPACE ADMINISTRATION,80MSFC,NASA MARSHALL SPACE FLIGHT CENTER,PB11V1KH3KV4,,SOUTHWEST RESEARCH INSTITUTE,SOUTHWEST RESEARCH INSTITUTE,PB11V1KH3KV4,PB11V1KH3KV4,SOUTHWEST RESEARCH INSTITUTE,SOUTHWEST RESEARCH INSTITUTE INC,USA,TX,BEXAR,SAN ANTONIO,TX-20,TX-20,782385100,UNITED STATES,TEXAS,BEXAR,TX-20,TX-20,782385100,,,AR22,R&D- SPACE: SCIENCE/APPLICATIONS (APPLIED RESEARCH/EXPLORATORY DEVELOPMENT),541710,"RESEARCH AND DEVELOPMENT IN THE PHYSICAL, ENGINEERING, AND LIFE SCIENCES",,,https://www.usaspending.gov/award/CONT_AWD_NNM06AA75C_8000_-NONE-_-NONE-/,2018-05-11
National Aeronautics and Space Administration,National Aeronautics and Space Administration,FY2018Q4,,080,2018,2019,,0120,000,080-2018/2019-0120-000,"Science, National Aeronautics and Space Administration",National Aeronautics and Space Administration,,"General Science, Space, and Technology","Space flight, research, and supporting activities",080-0120,"Science, National Aeronautics and Space Administration",0001,SCIENCE (DIRECT),25.5,Research and development contracts,D,,,9985090.00,,,,CONT_AWD_NNM06AA75C_8000_-NONE-_-NONE-,NNM06AA75C,,,,2006-02-23,2006,2025-09-05,2025,2006-02-23,2026-08-31,,D,DEFINITIVE CONTRACT,,,"THE NATIONAL AERONAUTICS AND SPACE ADMINISTRATION HAS SELECTED JUNO NEW FRONTIERS MISSION UNDER THE DIRECTION OF PRINCIPAL INVESTIGATOR (PI) DR. SCOTT BOLTON TO CONTINUE DEVELOPMENT WITH THE EXPECTATION THAT THE JUNO MISSION WILL ENTER PHASE B IN EARLY FISCAL YEAR 2006.  THE JUNO MISSION WILL BE MANAGED BY THE MARSHALL SPACE FLIGHT CENTER, NEW FRONTIERS PROGRAM OFFICE.  KEY JUNO TEAM MEMBERS INCLUDE DR. BOLTON'S HOME INSTITUTION, THE SOUTHWEST RESEARCH INSTITUTE (SWRI), THE JUNO IMPLEMENTATION TEAM LEADER JET PROPULSION LABORATORY (JPL) AND THE SPACECRAFT BUS PROVIDER THE LOCKHEED MARTIN SPACE SYSTEMS DIVISION (LM/SS).   THE PI'S TEAM AT SWRI NEEDS TO BEGIN WORK ON A SUBSET OF PHASE B ACTIVITIES AS EARLY IN FY06 AS POSSIBLE.  THIS SOW PROVIDES A LIST OF ACTIVITIES THAT ARE NECESSARY TO BEGIN WORK IN FY06 AND THEIR ASSOCIATED DELIVERABLES. THE JUNO MISSION IS A COLLABORATION BETWEEN SOUTHWEST RESEARCH INSTITUTE (SWRI), JPL, LOCKHEED MARTIN (LM), AND A COMPLEMENTARY TEAM OF UNIVERSITIES AND FIELD CENTERS.  THE PRINCIPAL INVESTIGATOR, DR. SCOTT BOLTON, IS AT SOUTHWEST RESEARCH INSTITUTE (SWRI) AND IS RESPONSIBLE TO NASA FOR ALL ASPECTS OF THE MISSION INCLUDING ACHIEVING ALL SCIENTIFIC OBJECTIVES AND MISSION GOALS.  JPL PROVIDES THE PROJECT MANAGER WHO OVERSEES THE DAY-TO-DAY MANAGEMENT OF THE PROJECT AND WILL REPORT TO THE PI. PRINCIPAL INVESTIGATOR (PI) DR. SCOTT BOLTON IS RESPONSIBLE TO NASA FOR MEETING THE SCIENTIFIC OBJECTIVES OF THE JUNO MISSION WITHIN COST AND SCHEDULE.  AS PI, DR. BOLTON HAS DIRECT ACCOUNTABILITY TO THE NASA NEW FRONTIERS PROGRAM OFFICE FOR THE IMPLEMENTATION OF JUNO.  ALL JUNO SCIENCE CO-IS, THE DEPUTY PI AND PROJECT SCIENTIST, THE SCIENCE INVESTIGATION OFFICE MANAGER, THE E/PO EFFORT, THE JUNO ADVISORY BOARD AND THE PM REPORT DIRECTLY TO DR. BOLTON.  THE PI DELEGATES THE DAY-TO-DAY MANAGEMENT OF THE PROJECT TO THE PROJECT MANAGER (PM), RICK GRAMMIER.  THE PROJECT SYSTEM ENGINEER, PAYLOAD MANAGER, FLIGHT SYSTEM MANAGER, MISSION MANAGER, SCIENCE OPS CENTER, BUSINESS MANAGER, LM CONTRACT CTM, AND MISSION ASSURANCE MANAGER ALL REPORT DIRECTLY TO THE PM.",080,NATIONAL AERONAUTICS AND SPACE ADMINISTRATION (NASA),8000,NATIONAL AERONAUTICS AND SPACE ADMINISTRATION,80MSFC,NASA MARSHALL SPACE FLIGHT CENTER,080,NATIONAL AERONAUTICS AND SPACE ADMINISTRATION (NASA),8000,NATIONAL AERONAUTICS AND SPACE ADMINISTRATION,80MSFC,NASA MARSHALL SPACE FLIGHT CENTER,PB11V1KH3KV4,,SOUTHWEST RESEARCH INSTITUTE,SOUTHWEST RESEARCH INSTITUTE,PB11V1KH3KV4,PB11V1KH3KV4,SOUTHWEST RESEARCH INSTITUTE,SOUTHWEST RESEARCH INSTITUTE INC,USA,TX,BEXAR,SAN ANTONIO,TX-20,TX-20,782385100,UNITED STATES,TEXAS,BEXAR,TX-20,TX-20,782385100,,,AR22,R&D- SPACE: SCIENCE/APPLICATIONS (APPLIED RESEARCH/EXPLORATORY DEVELOPMENT),541710,"RESEARCH AND DEVELOPMENT IN THE PHYSICAL, ENGINEERING, AND LIFE SCIENCES",,,https://www.usaspending.gov/award/CONT_AWD_NNM06AA75C_8000_-NONE-_-NONE-/,2018-11-13
National Aeronautics and Space Administration,National Aeronautics and Space Administration,FY2019Q3,,080,2019,2020,,0120,000,080-2019/2020-0120-000,"Science, National Aeronautics and Space Administration",National Aeronautics and Space Administration,,"General Science, Space, and Technology","Space flight, research, and supporting activities",080-0120,"Science, National Aeronautics and Space Administration",0001,SCIENCE (DIRECT),25.5,Research and development contracts,D,,,2998849.44,,,,CONT_AWD_NNM06AA75C_8000_-NONE-_-NONE-,NNM06AA75C,,,,2006-02-23,2006,2025-09-05,2025,2006-02-23,2026-08-31,,D,DEFINITIVE CONTRACT,,,"THE NATIONAL AERONAUTICS AND SPACE ADMINISTRATION HAS SELECTED JUNO NEW FRONTIERS MISSION UNDER THE DIRECTION OF PRINCIPAL INVESTIGATOR (PI) DR. SCOTT BOLTON TO CONTINUE DEVELOPMENT WITH THE EXPECTATION THAT THE JUNO MISSION WILL ENTER PHASE B IN EARLY FISCAL YEAR 2006.  THE JUNO MISSION WILL BE MANAGED BY THE MARSHALL SPACE FLIGHT CENTER, NEW FRONTIERS PROGRAM OFFICE.  KEY JUNO TEAM MEMBERS INCLUDE DR. BOLTON'S HOME INSTITUTION, THE SOUTHWEST RESEARCH INSTITUTE (SWRI), THE JUNO IMPLEMENTATION TEAM LEADER JET PROPULSION LABORATORY (JPL) AND THE SPACECRAFT BUS PROVIDER THE LOCKHEED MARTIN SPACE SYSTEMS DIVISION (LM/SS).   THE PI'S TEAM AT SWRI NEEDS TO BEGIN WORK ON A SUBSET OF PHASE B ACTIVITIES AS EARLY IN FY06 AS POSSIBLE.  THIS SOW PROVIDES A LIST OF ACTIVITIES THAT ARE NECESSARY TO BEGIN WORK IN FY06 AND THEIR ASSOCIATED DELIVERABLES. THE JUNO MISSION IS A COLLABORATION BETWEEN SOUTHWEST RESEARCH INSTITUTE (SWRI), JPL, LOCKHEED MARTIN (LM), AND A COMPLEMENTARY TEAM OF UNIVERSITIES AND FIELD CENTERS.  THE PRINCIPAL INVESTIGATOR, DR. SCOTT BOLTON, IS AT SOUTHWEST RESEARCH INSTITUTE (SWRI) AND IS RESPONSIBLE TO NASA FOR ALL ASPECTS OF THE MISSION INCLUDING ACHIEVING ALL SCIENTIFIC OBJECTIVES AND MISSION GOALS.  JPL PROVIDES THE PROJECT MANAGER WHO OVERSEES THE DAY-TO-DAY MANAGEMENT OF THE PROJECT AND WILL REPORT TO THE PI. PRINCIPAL INVESTIGATOR (PI) DR. SCOTT BOLTON IS RESPONSIBLE TO NASA FOR MEETING THE SCIENTIFIC OBJECTIVES OF THE JUNO MISSION WITHIN COST AND SCHEDULE.  AS PI, DR. BOLTON HAS DIRECT ACCOUNTABILITY TO THE NASA NEW FRONTIERS PROGRAM OFFICE FOR THE IMPLEMENTATION OF JUNO.  ALL JUNO SCIENCE CO-IS, THE DEPUTY PI AND PROJECT SCIENTIST, THE SCIENCE INVESTIGATION OFFICE MANAGER, THE E/PO EFFORT, THE JUNO ADVISORY BOARD AND THE PM REPORT DIRECTLY TO DR. BOLTON.  THE PI DELEGATES THE DAY-TO-DAY MANAGEMENT OF THE PROJECT TO THE PROJECT MANAGER (PM), RICK GRAMMIER.  THE PROJECT SYSTEM ENGINEER, PAYLOAD MANAGER, FLIGHT SYSTEM MANAGER, MISSION MANAGER, SCIENCE OPS CENTER, BUSINESS MANAGER, LM CONTRACT CTM, AND MISSION ASSURANCE MANAGER ALL REPORT DIRECTLY TO THE PM.",080,NATIONAL AERONAUTICS AND SPACE ADMINISTRATION (NASA),8000,NATIONAL AERONAUTICS AND SPACE ADMINISTRATION,80MSFC,NASA MARSHALL SPACE FLIGHT CENTER,080,NATIONAL AERONAUTICS AND SPACE ADMINISTRATION (NASA),8000,NATIONAL AERONAUTICS AND SPACE ADMINISTRATION,80MSFC,NASA MARSHALL SPACE FLIGHT CENTER,PB11V1KH3KV4,,SOUTHWEST RESEARCH INSTITUTE,SOUTHWEST RESEARCH INSTITUTE,PB11V1KH3KV4,PB11V1KH3KV4,SOUTHWEST RESEARCH INSTITUTE,SOUTHWEST RESEARCH INSTITUTE INC,USA,TX,BEXAR,SAN ANTONIO,TX-20,TX-20,782385100,UNITED STATES,TEXAS,BEXAR,TX-20,TX-20,782385100,,,AR22,R&D- SPACE: SCIENCE/APPLICATIONS (APPLIED RESEARCH/EXPLORATORY DEVELOPMENT),541710,"RESEARCH AND DEVELOPMENT IN THE PHYSICAL, ENGINEERING, AND LIFE SCIENCES",,,https://www.usaspending.gov/award/CONT_AWD_NNM06AA75C_8000_-NONE-_-NONE-/,2019-08-01
National Aeronautics and Space Administration,National Aeronautics and Space Administration,FY2021P05,,080,2020,2021,,0120,000,080-2020/2021-0120-000,"Science, National Aeronautics and Space Administration",National Aeronautics and Space Administration,,"General Science, Space, and Technology","Space flight, research, and supporting activities",080-0120,"Science, National Aeronautics and Space Administration",0001,SCIENCE (DIRECT),25.5,Research and development contracts,D,Q,Not Designated Nonemergency/Emergency/Disaster/Wildfire Suppression,,4723631.75,,,CONT_AWD_NNM06AA75C_8000_-NONE-_-NONE-,NNM06AA75C,,,,2006-02-23,2006,2025-09-05,2025,2006-02-23,2026-08-31,,D,DEFINITIVE CONTRACT,,,"THE NATIONAL AERONAUTICS AND SPACE ADMINISTRATION HAS SELECTED JUNO NEW FRONTIERS MISSION UNDER THE DIRECTION OF PRINCIPAL INVESTIGATOR (PI) DR. SCOTT BOLTON TO CONTINUE DEVELOPMENT WITH THE EXPECTATION THAT THE JUNO MISSION WILL ENTER PHASE B IN EARLY FISCAL YEAR 2006.  THE JUNO MISSION WILL BE MANAGED BY THE MARSHALL SPACE FLIGHT CENTER, NEW FRONTIERS PROGRAM OFFICE.  KEY JUNO TEAM MEMBERS INCLUDE DR. BOLTON'S HOME INSTITUTION, THE SOUTHWEST RESEARCH INSTITUTE (SWRI), THE JUNO IMPLEMENTATION TEAM LEADER JET PROPULSION LABORATORY (JPL) AND THE SPACECRAFT BUS PROVIDER THE LOCKHEED MARTIN SPACE SYSTEMS DIVISION (LM/SS).   THE PI'S TEAM AT SWRI NEEDS TO BEGIN WORK ON A SUBSET OF PHASE B ACTIVITIES AS EARLY IN FY06 AS POSSIBLE.  THIS SOW PROVIDES A LIST OF ACTIVITIES THAT ARE NECESSARY TO BEGIN WORK IN FY06 AND THEIR ASSOCIATED DELIVERABLES. THE JUNO MISSION IS A COLLABORATION BETWEEN SOUTHWEST RESEARCH INSTITUTE (SWRI), JPL, LOCKHEED MARTIN (LM), AND A COMPLEMENTARY TEAM OF UNIVERSITIES AND FIELD CENTERS.  THE PRINCIPAL INVESTIGATOR, DR. SCOTT BOLTON, IS AT SOUTHWEST RESEARCH INSTITUTE (SWRI) AND IS RESPONSIBLE TO NASA FOR ALL ASPECTS OF THE MISSION INCLUDING ACHIEVING ALL SCIENTIFIC OBJECTIVES AND MISSION GOALS.  JPL PROVIDES THE PROJECT MANAGER WHO OVERSEES THE DAY-TO-DAY MANAGEMENT OF THE PROJECT AND WILL REPORT TO THE PI. PRINCIPAL INVESTIGATOR (PI) DR. SCOTT BOLTON IS RESPONSIBLE TO NASA FOR MEETING THE SCIENTIFIC OBJECTIVES OF THE JUNO MISSION WITHIN COST AND SCHEDULE.  AS PI, DR. BOLTON HAS DIRECT ACCOUNTABILITY TO THE NASA NEW FRONTIERS PROGRAM OFFICE FOR THE IMPLEMENTATION OF JUNO.  ALL JUNO SCIENCE CO-IS, THE DEPUTY PI AND PROJECT SCIENTIST, THE SCIENCE INVESTIGATION OFFICE MANAGER, THE E/PO EFFORT, THE JUNO ADVISORY BOARD AND THE PM REPORT DIRECTLY TO DR. BOLTON.  THE PI DELEGATES THE DAY-TO-DAY MANAGEMENT OF THE PROJECT TO THE PROJECT MANAGER (PM), RICK GRAMMIER.  THE PROJECT SYSTEM ENGINEER, PAYLOAD MANAGER, FLIGHT SYSTEM MANAGER, MISSION MANAGER, SCIENCE OPS CENTER, BUSINESS MANAGER, LM CONTRACT CTM, AND MISSION ASSURANCE MANAGER ALL REPORT DIRECTLY TO THE PM.",080,NATIONAL AERONAUTICS AND SPACE ADMINISTRATION (NASA),8000,NATIONAL AERONAUTICS AND SPACE ADMINISTRATION,80MSFC,NASA MARSHALL SPACE FLIGHT CENTER,080,NATIONAL AERONAUTICS AND SPACE ADMINISTRATION (NASA),8000,NATIONAL AERONAUTICS AND SPACE ADMINISTRATION,80MSFC,NASA MARSHALL SPACE FLIGHT CENTER,PB11V1KH3KV4,,SOUTHWEST RESEARCH INSTITUTE,SOUTHWEST RESEARCH INSTITUTE,PB11V1KH3KV4,PB11V1KH3KV4,SOUTHWEST RESEARCH INSTITUTE,SOUTHWEST RESEARCH INSTITUTE INC,USA,TX,BEXAR,SAN ANTONIO,TX-20,TX-20,782385100,UNITED STATES,TEXAS,BEXAR,TX-20,TX-20,782385100,,,AR22,R&D- SPACE: SCIENCE/APPLICATIONS (APPLIED RESEARCH/EXPLORATORY DEVELOPMENT),541710,"RESEARCH AND DEVELOPMENT IN THE PHYSICAL, ENGINEERING, AND LIFE SCIENCES",,,https://www.usaspending.gov/award/CONT_AWD_NNM06AA75C_8000_-NONE-_-NONE-/,2021-03-26
National Aeronautics and Space Administration,National Aeronautics and Space Administration,FY2021P05,,080,2021,2022,,0120,000,080-2021/2022-0120-000,"Science, National Aeronautics and Space Administration",National Aeronautics and Space Administration,,"General Science, Space, and Technology","Space flight, research, and supporting activities",080-0120,"Science, National Aeronautics and Space Administration",0001,SCIENCE (DIRECT),25.5,Research and development contracts,D,Q,Not Designated Nonemergency/Emergency/Disaster/Wildfire Suppression,10497850.00,,,,CONT_AWD_NNM06AA75C_8000_-NONE-_-NONE-,NNM06AA75C,,,,2006-02-23,2006,2025-09-05,2025,2006-02-23,2026-08-31,,D,DEFINITIVE CONTRACT,,,"THE NATIONAL AERONAUTICS AND SPACE ADMINISTRATION HAS SELECTED JUNO NEW FRONTIERS MISSION UNDER THE DIRECTION OF PRINCIPAL INVESTIGATOR (PI) DR. SCOTT BOLTON TO CONTINUE DEVELOPMENT WITH THE EXPECTATION THAT THE JUNO MISSION WILL ENTER PHASE B IN EARLY FISCAL YEAR 2006.  THE JUNO MISSION WILL BE MANAGED BY THE MARSHALL SPACE FLIGHT CENTER, NEW FRONTIERS PROGRAM OFFICE.  KEY JUNO TEAM MEMBERS INCLUDE DR. BOLTON'S HOME INSTITUTION, THE SOUTHWEST RESEARCH INSTITUTE (SWRI), THE JUNO IMPLEMENTATION TEAM LEADER JET PROPULSION LABORATORY (JPL) AND THE SPACECRAFT BUS PROVIDER THE LOCKHEED MARTIN SPACE SYSTEMS DIVISION (LM/SS).   THE PI'S TEAM AT SWRI NEEDS TO BEGIN WORK ON A SUBSET OF PHASE B ACTIVITIES AS EARLY IN FY06 AS POSSIBLE.  THIS SOW PROVIDES A LIST OF ACTIVITIES THAT ARE NECESSARY TO BEGIN WORK IN FY06 AND THEIR ASSOCIATED DELIVERABLES. THE JUNO MISSION IS A COLLABORATION BETWEEN SOUTHWEST RESEARCH INSTITUTE (SWRI), JPL, LOCKHEED MARTIN (LM), AND A COMPLEMENTARY TEAM OF UNIVERSITIES AND FIELD CENTERS.  THE PRINCIPAL INVESTIGATOR, DR. SCOTT BOLTON, IS AT SOUTHWEST RESEARCH INSTITUTE (SWRI) AND IS RESPONSIBLE TO NASA FOR ALL ASPECTS OF THE MISSION INCLUDING ACHIEVING ALL SCIENTIFIC OBJECTIVES AND MISSION GOALS.  JPL PROVIDES THE PROJECT MANAGER WHO OVERSEES THE DAY-TO-DAY MANAGEMENT OF THE PROJECT AND WILL REPORT TO THE PI. PRINCIPAL INVESTIGATOR (PI) DR. SCOTT BOLTON IS RESPONSIBLE TO NASA FOR MEETING THE SCIENTIFIC OBJECTIVES OF THE JUNO MISSION WITHIN COST AND SCHEDULE.  AS PI, DR. BOLTON HAS DIRECT ACCOUNTABILITY TO THE NASA NEW FRONTIERS PROGRAM OFFICE FOR THE IMPLEMENTATION OF JUNO.  ALL JUNO SCIENCE CO-IS, THE DEPUTY PI AND PROJECT SCIENTIST, THE SCIENCE INVESTIGATION OFFICE MANAGER, THE E/PO EFFORT, THE JUNO ADVISORY BOARD AND THE PM REPORT DIRECTLY TO DR. BOLTON.  THE PI DELEGATES THE DAY-TO-DAY MANAGEMENT OF THE PROJECT TO THE PROJECT MANAGER (PM), RICK GRAMMIER.  THE PROJECT SYSTEM ENGINEER, PAYLOAD MANAGER, FLIGHT SYSTEM MANAGER, MISSION MANAGER, SCIENCE OPS CENTER, BUSINESS MANAGER, LM CONTRACT CTM, AND MISSION ASSURANCE MANAGER ALL REPORT DIRECTLY TO THE PM.",080,NATIONAL AERONAUTICS AND SPACE ADMINISTRATION (NASA),8000,NATIONAL AERONAUTICS AND SPACE ADMINISTRATION,80MSFC,NASA MARSHALL SPACE FLIGHT CENTER,080,NATIONAL AERONAUTICS AND SPACE ADMINISTRATION (NASA),8000,NATIONAL AERONAUTICS AND SPACE ADMINISTRATION,80MSFC,NASA MARSHALL SPACE FLIGHT CENTER,PB11V1KH3KV4,,SOUTHWEST RESEARCH INSTITUTE,SOUTHWEST RESEARCH INSTITUTE,PB11V1KH3KV4,PB11V1KH3KV4,SOUTHWEST RESEARCH INSTITUTE,SOUTHWEST RESEARCH INSTITUTE INC,USA,TX,BEXAR,SAN ANTONIO,TX-20,TX-20,782385100,UNITED STATES,TEXAS,BEXAR,TX-20,TX-20,782385100,,,AR22,R&D- SPACE: SCIENCE/APPLICATIONS (APPLIED RESEARCH/EXPLORATORY DEVELOPMENT),541710,"RESEARCH AND DEVELOPMENT IN THE PHYSICAL, ENGINEERING, AND LIFE SCIENCES",,,https://www.usaspending.gov/award/CONT_AWD_NNM06AA75C_8000_-NONE-_-NONE-/,2021-03-26
National Aeronautics and Space Administration,National Aeronautics and Space Administration,FY2021P05,,080,2021,2022,,0120,000,080-2021/2022-0120-000,"Science, National Aeronautics and Space Administration",National Aeronautics and Space Administration,,"General Science, Space, and Technology","Space flight, research, and supporting activities",080-0120,"Science, National Aeronautics and Space Administration",0001,SCIENCE (DIRECT),25.5,Research and development contracts,D,Q,Not Designated Nonemergency/Emergency/Disaster/Wildfire Suppression,,173882.56,,,CONT_AWD_NNM06AA75C_8000_-NONE-_-NONE-,NNM06AA75C,,,,2006-02-23,2006,2025-09-05,2025,2006-02-23,2026-08-31,,D,DEFINITIVE CONTRACT,,,"THE NATIONAL AERONAUTICS AND SPACE ADMINISTRATION HAS SELECTED JUNO NEW FRONTIERS MISSION UNDER THE DIRECTION OF PRINCIPAL INVESTIGATOR (PI) DR. SCOTT BOLTON TO CONTINUE DEVELOPMENT WITH THE EXPECTATION THAT THE JUNO MISSION WILL ENTER PHASE B IN EARLY FISCAL YEAR 2006.  THE JUNO MISSION WILL BE MANAGED BY THE MARSHALL SPACE FLIGHT CENTER, NEW FRONTIERS PROGRAM OFFICE.  KEY JUNO TEAM MEMBERS INCLUDE DR. BOLTON'S HOME INSTITUTION, THE SOUTHWEST RESEARCH INSTITUTE (SWRI), THE JUNO IMPLEMENTATION TEAM LEADER JET PROPULSION LABORATORY (JPL) AND THE SPACECRAFT BUS PROVIDER THE LOCKHEED MARTIN SPACE SYSTEMS DIVISION (LM/SS).   THE PI'S TEAM AT SWRI NEEDS TO BEGIN WORK ON A SUBSET OF PHASE B ACTIVITIES AS EARLY IN FY06 AS POSSIBLE.  THIS SOW PROVIDES A LIST OF ACTIVITIES THAT ARE NECESSARY TO BEGIN WORK IN FY06 AND THEIR ASSOCIATED DELIVERABLES. THE JUNO MISSION IS A COLLABORATION BETWEEN SOUTHWEST RESEARCH INSTITUTE (SWRI), JPL, LOCKHEED MARTIN (LM), AND A COMPLEMENTARY TEAM OF UNIVERSITIES AND FIELD CENTERS.  THE PRINCIPAL INVESTIGATOR, DR. SCOTT BOLTON, IS AT SOUTHWEST RESEARCH INSTITUTE (SWRI) AND IS RESPONSIBLE TO NASA FOR ALL ASPECTS OF THE MISSION INCLUDING ACHIEVING ALL SCIENTIFIC OBJECTIVES AND MISSION GOALS.  JPL PROVIDES THE PROJECT MANAGER WHO OVERSEES THE DAY-TO-DAY MANAGEMENT OF THE PROJECT AND WILL REPORT TO THE PI. PRINCIPAL INVESTIGATOR (PI) DR. SCOTT BOLTON IS RESPONSIBLE TO NASA FOR MEETING THE SCIENTIFIC OBJECTIVES OF THE JUNO MISSION WITHIN COST AND SCHEDULE.  AS PI, DR. BOLTON HAS DIRECT ACCOUNTABILITY TO THE NASA NEW FRONTIERS PROGRAM OFFICE FOR THE IMPLEMENTATION OF JUNO.  ALL JUNO SCIENCE CO-IS, THE DEPUTY PI AND PROJECT SCIENTIST, THE SCIENCE INVESTIGATION OFFICE MANAGER, THE E/PO EFFORT, THE JUNO ADVISORY BOARD AND THE PM REPORT DIRECTLY TO DR. BOLTON.  THE PI DELEGATES THE DAY-TO-DAY MANAGEMENT OF THE PROJECT TO THE PROJECT MANAGER (PM), RICK GRAMMIER.  THE PROJECT SYSTEM ENGINEER, PAYLOAD MANAGER, FLIGHT SYSTEM MANAGER, MISSION MANAGER, SCIENCE OPS CENTER, BUSINESS MANAGER, LM CONTRACT CTM, AND MISSION ASSURANCE MANAGER ALL REPORT DIRECTLY TO THE PM.",080,NATIONAL AERONAUTICS AND SPACE ADMINISTRATION (NASA),8000,NATIONAL AERONAUTICS AND SPACE ADMINISTRATION,80MSFC,NASA MARSHALL SPACE FLIGHT CENTER,080,NATIONAL AERONAUTICS AND SPACE ADMINISTRATION (NASA),8000,NATIONAL AERONAUTICS AND SPACE ADMINISTRATION,80MSFC,NASA MARSHALL SPACE FLIGHT CENTER,PB11V1KH3KV4,,SOUTHWEST RESEARCH INSTITUTE,SOUTHWEST RESEARCH INSTITUTE,PB11V1KH3KV4,PB11V1KH3KV4,SOUTHWEST RESEARCH INSTITUTE,SOUTHWEST RESEARCH INSTITUTE INC,USA,TX,BEXAR,SAN ANTONIO,TX-20,TX-20,782385100,UNITED STATES,TEXAS,BEXAR,TX-20,TX-20,782385100,,,AR22,R&D- SPACE: SCIENCE/APPLICATIONS (APPLIED RESEARCH/EXPLORATORY DEVELOPMENT),541710,"RESEARCH AND DEVELOPMENT IN THE PHYSICAL, ENGINEERING, AND LIFE SCIENCES",,,https://www.usaspending.gov/award/CONT_AWD_NNM06AA75C_8000_-NONE-_-NONE-/,2021-03-26
National Aeronautics and Space Administration,National Aeronautics and Space Administration,FY2021P06,,080,2020,2021,,0120,000,080-2020/2021-0120-000,"Science, National Aeronautics and Space Administration",National Aeronautics and Space Administration,,"General Science, Space, and Technology","Space flight, research, and supporting activities",080-0120,"Science, National Aeronautics and Space Administration",0001,SCIENCE (DIRECT),25.5,Research and development contracts,D,Q,Not Designated Nonemergency/Emergency/Disaster/Wildfire Suppression,,4723631.75,,,CONT_AWD_NNM06AA75C_8000_-NONE-_-NONE-,NNM06AA75C,,,,2006-02-23,2006,2025-09-05,2025,2006-02-23,2026-08-31,,D,DEFINITIVE CONTRACT,,,"THE NATIONAL AERONAUTICS AND SPACE ADMINISTRATION HAS SELECTED JUNO NEW FRONTIERS MISSION UNDER THE DIRECTION OF PRINCIPAL INVESTIGATOR (PI) DR. SCOTT BOLTON TO CONTINUE DEVELOPMENT WITH THE EXPECTATION THAT THE JUNO MISSION WILL ENTER PHASE B IN EARLY FISCAL YEAR 2006.  THE JUNO MISSION WILL BE MANAGED BY THE MARSHALL SPACE FLIGHT CENTER, NEW FRONTIERS PROGRAM OFFICE.  KEY JUNO TEAM MEMBERS INCLUDE DR. BOLTON'S HOME INSTITUTION, THE SOUTHWEST RESEARCH INSTITUTE (SWRI), THE JUNO IMPLEMENTATION TEAM LEADER JET PROPULSION LABORATORY (JPL) AND THE SPACECRAFT BUS PROVIDER THE LOCKHEED MARTIN SPACE SYSTEMS DIVISION (LM/SS).   THE PI'S TEAM AT SWRI NEEDS TO BEGIN WORK ON A SUBSET OF PHASE B ACTIVITIES AS EARLY IN FY06 AS POSSIBLE.  THIS SOW PROVIDES A LIST OF ACTIVITIES THAT ARE NECESSARY TO BEGIN WORK IN FY06 AND THEIR ASSOCIATED DELIVERABLES. THE JUNO MISSION IS A COLLABORATION BETWEEN SOUTHWEST RESEARCH INSTITUTE (SWRI), JPL, LOCKHEED MARTIN (LM), AND A COMPLEMENTARY TEAM OF UNIVERSITIES AND FIELD CENTERS.  THE PRINCIPAL INVESTIGATOR, DR. SCOTT BOLTON, IS AT SOUTHWEST RESEARCH INSTITUTE (SWRI) AND IS RESPONSIBLE TO NASA FOR ALL ASPECTS OF THE MISSION INCLUDING ACHIEVING ALL SCIENTIFIC OBJECTIVES AND MISSION GOALS.  JPL PROVIDES THE PROJECT MANAGER WHO OVERSEES THE DAY-TO-DAY MANAGEMENT OF THE PROJECT AND WILL REPORT TO THE PI. PRINCIPAL INVESTIGATOR (PI) DR. SCOTT BOLTON IS RESPONSIBLE TO NASA FOR MEETING THE SCIENTIFIC OBJECTIVES OF THE JUNO MISSION WITHIN COST AND SCHEDULE.  AS PI, DR. BOLTON HAS DIRECT ACCOUNTABILITY TO THE NASA NEW FRONTIERS PROGRAM OFFICE FOR THE IMPLEMENTATION OF JUNO.  ALL JUNO SCIENCE CO-IS, THE DEPUTY PI AND PROJECT SCIENTIST, THE SCIENCE INVESTIGATION OFFICE MANAGER, THE E/PO EFFORT, THE JUNO ADVISORY BOARD AND THE PM REPORT DIRECTLY TO DR. BOLTON.  THE PI DELEGATES THE DAY-TO-DAY MANAGEMENT OF THE PROJECT TO THE PROJECT MANAGER (PM), RICK GRAMMIER.  THE PROJECT SYSTEM ENGINEER, PAYLOAD MANAGER, FLIGHT SYSTEM MANAGER, MISSION MANAGER, SCIENCE OPS CENTER, BUSINESS MANAGER, LM CONTRACT CTM, AND MISSION ASSURANCE MANAGER ALL REPORT DIRECTLY TO THE PM.",080,NATIONAL AERONAUTICS AND SPACE ADMINISTRATION (NASA),8000,NATIONAL AERONAUTICS AND SPACE ADMINISTRATION,80MSFC,NASA MARSHALL SPACE FLIGHT CENTER,080,NATIONAL AERONAUTICS AND SPACE ADMINISTRATION (NASA),8000,NATIONAL AERONAUTICS AND SPACE ADMINISTRATION,80MSFC,NASA MARSHALL SPACE FLIGHT CENTER,PB11V1KH3KV4,,SOUTHWEST RESEARCH INSTITUTE,SOUTHWEST RESEARCH INSTITUTE,PB11V1KH3KV4,PB11V1KH3KV4,SOUTHWEST RESEARCH INSTITUTE,SOUTHWEST RESEARCH INSTITUTE INC,USA,TX,BEXAR,SAN ANTONIO,TX-20,TX-20,782385100,UNITED STATES,TEXAS,BEXAR,TX-20,TX-20,782385100,,,AR22,R&D- SPACE: SCIENCE/APPLICATIONS (APPLIED RESEARCH/EXPLORATORY DEVELOPMENT),541710,"RESEARCH AND DEVELOPMENT IN THE PHYSICAL, ENGINEERING, AND LIFE SCIENCES",,,https://www.usaspending.gov/award/CONT_AWD_NNM06AA75C_8000_-NONE-_-NONE-/,2021-04-25
National Aeronautics and Space Administration,National Aeronautics and Space Administration,FY2021P06,,080,2021,2022,,0120,000,080-2021/2022-0120-000,"Science, National Aeronautics and Space Administration",National Aeronautics and Space Administration,,"General Science, Space, and Technology","Space flight, research, and supporting activities",080-0120,"Science, National Aeronautics and Space Administration",0001,SCIENCE (DIRECT),25.5,Research and development contracts,D,Q,Not Designated Nonemergency/Emergency/Disaster/Wildfire Suppression,,885083.57,,,CONT_AWD_NNM06AA75C_8000_-NONE-_-NONE-,NNM06AA75C,,,,2006-02-23,2006,2025-09-05,2025,2006-02-23,2026-08-31,,D,DEFINITIVE CONTRACT,,,"THE NATIONAL AERONAUTICS AND SPACE ADMINISTRATION HAS SELECTED JUNO NEW FRONTIERS MISSION UNDER THE DIRECTION OF PRINCIPAL INVESTIGATOR (PI) DR. SCOTT BOLTON TO CONTINUE DEVELOPMENT WITH THE EXPECTATION THAT THE JUNO MISSION WILL ENTER PHASE B IN EARLY FISCAL YEAR 2006.  THE JUNO MISSION WILL BE MANAGED BY THE MARSHALL SPACE FLIGHT CENTER, NEW FRONTIERS PROGRAM OFFICE.  KEY JUNO TEAM MEMBERS INCLUDE DR. BOLTON'S HOME INSTITUTION, THE SOUTHWEST RESEARCH INSTITUTE (SWRI), THE JUNO IMPLEMENTATION TEAM LEADER JET PROPULSION LABORATORY (JPL) AND THE SPACECRAFT BUS PROVIDER THE LOCKHEED MARTIN SPACE SYSTEMS DIVISION (LM/SS).   THE PI'S TEAM AT SWRI NEEDS TO BEGIN WORK ON A SUBSET OF PHASE B ACTIVITIES AS EARLY IN FY06 AS POSSIBLE.  THIS SOW PROVIDES A LIST OF ACTIVITIES THAT ARE NECESSARY TO BEGIN WORK IN FY06 AND THEIR ASSOCIATED DELIVERABLES. THE JUNO MISSION IS A COLLABORATION BETWEEN SOUTHWEST RESEARCH INSTITUTE (SWRI), JPL, LOCKHEED MARTIN (LM), AND A COMPLEMENTARY TEAM OF UNIVERSITIES AND FIELD CENTERS.  THE PRINCIPAL INVESTIGATOR, DR. SCOTT BOLTON, IS AT SOUTHWEST RESEARCH INSTITUTE (SWRI) AND IS RESPONSIBLE TO NASA FOR ALL ASPECTS OF THE MISSION INCLUDING ACHIEVING ALL SCIENTIFIC OBJECTIVES AND MISSION GOALS.  JPL PROVIDES THE PROJECT MANAGER WHO OVERSEES THE DAY-TO-DAY MANAGEMENT OF THE PROJECT AND WILL REPORT TO THE PI. PRINCIPAL INVESTIGATOR (PI) DR. SCOTT BOLTON IS RESPONSIBLE TO NASA FOR MEETING THE SCIENTIFIC OBJECTIVES OF THE JUNO MISSION WITHIN COST AND SCHEDULE.  AS PI, DR. BOLTON HAS DIRECT ACCOUNTABILITY TO THE NASA NEW FRONTIERS PROGRAM OFFICE FOR THE IMPLEMENTATION OF JUNO.  ALL JUNO SCIENCE CO-IS, THE DEPUTY PI AND PROJECT SCIENTIST, THE SCIENCE INVESTIGATION OFFICE MANAGER, THE E/PO EFFORT, THE JUNO ADVISORY BOARD AND THE PM REPORT DIRECTLY TO DR. BOLTON.  THE PI DELEGATES THE DAY-TO-DAY MANAGEMENT OF THE PROJECT TO THE PROJECT MANAGER (PM), RICK GRAMMIER.  THE PROJECT SYSTEM ENGINEER, PAYLOAD MANAGER, FLIGHT SYSTEM MANAGER, MISSION MANAGER, SCIENCE OPS CENTER, BUSINESS MANAGER, LM CONTRACT CTM, AND MISSION ASSURANCE MANAGER ALL REPORT DIRECTLY TO THE PM.",080,NATIONAL AERONAUTICS AND SPACE ADMINISTRATION (NASA),8000,NATIONAL AERONAUTICS AND SPACE ADMINISTRATION,80MSFC,NASA MARSHALL SPACE FLIGHT CENTER,080,NATIONAL AERONAUTICS AND SPACE ADMINISTRATION (NASA),8000,NATIONAL AERONAUTICS AND SPACE ADMINISTRATION,80MSFC,NASA MARSHALL SPACE FLIGHT CENTER,PB11V1KH3KV4,,SOUTHWEST RESEARCH INSTITUTE,SOUTHWEST RESEARCH INSTITUTE,PB11V1KH3KV4,PB11V1KH3KV4,SOUTHWEST RESEARCH INSTITUTE,SOUTHWEST RESEARCH INSTITUTE INC,USA,TX,BEXAR,SAN ANTONIO,TX-20,TX-20,782385100,UNITED STATES,TEXAS,BEXAR,TX-20,TX-20,782385100,,,AR22,R&D- SPACE: SCIENCE/APPLICATIONS (APPLIED RESEARCH/EXPLORATORY DEVELOPMENT),541710,"RESEARCH AND DEVELOPMENT IN THE PHYSICAL, ENGINEERING, AND LIFE SCIENCES",,,https://www.usaspending.gov/award/CONT_AWD_NNM06AA75C_8000_-NONE-_-NONE-/,2021-04-25
National Aeronautics and Space Administration,National Aeronautics and Space Administration,FY2021P07,,080,2020,2021,,0120,000,080-2020/2021-0120-000,"Science, National Aeronautics and Space Administration",National Aeronautics and Space Administration,,"General Science, Space, and Technology","Space flight, research, and supporting activities",080-0120,"Science, National Aeronautics and Space Administration",0001,SCIENCE (DIRECT),25.5,Research and development contracts,D,Q,Not Designated Nonemergency/Emergency/Disaster/Wildfire Suppression,,4723631.75,,,CONT_AWD_NNM06AA75C_8000_-NONE-_-NONE-,NNM06AA75C,,,,2006-02-23,2006,2025-09-05,2025,2006-02-23,2026-08-31,,D,DEFINITIVE CONTRACT,,,"THE NATIONAL AERONAUTICS AND SPACE ADMINISTRATION HAS SELECTED JUNO NEW FRONTIERS MISSION UNDER THE DIRECTION OF PRINCIPAL INVESTIGATOR (PI) DR. SCOTT BOLTON TO CONTINUE DEVELOPMENT WITH THE EXPECTATION THAT THE JUNO MISSION WILL ENTER PHASE B IN EARLY FISCAL YEAR 2006.  THE JUNO MISSION WILL BE MANAGED BY THE MARSHALL SPACE FLIGHT CENTER, NEW FRONTIERS PROGRAM OFFICE.  KEY JUNO TEAM MEMBERS INCLUDE DR. BOLTON'S HOME INSTITUTION, THE SOUTHWEST RESEARCH INSTITUTE (SWRI), THE JUNO IMPLEMENTATION TEAM LEADER JET PROPULSION LABORATORY (JPL) AND THE SPACECRAFT BUS PROVIDER THE LOCKHEED MARTIN SPACE SYSTEMS DIVISION (LM/SS).   THE PI'S TEAM AT SWRI NEEDS TO BEGIN WORK ON A SUBSET OF PHASE B ACTIVITIES AS EARLY IN FY06 AS POSSIBLE.  THIS SOW PROVIDES A LIST OF ACTIVITIES THAT ARE NECESSARY TO BEGIN WORK IN FY06 AND THEIR ASSOCIATED DELIVERABLES. THE JUNO MISSION IS A COLLABORATION BETWEEN SOUTHWEST RESEARCH INSTITUTE (SWRI), JPL, LOCKHEED MARTIN (LM), AND A COMPLEMENTARY TEAM OF UNIVERSITIES AND FIELD CENTERS.  THE PRINCIPAL INVESTIGATOR, DR. SCOTT BOLTON, IS AT SOUTHWEST RESEARCH INSTITUTE (SWRI) AND IS RESPONSIBLE TO NASA FOR ALL ASPECTS OF THE MISSION INCLUDING ACHIEVING ALL SCIENTIFIC OBJECTIVES AND MISSION GOALS.  JPL PROVIDES THE PROJECT MANAGER WHO OVERSEES THE DAY-TO-DAY MANAGEMENT OF THE PROJECT AND WILL REPORT TO THE PI. PRINCIPAL INVESTIGATOR (PI) DR. SCOTT BOLTON IS RESPONSIBLE TO NASA FOR MEETING THE SCIENTIFIC OBJECTIVES OF THE JUNO MISSION WITHIN COST AND SCHEDULE.  AS PI, DR. BOLTON HAS DIRECT ACCOUNTABILITY TO THE NASA NEW FRONTIERS PROGRAM OFFICE FOR THE IMPLEMENTATION OF JUNO.  ALL JUNO SCIENCE CO-IS, THE DEPUTY PI AND PROJECT SCIENTIST, THE SCIENCE INVESTIGATION OFFICE MANAGER, THE E/PO EFFORT, THE JUNO ADVISORY BOARD AND THE PM REPORT DIRECTLY TO DR. BOLTON.  THE PI DELEGATES THE DAY-TO-DAY MANAGEMENT OF THE PROJECT TO THE PROJECT MANAGER (PM), RICK GRAMMIER.  THE PROJECT SYSTEM ENGINEER, PAYLOAD MANAGER, FLIGHT SYSTEM MANAGER, MISSION MANAGER, SCIENCE OPS CENTER, BUSINESS MANAGER, LM CONTRACT CTM, AND MISSION ASSURANCE MANAGER ALL REPORT DIRECTLY TO THE PM.",080,NATIONAL AERONAUTICS AND SPACE ADMINISTRATION (NASA),8000,NATIONAL AERONAUTICS AND SPACE ADMINISTRATION,80MSFC,NASA MARSHALL SPACE FLIGHT CENTER,080,NATIONAL AERONAUTICS AND SPACE ADMINISTRATION (NASA),8000,NATIONAL AERONAUTICS AND SPACE ADMINISTRATION,80MSFC,NASA MARSHALL SPACE FLIGHT CENTER,PB11V1KH3KV4,,SOUTHWEST RESEARCH INSTITUTE,SOUTHWEST RESEARCH INSTITUTE,PB11V1KH3KV4,PB11V1KH3KV4,SOUTHWEST RESEARCH INSTITUTE,SOUTHWEST RESEARCH INSTITUTE INC,USA,TX,BEXAR,SAN ANTONIO,TX-20,TX-20,782385100,UNITED STATES,TEXAS,BEXAR,TX-20,TX-20,782385100,,,AR22,R&D- SPACE: SCIENCE/APPLICATIONS (APPLIED RESEARCH/EXPLORATORY DEVELOPMENT),541710,"RESEARCH AND DEVELOPMENT IN THE PHYSICAL, ENGINEERING, AND LIFE SCIENCES",,,https://www.usaspending.gov/award/CONT_AWD_NNM06AA75C_8000_-NONE-_-NONE-/,2021-05-26
National Aeronautics and Space Administration,National Aeronautics and Space Administration,FY2021P07,,080,2021,2022,,0120,000,080-2021/2022-0120-000,"Science, National Aeronautics and Space Administration",National Aeronautics and Space Administration,,"General Science, Space, and Technology","Space flight, research, and supporting activities",080-0120,"Science, National Aeronautics and Space Administration",0001,SCIENCE (DIRECT),25.5,Research and development contracts,D,Q,Not Designated Nonemergency/Emergency/Disaster/Wildfire Suppression,,1516931.49,,,CONT_AWD_NNM06AA75C_8000_-NONE-_-NONE-,NNM06AA75C,,,,2006-02-23,2006,2025-09-05,2025,2006-02-23,2026-08-31,,D,DEFINITIVE CONTRACT,,,"THE NATIONAL AERONAUTICS AND SPACE ADMINISTRATION HAS SELECTED JUNO NEW FRONTIERS MISSION UNDER THE DIRECTION OF PRINCIPAL INVESTIGATOR (PI) DR. SCOTT BOLTON TO CONTINUE DEVELOPMENT WITH THE EXPECTATION THAT THE JUNO MISSION WILL ENTER PHASE B IN EARLY FISCAL YEAR 2006.  THE JUNO MISSION WILL BE MANAGED BY THE MARSHALL SPACE FLIGHT CENTER, NEW FRONTIERS PROGRAM OFFICE.  KEY JUNO TEAM MEMBERS INCLUDE DR. BOLTON'S HOME INSTITUTION, THE SOUTHWEST RESEARCH INSTITUTE (SWRI), THE JUNO IMPLEMENTATION TEAM LEADER JET PROPULSION LABORATORY (JPL) AND THE SPACECRAFT BUS PROVIDER THE LOCKHEED MARTIN SPACE SYSTEMS DIVISION (LM/SS).   THE PI'S TEAM AT SWRI NEEDS TO BEGIN WORK ON A SUBSET OF PHASE B ACTIVITIES AS EARLY IN FY06 AS POSSIBLE.  THIS SOW PROVIDES A LIST OF ACTIVITIES THAT ARE NECESSARY TO BEGIN WORK IN FY06 AND THEIR ASSOCIATED DELIVERABLES. THE JUNO MISSION IS A COLLABORATION BETWEEN SOUTHWEST RESEARCH INSTITUTE (SWRI), JPL, LOCKHEED MARTIN (LM), AND A COMPLEMENTARY TEAM OF UNIVERSITIES AND FIELD CENTERS.  THE PRINCIPAL INVESTIGATOR, DR. SCOTT BOLTON, IS AT SOUTHWEST RESEARCH INSTITUTE (SWRI) AND IS RESPONSIBLE TO NASA FOR ALL ASPECTS OF THE MISSION INCLUDING ACHIEVING ALL SCIENTIFIC OBJECTIVES AND MISSION GOALS.  JPL PROVIDES THE PROJECT MANAGER WHO OVERSEES THE DAY-TO-DAY MANAGEMENT OF THE PROJECT AND WILL REPORT TO THE PI. PRINCIPAL INVESTIGATOR (PI) DR. SCOTT BOLTON IS RESPONSIBLE TO NASA FOR MEETING THE SCIENTIFIC OBJECTIVES OF THE JUNO MISSION WITHIN COST AND SCHEDULE.  AS PI, DR. BOLTON HAS DIRECT ACCOUNTABILITY TO THE NASA NEW FRONTIERS PROGRAM OFFICE FOR THE IMPLEMENTATION OF JUNO.  ALL JUNO SCIENCE CO-IS, THE DEPUTY PI AND PROJECT SCIENTIST, THE SCIENCE INVESTIGATION OFFICE MANAGER, THE E/PO EFFORT, THE JUNO ADVISORY BOARD AND THE PM REPORT DIRECTLY TO DR. BOLTON.  THE PI DELEGATES THE DAY-TO-DAY MANAGEMENT OF THE PROJECT TO THE PROJECT MANAGER (PM), RICK GRAMMIER.  THE PROJECT SYSTEM ENGINEER, PAYLOAD MANAGER, FLIGHT SYSTEM MANAGER, MISSION MANAGER, SCIENCE OPS CENTER, BUSINESS MANAGER, LM CONTRACT CTM, AND MISSION ASSURANCE MANAGER ALL REPORT DIRECTLY TO THE PM.",080,NATIONAL AERONAUTICS AND SPACE ADMINISTRATION (NASA),8000,NATIONAL AERONAUTICS AND SPACE ADMINISTRATION,80MSFC,NASA MARSHALL SPACE FLIGHT CENTER,080,NATIONAL AERONAUTICS AND SPACE ADMINISTRATION (NASA),8000,NATIONAL AERONAUTICS AND SPACE ADMINISTRATION,80MSFC,NASA MARSHALL SPACE FLIGHT CENTER,PB11V1KH3KV4,,SOUTHWEST RESEARCH INSTITUTE,SOUTHWEST RESEARCH INSTITUTE,PB11V1KH3KV4,PB11V1KH3KV4,SOUTHWEST RESEARCH INSTITUTE,SOUTHWEST RESEARCH INSTITUTE INC,USA,TX,BEXAR,SAN ANTONIO,TX-20,TX-20,782385100,UNITED STATES,TEXAS,BEXAR,TX-20,TX-20,782385100,,,AR22,R&D- SPACE: SCIENCE/APPLICATIONS (APPLIED RESEARCH/EXPLORATORY DEVELOPMENT),541710,"RESEARCH AND DEVELOPMENT IN THE PHYSICAL, ENGINEERING, AND LIFE SCIENCES",,,https://www.usaspending.gov/award/CONT_AWD_NNM06AA75C_8000_-NONE-_-NONE-/,2021-05-26
National Aeronautics and Space Administration,National Aeronautics and Space Administration,FY2021P08,,080,2021,2022,,0120,000,080-2021/2022-0120-000,"Science, National Aeronautics and Space Administration",National Aeronautics and Space Administration,,"General Science, Space, and Technology","Space flight, research, and supporting activities",080-0120,"Science, National Aeronautics and Space Administration",0001,SCIENCE (DIRECT),25.5,Research and development contracts,D,Q,Not Designated Nonemergency/Emergency/Disaster/Wildfire Suppression,,2209226.72,,,CONT_AWD_NNM06AA75C_8000_-NONE-_-NONE-,NNM06AA75C,,,,2006-02-23,2006,2025-09-05,2025,2006-02-23,2026-08-31,,D,DEFINITIVE CONTRACT,,,"THE NATIONAL AERONAUTICS AND SPACE ADMINISTRATION HAS SELECTED JUNO NEW FRONTIERS MISSION UNDER THE DIRECTION OF PRINCIPAL INVESTIGATOR (PI) DR. SCOTT BOLTON TO CONTINUE DEVELOPMENT WITH THE EXPECTATION THAT THE JUNO MISSION WILL ENTER PHASE B IN EARLY FISCAL YEAR 2006.  THE JUNO MISSION WILL BE MANAGED BY THE MARSHALL SPACE FLIGHT CENTER, NEW FRONTIERS PROGRAM OFFICE.  KEY JUNO TEAM MEMBERS INCLUDE DR. BOLTON'S HOME INSTITUTION, THE SOUTHWEST RESEARCH INSTITUTE (SWRI), THE JUNO IMPLEMENTATION TEAM LEADER JET PROPULSION LABORATORY (JPL) AND THE SPACECRAFT BUS PROVIDER THE LOCKHEED MARTIN SPACE SYSTEMS DIVISION (LM/SS).   THE PI'S TEAM AT SWRI NEEDS TO BEGIN WORK ON A SUBSET OF PHASE B ACTIVITIES AS EARLY IN FY06 AS POSSIBLE.  THIS SOW PROVIDES A LIST OF ACTIVITIES THAT ARE NECESSARY TO BEGIN WORK IN FY06 AND THEIR ASSOCIATED DELIVERABLES. THE JUNO MISSION IS A COLLABORATION BETWEEN SOUTHWEST RESEARCH INSTITUTE (SWRI), JPL, LOCKHEED MARTIN (LM), AND A COMPLEMENTARY TEAM OF UNIVERSITIES AND FIELD CENTERS.  THE PRINCIPAL INVESTIGATOR, DR. SCOTT BOLTON, IS AT SOUTHWEST RESEARCH INSTITUTE (SWRI) AND IS RESPONSIBLE TO NASA FOR ALL ASPECTS OF THE MISSION INCLUDING ACHIEVING ALL SCIENTIFIC OBJECTIVES AND MISSION GOALS.  JPL PROVIDES THE PROJECT MANAGER WHO OVERSEES THE DAY-TO-DAY MANAGEMENT OF THE PROJECT AND WILL REPORT TO THE PI. PRINCIPAL INVESTIGATOR (PI) DR. SCOTT BOLTON IS RESPONSIBLE TO NASA FOR MEETING THE SCIENTIFIC OBJECTIVES OF THE JUNO MISSION WITHIN COST AND SCHEDULE.  AS PI, DR. BOLTON HAS DIRECT ACCOUNTABILITY TO THE NASA NEW FRONTIERS PROGRAM OFFICE FOR THE IMPLEMENTATION OF JUNO.  ALL JUNO SCIENCE CO-IS, THE DEPUTY PI AND PROJECT SCIENTIST, THE SCIENCE INVESTIGATION OFFICE MANAGER, THE E/PO EFFORT, THE JUNO ADVISORY BOARD AND THE PM REPORT DIRECTLY TO DR. BOLTON.  THE PI DELEGATES THE DAY-TO-DAY MANAGEMENT OF THE PROJECT TO THE PROJECT MANAGER (PM), RICK GRAMMIER.  THE PROJECT SYSTEM ENGINEER, PAYLOAD MANAGER, FLIGHT SYSTEM MANAGER, MISSION MANAGER, SCIENCE OPS CENTER, BUSINESS MANAGER, LM CONTRACT CTM, AND MISSION ASSURANCE MANAGER ALL REPORT DIRECTLY TO THE PM.",080,NATIONAL AERONAUTICS AND SPACE ADMINISTRATION (NASA),8000,NATIONAL AERONAUTICS AND SPACE ADMINISTRATION,80MSFC,NASA MARSHALL SPACE FLIGHT CENTER,080,NATIONAL AERONAUTICS AND SPACE ADMINISTRATION (NASA),8000,NATIONAL AERONAUTICS AND SPACE ADMINISTRATION,80MSFC,NASA MARSHALL SPACE FLIGHT CENTER,PB11V1KH3KV4,,SOUTHWEST RESEARCH INSTITUTE,SOUTHWEST RESEARCH INSTITUTE,PB11V1KH3KV4,PB11V1KH3KV4,SOUTHWEST RESEARCH INSTITUTE,SOUTHWEST RESEARCH INSTITUTE INC,USA,TX,BEXAR,SAN ANTONIO,TX-20,TX-20,782385100,UNITED STATES,TEXAS,BEXAR,TX-20,TX-20,782385100,,,AR22,R&D- SPACE: SCIENCE/APPLICATIONS (APPLIED RESEARCH/EXPLORATORY DEVELOPMENT),541710,"RESEARCH AND DEVELOPMENT IN THE PHYSICAL, ENGINEERING, AND LIFE SCIENCES",,,https://www.usaspending.gov/award/CONT_AWD_NNM06AA75C_8000_-NONE-_-NONE-/,2021-06-25
National Aeronautics and Space Administration,National Aeronautics and Space Administration,FY2021P08,,080,2020,2021,,0120,000,080-2020/2021-0120-000,"Science, National Aeronautics and Space Administration",National Aeronautics and Space Administration,,"General Science, Space, and Technology","Space flight, research, and supporting activities",080-0120,"Science, National Aeronautics and Space Administration",0001,SCIENCE (DIRECT),25.5,Research and development contracts,D,Q,Not Designated Nonemergency/Emergency/Disaster/Wildfire Suppression,,4723631.75,,,CONT_AWD_NNM06AA75C_8000_-NONE-_-NONE-,NNM06AA75C,,,,2006-02-23,2006,2025-09-05,2025,2006-02-23,2026-08-31,,D,DEFINITIVE CONTRACT,,,"THE NATIONAL AERONAUTICS AND SPACE ADMINISTRATION HAS SELECTED JUNO NEW FRONTIERS MISSION UNDER THE DIRECTION OF PRINCIPAL INVESTIGATOR (PI) DR. SCOTT BOLTON TO CONTINUE DEVELOPMENT WITH THE EXPECTATION THAT THE JUNO MISSION WILL ENTER PHASE B IN EARLY FISCAL YEAR 2006.  THE JUNO MISSION WILL BE MANAGED BY THE MARSHALL SPACE FLIGHT CENTER, NEW FRONTIERS PROGRAM OFFICE.  KEY JUNO TEAM MEMBERS INCLUDE DR. BOLTON'S HOME INSTITUTION, THE SOUTHWEST RESEARCH INSTITUTE (SWRI), THE JUNO IMPLEMENTATION TEAM LEADER JET PROPULSION LABORATORY (JPL) AND THE SPACECRAFT BUS PROVIDER THE LOCKHEED MARTIN SPACE SYSTEMS DIVISION (LM/SS).   THE PI'S TEAM AT SWRI NEEDS TO BEGIN WORK ON A SUBSET OF PHASE B ACTIVITIES AS EARLY IN FY06 AS POSSIBLE.  THIS SOW PROVIDES A LIST OF ACTIVITIES THAT ARE NECESSARY TO BEGIN WORK IN FY06 AND THEIR ASSOCIATED DELIVERABLES. THE JUNO MISSION IS A COLLABORATION BETWEEN SOUTHWEST RESEARCH INSTITUTE (SWRI), JPL, LOCKHEED MARTIN (LM), AND A COMPLEMENTARY TEAM OF UNIVERSITIES AND FIELD CENTERS.  THE PRINCIPAL INVESTIGATOR, DR. SCOTT BOLTON, IS AT SOUTHWEST RESEARCH INSTITUTE (SWRI) AND IS RESPONSIBLE TO NASA FOR ALL ASPECTS OF THE MISSION INCLUDING ACHIEVING ALL SCIENTIFIC OBJECTIVES AND MISSION GOALS.  JPL PROVIDES THE PROJECT MANAGER WHO OVERSEES THE DAY-TO-DAY MANAGEMENT OF THE PROJECT AND WILL REPORT TO THE PI. PRINCIPAL INVESTIGATOR (PI) DR. SCOTT BOLTON IS RESPONSIBLE TO NASA FOR MEETING THE SCIENTIFIC OBJECTIVES OF THE JUNO MISSION WITHIN COST AND SCHEDULE.  AS PI, DR. BOLTON HAS DIRECT ACCOUNTABILITY TO THE NASA NEW FRONTIERS PROGRAM OFFICE FOR THE IMPLEMENTATION OF JUNO.  ALL JUNO SCIENCE CO-IS, THE DEPUTY PI AND PROJECT SCIENTIST, THE SCIENCE INVESTIGATION OFFICE MANAGER, THE E/PO EFFORT, THE JUNO ADVISORY BOARD AND THE PM REPORT DIRECTLY TO DR. BOLTON.  THE PI DELEGATES THE DAY-TO-DAY MANAGEMENT OF THE PROJECT TO THE PROJECT MANAGER (PM), RICK GRAMMIER.  THE PROJECT SYSTEM ENGINEER, PAYLOAD MANAGER, FLIGHT SYSTEM MANAGER, MISSION MANAGER, SCIENCE OPS CENTER, BUSINESS MANAGER, LM CONTRACT CTM, AND MISSION ASSURANCE MANAGER ALL REPORT DIRECTLY TO THE PM.",080,NATIONAL AERONAUTICS AND SPACE ADMINISTRATION (NASA),8000,NATIONAL AERONAUTICS AND SPACE ADMINISTRATION,80MSFC,NASA MARSHALL SPACE FLIGHT CENTER,080,NATIONAL AERONAUTICS AND SPACE ADMINISTRATION (NASA),8000,NATIONAL AERONAUTICS AND SPACE ADMINISTRATION,80MSFC,NASA MARSHALL SPACE FLIGHT CENTER,PB11V1KH3KV4,,SOUTHWEST RESEARCH INSTITUTE,SOUTHWEST RESEARCH INSTITUTE,PB11V1KH3KV4,PB11V1KH3KV4,SOUTHWEST RESEARCH INSTITUTE,SOUTHWEST RESEARCH INSTITUTE INC,USA,TX,BEXAR,SAN ANTONIO,TX-20,TX-20,782385100,UNITED STATES,TEXAS,BEXAR,TX-20,TX-20,782385100,,,AR22,R&D- SPACE: SCIENCE/APPLICATIONS (APPLIED RESEARCH/EXPLORATORY DEVELOPMENT),541710,"RESEARCH AND DEVELOPMENT IN THE PHYSICAL, ENGINEERING, AND LIFE SCIENCES",,,https://www.usaspending.gov/award/CONT_AWD_NNM06AA75C_8000_-NONE-_-NONE-/,2021-06-25
National Aeronautics and Space Administration,National Aeronautics and Space Administration,FY2021P09,,080,2020,2021,,0120,000,080-2020/2021-0120-000,"Science, National Aeronautics and Space Administration",National Aeronautics and Space Administration,,"General Science, Space, and Technology","Space flight, research, and supporting activities",080-0120,"Science, National Aeronautics and Space Administration",0001,SCIENCE (DIRECT),25.5,Research and development contracts,D,Q,Not Designated Nonemergency/Emergency/Disaster/Wildfire Suppression,,4723631.75,,,CONT_AWD_NNM06AA75C_8000_-NONE-_-NONE-,NNM06AA75C,,,,2006-02-23,2006,2025-09-05,2025,2006-02-23,2026-08-31,,D,DEFINITIVE CONTRACT,,,"THE NATIONAL AERONAUTICS AND SPACE ADMINISTRATION HAS SELECTED JUNO NEW FRONTIERS MISSION UNDER THE DIRECTION OF PRINCIPAL INVESTIGATOR (PI) DR. SCOTT BOLTON TO CONTINUE DEVELOPMENT WITH THE EXPECTATION THAT THE JUNO MISSION WILL ENTER PHASE B IN EARLY FISCAL YEAR 2006.  THE JUNO MISSION WILL BE MANAGED BY THE MARSHALL SPACE FLIGHT CENTER, NEW FRONTIERS PROGRAM OFFICE.  KEY JUNO TEAM MEMBERS INCLUDE DR. BOLTON'S HOME INSTITUTION, THE SOUTHWEST RESEARCH INSTITUTE (SWRI), THE JUNO IMPLEMENTATION TEAM LEADER JET PROPULSION LABORATORY (JPL) AND THE SPACECRAFT BUS PROVIDER THE LOCKHEED MARTIN SPACE SYSTEMS DIVISION (LM/SS).   THE PI'S TEAM AT SWRI NEEDS TO BEGIN WORK ON A SUBSET OF PHASE B ACTIVITIES AS EARLY IN FY06 AS POSSIBLE.  THIS SOW PROVIDES A LIST OF ACTIVITIES THAT ARE NECESSARY TO BEGIN WORK IN FY06 AND THEIR ASSOCIATED DELIVERABLES. THE JUNO MISSION IS A COLLABORATION BETWEEN SOUTHWEST RESEARCH INSTITUTE (SWRI), JPL, LOCKHEED MARTIN (LM), AND A COMPLEMENTARY TEAM OF UNIVERSITIES AND FIELD CENTERS.  THE PRINCIPAL INVESTIGATOR, DR. SCOTT BOLTON, IS AT SOUTHWEST RESEARCH INSTITUTE (SWRI) AND IS RESPONSIBLE TO NASA FOR ALL ASPECTS OF THE MISSION INCLUDING ACHIEVING ALL SCIENTIFIC OBJECTIVES AND MISSION GOALS.  JPL PROVIDES THE PROJECT MANAGER WHO OVERSEES THE DAY-TO-DAY MANAGEMENT OF THE PROJECT AND WILL REPORT TO THE PI. PRINCIPAL INVESTIGATOR (PI) DR. SCOTT BOLTON IS RESPONSIBLE TO NASA FOR MEETING THE SCIENTIFIC OBJECTIVES OF THE JUNO MISSION WITHIN COST AND SCHEDULE.  AS PI, DR. BOLTON HAS DIRECT ACCOUNTABILITY TO THE NASA NEW FRONTIERS PROGRAM OFFICE FOR THE IMPLEMENTATION OF JUNO.  ALL JUNO SCIENCE CO-IS, THE DEPUTY PI AND PROJECT SCIENTIST, THE SCIENCE INVESTIGATION OFFICE MANAGER, THE E/PO EFFORT, THE JUNO ADVISORY BOARD AND THE PM REPORT DIRECTLY TO DR. BOLTON.  THE PI DELEGATES THE DAY-TO-DAY MANAGEMENT OF THE PROJECT TO THE PROJECT MANAGER (PM), RICK GRAMMIER.  THE PROJECT SYSTEM ENGINEER, PAYLOAD MANAGER, FLIGHT SYSTEM MANAGER, MISSION MANAGER, SCIENCE OPS CENTER, BUSINESS MANAGER, LM CONTRACT CTM, AND MISSION ASSURANCE MANAGER ALL REPORT DIRECTLY TO THE PM.",080,NATIONAL AERONAUTICS AND SPACE ADMINISTRATION (NASA),8000,NATIONAL AERONAUTICS AND SPACE ADMINISTRATION,80MSFC,NASA MARSHALL SPACE FLIGHT CENTER,080,NATIONAL AERONAUTICS AND SPACE ADMINISTRATION (NASA),8000,NATIONAL AERONAUTICS AND SPACE ADMINISTRATION,80MSFC,NASA MARSHALL SPACE FLIGHT CENTER,PB11V1KH3KV4,,SOUTHWEST RESEARCH INSTITUTE,SOUTHWEST RESEARCH INSTITUTE,PB11V1KH3KV4,PB11V1KH3KV4,SOUTHWEST RESEARCH INSTITUTE,SOUTHWEST RESEARCH INSTITUTE INC,USA,TX,BEXAR,SAN ANTONIO,TX-20,TX-20,782385100,UNITED STATES,TEXAS,BEXAR,TX-20,TX-20,782385100,,,AR22,R&D- SPACE: SCIENCE/APPLICATIONS (APPLIED RESEARCH/EXPLORATORY DEVELOPMENT),541710,"RESEARCH AND DEVELOPMENT IN THE PHYSICAL, ENGINEERING, AND LIFE SCIENCES",,,https://www.usaspending.gov/award/CONT_AWD_NNM06AA75C_8000_-NONE-_-NONE-/,2021-07-27
National Aeronautics and Space Administration,National Aeronautics and Space Administration,FY2021P09,,080,2021,2022,,0120,000,080-2021/2022-0120-000,"Science, National Aeronautics and Space Administration",National Aeronautics and Space Administration,,"General Science, Space, and Technology","Space flight, research, and supporting activities",080-0120,"Science, National Aeronautics and Space Administration",0001,SCIENCE (DIRECT),25.5,Research and development contracts,D,Q,Not Designated Nonemergency/Emergency/Disaster/Wildfire Suppression,,3020760.98,,,CONT_AWD_NNM06AA75C_8000_-NONE-_-NONE-,NNM06AA75C,,,,2006-02-23,2006,2025-09-05,2025,2006-02-23,2026-08-31,,D,DEFINITIVE CONTRACT,,,"THE NATIONAL AERONAUTICS AND SPACE ADMINISTRATION HAS SELECTED JUNO NEW FRONTIERS MISSION UNDER THE DIRECTION OF PRINCIPAL INVESTIGATOR (PI) DR. SCOTT BOLTON TO CONTINUE DEVELOPMENT WITH THE EXPECTATION THAT THE JUNO MISSION WILL ENTER PHASE B IN EARLY FISCAL YEAR 2006.  THE JUNO MISSION WILL BE MANAGED BY THE MARSHALL SPACE FLIGHT CENTER, NEW FRONTIERS PROGRAM OFFICE.  KEY JUNO TEAM MEMBERS INCLUDE DR. BOLTON'S HOME INSTITUTION, THE SOUTHWEST RESEARCH INSTITUTE (SWRI), THE JUNO IMPLEMENTATION TEAM LEADER JET PROPULSION LABORATORY (JPL) AND THE SPACECRAFT BUS PROVIDER THE LOCKHEED MARTIN SPACE SYSTEMS DIVISION (LM/SS).   THE PI'S TEAM AT SWRI NEEDS TO BEGIN WORK ON A SUBSET OF PHASE B ACTIVITIES AS EARLY IN FY06 AS POSSIBLE.  THIS SOW PROVIDES A LIST OF ACTIVITIES THAT ARE NECESSARY TO BEGIN WORK IN FY06 AND THEIR ASSOCIATED DELIVERABLES. THE JUNO MISSION IS A COLLABORATION BETWEEN SOUTHWEST RESEARCH INSTITUTE (SWRI), JPL, LOCKHEED MARTIN (LM), AND A COMPLEMENTARY TEAM OF UNIVERSITIES AND FIELD CENTERS.  THE PRINCIPAL INVESTIGATOR, DR. SCOTT BOLTON, IS AT SOUTHWEST RESEARCH INSTITUTE (SWRI) AND IS RESPONSIBLE TO NASA FOR ALL ASPECTS OF THE MISSION INCLUDING ACHIEVING ALL SCIENTIFIC OBJECTIVES AND MISSION GOALS.  JPL PROVIDES THE PROJECT MANAGER WHO OVERSEES THE DAY-TO-DAY MANAGEMENT OF THE PROJECT AND WILL REPORT TO THE PI. PRINCIPAL INVESTIGATOR (PI) DR. SCOTT BOLTON IS RESPONSIBLE TO NASA FOR MEETING THE SCIENTIFIC OBJECTIVES OF THE JUNO MISSION WITHIN COST AND SCHEDULE.  AS PI, DR. BOLTON HAS DIRECT ACCOUNTABILITY TO THE NASA NEW FRONTIERS PROGRAM OFFICE FOR THE IMPLEMENTATION OF JUNO.  ALL JUNO SCIENCE CO-IS, THE DEPUTY PI AND PROJECT SCIENTIST, THE SCIENCE INVESTIGATION OFFICE MANAGER, THE E/PO EFFORT, THE JUNO ADVISORY BOARD AND THE PM REPORT DIRECTLY TO DR. BOLTON.  THE PI DELEGATES THE DAY-TO-DAY MANAGEMENT OF THE PROJECT TO THE PROJECT MANAGER (PM), RICK GRAMMIER.  THE PROJECT SYSTEM ENGINEER, PAYLOAD MANAGER, FLIGHT SYSTEM MANAGER, MISSION MANAGER, SCIENCE OPS CENTER, BUSINESS MANAGER, LM CONTRACT CTM, AND MISSION ASSURANCE MANAGER ALL REPORT DIRECTLY TO THE PM.",080,NATIONAL AERONAUTICS AND SPACE ADMINISTRATION (NASA),8000,NATIONAL AERONAUTICS AND SPACE ADMINISTRATION,80MSFC,NASA MARSHALL SPACE FLIGHT CENTER,080,NATIONAL AERONAUTICS AND SPACE ADMINISTRATION (NASA),8000,NATIONAL AERONAUTICS AND SPACE ADMINISTRATION,80MSFC,NASA MARSHALL SPACE FLIGHT CENTER,PB11V1KH3KV4,,SOUTHWEST RESEARCH INSTITUTE,SOUTHWEST RESEARCH INSTITUTE,PB11V1KH3KV4,PB11V1KH3KV4,SOUTHWEST RESEARCH INSTITUTE,SOUTHWEST RESEARCH INSTITUTE INC,USA,TX,BEXAR,SAN ANTONIO,TX-20,TX-20,782385100,UNITED STATES,TEXAS,BEXAR,TX-20,TX-20,782385100,,,AR22,R&D- SPACE: SCIENCE/APPLICATIONS (APPLIED RESEARCH/EXPLORATORY DEVELOPMENT),541710,"RESEARCH AND DEVELOPMENT IN THE PHYSICAL, ENGINEERING, AND LIFE SCIENCES",,,https://www.usaspending.gov/award/CONT_AWD_NNM06AA75C_8000_-NONE-_-NONE-/,2021-07-27
National Aeronautics and Space Administration,National Aeronautics and Space Administration,FY2021P10,,080,2020,2021,,0120,000,080-2020/2021-0120-000,"Science, National Aeronautics and Space Administration",National Aeronautics and Space Administration,,"General Science, Space, and Technology","Space flight, research, and supporting activities",080-0120,"Science, National Aeronautics and Space Administration",0001,SCIENCE (DIRECT),25.5,Research and development contracts,D,Q,Not Designated Nonemergency/Emergency/Disaster/Wildfire Suppression,,4723631.75,,,CONT_AWD_NNM06AA75C_8000_-NONE-_-NONE-,NNM06AA75C,,,,2006-02-23,2006,2025-09-05,2025,2006-02-23,2026-08-31,,D,DEFINITIVE CONTRACT,,,"THE NATIONAL AERONAUTICS AND SPACE ADMINISTRATION HAS SELECTED JUNO NEW FRONTIERS MISSION UNDER THE DIRECTION OF PRINCIPAL INVESTIGATOR (PI) DR. SCOTT BOLTON TO CONTINUE DEVELOPMENT WITH THE EXPECTATION THAT THE JUNO MISSION WILL ENTER PHASE B IN EARLY FISCAL YEAR 2006.  THE JUNO MISSION WILL BE MANAGED BY THE MARSHALL SPACE FLIGHT CENTER, NEW FRONTIERS PROGRAM OFFICE.  KEY JUNO TEAM MEMBERS INCLUDE DR. BOLTON'S HOME INSTITUTION, THE SOUTHWEST RESEARCH INSTITUTE (SWRI), THE JUNO IMPLEMENTATION TEAM LEADER JET PROPULSION LABORATORY (JPL) AND THE SPACECRAFT BUS PROVIDER THE LOCKHEED MARTIN SPACE SYSTEMS DIVISION (LM/SS).   THE PI'S TEAM AT SWRI NEEDS TO BEGIN WORK ON A SUBSET OF PHASE B ACTIVITIES AS EARLY IN FY06 AS POSSIBLE.  THIS SOW PROVIDES A LIST OF ACTIVITIES THAT ARE NECESSARY TO BEGIN WORK IN FY06 AND THEIR ASSOCIATED DELIVERABLES. THE JUNO MISSION IS A COLLABORATION BETWEEN SOUTHWEST RESEARCH INSTITUTE (SWRI), JPL, LOCKHEED MARTIN (LM), AND A COMPLEMENTARY TEAM OF UNIVERSITIES AND FIELD CENTERS.  THE PRINCIPAL INVESTIGATOR, DR. SCOTT BOLTON, IS AT SOUTHWEST RESEARCH INSTITUTE (SWRI) AND IS RESPONSIBLE TO NASA FOR ALL ASPECTS OF THE MISSION INCLUDING ACHIEVING ALL SCIENTIFIC OBJECTIVES AND MISSION GOALS.  JPL PROVIDES THE PROJECT MANAGER WHO OVERSEES THE DAY-TO-DAY MANAGEMENT OF THE PROJECT AND WILL REPORT TO THE PI. PRINCIPAL INVESTIGATOR (PI) DR. SCOTT BOLTON IS RESPONSIBLE TO NASA FOR MEETING THE SCIENTIFIC OBJECTIVES OF THE JUNO MISSION WITHIN COST AND SCHEDULE.  AS PI, DR. BOLTON HAS DIRECT ACCOUNTABILITY TO THE NASA NEW FRONTIERS PROGRAM OFFICE FOR THE IMPLEMENTATION OF JUNO.  ALL JUNO SCIENCE CO-IS, THE DEPUTY PI AND PROJECT SCIENTIST, THE SCIENCE INVESTIGATION OFFICE MANAGER, THE E/PO EFFORT, THE JUNO ADVISORY BOARD AND THE PM REPORT DIRECTLY TO DR. BOLTON.  THE PI DELEGATES THE DAY-TO-DAY MANAGEMENT OF THE PROJECT TO THE PROJECT MANAGER (PM), RICK GRAMMIER.  THE PROJECT SYSTEM ENGINEER, PAYLOAD MANAGER, FLIGHT SYSTEM MANAGER, MISSION MANAGER, SCIENCE OPS CENTER, BUSINESS MANAGER, LM CONTRACT CTM, AND MISSION ASSURANCE MANAGER ALL REPORT DIRECTLY TO THE PM.",080,NATIONAL AERONAUTICS AND SPACE ADMINISTRATION (NASA),8000,NATIONAL AERONAUTICS AND SPACE ADMINISTRATION,80MSFC,NASA MARSHALL SPACE FLIGHT CENTER,080,NATIONAL AERONAUTICS AND SPACE ADMINISTRATION (NASA),8000,NATIONAL AERONAUTICS AND SPACE ADMINISTRATION,80MSFC,NASA MARSHALL SPACE FLIGHT CENTER,PB11V1KH3KV4,,SOUTHWEST RESEARCH INSTITUTE,SOUTHWEST RESEARCH INSTITUTE,PB11V1KH3KV4,PB11V1KH3KV4,SOUTHWEST RESEARCH INSTITUTE,SOUTHWEST RESEARCH INSTITUTE INC,USA,TX,BEXAR,SAN ANTONIO,TX-20,TX-20,782385100,UNITED STATES,TEXAS,BEXAR,TX-20,TX-20,782385100,,,AR22,R&D- SPACE: SCIENCE/APPLICATIONS (APPLIED RESEARCH/EXPLORATORY DEVELOPMENT),541710,"RESEARCH AND DEVELOPMENT IN THE PHYSICAL, ENGINEERING, AND LIFE SCIENCES",,,https://www.usaspending.gov/award/CONT_AWD_NNM06AA75C_8000_-NONE-_-NONE-/,2021-08-27
National Aeronautics and Space Administration,National Aeronautics and Space Administration,FY2021P10,,080,2021,2022,,0120,000,080-2021/2022-0120-000,"Science, National Aeronautics and Space Administration",National Aeronautics and Space Administration,,"General Science, Space, and Technology","Space flight, research, and supporting activities",080-0120,"Science, National Aeronautics and Space Administration",0001,SCIENCE (DIRECT),25.5,Research and development contracts,D,Q,Not Designated Nonemergency/Emergency/Disaster/Wildfire Suppression,,3995998.66,,,CONT_AWD_NNM06AA75C_8000_-NONE-_-NONE-,NNM06AA75C,,,,2006-02-23,2006,2025-09-05,2025,2006-02-23,2026-08-31,,D,DEFINITIVE CONTRACT,,,"THE NATIONAL AERONAUTICS AND SPACE ADMINISTRATION HAS SELECTED JUNO NEW FRONTIERS MISSION UNDER THE DIRECTION OF PRINCIPAL INVESTIGATOR (PI) DR. SCOTT BOLTON TO CONTINUE DEVELOPMENT WITH THE EXPECTATION THAT THE JUNO MISSION WILL ENTER PHASE B IN EARLY FISCAL YEAR 2006.  THE JUNO MISSION WILL BE MANAGED BY THE MARSHALL SPACE FLIGHT CENTER, NEW FRONTIERS PROGRAM OFFICE.  KEY JUNO TEAM MEMBERS INCLUDE DR. BOLTON'S HOME INSTITUTION, THE SOUTHWEST RESEARCH INSTITUTE (SWRI), THE JUNO IMPLEMENTATION TEAM LEADER JET PROPULSION LABORATORY (JPL) AND THE SPACECRAFT BUS PROVIDER THE LOCKHEED MARTIN SPACE SYSTEMS DIVISION (LM/SS).   THE PI'S TEAM AT SWRI NEEDS TO BEGIN WORK ON A SUBSET OF PHASE B ACTIVITIES AS EARLY IN FY06 AS POSSIBLE.  THIS SOW PROVIDES A LIST OF ACTIVITIES THAT ARE NECESSARY TO BEGIN WORK IN FY06 AND THEIR ASSOCIATED DELIVERABLES. THE JUNO MISSION IS A COLLABORATION BETWEEN SOUTHWEST RESEARCH INSTITUTE (SWRI), JPL, LOCKHEED MARTIN (LM), AND A COMPLEMENTARY TEAM OF UNIVERSITIES AND FIELD CENTERS.  THE PRINCIPAL INVESTIGATOR, DR. SCOTT BOLTON, IS AT SOUTHWEST RESEARCH INSTITUTE (SWRI) AND IS RESPONSIBLE TO NASA FOR ALL ASPECTS OF THE MISSION INCLUDING ACHIEVING ALL SCIENTIFIC OBJECTIVES AND MISSION GOALS.  JPL PROVIDES THE PROJECT MANAGER WHO OVERSEES THE DAY-TO-DAY MANAGEMENT OF THE PROJECT AND WILL REPORT TO THE PI. PRINCIPAL INVESTIGATOR (PI) DR. SCOTT BOLTON IS RESPONSIBLE TO NASA FOR MEETING THE SCIENTIFIC OBJECTIVES OF THE JUNO MISSION WITHIN COST AND SCHEDULE.  AS PI, DR. BOLTON HAS DIRECT ACCOUNTABILITY TO THE NASA NEW FRONTIERS PROGRAM OFFICE FOR THE IMPLEMENTATION OF JUNO.  ALL JUNO SCIENCE CO-IS, THE DEPUTY PI AND PROJECT SCIENTIST, THE SCIENCE INVESTIGATION OFFICE MANAGER, THE E/PO EFFORT, THE JUNO ADVISORY BOARD AND THE PM REPORT DIRECTLY TO DR. BOLTON.  THE PI DELEGATES THE DAY-TO-DAY MANAGEMENT OF THE PROJECT TO THE PROJECT MANAGER (PM), RICK GRAMMIER.  THE PROJECT SYSTEM ENGINEER, PAYLOAD MANAGER, FLIGHT SYSTEM MANAGER, MISSION MANAGER, SCIENCE OPS CENTER, BUSINESS MANAGER, LM CONTRACT CTM, AND MISSION ASSURANCE MANAGER ALL REPORT DIRECTLY TO THE PM.",080,NATIONAL AERONAUTICS AND SPACE ADMINISTRATION (NASA),8000,NATIONAL AERONAUTICS AND SPACE ADMINISTRATION,80MSFC,NASA MARSHALL SPACE FLIGHT CENTER,080,NATIONAL AERONAUTICS AND SPACE ADMINISTRATION (NASA),8000,NATIONAL AERONAUTICS AND SPACE ADMINISTRATION,80MSFC,NASA MARSHALL SPACE FLIGHT CENTER,PB11V1KH3KV4,,SOUTHWEST RESEARCH INSTITUTE,SOUTHWEST RESEARCH INSTITUTE,PB11V1KH3KV4,PB11V1KH3KV4,SOUTHWEST RESEARCH INSTITUTE,SOUTHWEST RESEARCH INSTITUTE INC,USA,TX,BEXAR,SAN ANTONIO,TX-20,TX-20,782385100,UNITED STATES,TEXAS,BEXAR,TX-20,TX-20,782385100,,,AR22,R&D- SPACE: SCIENCE/APPLICATIONS (APPLIED RESEARCH/EXPLORATORY DEVELOPMENT),541710,"RESEARCH AND DEVELOPMENT IN THE PHYSICAL, ENGINEERING, AND LIFE SCIENCES",,,https://www.usaspending.gov/award/CONT_AWD_NNM06AA75C_8000_-NONE-_-NONE-/,2021-08-27
National Aeronautics and Space Administration,National Aeronautics and Space Administration,FY2021P11,,080,2021,2022,,0120,000,080-2021/2022-0120-000,"Science, National Aeronautics and Space Administration",National Aeronautics and Space Administration,,"General Science, Space, and Technology","Space flight, research, and supporting activities",080-0120,"Science, National Aeronautics and Space Administration",0001,SCIENCE (DIRECT),25.5,Research and development contracts,D,Q,Not Designated Nonemergency/Emergency/Disaster/Wildfire Suppression,,4756827.38,,,CONT_AWD_NNM06AA75C_8000_-NONE-_-NONE-,NNM06AA75C,,,,2006-02-23,2006,2025-09-05,2025,2006-02-23,2026-08-31,,D,DEFINITIVE CONTRACT,,,"THE NATIONAL AERONAUTICS AND SPACE ADMINISTRATION HAS SELECTED JUNO NEW FRONTIERS MISSION UNDER THE DIRECTION OF PRINCIPAL INVESTIGATOR (PI) DR. SCOTT BOLTON TO CONTINUE DEVELOPMENT WITH THE EXPECTATION THAT THE JUNO MISSION WILL ENTER PHASE B IN EARLY FISCAL YEAR 2006.  THE JUNO MISSION WILL BE MANAGED BY THE MARSHALL SPACE FLIGHT CENTER, NEW FRONTIERS PROGRAM OFFICE.  KEY JUNO TEAM MEMBERS INCLUDE DR. BOLTON'S HOME INSTITUTION, THE SOUTHWEST RESEARCH INSTITUTE (SWRI), THE JUNO IMPLEMENTATION TEAM LEADER JET PROPULSION LABORATORY (JPL) AND THE SPACECRAFT BUS PROVIDER THE LOCKHEED MARTIN SPACE SYSTEMS DIVISION (LM/SS).   THE PI'S TEAM AT SWRI NEEDS TO BEGIN WORK ON A SUBSET OF PHASE B ACTIVITIES AS EARLY IN FY06 AS POSSIBLE.  THIS SOW PROVIDES A LIST OF ACTIVITIES THAT ARE NECESSARY TO BEGIN WORK IN FY06 AND THEIR ASSOCIATED DELIVERABLES. THE JUNO MISSION IS A COLLABORATION BETWEEN SOUTHWEST RESEARCH INSTITUTE (SWRI), JPL, LOCKHEED MARTIN (LM), AND A COMPLEMENTARY TEAM OF UNIVERSITIES AND FIELD CENTERS.  THE PRINCIPAL INVESTIGATOR, DR. SCOTT BOLTON, IS AT SOUTHWEST RESEARCH INSTITUTE (SWRI) AND IS RESPONSIBLE TO NASA FOR ALL ASPECTS OF THE MISSION INCLUDING ACHIEVING ALL SCIENTIFIC OBJECTIVES AND MISSION GOALS.  JPL PROVIDES THE PROJECT MANAGER WHO OVERSEES THE DAY-TO-DAY MANAGEMENT OF THE PROJECT AND WILL REPORT TO THE PI. PRINCIPAL INVESTIGATOR (PI) DR. SCOTT BOLTON IS RESPONSIBLE TO NASA FOR MEETING THE SCIENTIFIC OBJECTIVES OF THE JUNO MISSION WITHIN COST AND SCHEDULE.  AS PI, DR. BOLTON HAS DIRECT ACCOUNTABILITY TO THE NASA NEW FRONTIERS PROGRAM OFFICE FOR THE IMPLEMENTATION OF JUNO.  ALL JUNO SCIENCE CO-IS, THE DEPUTY PI AND PROJECT SCIENTIST, THE SCIENCE INVESTIGATION OFFICE MANAGER, THE E/PO EFFORT, THE JUNO ADVISORY BOARD AND THE PM REPORT DIRECTLY TO DR. BOLTON.  THE PI DELEGATES THE DAY-TO-DAY MANAGEMENT OF THE PROJECT TO THE PROJECT MANAGER (PM), RICK GRAMMIER.  THE PROJECT SYSTEM ENGINEER, PAYLOAD MANAGER, FLIGHT SYSTEM MANAGER, MISSION MANAGER, SCIENCE OPS CENTER, BUSINESS MANAGER, LM CONTRACT CTM, AND MISSION ASSURANCE MANAGER ALL REPORT DIRECTLY TO THE PM.",080,NATIONAL AERONAUTICS AND SPACE ADMINISTRATION (NASA),8000,NATIONAL AERONAUTICS AND SPACE ADMINISTRATION,80MSFC,NASA MARSHALL SPACE FLIGHT CENTER,080,NATIONAL AERONAUTICS AND SPACE ADMINISTRATION (NASA),8000,NATIONAL AERONAUTICS AND SPACE ADMINISTRATION,80MSFC,NASA MARSHALL SPACE FLIGHT CENTER,PB11V1KH3KV4,,SOUTHWEST RESEARCH INSTITUTE,SOUTHWEST RESEARCH INSTITUTE,PB11V1KH3KV4,PB11V1KH3KV4,SOUTHWEST RESEARCH INSTITUTE,SOUTHWEST RESEARCH INSTITUTE INC,USA,TX,BEXAR,SAN ANTONIO,TX-20,TX-20,782385100,UNITED STATES,TEXAS,BEXAR,TX-20,TX-20,782385100,,,AR22,R&D- SPACE: SCIENCE/APPLICATIONS (APPLIED RESEARCH/EXPLORATORY DEVELOPMENT),541710,"RESEARCH AND DEVELOPMENT IN THE PHYSICAL, ENGINEERING, AND LIFE SCIENCES",,,https://www.usaspending.gov/award/CONT_AWD_NNM06AA75C_8000_-NONE-_-NONE-/,2021-09-22
National Aeronautics and Space Administration,National Aeronautics and Space Administration,FY2021P11,,080,2020,2021,,0120,000,080-2020/2021-0120-000,"Science, National Aeronautics and Space Administration",National Aeronautics and Space Administration,,"General Science, Space, and Technology","Space flight, research, and supporting activities",080-0120,"Science, National Aeronautics and Space Administration",0001,SCIENCE (DIRECT),25.5,Research and development contracts,D,Q,Not Designated Nonemergency/Emergency/Disaster/Wildfire Suppression,,4723631.75,,,CONT_AWD_NNM06AA75C_8000_-NONE-_-NONE-,NNM06AA75C,,,,2006-02-23,2006,2025-09-05,2025,2006-02-23,2026-08-31,,D,DEFINITIVE CONTRACT,,,"THE NATIONAL AERONAUTICS AND SPACE ADMINISTRATION HAS SELECTED JUNO NEW FRONTIERS MISSION UNDER THE DIRECTION OF PRINCIPAL INVESTIGATOR (PI) DR. SCOTT BOLTON TO CONTINUE DEVELOPMENT WITH THE EXPECTATION THAT THE JUNO MISSION WILL ENTER PHASE B IN EARLY FISCAL YEAR 2006.  THE JUNO MISSION WILL BE MANAGED BY THE MARSHALL SPACE FLIGHT CENTER, NEW FRONTIERS PROGRAM OFFICE.  KEY JUNO TEAM MEMBERS INCLUDE DR. BOLTON'S HOME INSTITUTION, THE SOUTHWEST RESEARCH INSTITUTE (SWRI), THE JUNO IMPLEMENTATION TEAM LEADER JET PROPULSION LABORATORY (JPL) AND THE SPACECRAFT BUS PROVIDER THE LOCKHEED MARTIN SPACE SYSTEMS DIVISION (LM/SS).   THE PI'S TEAM AT SWRI NEEDS TO BEGIN WORK ON A SUBSET OF PHASE B ACTIVITIES AS EARLY IN FY06 AS POSSIBLE.  THIS SOW PROVIDES A LIST OF ACTIVITIES THAT ARE NECESSARY TO BEGIN WORK IN FY06 AND THEIR ASSOCIATED DELIVERABLES. THE JUNO MISSION IS A COLLABORATION BETWEEN SOUTHWEST RESEARCH INSTITUTE (SWRI), JPL, LOCKHEED MARTIN (LM), AND A COMPLEMENTARY TEAM OF UNIVERSITIES AND FIELD CENTERS.  THE PRINCIPAL INVESTIGATOR, DR. SCOTT BOLTON, IS AT SOUTHWEST RESEARCH INSTITUTE (SWRI) AND IS RESPONSIBLE TO NASA FOR ALL ASPECTS OF THE MISSION INCLUDING ACHIEVING ALL SCIENTIFIC OBJECTIVES AND MISSION GOALS.  JPL PROVIDES THE PROJECT MANAGER WHO OVERSEES THE DAY-TO-DAY MANAGEMENT OF THE PROJECT AND WILL REPORT TO THE PI. PRINCIPAL INVESTIGATOR (PI) DR. SCOTT BOLTON IS RESPONSIBLE TO NASA FOR MEETING THE SCIENTIFIC OBJECTIVES OF THE JUNO MISSION WITHIN COST AND SCHEDULE.  AS PI, DR. BOLTON HAS DIRECT ACCOUNTABILITY TO THE NASA NEW FRONTIERS PROGRAM OFFICE FOR THE IMPLEMENTATION OF JUNO.  ALL JUNO SCIENCE CO-IS, THE DEPUTY PI AND PROJECT SCIENTIST, THE SCIENCE INVESTIGATION OFFICE MANAGER, THE E/PO EFFORT, THE JUNO ADVISORY BOARD AND THE PM REPORT DIRECTLY TO DR. BOLTON.  THE PI DELEGATES THE DAY-TO-DAY MANAGEMENT OF THE PROJECT TO THE PROJECT MANAGER (PM), RICK GRAMMIER.  THE PROJECT SYSTEM ENGINEER, PAYLOAD MANAGER, FLIGHT SYSTEM MANAGER, MISSION MANAGER, SCIENCE OPS CENTER, BUSINESS MANAGER, LM CONTRACT CTM, AND MISSION ASSURANCE MANAGER ALL REPORT DIRECTLY TO THE PM.",080,NATIONAL AERONAUTICS AND SPACE ADMINISTRATION (NASA),8000,NATIONAL AERONAUTICS AND SPACE ADMINISTRATION,80MSFC,NASA MARSHALL SPACE FLIGHT CENTER,080,NATIONAL AERONAUTICS AND SPACE ADMINISTRATION (NASA),8000,NATIONAL AERONAUTICS AND SPACE ADMINISTRATION,80MSFC,NASA MARSHALL SPACE FLIGHT CENTER,PB11V1KH3KV4,,SOUTHWEST RESEARCH INSTITUTE,SOUTHWEST RESEARCH INSTITUTE,PB11V1KH3KV4,PB11V1KH3KV4,SOUTHWEST RESEARCH INSTITUTE,SOUTHWEST RESEARCH INSTITUTE INC,USA,TX,BEXAR,SAN ANTONIO,TX-20,TX-20,782385100,UNITED STATES,TEXAS,BEXAR,TX-20,TX-20,782385100,,,AR22,R&D- SPACE: SCIENCE/APPLICATIONS (APPLIED RESEARCH/EXPLORATORY DEVELOPMENT),541710,"RESEARCH AND DEVELOPMENT IN THE PHYSICAL, ENGINEERING, AND LIFE SCIENCES",,,https://www.usaspending.gov/award/CONT_AWD_NNM06AA75C_8000_-NONE-_-NONE-/,2021-09-22
National Aeronautics and Space Administration,National Aeronautics and Space Administration,FY2021P12,,080,2020,2021,,0120,000,080-2020/2021-0120-000,"Science, National Aeronautics and Space Administration",National Aeronautics and Space Administration,,"General Science, Space, and Technology","Space flight, research, and supporting activities",080-0120,"Science, National Aeronautics and Space Administration",0001,SCIENCE (DIRECT),25.5,Research and development contracts,D,Q,Not Designated Nonemergency/Emergency/Disaster/Wildfire Suppression,,4723631.75,,,CONT_AWD_NNM06AA75C_8000_-NONE-_-NONE-,NNM06AA75C,,,,2006-02-23,2006,2025-09-05,2025,2006-02-23,2026-08-31,,D,DEFINITIVE CONTRACT,,,"THE NATIONAL AERONAUTICS AND SPACE ADMINISTRATION HAS SELECTED JUNO NEW FRONTIERS MISSION UNDER THE DIRECTION OF PRINCIPAL INVESTIGATOR (PI) DR. SCOTT BOLTON TO CONTINUE DEVELOPMENT WITH THE EXPECTATION THAT THE JUNO MISSION WILL ENTER PHASE B IN EARLY FISCAL YEAR 2006.  THE JUNO MISSION WILL BE MANAGED BY THE MARSHALL SPACE FLIGHT CENTER, NEW FRONTIERS PROGRAM OFFICE.  KEY JUNO TEAM MEMBERS INCLUDE DR. BOLTON'S HOME INSTITUTION, THE SOUTHWEST RESEARCH INSTITUTE (SWRI), THE JUNO IMPLEMENTATION TEAM LEADER JET PROPULSION LABORATORY (JPL) AND THE SPACECRAFT BUS PROVIDER THE LOCKHEED MARTIN SPACE SYSTEMS DIVISION (LM/SS).   THE PI'S TEAM AT SWRI NEEDS TO BEGIN WORK ON A SUBSET OF PHASE B ACTIVITIES AS EARLY IN FY06 AS POSSIBLE.  THIS SOW PROVIDES A LIST OF ACTIVITIES THAT ARE NECESSARY TO BEGIN WORK IN FY06 AND THEIR ASSOCIATED DELIVERABLES. THE JUNO MISSION IS A COLLABORATION BETWEEN SOUTHWEST RESEARCH INSTITUTE (SWRI), JPL, LOCKHEED MARTIN (LM), AND A COMPLEMENTARY TEAM OF UNIVERSITIES AND FIELD CENTERS.  THE PRINCIPAL INVESTIGATOR, DR. SCOTT BOLTON, IS AT SOUTHWEST RESEARCH INSTITUTE (SWRI) AND IS RESPONSIBLE TO NASA FOR ALL ASPECTS OF THE MISSION INCLUDING ACHIEVING ALL SCIENTIFIC OBJECTIVES AND MISSION GOALS.  JPL PROVIDES THE PROJECT MANAGER WHO OVERSEES THE DAY-TO-DAY MANAGEMENT OF THE PROJECT AND WILL REPORT TO THE PI. PRINCIPAL INVESTIGATOR (PI) DR. SCOTT BOLTON IS RESPONSIBLE TO NASA FOR MEETING THE SCIENTIFIC OBJECTIVES OF THE JUNO MISSION WITHIN COST AND SCHEDULE.  AS PI, DR. BOLTON HAS DIRECT ACCOUNTABILITY TO THE NASA NEW FRONTIERS PROGRAM OFFICE FOR THE IMPLEMENTATION OF JUNO.  ALL JUNO SCIENCE CO-IS, THE DEPUTY PI AND PROJECT SCIENTIST, THE SCIENCE INVESTIGATION OFFICE MANAGER, THE E/PO EFFORT, THE JUNO ADVISORY BOARD AND THE PM REPORT DIRECTLY TO DR. BOLTON.  THE PI DELEGATES THE DAY-TO-DAY MANAGEMENT OF THE PROJECT TO THE PROJECT MANAGER (PM), RICK GRAMMIER.  THE PROJECT SYSTEM ENGINEER, PAYLOAD MANAGER, FLIGHT SYSTEM MANAGER, MISSION MANAGER, SCIENCE OPS CENTER, BUSINESS MANAGER, LM CONTRACT CTM, AND MISSION ASSURANCE MANAGER ALL REPORT DIRECTLY TO THE PM.",080,NATIONAL AERONAUTICS AND SPACE ADMINISTRATION (NASA),8000,NATIONAL AERONAUTICS AND SPACE ADMINISTRATION,80MSFC,NASA MARSHALL SPACE FLIGHT CENTER,080,NATIONAL AERONAUTICS AND SPACE ADMINISTRATION (NASA),8000,NATIONAL AERONAUTICS AND SPACE ADMINISTRATION,80MSFC,NASA MARSHALL SPACE FLIGHT CENTER,PB11V1KH3KV4,,SOUTHWEST RESEARCH INSTITUTE,SOUTHWEST RESEARCH INSTITUTE,PB11V1KH3KV4,PB11V1KH3KV4,SOUTHWEST RESEARCH INSTITUTE,SOUTHWEST RESEARCH INSTITUTE INC,USA,TX,BEXAR,SAN ANTONIO,TX-20,TX-20,782385100,UNITED STATES,TEXAS,BEXAR,TX-20,TX-20,782385100,,,AR22,R&D- SPACE: SCIENCE/APPLICATIONS (APPLIED RESEARCH/EXPLORATORY DEVELOPMENT),541710,"RESEARCH AND DEVELOPMENT IN THE PHYSICAL, ENGINEERING, AND LIFE SCIENCES",,,https://www.usaspending.gov/award/CONT_AWD_NNM06AA75C_8000_-NONE-_-NONE-/,2021-11-06
National Aeronautics and Space Administration,National Aeronautics and Space Administration,FY2021P12,,080,2021,2022,,0120,000,080-2021/2022-0120-000,"Science, National Aeronautics and Space Administration",National Aeronautics and Space Administration,,"General Science, Space, and Technology","Space flight, research, and supporting activities",080-0120,"Science, National Aeronautics and Space Administration",0001,SCIENCE (DIRECT),25.5,Research and development contracts,D,Q,Not Designated Nonemergency/Emergency/Disaster/Wildfire Suppression,,5426546.14,,,CONT_AWD_NNM06AA75C_8000_-NONE-_-NONE-,NNM06AA75C,,,,2006-02-23,2006,2025-09-05,2025,2006-02-23,2026-08-31,,D,DEFINITIVE CONTRACT,,,"THE NATIONAL AERONAUTICS AND SPACE ADMINISTRATION HAS SELECTED JUNO NEW FRONTIERS MISSION UNDER THE DIRECTION OF PRINCIPAL INVESTIGATOR (PI) DR. SCOTT BOLTON TO CONTINUE DEVELOPMENT WITH THE EXPECTATION THAT THE JUNO MISSION WILL ENTER PHASE B IN EARLY FISCAL YEAR 2006.  THE JUNO MISSION WILL BE MANAGED BY THE MARSHALL SPACE FLIGHT CENTER, NEW FRONTIERS PROGRAM OFFICE.  KEY JUNO TEAM MEMBERS INCLUDE DR. BOLTON'S HOME INSTITUTION, THE SOUTHWEST RESEARCH INSTITUTE (SWRI), THE JUNO IMPLEMENTATION TEAM LEADER JET PROPULSION LABORATORY (JPL) AND THE SPACECRAFT BUS PROVIDER THE LOCKHEED MARTIN SPACE SYSTEMS DIVISION (LM/SS).   THE PI'S TEAM AT SWRI NEEDS TO BEGIN WORK ON A SUBSET OF PHASE B ACTIVITIES AS EARLY IN FY06 AS POSSIBLE.  THIS SOW PROVIDES A LIST OF ACTIVITIES THAT ARE NECESSARY TO BEGIN WORK IN FY06 AND THEIR ASSOCIATED DELIVERABLES. THE JUNO MISSION IS A COLLABORATION BETWEEN SOUTHWEST RESEARCH INSTITUTE (SWRI), JPL, LOCKHEED MARTIN (LM), AND A COMPLEMENTARY TEAM OF UNIVERSITIES AND FIELD CENTERS.  THE PRINCIPAL INVESTIGATOR, DR. SCOTT BOLTON, IS AT SOUTHWEST RESEARCH INSTITUTE (SWRI) AND IS RESPONSIBLE TO NASA FOR ALL ASPECTS OF THE MISSION INCLUDING ACHIEVING ALL SCIENTIFIC OBJECTIVES AND MISSION GOALS.  JPL PROVIDES THE PROJECT MANAGER WHO OVERSEES THE DAY-TO-DAY MANAGEMENT OF THE PROJECT AND WILL REPORT TO THE PI. PRINCIPAL INVESTIGATOR (PI) DR. SCOTT BOLTON IS RESPONSIBLE TO NASA FOR MEETING THE SCIENTIFIC OBJECTIVES OF THE JUNO MISSION WITHIN COST AND SCHEDULE.  AS PI, DR. BOLTON HAS DIRECT ACCOUNTABILITY TO THE NASA NEW FRONTIERS PROGRAM OFFICE FOR THE IMPLEMENTATION OF JUNO.  ALL JUNO SCIENCE CO-IS, THE DEPUTY PI AND PROJECT SCIENTIST, THE SCIENCE INVESTIGATION OFFICE MANAGER, THE E/PO EFFORT, THE JUNO ADVISORY BOARD AND THE PM REPORT DIRECTLY TO DR. BOLTON.  THE PI DELEGATES THE DAY-TO-DAY MANAGEMENT OF THE PROJECT TO THE PROJECT MANAGER (PM), RICK GRAMMIER.  THE PROJECT SYSTEM ENGINEER, PAYLOAD MANAGER, FLIGHT SYSTEM MANAGER, MISSION MANAGER, SCIENCE OPS CENTER, BUSINESS MANAGER, LM CONTRACT CTM, AND MISSION ASSURANCE MANAGER ALL REPORT DIRECTLY TO THE PM.",080,NATIONAL AERONAUTICS AND SPACE ADMINISTRATION (NASA),8000,NATIONAL AERONAUTICS AND SPACE ADMINISTRATION,80MSFC,NASA MARSHALL SPACE FLIGHT CENTER,080,NATIONAL AERONAUTICS AND SPACE ADMINISTRATION (NASA),8000,NATIONAL AERONAUTICS AND SPACE ADMINISTRATION,80MSFC,NASA MARSHALL SPACE FLIGHT CENTER,PB11V1KH3KV4,,SOUTHWEST RESEARCH INSTITUTE,SOUTHWEST RESEARCH INSTITUTE,PB11V1KH3KV4,PB11V1KH3KV4,SOUTHWEST RESEARCH INSTITUTE,SOUTHWEST RESEARCH INSTITUTE INC,USA,TX,BEXAR,SAN ANTONIO,TX-20,TX-20,782385100,UNITED STATES,TEXAS,BEXAR,TX-20,TX-20,782385100,,,AR22,R&D- SPACE: SCIENCE/APPLICATIONS (APPLIED RESEARCH/EXPLORATORY DEVELOPMENT),541710,"RESEARCH AND DEVELOPMENT IN THE PHYSICAL, ENGINEERING, AND LIFE SCIENCES",,,https://www.usaspending.gov/award/CONT_AWD_NNM06AA75C_8000_-NONE-_-NONE-/,2021-11-06
National Aeronautics and Space Administration,National Aeronautics and Space Administration,FY2021P12,,080,2021,2022,,0120,000,080-2021/2022-0120-000,"Science, National Aeronautics and Space Administration",National Aeronautics and Space Administration,,"General Science, Space, and Technology","Space flight, research, and supporting activities",080-0120,"Science, National Aeronautics and Space Administration",0001,SCIENCE (DIRECT),25.5,Research and development contracts,D,Q,Not Designated Nonemergency/Emergency/Disaster/Wildfire Suppression,1575000.00,,,,CONT_AWD_NNM06AA75C_8000_-NONE-_-NONE-,NNM06AA75C,,,,2006-02-23,2006,2025-09-05,2025,2006-02-23,2026-08-31,,D,DEFINITIVE CONTRACT,,,"THE NATIONAL AERONAUTICS AND SPACE ADMINISTRATION HAS SELECTED JUNO NEW FRONTIERS MISSION UNDER THE DIRECTION OF PRINCIPAL INVESTIGATOR (PI) DR. SCOTT BOLTON TO CONTINUE DEVELOPMENT WITH THE EXPECTATION THAT THE JUNO MISSION WILL ENTER PHASE B IN EARLY FISCAL YEAR 2006.  THE JUNO MISSION WILL BE MANAGED BY THE MARSHALL SPACE FLIGHT CENTER, NEW FRONTIERS PROGRAM OFFICE.  KEY JUNO TEAM MEMBERS INCLUDE DR. BOLTON'S HOME INSTITUTION, THE SOUTHWEST RESEARCH INSTITUTE (SWRI), THE JUNO IMPLEMENTATION TEAM LEADER JET PROPULSION LABORATORY (JPL) AND THE SPACECRAFT BUS PROVIDER THE LOCKHEED MARTIN SPACE SYSTEMS DIVISION (LM/SS).   THE PI'S TEAM AT SWRI NEEDS TO BEGIN WORK ON A SUBSET OF PHASE B ACTIVITIES AS EARLY IN FY06 AS POSSIBLE.  THIS SOW PROVIDES A LIST OF ACTIVITIES THAT ARE NECESSARY TO BEGIN WORK IN FY06 AND THEIR ASSOCIATED DELIVERABLES. THE JUNO MISSION IS A COLLABORATION BETWEEN SOUTHWEST RESEARCH INSTITUTE (SWRI), JPL, LOCKHEED MARTIN (LM), AND A COMPLEMENTARY TEAM OF UNIVERSITIES AND FIELD CENTERS.  THE PRINCIPAL INVESTIGATOR, DR. SCOTT BOLTON, IS AT SOUTHWEST RESEARCH INSTITUTE (SWRI) AND IS RESPONSIBLE TO NASA FOR ALL ASPECTS OF THE MISSION INCLUDING ACHIEVING ALL SCIENTIFIC OBJECTIVES AND MISSION GOALS.  JPL PROVIDES THE PROJECT MANAGER WHO OVERSEES THE DAY-TO-DAY MANAGEMENT OF THE PROJECT AND WILL REPORT TO THE PI. PRINCIPAL INVESTIGATOR (PI) DR. SCOTT BOLTON IS RESPONSIBLE TO NASA FOR MEETING THE SCIENTIFIC OBJECTIVES OF THE JUNO MISSION WITHIN COST AND SCHEDULE.  AS PI, DR. BOLTON HAS DIRECT ACCOUNTABILITY TO THE NASA NEW FRONTIERS PROGRAM OFFICE FOR THE IMPLEMENTATION OF JUNO.  ALL JUNO SCIENCE CO-IS, THE DEPUTY PI AND PROJECT SCIENTIST, THE SCIENCE INVESTIGATION OFFICE MANAGER, THE E/PO EFFORT, THE JUNO ADVISORY BOARD AND THE PM REPORT DIRECTLY TO DR. BOLTON.  THE PI DELEGATES THE DAY-TO-DAY MANAGEMENT OF THE PROJECT TO THE PROJECT MANAGER (PM), RICK GRAMMIER.  THE PROJECT SYSTEM ENGINEER, PAYLOAD MANAGER, FLIGHT SYSTEM MANAGER, MISSION MANAGER, SCIENCE OPS CENTER, BUSINESS MANAGER, LM CONTRACT CTM, AND MISSION ASSURANCE MANAGER ALL REPORT DIRECTLY TO THE PM.",080,NATIONAL AERONAUTICS AND SPACE ADMINISTRATION (NASA),8000,NATIONAL AERONAUTICS AND SPACE ADMINISTRATION,80MSFC,NASA MARSHALL SPACE FLIGHT CENTER,080,NATIONAL AERONAUTICS AND SPACE ADMINISTRATION (NASA),8000,NATIONAL AERONAUTICS AND SPACE ADMINISTRATION,80MSFC,NASA MARSHALL SPACE FLIGHT CENTER,PB11V1KH3KV4,,SOUTHWEST RESEARCH INSTITUTE,SOUTHWEST RESEARCH INSTITUTE,PB11V1KH3KV4,PB11V1KH3KV4,SOUTHWEST RESEARCH INSTITUTE,SOUTHWEST RESEARCH INSTITUTE INC,USA,TX,BEXAR,SAN ANTONIO,TX-20,TX-20,782385100,UNITED STATES,TEXAS,BEXAR,TX-20,TX-20,782385100,,,AR22,R&D- SPACE: SCIENCE/APPLICATIONS (APPLIED RESEARCH/EXPLORATORY DEVELOPMENT),541710,"RESEARCH AND DEVELOPMENT IN THE PHYSICAL, ENGINEERING, AND LIFE SCIENCES",,,https://www.usaspending.gov/award/CONT_AWD_NNM06AA75C_8000_-NONE-_-NONE-/,2021-11-06
National Aeronautics and Space Administration,National Aeronautics and Space Administration,FY2022P02,,080,2021,2022,,0120,000,080-2021/2022-0120-000,"Science, National Aeronautics and Space Administration",National Aeronautics and Space Administration,,"General Science, Space, and Technology","Space flight, research, and supporting activities",080-0120,"Science, National Aeronautics and Space Administration",0001,SCIENCE (DIRECT),25.5,Research and development contracts,D,Q,Not Designated Nonemergency/Emergency/Disaster/Wildfire Suppression,,1572942.15,,,CONT_AWD_NNM06AA75C_8000_-NONE-_-NONE-,NNM06AA75C,,,,2006-02-23,2006,2025-09-05,2025,2006-02-23,2026-08-31,,D,DEFINITIVE CONTRACT,,,"THE NATIONAL AERONAUTICS AND SPACE ADMINISTRATION HAS SELECTED JUNO NEW FRONTIERS MISSION UNDER THE DIRECTION OF PRINCIPAL INVESTIGATOR (PI) DR. SCOTT BOLTON TO CONTINUE DEVELOPMENT WITH THE EXPECTATION THAT THE JUNO MISSION WILL ENTER PHASE B IN EARLY FISCAL YEAR 2006.  THE JUNO MISSION WILL BE MANAGED BY THE MARSHALL SPACE FLIGHT CENTER, NEW FRONTIERS PROGRAM OFFICE.  KEY JUNO TEAM MEMBERS INCLUDE DR. BOLTON'S HOME INSTITUTION, THE SOUTHWEST RESEARCH INSTITUTE (SWRI), THE JUNO IMPLEMENTATION TEAM LEADER JET PROPULSION LABORATORY (JPL) AND THE SPACECRAFT BUS PROVIDER THE LOCKHEED MARTIN SPACE SYSTEMS DIVISION (LM/SS).   THE PI'S TEAM AT SWRI NEEDS TO BEGIN WORK ON A SUBSET OF PHASE B ACTIVITIES AS EARLY IN FY06 AS POSSIBLE.  THIS SOW PROVIDES A LIST OF ACTIVITIES THAT ARE NECESSARY TO BEGIN WORK IN FY06 AND THEIR ASSOCIATED DELIVERABLES. THE JUNO MISSION IS A COLLABORATION BETWEEN SOUTHWEST RESEARCH INSTITUTE (SWRI), JPL, LOCKHEED MARTIN (LM), AND A COMPLEMENTARY TEAM OF UNIVERSITIES AND FIELD CENTERS.  THE PRINCIPAL INVESTIGATOR, DR. SCOTT BOLTON, IS AT SOUTHWEST RESEARCH INSTITUTE (SWRI) AND IS RESPONSIBLE TO NASA FOR ALL ASPECTS OF THE MISSION INCLUDING ACHIEVING ALL SCIENTIFIC OBJECTIVES AND MISSION GOALS.  JPL PROVIDES THE PROJECT MANAGER WHO OVERSEES THE DAY-TO-DAY MANAGEMENT OF THE PROJECT AND WILL REPORT TO THE PI. PRINCIPAL INVESTIGATOR (PI) DR. SCOTT BOLTON IS RESPONSIBLE TO NASA FOR MEETING THE SCIENTIFIC OBJECTIVES OF THE JUNO MISSION WITHIN COST AND SCHEDULE.  AS PI, DR. BOLTON HAS DIRECT ACCOUNTABILITY TO THE NASA NEW FRONTIERS PROGRAM OFFICE FOR THE IMPLEMENTATION OF JUNO.  ALL JUNO SCIENCE CO-IS, THE DEPUTY PI AND PROJECT SCIENTIST, THE SCIENCE INVESTIGATION OFFICE MANAGER, THE E/PO EFFORT, THE JUNO ADVISORY BOARD AND THE PM REPORT DIRECTLY TO DR. BOLTON.  THE PI DELEGATES THE DAY-TO-DAY MANAGEMENT OF THE PROJECT TO THE PROJECT MANAGER (PM), RICK GRAMMIER.  THE PROJECT SYSTEM ENGINEER, PAYLOAD MANAGER, FLIGHT SYSTEM MANAGER, MISSION MANAGER, SCIENCE OPS CENTER, BUSINESS MANAGER, LM CONTRACT CTM, AND MISSION ASSURANCE MANAGER ALL REPORT DIRECTLY TO THE PM.",080,NATIONAL AERONAUTICS AND SPACE ADMINISTRATION (NASA),8000,NATIONAL AERONAUTICS AND SPACE ADMINISTRATION,80MSFC,NASA MARSHALL SPACE FLIGHT CENTER,080,NATIONAL AERONAUTICS AND SPACE ADMINISTRATION (NASA),8000,NATIONAL AERONAUTICS AND SPACE ADMINISTRATION,80MSFC,NASA MARSHALL SPACE FLIGHT CENTER,PB11V1KH3KV4,,SOUTHWEST RESEARCH INSTITUTE,SOUTHWEST RESEARCH INSTITUTE,PB11V1KH3KV4,PB11V1KH3KV4,SOUTHWEST RESEARCH INSTITUTE,SOUTHWEST RESEARCH INSTITUTE INC,USA,TX,BEXAR,SAN ANTONIO,TX-20,TX-20,782385100,UNITED STATES,TEXAS,BEXAR,TX-20,TX-20,782385100,,,AR22,R&D- SPACE: SCIENCE/APPLICATIONS (APPLIED RESEARCH/EXPLORATORY DEVELOPMENT),541710,"RESEARCH AND DEVELOPMENT IN THE PHYSICAL, ENGINEERING, AND LIFE SCIENCES",,,https://www.usaspending.gov/award/CONT_AWD_NNM06AA75C_8000_-NONE-_-NONE-/,2021-12-20
National Aeronautics and Space Administration,National Aeronautics and Space Administration,FY2022P03,,080,2021,2022,,0120,000,080-2021/2022-0120-000,"Science, National Aeronautics and Space Administration",National Aeronautics and Space Administration,,"General Science, Space, and Technology","Space flight, research, and supporting activities",080-0120,"Science, National Aeronautics and Space Administration",0001,SCIENCE (DIRECT),25.5,Research and development contracts,D,Q,Not Designated Nonemergency/Emergency/Disaster/Wildfire Suppression,,2011643.93,,,CONT_AWD_NNM06AA75C_8000_-NONE-_-NONE-,NNM06AA75C,,,,2006-02-23,2006,2025-09-05,2025,2006-02-23,2026-08-31,,D,DEFINITIVE CONTRACT,,,"THE NATIONAL AERONAUTICS AND SPACE ADMINISTRATION HAS SELECTED JUNO NEW FRONTIERS MISSION UNDER THE DIRECTION OF PRINCIPAL INVESTIGATOR (PI) DR. SCOTT BOLTON TO CONTINUE DEVELOPMENT WITH THE EXPECTATION THAT THE JUNO MISSION WILL ENTER PHASE B IN EARLY FISCAL YEAR 2006.  THE JUNO MISSION WILL BE MANAGED BY THE MARSHALL SPACE FLIGHT CENTER, NEW FRONTIERS PROGRAM OFFICE.  KEY JUNO TEAM MEMBERS INCLUDE DR. BOLTON'S HOME INSTITUTION, THE SOUTHWEST RESEARCH INSTITUTE (SWRI), THE JUNO IMPLEMENTATION TEAM LEADER JET PROPULSION LABORATORY (JPL) AND THE SPACECRAFT BUS PROVIDER THE LOCKHEED MARTIN SPACE SYSTEMS DIVISION (LM/SS).   THE PI'S TEAM AT SWRI NEEDS TO BEGIN WORK ON A SUBSET OF PHASE B ACTIVITIES AS EARLY IN FY06 AS POSSIBLE.  THIS SOW PROVIDES A LIST OF ACTIVITIES THAT ARE NECESSARY TO BEGIN WORK IN FY06 AND THEIR ASSOCIATED DELIVERABLES. THE JUNO MISSION IS A COLLABORATION BETWEEN SOUTHWEST RESEARCH INSTITUTE (SWRI), JPL, LOCKHEED MARTIN (LM), AND A COMPLEMENTARY TEAM OF UNIVERSITIES AND FIELD CENTERS.  THE PRINCIPAL INVESTIGATOR, DR. SCOTT BOLTON, IS AT SOUTHWEST RESEARCH INSTITUTE (SWRI) AND IS RESPONSIBLE TO NASA FOR ALL ASPECTS OF THE MISSION INCLUDING ACHIEVING ALL SCIENTIFIC OBJECTIVES AND MISSION GOALS.  JPL PROVIDES THE PROJECT MANAGER WHO OVERSEES THE DAY-TO-DAY MANAGEMENT OF THE PROJECT AND WILL REPORT TO THE PI. PRINCIPAL INVESTIGATOR (PI) DR. SCOTT BOLTON IS RESPONSIBLE TO NASA FOR MEETING THE SCIENTIFIC OBJECTIVES OF THE JUNO MISSION WITHIN COST AND SCHEDULE.  AS PI, DR. BOLTON HAS DIRECT ACCOUNTABILITY TO THE NASA NEW FRONTIERS PROGRAM OFFICE FOR THE IMPLEMENTATION OF JUNO.  ALL JUNO SCIENCE CO-IS, THE DEPUTY PI AND PROJECT SCIENTIST, THE SCIENCE INVESTIGATION OFFICE MANAGER, THE E/PO EFFORT, THE JUNO ADVISORY BOARD AND THE PM REPORT DIRECTLY TO DR. BOLTON.  THE PI DELEGATES THE DAY-TO-DAY MANAGEMENT OF THE PROJECT TO THE PROJECT MANAGER (PM), RICK GRAMMIER.  THE PROJECT SYSTEM ENGINEER, PAYLOAD MANAGER, FLIGHT SYSTEM MANAGER, MISSION MANAGER, SCIENCE OPS CENTER, BUSINESS MANAGER, LM CONTRACT CTM, AND MISSION ASSURANCE MANAGER ALL REPORT DIRECTLY TO THE PM.",080,NATIONAL AERONAUTICS AND SPACE ADMINISTRATION (NASA),8000,NATIONAL AERONAUTICS AND SPACE ADMINISTRATION,80MSFC,NASA MARSHALL SPACE FLIGHT CENTER,080,NATIONAL AERONAUTICS AND SPACE ADMINISTRATION (NASA),8000,NATIONAL AERONAUTICS AND SPACE ADMINISTRATION,80MSFC,NASA MARSHALL SPACE FLIGHT CENTER,PB11V1KH3KV4,,SOUTHWEST RESEARCH INSTITUTE,SOUTHWEST RESEARCH INSTITUTE,PB11V1KH3KV4,PB11V1KH3KV4,SOUTHWEST RESEARCH INSTITUTE,SOUTHWEST RESEARCH INSTITUTE INC,USA,TX,BEXAR,SAN ANTONIO,TX-20,TX-20,782385100,UNITED STATES,TEXAS,BEXAR,TX-20,TX-20,782385100,,,AR22,R&D- SPACE: SCIENCE/APPLICATIONS (APPLIED RESEARCH/EXPLORATORY DEVELOPMENT),541710,"RESEARCH AND DEVELOPMENT IN THE PHYSICAL, ENGINEERING, AND LIFE SCIENCES",,,https://www.usaspending.gov/award/CONT_AWD_NNM06AA75C_8000_-NONE-_-NONE-/,2022-01-25
National Aeronautics and Space Administration,National Aeronautics and Space Administration,FY2022P04,,080,2021,2022,,0120,000,080-2021/2022-0120-000,"Science, National Aeronautics and Space Administration",National Aeronautics and Space Administration,,"General Science, Space, and Technology","Space flight, research, and supporting activities",080-0120,"Science, National Aeronautics and Space Administration",0001,SCIENCE (DIRECT),25.5,Research and development contracts,D,Q,Not Designated Nonemergency/Emergency/Disaster/Wildfire Suppression,,3286545.02,,,CONT_AWD_NNM06AA75C_8000_-NONE-_-NONE-,NNM06AA75C,,,,2006-02-23,2006,2025-09-05,2025,2006-02-23,2026-08-31,,D,DEFINITIVE CONTRACT,,,"THE NATIONAL AERONAUTICS AND SPACE ADMINISTRATION HAS SELECTED JUNO NEW FRONTIERS MISSION UNDER THE DIRECTION OF PRINCIPAL INVESTIGATOR (PI) DR. SCOTT BOLTON TO CONTINUE DEVELOPMENT WITH THE EXPECTATION THAT THE JUNO MISSION WILL ENTER PHASE B IN EARLY FISCAL YEAR 2006.  THE JUNO MISSION WILL BE MANAGED BY THE MARSHALL SPACE FLIGHT CENTER, NEW FRONTIERS PROGRAM OFFICE.  KEY JUNO TEAM MEMBERS INCLUDE DR. BOLTON'S HOME INSTITUTION, THE SOUTHWEST RESEARCH INSTITUTE (SWRI), THE JUNO IMPLEMENTATION TEAM LEADER JET PROPULSION LABORATORY (JPL) AND THE SPACECRAFT BUS PROVIDER THE LOCKHEED MARTIN SPACE SYSTEMS DIVISION (LM/SS).   THE PI'S TEAM AT SWRI NEEDS TO BEGIN WORK ON A SUBSET OF PHASE B ACTIVITIES AS EARLY IN FY06 AS POSSIBLE.  THIS SOW PROVIDES A LIST OF ACTIVITIES THAT ARE NECESSARY TO BEGIN WORK IN FY06 AND THEIR ASSOCIATED DELIVERABLES. THE JUNO MISSION IS A COLLABORATION BETWEEN SOUTHWEST RESEARCH INSTITUTE (SWRI), JPL, LOCKHEED MARTIN (LM), AND A COMPLEMENTARY TEAM OF UNIVERSITIES AND FIELD CENTERS.  THE PRINCIPAL INVESTIGATOR, DR. SCOTT BOLTON, IS AT SOUTHWEST RESEARCH INSTITUTE (SWRI) AND IS RESPONSIBLE TO NASA FOR ALL ASPECTS OF THE MISSION INCLUDING ACHIEVING ALL SCIENTIFIC OBJECTIVES AND MISSION GOALS.  JPL PROVIDES THE PROJECT MANAGER WHO OVERSEES THE DAY-TO-DAY MANAGEMENT OF THE PROJECT AND WILL REPORT TO THE PI. PRINCIPAL INVESTIGATOR (PI) DR. SCOTT BOLTON IS RESPONSIBLE TO NASA FOR MEETING THE SCIENTIFIC OBJECTIVES OF THE JUNO MISSION WITHIN COST AND SCHEDULE.  AS PI, DR. BOLTON HAS DIRECT ACCOUNTABILITY TO THE NASA NEW FRONTIERS PROGRAM OFFICE FOR THE IMPLEMENTATION OF JUNO.  ALL JUNO SCIENCE CO-IS, THE DEPUTY PI AND PROJECT SCIENTIST, THE SCIENCE INVESTIGATION OFFICE MANAGER, THE E/PO EFFORT, THE JUNO ADVISORY BOARD AND THE PM REPORT DIRECTLY TO DR. BOLTON.  THE PI DELEGATES THE DAY-TO-DAY MANAGEMENT OF THE PROJECT TO THE PROJECT MANAGER (PM), RICK GRAMMIER.  THE PROJECT SYSTEM ENGINEER, PAYLOAD MANAGER, FLIGHT SYSTEM MANAGER, MISSION MANAGER, SCIENCE OPS CENTER, BUSINESS MANAGER, LM CONTRACT CTM, AND MISSION ASSURANCE MANAGER ALL REPORT DIRECTLY TO THE PM.",080,NATIONAL AERONAUTICS AND SPACE ADMINISTRATION (NASA),8000,NATIONAL AERONAUTICS AND SPACE ADMINISTRATION,80MSFC,NASA MARSHALL SPACE FLIGHT CENTER,080,NATIONAL AERONAUTICS AND SPACE ADMINISTRATION (NASA),8000,NATIONAL AERONAUTICS AND SPACE ADMINISTRATION,80MSFC,NASA MARSHALL SPACE FLIGHT CENTER,PB11V1KH3KV4,,SOUTHWEST RESEARCH INSTITUTE,SOUTHWEST RESEARCH INSTITUTE,PB11V1KH3KV4,PB11V1KH3KV4,SOUTHWEST RESEARCH INSTITUTE,SOUTHWEST RESEARCH INSTITUTE INC,USA,TX,BEXAR,SAN ANTONIO,TX-20,TX-20,782385100,UNITED STATES,TEXAS,BEXAR,TX-20,TX-20,782385100,,,AR22,R&D- SPACE: SCIENCE/APPLICATIONS (APPLIED RESEARCH/EXPLORATORY DEVELOPMENT),541710,"RESEARCH AND DEVELOPMENT IN THE PHYSICAL, ENGINEERING, AND LIFE SCIENCES",,,https://www.usaspending.gov/award/CONT_AWD_NNM06AA75C_8000_-NONE-_-NONE-/,2022-02-24
National Aeronautics and Space Administration,National Aeronautics and Space Administration,FY2022P05,,080,2022,2023,,0120,000,080-2022/2023-0120-000,"Science, National Aeronautics and Space Administration",National Aeronautics and Space Administration,,"General Science, Space, and Technology","Space flight, research, and supporting activities",080-0120,"Science, National Aeronautics and Space Administration",0001,SCIENCE (DIRECT),25.5,Research and development contracts,D,Q,Not Designated Nonemergency/Emergency/Disaster/Wildfire Suppression,400000.00,,,,CONT_AWD_NNM06AA75C_8000_-NONE-_-NONE-,NNM06AA75C,,,,2006-02-23,2006,2025-09-05,2025,2006-02-23,2026-08-31,,D,DEFINITIVE CONTRACT,,,"THE NATIONAL AERONAUTICS AND SPACE ADMINISTRATION HAS SELECTED JUNO NEW FRONTIERS MISSION UNDER THE DIRECTION OF PRINCIPAL INVESTIGATOR (PI) DR. SCOTT BOLTON TO CONTINUE DEVELOPMENT WITH THE EXPECTATION THAT THE JUNO MISSION WILL ENTER PHASE B IN EARLY FISCAL YEAR 2006.  THE JUNO MISSION WILL BE MANAGED BY THE MARSHALL SPACE FLIGHT CENTER, NEW FRONTIERS PROGRAM OFFICE.  KEY JUNO TEAM MEMBERS INCLUDE DR. BOLTON'S HOME INSTITUTION, THE SOUTHWEST RESEARCH INSTITUTE (SWRI), THE JUNO IMPLEMENTATION TEAM LEADER JET PROPULSION LABORATORY (JPL) AND THE SPACECRAFT BUS PROVIDER THE LOCKHEED MARTIN SPACE SYSTEMS DIVISION (LM/SS).   THE PI'S TEAM AT SWRI NEEDS TO BEGIN WORK ON A SUBSET OF PHASE B ACTIVITIES AS EARLY IN FY06 AS POSSIBLE.  THIS SOW PROVIDES A LIST OF ACTIVITIES THAT ARE NECESSARY TO BEGIN WORK IN FY06 AND THEIR ASSOCIATED DELIVERABLES. THE JUNO MISSION IS A COLLABORATION BETWEEN SOUTHWEST RESEARCH INSTITUTE (SWRI), JPL, LOCKHEED MARTIN (LM), AND A COMPLEMENTARY TEAM OF UNIVERSITIES AND FIELD CENTERS.  THE PRINCIPAL INVESTIGATOR, DR. SCOTT BOLTON, IS AT SOUTHWEST RESEARCH INSTITUTE (SWRI) AND IS RESPONSIBLE TO NASA FOR ALL ASPECTS OF THE MISSION INCLUDING ACHIEVING ALL SCIENTIFIC OBJECTIVES AND MISSION GOALS.  JPL PROVIDES THE PROJECT MANAGER WHO OVERSEES THE DAY-TO-DAY MANAGEMENT OF THE PROJECT AND WILL REPORT TO THE PI. PRINCIPAL INVESTIGATOR (PI) DR. SCOTT BOLTON IS RESPONSIBLE TO NASA FOR MEETING THE SCIENTIFIC OBJECTIVES OF THE JUNO MISSION WITHIN COST AND SCHEDULE.  AS PI, DR. BOLTON HAS DIRECT ACCOUNTABILITY TO THE NASA NEW FRONTIERS PROGRAM OFFICE FOR THE IMPLEMENTATION OF JUNO.  ALL JUNO SCIENCE CO-IS, THE DEPUTY PI AND PROJECT SCIENTIST, THE SCIENCE INVESTIGATION OFFICE MANAGER, THE E/PO EFFORT, THE JUNO ADVISORY BOARD AND THE PM REPORT DIRECTLY TO DR. BOLTON.  THE PI DELEGATES THE DAY-TO-DAY MANAGEMENT OF THE PROJECT TO THE PROJECT MANAGER (PM), RICK GRAMMIER.  THE PROJECT SYSTEM ENGINEER, PAYLOAD MANAGER, FLIGHT SYSTEM MANAGER, MISSION MANAGER, SCIENCE OPS CENTER, BUSINESS MANAGER, LM CONTRACT CTM, AND MISSION ASSURANCE MANAGER ALL REPORT DIRECTLY TO THE PM.",080,NATIONAL AERONAUTICS AND SPACE ADMINISTRATION (NASA),8000,NATIONAL AERONAUTICS AND SPACE ADMINISTRATION,80MSFC,NASA MARSHALL SPACE FLIGHT CENTER,080,NATIONAL AERONAUTICS AND SPACE ADMINISTRATION (NASA),8000,NATIONAL AERONAUTICS AND SPACE ADMINISTRATION,80MSFC,NASA MARSHALL SPACE FLIGHT CENTER,PB11V1KH3KV4,,SOUTHWEST RESEARCH INSTITUTE,SOUTHWEST RESEARCH INSTITUTE,PB11V1KH3KV4,PB11V1KH3KV4,SOUTHWEST RESEARCH INSTITUTE,SOUTHWEST RESEARCH INSTITUTE INC,USA,TX,BEXAR,SAN ANTONIO,TX-20,TX-20,782385100,UNITED STATES,TEXAS,BEXAR,TX-20,TX-20,782385100,,,AR22,R&D- SPACE: SCIENCE/APPLICATIONS (APPLIED RESEARCH/EXPLORATORY DEVELOPMENT),541710,"RESEARCH AND DEVELOPMENT IN THE PHYSICAL, ENGINEERING, AND LIFE SCIENCES",,,https://www.usaspending.gov/award/CONT_AWD_NNM06AA75C_8000_-NONE-_-NONE-/,2022-03-28
National Aeronautics and Space Administration,National Aeronautics and Space Administration,FY2022P05,,080,2021,2022,,0120,000,080-2021/2022-0120-000,"Science, National Aeronautics and Space Administration",National Aeronautics and Space Administration,,"General Science, Space, and Technology","Space flight, research, and supporting activities",080-0120,"Science, National Aeronautics and Space Administration",0001,SCIENCE (DIRECT),25.5,Research and development contracts,D,Q,Not Designated Nonemergency/Emergency/Disaster/Wildfire Suppression,,3317842.78,,,CONT_AWD_NNM06AA75C_8000_-NONE-_-NONE-,NNM06AA75C,,,,2006-02-23,2006,2025-09-05,2025,2006-02-23,2026-08-31,,D,DEFINITIVE CONTRACT,,,"THE NATIONAL AERONAUTICS AND SPACE ADMINISTRATION HAS SELECTED JUNO NEW FRONTIERS MISSION UNDER THE DIRECTION OF PRINCIPAL INVESTIGATOR (PI) DR. SCOTT BOLTON TO CONTINUE DEVELOPMENT WITH THE EXPECTATION THAT THE JUNO MISSION WILL ENTER PHASE B IN EARLY FISCAL YEAR 2006.  THE JUNO MISSION WILL BE MANAGED BY THE MARSHALL SPACE FLIGHT CENTER, NEW FRONTIERS PROGRAM OFFICE.  KEY JUNO TEAM MEMBERS INCLUDE DR. BOLTON'S HOME INSTITUTION, THE SOUTHWEST RESEARCH INSTITUTE (SWRI), THE JUNO IMPLEMENTATION TEAM LEADER JET PROPULSION LABORATORY (JPL) AND THE SPACECRAFT BUS PROVIDER THE LOCKHEED MARTIN SPACE SYSTEMS DIVISION (LM/SS).   THE PI'S TEAM AT SWRI NEEDS TO BEGIN WORK ON A SUBSET OF PHASE B ACTIVITIES AS EARLY IN FY06 AS POSSIBLE.  THIS SOW PROVIDES A LIST OF ACTIVITIES THAT ARE NECESSARY TO BEGIN WORK IN FY06 AND THEIR ASSOCIATED DELIVERABLES. THE JUNO MISSION IS A COLLABORATION BETWEEN SOUTHWEST RESEARCH INSTITUTE (SWRI), JPL, LOCKHEED MARTIN (LM), AND A COMPLEMENTARY TEAM OF UNIVERSITIES AND FIELD CENTERS.  THE PRINCIPAL INVESTIGATOR, DR. SCOTT BOLTON, IS AT SOUTHWEST RESEARCH INSTITUTE (SWRI) AND IS RESPONSIBLE TO NASA FOR ALL ASPECTS OF THE MISSION INCLUDING ACHIEVING ALL SCIENTIFIC OBJECTIVES AND MISSION GOALS.  JPL PROVIDES THE PROJECT MANAGER WHO OVERSEES THE DAY-TO-DAY MANAGEMENT OF THE PROJECT AND WILL REPORT TO THE PI. PRINCIPAL INVESTIGATOR (PI) DR. SCOTT BOLTON IS RESPONSIBLE TO NASA FOR MEETING THE SCIENTIFIC OBJECTIVES OF THE JUNO MISSION WITHIN COST AND SCHEDULE.  AS PI, DR. BOLTON HAS DIRECT ACCOUNTABILITY TO THE NASA NEW FRONTIERS PROGRAM OFFICE FOR THE IMPLEMENTATION OF JUNO.  ALL JUNO SCIENCE CO-IS, THE DEPUTY PI AND PROJECT SCIENTIST, THE SCIENCE INVESTIGATION OFFICE MANAGER, THE E/PO EFFORT, THE JUNO ADVISORY BOARD AND THE PM REPORT DIRECTLY TO DR. BOLTON.  THE PI DELEGATES THE DAY-TO-DAY MANAGEMENT OF THE PROJECT TO THE PROJECT MANAGER (PM), RICK GRAMMIER.  THE PROJECT SYSTEM ENGINEER, PAYLOAD MANAGER, FLIGHT SYSTEM MANAGER, MISSION MANAGER, SCIENCE OPS CENTER, BUSINESS MANAGER, LM CONTRACT CTM, AND MISSION ASSURANCE MANAGER ALL REPORT DIRECTLY TO THE PM.",080,NATIONAL AERONAUTICS AND SPACE ADMINISTRATION (NASA),8000,NATIONAL AERONAUTICS AND SPACE ADMINISTRATION,80MSFC,NASA MARSHALL SPACE FLIGHT CENTER,080,NATIONAL AERONAUTICS AND SPACE ADMINISTRATION (NASA),8000,NATIONAL AERONAUTICS AND SPACE ADMINISTRATION,80MSFC,NASA MARSHALL SPACE FLIGHT CENTER,PB11V1KH3KV4,,SOUTHWEST RESEARCH INSTITUTE,SOUTHWEST RESEARCH INSTITUTE,PB11V1KH3KV4,PB11V1KH3KV4,SOUTHWEST RESEARCH INSTITUTE,SOUTHWEST RESEARCH INSTITUTE INC,USA,TX,BEXAR,SAN ANTONIO,TX-20,TX-20,782385100,UNITED STATES,TEXAS,BEXAR,TX-20,TX-20,782385100,,,AR22,R&D- SPACE: SCIENCE/APPLICATIONS (APPLIED RESEARCH/EXPLORATORY DEVELOPMENT),541710,"RESEARCH AND DEVELOPMENT IN THE PHYSICAL, ENGINEERING, AND LIFE SCIENCES",,,https://www.usaspending.gov/award/CONT_AWD_NNM06AA75C_8000_-NONE-_-NONE-/,2022-03-28
National Aeronautics and Space Administration,National Aeronautics and Space Administration,FY2022P06,,080,2021,2022,,0120,000,080-2021/2022-0120-000,"Science, National Aeronautics and Space Administration",National Aeronautics and Space Administration,,"General Science, Space, and Technology","Space flight, research, and supporting activities",080-0120,"Science, National Aeronautics and Space Administration",0001,SCIENCE (DIRECT),25.5,Research and development contracts,D,Q,Not Designated Nonemergency/Emergency/Disaster/Wildfire Suppression,,4800907.58,,,CONT_AWD_NNM06AA75C_8000_-NONE-_-NONE-,NNM06AA75C,,,,2006-02-23,2006,2025-09-05,2025,2006-02-23,2026-08-31,,D,DEFINITIVE CONTRACT,,,"THE NATIONAL AERONAUTICS AND SPACE ADMINISTRATION HAS SELECTED JUNO NEW FRONTIERS MISSION UNDER THE DIRECTION OF PRINCIPAL INVESTIGATOR (PI) DR. SCOTT BOLTON TO CONTINUE DEVELOPMENT WITH THE EXPECTATION THAT THE JUNO MISSION WILL ENTER PHASE B IN EARLY FISCAL YEAR 2006.  THE JUNO MISSION WILL BE MANAGED BY THE MARSHALL SPACE FLIGHT CENTER, NEW FRONTIERS PROGRAM OFFICE.  KEY JUNO TEAM MEMBERS INCLUDE DR. BOLTON'S HOME INSTITUTION, THE SOUTHWEST RESEARCH INSTITUTE (SWRI), THE JUNO IMPLEMENTATION TEAM LEADER JET PROPULSION LABORATORY (JPL) AND THE SPACECRAFT BUS PROVIDER THE LOCKHEED MARTIN SPACE SYSTEMS DIVISION (LM/SS).   THE PI'S TEAM AT SWRI NEEDS TO BEGIN WORK ON A SUBSET OF PHASE B ACTIVITIES AS EARLY IN FY06 AS POSSIBLE.  THIS SOW PROVIDES A LIST OF ACTIVITIES THAT ARE NECESSARY TO BEGIN WORK IN FY06 AND THEIR ASSOCIATED DELIVERABLES. THE JUNO MISSION IS A COLLABORATION BETWEEN SOUTHWEST RESEARCH INSTITUTE (SWRI), JPL, LOCKHEED MARTIN (LM), AND A COMPLEMENTARY TEAM OF UNIVERSITIES AND FIELD CENTERS.  THE PRINCIPAL INVESTIGATOR, DR. SCOTT BOLTON, IS AT SOUTHWEST RESEARCH INSTITUTE (SWRI) AND IS RESPONSIBLE TO NASA FOR ALL ASPECTS OF THE MISSION INCLUDING ACHIEVING ALL SCIENTIFIC OBJECTIVES AND MISSION GOALS.  JPL PROVIDES THE PROJECT MANAGER WHO OVERSEES THE DAY-TO-DAY MANAGEMENT OF THE PROJECT AND WILL REPORT TO THE PI. PRINCIPAL INVESTIGATOR (PI) DR. SCOTT BOLTON IS RESPONSIBLE TO NASA FOR MEETING THE SCIENTIFIC OBJECTIVES OF THE JUNO MISSION WITHIN COST AND SCHEDULE.  AS PI, DR. BOLTON HAS DIRECT ACCOUNTABILITY TO THE NASA NEW FRONTIERS PROGRAM OFFICE FOR THE IMPLEMENTATION OF JUNO.  ALL JUNO SCIENCE CO-IS, THE DEPUTY PI AND PROJECT SCIENTIST, THE SCIENCE INVESTIGATION OFFICE MANAGER, THE E/PO EFFORT, THE JUNO ADVISORY BOARD AND THE PM REPORT DIRECTLY TO DR. BOLTON.  THE PI DELEGATES THE DAY-TO-DAY MANAGEMENT OF THE PROJECT TO THE PROJECT MANAGER (PM), RICK GRAMMIER.  THE PROJECT SYSTEM ENGINEER, PAYLOAD MANAGER, FLIGHT SYSTEM MANAGER, MISSION MANAGER, SCIENCE OPS CENTER, BUSINESS MANAGER, LM CONTRACT CTM, AND MISSION ASSURANCE MANAGER ALL REPORT DIRECTLY TO THE PM.",080,NATIONAL AERONAUTICS AND SPACE ADMINISTRATION (NASA),8000,NATIONAL AERONAUTICS AND SPACE ADMINISTRATION,80MSFC,NASA MARSHALL SPACE FLIGHT CENTER,080,NATIONAL AERONAUTICS AND SPACE ADMINISTRATION (NASA),8000,NATIONAL AERONAUTICS AND SPACE ADMINISTRATION,80MSFC,NASA MARSHALL SPACE FLIGHT CENTER,PB11V1KH3KV4,,SOUTHWEST RESEARCH INSTITUTE,SOUTHWEST RESEARCH INSTITUTE,PB11V1KH3KV4,PB11V1KH3KV4,SOUTHWEST RESEARCH INSTITUTE,SOUTHWEST RESEARCH INSTITUTE INC,USA,TX,BEXAR,SAN ANTONIO,TX-20,TX-20,782385100,UNITED STATES,TEXAS,BEXAR,TX-20,TX-20,782385100,,,AR22,R&D- SPACE: SCIENCE/APPLICATIONS (APPLIED RESEARCH/EXPLORATORY DEVELOPMENT),541710,"RESEARCH AND DEVELOPMENT IN THE PHYSICAL, ENGINEERING, AND LIFE SCIENCES",,,https://www.usaspending.gov/award/CONT_AWD_NNM06AA75C_8000_-NONE-_-NONE-/,2022-04-25
National Aeronautics and Space Administration,National Aeronautics and Space Administration,FY2022P07,,080,2021,2022,,0120,000,080-2021/2022-0120-000,"Science, National Aeronautics and Space Administration",National Aeronautics and Space Administration,,"General Science, Space, and Technology","Space flight, research, and supporting activities",080-0120,"Science, National Aeronautics and Space Administration",0001,SCIENCE (DIRECT),25.5,Research and development contracts,D,Q,Not Designated Nonemergency/Emergency/Disaster/Wildfire Suppression,,5338278.86,,,CONT_AWD_NNM06AA75C_8000_-NONE-_-NONE-,NNM06AA75C,,,,2006-02-23,2006,2025-09-05,2025,2006-02-23,2026-08-31,,D,DEFINITIVE CONTRACT,,,"THE NATIONAL AERONAUTICS AND SPACE ADMINISTRATION HAS SELECTED JUNO NEW FRONTIERS MISSION UNDER THE DIRECTION OF PRINCIPAL INVESTIGATOR (PI) DR. SCOTT BOLTON TO CONTINUE DEVELOPMENT WITH THE EXPECTATION THAT THE JUNO MISSION WILL ENTER PHASE B IN EARLY FISCAL YEAR 2006.  THE JUNO MISSION WILL BE MANAGED BY THE MARSHALL SPACE FLIGHT CENTER, NEW FRONTIERS PROGRAM OFFICE.  KEY JUNO TEAM MEMBERS INCLUDE DR. BOLTON'S HOME INSTITUTION, THE SOUTHWEST RESEARCH INSTITUTE (SWRI), THE JUNO IMPLEMENTATION TEAM LEADER JET PROPULSION LABORATORY (JPL) AND THE SPACECRAFT BUS PROVIDER THE LOCKHEED MARTIN SPACE SYSTEMS DIVISION (LM/SS).   THE PI'S TEAM AT SWRI NEEDS TO BEGIN WORK ON A SUBSET OF PHASE B ACTIVITIES AS EARLY IN FY06 AS POSSIBLE.  THIS SOW PROVIDES A LIST OF ACTIVITIES THAT ARE NECESSARY TO BEGIN WORK IN FY06 AND THEIR ASSOCIATED DELIVERABLES. THE JUNO MISSION IS A COLLABORATION BETWEEN SOUTHWEST RESEARCH INSTITUTE (SWRI), JPL, LOCKHEED MARTIN (LM), AND A COMPLEMENTARY TEAM OF UNIVERSITIES AND FIELD CENTERS.  THE PRINCIPAL INVESTIGATOR, DR. SCOTT BOLTON, IS AT SOUTHWEST RESEARCH INSTITUTE (SWRI) AND IS RESPONSIBLE TO NASA FOR ALL ASPECTS OF THE MISSION INCLUDING ACHIEVING ALL SCIENTIFIC OBJECTIVES AND MISSION GOALS.  JPL PROVIDES THE PROJECT MANAGER WHO OVERSEES THE DAY-TO-DAY MANAGEMENT OF THE PROJECT AND WILL REPORT TO THE PI. PRINCIPAL INVESTIGATOR (PI) DR. SCOTT BOLTON IS RESPONSIBLE TO NASA FOR MEETING THE SCIENTIFIC OBJECTIVES OF THE JUNO MISSION WITHIN COST AND SCHEDULE.  AS PI, DR. BOLTON HAS DIRECT ACCOUNTABILITY TO THE NASA NEW FRONTIERS PROGRAM OFFICE FOR THE IMPLEMENTATION OF JUNO.  ALL JUNO SCIENCE CO-IS, THE DEPUTY PI AND PROJECT SCIENTIST, THE SCIENCE INVESTIGATION OFFICE MANAGER, THE E/PO EFFORT, THE JUNO ADVISORY BOARD AND THE PM REPORT DIRECTLY TO DR. BOLTON.  THE PI DELEGATES THE DAY-TO-DAY MANAGEMENT OF THE PROJECT TO THE PROJECT MANAGER (PM), RICK GRAMMIER.  THE PROJECT SYSTEM ENGINEER, PAYLOAD MANAGER, FLIGHT SYSTEM MANAGER, MISSION MANAGER, SCIENCE OPS CENTER, BUSINESS MANAGER, LM CONTRACT CTM, AND MISSION ASSURANCE MANAGER ALL REPORT DIRECTLY TO THE PM.",080,NATIONAL AERONAUTICS AND SPACE ADMINISTRATION (NASA),8000,NATIONAL AERONAUTICS AND SPACE ADMINISTRATION,80MSFC,NASA MARSHALL SPACE FLIGHT CENTER,080,NATIONAL AERONAUTICS AND SPACE ADMINISTRATION (NASA),8000,NATIONAL AERONAUTICS AND SPACE ADMINISTRATION,80MSFC,NASA MARSHALL SPACE FLIGHT CENTER,PB11V1KH3KV4,,SOUTHWEST RESEARCH INSTITUTE,SOUTHWEST RESEARCH INSTITUTE,PB11V1KH3KV4,PB11V1KH3KV4,SOUTHWEST RESEARCH INSTITUTE,SOUTHWEST RESEARCH INSTITUTE INC,USA,TX,BEXAR,SAN ANTONIO,TX-20,TX-20,782385100,UNITED STATES,TEXAS,BEXAR,TX-20,TX-20,782385100,,,AR22,R&D- SPACE: SCIENCE/APPLICATIONS (APPLIED RESEARCH/EXPLORATORY DEVELOPMENT),541710,"RESEARCH AND DEVELOPMENT IN THE PHYSICAL, ENGINEERING, AND LIFE SCIENCES",,,https://www.usaspending.gov/award/CONT_AWD_NNM06AA75C_8000_-NONE-_-NONE-/,2022-05-25
National Aeronautics and Space Administration,National Aeronautics and Space Administration,FY2022P08,,080,2022,2023,,0120,000,080-2022/2023-0120-000,"Science, National Aeronautics and Space Administration",National Aeronautics and Space Administration,,"General Science, Space, and Technology","Space flight, research, and supporting activities",080-0120,"Science, National Aeronautics and Space Administration",0001,SCIENCE (DIRECT),25.5,Research and development contracts,D,Q,Not Designated Nonemergency/Emergency/Disaster/Wildfire Suppression,1800000.00,,,,CONT_AWD_NNM06AA75C_8000_-NONE-_-NONE-,NNM06AA75C,,,,2006-02-23,2006,2025-09-05,2025,2006-02-23,2026-08-31,,D,DEFINITIVE CONTRACT,,,"THE NATIONAL AERONAUTICS AND SPACE ADMINISTRATION HAS SELECTED JUNO NEW FRONTIERS MISSION UNDER THE DIRECTION OF PRINCIPAL INVESTIGATOR (PI) DR. SCOTT BOLTON TO CONTINUE DEVELOPMENT WITH THE EXPECTATION THAT THE JUNO MISSION WILL ENTER PHASE B IN EARLY FISCAL YEAR 2006.  THE JUNO MISSION WILL BE MANAGED BY THE MARSHALL SPACE FLIGHT CENTER, NEW FRONTIERS PROGRAM OFFICE.  KEY JUNO TEAM MEMBERS INCLUDE DR. BOLTON'S HOME INSTITUTION, THE SOUTHWEST RESEARCH INSTITUTE (SWRI), THE JUNO IMPLEMENTATION TEAM LEADER JET PROPULSION LABORATORY (JPL) AND THE SPACECRAFT BUS PROVIDER THE LOCKHEED MARTIN SPACE SYSTEMS DIVISION (LM/SS).   THE PI'S TEAM AT SWRI NEEDS TO BEGIN WORK ON A SUBSET OF PHASE B ACTIVITIES AS EARLY IN FY06 AS POSSIBLE.  THIS SOW PROVIDES A LIST OF ACTIVITIES THAT ARE NECESSARY TO BEGIN WORK IN FY06 AND THEIR ASSOCIATED DELIVERABLES. THE JUNO MISSION IS A COLLABORATION BETWEEN SOUTHWEST RESEARCH INSTITUTE (SWRI), JPL, LOCKHEED MARTIN (LM), AND A COMPLEMENTARY TEAM OF UNIVERSITIES AND FIELD CENTERS.  THE PRINCIPAL INVESTIGATOR, DR. SCOTT BOLTON, IS AT SOUTHWEST RESEARCH INSTITUTE (SWRI) AND IS RESPONSIBLE TO NASA FOR ALL ASPECTS OF THE MISSION INCLUDING ACHIEVING ALL SCIENTIFIC OBJECTIVES AND MISSION GOALS.  JPL PROVIDES THE PROJECT MANAGER WHO OVERSEES THE DAY-TO-DAY MANAGEMENT OF THE PROJECT AND WILL REPORT TO THE PI. PRINCIPAL INVESTIGATOR (PI) DR. SCOTT BOLTON IS RESPONSIBLE TO NASA FOR MEETING THE SCIENTIFIC OBJECTIVES OF THE JUNO MISSION WITHIN COST AND SCHEDULE.  AS PI, DR. BOLTON HAS DIRECT ACCOUNTABILITY TO THE NASA NEW FRONTIERS PROGRAM OFFICE FOR THE IMPLEMENTATION OF JUNO.  ALL JUNO SCIENCE CO-IS, THE DEPUTY PI AND PROJECT SCIENTIST, THE SCIENCE INVESTIGATION OFFICE MANAGER, THE E/PO EFFORT, THE JUNO ADVISORY BOARD AND THE PM REPORT DIRECTLY TO DR. BOLTON.  THE PI DELEGATES THE DAY-TO-DAY MANAGEMENT OF THE PROJECT TO THE PROJECT MANAGER (PM), RICK GRAMMIER.  THE PROJECT SYSTEM ENGINEER, PAYLOAD MANAGER, FLIGHT SYSTEM MANAGER, MISSION MANAGER, SCIENCE OPS CENTER, BUSINESS MANAGER, LM CONTRACT CTM, AND MISSION ASSURANCE MANAGER ALL REPORT DIRECTLY TO THE PM.",080,NATIONAL AERONAUTICS AND SPACE ADMINISTRATION (NASA),8000,NATIONAL AERONAUTICS AND SPACE ADMINISTRATION,80MSFC,NASA MARSHALL SPACE FLIGHT CENTER,080,NATIONAL AERONAUTICS AND SPACE ADMINISTRATION (NASA),8000,NATIONAL AERONAUTICS AND SPACE ADMINISTRATION,80MSFC,NASA MARSHALL SPACE FLIGHT CENTER,PB11V1KH3KV4,,SOUTHWEST RESEARCH INSTITUTE,SOUTHWEST RESEARCH INSTITUTE,PB11V1KH3KV4,PB11V1KH3KV4,SOUTHWEST RESEARCH INSTITUTE,SOUTHWEST RESEARCH INSTITUTE INC,USA,TX,BEXAR,SAN ANTONIO,TX-20,TX-20,782385100,UNITED STATES,TEXAS,BEXAR,TX-20,TX-20,782385100,,,AR22,R&D- SPACE: SCIENCE/APPLICATIONS (APPLIED RESEARCH/EXPLORATORY DEVELOPMENT),541710,"RESEARCH AND DEVELOPMENT IN THE PHYSICAL, ENGINEERING, AND LIFE SCIENCES",,,https://www.usaspending.gov/award/CONT_AWD_NNM06AA75C_8000_-NONE-_-NONE-/,2022-06-27
National Aeronautics and Space Administration,National Aeronautics and Space Administration,FY2022P08,,080,2021,2022,,0120,000,080-2021/2022-0120-000,"Science, National Aeronautics and Space Administration",National Aeronautics and Space Administration,,"General Science, Space, and Technology","Space flight, research, and supporting activities",080-0120,"Science, National Aeronautics and Space Administration",0001,SCIENCE (DIRECT),25.5,Research and development contracts,D,Q,Not Designated Nonemergency/Emergency/Disaster/Wildfire Suppression,,6033069.52,,,CONT_AWD_NNM06AA75C_8000_-NONE-_-NONE-,NNM06AA75C,,,,2006-02-23,2006,2025-09-05,2025,2006-02-23,2026-08-31,,D,DEFINITIVE CONTRACT,,,"THE NATIONAL AERONAUTICS AND SPACE ADMINISTRATION HAS SELECTED JUNO NEW FRONTIERS MISSION UNDER THE DIRECTION OF PRINCIPAL INVESTIGATOR (PI) DR. SCOTT BOLTON TO CONTINUE DEVELOPMENT WITH THE EXPECTATION THAT THE JUNO MISSION WILL ENTER PHASE B IN EARLY FISCAL YEAR 2006.  THE JUNO MISSION WILL BE MANAGED BY THE MARSHALL SPACE FLIGHT CENTER, NEW FRONTIERS PROGRAM OFFICE.  KEY JUNO TEAM MEMBERS INCLUDE DR. BOLTON'S HOME INSTITUTION, THE SOUTHWEST RESEARCH INSTITUTE (SWRI), THE JUNO IMPLEMENTATION TEAM LEADER JET PROPULSION LABORATORY (JPL) AND THE SPACECRAFT BUS PROVIDER THE LOCKHEED MARTIN SPACE SYSTEMS DIVISION (LM/SS).   THE PI'S TEAM AT SWRI NEEDS TO BEGIN WORK ON A SUBSET OF PHASE B ACTIVITIES AS EARLY IN FY06 AS POSSIBLE.  THIS SOW PROVIDES A LIST OF ACTIVITIES THAT ARE NECESSARY TO BEGIN WORK IN FY06 AND THEIR ASSOCIATED DELIVERABLES. THE JUNO MISSION IS A COLLABORATION BETWEEN SOUTHWEST RESEARCH INSTITUTE (SWRI), JPL, LOCKHEED MARTIN (LM), AND A COMPLEMENTARY TEAM OF UNIVERSITIES AND FIELD CENTERS.  THE PRINCIPAL INVESTIGATOR, DR. SCOTT BOLTON, IS AT SOUTHWEST RESEARCH INSTITUTE (SWRI) AND IS RESPONSIBLE TO NASA FOR ALL ASPECTS OF THE MISSION INCLUDING ACHIEVING ALL SCIENTIFIC OBJECTIVES AND MISSION GOALS.  JPL PROVIDES THE PROJECT MANAGER WHO OVERSEES THE DAY-TO-DAY MANAGEMENT OF THE PROJECT AND WILL REPORT TO THE PI. PRINCIPAL INVESTIGATOR (PI) DR. SCOTT BOLTON IS RESPONSIBLE TO NASA FOR MEETING THE SCIENTIFIC OBJECTIVES OF THE JUNO MISSION WITHIN COST AND SCHEDULE.  AS PI, DR. BOLTON HAS DIRECT ACCOUNTABILITY TO THE NASA NEW FRONTIERS PROGRAM OFFICE FOR THE IMPLEMENTATION OF JUNO.  ALL JUNO SCIENCE CO-IS, THE DEPUTY PI AND PROJECT SCIENTIST, THE SCIENCE INVESTIGATION OFFICE MANAGER, THE E/PO EFFORT, THE JUNO ADVISORY BOARD AND THE PM REPORT DIRECTLY TO DR. BOLTON.  THE PI DELEGATES THE DAY-TO-DAY MANAGEMENT OF THE PROJECT TO THE PROJECT MANAGER (PM), RICK GRAMMIER.  THE PROJECT SYSTEM ENGINEER, PAYLOAD MANAGER, FLIGHT SYSTEM MANAGER, MISSION MANAGER, SCIENCE OPS CENTER, BUSINESS MANAGER, LM CONTRACT CTM, AND MISSION ASSURANCE MANAGER ALL REPORT DIRECTLY TO THE PM.",080,NATIONAL AERONAUTICS AND SPACE ADMINISTRATION (NASA),8000,NATIONAL AERONAUTICS AND SPACE ADMINISTRATION,80MSFC,NASA MARSHALL SPACE FLIGHT CENTER,080,NATIONAL AERONAUTICS AND SPACE ADMINISTRATION (NASA),8000,NATIONAL AERONAUTICS AND SPACE ADMINISTRATION,80MSFC,NASA MARSHALL SPACE FLIGHT CENTER,PB11V1KH3KV4,,SOUTHWEST RESEARCH INSTITUTE,SOUTHWEST RESEARCH INSTITUTE,PB11V1KH3KV4,PB11V1KH3KV4,SOUTHWEST RESEARCH INSTITUTE,SOUTHWEST RESEARCH INSTITUTE INC,USA,TX,BEXAR,SAN ANTONIO,TX-20,TX-20,782385100,UNITED STATES,TEXAS,BEXAR,TX-20,TX-20,782385100,,,AR22,R&D- SPACE: SCIENCE/APPLICATIONS (APPLIED RESEARCH/EXPLORATORY DEVELOPMENT),541710,"RESEARCH AND DEVELOPMENT IN THE PHYSICAL, ENGINEERING, AND LIFE SCIENCES",,,https://www.usaspending.gov/award/CONT_AWD_NNM06AA75C_8000_-NONE-_-NONE-/,2022-06-27
National Aeronautics and Space Administration,National Aeronautics and Space Administration,FY2022P09,,080,2021,2022,,0120,000,080-2021/2022-0120-000,"Science, National Aeronautics and Space Administration",National Aeronautics and Space Administration,,"General Science, Space, and Technology","Space flight, research, and supporting activities",080-0120,"Science, National Aeronautics and Space Administration",0001,SCIENCE (DIRECT),25.5,Research and development contracts,D,Q,Not Designated Nonemergency/Emergency/Disaster/Wildfire Suppression,,6056569.56,,,CONT_AWD_NNM06AA75C_8000_-NONE-_-NONE-,NNM06AA75C,,,,2006-02-23,2006,2025-09-05,2025,2006-02-23,2026-08-31,,D,DEFINITIVE CONTRACT,,,"THE NATIONAL AERONAUTICS AND SPACE ADMINISTRATION HAS SELECTED JUNO NEW FRONTIERS MISSION UNDER THE DIRECTION OF PRINCIPAL INVESTIGATOR (PI) DR. SCOTT BOLTON TO CONTINUE DEVELOPMENT WITH THE EXPECTATION THAT THE JUNO MISSION WILL ENTER PHASE B IN EARLY FISCAL YEAR 2006.  THE JUNO MISSION WILL BE MANAGED BY THE MARSHALL SPACE FLIGHT CENTER, NEW FRONTIERS PROGRAM OFFICE.  KEY JUNO TEAM MEMBERS INCLUDE DR. BOLTON'S HOME INSTITUTION, THE SOUTHWEST RESEARCH INSTITUTE (SWRI), THE JUNO IMPLEMENTATION TEAM LEADER JET PROPULSION LABORATORY (JPL) AND THE SPACECRAFT BUS PROVIDER THE LOCKHEED MARTIN SPACE SYSTEMS DIVISION (LM/SS).   THE PI'S TEAM AT SWRI NEEDS TO BEGIN WORK ON A SUBSET OF PHASE B ACTIVITIES AS EARLY IN FY06 AS POSSIBLE.  THIS SOW PROVIDES A LIST OF ACTIVITIES THAT ARE NECESSARY TO BEGIN WORK IN FY06 AND THEIR ASSOCIATED DELIVERABLES. THE JUNO MISSION IS A COLLABORATION BETWEEN SOUTHWEST RESEARCH INSTITUTE (SWRI), JPL, LOCKHEED MARTIN (LM), AND A COMPLEMENTARY TEAM OF UNIVERSITIES AND FIELD CENTERS.  THE PRINCIPAL INVESTIGATOR, DR. SCOTT BOLTON, IS AT SOUTHWEST RESEARCH INSTITUTE (SWRI) AND IS RESPONSIBLE TO NASA FOR ALL ASPECTS OF THE MISSION INCLUDING ACHIEVING ALL SCIENTIFIC OBJECTIVES AND MISSION GOALS.  JPL PROVIDES THE PROJECT MANAGER WHO OVERSEES THE DAY-TO-DAY MANAGEMENT OF THE PROJECT AND WILL REPORT TO THE PI. PRINCIPAL INVESTIGATOR (PI) DR. SCOTT BOLTON IS RESPONSIBLE TO NASA FOR MEETING THE SCIENTIFIC OBJECTIVES OF THE JUNO MISSION WITHIN COST AND SCHEDULE.  AS PI, DR. BOLTON HAS DIRECT ACCOUNTABILITY TO THE NASA NEW FRONTIERS PROGRAM OFFICE FOR THE IMPLEMENTATION OF JUNO.  ALL JUNO SCIENCE CO-IS, THE DEPUTY PI AND PROJECT SCIENTIST, THE SCIENCE INVESTIGATION OFFICE MANAGER, THE E/PO EFFORT, THE JUNO ADVISORY BOARD AND THE PM REPORT DIRECTLY TO DR. BOLTON.  THE PI DELEGATES THE DAY-TO-DAY MANAGEMENT OF THE PROJECT TO THE PROJECT MANAGER (PM), RICK GRAMMIER.  THE PROJECT SYSTEM ENGINEER, PAYLOAD MANAGER, FLIGHT SYSTEM MANAGER, MISSION MANAGER, SCIENCE OPS CENTER, BUSINESS MANAGER, LM CONTRACT CTM, AND MISSION ASSURANCE MANAGER ALL REPORT DIRECTLY TO THE PM.",080,NATIONAL AERONAUTICS AND SPACE ADMINISTRATION (NASA),8000,NATIONAL AERONAUTICS AND SPACE ADMINISTRATION,80MSFC,NASA MARSHALL SPACE FLIGHT CENTER,080,NATIONAL AERONAUTICS AND SPACE ADMINISTRATION (NASA),8000,NATIONAL AERONAUTICS AND SPACE ADMINISTRATION,80MSFC,NASA MARSHALL SPACE FLIGHT CENTER,PB11V1KH3KV4,,SOUTHWEST RESEARCH INSTITUTE,SOUTHWEST RESEARCH INSTITUTE,PB11V1KH3KV4,PB11V1KH3KV4,SOUTHWEST RESEARCH INSTITUTE,SOUTHWEST RESEARCH INSTITUTE INC,USA,TX,BEXAR,SAN ANTONIO,TX-20,TX-20,782385100,UNITED STATES,TEXAS,BEXAR,TX-20,TX-20,782385100,,,AR22,R&D- SPACE: SCIENCE/APPLICATIONS (APPLIED RESEARCH/EXPLORATORY DEVELOPMENT),541710,"RESEARCH AND DEVELOPMENT IN THE PHYSICAL, ENGINEERING, AND LIFE SCIENCES",,,https://www.usaspending.gov/award/CONT_AWD_NNM06AA75C_8000_-NONE-_-NONE-/,2022-07-27
National Aeronautics and Space Administration,National Aeronautics and Space Administration,FY2022P10,,080,2022,2023,,0120,000,080-2022/2023-0120-000,"Science, National Aeronautics and Space Administration",National Aeronautics and Space Administration,,"General Science, Space, and Technology","Space flight, research, and supporting activities",080-0120,"Science, National Aeronautics and Space Administration",0001,SCIENCE (DIRECT),25.5,Research and development contracts,D,Q,Not Designated Nonemergency/Emergency/Disaster/Wildfire Suppression,,25606.09,,,CONT_AWD_NNM06AA75C_8000_-NONE-_-NONE-,NNM06AA75C,,,,2006-02-23,2006,2025-09-05,2025,2006-02-23,2026-08-31,,D,DEFINITIVE CONTRACT,,,"THE NATIONAL AERONAUTICS AND SPACE ADMINISTRATION HAS SELECTED JUNO NEW FRONTIERS MISSION UNDER THE DIRECTION OF PRINCIPAL INVESTIGATOR (PI) DR. SCOTT BOLTON TO CONTINUE DEVELOPMENT WITH THE EXPECTATION THAT THE JUNO MISSION WILL ENTER PHASE B IN EARLY FISCAL YEAR 2006.  THE JUNO MISSION WILL BE MANAGED BY THE MARSHALL SPACE FLIGHT CENTER, NEW FRONTIERS PROGRAM OFFICE.  KEY JUNO TEAM MEMBERS INCLUDE DR. BOLTON'S HOME INSTITUTION, THE SOUTHWEST RESEARCH INSTITUTE (SWRI), THE JUNO IMPLEMENTATION TEAM LEADER JET PROPULSION LABORATORY (JPL) AND THE SPACECRAFT BUS PROVIDER THE LOCKHEED MARTIN SPACE SYSTEMS DIVISION (LM/SS).   THE PI'S TEAM AT SWRI NEEDS TO BEGIN WORK ON A SUBSET OF PHASE B ACTIVITIES AS EARLY IN FY06 AS POSSIBLE.  THIS SOW PROVIDES A LIST OF ACTIVITIES THAT ARE NECESSARY TO BEGIN WORK IN FY06 AND THEIR ASSOCIATED DELIVERABLES. THE JUNO MISSION IS A COLLABORATION BETWEEN SOUTHWEST RESEARCH INSTITUTE (SWRI), JPL, LOCKHEED MARTIN (LM), AND A COMPLEMENTARY TEAM OF UNIVERSITIES AND FIELD CENTERS.  THE PRINCIPAL INVESTIGATOR, DR. SCOTT BOLTON, IS AT SOUTHWEST RESEARCH INSTITUTE (SWRI) AND IS RESPONSIBLE TO NASA FOR ALL ASPECTS OF THE MISSION INCLUDING ACHIEVING ALL SCIENTIFIC OBJECTIVES AND MISSION GOALS.  JPL PROVIDES THE PROJECT MANAGER WHO OVERSEES THE DAY-TO-DAY MANAGEMENT OF THE PROJECT AND WILL REPORT TO THE PI. PRINCIPAL INVESTIGATOR (PI) DR. SCOTT BOLTON IS RESPONSIBLE TO NASA FOR MEETING THE SCIENTIFIC OBJECTIVES OF THE JUNO MISSION WITHIN COST AND SCHEDULE.  AS PI, DR. BOLTON HAS DIRECT ACCOUNTABILITY TO THE NASA NEW FRONTIERS PROGRAM OFFICE FOR THE IMPLEMENTATION OF JUNO.  ALL JUNO SCIENCE CO-IS, THE DEPUTY PI AND PROJECT SCIENTIST, THE SCIENCE INVESTIGATION OFFICE MANAGER, THE E/PO EFFORT, THE JUNO ADVISORY BOARD AND THE PM REPORT DIRECTLY TO DR. BOLTON.  THE PI DELEGATES THE DAY-TO-DAY MANAGEMENT OF THE PROJECT TO THE PROJECT MANAGER (PM), RICK GRAMMIER.  THE PROJECT SYSTEM ENGINEER, PAYLOAD MANAGER, FLIGHT SYSTEM MANAGER, MISSION MANAGER, SCIENCE OPS CENTER, BUSINESS MANAGER, LM CONTRACT CTM, AND MISSION ASSURANCE MANAGER ALL REPORT DIRECTLY TO THE PM.",080,NATIONAL AERONAUTICS AND SPACE ADMINISTRATION (NASA),8000,NATIONAL AERONAUTICS AND SPACE ADMINISTRATION,80MSFC,NASA MARSHALL SPACE FLIGHT CENTER,080,NATIONAL AERONAUTICS AND SPACE ADMINISTRATION (NASA),8000,NATIONAL AERONAUTICS AND SPACE ADMINISTRATION,80MSFC,NASA MARSHALL SPACE FLIGHT CENTER,PB11V1KH3KV4,,SOUTHWEST RESEARCH INSTITUTE,SOUTHWEST RESEARCH INSTITUTE,PB11V1KH3KV4,PB11V1KH3KV4,SOUTHWEST RESEARCH INSTITUTE,SOUTHWEST RESEARCH INSTITUTE INC,USA,TX,BEXAR,SAN ANTONIO,TX-20,TX-20,782385100,UNITED STATES,TEXAS,BEXAR,TX-20,TX-20,782385100,,,AR22,R&D- SPACE: SCIENCE/APPLICATIONS (APPLIED RESEARCH/EXPLORATORY DEVELOPMENT),541710,"RESEARCH AND DEVELOPMENT IN THE PHYSICAL, ENGINEERING, AND LIFE SCIENCES",,,https://www.usaspending.gov/award/CONT_AWD_NNM06AA75C_8000_-NONE-_-NONE-/,2022-08-24
National Aeronautics and Space Administration,National Aeronautics and Space Administration,FY2022P10,,080,2021,2022,,0120,000,080-2021/2022-0120-000,"Science, National Aeronautics and Space Administration",National Aeronautics and Space Administration,,"General Science, Space, and Technology","Space flight, research, and supporting activities",080-0120,"Science, National Aeronautics and Space Administration",0001,SCIENCE (DIRECT),25.5,Research and development contracts,D,Q,Not Designated Nonemergency/Emergency/Disaster/Wildfire Suppression,,7225823.52,,,CONT_AWD_NNM06AA75C_8000_-NONE-_-NONE-,NNM06AA75C,,,,2006-02-23,2006,2025-09-05,2025,2006-02-23,2026-08-31,,D,DEFINITIVE CONTRACT,,,"THE NATIONAL AERONAUTICS AND SPACE ADMINISTRATION HAS SELECTED JUNO NEW FRONTIERS MISSION UNDER THE DIRECTION OF PRINCIPAL INVESTIGATOR (PI) DR. SCOTT BOLTON TO CONTINUE DEVELOPMENT WITH THE EXPECTATION THAT THE JUNO MISSION WILL ENTER PHASE B IN EARLY FISCAL YEAR 2006.  THE JUNO MISSION WILL BE MANAGED BY THE MARSHALL SPACE FLIGHT CENTER, NEW FRONTIERS PROGRAM OFFICE.  KEY JUNO TEAM MEMBERS INCLUDE DR. BOLTON'S HOME INSTITUTION, THE SOUTHWEST RESEARCH INSTITUTE (SWRI), THE JUNO IMPLEMENTATION TEAM LEADER JET PROPULSION LABORATORY (JPL) AND THE SPACECRAFT BUS PROVIDER THE LOCKHEED MARTIN SPACE SYSTEMS DIVISION (LM/SS).   THE PI'S TEAM AT SWRI NEEDS TO BEGIN WORK ON A SUBSET OF PHASE B ACTIVITIES AS EARLY IN FY06 AS POSSIBLE.  THIS SOW PROVIDES A LIST OF ACTIVITIES THAT ARE NECESSARY TO BEGIN WORK IN FY06 AND THEIR ASSOCIATED DELIVERABLES. THE JUNO MISSION IS A COLLABORATION BETWEEN SOUTHWEST RESEARCH INSTITUTE (SWRI), JPL, LOCKHEED MARTIN (LM), AND A COMPLEMENTARY TEAM OF UNIVERSITIES AND FIELD CENTERS.  THE PRINCIPAL INVESTIGATOR, DR. SCOTT BOLTON, IS AT SOUTHWEST RESEARCH INSTITUTE (SWRI) AND IS RESPONSIBLE TO NASA FOR ALL ASPECTS OF THE MISSION INCLUDING ACHIEVING ALL SCIENTIFIC OBJECTIVES AND MISSION GOALS.  JPL PROVIDES THE PROJECT MANAGER WHO OVERSEES THE DAY-TO-DAY MANAGEMENT OF THE PROJECT AND WILL REPORT TO THE PI. PRINCIPAL INVESTIGATOR (PI) DR. SCOTT BOLTON IS RESPONSIBLE TO NASA FOR MEETING THE SCIENTIFIC OBJECTIVES OF THE JUNO MISSION WITHIN COST AND SCHEDULE.  AS PI, DR. BOLTON HAS DIRECT ACCOUNTABILITY TO THE NASA NEW FRONTIERS PROGRAM OFFICE FOR THE IMPLEMENTATION OF JUNO.  ALL JUNO SCIENCE CO-IS, THE DEPUTY PI AND PROJECT SCIENTIST, THE SCIENCE INVESTIGATION OFFICE MANAGER, THE E/PO EFFORT, THE JUNO ADVISORY BOARD AND THE PM REPORT DIRECTLY TO DR. BOLTON.  THE PI DELEGATES THE DAY-TO-DAY MANAGEMENT OF THE PROJECT TO THE PROJECT MANAGER (PM), RICK GRAMMIER.  THE PROJECT SYSTEM ENGINEER, PAYLOAD MANAGER, FLIGHT SYSTEM MANAGER, MISSION MANAGER, SCIENCE OPS CENTER, BUSINESS MANAGER, LM CONTRACT CTM, AND MISSION ASSURANCE MANAGER ALL REPORT DIRECTLY TO THE PM.",080,NATIONAL AERONAUTICS AND SPACE ADMINISTRATION (NASA),8000,NATIONAL AERONAUTICS AND SPACE ADMINISTRATION,80MSFC,NASA MARSHALL SPACE FLIGHT CENTER,080,NATIONAL AERONAUTICS AND SPACE ADMINISTRATION (NASA),8000,NATIONAL AERONAUTICS AND SPACE ADMINISTRATION,80MSFC,NASA MARSHALL SPACE FLIGHT CENTER,PB11V1KH3KV4,,SOUTHWEST RESEARCH INSTITUTE,SOUTHWEST RESEARCH INSTITUTE,PB11V1KH3KV4,PB11V1KH3KV4,SOUTHWEST RESEARCH INSTITUTE,SOUTHWEST RESEARCH INSTITUTE INC,USA,TX,BEXAR,SAN ANTONIO,TX-20,TX-20,782385100,UNITED STATES,TEXAS,BEXAR,TX-20,TX-20,782385100,,,AR22,R&D- SPACE: SCIENCE/APPLICATIONS (APPLIED RESEARCH/EXPLORATORY DEVELOPMENT),541710,"RESEARCH AND DEVELOPMENT IN THE PHYSICAL, ENGINEERING, AND LIFE SCIENCES",,,https://www.usaspending.gov/award/CONT_AWD_NNM06AA75C_8000_-NONE-_-NONE-/,2022-08-24
National Aeronautics and Space Administration,National Aeronautics and Space Administration,FY2022P11,,080,2022,2023,,0120,000,080-2022/2023-0120-000,"Science, National Aeronautics and Space Administration",National Aeronautics and Space Administration,,"General Science, Space, and Technology","Space flight, research, and supporting activities",080-0120,"Science, National Aeronautics and Space Administration",0001,SCIENCE (DIRECT),25.5,Research and development contracts,D,Q,Not Designated Nonemergency/Emergency/Disaster/Wildfire Suppression,,462528.52,,,CONT_AWD_NNM06AA75C_8000_-NONE-_-NONE-,NNM06AA75C,,,,2006-02-23,2006,2025-09-05,2025,2006-02-23,2026-08-31,,D,DEFINITIVE CONTRACT,,,"THE NATIONAL AERONAUTICS AND SPACE ADMINISTRATION HAS SELECTED JUNO NEW FRONTIERS MISSION UNDER THE DIRECTION OF PRINCIPAL INVESTIGATOR (PI) DR. SCOTT BOLTON TO CONTINUE DEVELOPMENT WITH THE EXPECTATION THAT THE JUNO MISSION WILL ENTER PHASE B IN EARLY FISCAL YEAR 2006.  THE JUNO MISSION WILL BE MANAGED BY THE MARSHALL SPACE FLIGHT CENTER, NEW FRONTIERS PROGRAM OFFICE.  KEY JUNO TEAM MEMBERS INCLUDE DR. BOLTON'S HOME INSTITUTION, THE SOUTHWEST RESEARCH INSTITUTE (SWRI), THE JUNO IMPLEMENTATION TEAM LEADER JET PROPULSION LABORATORY (JPL) AND THE SPACECRAFT BUS PROVIDER THE LOCKHEED MARTIN SPACE SYSTEMS DIVISION (LM/SS).   THE PI'S TEAM AT SWRI NEEDS TO BEGIN WORK ON A SUBSET OF PHASE B ACTIVITIES AS EARLY IN FY06 AS POSSIBLE.  THIS SOW PROVIDES A LIST OF ACTIVITIES THAT ARE NECESSARY TO BEGIN WORK IN FY06 AND THEIR ASSOCIATED DELIVERABLES. THE JUNO MISSION IS A COLLABORATION BETWEEN SOUTHWEST RESEARCH INSTITUTE (SWRI), JPL, LOCKHEED MARTIN (LM), AND A COMPLEMENTARY TEAM OF UNIVERSITIES AND FIELD CENTERS.  THE PRINCIPAL INVESTIGATOR, DR. SCOTT BOLTON, IS AT SOUTHWEST RESEARCH INSTITUTE (SWRI) AND IS RESPONSIBLE TO NASA FOR ALL ASPECTS OF THE MISSION INCLUDING ACHIEVING ALL SCIENTIFIC OBJECTIVES AND MISSION GOALS.  JPL PROVIDES THE PROJECT MANAGER WHO OVERSEES THE DAY-TO-DAY MANAGEMENT OF THE PROJECT AND WILL REPORT TO THE PI. PRINCIPAL INVESTIGATOR (PI) DR. SCOTT BOLTON IS RESPONSIBLE TO NASA FOR MEETING THE SCIENTIFIC OBJECTIVES OF THE JUNO MISSION WITHIN COST AND SCHEDULE.  AS PI, DR. BOLTON HAS DIRECT ACCOUNTABILITY TO THE NASA NEW FRONTIERS PROGRAM OFFICE FOR THE IMPLEMENTATION OF JUNO.  ALL JUNO SCIENCE CO-IS, THE DEPUTY PI AND PROJECT SCIENTIST, THE SCIENCE INVESTIGATION OFFICE MANAGER, THE E/PO EFFORT, THE JUNO ADVISORY BOARD AND THE PM REPORT DIRECTLY TO DR. BOLTON.  THE PI DELEGATES THE DAY-TO-DAY MANAGEMENT OF THE PROJECT TO THE PROJECT MANAGER (PM), RICK GRAMMIER.  THE PROJECT SYSTEM ENGINEER, PAYLOAD MANAGER, FLIGHT SYSTEM MANAGER, MISSION MANAGER, SCIENCE OPS CENTER, BUSINESS MANAGER, LM CONTRACT CTM, AND MISSION ASSURANCE MANAGER ALL REPORT DIRECTLY TO THE PM.",080,NATIONAL AERONAUTICS AND SPACE ADMINISTRATION (NASA),8000,NATIONAL AERONAUTICS AND SPACE ADMINISTRATION,80MSFC,NASA MARSHALL SPACE FLIGHT CENTER,080,NATIONAL AERONAUTICS AND SPACE ADMINISTRATION (NASA),8000,NATIONAL AERONAUTICS AND SPACE ADMINISTRATION,80MSFC,NASA MARSHALL SPACE FLIGHT CENTER,PB11V1KH3KV4,,SOUTHWEST RESEARCH INSTITUTE,SOUTHWEST RESEARCH INSTITUTE,PB11V1KH3KV4,PB11V1KH3KV4,SOUTHWEST RESEARCH INSTITUTE,SOUTHWEST RESEARCH INSTITUTE INC,USA,TX,BEXAR,SAN ANTONIO,TX-20,TX-20,782385100,UNITED STATES,TEXAS,BEXAR,TX-20,TX-20,782385100,,,AR22,R&D- SPACE: SCIENCE/APPLICATIONS (APPLIED RESEARCH/EXPLORATORY DEVELOPMENT),541710,"RESEARCH AND DEVELOPMENT IN THE PHYSICAL, ENGINEERING, AND LIFE SCIENCES",,,https://www.usaspending.gov/award/CONT_AWD_NNM06AA75C_8000_-NONE-_-NONE-/,2022-09-25
National Aeronautics and Space Administration,National Aeronautics and Space Administration,FY2022P11,,080,2021,2022,,0120,000,080-2021/2022-0120-000,"Science, National Aeronautics and Space Administration",National Aeronautics and Space Administration,,"General Science, Space, and Technology","Space flight, research, and supporting activities",080-0120,"Science, National Aeronautics and Space Administration",0001,SCIENCE (DIRECT),25.5,Research and development contracts,D,Q,Not Designated Nonemergency/Emergency/Disaster/Wildfire Suppression,,7643303.86,,,CONT_AWD_NNM06AA75C_8000_-NONE-_-NONE-,NNM06AA75C,,,,2006-02-23,2006,2025-09-05,2025,2006-02-23,2026-08-31,,D,DEFINITIVE CONTRACT,,,"THE NATIONAL AERONAUTICS AND SPACE ADMINISTRATION HAS SELECTED JUNO NEW FRONTIERS MISSION UNDER THE DIRECTION OF PRINCIPAL INVESTIGATOR (PI) DR. SCOTT BOLTON TO CONTINUE DEVELOPMENT WITH THE EXPECTATION THAT THE JUNO MISSION WILL ENTER PHASE B IN EARLY FISCAL YEAR 2006.  THE JUNO MISSION WILL BE MANAGED BY THE MARSHALL SPACE FLIGHT CENTER, NEW FRONTIERS PROGRAM OFFICE.  KEY JUNO TEAM MEMBERS INCLUDE DR. BOLTON'S HOME INSTITUTION, THE SOUTHWEST RESEARCH INSTITUTE (SWRI), THE JUNO IMPLEMENTATION TEAM LEADER JET PROPULSION LABORATORY (JPL) AND THE SPACECRAFT BUS PROVIDER THE LOCKHEED MARTIN SPACE SYSTEMS DIVISION (LM/SS).   THE PI'S TEAM AT SWRI NEEDS TO BEGIN WORK ON A SUBSET OF PHASE B ACTIVITIES AS EARLY IN FY06 AS POSSIBLE.  THIS SOW PROVIDES A LIST OF ACTIVITIES THAT ARE NECESSARY TO BEGIN WORK IN FY06 AND THEIR ASSOCIATED DELIVERABLES. THE JUNO MISSION IS A COLLABORATION BETWEEN SOUTHWEST RESEARCH INSTITUTE (SWRI), JPL, LOCKHEED MARTIN (LM), AND A COMPLEMENTARY TEAM OF UNIVERSITIES AND FIELD CENTERS.  THE PRINCIPAL INVESTIGATOR, DR. SCOTT BOLTON, IS AT SOUTHWEST RESEARCH INSTITUTE (SWRI) AND IS RESPONSIBLE TO NASA FOR ALL ASPECTS OF THE MISSION INCLUDING ACHIEVING ALL SCIENTIFIC OBJECTIVES AND MISSION GOALS.  JPL PROVIDES THE PROJECT MANAGER WHO OVERSEES THE DAY-TO-DAY MANAGEMENT OF THE PROJECT AND WILL REPORT TO THE PI. PRINCIPAL INVESTIGATOR (PI) DR. SCOTT BOLTON IS RESPONSIBLE TO NASA FOR MEETING THE SCIENTIFIC OBJECTIVES OF THE JUNO MISSION WITHIN COST AND SCHEDULE.  AS PI, DR. BOLTON HAS DIRECT ACCOUNTABILITY TO THE NASA NEW FRONTIERS PROGRAM OFFICE FOR THE IMPLEMENTATION OF JUNO.  ALL JUNO SCIENCE CO-IS, THE DEPUTY PI AND PROJECT SCIENTIST, THE SCIENCE INVESTIGATION OFFICE MANAGER, THE E/PO EFFORT, THE JUNO ADVISORY BOARD AND THE PM REPORT DIRECTLY TO DR. BOLTON.  THE PI DELEGATES THE DAY-TO-DAY MANAGEMENT OF THE PROJECT TO THE PROJECT MANAGER (PM), RICK GRAMMIER.  THE PROJECT SYSTEM ENGINEER, PAYLOAD MANAGER, FLIGHT SYSTEM MANAGER, MISSION MANAGER, SCIENCE OPS CENTER, BUSINESS MANAGER, LM CONTRACT CTM, AND MISSION ASSURANCE MANAGER ALL REPORT DIRECTLY TO THE PM.",080,NATIONAL AERONAUTICS AND SPACE ADMINISTRATION (NASA),8000,NATIONAL AERONAUTICS AND SPACE ADMINISTRATION,80MSFC,NASA MARSHALL SPACE FLIGHT CENTER,080,NATIONAL AERONAUTICS AND SPACE ADMINISTRATION (NASA),8000,NATIONAL AERONAUTICS AND SPACE ADMINISTRATION,80MSFC,NASA MARSHALL SPACE FLIGHT CENTER,PB11V1KH3KV4,,SOUTHWEST RESEARCH INSTITUTE,SOUTHWEST RESEARCH INSTITUTE,PB11V1KH3KV4,PB11V1KH3KV4,SOUTHWEST RESEARCH INSTITUTE,SOUTHWEST RESEARCH INSTITUTE INC,USA,TX,BEXAR,SAN ANTONIO,TX-20,TX-20,782385100,UNITED STATES,TEXAS,BEXAR,TX-20,TX-20,782385100,,,AR22,R&D- SPACE: SCIENCE/APPLICATIONS (APPLIED RESEARCH/EXPLORATORY DEVELOPMENT),541710,"RESEARCH AND DEVELOPMENT IN THE PHYSICAL, ENGINEERING, AND LIFE SCIENCES",,,https://www.usaspending.gov/award/CONT_AWD_NNM06AA75C_8000_-NONE-_-NONE-/,2022-09-25
National Aeronautics and Space Administration,National Aeronautics and Space Administration,FY2022P12,,080,2022,2023,,0120,000,080-2022/2023-0120-000,"Science, National Aeronautics and Space Administration",National Aeronautics and Space Administration,,"General Science, Space, and Technology","Space flight, research, and supporting activities",080-0120,"Science, National Aeronautics and Space Administration",0001,SCIENCE (DIRECT),25.5,Research and development contracts,D,Q,Not Designated Nonemergency/Emergency/Disaster/Wildfire Suppression,229177.09,,,,CONT_AWD_NNM06AA75C_8000_-NONE-_-NONE-,NNM06AA75C,,,,2006-02-23,2006,2025-09-05,2025,2006-02-23,2026-08-31,,D,DEFINITIVE CONTRACT,,,"THE NATIONAL AERONAUTICS AND SPACE ADMINISTRATION HAS SELECTED JUNO NEW FRONTIERS MISSION UNDER THE DIRECTION OF PRINCIPAL INVESTIGATOR (PI) DR. SCOTT BOLTON TO CONTINUE DEVELOPMENT WITH THE EXPECTATION THAT THE JUNO MISSION WILL ENTER PHASE B IN EARLY FISCAL YEAR 2006.  THE JUNO MISSION WILL BE MANAGED BY THE MARSHALL SPACE FLIGHT CENTER, NEW FRONTIERS PROGRAM OFFICE.  KEY JUNO TEAM MEMBERS INCLUDE DR. BOLTON'S HOME INSTITUTION, THE SOUTHWEST RESEARCH INSTITUTE (SWRI), THE JUNO IMPLEMENTATION TEAM LEADER JET PROPULSION LABORATORY (JPL) AND THE SPACECRAFT BUS PROVIDER THE LOCKHEED MARTIN SPACE SYSTEMS DIVISION (LM/SS).   THE PI'S TEAM AT SWRI NEEDS TO BEGIN WORK ON A SUBSET OF PHASE B ACTIVITIES AS EARLY IN FY06 AS POSSIBLE.  THIS SOW PROVIDES A LIST OF ACTIVITIES THAT ARE NECESSARY TO BEGIN WORK IN FY06 AND THEIR ASSOCIATED DELIVERABLES. THE JUNO MISSION IS A COLLABORATION BETWEEN SOUTHWEST RESEARCH INSTITUTE (SWRI), JPL, LOCKHEED MARTIN (LM), AND A COMPLEMENTARY TEAM OF UNIVERSITIES AND FIELD CENTERS.  THE PRINCIPAL INVESTIGATOR, DR. SCOTT BOLTON, IS AT SOUTHWEST RESEARCH INSTITUTE (SWRI) AND IS RESPONSIBLE TO NASA FOR ALL ASPECTS OF THE MISSION INCLUDING ACHIEVING ALL SCIENTIFIC OBJECTIVES AND MISSION GOALS.  JPL PROVIDES THE PROJECT MANAGER WHO OVERSEES THE DAY-TO-DAY MANAGEMENT OF THE PROJECT AND WILL REPORT TO THE PI. PRINCIPAL INVESTIGATOR (PI) DR. SCOTT BOLTON IS RESPONSIBLE TO NASA FOR MEETING THE SCIENTIFIC OBJECTIVES OF THE JUNO MISSION WITHIN COST AND SCHEDULE.  AS PI, DR. BOLTON HAS DIRECT ACCOUNTABILITY TO THE NASA NEW FRONTIERS PROGRAM OFFICE FOR THE IMPLEMENTATION OF JUNO.  ALL JUNO SCIENCE CO-IS, THE DEPUTY PI AND PROJECT SCIENTIST, THE SCIENCE INVESTIGATION OFFICE MANAGER, THE E/PO EFFORT, THE JUNO ADVISORY BOARD AND THE PM REPORT DIRECTLY TO DR. BOLTON.  THE PI DELEGATES THE DAY-TO-DAY MANAGEMENT OF THE PROJECT TO THE PROJECT MANAGER (PM), RICK GRAMMIER.  THE PROJECT SYSTEM ENGINEER, PAYLOAD MANAGER, FLIGHT SYSTEM MANAGER, MISSION MANAGER, SCIENCE OPS CENTER, BUSINESS MANAGER, LM CONTRACT CTM, AND MISSION ASSURANCE MANAGER ALL REPORT DIRECTLY TO THE PM.",080,NATIONAL AERONAUTICS AND SPACE ADMINISTRATION (NASA),8000,NATIONAL AERONAUTICS AND SPACE ADMINISTRATION,80MSFC,NASA MARSHALL SPACE FLIGHT CENTER,080,NATIONAL AERONAUTICS AND SPACE ADMINISTRATION (NASA),8000,NATIONAL AERONAUTICS AND SPACE ADMINISTRATION,80MSFC,NASA MARSHALL SPACE FLIGHT CENTER,PB11V1KH3KV4,,SOUTHWEST RESEARCH INSTITUTE,SOUTHWEST RESEARCH INSTITUTE,PB11V1KH3KV4,PB11V1KH3KV4,SOUTHWEST RESEARCH INSTITUTE,SOUTHWEST RESEARCH INSTITUTE INC,USA,TX,BEXAR,SAN ANTONIO,TX-20,TX-20,782385100,UNITED STATES,TEXAS,BEXAR,TX-20,TX-20,782385100,,,AR22,R&D- SPACE: SCIENCE/APPLICATIONS (APPLIED RESEARCH/EXPLORATORY DEVELOPMENT),541710,"RESEARCH AND DEVELOPMENT IN THE PHYSICAL, ENGINEERING, AND LIFE SCIENCES",,,https://www.usaspending.gov/award/CONT_AWD_NNM06AA75C_8000_-NONE-_-NONE-/,2022-11-02
National Aeronautics and Space Administration,National Aeronautics and Space Administration,FY2022P12,,080,2022,2023,,0120,000,080-2022/2023-0120-000,"Science, National Aeronautics and Space Administration",National Aeronautics and Space Administration,,"General Science, Space, and Technology","Space flight, research, and supporting activities",080-0120,"Science, National Aeronautics and Space Administration",0001,SCIENCE (DIRECT),25.5,Research and development contracts,D,Q,Not Designated Nonemergency/Emergency/Disaster/Wildfire Suppression,,462528.52,,,CONT_AWD_NNM06AA75C_8000_-NONE-_-NONE-,NNM06AA75C,,,,2006-02-23,2006,2025-09-05,2025,2006-02-23,2026-08-31,,D,DEFINITIVE CONTRACT,,,"THE NATIONAL AERONAUTICS AND SPACE ADMINISTRATION HAS SELECTED JUNO NEW FRONTIERS MISSION UNDER THE DIRECTION OF PRINCIPAL INVESTIGATOR (PI) DR. SCOTT BOLTON TO CONTINUE DEVELOPMENT WITH THE EXPECTATION THAT THE JUNO MISSION WILL ENTER PHASE B IN EARLY FISCAL YEAR 2006.  THE JUNO MISSION WILL BE MANAGED BY THE MARSHALL SPACE FLIGHT CENTER, NEW FRONTIERS PROGRAM OFFICE.  KEY JUNO TEAM MEMBERS INCLUDE DR. BOLTON'S HOME INSTITUTION, THE SOUTHWEST RESEARCH INSTITUTE (SWRI), THE JUNO IMPLEMENTATION TEAM LEADER JET PROPULSION LABORATORY (JPL) AND THE SPACECRAFT BUS PROVIDER THE LOCKHEED MARTIN SPACE SYSTEMS DIVISION (LM/SS).   THE PI'S TEAM AT SWRI NEEDS TO BEGIN WORK ON A SUBSET OF PHASE B ACTIVITIES AS EARLY IN FY06 AS POSSIBLE.  THIS SOW PROVIDES A LIST OF ACTIVITIES THAT ARE NECESSARY TO BEGIN WORK IN FY06 AND THEIR ASSOCIATED DELIVERABLES. THE JUNO MISSION IS A COLLABORATION BETWEEN SOUTHWEST RESEARCH INSTITUTE (SWRI), JPL, LOCKHEED MARTIN (LM), AND A COMPLEMENTARY TEAM OF UNIVERSITIES AND FIELD CENTERS.  THE PRINCIPAL INVESTIGATOR, DR. SCOTT BOLTON, IS AT SOUTHWEST RESEARCH INSTITUTE (SWRI) AND IS RESPONSIBLE TO NASA FOR ALL ASPECTS OF THE MISSION INCLUDING ACHIEVING ALL SCIENTIFIC OBJECTIVES AND MISSION GOALS.  JPL PROVIDES THE PROJECT MANAGER WHO OVERSEES THE DAY-TO-DAY MANAGEMENT OF THE PROJECT AND WILL REPORT TO THE PI. PRINCIPAL INVESTIGATOR (PI) DR. SCOTT BOLTON IS RESPONSIBLE TO NASA FOR MEETING THE SCIENTIFIC OBJECTIVES OF THE JUNO MISSION WITHIN COST AND SCHEDULE.  AS PI, DR. BOLTON HAS DIRECT ACCOUNTABILITY TO THE NASA NEW FRONTIERS PROGRAM OFFICE FOR THE IMPLEMENTATION OF JUNO.  ALL JUNO SCIENCE CO-IS, THE DEPUTY PI AND PROJECT SCIENTIST, THE SCIENCE INVESTIGATION OFFICE MANAGER, THE E/PO EFFORT, THE JUNO ADVISORY BOARD AND THE PM REPORT DIRECTLY TO DR. BOLTON.  THE PI DELEGATES THE DAY-TO-DAY MANAGEMENT OF THE PROJECT TO THE PROJECT MANAGER (PM), RICK GRAMMIER.  THE PROJECT SYSTEM ENGINEER, PAYLOAD MANAGER, FLIGHT SYSTEM MANAGER, MISSION MANAGER, SCIENCE OPS CENTER, BUSINESS MANAGER, LM CONTRACT CTM, AND MISSION ASSURANCE MANAGER ALL REPORT DIRECTLY TO THE PM.",080,NATIONAL AERONAUTICS AND SPACE ADMINISTRATION (NASA),8000,NATIONAL AERONAUTICS AND SPACE ADMINISTRATION,80MSFC,NASA MARSHALL SPACE FLIGHT CENTER,080,NATIONAL AERONAUTICS AND SPACE ADMINISTRATION (NASA),8000,NATIONAL AERONAUTICS AND SPACE ADMINISTRATION,80MSFC,NASA MARSHALL SPACE FLIGHT CENTER,PB11V1KH3KV4,,SOUTHWEST RESEARCH INSTITUTE,SOUTHWEST RESEARCH INSTITUTE,PB11V1KH3KV4,PB11V1KH3KV4,SOUTHWEST RESEARCH INSTITUTE,SOUTHWEST RESEARCH INSTITUTE INC,USA,TX,BEXAR,SAN ANTONIO,TX-20,TX-20,782385100,UNITED STATES,TEXAS,BEXAR,TX-20,TX-20,782385100,,,AR22,R&D- SPACE: SCIENCE/APPLICATIONS (APPLIED RESEARCH/EXPLORATORY DEVELOPMENT),541710,"RESEARCH AND DEVELOPMENT IN THE PHYSICAL, ENGINEERING, AND LIFE SCIENCES",,,https://www.usaspending.gov/award/CONT_AWD_NNM06AA75C_8000_-NONE-_-NONE-/,2022-11-02
National Aeronautics and Space Administration,National Aeronautics and Space Administration,FY2022P12,,080,2021,2022,,0120,000,080-2021/2022-0120-000,"Science, National Aeronautics and Space Administration",National Aeronautics and Space Administration,,"General Science, Space, and Technology","Space flight, research, and supporting activities",080-0120,"Science, National Aeronautics and Space Administration",0001,SCIENCE (DIRECT),25.5,Research and development contracts,D,Q,Not Designated Nonemergency/Emergency/Disaster/Wildfire Suppression,,7643303.86,,,CONT_AWD_NNM06AA75C_8000_-NONE-_-NONE-,NNM06AA75C,,,,2006-02-23,2006,2025-09-05,2025,2006-02-23,2026-08-31,,D,DEFINITIVE CONTRACT,,,"THE NATIONAL AERONAUTICS AND SPACE ADMINISTRATION HAS SELECTED JUNO NEW FRONTIERS MISSION UNDER THE DIRECTION OF PRINCIPAL INVESTIGATOR (PI) DR. SCOTT BOLTON TO CONTINUE DEVELOPMENT WITH THE EXPECTATION THAT THE JUNO MISSION WILL ENTER PHASE B IN EARLY FISCAL YEAR 2006.  THE JUNO MISSION WILL BE MANAGED BY THE MARSHALL SPACE FLIGHT CENTER, NEW FRONTIERS PROGRAM OFFICE.  KEY JUNO TEAM MEMBERS INCLUDE DR. BOLTON'S HOME INSTITUTION, THE SOUTHWEST RESEARCH INSTITUTE (SWRI), THE JUNO IMPLEMENTATION TEAM LEADER JET PROPULSION LABORATORY (JPL) AND THE SPACECRAFT BUS PROVIDER THE LOCKHEED MARTIN SPACE SYSTEMS DIVISION (LM/SS).   THE PI'S TEAM AT SWRI NEEDS TO BEGIN WORK ON A SUBSET OF PHASE B ACTIVITIES AS EARLY IN FY06 AS POSSIBLE.  THIS SOW PROVIDES A LIST OF ACTIVITIES THAT ARE NECESSARY TO BEGIN WORK IN FY06 AND THEIR ASSOCIATED DELIVERABLES. THE JUNO MISSION IS A COLLABORATION BETWEEN SOUTHWEST RESEARCH INSTITUTE (SWRI), JPL, LOCKHEED MARTIN (LM), AND A COMPLEMENTARY TEAM OF UNIVERSITIES AND FIELD CENTERS.  THE PRINCIPAL INVESTIGATOR, DR. SCOTT BOLTON, IS AT SOUTHWEST RESEARCH INSTITUTE (SWRI) AND IS RESPONSIBLE TO NASA FOR ALL ASPECTS OF THE MISSION INCLUDING ACHIEVING ALL SCIENTIFIC OBJECTIVES AND MISSION GOALS.  JPL PROVIDES THE PROJECT MANAGER WHO OVERSEES THE DAY-TO-DAY MANAGEMENT OF THE PROJECT AND WILL REPORT TO THE PI. PRINCIPAL INVESTIGATOR (PI) DR. SCOTT BOLTON IS RESPONSIBLE TO NASA FOR MEETING THE SCIENTIFIC OBJECTIVES OF THE JUNO MISSION WITHIN COST AND SCHEDULE.  AS PI, DR. BOLTON HAS DIRECT ACCOUNTABILITY TO THE NASA NEW FRONTIERS PROGRAM OFFICE FOR THE IMPLEMENTATION OF JUNO.  ALL JUNO SCIENCE CO-IS, THE DEPUTY PI AND PROJECT SCIENTIST, THE SCIENCE INVESTIGATION OFFICE MANAGER, THE E/PO EFFORT, THE JUNO ADVISORY BOARD AND THE PM REPORT DIRECTLY TO DR. BOLTON.  THE PI DELEGATES THE DAY-TO-DAY MANAGEMENT OF THE PROJECT TO THE PROJECT MANAGER (PM), RICK GRAMMIER.  THE PROJECT SYSTEM ENGINEER, PAYLOAD MANAGER, FLIGHT SYSTEM MANAGER, MISSION MANAGER, SCIENCE OPS CENTER, BUSINESS MANAGER, LM CONTRACT CTM, AND MISSION ASSURANCE MANAGER ALL REPORT DIRECTLY TO THE PM.",080,NATIONAL AERONAUTICS AND SPACE ADMINISTRATION (NASA),8000,NATIONAL AERONAUTICS AND SPACE ADMINISTRATION,80MSFC,NASA MARSHALL SPACE FLIGHT CENTER,080,NATIONAL AERONAUTICS AND SPACE ADMINISTRATION (NASA),8000,NATIONAL AERONAUTICS AND SPACE ADMINISTRATION,80MSFC,NASA MARSHALL SPACE FLIGHT CENTER,PB11V1KH3KV4,,SOUTHWEST RESEARCH INSTITUTE,SOUTHWEST RESEARCH INSTITUTE,PB11V1KH3KV4,PB11V1KH3KV4,SOUTHWEST RESEARCH INSTITUTE,SOUTHWEST RESEARCH INSTITUTE INC,USA,TX,BEXAR,SAN ANTONIO,TX-20,TX-20,782385100,UNITED STATES,TEXAS,BEXAR,TX-20,TX-20,782385100,,,AR22,R&D- SPACE: SCIENCE/APPLICATIONS (APPLIED RESEARCH/EXPLORATORY DEVELOPMENT),541710,"RESEARCH AND DEVELOPMENT IN THE PHYSICAL, ENGINEERING, AND LIFE SCIENCES",,,https://www.usaspending.gov/award/CONT_AWD_NNM06AA75C_8000_-NONE-_-NONE-/,2022-11-02
National Aeronautics and Space Administration,National Aeronautics and Space Administration,FY2023P02,,080,2023,2024,,0120,000,080-2023/2024-0120-000,"Science, National Aeronautics and Space Administration",National Aeronautics and Space Administration,,"General Science, Space, and Technology","Space flight, research, and supporting activities",080-0120,"Science, National Aeronautics and Space Administration",0001,SCIENCE (DIRECT),25.5,Research and development contracts,D,Q,Not Designated Nonemergency/Emergency/Disaster/Wildfire Suppression,2084000.00,,,,CONT_AWD_NNM06AA75C_8000_-NONE-_-NONE-,NNM06AA75C,,,,2006-02-23,2006,2025-09-05,2025,2006-02-23,2026-08-31,,D,DEFINITIVE CONTRACT,,,"THE NATIONAL AERONAUTICS AND SPACE ADMINISTRATION HAS SELECTED JUNO NEW FRONTIERS MISSION UNDER THE DIRECTION OF PRINCIPAL INVESTIGATOR (PI) DR. SCOTT BOLTON TO CONTINUE DEVELOPMENT WITH THE EXPECTATION THAT THE JUNO MISSION WILL ENTER PHASE B IN EARLY FISCAL YEAR 2006.  THE JUNO MISSION WILL BE MANAGED BY THE MARSHALL SPACE FLIGHT CENTER, NEW FRONTIERS PROGRAM OFFICE.  KEY JUNO TEAM MEMBERS INCLUDE DR. BOLTON'S HOME INSTITUTION, THE SOUTHWEST RESEARCH INSTITUTE (SWRI), THE JUNO IMPLEMENTATION TEAM LEADER JET PROPULSION LABORATORY (JPL) AND THE SPACECRAFT BUS PROVIDER THE LOCKHEED MARTIN SPACE SYSTEMS DIVISION (LM/SS).   THE PI'S TEAM AT SWRI NEEDS TO BEGIN WORK ON A SUBSET OF PHASE B ACTIVITIES AS EARLY IN FY06 AS POSSIBLE.  THIS SOW PROVIDES A LIST OF ACTIVITIES THAT ARE NECESSARY TO BEGIN WORK IN FY06 AND THEIR ASSOCIATED DELIVERABLES. THE JUNO MISSION IS A COLLABORATION BETWEEN SOUTHWEST RESEARCH INSTITUTE (SWRI), JPL, LOCKHEED MARTIN (LM), AND A COMPLEMENTARY TEAM OF UNIVERSITIES AND FIELD CENTERS.  THE PRINCIPAL INVESTIGATOR, DR. SCOTT BOLTON, IS AT SOUTHWEST RESEARCH INSTITUTE (SWRI) AND IS RESPONSIBLE TO NASA FOR ALL ASPECTS OF THE MISSION INCLUDING ACHIEVING ALL SCIENTIFIC OBJECTIVES AND MISSION GOALS.  JPL PROVIDES THE PROJECT MANAGER WHO OVERSEES THE DAY-TO-DAY MANAGEMENT OF THE PROJECT AND WILL REPORT TO THE PI. PRINCIPAL INVESTIGATOR (PI) DR. SCOTT BOLTON IS RESPONSIBLE TO NASA FOR MEETING THE SCIENTIFIC OBJECTIVES OF THE JUNO MISSION WITHIN COST AND SCHEDULE.  AS PI, DR. BOLTON HAS DIRECT ACCOUNTABILITY TO THE NASA NEW FRONTIERS PROGRAM OFFICE FOR THE IMPLEMENTATION OF JUNO.  ALL JUNO SCIENCE CO-IS, THE DEPUTY PI AND PROJECT SCIENTIST, THE SCIENCE INVESTIGATION OFFICE MANAGER, THE E/PO EFFORT, THE JUNO ADVISORY BOARD AND THE PM REPORT DIRECTLY TO DR. BOLTON.  THE PI DELEGATES THE DAY-TO-DAY MANAGEMENT OF THE PROJECT TO THE PROJECT MANAGER (PM), RICK GRAMMIER.  THE PROJECT SYSTEM ENGINEER, PAYLOAD MANAGER, FLIGHT SYSTEM MANAGER, MISSION MANAGER, SCIENCE OPS CENTER, BUSINESS MANAGER, LM CONTRACT CTM, AND MISSION ASSURANCE MANAGER ALL REPORT DIRECTLY TO THE PM.",080,NATIONAL AERONAUTICS AND SPACE ADMINISTRATION (NASA),8000,NATIONAL AERONAUTICS AND SPACE ADMINISTRATION,80MSFC,NASA MARSHALL SPACE FLIGHT CENTER,080,NATIONAL AERONAUTICS AND SPACE ADMINISTRATION (NASA),8000,NATIONAL AERONAUTICS AND SPACE ADMINISTRATION,80MSFC,NASA MARSHALL SPACE FLIGHT CENTER,PB11V1KH3KV4,,SOUTHWEST RESEARCH INSTITUTE,SOUTHWEST RESEARCH INSTITUTE,PB11V1KH3KV4,PB11V1KH3KV4,SOUTHWEST RESEARCH INSTITUTE,SOUTHWEST RESEARCH INSTITUTE INC,USA,TX,BEXAR,SAN ANTONIO,TX-20,TX-20,782385100,UNITED STATES,TEXAS,BEXAR,TX-20,TX-20,782385100,,,AR22,R&D- SPACE: SCIENCE/APPLICATIONS (APPLIED RESEARCH/EXPLORATORY DEVELOPMENT),541710,"RESEARCH AND DEVELOPMENT IN THE PHYSICAL, ENGINEERING, AND LIFE SCIENCES",,,https://www.usaspending.gov/award/CONT_AWD_NNM06AA75C_8000_-NONE-_-NONE-/,2023-01-06
National Aeronautics and Space Administration,National Aeronautics and Space Administration,FY2023P02,,080,2022,2023,,0120,000,080-2022/2023-0120-000,"Science, National Aeronautics and Space Administration",National Aeronautics and Space Administration,,"General Science, Space, and Technology","Space flight, research, and supporting activities",080-0120,"Science, National Aeronautics and Space Administration",0001,SCIENCE (DIRECT),25.5,Research and development contracts,D,Q,Not Designated Nonemergency/Emergency/Disaster/Wildfire Suppression,,1650255.62,,,CONT_AWD_NNM06AA75C_8000_-NONE-_-NONE-,NNM06AA75C,,,,2006-02-23,2006,2025-09-05,2025,2006-02-23,2026-08-31,,D,DEFINITIVE CONTRACT,,,"THE NATIONAL AERONAUTICS AND SPACE ADMINISTRATION HAS SELECTED JUNO NEW FRONTIERS MISSION UNDER THE DIRECTION OF PRINCIPAL INVESTIGATOR (PI) DR. SCOTT BOLTON TO CONTINUE DEVELOPMENT WITH THE EXPECTATION THAT THE JUNO MISSION WILL ENTER PHASE B IN EARLY FISCAL YEAR 2006.  THE JUNO MISSION WILL BE MANAGED BY THE MARSHALL SPACE FLIGHT CENTER, NEW FRONTIERS PROGRAM OFFICE.  KEY JUNO TEAM MEMBERS INCLUDE DR. BOLTON'S HOME INSTITUTION, THE SOUTHWEST RESEARCH INSTITUTE (SWRI), THE JUNO IMPLEMENTATION TEAM LEADER JET PROPULSION LABORATORY (JPL) AND THE SPACECRAFT BUS PROVIDER THE LOCKHEED MARTIN SPACE SYSTEMS DIVISION (LM/SS).   THE PI'S TEAM AT SWRI NEEDS TO BEGIN WORK ON A SUBSET OF PHASE B ACTIVITIES AS EARLY IN FY06 AS POSSIBLE.  THIS SOW PROVIDES A LIST OF ACTIVITIES THAT ARE NECESSARY TO BEGIN WORK IN FY06 AND THEIR ASSOCIATED DELIVERABLES. THE JUNO MISSION IS A COLLABORATION BETWEEN SOUTHWEST RESEARCH INSTITUTE (SWRI), JPL, LOCKHEED MARTIN (LM), AND A COMPLEMENTARY TEAM OF UNIVERSITIES AND FIELD CENTERS.  THE PRINCIPAL INVESTIGATOR, DR. SCOTT BOLTON, IS AT SOUTHWEST RESEARCH INSTITUTE (SWRI) AND IS RESPONSIBLE TO NASA FOR ALL ASPECTS OF THE MISSION INCLUDING ACHIEVING ALL SCIENTIFIC OBJECTIVES AND MISSION GOALS.  JPL PROVIDES THE PROJECT MANAGER WHO OVERSEES THE DAY-TO-DAY MANAGEMENT OF THE PROJECT AND WILL REPORT TO THE PI. PRINCIPAL INVESTIGATOR (PI) DR. SCOTT BOLTON IS RESPONSIBLE TO NASA FOR MEETING THE SCIENTIFIC OBJECTIVES OF THE JUNO MISSION WITHIN COST AND SCHEDULE.  AS PI, DR. BOLTON HAS DIRECT ACCOUNTABILITY TO THE NASA NEW FRONTIERS PROGRAM OFFICE FOR THE IMPLEMENTATION OF JUNO.  ALL JUNO SCIENCE CO-IS, THE DEPUTY PI AND PROJECT SCIENTIST, THE SCIENCE INVESTIGATION OFFICE MANAGER, THE E/PO EFFORT, THE JUNO ADVISORY BOARD AND THE PM REPORT DIRECTLY TO DR. BOLTON.  THE PI DELEGATES THE DAY-TO-DAY MANAGEMENT OF THE PROJECT TO THE PROJECT MANAGER (PM), RICK GRAMMIER.  THE PROJECT SYSTEM ENGINEER, PAYLOAD MANAGER, FLIGHT SYSTEM MANAGER, MISSION MANAGER, SCIENCE OPS CENTER, BUSINESS MANAGER, LM CONTRACT CTM, AND MISSION ASSURANCE MANAGER ALL REPORT DIRECTLY TO THE PM.",080,NATIONAL AERONAUTICS AND SPACE ADMINISTRATION (NASA),8000,NATIONAL AERONAUTICS AND SPACE ADMINISTRATION,80MSFC,NASA MARSHALL SPACE FLIGHT CENTER,080,NATIONAL AERONAUTICS AND SPACE ADMINISTRATION (NASA),8000,NATIONAL AERONAUTICS AND SPACE ADMINISTRATION,80MSFC,NASA MARSHALL SPACE FLIGHT CENTER,PB11V1KH3KV4,,SOUTHWEST RESEARCH INSTITUTE,SOUTHWEST RESEARCH INSTITUTE,PB11V1KH3KV4,PB11V1KH3KV4,SOUTHWEST RESEARCH INSTITUTE,SOUTHWEST RESEARCH INSTITUTE INC,USA,TX,BEXAR,SAN ANTONIO,TX-20,TX-20,782385100,UNITED STATES,TEXAS,BEXAR,TX-20,TX-20,782385100,,,AR22,R&D- SPACE: SCIENCE/APPLICATIONS (APPLIED RESEARCH/EXPLORATORY DEVELOPMENT),541710,"RESEARCH AND DEVELOPMENT IN THE PHYSICAL, ENGINEERING, AND LIFE SCIENCES",,,https://www.usaspending.gov/award/CONT_AWD_NNM06AA75C_8000_-NONE-_-NONE-/,2023-01-06
National Aeronautics and Space Administration,National Aeronautics and Space Administration,FY2023P02,,080,2022,2023,,0120,000,080-2022/2023-0120-000,"Science, National Aeronautics and Space Administration",National Aeronautics and Space Administration,,"General Science, Space, and Technology","Space flight, research, and supporting activities",080-0120,"Science, National Aeronautics and Space Administration",0001,SCIENCE (DIRECT),25.5,Research and development contracts,D,Q,Not Designated Nonemergency/Emergency/Disaster/Wildfire Suppression,6393592.00,,,,CONT_AWD_NNM06AA75C_8000_-NONE-_-NONE-,NNM06AA75C,,,,2006-02-23,2006,2025-09-05,2025,2006-02-23,2026-08-31,,D,DEFINITIVE CONTRACT,,,"THE NATIONAL AERONAUTICS AND SPACE ADMINISTRATION HAS SELECTED JUNO NEW FRONTIERS MISSION UNDER THE DIRECTION OF PRINCIPAL INVESTIGATOR (PI) DR. SCOTT BOLTON TO CONTINUE DEVELOPMENT WITH THE EXPECTATION THAT THE JUNO MISSION WILL ENTER PHASE B IN EARLY FISCAL YEAR 2006.  THE JUNO MISSION WILL BE MANAGED BY THE MARSHALL SPACE FLIGHT CENTER, NEW FRONTIERS PROGRAM OFFICE.  KEY JUNO TEAM MEMBERS INCLUDE DR. BOLTON'S HOME INSTITUTION, THE SOUTHWEST RESEARCH INSTITUTE (SWRI), THE JUNO IMPLEMENTATION TEAM LEADER JET PROPULSION LABORATORY (JPL) AND THE SPACECRAFT BUS PROVIDER THE LOCKHEED MARTIN SPACE SYSTEMS DIVISION (LM/SS).   THE PI'S TEAM AT SWRI NEEDS TO BEGIN WORK ON A SUBSET OF PHASE B ACTIVITIES AS EARLY IN FY06 AS POSSIBLE.  THIS SOW PROVIDES A LIST OF ACTIVITIES THAT ARE NECESSARY TO BEGIN WORK IN FY06 AND THEIR ASSOCIATED DELIVERABLES. THE JUNO MISSION IS A COLLABORATION BETWEEN SOUTHWEST RESEARCH INSTITUTE (SWRI), JPL, LOCKHEED MARTIN (LM), AND A COMPLEMENTARY TEAM OF UNIVERSITIES AND FIELD CENTERS.  THE PRINCIPAL INVESTIGATOR, DR. SCOTT BOLTON, IS AT SOUTHWEST RESEARCH INSTITUTE (SWRI) AND IS RESPONSIBLE TO NASA FOR ALL ASPECTS OF THE MISSION INCLUDING ACHIEVING ALL SCIENTIFIC OBJECTIVES AND MISSION GOALS.  JPL PROVIDES THE PROJECT MANAGER WHO OVERSEES THE DAY-TO-DAY MANAGEMENT OF THE PROJECT AND WILL REPORT TO THE PI. PRINCIPAL INVESTIGATOR (PI) DR. SCOTT BOLTON IS RESPONSIBLE TO NASA FOR MEETING THE SCIENTIFIC OBJECTIVES OF THE JUNO MISSION WITHIN COST AND SCHEDULE.  AS PI, DR. BOLTON HAS DIRECT ACCOUNTABILITY TO THE NASA NEW FRONTIERS PROGRAM OFFICE FOR THE IMPLEMENTATION OF JUNO.  ALL JUNO SCIENCE CO-IS, THE DEPUTY PI AND PROJECT SCIENTIST, THE SCIENCE INVESTIGATION OFFICE MANAGER, THE E/PO EFFORT, THE JUNO ADVISORY BOARD AND THE PM REPORT DIRECTLY TO DR. BOLTON.  THE PI DELEGATES THE DAY-TO-DAY MANAGEMENT OF THE PROJECT TO THE PROJECT MANAGER (PM), RICK GRAMMIER.  THE PROJECT SYSTEM ENGINEER, PAYLOAD MANAGER, FLIGHT SYSTEM MANAGER, MISSION MANAGER, SCIENCE OPS CENTER, BUSINESS MANAGER, LM CONTRACT CTM, AND MISSION ASSURANCE MANAGER ALL REPORT DIRECTLY TO THE PM.",080,NATIONAL AERONAUTICS AND SPACE ADMINISTRATION (NASA),8000,NATIONAL AERONAUTICS AND SPACE ADMINISTRATION,80MSFC,NASA MARSHALL SPACE FLIGHT CENTER,080,NATIONAL AERONAUTICS AND SPACE ADMINISTRATION (NASA),8000,NATIONAL AERONAUTICS AND SPACE ADMINISTRATION,80MSFC,NASA MARSHALL SPACE FLIGHT CENTER,PB11V1KH3KV4,,SOUTHWEST RESEARCH INSTITUTE,SOUTHWEST RESEARCH INSTITUTE,PB11V1KH3KV4,PB11V1KH3KV4,SOUTHWEST RESEARCH INSTITUTE,SOUTHWEST RESEARCH INSTITUTE INC,USA,TX,BEXAR,SAN ANTONIO,TX-20,TX-20,782385100,UNITED STATES,TEXAS,BEXAR,TX-20,TX-20,782385100,,,AR22,R&D- SPACE: SCIENCE/APPLICATIONS (APPLIED RESEARCH/EXPLORATORY DEVELOPMENT),541710,"RESEARCH AND DEVELOPMENT IN THE PHYSICAL, ENGINEERING, AND LIFE SCIENCES",,,https://www.usaspending.gov/award/CONT_AWD_NNM06AA75C_8000_-NONE-_-NONE-/,2023-01-06
National Aeronautics and Space Administration,National Aeronautics and Space Administration,FY2023P03,,080,2022,2023,,0120,000,080-2022/2023-0120-000,"Science, National Aeronautics and Space Administration",National Aeronautics and Space Administration,,"General Science, Space, and Technology","Space flight, research, and supporting activities",080-0120,"Science, National Aeronautics and Space Administration",0001,SCIENCE (DIRECT),25.5,Research and development contracts,D,Q,Not Designated Nonemergency/Emergency/Disaster/Wildfire Suppression,,4912335.11,,,CONT_AWD_NNM06AA75C_8000_-NONE-_-NONE-,NNM06AA75C,,,,2006-02-23,2006,2025-09-05,2025,2006-02-23,2026-08-31,,D,DEFINITIVE CONTRACT,,,"THE NATIONAL AERONAUTICS AND SPACE ADMINISTRATION HAS SELECTED JUNO NEW FRONTIERS MISSION UNDER THE DIRECTION OF PRINCIPAL INVESTIGATOR (PI) DR. SCOTT BOLTON TO CONTINUE DEVELOPMENT WITH THE EXPECTATION THAT THE JUNO MISSION WILL ENTER PHASE B IN EARLY FISCAL YEAR 2006.  THE JUNO MISSION WILL BE MANAGED BY THE MARSHALL SPACE FLIGHT CENTER, NEW FRONTIERS PROGRAM OFFICE.  KEY JUNO TEAM MEMBERS INCLUDE DR. BOLTON'S HOME INSTITUTION, THE SOUTHWEST RESEARCH INSTITUTE (SWRI), THE JUNO IMPLEMENTATION TEAM LEADER JET PROPULSION LABORATORY (JPL) AND THE SPACECRAFT BUS PROVIDER THE LOCKHEED MARTIN SPACE SYSTEMS DIVISION (LM/SS).   THE PI'S TEAM AT SWRI NEEDS TO BEGIN WORK ON A SUBSET OF PHASE B ACTIVITIES AS EARLY IN FY06 AS POSSIBLE.  THIS SOW PROVIDES A LIST OF ACTIVITIES THAT ARE NECESSARY TO BEGIN WORK IN FY06 AND THEIR ASSOCIATED DELIVERABLES. THE JUNO MISSION IS A COLLABORATION BETWEEN SOUTHWEST RESEARCH INSTITUTE (SWRI), JPL, LOCKHEED MARTIN (LM), AND A COMPLEMENTARY TEAM OF UNIVERSITIES AND FIELD CENTERS.  THE PRINCIPAL INVESTIGATOR, DR. SCOTT BOLTON, IS AT SOUTHWEST RESEARCH INSTITUTE (SWRI) AND IS RESPONSIBLE TO NASA FOR ALL ASPECTS OF THE MISSION INCLUDING ACHIEVING ALL SCIENTIFIC OBJECTIVES AND MISSION GOALS.  JPL PROVIDES THE PROJECT MANAGER WHO OVERSEES THE DAY-TO-DAY MANAGEMENT OF THE PROJECT AND WILL REPORT TO THE PI. PRINCIPAL INVESTIGATOR (PI) DR. SCOTT BOLTON IS RESPONSIBLE TO NASA FOR MEETING THE SCIENTIFIC OBJECTIVES OF THE JUNO MISSION WITHIN COST AND SCHEDULE.  AS PI, DR. BOLTON HAS DIRECT ACCOUNTABILITY TO THE NASA NEW FRONTIERS PROGRAM OFFICE FOR THE IMPLEMENTATION OF JUNO.  ALL JUNO SCIENCE CO-IS, THE DEPUTY PI AND PROJECT SCIENTIST, THE SCIENCE INVESTIGATION OFFICE MANAGER, THE E/PO EFFORT, THE JUNO ADVISORY BOARD AND THE PM REPORT DIRECTLY TO DR. BOLTON.  THE PI DELEGATES THE DAY-TO-DAY MANAGEMENT OF THE PROJECT TO THE PROJECT MANAGER (PM), RICK GRAMMIER.  THE PROJECT SYSTEM ENGINEER, PAYLOAD MANAGER, FLIGHT SYSTEM MANAGER, MISSION MANAGER, SCIENCE OPS CENTER, BUSINESS MANAGER, LM CONTRACT CTM, AND MISSION ASSURANCE MANAGER ALL REPORT DIRECTLY TO THE PM.",080,NATIONAL AERONAUTICS AND SPACE ADMINISTRATION (NASA),8000,NATIONAL AERONAUTICS AND SPACE ADMINISTRATION,80MSFC,NASA MARSHALL SPACE FLIGHT CENTER,080,NATIONAL AERONAUTICS AND SPACE ADMINISTRATION (NASA),8000,NATIONAL AERONAUTICS AND SPACE ADMINISTRATION,80MSFC,NASA MARSHALL SPACE FLIGHT CENTER,PB11V1KH3KV4,,SOUTHWEST RESEARCH INSTITUTE,SOUTHWEST RESEARCH INSTITUTE,PB11V1KH3KV4,PB11V1KH3KV4,SOUTHWEST RESEARCH INSTITUTE,SOUTHWEST RESEARCH INSTITUTE INC,USA,TX,BEXAR,SAN ANTONIO,TX-20,TX-20,782385100,UNITED STATES,TEXAS,BEXAR,TX-20,TX-20,782385100,,,AR22,R&D- SPACE: SCIENCE/APPLICATIONS (APPLIED RESEARCH/EXPLORATORY DEVELOPMENT),541710,"RESEARCH AND DEVELOPMENT IN THE PHYSICAL, ENGINEERING, AND LIFE SCIENCES",,,https://www.usaspending.gov/award/CONT_AWD_NNM06AA75C_8000_-NONE-_-NONE-/,2023-01-31
National Aeronautics and Space Administration,National Aeronautics and Space Administration,FY2023P04,,080,2022,2023,,0120,000,080-2022/2023-0120-000,"Science, National Aeronautics and Space Administration",National Aeronautics and Space Administration,,"General Science, Space, and Technology","Space flight, research, and supporting activities",080-0120,"Science, National Aeronautics and Space Administration",0001,SCIENCE (DIRECT),25.5,Research and development contracts,D,Q,Not Designated Nonemergency/Emergency/Disaster/Wildfire Suppression,,4912335.11,,,CONT_AWD_NNM06AA75C_8000_-NONE-_-NONE-,NNM06AA75C,,,,2006-02-23,2006,2025-09-05,2025,2006-02-23,2026-08-31,,D,DEFINITIVE CONTRACT,,,"THE NATIONAL AERONAUTICS AND SPACE ADMINISTRATION HAS SELECTED JUNO NEW FRONTIERS MISSION UNDER THE DIRECTION OF PRINCIPAL INVESTIGATOR (PI) DR. SCOTT BOLTON TO CONTINUE DEVELOPMENT WITH THE EXPECTATION THAT THE JUNO MISSION WILL ENTER PHASE B IN EARLY FISCAL YEAR 2006.  THE JUNO MISSION WILL BE MANAGED BY THE MARSHALL SPACE FLIGHT CENTER, NEW FRONTIERS PROGRAM OFFICE.  KEY JUNO TEAM MEMBERS INCLUDE DR. BOLTON'S HOME INSTITUTION, THE SOUTHWEST RESEARCH INSTITUTE (SWRI), THE JUNO IMPLEMENTATION TEAM LEADER JET PROPULSION LABORATORY (JPL) AND THE SPACECRAFT BUS PROVIDER THE LOCKHEED MARTIN SPACE SYSTEMS DIVISION (LM/SS).   THE PI'S TEAM AT SWRI NEEDS TO BEGIN WORK ON A SUBSET OF PHASE B ACTIVITIES AS EARLY IN FY06 AS POSSIBLE.  THIS SOW PROVIDES A LIST OF ACTIVITIES THAT ARE NECESSARY TO BEGIN WORK IN FY06 AND THEIR ASSOCIATED DELIVERABLES. THE JUNO MISSION IS A COLLABORATION BETWEEN SOUTHWEST RESEARCH INSTITUTE (SWRI), JPL, LOCKHEED MARTIN (LM), AND A COMPLEMENTARY TEAM OF UNIVERSITIES AND FIELD CENTERS.  THE PRINCIPAL INVESTIGATOR, DR. SCOTT BOLTON, IS AT SOUTHWEST RESEARCH INSTITUTE (SWRI) AND IS RESPONSIBLE TO NASA FOR ALL ASPECTS OF THE MISSION INCLUDING ACHIEVING ALL SCIENTIFIC OBJECTIVES AND MISSION GOALS.  JPL PROVIDES THE PROJECT MANAGER WHO OVERSEES THE DAY-TO-DAY MANAGEMENT OF THE PROJECT AND WILL REPORT TO THE PI. PRINCIPAL INVESTIGATOR (PI) DR. SCOTT BOLTON IS RESPONSIBLE TO NASA FOR MEETING THE SCIENTIFIC OBJECTIVES OF THE JUNO MISSION WITHIN COST AND SCHEDULE.  AS PI, DR. BOLTON HAS DIRECT ACCOUNTABILITY TO THE NASA NEW FRONTIERS PROGRAM OFFICE FOR THE IMPLEMENTATION OF JUNO.  ALL JUNO SCIENCE CO-IS, THE DEPUTY PI AND PROJECT SCIENTIST, THE SCIENCE INVESTIGATION OFFICE MANAGER, THE E/PO EFFORT, THE JUNO ADVISORY BOARD AND THE PM REPORT DIRECTLY TO DR. BOLTON.  THE PI DELEGATES THE DAY-TO-DAY MANAGEMENT OF THE PROJECT TO THE PROJECT MANAGER (PM), RICK GRAMMIER.  THE PROJECT SYSTEM ENGINEER, PAYLOAD MANAGER, FLIGHT SYSTEM MANAGER, MISSION MANAGER, SCIENCE OPS CENTER, BUSINESS MANAGER, LM CONTRACT CTM, AND MISSION ASSURANCE MANAGER ALL REPORT DIRECTLY TO THE PM.",080,NATIONAL AERONAUTICS AND SPACE ADMINISTRATION (NASA),8000,NATIONAL AERONAUTICS AND SPACE ADMINISTRATION,80MSFC,NASA MARSHALL SPACE FLIGHT CENTER,080,NATIONAL AERONAUTICS AND SPACE ADMINISTRATION (NASA),8000,NATIONAL AERONAUTICS AND SPACE ADMINISTRATION,80MSFC,NASA MARSHALL SPACE FLIGHT CENTER,PB11V1KH3KV4,,SOUTHWEST RESEARCH INSTITUTE,SOUTHWEST RESEARCH INSTITUTE,PB11V1KH3KV4,PB11V1KH3KV4,SOUTHWEST RESEARCH INSTITUTE,SOUTHWEST RESEARCH INSTITUTE INC,USA,TX,BEXAR,SAN ANTONIO,TX-20,TX-20,782385100,UNITED STATES,TEXAS,BEXAR,TX-20,TX-20,782385100,,,AR22,R&D- SPACE: SCIENCE/APPLICATIONS (APPLIED RESEARCH/EXPLORATORY DEVELOPMENT),541710,"RESEARCH AND DEVELOPMENT IN THE PHYSICAL, ENGINEERING, AND LIFE SCIENCES",,,https://www.usaspending.gov/award/CONT_AWD_NNM06AA75C_8000_-NONE-_-NONE-/,2023-02-23
National Aeronautics and Space Administration,National Aeronautics and Space Administration,FY2023P05,,080,2022,2023,,0120,000,080-2022/2023-0120-000,"Science, National Aeronautics and Space Administration",National Aeronautics and Space Administration,,"General Science, Space, and Technology","Space flight, research, and supporting activities",080-0120,"Science, National Aeronautics and Space Administration",0001,SCIENCE (DIRECT),25.5,Research and development contracts,D,Q,Not Designated Nonemergency/Emergency/Disaster/Wildfire Suppression,,6192880.51,,,CONT_AWD_NNM06AA75C_8000_-NONE-_-NONE-,NNM06AA75C,,,,2006-02-23,2006,2025-09-05,2025,2006-02-23,2026-08-31,,D,DEFINITIVE CONTRACT,,,"THE NATIONAL AERONAUTICS AND SPACE ADMINISTRATION HAS SELECTED JUNO NEW FRONTIERS MISSION UNDER THE DIRECTION OF PRINCIPAL INVESTIGATOR (PI) DR. SCOTT BOLTON TO CONTINUE DEVELOPMENT WITH THE EXPECTATION THAT THE JUNO MISSION WILL ENTER PHASE B IN EARLY FISCAL YEAR 2006.  THE JUNO MISSION WILL BE MANAGED BY THE MARSHALL SPACE FLIGHT CENTER, NEW FRONTIERS PROGRAM OFFICE.  KEY JUNO TEAM MEMBERS INCLUDE DR. BOLTON'S HOME INSTITUTION, THE SOUTHWEST RESEARCH INSTITUTE (SWRI), THE JUNO IMPLEMENTATION TEAM LEADER JET PROPULSION LABORATORY (JPL) AND THE SPACECRAFT BUS PROVIDER THE LOCKHEED MARTIN SPACE SYSTEMS DIVISION (LM/SS).   THE PI'S TEAM AT SWRI NEEDS TO BEGIN WORK ON A SUBSET OF PHASE B ACTIVITIES AS EARLY IN FY06 AS POSSIBLE.  THIS SOW PROVIDES A LIST OF ACTIVITIES THAT ARE NECESSARY TO BEGIN WORK IN FY06 AND THEIR ASSOCIATED DELIVERABLES. THE JUNO MISSION IS A COLLABORATION BETWEEN SOUTHWEST RESEARCH INSTITUTE (SWRI), JPL, LOCKHEED MARTIN (LM), AND A COMPLEMENTARY TEAM OF UNIVERSITIES AND FIELD CENTERS.  THE PRINCIPAL INVESTIGATOR, DR. SCOTT BOLTON, IS AT SOUTHWEST RESEARCH INSTITUTE (SWRI) AND IS RESPONSIBLE TO NASA FOR ALL ASPECTS OF THE MISSION INCLUDING ACHIEVING ALL SCIENTIFIC OBJECTIVES AND MISSION GOALS.  JPL PROVIDES THE PROJECT MANAGER WHO OVERSEES THE DAY-TO-DAY MANAGEMENT OF THE PROJECT AND WILL REPORT TO THE PI. PRINCIPAL INVESTIGATOR (PI) DR. SCOTT BOLTON IS RESPONSIBLE TO NASA FOR MEETING THE SCIENTIFIC OBJECTIVES OF THE JUNO MISSION WITHIN COST AND SCHEDULE.  AS PI, DR. BOLTON HAS DIRECT ACCOUNTABILITY TO THE NASA NEW FRONTIERS PROGRAM OFFICE FOR THE IMPLEMENTATION OF JUNO.  ALL JUNO SCIENCE CO-IS, THE DEPUTY PI AND PROJECT SCIENTIST, THE SCIENCE INVESTIGATION OFFICE MANAGER, THE E/PO EFFORT, THE JUNO ADVISORY BOARD AND THE PM REPORT DIRECTLY TO DR. BOLTON.  THE PI DELEGATES THE DAY-TO-DAY MANAGEMENT OF THE PROJECT TO THE PROJECT MANAGER (PM), RICK GRAMMIER.  THE PROJECT SYSTEM ENGINEER, PAYLOAD MANAGER, FLIGHT SYSTEM MANAGER, MISSION MANAGER, SCIENCE OPS CENTER, BUSINESS MANAGER, LM CONTRACT CTM, AND MISSION ASSURANCE MANAGER ALL REPORT DIRECTLY TO THE PM.",080,NATIONAL AERONAUTICS AND SPACE ADMINISTRATION (NASA),8000,NATIONAL AERONAUTICS AND SPACE ADMINISTRATION,80MSFC,NASA MARSHALL SPACE FLIGHT CENTER,080,NATIONAL AERONAUTICS AND SPACE ADMINISTRATION (NASA),8000,NATIONAL AERONAUTICS AND SPACE ADMINISTRATION,80MSFC,NASA MARSHALL SPACE FLIGHT CENTER,PB11V1KH3KV4,,SOUTHWEST RESEARCH INSTITUTE,SOUTHWEST RESEARCH INSTITUTE,PB11V1KH3KV4,PB11V1KH3KV4,SOUTHWEST RESEARCH INSTITUTE,SOUTHWEST RESEARCH INSTITUTE INC,USA,TX,BEXAR,SAN ANTONIO,TX-20,TX-20,782385100,UNITED STATES,TEXAS,BEXAR,TX-20,TX-20,782385100,,,AR22,R&D- SPACE: SCIENCE/APPLICATIONS (APPLIED RESEARCH/EXPLORATORY DEVELOPMENT),541710,"RESEARCH AND DEVELOPMENT IN THE PHYSICAL, ENGINEERING, AND LIFE SCIENCES",,,https://www.usaspending.gov/award/CONT_AWD_NNM06AA75C_8000_-NONE-_-NONE-/,2023-03-27
National Aeronautics and Space Administration,National Aeronautics and Space Administration,FY2023P06,,080,2022,2023,,0120,000,080-2022/2023-0120-000,"Science, National Aeronautics and Space Administration",National Aeronautics and Space Administration,,"General Science, Space, and Technology","Space flight, research, and supporting activities",080-0120,"Science, National Aeronautics and Space Administration",0001,SCIENCE (DIRECT),25.5,Research and development contracts,D,Q,Not Designated Nonemergency/Emergency/Disaster/Wildfire Suppression,,6818045.28,,,CONT_AWD_NNM06AA75C_8000_-NONE-_-NONE-,NNM06AA75C,,,,2006-02-23,2006,2025-09-05,2025,2006-02-23,2026-08-31,,D,DEFINITIVE CONTRACT,,,"THE NATIONAL AERONAUTICS AND SPACE ADMINISTRATION HAS SELECTED JUNO NEW FRONTIERS MISSION UNDER THE DIRECTION OF PRINCIPAL INVESTIGATOR (PI) DR. SCOTT BOLTON TO CONTINUE DEVELOPMENT WITH THE EXPECTATION THAT THE JUNO MISSION WILL ENTER PHASE B IN EARLY FISCAL YEAR 2006.  THE JUNO MISSION WILL BE MANAGED BY THE MARSHALL SPACE FLIGHT CENTER, NEW FRONTIERS PROGRAM OFFICE.  KEY JUNO TEAM MEMBERS INCLUDE DR. BOLTON'S HOME INSTITUTION, THE SOUTHWEST RESEARCH INSTITUTE (SWRI), THE JUNO IMPLEMENTATION TEAM LEADER JET PROPULSION LABORATORY (JPL) AND THE SPACECRAFT BUS PROVIDER THE LOCKHEED MARTIN SPACE SYSTEMS DIVISION (LM/SS).   THE PI'S TEAM AT SWRI NEEDS TO BEGIN WORK ON A SUBSET OF PHASE B ACTIVITIES AS EARLY IN FY06 AS POSSIBLE.  THIS SOW PROVIDES A LIST OF ACTIVITIES THAT ARE NECESSARY TO BEGIN WORK IN FY06 AND THEIR ASSOCIATED DELIVERABLES. THE JUNO MISSION IS A COLLABORATION BETWEEN SOUTHWEST RESEARCH INSTITUTE (SWRI), JPL, LOCKHEED MARTIN (LM), AND A COMPLEMENTARY TEAM OF UNIVERSITIES AND FIELD CENTERS.  THE PRINCIPAL INVESTIGATOR, DR. SCOTT BOLTON, IS AT SOUTHWEST RESEARCH INSTITUTE (SWRI) AND IS RESPONSIBLE TO NASA FOR ALL ASPECTS OF THE MISSION INCLUDING ACHIEVING ALL SCIENTIFIC OBJECTIVES AND MISSION GOALS.  JPL PROVIDES THE PROJECT MANAGER WHO OVERSEES THE DAY-TO-DAY MANAGEMENT OF THE PROJECT AND WILL REPORT TO THE PI. PRINCIPAL INVESTIGATOR (PI) DR. SCOTT BOLTON IS RESPONSIBLE TO NASA FOR MEETING THE SCIENTIFIC OBJECTIVES OF THE JUNO MISSION WITHIN COST AND SCHEDULE.  AS PI, DR. BOLTON HAS DIRECT ACCOUNTABILITY TO THE NASA NEW FRONTIERS PROGRAM OFFICE FOR THE IMPLEMENTATION OF JUNO.  ALL JUNO SCIENCE CO-IS, THE DEPUTY PI AND PROJECT SCIENTIST, THE SCIENCE INVESTIGATION OFFICE MANAGER, THE E/PO EFFORT, THE JUNO ADVISORY BOARD AND THE PM REPORT DIRECTLY TO DR. BOLTON.  THE PI DELEGATES THE DAY-TO-DAY MANAGEMENT OF THE PROJECT TO THE PROJECT MANAGER (PM), RICK GRAMMIER.  THE PROJECT SYSTEM ENGINEER, PAYLOAD MANAGER, FLIGHT SYSTEM MANAGER, MISSION MANAGER, SCIENCE OPS CENTER, BUSINESS MANAGER, LM CONTRACT CTM, AND MISSION ASSURANCE MANAGER ALL REPORT DIRECTLY TO THE PM.",080,NATIONAL AERONAUTICS AND SPACE ADMINISTRATION (NASA),8000,NATIONAL AERONAUTICS AND SPACE ADMINISTRATION,80MSFC,NASA MARSHALL SPACE FLIGHT CENTER,080,NATIONAL AERONAUTICS AND SPACE ADMINISTRATION (NASA),8000,NATIONAL AERONAUTICS AND SPACE ADMINISTRATION,80MSFC,NASA MARSHALL SPACE FLIGHT CENTER,PB11V1KH3KV4,,SOUTHWEST RESEARCH INSTITUTE,SOUTHWEST RESEARCH INSTITUTE,PB11V1KH3KV4,PB11V1KH3KV4,SOUTHWEST RESEARCH INSTITUTE,SOUTHWEST RESEARCH INSTITUTE INC,USA,TX,BEXAR,SAN ANTONIO,TX-20,TX-20,782385100,UNITED STATES,TEXAS,BEXAR,TX-20,TX-20,782385100,,,AR22,R&D- SPACE: SCIENCE/APPLICATIONS (APPLIED RESEARCH/EXPLORATORY DEVELOPMENT),541710,"RESEARCH AND DEVELOPMENT IN THE PHYSICAL, ENGINEERING, AND LIFE SCIENCES",,,https://www.usaspending.gov/award/CONT_AWD_NNM06AA75C_8000_-NONE-_-NONE-/,2023-04-27
National Aeronautics and Space Administration,National Aeronautics and Space Administration,FY2023P07,,080,2022,2023,,0120,000,080-2022/2023-0120-000,"Science, National Aeronautics and Space Administration",National Aeronautics and Space Administration,,"General Science, Space, and Technology","Space flight, research, and supporting activities",080-0120,"Science, National Aeronautics and Space Administration",0001,SCIENCE (DIRECT),25.5,Research and development contracts,D,Q,Not Designated Nonemergency/Emergency/Disaster/Wildfire Suppression,,7409945.74,,,CONT_AWD_NNM06AA75C_8000_-NONE-_-NONE-,NNM06AA75C,,,,2006-02-23,2006,2025-09-05,2025,2006-02-23,2026-08-31,,D,DEFINITIVE CONTRACT,,,"THE NATIONAL AERONAUTICS AND SPACE ADMINISTRATION HAS SELECTED JUNO NEW FRONTIERS MISSION UNDER THE DIRECTION OF PRINCIPAL INVESTIGATOR (PI) DR. SCOTT BOLTON TO CONTINUE DEVELOPMENT WITH THE EXPECTATION THAT THE JUNO MISSION WILL ENTER PHASE B IN EARLY FISCAL YEAR 2006.  THE JUNO MISSION WILL BE MANAGED BY THE MARSHALL SPACE FLIGHT CENTER, NEW FRONTIERS PROGRAM OFFICE.  KEY JUNO TEAM MEMBERS INCLUDE DR. BOLTON'S HOME INSTITUTION, THE SOUTHWEST RESEARCH INSTITUTE (SWRI), THE JUNO IMPLEMENTATION TEAM LEADER JET PROPULSION LABORATORY (JPL) AND THE SPACECRAFT BUS PROVIDER THE LOCKHEED MARTIN SPACE SYSTEMS DIVISION (LM/SS).   THE PI'S TEAM AT SWRI NEEDS TO BEGIN WORK ON A SUBSET OF PHASE B ACTIVITIES AS EARLY IN FY06 AS POSSIBLE.  THIS SOW PROVIDES A LIST OF ACTIVITIES THAT ARE NECESSARY TO BEGIN WORK IN FY06 AND THEIR ASSOCIATED DELIVERABLES. THE JUNO MISSION IS A COLLABORATION BETWEEN SOUTHWEST RESEARCH INSTITUTE (SWRI), JPL, LOCKHEED MARTIN (LM), AND A COMPLEMENTARY TEAM OF UNIVERSITIES AND FIELD CENTERS.  THE PRINCIPAL INVESTIGATOR, DR. SCOTT BOLTON, IS AT SOUTHWEST RESEARCH INSTITUTE (SWRI) AND IS RESPONSIBLE TO NASA FOR ALL ASPECTS OF THE MISSION INCLUDING ACHIEVING ALL SCIENTIFIC OBJECTIVES AND MISSION GOALS.  JPL PROVIDES THE PROJECT MANAGER WHO OVERSEES THE DAY-TO-DAY MANAGEMENT OF THE PROJECT AND WILL REPORT TO THE PI. PRINCIPAL INVESTIGATOR (PI) DR. SCOTT BOLTON IS RESPONSIBLE TO NASA FOR MEETING THE SCIENTIFIC OBJECTIVES OF THE JUNO MISSION WITHIN COST AND SCHEDULE.  AS PI, DR. BOLTON HAS DIRECT ACCOUNTABILITY TO THE NASA NEW FRONTIERS PROGRAM OFFICE FOR THE IMPLEMENTATION OF JUNO.  ALL JUNO SCIENCE CO-IS, THE DEPUTY PI AND PROJECT SCIENTIST, THE SCIENCE INVESTIGATION OFFICE MANAGER, THE E/PO EFFORT, THE JUNO ADVISORY BOARD AND THE PM REPORT DIRECTLY TO DR. BOLTON.  THE PI DELEGATES THE DAY-TO-DAY MANAGEMENT OF THE PROJECT TO THE PROJECT MANAGER (PM), RICK GRAMMIER.  THE PROJECT SYSTEM ENGINEER, PAYLOAD MANAGER, FLIGHT SYSTEM MANAGER, MISSION MANAGER, SCIENCE OPS CENTER, BUSINESS MANAGER, LM CONTRACT CTM, AND MISSION ASSURANCE MANAGER ALL REPORT DIRECTLY TO THE PM.",080,NATIONAL AERONAUTICS AND SPACE ADMINISTRATION (NASA),8000,NATIONAL AERONAUTICS AND SPACE ADMINISTRATION,80MSFC,NASA MARSHALL SPACE FLIGHT CENTER,080,NATIONAL AERONAUTICS AND SPACE ADMINISTRATION (NASA),8000,NATIONAL AERONAUTICS AND SPACE ADMINISTRATION,80MSFC,NASA MARSHALL SPACE FLIGHT CENTER,PB11V1KH3KV4,,SOUTHWEST RESEARCH INSTITUTE,SOUTHWEST RESEARCH INSTITUTE,PB11V1KH3KV4,PB11V1KH3KV4,SOUTHWEST RESEARCH INSTITUTE,SOUTHWEST RESEARCH INSTITUTE INC,USA,TX,BEXAR,SAN ANTONIO,TX-20,TX-20,782385100,UNITED STATES,TEXAS,BEXAR,TX-20,TX-20,782385100,,,AR22,R&D- SPACE: SCIENCE/APPLICATIONS (APPLIED RESEARCH/EXPLORATORY DEVELOPMENT),541710,"RESEARCH AND DEVELOPMENT IN THE PHYSICAL, ENGINEERING, AND LIFE SCIENCES",,,https://www.usaspending.gov/award/CONT_AWD_NNM06AA75C_8000_-NONE-_-NONE-/,2023-05-28
National Aeronautics and Space Administration,National Aeronautics and Space Administration,FY2023P08,,080,2023,2024,,0120,000,080-2023/2024-0120-000,"Science, National Aeronautics and Space Administration",National Aeronautics and Space Administration,,"General Science, Space, and Technology","Space flight, research, and supporting activities",080-0120,"Science, National Aeronautics and Space Administration",0001,SCIENCE (DIRECT),25.5,Research and development contracts,D,Q,Not Designated Nonemergency/Emergency/Disaster/Wildfire Suppression,5000000.00,,,,CONT_AWD_NNM06AA75C_8000_-NONE-_-NONE-,NNM06AA75C,,,,2006-02-23,2006,2025-09-05,2025,2006-02-23,2026-08-31,,D,DEFINITIVE CONTRACT,,,"THE NATIONAL AERONAUTICS AND SPACE ADMINISTRATION HAS SELECTED JUNO NEW FRONTIERS MISSION UNDER THE DIRECTION OF PRINCIPAL INVESTIGATOR (PI) DR. SCOTT BOLTON TO CONTINUE DEVELOPMENT WITH THE EXPECTATION THAT THE JUNO MISSION WILL ENTER PHASE B IN EARLY FISCAL YEAR 2006.  THE JUNO MISSION WILL BE MANAGED BY THE MARSHALL SPACE FLIGHT CENTER, NEW FRONTIERS PROGRAM OFFICE.  KEY JUNO TEAM MEMBERS INCLUDE DR. BOLTON'S HOME INSTITUTION, THE SOUTHWEST RESEARCH INSTITUTE (SWRI), THE JUNO IMPLEMENTATION TEAM LEADER JET PROPULSION LABORATORY (JPL) AND THE SPACECRAFT BUS PROVIDER THE LOCKHEED MARTIN SPACE SYSTEMS DIVISION (LM/SS).   THE PI'S TEAM AT SWRI NEEDS TO BEGIN WORK ON A SUBSET OF PHASE B ACTIVITIES AS EARLY IN FY06 AS POSSIBLE.  THIS SOW PROVIDES A LIST OF ACTIVITIES THAT ARE NECESSARY TO BEGIN WORK IN FY06 AND THEIR ASSOCIATED DELIVERABLES. THE JUNO MISSION IS A COLLABORATION BETWEEN SOUTHWEST RESEARCH INSTITUTE (SWRI), JPL, LOCKHEED MARTIN (LM), AND A COMPLEMENTARY TEAM OF UNIVERSITIES AND FIELD CENTERS.  THE PRINCIPAL INVESTIGATOR, DR. SCOTT BOLTON, IS AT SOUTHWEST RESEARCH INSTITUTE (SWRI) AND IS RESPONSIBLE TO NASA FOR ALL ASPECTS OF THE MISSION INCLUDING ACHIEVING ALL SCIENTIFIC OBJECTIVES AND MISSION GOALS.  JPL PROVIDES THE PROJECT MANAGER WHO OVERSEES THE DAY-TO-DAY MANAGEMENT OF THE PROJECT AND WILL REPORT TO THE PI. PRINCIPAL INVESTIGATOR (PI) DR. SCOTT BOLTON IS RESPONSIBLE TO NASA FOR MEETING THE SCIENTIFIC OBJECTIVES OF THE JUNO MISSION WITHIN COST AND SCHEDULE.  AS PI, DR. BOLTON HAS DIRECT ACCOUNTABILITY TO THE NASA NEW FRONTIERS PROGRAM OFFICE FOR THE IMPLEMENTATION OF JUNO.  ALL JUNO SCIENCE CO-IS, THE DEPUTY PI AND PROJECT SCIENTIST, THE SCIENCE INVESTIGATION OFFICE MANAGER, THE E/PO EFFORT, THE JUNO ADVISORY BOARD AND THE PM REPORT DIRECTLY TO DR. BOLTON.  THE PI DELEGATES THE DAY-TO-DAY MANAGEMENT OF THE PROJECT TO THE PROJECT MANAGER (PM), RICK GRAMMIER.  THE PROJECT SYSTEM ENGINEER, PAYLOAD MANAGER, FLIGHT SYSTEM MANAGER, MISSION MANAGER, SCIENCE OPS CENTER, BUSINESS MANAGER, LM CONTRACT CTM, AND MISSION ASSURANCE MANAGER ALL REPORT DIRECTLY TO THE PM.",080,NATIONAL AERONAUTICS AND SPACE ADMINISTRATION (NASA),8000,NATIONAL AERONAUTICS AND SPACE ADMINISTRATION,80MSFC,NASA MARSHALL SPACE FLIGHT CENTER,080,NATIONAL AERONAUTICS AND SPACE ADMINISTRATION (NASA),8000,NATIONAL AERONAUTICS AND SPACE ADMINISTRATION,80MSFC,NASA MARSHALL SPACE FLIGHT CENTER,PB11V1KH3KV4,,SOUTHWEST RESEARCH INSTITUTE,SOUTHWEST RESEARCH INSTITUTE,PB11V1KH3KV4,PB11V1KH3KV4,SOUTHWEST RESEARCH INSTITUTE,SOUTHWEST RESEARCH INSTITUTE INC,USA,TX,BEXAR,SAN ANTONIO,TX-20,TX-20,782385100,UNITED STATES,TEXAS,BEXAR,TX-20,TX-20,782385100,,,AR22,R&D- SPACE: SCIENCE/APPLICATIONS (APPLIED RESEARCH/EXPLORATORY DEVELOPMENT),541710,"RESEARCH AND DEVELOPMENT IN THE PHYSICAL, ENGINEERING, AND LIFE SCIENCES",,,https://www.usaspending.gov/award/CONT_AWD_NNM06AA75C_8000_-NONE-_-NONE-/,2023-06-28
National Aeronautics and Space Administration,National Aeronautics and Space Administration,FY2023P08,,080,2022,2023,,0120,000,080-2022/2023-0120-000,"Science, National Aeronautics and Space Administration",National Aeronautics and Space Administration,,"General Science, Space, and Technology","Space flight, research, and supporting activities",080-0120,"Science, National Aeronautics and Space Administration",0001,SCIENCE (DIRECT),25.5,Research and development contracts,D,Q,Not Designated Nonemergency/Emergency/Disaster/Wildfire Suppression,,8047756.89,,,CONT_AWD_NNM06AA75C_8000_-NONE-_-NONE-,NNM06AA75C,,,,2006-02-23,2006,2025-09-05,2025,2006-02-23,2026-08-31,,D,DEFINITIVE CONTRACT,,,"THE NATIONAL AERONAUTICS AND SPACE ADMINISTRATION HAS SELECTED JUNO NEW FRONTIERS MISSION UNDER THE DIRECTION OF PRINCIPAL INVESTIGATOR (PI) DR. SCOTT BOLTON TO CONTINUE DEVELOPMENT WITH THE EXPECTATION THAT THE JUNO MISSION WILL ENTER PHASE B IN EARLY FISCAL YEAR 2006.  THE JUNO MISSION WILL BE MANAGED BY THE MARSHALL SPACE FLIGHT CENTER, NEW FRONTIERS PROGRAM OFFICE.  KEY JUNO TEAM MEMBERS INCLUDE DR. BOLTON'S HOME INSTITUTION, THE SOUTHWEST RESEARCH INSTITUTE (SWRI), THE JUNO IMPLEMENTATION TEAM LEADER JET PROPULSION LABORATORY (JPL) AND THE SPACECRAFT BUS PROVIDER THE LOCKHEED MARTIN SPACE SYSTEMS DIVISION (LM/SS).   THE PI'S TEAM AT SWRI NEEDS TO BEGIN WORK ON A SUBSET OF PHASE B ACTIVITIES AS EARLY IN FY06 AS POSSIBLE.  THIS SOW PROVIDES A LIST OF ACTIVITIES THAT ARE NECESSARY TO BEGIN WORK IN FY06 AND THEIR ASSOCIATED DELIVERABLES. THE JUNO MISSION IS A COLLABORATION BETWEEN SOUTHWEST RESEARCH INSTITUTE (SWRI), JPL, LOCKHEED MARTIN (LM), AND A COMPLEMENTARY TEAM OF UNIVERSITIES AND FIELD CENTERS.  THE PRINCIPAL INVESTIGATOR, DR. SCOTT BOLTON, IS AT SOUTHWEST RESEARCH INSTITUTE (SWRI) AND IS RESPONSIBLE TO NASA FOR ALL ASPECTS OF THE MISSION INCLUDING ACHIEVING ALL SCIENTIFIC OBJECTIVES AND MISSION GOALS.  JPL PROVIDES THE PROJECT MANAGER WHO OVERSEES THE DAY-TO-DAY MANAGEMENT OF THE PROJECT AND WILL REPORT TO THE PI. PRINCIPAL INVESTIGATOR (PI) DR. SCOTT BOLTON IS RESPONSIBLE TO NASA FOR MEETING THE SCIENTIFIC OBJECTIVES OF THE JUNO MISSION WITHIN COST AND SCHEDULE.  AS PI, DR. BOLTON HAS DIRECT ACCOUNTABILITY TO THE NASA NEW FRONTIERS PROGRAM OFFICE FOR THE IMPLEMENTATION OF JUNO.  ALL JUNO SCIENCE CO-IS, THE DEPUTY PI AND PROJECT SCIENTIST, THE SCIENCE INVESTIGATION OFFICE MANAGER, THE E/PO EFFORT, THE JUNO ADVISORY BOARD AND THE PM REPORT DIRECTLY TO DR. BOLTON.  THE PI DELEGATES THE DAY-TO-DAY MANAGEMENT OF THE PROJECT TO THE PROJECT MANAGER (PM), RICK GRAMMIER.  THE PROJECT SYSTEM ENGINEER, PAYLOAD MANAGER, FLIGHT SYSTEM MANAGER, MISSION MANAGER, SCIENCE OPS CENTER, BUSINESS MANAGER, LM CONTRACT CTM, AND MISSION ASSURANCE MANAGER ALL REPORT DIRECTLY TO THE PM.",080,NATIONAL AERONAUTICS AND SPACE ADMINISTRATION (NASA),8000,NATIONAL AERONAUTICS AND SPACE ADMINISTRATION,80MSFC,NASA MARSHALL SPACE FLIGHT CENTER,080,NATIONAL AERONAUTICS AND SPACE ADMINISTRATION (NASA),8000,NATIONAL AERONAUTICS AND SPACE ADMINISTRATION,80MSFC,NASA MARSHALL SPACE FLIGHT CENTER,PB11V1KH3KV4,,SOUTHWEST RESEARCH INSTITUTE,SOUTHWEST RESEARCH INSTITUTE,PB11V1KH3KV4,PB11V1KH3KV4,SOUTHWEST RESEARCH INSTITUTE,SOUTHWEST RESEARCH INSTITUTE INC,USA,TX,BEXAR,SAN ANTONIO,TX-20,TX-20,782385100,UNITED STATES,TEXAS,BEXAR,TX-20,TX-20,782385100,,,AR22,R&D- SPACE: SCIENCE/APPLICATIONS (APPLIED RESEARCH/EXPLORATORY DEVELOPMENT),541710,"RESEARCH AND DEVELOPMENT IN THE PHYSICAL, ENGINEERING, AND LIFE SCIENCES",,,https://www.usaspending.gov/award/CONT_AWD_NNM06AA75C_8000_-NONE-_-NONE-/,2023-06-28
National Aeronautics and Space Administration,National Aeronautics and Space Administration,FY2023P09,,080,2022,2023,,0120,000,080-2022/2023-0120-000,"Science, National Aeronautics and Space Administration",National Aeronautics and Space Administration,,"General Science, Space, and Technology","Space flight, research, and supporting activities",080-0120,"Science, National Aeronautics and Space Administration",0001,SCIENCE (DIRECT),25.5,Research and development contracts,D,Q,Not Designated Nonemergency/Emergency/Disaster/Wildfire Suppression,,9052505.15,,,CONT_AWD_NNM06AA75C_8000_-NONE-_-NONE-,NNM06AA75C,,,,2006-02-23,2006,2025-09-05,2025,2006-02-23,2026-08-31,,D,DEFINITIVE CONTRACT,,,"THE NATIONAL AERONAUTICS AND SPACE ADMINISTRATION HAS SELECTED JUNO NEW FRONTIERS MISSION UNDER THE DIRECTION OF PRINCIPAL INVESTIGATOR (PI) DR. SCOTT BOLTON TO CONTINUE DEVELOPMENT WITH THE EXPECTATION THAT THE JUNO MISSION WILL ENTER PHASE B IN EARLY FISCAL YEAR 2006.  THE JUNO MISSION WILL BE MANAGED BY THE MARSHALL SPACE FLIGHT CENTER, NEW FRONTIERS PROGRAM OFFICE.  KEY JUNO TEAM MEMBERS INCLUDE DR. BOLTON'S HOME INSTITUTION, THE SOUTHWEST RESEARCH INSTITUTE (SWRI), THE JUNO IMPLEMENTATION TEAM LEADER JET PROPULSION LABORATORY (JPL) AND THE SPACECRAFT BUS PROVIDER THE LOCKHEED MARTIN SPACE SYSTEMS DIVISION (LM/SS).   THE PI'S TEAM AT SWRI NEEDS TO BEGIN WORK ON A SUBSET OF PHASE B ACTIVITIES AS EARLY IN FY06 AS POSSIBLE.  THIS SOW PROVIDES A LIST OF ACTIVITIES THAT ARE NECESSARY TO BEGIN WORK IN FY06 AND THEIR ASSOCIATED DELIVERABLES. THE JUNO MISSION IS A COLLABORATION BETWEEN SOUTHWEST RESEARCH INSTITUTE (SWRI), JPL, LOCKHEED MARTIN (LM), AND A COMPLEMENTARY TEAM OF UNIVERSITIES AND FIELD CENTERS.  THE PRINCIPAL INVESTIGATOR, DR. SCOTT BOLTON, IS AT SOUTHWEST RESEARCH INSTITUTE (SWRI) AND IS RESPONSIBLE TO NASA FOR ALL ASPECTS OF THE MISSION INCLUDING ACHIEVING ALL SCIENTIFIC OBJECTIVES AND MISSION GOALS.  JPL PROVIDES THE PROJECT MANAGER WHO OVERSEES THE DAY-TO-DAY MANAGEMENT OF THE PROJECT AND WILL REPORT TO THE PI. PRINCIPAL INVESTIGATOR (PI) DR. SCOTT BOLTON IS RESPONSIBLE TO NASA FOR MEETING THE SCIENTIFIC OBJECTIVES OF THE JUNO MISSION WITHIN COST AND SCHEDULE.  AS PI, DR. BOLTON HAS DIRECT ACCOUNTABILITY TO THE NASA NEW FRONTIERS PROGRAM OFFICE FOR THE IMPLEMENTATION OF JUNO.  ALL JUNO SCIENCE CO-IS, THE DEPUTY PI AND PROJECT SCIENTIST, THE SCIENCE INVESTIGATION OFFICE MANAGER, THE E/PO EFFORT, THE JUNO ADVISORY BOARD AND THE PM REPORT DIRECTLY TO DR. BOLTON.  THE PI DELEGATES THE DAY-TO-DAY MANAGEMENT OF THE PROJECT TO THE PROJECT MANAGER (PM), RICK GRAMMIER.  THE PROJECT SYSTEM ENGINEER, PAYLOAD MANAGER, FLIGHT SYSTEM MANAGER, MISSION MANAGER, SCIENCE OPS CENTER, BUSINESS MANAGER, LM CONTRACT CTM, AND MISSION ASSURANCE MANAGER ALL REPORT DIRECTLY TO THE PM.",080,NATIONAL AERONAUTICS AND SPACE ADMINISTRATION (NASA),8000,NATIONAL AERONAUTICS AND SPACE ADMINISTRATION,80MSFC,NASA MARSHALL SPACE FLIGHT CENTER,080,NATIONAL AERONAUTICS AND SPACE ADMINISTRATION (NASA),8000,NATIONAL AERONAUTICS AND SPACE ADMINISTRATION,80MSFC,NASA MARSHALL SPACE FLIGHT CENTER,PB11V1KH3KV4,,SOUTHWEST RESEARCH INSTITUTE,SOUTHWEST RESEARCH INSTITUTE,PB11V1KH3KV4,PB11V1KH3KV4,SOUTHWEST RESEARCH INSTITUTE,SOUTHWEST RESEARCH INSTITUTE INC,USA,TX,BEXAR,SAN ANTONIO,TX-20,TX-20,782385100,UNITED STATES,TEXAS,BEXAR,TX-20,TX-20,782385100,,,AR22,R&D- SPACE: SCIENCE/APPLICATIONS (APPLIED RESEARCH/EXPLORATORY DEVELOPMENT),541710,"RESEARCH AND DEVELOPMENT IN THE PHYSICAL, ENGINEERING, AND LIFE SCIENCES",,,https://www.usaspending.gov/award/CONT_AWD_NNM06AA75C_8000_-NONE-_-NONE-/,2023-07-28
National Aeronautics and Space Administration,National Aeronautics and Space Administration,FY2023P10,,080,2022,2023,,0120,000,080-2022/2023-0120-000,"Science, National Aeronautics and Space Administration",National Aeronautics and Space Administration,,"General Science, Space, and Technology","Space flight, research, and supporting activities",080-0120,"Science, National Aeronautics and Space Administration",0001,SCIENCE (DIRECT),25.5,Research and development contracts,D,Q,Not Designated Nonemergency/Emergency/Disaster/Wildfire Suppression,,10038994.56,,,CONT_AWD_NNM06AA75C_8000_-NONE-_-NONE-,NNM06AA75C,,,,2006-02-23,2006,2025-09-05,2025,2006-02-23,2026-08-31,,D,DEFINITIVE CONTRACT,,,"THE NATIONAL AERONAUTICS AND SPACE ADMINISTRATION HAS SELECTED JUNO NEW FRONTIERS MISSION UNDER THE DIRECTION OF PRINCIPAL INVESTIGATOR (PI) DR. SCOTT BOLTON TO CONTINUE DEVELOPMENT WITH THE EXPECTATION THAT THE JUNO MISSION WILL ENTER PHASE B IN EARLY FISCAL YEAR 2006.  THE JUNO MISSION WILL BE MANAGED BY THE MARSHALL SPACE FLIGHT CENTER, NEW FRONTIERS PROGRAM OFFICE.  KEY JUNO TEAM MEMBERS INCLUDE DR. BOLTON'S HOME INSTITUTION, THE SOUTHWEST RESEARCH INSTITUTE (SWRI), THE JUNO IMPLEMENTATION TEAM LEADER JET PROPULSION LABORATORY (JPL) AND THE SPACECRAFT BUS PROVIDER THE LOCKHEED MARTIN SPACE SYSTEMS DIVISION (LM/SS).   THE PI'S TEAM AT SWRI NEEDS TO BEGIN WORK ON A SUBSET OF PHASE B ACTIVITIES AS EARLY IN FY06 AS POSSIBLE.  THIS SOW PROVIDES A LIST OF ACTIVITIES THAT ARE NECESSARY TO BEGIN WORK IN FY06 AND THEIR ASSOCIATED DELIVERABLES. THE JUNO MISSION IS A COLLABORATION BETWEEN SOUTHWEST RESEARCH INSTITUTE (SWRI), JPL, LOCKHEED MARTIN (LM), AND A COMPLEMENTARY TEAM OF UNIVERSITIES AND FIELD CENTERS.  THE PRINCIPAL INVESTIGATOR, DR. SCOTT BOLTON, IS AT SOUTHWEST RESEARCH INSTITUTE (SWRI) AND IS RESPONSIBLE TO NASA FOR ALL ASPECTS OF THE MISSION INCLUDING ACHIEVING ALL SCIENTIFIC OBJECTIVES AND MISSION GOALS.  JPL PROVIDES THE PROJECT MANAGER WHO OVERSEES THE DAY-TO-DAY MANAGEMENT OF THE PROJECT AND WILL REPORT TO THE PI. PRINCIPAL INVESTIGATOR (PI) DR. SCOTT BOLTON IS RESPONSIBLE TO NASA FOR MEETING THE SCIENTIFIC OBJECTIVES OF THE JUNO MISSION WITHIN COST AND SCHEDULE.  AS PI, DR. BOLTON HAS DIRECT ACCOUNTABILITY TO THE NASA NEW FRONTIERS PROGRAM OFFICE FOR THE IMPLEMENTATION OF JUNO.  ALL JUNO SCIENCE CO-IS, THE DEPUTY PI AND PROJECT SCIENTIST, THE SCIENCE INVESTIGATION OFFICE MANAGER, THE E/PO EFFORT, THE JUNO ADVISORY BOARD AND THE PM REPORT DIRECTLY TO DR. BOLTON.  THE PI DELEGATES THE DAY-TO-DAY MANAGEMENT OF THE PROJECT TO THE PROJECT MANAGER (PM), RICK GRAMMIER.  THE PROJECT SYSTEM ENGINEER, PAYLOAD MANAGER, FLIGHT SYSTEM MANAGER, MISSION MANAGER, SCIENCE OPS CENTER, BUSINESS MANAGER, LM CONTRACT CTM, AND MISSION ASSURANCE MANAGER ALL REPORT DIRECTLY TO THE PM.",080,NATIONAL AERONAUTICS AND SPACE ADMINISTRATION (NASA),8000,NATIONAL AERONAUTICS AND SPACE ADMINISTRATION,80MSFC,NASA MARSHALL SPACE FLIGHT CENTER,080,NATIONAL AERONAUTICS AND SPACE ADMINISTRATION (NASA),8000,NATIONAL AERONAUTICS AND SPACE ADMINISTRATION,80MSFC,NASA MARSHALL SPACE FLIGHT CENTER,PB11V1KH3KV4,,SOUTHWEST RESEARCH INSTITUTE,SOUTHWEST RESEARCH INSTITUTE,PB11V1KH3KV4,PB11V1KH3KV4,SOUTHWEST RESEARCH INSTITUTE,SOUTHWEST RESEARCH INSTITUTE INC,USA,TX,BEXAR,SAN ANTONIO,TX-20,TX-20,782385100,UNITED STATES,TEXAS,BEXAR,TX-20,TX-20,782385100,,,AR22,R&D- SPACE: SCIENCE/APPLICATIONS (APPLIED RESEARCH/EXPLORATORY DEVELOPMENT),541710,"RESEARCH AND DEVELOPMENT IN THE PHYSICAL, ENGINEERING, AND LIFE SCIENCES",,,https://www.usaspending.gov/award/CONT_AWD_NNM06AA75C_8000_-NONE-_-NONE-/,2023-08-28
National Aeronautics and Space Administration,National Aeronautics and Space Administration,FY2023P11,,080,2023,2024,,0120,000,080-2023/2024-0120-000,"Science, National Aeronautics and Space Administration",National Aeronautics and Space Administration,,"General Science, Space, and Technology","Space flight, research, and supporting activities",080-0120,"Science, National Aeronautics and Space Administration",0001,SCIENCE (DIRECT),25.5,Research and development contracts,D,Q,Not Designated Nonemergency/Emergency/Disaster/Wildfire Suppression,,772328.32,,,CONT_AWD_NNM06AA75C_8000_-NONE-_-NONE-,NNM06AA75C,,,,2006-02-23,2006,2025-09-05,2025,2006-02-23,2026-08-31,,D,DEFINITIVE CONTRACT,,,"THE NATIONAL AERONAUTICS AND SPACE ADMINISTRATION HAS SELECTED JUNO NEW FRONTIERS MISSION UNDER THE DIRECTION OF PRINCIPAL INVESTIGATOR (PI) DR. SCOTT BOLTON TO CONTINUE DEVELOPMENT WITH THE EXPECTATION THAT THE JUNO MISSION WILL ENTER PHASE B IN EARLY FISCAL YEAR 2006.  THE JUNO MISSION WILL BE MANAGED BY THE MARSHALL SPACE FLIGHT CENTER, NEW FRONTIERS PROGRAM OFFICE.  KEY JUNO TEAM MEMBERS INCLUDE DR. BOLTON'S HOME INSTITUTION, THE SOUTHWEST RESEARCH INSTITUTE (SWRI), THE JUNO IMPLEMENTATION TEAM LEADER JET PROPULSION LABORATORY (JPL) AND THE SPACECRAFT BUS PROVIDER THE LOCKHEED MARTIN SPACE SYSTEMS DIVISION (LM/SS).   THE PI'S TEAM AT SWRI NEEDS TO BEGIN WORK ON A SUBSET OF PHASE B ACTIVITIES AS EARLY IN FY06 AS POSSIBLE.  THIS SOW PROVIDES A LIST OF ACTIVITIES THAT ARE NECESSARY TO BEGIN WORK IN FY06 AND THEIR ASSOCIATED DELIVERABLES. THE JUNO MISSION IS A COLLABORATION BETWEEN SOUTHWEST RESEARCH INSTITUTE (SWRI), JPL, LOCKHEED MARTIN (LM), AND A COMPLEMENTARY TEAM OF UNIVERSITIES AND FIELD CENTERS.  THE PRINCIPAL INVESTIGATOR, DR. SCOTT BOLTON, IS AT SOUTHWEST RESEARCH INSTITUTE (SWRI) AND IS RESPONSIBLE TO NASA FOR ALL ASPECTS OF THE MISSION INCLUDING ACHIEVING ALL SCIENTIFIC OBJECTIVES AND MISSION GOALS.  JPL PROVIDES THE PROJECT MANAGER WHO OVERSEES THE DAY-TO-DAY MANAGEMENT OF THE PROJECT AND WILL REPORT TO THE PI. PRINCIPAL INVESTIGATOR (PI) DR. SCOTT BOLTON IS RESPONSIBLE TO NASA FOR MEETING THE SCIENTIFIC OBJECTIVES OF THE JUNO MISSION WITHIN COST AND SCHEDULE.  AS PI, DR. BOLTON HAS DIRECT ACCOUNTABILITY TO THE NASA NEW FRONTIERS PROGRAM OFFICE FOR THE IMPLEMENTATION OF JUNO.  ALL JUNO SCIENCE CO-IS, THE DEPUTY PI AND PROJECT SCIENTIST, THE SCIENCE INVESTIGATION OFFICE MANAGER, THE E/PO EFFORT, THE JUNO ADVISORY BOARD AND THE PM REPORT DIRECTLY TO DR. BOLTON.  THE PI DELEGATES THE DAY-TO-DAY MANAGEMENT OF THE PROJECT TO THE PROJECT MANAGER (PM), RICK GRAMMIER.  THE PROJECT SYSTEM ENGINEER, PAYLOAD MANAGER, FLIGHT SYSTEM MANAGER, MISSION MANAGER, SCIENCE OPS CENTER, BUSINESS MANAGER, LM CONTRACT CTM, AND MISSION ASSURANCE MANAGER ALL REPORT DIRECTLY TO THE PM.",080,NATIONAL AERONAUTICS AND SPACE ADMINISTRATION (NASA),8000,NATIONAL AERONAUTICS AND SPACE ADMINISTRATION,80MSFC,NASA MARSHALL SPACE FLIGHT CENTER,080,NATIONAL AERONAUTICS AND SPACE ADMINISTRATION (NASA),8000,NATIONAL AERONAUTICS AND SPACE ADMINISTRATION,80MSFC,NASA MARSHALL SPACE FLIGHT CENTER,PB11V1KH3KV4,,SOUTHWEST RESEARCH INSTITUTE,SOUTHWEST RESEARCH INSTITUTE,PB11V1KH3KV4,PB11V1KH3KV4,SOUTHWEST RESEARCH INSTITUTE,SOUTHWEST RESEARCH INSTITUTE INC,USA,TX,BEXAR,SAN ANTONIO,TX-20,TX-20,782385100,UNITED STATES,TEXAS,BEXAR,TX-20,TX-20,782385100,,,AR22,R&D- SPACE: SCIENCE/APPLICATIONS (APPLIED RESEARCH/EXPLORATORY DEVELOPMENT),541710,"RESEARCH AND DEVELOPMENT IN THE PHYSICAL, ENGINEERING, AND LIFE SCIENCES",,,https://www.usaspending.gov/award/CONT_AWD_NNM06AA75C_8000_-NONE-_-NONE-/,2023-09-28
National Aeronautics and Space Administration,National Aeronautics and Space Administration,FY2023P11,,080,2022,2023,,0120,000,080-2022/2023-0120-000,"Science, National Aeronautics and Space Administration",National Aeronautics and Space Administration,,"General Science, Space, and Technology","Space flight, research, and supporting activities",080-0120,"Science, National Aeronautics and Space Administration",0001,SCIENCE (DIRECT),25.5,Research and development contracts,D,Q,Not Designated Nonemergency/Emergency/Disaster/Wildfire Suppression,,10160240.57,,,CONT_AWD_NNM06AA75C_8000_-NONE-_-NONE-,NNM06AA75C,,,,2006-02-23,2006,2025-09-05,2025,2006-02-23,2026-08-31,,D,DEFINITIVE CONTRACT,,,"THE NATIONAL AERONAUTICS AND SPACE ADMINISTRATION HAS SELECTED JUNO NEW FRONTIERS MISSION UNDER THE DIRECTION OF PRINCIPAL INVESTIGATOR (PI) DR. SCOTT BOLTON TO CONTINUE DEVELOPMENT WITH THE EXPECTATION THAT THE JUNO MISSION WILL ENTER PHASE B IN EARLY FISCAL YEAR 2006.  THE JUNO MISSION WILL BE MANAGED BY THE MARSHALL SPACE FLIGHT CENTER, NEW FRONTIERS PROGRAM OFFICE.  KEY JUNO TEAM MEMBERS INCLUDE DR. BOLTON'S HOME INSTITUTION, THE SOUTHWEST RESEARCH INSTITUTE (SWRI), THE JUNO IMPLEMENTATION TEAM LEADER JET PROPULSION LABORATORY (JPL) AND THE SPACECRAFT BUS PROVIDER THE LOCKHEED MARTIN SPACE SYSTEMS DIVISION (LM/SS).   THE PI'S TEAM AT SWRI NEEDS TO BEGIN WORK ON A SUBSET OF PHASE B ACTIVITIES AS EARLY IN FY06 AS POSSIBLE.  THIS SOW PROVIDES A LIST OF ACTIVITIES THAT ARE NECESSARY TO BEGIN WORK IN FY06 AND THEIR ASSOCIATED DELIVERABLES. THE JUNO MISSION IS A COLLABORATION BETWEEN SOUTHWEST RESEARCH INSTITUTE (SWRI), JPL, LOCKHEED MARTIN (LM), AND A COMPLEMENTARY TEAM OF UNIVERSITIES AND FIELD CENTERS.  THE PRINCIPAL INVESTIGATOR, DR. SCOTT BOLTON, IS AT SOUTHWEST RESEARCH INSTITUTE (SWRI) AND IS RESPONSIBLE TO NASA FOR ALL ASPECTS OF THE MISSION INCLUDING ACHIEVING ALL SCIENTIFIC OBJECTIVES AND MISSION GOALS.  JPL PROVIDES THE PROJECT MANAGER WHO OVERSEES THE DAY-TO-DAY MANAGEMENT OF THE PROJECT AND WILL REPORT TO THE PI. PRINCIPAL INVESTIGATOR (PI) DR. SCOTT BOLTON IS RESPONSIBLE TO NASA FOR MEETING THE SCIENTIFIC OBJECTIVES OF THE JUNO MISSION WITHIN COST AND SCHEDULE.  AS PI, DR. BOLTON HAS DIRECT ACCOUNTABILITY TO THE NASA NEW FRONTIERS PROGRAM OFFICE FOR THE IMPLEMENTATION OF JUNO.  ALL JUNO SCIENCE CO-IS, THE DEPUTY PI AND PROJECT SCIENTIST, THE SCIENCE INVESTIGATION OFFICE MANAGER, THE E/PO EFFORT, THE JUNO ADVISORY BOARD AND THE PM REPORT DIRECTLY TO DR. BOLTON.  THE PI DELEGATES THE DAY-TO-DAY MANAGEMENT OF THE PROJECT TO THE PROJECT MANAGER (PM), RICK GRAMMIER.  THE PROJECT SYSTEM ENGINEER, PAYLOAD MANAGER, FLIGHT SYSTEM MANAGER, MISSION MANAGER, SCIENCE OPS CENTER, BUSINESS MANAGER, LM CONTRACT CTM, AND MISSION ASSURANCE MANAGER ALL REPORT DIRECTLY TO THE PM.",080,NATIONAL AERONAUTICS AND SPACE ADMINISTRATION (NASA),8000,NATIONAL AERONAUTICS AND SPACE ADMINISTRATION,80MSFC,NASA MARSHALL SPACE FLIGHT CENTER,080,NATIONAL AERONAUTICS AND SPACE ADMINISTRATION (NASA),8000,NATIONAL AERONAUTICS AND SPACE ADMINISTRATION,80MSFC,NASA MARSHALL SPACE FLIGHT CENTER,PB11V1KH3KV4,,SOUTHWEST RESEARCH INSTITUTE,SOUTHWEST RESEARCH INSTITUTE,PB11V1KH3KV4,PB11V1KH3KV4,SOUTHWEST RESEARCH INSTITUTE,SOUTHWEST RESEARCH INSTITUTE INC,USA,TX,BEXAR,SAN ANTONIO,TX-20,TX-20,782385100,UNITED STATES,TEXAS,BEXAR,TX-20,TX-20,782385100,,,AR22,R&D- SPACE: SCIENCE/APPLICATIONS (APPLIED RESEARCH/EXPLORATORY DEVELOPMENT),541710,"RESEARCH AND DEVELOPMENT IN THE PHYSICAL, ENGINEERING, AND LIFE SCIENCES",,,https://www.usaspending.gov/award/CONT_AWD_NNM06AA75C_8000_-NONE-_-NONE-/,2023-09-28
National Aeronautics and Space Administration,National Aeronautics and Space Administration,FY2023P12,,080,2023,2024,,0120,000,080-2023/2024-0120-000,"Science, National Aeronautics and Space Administration",National Aeronautics and Space Administration,,"General Science, Space, and Technology","Space flight, research, and supporting activities",080-0120,"Science, National Aeronautics and Space Administration",0001,SCIENCE (DIRECT),25.5,Research and development contracts,D,Q,Not Designated Nonemergency/Emergency/Disaster/Wildfire Suppression,3267277.00,,,,CONT_AWD_NNM06AA75C_8000_-NONE-_-NONE-,NNM06AA75C,,,,2006-02-23,2006,2025-09-05,2025,2006-02-23,2026-08-31,,D,DEFINITIVE CONTRACT,,,"THE NATIONAL AERONAUTICS AND SPACE ADMINISTRATION HAS SELECTED JUNO NEW FRONTIERS MISSION UNDER THE DIRECTION OF PRINCIPAL INVESTIGATOR (PI) DR. SCOTT BOLTON TO CONTINUE DEVELOPMENT WITH THE EXPECTATION THAT THE JUNO MISSION WILL ENTER PHASE B IN EARLY FISCAL YEAR 2006.  THE JUNO MISSION WILL BE MANAGED BY THE MARSHALL SPACE FLIGHT CENTER, NEW FRONTIERS PROGRAM OFFICE.  KEY JUNO TEAM MEMBERS INCLUDE DR. BOLTON'S HOME INSTITUTION, THE SOUTHWEST RESEARCH INSTITUTE (SWRI), THE JUNO IMPLEMENTATION TEAM LEADER JET PROPULSION LABORATORY (JPL) AND THE SPACECRAFT BUS PROVIDER THE LOCKHEED MARTIN SPACE SYSTEMS DIVISION (LM/SS).   THE PI'S TEAM AT SWRI NEEDS TO BEGIN WORK ON A SUBSET OF PHASE B ACTIVITIES AS EARLY IN FY06 AS POSSIBLE.  THIS SOW PROVIDES A LIST OF ACTIVITIES THAT ARE NECESSARY TO BEGIN WORK IN FY06 AND THEIR ASSOCIATED DELIVERABLES. THE JUNO MISSION IS A COLLABORATION BETWEEN SOUTHWEST RESEARCH INSTITUTE (SWRI), JPL, LOCKHEED MARTIN (LM), AND A COMPLEMENTARY TEAM OF UNIVERSITIES AND FIELD CENTERS.  THE PRINCIPAL INVESTIGATOR, DR. SCOTT BOLTON, IS AT SOUTHWEST RESEARCH INSTITUTE (SWRI) AND IS RESPONSIBLE TO NASA FOR ALL ASPECTS OF THE MISSION INCLUDING ACHIEVING ALL SCIENTIFIC OBJECTIVES AND MISSION GOALS.  JPL PROVIDES THE PROJECT MANAGER WHO OVERSEES THE DAY-TO-DAY MANAGEMENT OF THE PROJECT AND WILL REPORT TO THE PI. PRINCIPAL INVESTIGATOR (PI) DR. SCOTT BOLTON IS RESPONSIBLE TO NASA FOR MEETING THE SCIENTIFIC OBJECTIVES OF THE JUNO MISSION WITHIN COST AND SCHEDULE.  AS PI, DR. BOLTON HAS DIRECT ACCOUNTABILITY TO THE NASA NEW FRONTIERS PROGRAM OFFICE FOR THE IMPLEMENTATION OF JUNO.  ALL JUNO SCIENCE CO-IS, THE DEPUTY PI AND PROJECT SCIENTIST, THE SCIENCE INVESTIGATION OFFICE MANAGER, THE E/PO EFFORT, THE JUNO ADVISORY BOARD AND THE PM REPORT DIRECTLY TO DR. BOLTON.  THE PI DELEGATES THE DAY-TO-DAY MANAGEMENT OF THE PROJECT TO THE PROJECT MANAGER (PM), RICK GRAMMIER.  THE PROJECT SYSTEM ENGINEER, PAYLOAD MANAGER, FLIGHT SYSTEM MANAGER, MISSION MANAGER, SCIENCE OPS CENTER, BUSINESS MANAGER, LM CONTRACT CTM, AND MISSION ASSURANCE MANAGER ALL REPORT DIRECTLY TO THE PM.",080,NATIONAL AERONAUTICS AND SPACE ADMINISTRATION (NASA),8000,NATIONAL AERONAUTICS AND SPACE ADMINISTRATION,80MSFC,NASA MARSHALL SPACE FLIGHT CENTER,080,NATIONAL AERONAUTICS AND SPACE ADMINISTRATION (NASA),8000,NATIONAL AERONAUTICS AND SPACE ADMINISTRATION,80MSFC,NASA MARSHALL SPACE FLIGHT CENTER,PB11V1KH3KV4,,SOUTHWEST RESEARCH INSTITUTE,SOUTHWEST RESEARCH INSTITUTE,PB11V1KH3KV4,PB11V1KH3KV4,SOUTHWEST RESEARCH INSTITUTE,SOUTHWEST RESEARCH INSTITUTE INC,USA,TX,BEXAR,SAN ANTONIO,TX-20,TX-20,782385100,UNITED STATES,TEXAS,BEXAR,TX-20,TX-20,782385100,,,AR22,R&D- SPACE: SCIENCE/APPLICATIONS (APPLIED RESEARCH/EXPLORATORY DEVELOPMENT),541710,"RESEARCH AND DEVELOPMENT IN THE PHYSICAL, ENGINEERING, AND LIFE SCIENCES",,,https://www.usaspending.gov/award/CONT_AWD_NNM06AA75C_8000_-NONE-_-NONE-/,2023-11-03
National Aeronautics and Space Administration,National Aeronautics and Space Administration,FY2023P12,,080,2023,2024,,0120,000,080-2023/2024-0120-000,"Science, National Aeronautics and Space Administration",National Aeronautics and Space Administration,,"General Science, Space, and Technology","Space flight, research, and supporting activities",080-0120,"Science, National Aeronautics and Space Administration",0001,SCIENCE (DIRECT),25.5,Research and development contracts,D,Q,Not Designated Nonemergency/Emergency/Disaster/Wildfire Suppression,,1385172.47,,,CONT_AWD_NNM06AA75C_8000_-NONE-_-NONE-,NNM06AA75C,,,,2006-02-23,2006,2025-09-05,2025,2006-02-23,2026-08-31,,D,DEFINITIVE CONTRACT,,,"THE NATIONAL AERONAUTICS AND SPACE ADMINISTRATION HAS SELECTED JUNO NEW FRONTIERS MISSION UNDER THE DIRECTION OF PRINCIPAL INVESTIGATOR (PI) DR. SCOTT BOLTON TO CONTINUE DEVELOPMENT WITH THE EXPECTATION THAT THE JUNO MISSION WILL ENTER PHASE B IN EARLY FISCAL YEAR 2006.  THE JUNO MISSION WILL BE MANAGED BY THE MARSHALL SPACE FLIGHT CENTER, NEW FRONTIERS PROGRAM OFFICE.  KEY JUNO TEAM MEMBERS INCLUDE DR. BOLTON'S HOME INSTITUTION, THE SOUTHWEST RESEARCH INSTITUTE (SWRI), THE JUNO IMPLEMENTATION TEAM LEADER JET PROPULSION LABORATORY (JPL) AND THE SPACECRAFT BUS PROVIDER THE LOCKHEED MARTIN SPACE SYSTEMS DIVISION (LM/SS).   THE PI'S TEAM AT SWRI NEEDS TO BEGIN WORK ON A SUBSET OF PHASE B ACTIVITIES AS EARLY IN FY06 AS POSSIBLE.  THIS SOW PROVIDES A LIST OF ACTIVITIES THAT ARE NECESSARY TO BEGIN WORK IN FY06 AND THEIR ASSOCIATED DELIVERABLES. THE JUNO MISSION IS A COLLABORATION BETWEEN SOUTHWEST RESEARCH INSTITUTE (SWRI), JPL, LOCKHEED MARTIN (LM), AND A COMPLEMENTARY TEAM OF UNIVERSITIES AND FIELD CENTERS.  THE PRINCIPAL INVESTIGATOR, DR. SCOTT BOLTON, IS AT SOUTHWEST RESEARCH INSTITUTE (SWRI) AND IS RESPONSIBLE TO NASA FOR ALL ASPECTS OF THE MISSION INCLUDING ACHIEVING ALL SCIENTIFIC OBJECTIVES AND MISSION GOALS.  JPL PROVIDES THE PROJECT MANAGER WHO OVERSEES THE DAY-TO-DAY MANAGEMENT OF THE PROJECT AND WILL REPORT TO THE PI. PRINCIPAL INVESTIGATOR (PI) DR. SCOTT BOLTON IS RESPONSIBLE TO NASA FOR MEETING THE SCIENTIFIC OBJECTIVES OF THE JUNO MISSION WITHIN COST AND SCHEDULE.  AS PI, DR. BOLTON HAS DIRECT ACCOUNTABILITY TO THE NASA NEW FRONTIERS PROGRAM OFFICE FOR THE IMPLEMENTATION OF JUNO.  ALL JUNO SCIENCE CO-IS, THE DEPUTY PI AND PROJECT SCIENTIST, THE SCIENCE INVESTIGATION OFFICE MANAGER, THE E/PO EFFORT, THE JUNO ADVISORY BOARD AND THE PM REPORT DIRECTLY TO DR. BOLTON.  THE PI DELEGATES THE DAY-TO-DAY MANAGEMENT OF THE PROJECT TO THE PROJECT MANAGER (PM), RICK GRAMMIER.  THE PROJECT SYSTEM ENGINEER, PAYLOAD MANAGER, FLIGHT SYSTEM MANAGER, MISSION MANAGER, SCIENCE OPS CENTER, BUSINESS MANAGER, LM CONTRACT CTM, AND MISSION ASSURANCE MANAGER ALL REPORT DIRECTLY TO THE PM.",080,NATIONAL AERONAUTICS AND SPACE ADMINISTRATION (NASA),8000,NATIONAL AERONAUTICS AND SPACE ADMINISTRATION,80MSFC,NASA MARSHALL SPACE FLIGHT CENTER,080,NATIONAL AERONAUTICS AND SPACE ADMINISTRATION (NASA),8000,NATIONAL AERONAUTICS AND SPACE ADMINISTRATION,80MSFC,NASA MARSHALL SPACE FLIGHT CENTER,PB11V1KH3KV4,,SOUTHWEST RESEARCH INSTITUTE,SOUTHWEST RESEARCH INSTITUTE,PB11V1KH3KV4,PB11V1KH3KV4,SOUTHWEST RESEARCH INSTITUTE,SOUTHWEST RESEARCH INSTITUTE INC,USA,TX,BEXAR,SAN ANTONIO,TX-20,TX-20,782385100,UNITED STATES,TEXAS,BEXAR,TX-20,TX-20,782385100,,,AR22,R&D- SPACE: SCIENCE/APPLICATIONS (APPLIED RESEARCH/EXPLORATORY DEVELOPMENT),541710,"RESEARCH AND DEVELOPMENT IN THE PHYSICAL, ENGINEERING, AND LIFE SCIENCES",,,https://www.usaspending.gov/award/CONT_AWD_NNM06AA75C_8000_-NONE-_-NONE-/,2023-11-03
National Aeronautics and Space Administration,National Aeronautics and Space Administration,FY2023P12,,080,2022,2023,,0120,000,080-2022/2023-0120-000,"Science, National Aeronautics and Space Administration",National Aeronautics and Space Administration,,"General Science, Space, and Technology","Space flight, research, and supporting activities",080-0120,"Science, National Aeronautics and Space Administration",0001,SCIENCE (DIRECT),25.5,Research and development contracts,D,Q,Not Designated Nonemergency/Emergency/Disaster/Wildfire Suppression,,10160240.57,,,CONT_AWD_NNM06AA75C_8000_-NONE-_-NONE-,NNM06AA75C,,,,2006-02-23,2006,2025-09-05,2025,2006-02-23,2026-08-31,,D,DEFINITIVE CONTRACT,,,"THE NATIONAL AERONAUTICS AND SPACE ADMINISTRATION HAS SELECTED JUNO NEW FRONTIERS MISSION UNDER THE DIRECTION OF PRINCIPAL INVESTIGATOR (PI) DR. SCOTT BOLTON TO CONTINUE DEVELOPMENT WITH THE EXPECTATION THAT THE JUNO MISSION WILL ENTER PHASE B IN EARLY FISCAL YEAR 2006.  THE JUNO MISSION WILL BE MANAGED BY THE MARSHALL SPACE FLIGHT CENTER, NEW FRONTIERS PROGRAM OFFICE.  KEY JUNO TEAM MEMBERS INCLUDE DR. BOLTON'S HOME INSTITUTION, THE SOUTHWEST RESEARCH INSTITUTE (SWRI), THE JUNO IMPLEMENTATION TEAM LEADER JET PROPULSION LABORATORY (JPL) AND THE SPACECRAFT BUS PROVIDER THE LOCKHEED MARTIN SPACE SYSTEMS DIVISION (LM/SS).   THE PI'S TEAM AT SWRI NEEDS TO BEGIN WORK ON A SUBSET OF PHASE B ACTIVITIES AS EARLY IN FY06 AS POSSIBLE.  THIS SOW PROVIDES A LIST OF ACTIVITIES THAT ARE NECESSARY TO BEGIN WORK IN FY06 AND THEIR ASSOCIATED DELIVERABLES. THE JUNO MISSION IS A COLLABORATION BETWEEN SOUTHWEST RESEARCH INSTITUTE (SWRI), JPL, LOCKHEED MARTIN (LM), AND A COMPLEMENTARY TEAM OF UNIVERSITIES AND FIELD CENTERS.  THE PRINCIPAL INVESTIGATOR, DR. SCOTT BOLTON, IS AT SOUTHWEST RESEARCH INSTITUTE (SWRI) AND IS RESPONSIBLE TO NASA FOR ALL ASPECTS OF THE MISSION INCLUDING ACHIEVING ALL SCIENTIFIC OBJECTIVES AND MISSION GOALS.  JPL PROVIDES THE PROJECT MANAGER WHO OVERSEES THE DAY-TO-DAY MANAGEMENT OF THE PROJECT AND WILL REPORT TO THE PI. PRINCIPAL INVESTIGATOR (PI) DR. SCOTT BOLTON IS RESPONSIBLE TO NASA FOR MEETING THE SCIENTIFIC OBJECTIVES OF THE JUNO MISSION WITHIN COST AND SCHEDULE.  AS PI, DR. BOLTON HAS DIRECT ACCOUNTABILITY TO THE NASA NEW FRONTIERS PROGRAM OFFICE FOR THE IMPLEMENTATION OF JUNO.  ALL JUNO SCIENCE CO-IS, THE DEPUTY PI AND PROJECT SCIENTIST, THE SCIENCE INVESTIGATION OFFICE MANAGER, THE E/PO EFFORT, THE JUNO ADVISORY BOARD AND THE PM REPORT DIRECTLY TO DR. BOLTON.  THE PI DELEGATES THE DAY-TO-DAY MANAGEMENT OF THE PROJECT TO THE PROJECT MANAGER (PM), RICK GRAMMIER.  THE PROJECT SYSTEM ENGINEER, PAYLOAD MANAGER, FLIGHT SYSTEM MANAGER, MISSION MANAGER, SCIENCE OPS CENTER, BUSINESS MANAGER, LM CONTRACT CTM, AND MISSION ASSURANCE MANAGER ALL REPORT DIRECTLY TO THE PM.",080,NATIONAL AERONAUTICS AND SPACE ADMINISTRATION (NASA),8000,NATIONAL AERONAUTICS AND SPACE ADMINISTRATION,80MSFC,NASA MARSHALL SPACE FLIGHT CENTER,080,NATIONAL AERONAUTICS AND SPACE ADMINISTRATION (NASA),8000,NATIONAL AERONAUTICS AND SPACE ADMINISTRATION,80MSFC,NASA MARSHALL SPACE FLIGHT CENTER,PB11V1KH3KV4,,SOUTHWEST RESEARCH INSTITUTE,SOUTHWEST RESEARCH INSTITUTE,PB11V1KH3KV4,PB11V1KH3KV4,SOUTHWEST RESEARCH INSTITUTE,SOUTHWEST RESEARCH INSTITUTE INC,USA,TX,BEXAR,SAN ANTONIO,TX-20,TX-20,782385100,UNITED STATES,TEXAS,BEXAR,TX-20,TX-20,782385100,,,AR22,R&D- SPACE: SCIENCE/APPLICATIONS (APPLIED RESEARCH/EXPLORATORY DEVELOPMENT),541710,"RESEARCH AND DEVELOPMENT IN THE PHYSICAL, ENGINEERING, AND LIFE SCIENCES",,,https://www.usaspending.gov/award/CONT_AWD_NNM06AA75C_8000_-NONE-_-NONE-/,2023-11-03
National Aeronautics and Space Administration,National Aeronautics and Space Administration,FY2024P02,,080,2024,2025,,0120,000,080-2024/2025-0120-000,"Science, National Aeronautics and Space Administration",National Aeronautics and Space Administration,,"General Science, Space, and Technology","Space flight, research, and supporting activities",080-0120,"Science, National Aeronautics and Space Administration",0001,SCIENCE (DIRECT),25.5,Research and development contracts,D,Q,Not Designated Nonemergency/Emergency/Disaster/Wildfire Suppression,1976290.00,,,,CONT_AWD_NNM06AA75C_8000_-NONE-_-NONE-,NNM06AA75C,,,,2006-02-23,2006,2025-09-05,2025,2006-02-23,2026-08-31,,D,DEFINITIVE CONTRACT,,,"THE NATIONAL AERONAUTICS AND SPACE ADMINISTRATION HAS SELECTED JUNO NEW FRONTIERS MISSION UNDER THE DIRECTION OF PRINCIPAL INVESTIGATOR (PI) DR. SCOTT BOLTON TO CONTINUE DEVELOPMENT WITH THE EXPECTATION THAT THE JUNO MISSION WILL ENTER PHASE B IN EARLY FISCAL YEAR 2006.  THE JUNO MISSION WILL BE MANAGED BY THE MARSHALL SPACE FLIGHT CENTER, NEW FRONTIERS PROGRAM OFFICE.  KEY JUNO TEAM MEMBERS INCLUDE DR. BOLTON'S HOME INSTITUTION, THE SOUTHWEST RESEARCH INSTITUTE (SWRI), THE JUNO IMPLEMENTATION TEAM LEADER JET PROPULSION LABORATORY (JPL) AND THE SPACECRAFT BUS PROVIDER THE LOCKHEED MARTIN SPACE SYSTEMS DIVISION (LM/SS).   THE PI'S TEAM AT SWRI NEEDS TO BEGIN WORK ON A SUBSET OF PHASE B ACTIVITIES AS EARLY IN FY06 AS POSSIBLE.  THIS SOW PROVIDES A LIST OF ACTIVITIES THAT ARE NECESSARY TO BEGIN WORK IN FY06 AND THEIR ASSOCIATED DELIVERABLES. THE JUNO MISSION IS A COLLABORATION BETWEEN SOUTHWEST RESEARCH INSTITUTE (SWRI), JPL, LOCKHEED MARTIN (LM), AND A COMPLEMENTARY TEAM OF UNIVERSITIES AND FIELD CENTERS.  THE PRINCIPAL INVESTIGATOR, DR. SCOTT BOLTON, IS AT SOUTHWEST RESEARCH INSTITUTE (SWRI) AND IS RESPONSIBLE TO NASA FOR ALL ASPECTS OF THE MISSION INCLUDING ACHIEVING ALL SCIENTIFIC OBJECTIVES AND MISSION GOALS.  JPL PROVIDES THE PROJECT MANAGER WHO OVERSEES THE DAY-TO-DAY MANAGEMENT OF THE PROJECT AND WILL REPORT TO THE PI. PRINCIPAL INVESTIGATOR (PI) DR. SCOTT BOLTON IS RESPONSIBLE TO NASA FOR MEETING THE SCIENTIFIC OBJECTIVES OF THE JUNO MISSION WITHIN COST AND SCHEDULE.  AS PI, DR. BOLTON HAS DIRECT ACCOUNTABILITY TO THE NASA NEW FRONTIERS PROGRAM OFFICE FOR THE IMPLEMENTATION OF JUNO.  ALL JUNO SCIENCE CO-IS, THE DEPUTY PI AND PROJECT SCIENTIST, THE SCIENCE INVESTIGATION OFFICE MANAGER, THE E/PO EFFORT, THE JUNO ADVISORY BOARD AND THE PM REPORT DIRECTLY TO DR. BOLTON.  THE PI DELEGATES THE DAY-TO-DAY MANAGEMENT OF THE PROJECT TO THE PROJECT MANAGER (PM), RICK GRAMMIER.  THE PROJECT SYSTEM ENGINEER, PAYLOAD MANAGER, FLIGHT SYSTEM MANAGER, MISSION MANAGER, SCIENCE OPS CENTER, BUSINESS MANAGER, LM CONTRACT CTM, AND MISSION ASSURANCE MANAGER ALL REPORT DIRECTLY TO THE PM.",080,NATIONAL AERONAUTICS AND SPACE ADMINISTRATION (NASA),8000,NATIONAL AERONAUTICS AND SPACE ADMINISTRATION,80MSFC,NASA MARSHALL SPACE FLIGHT CENTER,080,NATIONAL AERONAUTICS AND SPACE ADMINISTRATION (NASA),8000,NATIONAL AERONAUTICS AND SPACE ADMINISTRATION,80MSFC,NASA MARSHALL SPACE FLIGHT CENTER,PB11V1KH3KV4,,SOUTHWEST RESEARCH INSTITUTE,SOUTHWEST RESEARCH INSTITUTE,PB11V1KH3KV4,PB11V1KH3KV4,SOUTHWEST RESEARCH INSTITUTE,SOUTHWEST RESEARCH INSTITUTE INC,USA,TX,BEXAR,SAN ANTONIO,TX-20,TX-20,782385100,UNITED STATES,TEXAS,BEXAR,TX-20,TX-20,782385100,,,AR22,R&D- SPACE: SCIENCE/APPLICATIONS (APPLIED RESEARCH/EXPLORATORY DEVELOPMENT),541710,"RESEARCH AND DEVELOPMENT IN THE PHYSICAL, ENGINEERING, AND LIFE SCIENCES",,,https://www.usaspending.gov/award/CONT_AWD_NNM06AA75C_8000_-NONE-_-NONE-/,2024-01-05
National Aeronautics and Space Administration,National Aeronautics and Space Administration,FY2024P02,,080,2024,2025,,0120,000,080-2024/2025-0120-000,"Science, National Aeronautics and Space Administration",National Aeronautics and Space Administration,,"General Science, Space, and Technology","Space flight, research, and supporting activities",080-0120,"Science, National Aeronautics and Space Administration",0001,SCIENCE (DIRECT),25.5,Research and development contracts,D,Q,Not Designated Nonemergency/Emergency/Disaster/Wildfire Suppression,1281000.00,,,,CONT_AWD_NNM06AA75C_8000_-NONE-_-NONE-,NNM06AA75C,,,,2006-02-23,2006,2025-09-05,2025,2006-02-23,2026-08-31,,D,DEFINITIVE CONTRACT,,,"THE NATIONAL AERONAUTICS AND SPACE ADMINISTRATION HAS SELECTED JUNO NEW FRONTIERS MISSION UNDER THE DIRECTION OF PRINCIPAL INVESTIGATOR (PI) DR. SCOTT BOLTON TO CONTINUE DEVELOPMENT WITH THE EXPECTATION THAT THE JUNO MISSION WILL ENTER PHASE B IN EARLY FISCAL YEAR 2006.  THE JUNO MISSION WILL BE MANAGED BY THE MARSHALL SPACE FLIGHT CENTER, NEW FRONTIERS PROGRAM OFFICE.  KEY JUNO TEAM MEMBERS INCLUDE DR. BOLTON'S HOME INSTITUTION, THE SOUTHWEST RESEARCH INSTITUTE (SWRI), THE JUNO IMPLEMENTATION TEAM LEADER JET PROPULSION LABORATORY (JPL) AND THE SPACECRAFT BUS PROVIDER THE LOCKHEED MARTIN SPACE SYSTEMS DIVISION (LM/SS).   THE PI'S TEAM AT SWRI NEEDS TO BEGIN WORK ON A SUBSET OF PHASE B ACTIVITIES AS EARLY IN FY06 AS POSSIBLE.  THIS SOW PROVIDES A LIST OF ACTIVITIES THAT ARE NECESSARY TO BEGIN WORK IN FY06 AND THEIR ASSOCIATED DELIVERABLES. THE JUNO MISSION IS A COLLABORATION BETWEEN SOUTHWEST RESEARCH INSTITUTE (SWRI), JPL, LOCKHEED MARTIN (LM), AND A COMPLEMENTARY TEAM OF UNIVERSITIES AND FIELD CENTERS.  THE PRINCIPAL INVESTIGATOR, DR. SCOTT BOLTON, IS AT SOUTHWEST RESEARCH INSTITUTE (SWRI) AND IS RESPONSIBLE TO NASA FOR ALL ASPECTS OF THE MISSION INCLUDING ACHIEVING ALL SCIENTIFIC OBJECTIVES AND MISSION GOALS.  JPL PROVIDES THE PROJECT MANAGER WHO OVERSEES THE DAY-TO-DAY MANAGEMENT OF THE PROJECT AND WILL REPORT TO THE PI. PRINCIPAL INVESTIGATOR (PI) DR. SCOTT BOLTON IS RESPONSIBLE TO NASA FOR MEETING THE SCIENTIFIC OBJECTIVES OF THE JUNO MISSION WITHIN COST AND SCHEDULE.  AS PI, DR. BOLTON HAS DIRECT ACCOUNTABILITY TO THE NASA NEW FRONTIERS PROGRAM OFFICE FOR THE IMPLEMENTATION OF JUNO.  ALL JUNO SCIENCE CO-IS, THE DEPUTY PI AND PROJECT SCIENTIST, THE SCIENCE INVESTIGATION OFFICE MANAGER, THE E/PO EFFORT, THE JUNO ADVISORY BOARD AND THE PM REPORT DIRECTLY TO DR. BOLTON.  THE PI DELEGATES THE DAY-TO-DAY MANAGEMENT OF THE PROJECT TO THE PROJECT MANAGER (PM), RICK GRAMMIER.  THE PROJECT SYSTEM ENGINEER, PAYLOAD MANAGER, FLIGHT SYSTEM MANAGER, MISSION MANAGER, SCIENCE OPS CENTER, BUSINESS MANAGER, LM CONTRACT CTM, AND MISSION ASSURANCE MANAGER ALL REPORT DIRECTLY TO THE PM.",080,NATIONAL AERONAUTICS AND SPACE ADMINISTRATION (NASA),8000,NATIONAL AERONAUTICS AND SPACE ADMINISTRATION,80MSFC,NASA MARSHALL SPACE FLIGHT CENTER,080,NATIONAL AERONAUTICS AND SPACE ADMINISTRATION (NASA),8000,NATIONAL AERONAUTICS AND SPACE ADMINISTRATION,80MSFC,NASA MARSHALL SPACE FLIGHT CENTER,PB11V1KH3KV4,,SOUTHWEST RESEARCH INSTITUTE,SOUTHWEST RESEARCH INSTITUTE,PB11V1KH3KV4,PB11V1KH3KV4,SOUTHWEST RESEARCH INSTITUTE,SOUTHWEST RESEARCH INSTITUTE INC,USA,TX,BEXAR,SAN ANTONIO,TX-20,TX-20,782385100,UNITED STATES,TEXAS,BEXAR,TX-20,TX-20,782385100,,,AR22,R&D- SPACE: SCIENCE/APPLICATIONS (APPLIED RESEARCH/EXPLORATORY DEVELOPMENT),541710,"RESEARCH AND DEVELOPMENT IN THE PHYSICAL, ENGINEERING, AND LIFE SCIENCES",,,https://www.usaspending.gov/award/CONT_AWD_NNM06AA75C_8000_-NONE-_-NONE-/,2024-01-05
National Aeronautics and Space Administration,National Aeronautics and Space Administration,FY2024P02,,080,2023,2024,,0120,000,080-2023/2024-0120-000,"Science, National Aeronautics and Space Administration",National Aeronautics and Space Administration,,"General Science, Space, and Technology","Space flight, research, and supporting activities",080-0120,"Science, National Aeronautics and Space Administration",0001,SCIENCE (DIRECT),25.5,Research and development contracts,D,Q,Not Designated Nonemergency/Emergency/Disaster/Wildfire Suppression,,2943582.82,,,CONT_AWD_NNM06AA75C_8000_-NONE-_-NONE-,NNM06AA75C,,,,2006-02-23,2006,2025-09-05,2025,2006-02-23,2026-08-31,,D,DEFINITIVE CONTRACT,,,"THE NATIONAL AERONAUTICS AND SPACE ADMINISTRATION HAS SELECTED JUNO NEW FRONTIERS MISSION UNDER THE DIRECTION OF PRINCIPAL INVESTIGATOR (PI) DR. SCOTT BOLTON TO CONTINUE DEVELOPMENT WITH THE EXPECTATION THAT THE JUNO MISSION WILL ENTER PHASE B IN EARLY FISCAL YEAR 2006.  THE JUNO MISSION WILL BE MANAGED BY THE MARSHALL SPACE FLIGHT CENTER, NEW FRONTIERS PROGRAM OFFICE.  KEY JUNO TEAM MEMBERS INCLUDE DR. BOLTON'S HOME INSTITUTION, THE SOUTHWEST RESEARCH INSTITUTE (SWRI), THE JUNO IMPLEMENTATION TEAM LEADER JET PROPULSION LABORATORY (JPL) AND THE SPACECRAFT BUS PROVIDER THE LOCKHEED MARTIN SPACE SYSTEMS DIVISION (LM/SS).   THE PI'S TEAM AT SWRI NEEDS TO BEGIN WORK ON A SUBSET OF PHASE B ACTIVITIES AS EARLY IN FY06 AS POSSIBLE.  THIS SOW PROVIDES A LIST OF ACTIVITIES THAT ARE NECESSARY TO BEGIN WORK IN FY06 AND THEIR ASSOCIATED DELIVERABLES. THE JUNO MISSION IS A COLLABORATION BETWEEN SOUTHWEST RESEARCH INSTITUTE (SWRI), JPL, LOCKHEED MARTIN (LM), AND A COMPLEMENTARY TEAM OF UNIVERSITIES AND FIELD CENTERS.  THE PRINCIPAL INVESTIGATOR, DR. SCOTT BOLTON, IS AT SOUTHWEST RESEARCH INSTITUTE (SWRI) AND IS RESPONSIBLE TO NASA FOR ALL ASPECTS OF THE MISSION INCLUDING ACHIEVING ALL SCIENTIFIC OBJECTIVES AND MISSION GOALS.  JPL PROVIDES THE PROJECT MANAGER WHO OVERSEES THE DAY-TO-DAY MANAGEMENT OF THE PROJECT AND WILL REPORT TO THE PI. PRINCIPAL INVESTIGATOR (PI) DR. SCOTT BOLTON IS RESPONSIBLE TO NASA FOR MEETING THE SCIENTIFIC OBJECTIVES OF THE JUNO MISSION WITHIN COST AND SCHEDULE.  AS PI, DR. BOLTON HAS DIRECT ACCOUNTABILITY TO THE NASA NEW FRONTIERS PROGRAM OFFICE FOR THE IMPLEMENTATION OF JUNO.  ALL JUNO SCIENCE CO-IS, THE DEPUTY PI AND PROJECT SCIENTIST, THE SCIENCE INVESTIGATION OFFICE MANAGER, THE E/PO EFFORT, THE JUNO ADVISORY BOARD AND THE PM REPORT DIRECTLY TO DR. BOLTON.  THE PI DELEGATES THE DAY-TO-DAY MANAGEMENT OF THE PROJECT TO THE PROJECT MANAGER (PM), RICK GRAMMIER.  THE PROJECT SYSTEM ENGINEER, PAYLOAD MANAGER, FLIGHT SYSTEM MANAGER, MISSION MANAGER, SCIENCE OPS CENTER, BUSINESS MANAGER, LM CONTRACT CTM, AND MISSION ASSURANCE MANAGER ALL REPORT DIRECTLY TO THE PM.",080,NATIONAL AERONAUTICS AND SPACE ADMINISTRATION (NASA),8000,NATIONAL AERONAUTICS AND SPACE ADMINISTRATION,80MSFC,NASA MARSHALL SPACE FLIGHT CENTER,080,NATIONAL AERONAUTICS AND SPACE ADMINISTRATION (NASA),8000,NATIONAL AERONAUTICS AND SPACE ADMINISTRATION,80MSFC,NASA MARSHALL SPACE FLIGHT CENTER,PB11V1KH3KV4,,SOUTHWEST RESEARCH INSTITUTE,SOUTHWEST RESEARCH INSTITUTE,PB11V1KH3KV4,PB11V1KH3KV4,SOUTHWEST RESEARCH INSTITUTE,SOUTHWEST RESEARCH INSTITUTE INC,USA,TX,BEXAR,SAN ANTONIO,TX-20,TX-20,782385100,UNITED STATES,TEXAS,BEXAR,TX-20,TX-20,782385100,,,AR22,R&D- SPACE: SCIENCE/APPLICATIONS (APPLIED RESEARCH/EXPLORATORY DEVELOPMENT),541710,"RESEARCH AND DEVELOPMENT IN THE PHYSICAL, ENGINEERING, AND LIFE SCIENCES",,,https://www.usaspending.gov/award/CONT_AWD_NNM06AA75C_8000_-NONE-_-NONE-/,2024-01-05
National Aeronautics and Space Administration,National Aeronautics and Space Administration,FY2024P03,,080,2023,2024,,0120,000,080-2023/2024-0120-000,"Science, National Aeronautics and Space Administration",National Aeronautics and Space Administration,,"General Science, Space, and Technology","Space flight, research, and supporting activities",080-0120,"Science, National Aeronautics and Space Administration",0001,SCIENCE (DIRECT),25.5,Research and development contracts,D,Q,Not Designated Nonemergency/Emergency/Disaster/Wildfire Suppression,,4395926.27,,,CONT_AWD_NNM06AA75C_8000_-NONE-_-NONE-,NNM06AA75C,,,,2006-02-23,2006,2025-09-05,2025,2006-02-23,2026-08-31,,D,DEFINITIVE CONTRACT,,,"THE NATIONAL AERONAUTICS AND SPACE ADMINISTRATION HAS SELECTED JUNO NEW FRONTIERS MISSION UNDER THE DIRECTION OF PRINCIPAL INVESTIGATOR (PI) DR. SCOTT BOLTON TO CONTINUE DEVELOPMENT WITH THE EXPECTATION THAT THE JUNO MISSION WILL ENTER PHASE B IN EARLY FISCAL YEAR 2006.  THE JUNO MISSION WILL BE MANAGED BY THE MARSHALL SPACE FLIGHT CENTER, NEW FRONTIERS PROGRAM OFFICE.  KEY JUNO TEAM MEMBERS INCLUDE DR. BOLTON'S HOME INSTITUTION, THE SOUTHWEST RESEARCH INSTITUTE (SWRI), THE JUNO IMPLEMENTATION TEAM LEADER JET PROPULSION LABORATORY (JPL) AND THE SPACECRAFT BUS PROVIDER THE LOCKHEED MARTIN SPACE SYSTEMS DIVISION (LM/SS).   THE PI'S TEAM AT SWRI NEEDS TO BEGIN WORK ON A SUBSET OF PHASE B ACTIVITIES AS EARLY IN FY06 AS POSSIBLE.  THIS SOW PROVIDES A LIST OF ACTIVITIES THAT ARE NECESSARY TO BEGIN WORK IN FY06 AND THEIR ASSOCIATED DELIVERABLES. THE JUNO MISSION IS A COLLABORATION BETWEEN SOUTHWEST RESEARCH INSTITUTE (SWRI), JPL, LOCKHEED MARTIN (LM), AND A COMPLEMENTARY TEAM OF UNIVERSITIES AND FIELD CENTERS.  THE PRINCIPAL INVESTIGATOR, DR. SCOTT BOLTON, IS AT SOUTHWEST RESEARCH INSTITUTE (SWRI) AND IS RESPONSIBLE TO NASA FOR ALL ASPECTS OF THE MISSION INCLUDING ACHIEVING ALL SCIENTIFIC OBJECTIVES AND MISSION GOALS.  JPL PROVIDES THE PROJECT MANAGER WHO OVERSEES THE DAY-TO-DAY MANAGEMENT OF THE PROJECT AND WILL REPORT TO THE PI. PRINCIPAL INVESTIGATOR (PI) DR. SCOTT BOLTON IS RESPONSIBLE TO NASA FOR MEETING THE SCIENTIFIC OBJECTIVES OF THE JUNO MISSION WITHIN COST AND SCHEDULE.  AS PI, DR. BOLTON HAS DIRECT ACCOUNTABILITY TO THE NASA NEW FRONTIERS PROGRAM OFFICE FOR THE IMPLEMENTATION OF JUNO.  ALL JUNO SCIENCE CO-IS, THE DEPUTY PI AND PROJECT SCIENTIST, THE SCIENCE INVESTIGATION OFFICE MANAGER, THE E/PO EFFORT, THE JUNO ADVISORY BOARD AND THE PM REPORT DIRECTLY TO DR. BOLTON.  THE PI DELEGATES THE DAY-TO-DAY MANAGEMENT OF THE PROJECT TO THE PROJECT MANAGER (PM), RICK GRAMMIER.  THE PROJECT SYSTEM ENGINEER, PAYLOAD MANAGER, FLIGHT SYSTEM MANAGER, MISSION MANAGER, SCIENCE OPS CENTER, BUSINESS MANAGER, LM CONTRACT CTM, AND MISSION ASSURANCE MANAGER ALL REPORT DIRECTLY TO THE PM.",080,NATIONAL AERONAUTICS AND SPACE ADMINISTRATION (NASA),8000,NATIONAL AERONAUTICS AND SPACE ADMINISTRATION,80MSFC,NASA MARSHALL SPACE FLIGHT CENTER,080,NATIONAL AERONAUTICS AND SPACE ADMINISTRATION (NASA),8000,NATIONAL AERONAUTICS AND SPACE ADMINISTRATION,80MSFC,NASA MARSHALL SPACE FLIGHT CENTER,PB11V1KH3KV4,,SOUTHWEST RESEARCH INSTITUTE,SOUTHWEST RESEARCH INSTITUTE,PB11V1KH3KV4,PB11V1KH3KV4,SOUTHWEST RESEARCH INSTITUTE,SOUTHWEST RESEARCH INSTITUTE INC,USA,TX,BEXAR,SAN ANTONIO,TX-20,TX-20,782385100,UNITED STATES,TEXAS,BEXAR,TX-20,TX-20,782385100,,,AR22,R&D- SPACE: SCIENCE/APPLICATIONS (APPLIED RESEARCH/EXPLORATORY DEVELOPMENT),541710,"RESEARCH AND DEVELOPMENT IN THE PHYSICAL, ENGINEERING, AND LIFE SCIENCES",,,https://www.usaspending.gov/award/CONT_AWD_NNM06AA75C_8000_-NONE-_-NONE-/,2024-01-28
National Aeronautics and Space Administration,National Aeronautics and Space Administration,FY2024P04,,080,2023,2024,,0120,000,080-2023/2024-0120-000,"Science, National Aeronautics and Space Administration",National Aeronautics and Space Administration,,"General Science, Space, and Technology","Space flight, research, and supporting activities",080-0120,"Science, National Aeronautics and Space Administration",0001,SCIENCE (DIRECT),25.5,Research and development contracts,D,Q,Not Designated Nonemergency/Emergency/Disaster/Wildfire Suppression,,4395926.27,,,CONT_AWD_NNM06AA75C_8000_-NONE-_-NONE-,NNM06AA75C,,,,2006-02-23,2006,2025-09-05,2025,2006-02-23,2026-08-31,,D,DEFINITIVE CONTRACT,,,"THE NATIONAL AERONAUTICS AND SPACE ADMINISTRATION HAS SELECTED JUNO NEW FRONTIERS MISSION UNDER THE DIRECTION OF PRINCIPAL INVESTIGATOR (PI) DR. SCOTT BOLTON TO CONTINUE DEVELOPMENT WITH THE EXPECTATION THAT THE JUNO MISSION WILL ENTER PHASE B IN EARLY FISCAL YEAR 2006.  THE JUNO MISSION WILL BE MANAGED BY THE MARSHALL SPACE FLIGHT CENTER, NEW FRONTIERS PROGRAM OFFICE.  KEY JUNO TEAM MEMBERS INCLUDE DR. BOLTON'S HOME INSTITUTION, THE SOUTHWEST RESEARCH INSTITUTE (SWRI), THE JUNO IMPLEMENTATION TEAM LEADER JET PROPULSION LABORATORY (JPL) AND THE SPACECRAFT BUS PROVIDER THE LOCKHEED MARTIN SPACE SYSTEMS DIVISION (LM/SS).   THE PI'S TEAM AT SWRI NEEDS TO BEGIN WORK ON A SUBSET OF PHASE B ACTIVITIES AS EARLY IN FY06 AS POSSIBLE.  THIS SOW PROVIDES A LIST OF ACTIVITIES THAT ARE NECESSARY TO BEGIN WORK IN FY06 AND THEIR ASSOCIATED DELIVERABLES. THE JUNO MISSION IS A COLLABORATION BETWEEN SOUTHWEST RESEARCH INSTITUTE (SWRI), JPL, LOCKHEED MARTIN (LM), AND A COMPLEMENTARY TEAM OF UNIVERSITIES AND FIELD CENTERS.  THE PRINCIPAL INVESTIGATOR, DR. SCOTT BOLTON, IS AT SOUTHWEST RESEARCH INSTITUTE (SWRI) AND IS RESPONSIBLE TO NASA FOR ALL ASPECTS OF THE MISSION INCLUDING ACHIEVING ALL SCIENTIFIC OBJECTIVES AND MISSION GOALS.  JPL PROVIDES THE PROJECT MANAGER WHO OVERSEES THE DAY-TO-DAY MANAGEMENT OF THE PROJECT AND WILL REPORT TO THE PI. PRINCIPAL INVESTIGATOR (PI) DR. SCOTT BOLTON IS RESPONSIBLE TO NASA FOR MEETING THE SCIENTIFIC OBJECTIVES OF THE JUNO MISSION WITHIN COST AND SCHEDULE.  AS PI, DR. BOLTON HAS DIRECT ACCOUNTABILITY TO THE NASA NEW FRONTIERS PROGRAM OFFICE FOR THE IMPLEMENTATION OF JUNO.  ALL JUNO SCIENCE CO-IS, THE DEPUTY PI AND PROJECT SCIENTIST, THE SCIENCE INVESTIGATION OFFICE MANAGER, THE E/PO EFFORT, THE JUNO ADVISORY BOARD AND THE PM REPORT DIRECTLY TO DR. BOLTON.  THE PI DELEGATES THE DAY-TO-DAY MANAGEMENT OF THE PROJECT TO THE PROJECT MANAGER (PM), RICK GRAMMIER.  THE PROJECT SYSTEM ENGINEER, PAYLOAD MANAGER, FLIGHT SYSTEM MANAGER, MISSION MANAGER, SCIENCE OPS CENTER, BUSINESS MANAGER, LM CONTRACT CTM, AND MISSION ASSURANCE MANAGER ALL REPORT DIRECTLY TO THE PM.",080,NATIONAL AERONAUTICS AND SPACE ADMINISTRATION (NASA),8000,NATIONAL AERONAUTICS AND SPACE ADMINISTRATION,80MSFC,NASA MARSHALL SPACE FLIGHT CENTER,080,NATIONAL AERONAUTICS AND SPACE ADMINISTRATION (NASA),8000,NATIONAL AERONAUTICS AND SPACE ADMINISTRATION,80MSFC,NASA MARSHALL SPACE FLIGHT CENTER,PB11V1KH3KV4,,SOUTHWEST RESEARCH INSTITUTE,SOUTHWEST RESEARCH INSTITUTE,PB11V1KH3KV4,PB11V1KH3KV4,SOUTHWEST RESEARCH INSTITUTE,SOUTHWEST RESEARCH INSTITUTE INC,USA,TX,BEXAR,SAN ANTONIO,TX-20,TX-20,782385100,UNITED STATES,TEXAS,BEXAR,TX-20,TX-20,782385100,,,AR22,R&D- SPACE: SCIENCE/APPLICATIONS (APPLIED RESEARCH/EXPLORATORY DEVELOPMENT),541710,"RESEARCH AND DEVELOPMENT IN THE PHYSICAL, ENGINEERING, AND LIFE SCIENCES",,,https://www.usaspending.gov/award/CONT_AWD_NNM06AA75C_8000_-NONE-_-NONE-/,2024-02-27
National Aeronautics and Space Administration,National Aeronautics and Space Administration,FY2024P05,,080,2023,2024,,0120,000,080-2023/2024-0120-000,"Science, National Aeronautics and Space Administration",National Aeronautics and Space Administration,,"General Science, Space, and Technology","Space flight, research, and supporting activities",080-0120,"Science, National Aeronautics and Space Administration",0001,SCIENCE (DIRECT),25.5,Research and development contracts,D,Q,Not Designated Nonemergency/Emergency/Disaster/Wildfire Suppression,,4964746.42,,,CONT_AWD_NNM06AA75C_8000_-NONE-_-NONE-,NNM06AA75C,,,,2006-02-23,2006,2025-09-05,2025,2006-02-23,2026-08-31,,D,DEFINITIVE CONTRACT,,,"THE NATIONAL AERONAUTICS AND SPACE ADMINISTRATION HAS SELECTED JUNO NEW FRONTIERS MISSION UNDER THE DIRECTION OF PRINCIPAL INVESTIGATOR (PI) DR. SCOTT BOLTON TO CONTINUE DEVELOPMENT WITH THE EXPECTATION THAT THE JUNO MISSION WILL ENTER PHASE B IN EARLY FISCAL YEAR 2006.  THE JUNO MISSION WILL BE MANAGED BY THE MARSHALL SPACE FLIGHT CENTER, NEW FRONTIERS PROGRAM OFFICE.  KEY JUNO TEAM MEMBERS INCLUDE DR. BOLTON'S HOME INSTITUTION, THE SOUTHWEST RESEARCH INSTITUTE (SWRI), THE JUNO IMPLEMENTATION TEAM LEADER JET PROPULSION LABORATORY (JPL) AND THE SPACECRAFT BUS PROVIDER THE LOCKHEED MARTIN SPACE SYSTEMS DIVISION (LM/SS).   THE PI'S TEAM AT SWRI NEEDS TO BEGIN WORK ON A SUBSET OF PHASE B ACTIVITIES AS EARLY IN FY06 AS POSSIBLE.  THIS SOW PROVIDES A LIST OF ACTIVITIES THAT ARE NECESSARY TO BEGIN WORK IN FY06 AND THEIR ASSOCIATED DELIVERABLES. THE JUNO MISSION IS A COLLABORATION BETWEEN SOUTHWEST RESEARCH INSTITUTE (SWRI), JPL, LOCKHEED MARTIN (LM), AND A COMPLEMENTARY TEAM OF UNIVERSITIES AND FIELD CENTERS.  THE PRINCIPAL INVESTIGATOR, DR. SCOTT BOLTON, IS AT SOUTHWEST RESEARCH INSTITUTE (SWRI) AND IS RESPONSIBLE TO NASA FOR ALL ASPECTS OF THE MISSION INCLUDING ACHIEVING ALL SCIENTIFIC OBJECTIVES AND MISSION GOALS.  JPL PROVIDES THE PROJECT MANAGER WHO OVERSEES THE DAY-TO-DAY MANAGEMENT OF THE PROJECT AND WILL REPORT TO THE PI. PRINCIPAL INVESTIGATOR (PI) DR. SCOTT BOLTON IS RESPONSIBLE TO NASA FOR MEETING THE SCIENTIFIC OBJECTIVES OF THE JUNO MISSION WITHIN COST AND SCHEDULE.  AS PI, DR. BOLTON HAS DIRECT ACCOUNTABILITY TO THE NASA NEW FRONTIERS PROGRAM OFFICE FOR THE IMPLEMENTATION OF JUNO.  ALL JUNO SCIENCE CO-IS, THE DEPUTY PI AND PROJECT SCIENTIST, THE SCIENCE INVESTIGATION OFFICE MANAGER, THE E/PO EFFORT, THE JUNO ADVISORY BOARD AND THE PM REPORT DIRECTLY TO DR. BOLTON.  THE PI DELEGATES THE DAY-TO-DAY MANAGEMENT OF THE PROJECT TO THE PROJECT MANAGER (PM), RICK GRAMMIER.  THE PROJECT SYSTEM ENGINEER, PAYLOAD MANAGER, FLIGHT SYSTEM MANAGER, MISSION MANAGER, SCIENCE OPS CENTER, BUSINESS MANAGER, LM CONTRACT CTM, AND MISSION ASSURANCE MANAGER ALL REPORT DIRECTLY TO THE PM.",080,NATIONAL AERONAUTICS AND SPACE ADMINISTRATION (NASA),8000,NATIONAL AERONAUTICS AND SPACE ADMINISTRATION,80MSFC,NASA MARSHALL SPACE FLIGHT CENTER,080,NATIONAL AERONAUTICS AND SPACE ADMINISTRATION (NASA),8000,NATIONAL AERONAUTICS AND SPACE ADMINISTRATION,80MSFC,NASA MARSHALL SPACE FLIGHT CENTER,PB11V1KH3KV4,,SOUTHWEST RESEARCH INSTITUTE,SOUTHWEST RESEARCH INSTITUTE,PB11V1KH3KV4,PB11V1KH3KV4,SOUTHWEST RESEARCH INSTITUTE,SOUTHWEST RESEARCH INSTITUTE INC,USA,TX,BEXAR,SAN ANTONIO,TX-20,TX-20,782385100,UNITED STATES,TEXAS,BEXAR,TX-20,TX-20,782385100,,,AR22,R&D- SPACE: SCIENCE/APPLICATIONS (APPLIED RESEARCH/EXPLORATORY DEVELOPMENT),541710,"RESEARCH AND DEVELOPMENT IN THE PHYSICAL, ENGINEERING, AND LIFE SCIENCES",,,https://www.usaspending.gov/award/CONT_AWD_NNM06AA75C_8000_-NONE-_-NONE-/,2024-03-28
National Aeronautics and Space Administration,National Aeronautics and Space Administration,FY2024P06,,080,2024,2025,,0120,000,080-2024/2025-0120-000,"Science, National Aeronautics and Space Administration",National Aeronautics and Space Administration,,"General Science, Space, and Technology","Space flight, research, and supporting activities",080-0120,"Science, National Aeronautics and Space Administration",0001,SCIENCE (DIRECT),25.5,Research and development contracts,D,Q,Not Designated Nonemergency/Emergency/Disaster/Wildfire Suppression,1700000.00,,,,CONT_AWD_NNM06AA75C_8000_-NONE-_-NONE-,NNM06AA75C,,,,2006-02-23,2006,2025-09-05,2025,2006-02-23,2026-08-31,,D,DEFINITIVE CONTRACT,,,"THE NATIONAL AERONAUTICS AND SPACE ADMINISTRATION HAS SELECTED JUNO NEW FRONTIERS MISSION UNDER THE DIRECTION OF PRINCIPAL INVESTIGATOR (PI) DR. SCOTT BOLTON TO CONTINUE DEVELOPMENT WITH THE EXPECTATION THAT THE JUNO MISSION WILL ENTER PHASE B IN EARLY FISCAL YEAR 2006.  THE JUNO MISSION WILL BE MANAGED BY THE MARSHALL SPACE FLIGHT CENTER, NEW FRONTIERS PROGRAM OFFICE.  KEY JUNO TEAM MEMBERS INCLUDE DR. BOLTON'S HOME INSTITUTION, THE SOUTHWEST RESEARCH INSTITUTE (SWRI), THE JUNO IMPLEMENTATION TEAM LEADER JET PROPULSION LABORATORY (JPL) AND THE SPACECRAFT BUS PROVIDER THE LOCKHEED MARTIN SPACE SYSTEMS DIVISION (LM/SS).   THE PI'S TEAM AT SWRI NEEDS TO BEGIN WORK ON A SUBSET OF PHASE B ACTIVITIES AS EARLY IN FY06 AS POSSIBLE.  THIS SOW PROVIDES A LIST OF ACTIVITIES THAT ARE NECESSARY TO BEGIN WORK IN FY06 AND THEIR ASSOCIATED DELIVERABLES. THE JUNO MISSION IS A COLLABORATION BETWEEN SOUTHWEST RESEARCH INSTITUTE (SWRI), JPL, LOCKHEED MARTIN (LM), AND A COMPLEMENTARY TEAM OF UNIVERSITIES AND FIELD CENTERS.  THE PRINCIPAL INVESTIGATOR, DR. SCOTT BOLTON, IS AT SOUTHWEST RESEARCH INSTITUTE (SWRI) AND IS RESPONSIBLE TO NASA FOR ALL ASPECTS OF THE MISSION INCLUDING ACHIEVING ALL SCIENTIFIC OBJECTIVES AND MISSION GOALS.  JPL PROVIDES THE PROJECT MANAGER WHO OVERSEES THE DAY-TO-DAY MANAGEMENT OF THE PROJECT AND WILL REPORT TO THE PI. PRINCIPAL INVESTIGATOR (PI) DR. SCOTT BOLTON IS RESPONSIBLE TO NASA FOR MEETING THE SCIENTIFIC OBJECTIVES OF THE JUNO MISSION WITHIN COST AND SCHEDULE.  AS PI, DR. BOLTON HAS DIRECT ACCOUNTABILITY TO THE NASA NEW FRONTIERS PROGRAM OFFICE FOR THE IMPLEMENTATION OF JUNO.  ALL JUNO SCIENCE CO-IS, THE DEPUTY PI AND PROJECT SCIENTIST, THE SCIENCE INVESTIGATION OFFICE MANAGER, THE E/PO EFFORT, THE JUNO ADVISORY BOARD AND THE PM REPORT DIRECTLY TO DR. BOLTON.  THE PI DELEGATES THE DAY-TO-DAY MANAGEMENT OF THE PROJECT TO THE PROJECT MANAGER (PM), RICK GRAMMIER.  THE PROJECT SYSTEM ENGINEER, PAYLOAD MANAGER, FLIGHT SYSTEM MANAGER, MISSION MANAGER, SCIENCE OPS CENTER, BUSINESS MANAGER, LM CONTRACT CTM, AND MISSION ASSURANCE MANAGER ALL REPORT DIRECTLY TO THE PM.",080,NATIONAL AERONAUTICS AND SPACE ADMINISTRATION (NASA),8000,NATIONAL AERONAUTICS AND SPACE ADMINISTRATION,80MSFC,NASA MARSHALL SPACE FLIGHT CENTER,080,NATIONAL AERONAUTICS AND SPACE ADMINISTRATION (NASA),8000,NATIONAL AERONAUTICS AND SPACE ADMINISTRATION,80MSFC,NASA MARSHALL SPACE FLIGHT CENTER,PB11V1KH3KV4,,SOUTHWEST RESEARCH INSTITUTE,SOUTHWEST RESEARCH INSTITUTE,PB11V1KH3KV4,PB11V1KH3KV4,SOUTHWEST RESEARCH INSTITUTE,SOUTHWEST RESEARCH INSTITUTE INC,USA,TX,BEXAR,SAN ANTONIO,TX-20,TX-20,782385100,UNITED STATES,TEXAS,BEXAR,TX-20,TX-20,782385100,,,AR22,R&D- SPACE: SCIENCE/APPLICATIONS (APPLIED RESEARCH/EXPLORATORY DEVELOPMENT),541710,"RESEARCH AND DEVELOPMENT IN THE PHYSICAL, ENGINEERING, AND LIFE SCIENCES",,,https://www.usaspending.gov/award/CONT_AWD_NNM06AA75C_8000_-NONE-_-NONE-/,2024-04-25
National Aeronautics and Space Administration,National Aeronautics and Space Administration,FY2024P06,,080,2023,2024,,0120,000,080-2023/2024-0120-000,"Science, National Aeronautics and Space Administration",National Aeronautics and Space Administration,,"General Science, Space, and Technology","Space flight, research, and supporting activities",080-0120,"Science, National Aeronautics and Space Administration",0001,SCIENCE (DIRECT),25.5,Research and development contracts,D,Q,Not Designated Nonemergency/Emergency/Disaster/Wildfire Suppression,,5938912.20,,,CONT_AWD_NNM06AA75C_8000_-NONE-_-NONE-,NNM06AA75C,,,,2006-02-23,2006,2025-09-05,2025,2006-02-23,2026-08-31,,D,DEFINITIVE CONTRACT,,,"THE NATIONAL AERONAUTICS AND SPACE ADMINISTRATION HAS SELECTED JUNO NEW FRONTIERS MISSION UNDER THE DIRECTION OF PRINCIPAL INVESTIGATOR (PI) DR. SCOTT BOLTON TO CONTINUE DEVELOPMENT WITH THE EXPECTATION THAT THE JUNO MISSION WILL ENTER PHASE B IN EARLY FISCAL YEAR 2006.  THE JUNO MISSION WILL BE MANAGED BY THE MARSHALL SPACE FLIGHT CENTER, NEW FRONTIERS PROGRAM OFFICE.  KEY JUNO TEAM MEMBERS INCLUDE DR. BOLTON'S HOME INSTITUTION, THE SOUTHWEST RESEARCH INSTITUTE (SWRI), THE JUNO IMPLEMENTATION TEAM LEADER JET PROPULSION LABORATORY (JPL) AND THE SPACECRAFT BUS PROVIDER THE LOCKHEED MARTIN SPACE SYSTEMS DIVISION (LM/SS).   THE PI'S TEAM AT SWRI NEEDS TO BEGIN WORK ON A SUBSET OF PHASE B ACTIVITIES AS EARLY IN FY06 AS POSSIBLE.  THIS SOW PROVIDES A LIST OF ACTIVITIES THAT ARE NECESSARY TO BEGIN WORK IN FY06 AND THEIR ASSOCIATED DELIVERABLES. THE JUNO MISSION IS A COLLABORATION BETWEEN SOUTHWEST RESEARCH INSTITUTE (SWRI), JPL, LOCKHEED MARTIN (LM), AND A COMPLEMENTARY TEAM OF UNIVERSITIES AND FIELD CENTERS.  THE PRINCIPAL INVESTIGATOR, DR. SCOTT BOLTON, IS AT SOUTHWEST RESEARCH INSTITUTE (SWRI) AND IS RESPONSIBLE TO NASA FOR ALL ASPECTS OF THE MISSION INCLUDING ACHIEVING ALL SCIENTIFIC OBJECTIVES AND MISSION GOALS.  JPL PROVIDES THE PROJECT MANAGER WHO OVERSEES THE DAY-TO-DAY MANAGEMENT OF THE PROJECT AND WILL REPORT TO THE PI. PRINCIPAL INVESTIGATOR (PI) DR. SCOTT BOLTON IS RESPONSIBLE TO NASA FOR MEETING THE SCIENTIFIC OBJECTIVES OF THE JUNO MISSION WITHIN COST AND SCHEDULE.  AS PI, DR. BOLTON HAS DIRECT ACCOUNTABILITY TO THE NASA NEW FRONTIERS PROGRAM OFFICE FOR THE IMPLEMENTATION OF JUNO.  ALL JUNO SCIENCE CO-IS, THE DEPUTY PI AND PROJECT SCIENTIST, THE SCIENCE INVESTIGATION OFFICE MANAGER, THE E/PO EFFORT, THE JUNO ADVISORY BOARD AND THE PM REPORT DIRECTLY TO DR. BOLTON.  THE PI DELEGATES THE DAY-TO-DAY MANAGEMENT OF THE PROJECT TO THE PROJECT MANAGER (PM), RICK GRAMMIER.  THE PROJECT SYSTEM ENGINEER, PAYLOAD MANAGER, FLIGHT SYSTEM MANAGER, MISSION MANAGER, SCIENCE OPS CENTER, BUSINESS MANAGER, LM CONTRACT CTM, AND MISSION ASSURANCE MANAGER ALL REPORT DIRECTLY TO THE PM.",080,NATIONAL AERONAUTICS AND SPACE ADMINISTRATION (NASA),8000,NATIONAL AERONAUTICS AND SPACE ADMINISTRATION,80MSFC,NASA MARSHALL SPACE FLIGHT CENTER,080,NATIONAL AERONAUTICS AND SPACE ADMINISTRATION (NASA),8000,NATIONAL AERONAUTICS AND SPACE ADMINISTRATION,80MSFC,NASA MARSHALL SPACE FLIGHT CENTER,PB11V1KH3KV4,,SOUTHWEST RESEARCH INSTITUTE,SOUTHWEST RESEARCH INSTITUTE,PB11V1KH3KV4,PB11V1KH3KV4,SOUTHWEST RESEARCH INSTITUTE,SOUTHWEST RESEARCH INSTITUTE INC,USA,TX,BEXAR,SAN ANTONIO,TX-20,TX-20,782385100,UNITED STATES,TEXAS,BEXAR,TX-20,TX-20,782385100,,,AR22,R&D- SPACE: SCIENCE/APPLICATIONS (APPLIED RESEARCH/EXPLORATORY DEVELOPMENT),541710,"RESEARCH AND DEVELOPMENT IN THE PHYSICAL, ENGINEERING, AND LIFE SCIENCES",,,https://www.usaspending.gov/award/CONT_AWD_NNM06AA75C_8000_-NONE-_-NONE-/,2024-04-25
National Aeronautics and Space Administration,National Aeronautics and Space Administration,FY2024P07,,080,2024,2025,,0120,000,080-2024/2025-0120-000,"Science, National Aeronautics and Space Administration",National Aeronautics and Space Administration,,"General Science, Space, and Technology","Space flight, research, and supporting activities",080-0120,"Science, National Aeronautics and Space Administration",0001,SCIENCE (DIRECT),25.5,Research and development contracts,D,Q,Not Designated Nonemergency/Emergency/Disaster/Wildfire Suppression,5289787.00,,,,CONT_AWD_NNM06AA75C_8000_-NONE-_-NONE-,NNM06AA75C,,,,2006-02-23,2006,2025-09-05,2025,2006-02-23,2026-08-31,,D,DEFINITIVE CONTRACT,,,"THE NATIONAL AERONAUTICS AND SPACE ADMINISTRATION HAS SELECTED JUNO NEW FRONTIERS MISSION UNDER THE DIRECTION OF PRINCIPAL INVESTIGATOR (PI) DR. SCOTT BOLTON TO CONTINUE DEVELOPMENT WITH THE EXPECTATION THAT THE JUNO MISSION WILL ENTER PHASE B IN EARLY FISCAL YEAR 2006.  THE JUNO MISSION WILL BE MANAGED BY THE MARSHALL SPACE FLIGHT CENTER, NEW FRONTIERS PROGRAM OFFICE.  KEY JUNO TEAM MEMBERS INCLUDE DR. BOLTON'S HOME INSTITUTION, THE SOUTHWEST RESEARCH INSTITUTE (SWRI), THE JUNO IMPLEMENTATION TEAM LEADER JET PROPULSION LABORATORY (JPL) AND THE SPACECRAFT BUS PROVIDER THE LOCKHEED MARTIN SPACE SYSTEMS DIVISION (LM/SS).   THE PI'S TEAM AT SWRI NEEDS TO BEGIN WORK ON A SUBSET OF PHASE B ACTIVITIES AS EARLY IN FY06 AS POSSIBLE.  THIS SOW PROVIDES A LIST OF ACTIVITIES THAT ARE NECESSARY TO BEGIN WORK IN FY06 AND THEIR ASSOCIATED DELIVERABLES. THE JUNO MISSION IS A COLLABORATION BETWEEN SOUTHWEST RESEARCH INSTITUTE (SWRI), JPL, LOCKHEED MARTIN (LM), AND A COMPLEMENTARY TEAM OF UNIVERSITIES AND FIELD CENTERS.  THE PRINCIPAL INVESTIGATOR, DR. SCOTT BOLTON, IS AT SOUTHWEST RESEARCH INSTITUTE (SWRI) AND IS RESPONSIBLE TO NASA FOR ALL ASPECTS OF THE MISSION INCLUDING ACHIEVING ALL SCIENTIFIC OBJECTIVES AND MISSION GOALS.  JPL PROVIDES THE PROJECT MANAGER WHO OVERSEES THE DAY-TO-DAY MANAGEMENT OF THE PROJECT AND WILL REPORT TO THE PI. PRINCIPAL INVESTIGATOR (PI) DR. SCOTT BOLTON IS RESPONSIBLE TO NASA FOR MEETING THE SCIENTIFIC OBJECTIVES OF THE JUNO MISSION WITHIN COST AND SCHEDULE.  AS PI, DR. BOLTON HAS DIRECT ACCOUNTABILITY TO THE NASA NEW FRONTIERS PROGRAM OFFICE FOR THE IMPLEMENTATION OF JUNO.  ALL JUNO SCIENCE CO-IS, THE DEPUTY PI AND PROJECT SCIENTIST, THE SCIENCE INVESTIGATION OFFICE MANAGER, THE E/PO EFFORT, THE JUNO ADVISORY BOARD AND THE PM REPORT DIRECTLY TO DR. BOLTON.  THE PI DELEGATES THE DAY-TO-DAY MANAGEMENT OF THE PROJECT TO THE PROJECT MANAGER (PM), RICK GRAMMIER.  THE PROJECT SYSTEM ENGINEER, PAYLOAD MANAGER, FLIGHT SYSTEM MANAGER, MISSION MANAGER, SCIENCE OPS CENTER, BUSINESS MANAGER, LM CONTRACT CTM, AND MISSION ASSURANCE MANAGER ALL REPORT DIRECTLY TO THE PM.",080,NATIONAL AERONAUTICS AND SPACE ADMINISTRATION (NASA),8000,NATIONAL AERONAUTICS AND SPACE ADMINISTRATION,80MSFC,NASA MARSHALL SPACE FLIGHT CENTER,080,NATIONAL AERONAUTICS AND SPACE ADMINISTRATION (NASA),8000,NATIONAL AERONAUTICS AND SPACE ADMINISTRATION,80MSFC,NASA MARSHALL SPACE FLIGHT CENTER,PB11V1KH3KV4,,SOUTHWEST RESEARCH INSTITUTE,SOUTHWEST RESEARCH INSTITUTE,PB11V1KH3KV4,PB11V1KH3KV4,SOUTHWEST RESEARCH INSTITUTE,SOUTHWEST RESEARCH INSTITUTE INC,USA,TX,BEXAR,SAN ANTONIO,TX-20,TX-20,782385100,UNITED STATES,TEXAS,BEXAR,TX-20,TX-20,782385100,,,AR22,R&D- SPACE: SCIENCE/APPLICATIONS (APPLIED RESEARCH/EXPLORATORY DEVELOPMENT),541710,"RESEARCH AND DEVELOPMENT IN THE PHYSICAL, ENGINEERING, AND LIFE SCIENCES",,,https://www.usaspending.gov/award/CONT_AWD_NNM06AA75C_8000_-NONE-_-NONE-/,2024-05-22
National Aeronautics and Space Administration,National Aeronautics and Space Administration,FY2024P07,,080,2023,2024,,0120,000,080-2023/2024-0120-000,"Science, National Aeronautics and Space Administration",National Aeronautics and Space Administration,,"General Science, Space, and Technology","Space flight, research, and supporting activities",080-0120,"Science, National Aeronautics and Space Administration",0001,SCIENCE (DIRECT),25.5,Research and development contracts,D,Q,Not Designated Nonemergency/Emergency/Disaster/Wildfire Suppression,,7443328.05,,,CONT_AWD_NNM06AA75C_8000_-NONE-_-NONE-,NNM06AA75C,,,,2006-02-23,2006,2025-09-05,2025,2006-02-23,2026-08-31,,D,DEFINITIVE CONTRACT,,,"THE NATIONAL AERONAUTICS AND SPACE ADMINISTRATION HAS SELECTED JUNO NEW FRONTIERS MISSION UNDER THE DIRECTION OF PRINCIPAL INVESTIGATOR (PI) DR. SCOTT BOLTON TO CONTINUE DEVELOPMENT WITH THE EXPECTATION THAT THE JUNO MISSION WILL ENTER PHASE B IN EARLY FISCAL YEAR 2006.  THE JUNO MISSION WILL BE MANAGED BY THE MARSHALL SPACE FLIGHT CENTER, NEW FRONTIERS PROGRAM OFFICE.  KEY JUNO TEAM MEMBERS INCLUDE DR. BOLTON'S HOME INSTITUTION, THE SOUTHWEST RESEARCH INSTITUTE (SWRI), THE JUNO IMPLEMENTATION TEAM LEADER JET PROPULSION LABORATORY (JPL) AND THE SPACECRAFT BUS PROVIDER THE LOCKHEED MARTIN SPACE SYSTEMS DIVISION (LM/SS).   THE PI'S TEAM AT SWRI NEEDS TO BEGIN WORK ON A SUBSET OF PHASE B ACTIVITIES AS EARLY IN FY06 AS POSSIBLE.  THIS SOW PROVIDES A LIST OF ACTIVITIES THAT ARE NECESSARY TO BEGIN WORK IN FY06 AND THEIR ASSOCIATED DELIVERABLES. THE JUNO MISSION IS A COLLABORATION BETWEEN SOUTHWEST RESEARCH INSTITUTE (SWRI), JPL, LOCKHEED MARTIN (LM), AND A COMPLEMENTARY TEAM OF UNIVERSITIES AND FIELD CENTERS.  THE PRINCIPAL INVESTIGATOR, DR. SCOTT BOLTON, IS AT SOUTHWEST RESEARCH INSTITUTE (SWRI) AND IS RESPONSIBLE TO NASA FOR ALL ASPECTS OF THE MISSION INCLUDING ACHIEVING ALL SCIENTIFIC OBJECTIVES AND MISSION GOALS.  JPL PROVIDES THE PROJECT MANAGER WHO OVERSEES THE DAY-TO-DAY MANAGEMENT OF THE PROJECT AND WILL REPORT TO THE PI. PRINCIPAL INVESTIGATOR (PI) DR. SCOTT BOLTON IS RESPONSIBLE TO NASA FOR MEETING THE SCIENTIFIC OBJECTIVES OF THE JUNO MISSION WITHIN COST AND SCHEDULE.  AS PI, DR. BOLTON HAS DIRECT ACCOUNTABILITY TO THE NASA NEW FRONTIERS PROGRAM OFFICE FOR THE IMPLEMENTATION OF JUNO.  ALL JUNO SCIENCE CO-IS, THE DEPUTY PI AND PROJECT SCIENTIST, THE SCIENCE INVESTIGATION OFFICE MANAGER, THE E/PO EFFORT, THE JUNO ADVISORY BOARD AND THE PM REPORT DIRECTLY TO DR. BOLTON.  THE PI DELEGATES THE DAY-TO-DAY MANAGEMENT OF THE PROJECT TO THE PROJECT MANAGER (PM), RICK GRAMMIER.  THE PROJECT SYSTEM ENGINEER, PAYLOAD MANAGER, FLIGHT SYSTEM MANAGER, MISSION MANAGER, SCIENCE OPS CENTER, BUSINESS MANAGER, LM CONTRACT CTM, AND MISSION ASSURANCE MANAGER ALL REPORT DIRECTLY TO THE PM.",080,NATIONAL AERONAUTICS AND SPACE ADMINISTRATION (NASA),8000,NATIONAL AERONAUTICS AND SPACE ADMINISTRATION,80MSFC,NASA MARSHALL SPACE FLIGHT CENTER,080,NATIONAL AERONAUTICS AND SPACE ADMINISTRATION (NASA),8000,NATIONAL AERONAUTICS AND SPACE ADMINISTRATION,80MSFC,NASA MARSHALL SPACE FLIGHT CENTER,PB11V1KH3KV4,,SOUTHWEST RESEARCH INSTITUTE,SOUTHWEST RESEARCH INSTITUTE,PB11V1KH3KV4,PB11V1KH3KV4,SOUTHWEST RESEARCH INSTITUTE,SOUTHWEST RESEARCH INSTITUTE INC,USA,TX,BEXAR,SAN ANTONIO,TX-20,TX-20,782385100,UNITED STATES,TEXAS,BEXAR,TX-20,TX-20,782385100,,,AR22,R&D- SPACE: SCIENCE/APPLICATIONS (APPLIED RESEARCH/EXPLORATORY DEVELOPMENT),541710,"RESEARCH AND DEVELOPMENT IN THE PHYSICAL, ENGINEERING, AND LIFE SCIENCES",,,https://www.usaspending.gov/award/CONT_AWD_NNM06AA75C_8000_-NONE-_-NONE-/,2024-05-22
National Aeronautics and Space Administration,National Aeronautics and Space Administration,FY2024P08,,080,2023,2024,,0120,000,080-2023/2024-0120-000,"Science, National Aeronautics and Space Administration",National Aeronautics and Space Administration,,"General Science, Space, and Technology","Space flight, research, and supporting activities",080-0120,"Science, National Aeronautics and Space Administration",0001,SCIENCE (DIRECT),25.5,Research and development contracts,D,Q,Not Designated Nonemergency/Emergency/Disaster/Wildfire Suppression,,8185339.50,,,CONT_AWD_NNM06AA75C_8000_-NONE-_-NONE-,NNM06AA75C,,,,2006-02-23,2006,2025-09-05,2025,2006-02-23,2026-08-31,,D,DEFINITIVE CONTRACT,,,"THE NATIONAL AERONAUTICS AND SPACE ADMINISTRATION HAS SELECTED JUNO NEW FRONTIERS MISSION UNDER THE DIRECTION OF PRINCIPAL INVESTIGATOR (PI) DR. SCOTT BOLTON TO CONTINUE DEVELOPMENT WITH THE EXPECTATION THAT THE JUNO MISSION WILL ENTER PHASE B IN EARLY FISCAL YEAR 2006.  THE JUNO MISSION WILL BE MANAGED BY THE MARSHALL SPACE FLIGHT CENTER, NEW FRONTIERS PROGRAM OFFICE.  KEY JUNO TEAM MEMBERS INCLUDE DR. BOLTON'S HOME INSTITUTION, THE SOUTHWEST RESEARCH INSTITUTE (SWRI), THE JUNO IMPLEMENTATION TEAM LEADER JET PROPULSION LABORATORY (JPL) AND THE SPACECRAFT BUS PROVIDER THE LOCKHEED MARTIN SPACE SYSTEMS DIVISION (LM/SS).   THE PI'S TEAM AT SWRI NEEDS TO BEGIN WORK ON A SUBSET OF PHASE B ACTIVITIES AS EARLY IN FY06 AS POSSIBLE.  THIS SOW PROVIDES A LIST OF ACTIVITIES THAT ARE NECESSARY TO BEGIN WORK IN FY06 AND THEIR ASSOCIATED DELIVERABLES. THE JUNO MISSION IS A COLLABORATION BETWEEN SOUTHWEST RESEARCH INSTITUTE (SWRI), JPL, LOCKHEED MARTIN (LM), AND A COMPLEMENTARY TEAM OF UNIVERSITIES AND FIELD CENTERS.  THE PRINCIPAL INVESTIGATOR, DR. SCOTT BOLTON, IS AT SOUTHWEST RESEARCH INSTITUTE (SWRI) AND IS RESPONSIBLE TO NASA FOR ALL ASPECTS OF THE MISSION INCLUDING ACHIEVING ALL SCIENTIFIC OBJECTIVES AND MISSION GOALS.  JPL PROVIDES THE PROJECT MANAGER WHO OVERSEES THE DAY-TO-DAY MANAGEMENT OF THE PROJECT AND WILL REPORT TO THE PI. PRINCIPAL INVESTIGATOR (PI) DR. SCOTT BOLTON IS RESPONSIBLE TO NASA FOR MEETING THE SCIENTIFIC OBJECTIVES OF THE JUNO MISSION WITHIN COST AND SCHEDULE.  AS PI, DR. BOLTON HAS DIRECT ACCOUNTABILITY TO THE NASA NEW FRONTIERS PROGRAM OFFICE FOR THE IMPLEMENTATION OF JUNO.  ALL JUNO SCIENCE CO-IS, THE DEPUTY PI AND PROJECT SCIENTIST, THE SCIENCE INVESTIGATION OFFICE MANAGER, THE E/PO EFFORT, THE JUNO ADVISORY BOARD AND THE PM REPORT DIRECTLY TO DR. BOLTON.  THE PI DELEGATES THE DAY-TO-DAY MANAGEMENT OF THE PROJECT TO THE PROJECT MANAGER (PM), RICK GRAMMIER.  THE PROJECT SYSTEM ENGINEER, PAYLOAD MANAGER, FLIGHT SYSTEM MANAGER, MISSION MANAGER, SCIENCE OPS CENTER, BUSINESS MANAGER, LM CONTRACT CTM, AND MISSION ASSURANCE MANAGER ALL REPORT DIRECTLY TO THE PM.",080,NATIONAL AERONAUTICS AND SPACE ADMINISTRATION (NASA),8000,NATIONAL AERONAUTICS AND SPACE ADMINISTRATION,80MSFC,NASA MARSHALL SPACE FLIGHT CENTER,080,NATIONAL AERONAUTICS AND SPACE ADMINISTRATION (NASA),8000,NATIONAL AERONAUTICS AND SPACE ADMINISTRATION,80MSFC,NASA MARSHALL SPACE FLIGHT CENTER,PB11V1KH3KV4,,SOUTHWEST RESEARCH INSTITUTE,SOUTHWEST RESEARCH INSTITUTE,PB11V1KH3KV4,PB11V1KH3KV4,SOUTHWEST RESEARCH INSTITUTE,SOUTHWEST RESEARCH INSTITUTE INC,USA,TX,BEXAR,SAN ANTONIO,TX-20,TX-20,782385100,UNITED STATES,TEXAS,BEXAR,TX-20,TX-20,782385100,,,AR22,R&D- SPACE: SCIENCE/APPLICATIONS (APPLIED RESEARCH/EXPLORATORY DEVELOPMENT),541710,"RESEARCH AND DEVELOPMENT IN THE PHYSICAL, ENGINEERING, AND LIFE SCIENCES",,,https://www.usaspending.gov/award/CONT_AWD_NNM06AA75C_8000_-NONE-_-NONE-/,2024-07-01
National Aeronautics and Space Administration,National Aeronautics and Space Administration,FY2024P09,,080,2024,2025,,0120,000,080-2024/2025-0120-000,"Science, National Aeronautics and Space Administration",National Aeronautics and Space Administration,,"General Science, Space, and Technology","Space flight, research, and supporting activities",080-0120,"Science, National Aeronautics and Space Administration",0001,SCIENCE (DIRECT),25.5,Research and development contracts,D,Q,Not Designated Nonemergency/Emergency/Disaster/Wildfire Suppression,-1000000.00,,,,CONT_AWD_NNM06AA75C_8000_-NONE-_-NONE-,NNM06AA75C,,,,2006-02-23,2006,2025-09-05,2025,2006-02-23,2026-08-31,,D,DEFINITIVE CONTRACT,,,"THE NATIONAL AERONAUTICS AND SPACE ADMINISTRATION HAS SELECTED JUNO NEW FRONTIERS MISSION UNDER THE DIRECTION OF PRINCIPAL INVESTIGATOR (PI) DR. SCOTT BOLTON TO CONTINUE DEVELOPMENT WITH THE EXPECTATION THAT THE JUNO MISSION WILL ENTER PHASE B IN EARLY FISCAL YEAR 2006.  THE JUNO MISSION WILL BE MANAGED BY THE MARSHALL SPACE FLIGHT CENTER, NEW FRONTIERS PROGRAM OFFICE.  KEY JUNO TEAM MEMBERS INCLUDE DR. BOLTON'S HOME INSTITUTION, THE SOUTHWEST RESEARCH INSTITUTE (SWRI), THE JUNO IMPLEMENTATION TEAM LEADER JET PROPULSION LABORATORY (JPL) AND THE SPACECRAFT BUS PROVIDER THE LOCKHEED MARTIN SPACE SYSTEMS DIVISION (LM/SS).   THE PI'S TEAM AT SWRI NEEDS TO BEGIN WORK ON A SUBSET OF PHASE B ACTIVITIES AS EARLY IN FY06 AS POSSIBLE.  THIS SOW PROVIDES A LIST OF ACTIVITIES THAT ARE NECESSARY TO BEGIN WORK IN FY06 AND THEIR ASSOCIATED DELIVERABLES. THE JUNO MISSION IS A COLLABORATION BETWEEN SOUTHWEST RESEARCH INSTITUTE (SWRI), JPL, LOCKHEED MARTIN (LM), AND A COMPLEMENTARY TEAM OF UNIVERSITIES AND FIELD CENTERS.  THE PRINCIPAL INVESTIGATOR, DR. SCOTT BOLTON, IS AT SOUTHWEST RESEARCH INSTITUTE (SWRI) AND IS RESPONSIBLE TO NASA FOR ALL ASPECTS OF THE MISSION INCLUDING ACHIEVING ALL SCIENTIFIC OBJECTIVES AND MISSION GOALS.  JPL PROVIDES THE PROJECT MANAGER WHO OVERSEES THE DAY-TO-DAY MANAGEMENT OF THE PROJECT AND WILL REPORT TO THE PI. PRINCIPAL INVESTIGATOR (PI) DR. SCOTT BOLTON IS RESPONSIBLE TO NASA FOR MEETING THE SCIENTIFIC OBJECTIVES OF THE JUNO MISSION WITHIN COST AND SCHEDULE.  AS PI, DR. BOLTON HAS DIRECT ACCOUNTABILITY TO THE NASA NEW FRONTIERS PROGRAM OFFICE FOR THE IMPLEMENTATION OF JUNO.  ALL JUNO SCIENCE CO-IS, THE DEPUTY PI AND PROJECT SCIENTIST, THE SCIENCE INVESTIGATION OFFICE MANAGER, THE E/PO EFFORT, THE JUNO ADVISORY BOARD AND THE PM REPORT DIRECTLY TO DR. BOLTON.  THE PI DELEGATES THE DAY-TO-DAY MANAGEMENT OF THE PROJECT TO THE PROJECT MANAGER (PM), RICK GRAMMIER.  THE PROJECT SYSTEM ENGINEER, PAYLOAD MANAGER, FLIGHT SYSTEM MANAGER, MISSION MANAGER, SCIENCE OPS CENTER, BUSINESS MANAGER, LM CONTRACT CTM, AND MISSION ASSURANCE MANAGER ALL REPORT DIRECTLY TO THE PM.",080,NATIONAL AERONAUTICS AND SPACE ADMINISTRATION (NASA),8000,NATIONAL AERONAUTICS AND SPACE ADMINISTRATION,80MSFC,NASA MARSHALL SPACE FLIGHT CENTER,080,NATIONAL AERONAUTICS AND SPACE ADMINISTRATION (NASA),8000,NATIONAL AERONAUTICS AND SPACE ADMINISTRATION,80MSFC,NASA MARSHALL SPACE FLIGHT CENTER,PB11V1KH3KV4,,SOUTHWEST RESEARCH INSTITUTE,SOUTHWEST RESEARCH INSTITUTE,PB11V1KH3KV4,PB11V1KH3KV4,SOUTHWEST RESEARCH INSTITUTE,SOUTHWEST RESEARCH INSTITUTE INC,USA,TX,BEXAR,SAN ANTONIO,TX-20,TX-20,782385100,UNITED STATES,TEXAS,BEXAR,TX-20,TX-20,782385100,,,AR22,R&D- SPACE: SCIENCE/APPLICATIONS (APPLIED RESEARCH/EXPLORATORY DEVELOPMENT),541710,"RESEARCH AND DEVELOPMENT IN THE PHYSICAL, ENGINEERING, AND LIFE SCIENCES",,,https://www.usaspending.gov/award/CONT_AWD_NNM06AA75C_8000_-NONE-_-NONE-/,2024-07-29
National Aeronautics and Space Administration,National Aeronautics and Space Administration,FY2024P09,,080,2024,2025,,0120,000,080-2024/2025-0120-000,"Science, National Aeronautics and Space Administration",National Aeronautics and Space Administration,,"General Science, Space, and Technology","Space flight, research, and supporting activities",080-0120,"Science, National Aeronautics and Space Administration",0001,SCIENCE (DIRECT),25.5,Research and development contracts,D,Q,Not Designated Nonemergency/Emergency/Disaster/Wildfire Suppression,1000000.00,,,,CONT_AWD_NNM06AA75C_8000_-NONE-_-NONE-,NNM06AA75C,,,,2006-02-23,2006,2025-09-05,2025,2006-02-23,2026-08-31,,D,DEFINITIVE CONTRACT,,,"THE NATIONAL AERONAUTICS AND SPACE ADMINISTRATION HAS SELECTED JUNO NEW FRONTIERS MISSION UNDER THE DIRECTION OF PRINCIPAL INVESTIGATOR (PI) DR. SCOTT BOLTON TO CONTINUE DEVELOPMENT WITH THE EXPECTATION THAT THE JUNO MISSION WILL ENTER PHASE B IN EARLY FISCAL YEAR 2006.  THE JUNO MISSION WILL BE MANAGED BY THE MARSHALL SPACE FLIGHT CENTER, NEW FRONTIERS PROGRAM OFFICE.  KEY JUNO TEAM MEMBERS INCLUDE DR. BOLTON'S HOME INSTITUTION, THE SOUTHWEST RESEARCH INSTITUTE (SWRI), THE JUNO IMPLEMENTATION TEAM LEADER JET PROPULSION LABORATORY (JPL) AND THE SPACECRAFT BUS PROVIDER THE LOCKHEED MARTIN SPACE SYSTEMS DIVISION (LM/SS).   THE PI'S TEAM AT SWRI NEEDS TO BEGIN WORK ON A SUBSET OF PHASE B ACTIVITIES AS EARLY IN FY06 AS POSSIBLE.  THIS SOW PROVIDES A LIST OF ACTIVITIES THAT ARE NECESSARY TO BEGIN WORK IN FY06 AND THEIR ASSOCIATED DELIVERABLES. THE JUNO MISSION IS A COLLABORATION BETWEEN SOUTHWEST RESEARCH INSTITUTE (SWRI), JPL, LOCKHEED MARTIN (LM), AND A COMPLEMENTARY TEAM OF UNIVERSITIES AND FIELD CENTERS.  THE PRINCIPAL INVESTIGATOR, DR. SCOTT BOLTON, IS AT SOUTHWEST RESEARCH INSTITUTE (SWRI) AND IS RESPONSIBLE TO NASA FOR ALL ASPECTS OF THE MISSION INCLUDING ACHIEVING ALL SCIENTIFIC OBJECTIVES AND MISSION GOALS.  JPL PROVIDES THE PROJECT MANAGER WHO OVERSEES THE DAY-TO-DAY MANAGEMENT OF THE PROJECT AND WILL REPORT TO THE PI. PRINCIPAL INVESTIGATOR (PI) DR. SCOTT BOLTON IS RESPONSIBLE TO NASA FOR MEETING THE SCIENTIFIC OBJECTIVES OF THE JUNO MISSION WITHIN COST AND SCHEDULE.  AS PI, DR. BOLTON HAS DIRECT ACCOUNTABILITY TO THE NASA NEW FRONTIERS PROGRAM OFFICE FOR THE IMPLEMENTATION OF JUNO.  ALL JUNO SCIENCE CO-IS, THE DEPUTY PI AND PROJECT SCIENTIST, THE SCIENCE INVESTIGATION OFFICE MANAGER, THE E/PO EFFORT, THE JUNO ADVISORY BOARD AND THE PM REPORT DIRECTLY TO DR. BOLTON.  THE PI DELEGATES THE DAY-TO-DAY MANAGEMENT OF THE PROJECT TO THE PROJECT MANAGER (PM), RICK GRAMMIER.  THE PROJECT SYSTEM ENGINEER, PAYLOAD MANAGER, FLIGHT SYSTEM MANAGER, MISSION MANAGER, SCIENCE OPS CENTER, BUSINESS MANAGER, LM CONTRACT CTM, AND MISSION ASSURANCE MANAGER ALL REPORT DIRECTLY TO THE PM.",080,NATIONAL AERONAUTICS AND SPACE ADMINISTRATION (NASA),8000,NATIONAL AERONAUTICS AND SPACE ADMINISTRATION,80MSFC,NASA MARSHALL SPACE FLIGHT CENTER,080,NATIONAL AERONAUTICS AND SPACE ADMINISTRATION (NASA),8000,NATIONAL AERONAUTICS AND SPACE ADMINISTRATION,80MSFC,NASA MARSHALL SPACE FLIGHT CENTER,PB11V1KH3KV4,,SOUTHWEST RESEARCH INSTITUTE,SOUTHWEST RESEARCH INSTITUTE,PB11V1KH3KV4,PB11V1KH3KV4,SOUTHWEST RESEARCH INSTITUTE,SOUTHWEST RESEARCH INSTITUTE INC,USA,TX,BEXAR,SAN ANTONIO,TX-20,TX-20,782385100,UNITED STATES,TEXAS,BEXAR,TX-20,TX-20,782385100,,,AR22,R&D- SPACE: SCIENCE/APPLICATIONS (APPLIED RESEARCH/EXPLORATORY DEVELOPMENT),541710,"RESEARCH AND DEVELOPMENT IN THE PHYSICAL, ENGINEERING, AND LIFE SCIENCES",,,https://www.usaspending.gov/award/CONT_AWD_NNM06AA75C_8000_-NONE-_-NONE-/,2024-07-29
National Aeronautics and Space Administration,National Aeronautics and Space Administration,FY2024P09,,080,2023,2024,,0120,000,080-2023/2024-0120-000,"Science, National Aeronautics and Space Administration",National Aeronautics and Space Administration,,"General Science, Space, and Technology","Space flight, research, and supporting activities",080-0120,"Science, National Aeronautics and Space Administration",0001,SCIENCE (DIRECT),25.5,Research and development contracts,D,Q,Not Designated Nonemergency/Emergency/Disaster/Wildfire Suppression,,8224486.65,,,CONT_AWD_NNM06AA75C_8000_-NONE-_-NONE-,NNM06AA75C,,,,2006-02-23,2006,2025-09-05,2025,2006-02-23,2026-08-31,,D,DEFINITIVE CONTRACT,,,"THE NATIONAL AERONAUTICS AND SPACE ADMINISTRATION HAS SELECTED JUNO NEW FRONTIERS MISSION UNDER THE DIRECTION OF PRINCIPAL INVESTIGATOR (PI) DR. SCOTT BOLTON TO CONTINUE DEVELOPMENT WITH THE EXPECTATION THAT THE JUNO MISSION WILL ENTER PHASE B IN EARLY FISCAL YEAR 2006.  THE JUNO MISSION WILL BE MANAGED BY THE MARSHALL SPACE FLIGHT CENTER, NEW FRONTIERS PROGRAM OFFICE.  KEY JUNO TEAM MEMBERS INCLUDE DR. BOLTON'S HOME INSTITUTION, THE SOUTHWEST RESEARCH INSTITUTE (SWRI), THE JUNO IMPLEMENTATION TEAM LEADER JET PROPULSION LABORATORY (JPL) AND THE SPACECRAFT BUS PROVIDER THE LOCKHEED MARTIN SPACE SYSTEMS DIVISION (LM/SS).   THE PI'S TEAM AT SWRI NEEDS TO BEGIN WORK ON A SUBSET OF PHASE B ACTIVITIES AS EARLY IN FY06 AS POSSIBLE.  THIS SOW PROVIDES A LIST OF ACTIVITIES THAT ARE NECESSARY TO BEGIN WORK IN FY06 AND THEIR ASSOCIATED DELIVERABLES. THE JUNO MISSION IS A COLLABORATION BETWEEN SOUTHWEST RESEARCH INSTITUTE (SWRI), JPL, LOCKHEED MARTIN (LM), AND A COMPLEMENTARY TEAM OF UNIVERSITIES AND FIELD CENTERS.  THE PRINCIPAL INVESTIGATOR, DR. SCOTT BOLTON, IS AT SOUTHWEST RESEARCH INSTITUTE (SWRI) AND IS RESPONSIBLE TO NASA FOR ALL ASPECTS OF THE MISSION INCLUDING ACHIEVING ALL SCIENTIFIC OBJECTIVES AND MISSION GOALS.  JPL PROVIDES THE PROJECT MANAGER WHO OVERSEES THE DAY-TO-DAY MANAGEMENT OF THE PROJECT AND WILL REPORT TO THE PI. PRINCIPAL INVESTIGATOR (PI) DR. SCOTT BOLTON IS RESPONSIBLE TO NASA FOR MEETING THE SCIENTIFIC OBJECTIVES OF THE JUNO MISSION WITHIN COST AND SCHEDULE.  AS PI, DR. BOLTON HAS DIRECT ACCOUNTABILITY TO THE NASA NEW FRONTIERS PROGRAM OFFICE FOR THE IMPLEMENTATION OF JUNO.  ALL JUNO SCIENCE CO-IS, THE DEPUTY PI AND PROJECT SCIENTIST, THE SCIENCE INVESTIGATION OFFICE MANAGER, THE E/PO EFFORT, THE JUNO ADVISORY BOARD AND THE PM REPORT DIRECTLY TO DR. BOLTON.  THE PI DELEGATES THE DAY-TO-DAY MANAGEMENT OF THE PROJECT TO THE PROJECT MANAGER (PM), RICK GRAMMIER.  THE PROJECT SYSTEM ENGINEER, PAYLOAD MANAGER, FLIGHT SYSTEM MANAGER, MISSION MANAGER, SCIENCE OPS CENTER, BUSINESS MANAGER, LM CONTRACT CTM, AND MISSION ASSURANCE MANAGER ALL REPORT DIRECTLY TO THE PM.",080,NATIONAL AERONAUTICS AND SPACE ADMINISTRATION (NASA),8000,NATIONAL AERONAUTICS AND SPACE ADMINISTRATION,80MSFC,NASA MARSHALL SPACE FLIGHT CENTER,080,NATIONAL AERONAUTICS AND SPACE ADMINISTRATION (NASA),8000,NATIONAL AERONAUTICS AND SPACE ADMINISTRATION,80MSFC,NASA MARSHALL SPACE FLIGHT CENTER,PB11V1KH3KV4,,SOUTHWEST RESEARCH INSTITUTE,SOUTHWEST RESEARCH INSTITUTE,PB11V1KH3KV4,PB11V1KH3KV4,SOUTHWEST RESEARCH INSTITUTE,SOUTHWEST RESEARCH INSTITUTE INC,USA,TX,BEXAR,SAN ANTONIO,TX-20,TX-20,782385100,UNITED STATES,TEXAS,BEXAR,TX-20,TX-20,782385100,,,AR22,R&D- SPACE: SCIENCE/APPLICATIONS (APPLIED RESEARCH/EXPLORATORY DEVELOPMENT),541710,"RESEARCH AND DEVELOPMENT IN THE PHYSICAL, ENGINEERING, AND LIFE SCIENCES",,,https://www.usaspending.gov/award/CONT_AWD_NNM06AA75C_8000_-NONE-_-NONE-/,2024-07-29
National Aeronautics and Space Administration,National Aeronautics and Space Administration,FY2024P09,,080,2023,2024,,0120,000,080-2023/2024-0120-000,"Science, National Aeronautics and Space Administration",National Aeronautics and Space Administration,,"General Science, Space, and Technology","Space flight, research, and supporting activities",080-0120,"Science, National Aeronautics and Space Administration",0001,SCIENCE (DIRECT),25.5,Research and development contracts,D,Q,Not Designated Nonemergency/Emergency/Disaster/Wildfire Suppression,-7609.00,,,,CONT_AWD_NNM06AA75C_8000_-NONE-_-NONE-,NNM06AA75C,,,,2006-02-23,2006,2025-09-05,2025,2006-02-23,2026-08-31,,D,DEFINITIVE CONTRACT,,,"THE NATIONAL AERONAUTICS AND SPACE ADMINISTRATION HAS SELECTED JUNO NEW FRONTIERS MISSION UNDER THE DIRECTION OF PRINCIPAL INVESTIGATOR (PI) DR. SCOTT BOLTON TO CONTINUE DEVELOPMENT WITH THE EXPECTATION THAT THE JUNO MISSION WILL ENTER PHASE B IN EARLY FISCAL YEAR 2006.  THE JUNO MISSION WILL BE MANAGED BY THE MARSHALL SPACE FLIGHT CENTER, NEW FRONTIERS PROGRAM OFFICE.  KEY JUNO TEAM MEMBERS INCLUDE DR. BOLTON'S HOME INSTITUTION, THE SOUTHWEST RESEARCH INSTITUTE (SWRI), THE JUNO IMPLEMENTATION TEAM LEADER JET PROPULSION LABORATORY (JPL) AND THE SPACECRAFT BUS PROVIDER THE LOCKHEED MARTIN SPACE SYSTEMS DIVISION (LM/SS).   THE PI'S TEAM AT SWRI NEEDS TO BEGIN WORK ON A SUBSET OF PHASE B ACTIVITIES AS EARLY IN FY06 AS POSSIBLE.  THIS SOW PROVIDES A LIST OF ACTIVITIES THAT ARE NECESSARY TO BEGIN WORK IN FY06 AND THEIR ASSOCIATED DELIVERABLES. THE JUNO MISSION IS A COLLABORATION BETWEEN SOUTHWEST RESEARCH INSTITUTE (SWRI), JPL, LOCKHEED MARTIN (LM), AND A COMPLEMENTARY TEAM OF UNIVERSITIES AND FIELD CENTERS.  THE PRINCIPAL INVESTIGATOR, DR. SCOTT BOLTON, IS AT SOUTHWEST RESEARCH INSTITUTE (SWRI) AND IS RESPONSIBLE TO NASA FOR ALL ASPECTS OF THE MISSION INCLUDING ACHIEVING ALL SCIENTIFIC OBJECTIVES AND MISSION GOALS.  JPL PROVIDES THE PROJECT MANAGER WHO OVERSEES THE DAY-TO-DAY MANAGEMENT OF THE PROJECT AND WILL REPORT TO THE PI. PRINCIPAL INVESTIGATOR (PI) DR. SCOTT BOLTON IS RESPONSIBLE TO NASA FOR MEETING THE SCIENTIFIC OBJECTIVES OF THE JUNO MISSION WITHIN COST AND SCHEDULE.  AS PI, DR. BOLTON HAS DIRECT ACCOUNTABILITY TO THE NASA NEW FRONTIERS PROGRAM OFFICE FOR THE IMPLEMENTATION OF JUNO.  ALL JUNO SCIENCE CO-IS, THE DEPUTY PI AND PROJECT SCIENTIST, THE SCIENCE INVESTIGATION OFFICE MANAGER, THE E/PO EFFORT, THE JUNO ADVISORY BOARD AND THE PM REPORT DIRECTLY TO DR. BOLTON.  THE PI DELEGATES THE DAY-TO-DAY MANAGEMENT OF THE PROJECT TO THE PROJECT MANAGER (PM), RICK GRAMMIER.  THE PROJECT SYSTEM ENGINEER, PAYLOAD MANAGER, FLIGHT SYSTEM MANAGER, MISSION MANAGER, SCIENCE OPS CENTER, BUSINESS MANAGER, LM CONTRACT CTM, AND MISSION ASSURANCE MANAGER ALL REPORT DIRECTLY TO THE PM.",080,NATIONAL AERONAUTICS AND SPACE ADMINISTRATION (NASA),8000,NATIONAL AERONAUTICS AND SPACE ADMINISTRATION,80MSFC,NASA MARSHALL SPACE FLIGHT CENTER,080,NATIONAL AERONAUTICS AND SPACE ADMINISTRATION (NASA),8000,NATIONAL AERONAUTICS AND SPACE ADMINISTRATION,80MSFC,NASA MARSHALL SPACE FLIGHT CENTER,PB11V1KH3KV4,,SOUTHWEST RESEARCH INSTITUTE,SOUTHWEST RESEARCH INSTITUTE,PB11V1KH3KV4,PB11V1KH3KV4,SOUTHWEST RESEARCH INSTITUTE,SOUTHWEST RESEARCH INSTITUTE INC,USA,TX,BEXAR,SAN ANTONIO,TX-20,TX-20,782385100,UNITED STATES,TEXAS,BEXAR,TX-20,TX-20,782385100,,,AR22,R&D- SPACE: SCIENCE/APPLICATIONS (APPLIED RESEARCH/EXPLORATORY DEVELOPMENT),541710,"RESEARCH AND DEVELOPMENT IN THE PHYSICAL, ENGINEERING, AND LIFE SCIENCES",,,https://www.usaspending.gov/award/CONT_AWD_NNM06AA75C_8000_-NONE-_-NONE-/,2024-07-29
National Aeronautics and Space Administration,National Aeronautics and Space Administration,FY2024P09,,080,2023,2024,,0120,000,080-2023/2024-0120-000,"Science, National Aeronautics and Space Administration",National Aeronautics and Space Administration,,"General Science, Space, and Technology","Space flight, research, and supporting activities",080-0120,"Science, National Aeronautics and Space Administration",0001,SCIENCE (DIRECT),25.5,Research and development contracts,D,Q,Not Designated Nonemergency/Emergency/Disaster/Wildfire Suppression,7609.00,,,,CONT_AWD_NNM06AA75C_8000_-NONE-_-NONE-,NNM06AA75C,,,,2006-02-23,2006,2025-09-05,2025,2006-02-23,2026-08-31,,D,DEFINITIVE CONTRACT,,,"THE NATIONAL AERONAUTICS AND SPACE ADMINISTRATION HAS SELECTED JUNO NEW FRONTIERS MISSION UNDER THE DIRECTION OF PRINCIPAL INVESTIGATOR (PI) DR. SCOTT BOLTON TO CONTINUE DEVELOPMENT WITH THE EXPECTATION THAT THE JUNO MISSION WILL ENTER PHASE B IN EARLY FISCAL YEAR 2006.  THE JUNO MISSION WILL BE MANAGED BY THE MARSHALL SPACE FLIGHT CENTER, NEW FRONTIERS PROGRAM OFFICE.  KEY JUNO TEAM MEMBERS INCLUDE DR. BOLTON'S HOME INSTITUTION, THE SOUTHWEST RESEARCH INSTITUTE (SWRI), THE JUNO IMPLEMENTATION TEAM LEADER JET PROPULSION LABORATORY (JPL) AND THE SPACECRAFT BUS PROVIDER THE LOCKHEED MARTIN SPACE SYSTEMS DIVISION (LM/SS).   THE PI'S TEAM AT SWRI NEEDS TO BEGIN WORK ON A SUBSET OF PHASE B ACTIVITIES AS EARLY IN FY06 AS POSSIBLE.  THIS SOW PROVIDES A LIST OF ACTIVITIES THAT ARE NECESSARY TO BEGIN WORK IN FY06 AND THEIR ASSOCIATED DELIVERABLES. THE JUNO MISSION IS A COLLABORATION BETWEEN SOUTHWEST RESEARCH INSTITUTE (SWRI), JPL, LOCKHEED MARTIN (LM), AND A COMPLEMENTARY TEAM OF UNIVERSITIES AND FIELD CENTERS.  THE PRINCIPAL INVESTIGATOR, DR. SCOTT BOLTON, IS AT SOUTHWEST RESEARCH INSTITUTE (SWRI) AND IS RESPONSIBLE TO NASA FOR ALL ASPECTS OF THE MISSION INCLUDING ACHIEVING ALL SCIENTIFIC OBJECTIVES AND MISSION GOALS.  JPL PROVIDES THE PROJECT MANAGER WHO OVERSEES THE DAY-TO-DAY MANAGEMENT OF THE PROJECT AND WILL REPORT TO THE PI. PRINCIPAL INVESTIGATOR (PI) DR. SCOTT BOLTON IS RESPONSIBLE TO NASA FOR MEETING THE SCIENTIFIC OBJECTIVES OF THE JUNO MISSION WITHIN COST AND SCHEDULE.  AS PI, DR. BOLTON HAS DIRECT ACCOUNTABILITY TO THE NASA NEW FRONTIERS PROGRAM OFFICE FOR THE IMPLEMENTATION OF JUNO.  ALL JUNO SCIENCE CO-IS, THE DEPUTY PI AND PROJECT SCIENTIST, THE SCIENCE INVESTIGATION OFFICE MANAGER, THE E/PO EFFORT, THE JUNO ADVISORY BOARD AND THE PM REPORT DIRECTLY TO DR. BOLTON.  THE PI DELEGATES THE DAY-TO-DAY MANAGEMENT OF THE PROJECT TO THE PROJECT MANAGER (PM), RICK GRAMMIER.  THE PROJECT SYSTEM ENGINEER, PAYLOAD MANAGER, FLIGHT SYSTEM MANAGER, MISSION MANAGER, SCIENCE OPS CENTER, BUSINESS MANAGER, LM CONTRACT CTM, AND MISSION ASSURANCE MANAGER ALL REPORT DIRECTLY TO THE PM.",080,NATIONAL AERONAUTICS AND SPACE ADMINISTRATION (NASA),8000,NATIONAL AERONAUTICS AND SPACE ADMINISTRATION,80MSFC,NASA MARSHALL SPACE FLIGHT CENTER,080,NATIONAL AERONAUTICS AND SPACE ADMINISTRATION (NASA),8000,NATIONAL AERONAUTICS AND SPACE ADMINISTRATION,80MSFC,NASA MARSHALL SPACE FLIGHT CENTER,PB11V1KH3KV4,,SOUTHWEST RESEARCH INSTITUTE,SOUTHWEST RESEARCH INSTITUTE,PB11V1KH3KV4,PB11V1KH3KV4,SOUTHWEST RESEARCH INSTITUTE,SOUTHWEST RESEARCH INSTITUTE INC,USA,TX,BEXAR,SAN ANTONIO,TX-20,TX-20,782385100,UNITED STATES,TEXAS,BEXAR,TX-20,TX-20,782385100,,,AR22,R&D- SPACE: SCIENCE/APPLICATIONS (APPLIED RESEARCH/EXPLORATORY DEVELOPMENT),541710,"RESEARCH AND DEVELOPMENT IN THE PHYSICAL, ENGINEERING, AND LIFE SCIENCES",,,https://www.usaspending.gov/award/CONT_AWD_NNM06AA75C_8000_-NONE-_-NONE-/,2024-07-29
National Aeronautics and Space Administration,National Aeronautics and Space Administration,FY2024P10,,080,2023,2024,,0120,000,080-2023/2024-0120-000,"Science, National Aeronautics and Space Administration",National Aeronautics and Space Administration,,"General Science, Space, and Technology","Space flight, research, and supporting activities",080-0120,"Science, National Aeronautics and Space Administration",0001,SCIENCE (DIRECT),25.5,Research and development contracts,D,Q,Not Designated Nonemergency/Emergency/Disaster/Wildfire Suppression,,8817216.89,,,CONT_AWD_NNM06AA75C_8000_-NONE-_-NONE-,NNM06AA75C,,,,2006-02-23,2006,2025-09-05,2025,2006-02-23,2026-08-31,,D,DEFINITIVE CONTRACT,,,"THE NATIONAL AERONAUTICS AND SPACE ADMINISTRATION HAS SELECTED JUNO NEW FRONTIERS MISSION UNDER THE DIRECTION OF PRINCIPAL INVESTIGATOR (PI) DR. SCOTT BOLTON TO CONTINUE DEVELOPMENT WITH THE EXPECTATION THAT THE JUNO MISSION WILL ENTER PHASE B IN EARLY FISCAL YEAR 2006.  THE JUNO MISSION WILL BE MANAGED BY THE MARSHALL SPACE FLIGHT CENTER, NEW FRONTIERS PROGRAM OFFICE.  KEY JUNO TEAM MEMBERS INCLUDE DR. BOLTON'S HOME INSTITUTION, THE SOUTHWEST RESEARCH INSTITUTE (SWRI), THE JUNO IMPLEMENTATION TEAM LEADER JET PROPULSION LABORATORY (JPL) AND THE SPACECRAFT BUS PROVIDER THE LOCKHEED MARTIN SPACE SYSTEMS DIVISION (LM/SS).   THE PI'S TEAM AT SWRI NEEDS TO BEGIN WORK ON A SUBSET OF PHASE B ACTIVITIES AS EARLY IN FY06 AS POSSIBLE.  THIS SOW PROVIDES A LIST OF ACTIVITIES THAT ARE NECESSARY TO BEGIN WORK IN FY06 AND THEIR ASSOCIATED DELIVERABLES. THE JUNO MISSION IS A COLLABORATION BETWEEN SOUTHWEST RESEARCH INSTITUTE (SWRI), JPL, LOCKHEED MARTIN (LM), AND A COMPLEMENTARY TEAM OF UNIVERSITIES AND FIELD CENTERS.  THE PRINCIPAL INVESTIGATOR, DR. SCOTT BOLTON, IS AT SOUTHWEST RESEARCH INSTITUTE (SWRI) AND IS RESPONSIBLE TO NASA FOR ALL ASPECTS OF THE MISSION INCLUDING ACHIEVING ALL SCIENTIFIC OBJECTIVES AND MISSION GOALS.  JPL PROVIDES THE PROJECT MANAGER WHO OVERSEES THE DAY-TO-DAY MANAGEMENT OF THE PROJECT AND WILL REPORT TO THE PI. PRINCIPAL INVESTIGATOR (PI) DR. SCOTT BOLTON IS RESPONSIBLE TO NASA FOR MEETING THE SCIENTIFIC OBJECTIVES OF THE JUNO MISSION WITHIN COST AND SCHEDULE.  AS PI, DR. BOLTON HAS DIRECT ACCOUNTABILITY TO THE NASA NEW FRONTIERS PROGRAM OFFICE FOR THE IMPLEMENTATION OF JUNO.  ALL JUNO SCIENCE CO-IS, THE DEPUTY PI AND PROJECT SCIENTIST, THE SCIENCE INVESTIGATION OFFICE MANAGER, THE E/PO EFFORT, THE JUNO ADVISORY BOARD AND THE PM REPORT DIRECTLY TO DR. BOLTON.  THE PI DELEGATES THE DAY-TO-DAY MANAGEMENT OF THE PROJECT TO THE PROJECT MANAGER (PM), RICK GRAMMIER.  THE PROJECT SYSTEM ENGINEER, PAYLOAD MANAGER, FLIGHT SYSTEM MANAGER, MISSION MANAGER, SCIENCE OPS CENTER, BUSINESS MANAGER, LM CONTRACT CTM, AND MISSION ASSURANCE MANAGER ALL REPORT DIRECTLY TO THE PM.",080,NATIONAL AERONAUTICS AND SPACE ADMINISTRATION (NASA),8000,NATIONAL AERONAUTICS AND SPACE ADMINISTRATION,80MSFC,NASA MARSHALL SPACE FLIGHT CENTER,080,NATIONAL AERONAUTICS AND SPACE ADMINISTRATION (NASA),8000,NATIONAL AERONAUTICS AND SPACE ADMINISTRATION,80MSFC,NASA MARSHALL SPACE FLIGHT CENTER,PB11V1KH3KV4,,SOUTHWEST RESEARCH INSTITUTE,SOUTHWEST RESEARCH INSTITUTE,PB11V1KH3KV4,PB11V1KH3KV4,SOUTHWEST RESEARCH INSTITUTE,SOUTHWEST RESEARCH INSTITUTE INC,USA,TX,BEXAR,SAN ANTONIO,TX-20,TX-20,782385100,UNITED STATES,TEXAS,BEXAR,TX-20,TX-20,782385100,,,AR22,R&D- SPACE: SCIENCE/APPLICATIONS (APPLIED RESEARCH/EXPLORATORY DEVELOPMENT),541710,"RESEARCH AND DEVELOPMENT IN THE PHYSICAL, ENGINEERING, AND LIFE SCIENCES",,,https://www.usaspending.gov/award/CONT_AWD_NNM06AA75C_8000_-NONE-_-NONE-/,2024-08-26
National Aeronautics and Space Administration,National Aeronautics and Space Administration,FY2024P11,,080,2023,2024,,0120,000,080-2023/2024-0120-000,"Science, National Aeronautics and Space Administration",National Aeronautics and Space Administration,,"General Science, Space, and Technology","Space flight, research, and supporting activities",080-0120,"Science, National Aeronautics and Space Administration",0001,SCIENCE (DIRECT),25.5,Research and development contracts,D,Q,Not Designated Nonemergency/Emergency/Disaster/Wildfire Suppression,,8966104.53,,,CONT_AWD_NNM06AA75C_8000_-NONE-_-NONE-,NNM06AA75C,,,,2006-02-23,2006,2025-09-05,2025,2006-02-23,2026-08-31,,D,DEFINITIVE CONTRACT,,,"THE NATIONAL AERONAUTICS AND SPACE ADMINISTRATION HAS SELECTED JUNO NEW FRONTIERS MISSION UNDER THE DIRECTION OF PRINCIPAL INVESTIGATOR (PI) DR. SCOTT BOLTON TO CONTINUE DEVELOPMENT WITH THE EXPECTATION THAT THE JUNO MISSION WILL ENTER PHASE B IN EARLY FISCAL YEAR 2006.  THE JUNO MISSION WILL BE MANAGED BY THE MARSHALL SPACE FLIGHT CENTER, NEW FRONTIERS PROGRAM OFFICE.  KEY JUNO TEAM MEMBERS INCLUDE DR. BOLTON'S HOME INSTITUTION, THE SOUTHWEST RESEARCH INSTITUTE (SWRI), THE JUNO IMPLEMENTATION TEAM LEADER JET PROPULSION LABORATORY (JPL) AND THE SPACECRAFT BUS PROVIDER THE LOCKHEED MARTIN SPACE SYSTEMS DIVISION (LM/SS).   THE PI'S TEAM AT SWRI NEEDS TO BEGIN WORK ON A SUBSET OF PHASE B ACTIVITIES AS EARLY IN FY06 AS POSSIBLE.  THIS SOW PROVIDES A LIST OF ACTIVITIES THAT ARE NECESSARY TO BEGIN WORK IN FY06 AND THEIR ASSOCIATED DELIVERABLES. THE JUNO MISSION IS A COLLABORATION BETWEEN SOUTHWEST RESEARCH INSTITUTE (SWRI), JPL, LOCKHEED MARTIN (LM), AND A COMPLEMENTARY TEAM OF UNIVERSITIES AND FIELD CENTERS.  THE PRINCIPAL INVESTIGATOR, DR. SCOTT BOLTON, IS AT SOUTHWEST RESEARCH INSTITUTE (SWRI) AND IS RESPONSIBLE TO NASA FOR ALL ASPECTS OF THE MISSION INCLUDING ACHIEVING ALL SCIENTIFIC OBJECTIVES AND MISSION GOALS.  JPL PROVIDES THE PROJECT MANAGER WHO OVERSEES THE DAY-TO-DAY MANAGEMENT OF THE PROJECT AND WILL REPORT TO THE PI. PRINCIPAL INVESTIGATOR (PI) DR. SCOTT BOLTON IS RESPONSIBLE TO NASA FOR MEETING THE SCIENTIFIC OBJECTIVES OF THE JUNO MISSION WITHIN COST AND SCHEDULE.  AS PI, DR. BOLTON HAS DIRECT ACCOUNTABILITY TO THE NASA NEW FRONTIERS PROGRAM OFFICE FOR THE IMPLEMENTATION OF JUNO.  ALL JUNO SCIENCE CO-IS, THE DEPUTY PI AND PROJECT SCIENTIST, THE SCIENCE INVESTIGATION OFFICE MANAGER, THE E/PO EFFORT, THE JUNO ADVISORY BOARD AND THE PM REPORT DIRECTLY TO DR. BOLTON.  THE PI DELEGATES THE DAY-TO-DAY MANAGEMENT OF THE PROJECT TO THE PROJECT MANAGER (PM), RICK GRAMMIER.  THE PROJECT SYSTEM ENGINEER, PAYLOAD MANAGER, FLIGHT SYSTEM MANAGER, MISSION MANAGER, SCIENCE OPS CENTER, BUSINESS MANAGER, LM CONTRACT CTM, AND MISSION ASSURANCE MANAGER ALL REPORT DIRECTLY TO THE PM.",080,NATIONAL AERONAUTICS AND SPACE ADMINISTRATION (NASA),8000,NATIONAL AERONAUTICS AND SPACE ADMINISTRATION,80MSFC,NASA MARSHALL SPACE FLIGHT CENTER,080,NATIONAL AERONAUTICS AND SPACE ADMINISTRATION (NASA),8000,NATIONAL AERONAUTICS AND SPACE ADMINISTRATION,80MSFC,NASA MARSHALL SPACE FLIGHT CENTER,PB11V1KH3KV4,,SOUTHWEST RESEARCH INSTITUTE,SOUTHWEST RESEARCH INSTITUTE,PB11V1KH3KV4,PB11V1KH3KV4,SOUTHWEST RESEARCH INSTITUTE,SOUTHWEST RESEARCH INSTITUTE INC,USA,TX,BEXAR,SAN ANTONIO,TX-20,TX-20,782385100,UNITED STATES,TEXAS,BEXAR,TX-20,TX-20,782385100,,,AR22,R&D- SPACE: SCIENCE/APPLICATIONS (APPLIED RESEARCH/EXPLORATORY DEVELOPMENT),541710,"RESEARCH AND DEVELOPMENT IN THE PHYSICAL, ENGINEERING, AND LIFE SCIENCES",,,https://www.usaspending.gov/award/CONT_AWD_NNM06AA75C_8000_-NONE-_-NONE-/,2024-09-30
National Aeronautics and Space Administration,National Aeronautics and Space Administration,FY2024P11,,080,2024,2025,,0120,000,080-2024/2025-0120-000,"Science, National Aeronautics and Space Administration",National Aeronautics and Space Administration,,"General Science, Space, and Technology","Space flight, research, and supporting activities",080-0120,"Science, National Aeronautics and Space Administration",0001,SCIENCE (DIRECT),25.5,Research and development contracts,D,Q,Not Designated Nonemergency/Emergency/Disaster/Wildfire Suppression,,2109664.09,,,CONT_AWD_NNM06AA75C_8000_-NONE-_-NONE-,NNM06AA75C,,,,2006-02-23,2006,2025-09-05,2025,2006-02-23,2026-08-31,,D,DEFINITIVE CONTRACT,,,"THE NATIONAL AERONAUTICS AND SPACE ADMINISTRATION HAS SELECTED JUNO NEW FRONTIERS MISSION UNDER THE DIRECTION OF PRINCIPAL INVESTIGATOR (PI) DR. SCOTT BOLTON TO CONTINUE DEVELOPMENT WITH THE EXPECTATION THAT THE JUNO MISSION WILL ENTER PHASE B IN EARLY FISCAL YEAR 2006.  THE JUNO MISSION WILL BE MANAGED BY THE MARSHALL SPACE FLIGHT CENTER, NEW FRONTIERS PROGRAM OFFICE.  KEY JUNO TEAM MEMBERS INCLUDE DR. BOLTON'S HOME INSTITUTION, THE SOUTHWEST RESEARCH INSTITUTE (SWRI), THE JUNO IMPLEMENTATION TEAM LEADER JET PROPULSION LABORATORY (JPL) AND THE SPACECRAFT BUS PROVIDER THE LOCKHEED MARTIN SPACE SYSTEMS DIVISION (LM/SS).   THE PI'S TEAM AT SWRI NEEDS TO BEGIN WORK ON A SUBSET OF PHASE B ACTIVITIES AS EARLY IN FY06 AS POSSIBLE.  THIS SOW PROVIDES A LIST OF ACTIVITIES THAT ARE NECESSARY TO BEGIN WORK IN FY06 AND THEIR ASSOCIATED DELIVERABLES. THE JUNO MISSION IS A COLLABORATION BETWEEN SOUTHWEST RESEARCH INSTITUTE (SWRI), JPL, LOCKHEED MARTIN (LM), AND A COMPLEMENTARY TEAM OF UNIVERSITIES AND FIELD CENTERS.  THE PRINCIPAL INVESTIGATOR, DR. SCOTT BOLTON, IS AT SOUTHWEST RESEARCH INSTITUTE (SWRI) AND IS RESPONSIBLE TO NASA FOR ALL ASPECTS OF THE MISSION INCLUDING ACHIEVING ALL SCIENTIFIC OBJECTIVES AND MISSION GOALS.  JPL PROVIDES THE PROJECT MANAGER WHO OVERSEES THE DAY-TO-DAY MANAGEMENT OF THE PROJECT AND WILL REPORT TO THE PI. PRINCIPAL INVESTIGATOR (PI) DR. SCOTT BOLTON IS RESPONSIBLE TO NASA FOR MEETING THE SCIENTIFIC OBJECTIVES OF THE JUNO MISSION WITHIN COST AND SCHEDULE.  AS PI, DR. BOLTON HAS DIRECT ACCOUNTABILITY TO THE NASA NEW FRONTIERS PROGRAM OFFICE FOR THE IMPLEMENTATION OF JUNO.  ALL JUNO SCIENCE CO-IS, THE DEPUTY PI AND PROJECT SCIENTIST, THE SCIENCE INVESTIGATION OFFICE MANAGER, THE E/PO EFFORT, THE JUNO ADVISORY BOARD AND THE PM REPORT DIRECTLY TO DR. BOLTON.  THE PI DELEGATES THE DAY-TO-DAY MANAGEMENT OF THE PROJECT TO THE PROJECT MANAGER (PM), RICK GRAMMIER.  THE PROJECT SYSTEM ENGINEER, PAYLOAD MANAGER, FLIGHT SYSTEM MANAGER, MISSION MANAGER, SCIENCE OPS CENTER, BUSINESS MANAGER, LM CONTRACT CTM, AND MISSION ASSURANCE MANAGER ALL REPORT DIRECTLY TO THE PM.",080,NATIONAL AERONAUTICS AND SPACE ADMINISTRATION (NASA),8000,NATIONAL AERONAUTICS AND SPACE ADMINISTRATION,80MSFC,NASA MARSHALL SPACE FLIGHT CENTER,080,NATIONAL AERONAUTICS AND SPACE ADMINISTRATION (NASA),8000,NATIONAL AERONAUTICS AND SPACE ADMINISTRATION,80MSFC,NASA MARSHALL SPACE FLIGHT CENTER,PB11V1KH3KV4,,SOUTHWEST RESEARCH INSTITUTE,SOUTHWEST RESEARCH INSTITUTE,PB11V1KH3KV4,PB11V1KH3KV4,SOUTHWEST RESEARCH INSTITUTE,SOUTHWEST RESEARCH INSTITUTE INC,USA,TX,BEXAR,SAN ANTONIO,TX-20,TX-20,782385100,UNITED STATES,TEXAS,BEXAR,TX-20,TX-20,782385100,,,AR22,R&D- SPACE: SCIENCE/APPLICATIONS (APPLIED RESEARCH/EXPLORATORY DEVELOPMENT),541710,"RESEARCH AND DEVELOPMENT IN THE PHYSICAL, ENGINEERING, AND LIFE SCIENCES",,,https://www.usaspending.gov/award/CONT_AWD_NNM06AA75C_8000_-NONE-_-NONE-/,2024-09-30
National Aeronautics and Space Administration,National Aeronautics and Space Administration,FY2024P12,,080,2024,2025,,0120,000,080-2024/2025-0120-000,"Science, National Aeronautics and Space Administration",National Aeronautics and Space Administration,,"General Science, Space, and Technology","Space flight, research, and supporting activities",080-0120,"Science, National Aeronautics and Space Administration",0001,SCIENCE (DIRECT),25.5,Research and development contracts,D,Q,Not Designated Nonemergency/Emergency/Disaster/Wildfire Suppression,,2870604.87,,,CONT_AWD_NNM06AA75C_8000_-NONE-_-NONE-,NNM06AA75C,,,,2006-02-23,2006,2025-09-05,2025,2006-02-23,2026-08-31,,D,DEFINITIVE CONTRACT,,,"THE NATIONAL AERONAUTICS AND SPACE ADMINISTRATION HAS SELECTED JUNO NEW FRONTIERS MISSION UNDER THE DIRECTION OF PRINCIPAL INVESTIGATOR (PI) DR. SCOTT BOLTON TO CONTINUE DEVELOPMENT WITH THE EXPECTATION THAT THE JUNO MISSION WILL ENTER PHASE B IN EARLY FISCAL YEAR 2006.  THE JUNO MISSION WILL BE MANAGED BY THE MARSHALL SPACE FLIGHT CENTER, NEW FRONTIERS PROGRAM OFFICE.  KEY JUNO TEAM MEMBERS INCLUDE DR. BOLTON'S HOME INSTITUTION, THE SOUTHWEST RESEARCH INSTITUTE (SWRI), THE JUNO IMPLEMENTATION TEAM LEADER JET PROPULSION LABORATORY (JPL) AND THE SPACECRAFT BUS PROVIDER THE LOCKHEED MARTIN SPACE SYSTEMS DIVISION (LM/SS).   THE PI'S TEAM AT SWRI NEEDS TO BEGIN WORK ON A SUBSET OF PHASE B ACTIVITIES AS EARLY IN FY06 AS POSSIBLE.  THIS SOW PROVIDES A LIST OF ACTIVITIES THAT ARE NECESSARY TO BEGIN WORK IN FY06 AND THEIR ASSOCIATED DELIVERABLES. THE JUNO MISSION IS A COLLABORATION BETWEEN SOUTHWEST RESEARCH INSTITUTE (SWRI), JPL, LOCKHEED MARTIN (LM), AND A COMPLEMENTARY TEAM OF UNIVERSITIES AND FIELD CENTERS.  THE PRINCIPAL INVESTIGATOR, DR. SCOTT BOLTON, IS AT SOUTHWEST RESEARCH INSTITUTE (SWRI) AND IS RESPONSIBLE TO NASA FOR ALL ASPECTS OF THE MISSION INCLUDING ACHIEVING ALL SCIENTIFIC OBJECTIVES AND MISSION GOALS.  JPL PROVIDES THE PROJECT MANAGER WHO OVERSEES THE DAY-TO-DAY MANAGEMENT OF THE PROJECT AND WILL REPORT TO THE PI. PRINCIPAL INVESTIGATOR (PI) DR. SCOTT BOLTON IS RESPONSIBLE TO NASA FOR MEETING THE SCIENTIFIC OBJECTIVES OF THE JUNO MISSION WITHIN COST AND SCHEDULE.  AS PI, DR. BOLTON HAS DIRECT ACCOUNTABILITY TO THE NASA NEW FRONTIERS PROGRAM OFFICE FOR THE IMPLEMENTATION OF JUNO.  ALL JUNO SCIENCE CO-IS, THE DEPUTY PI AND PROJECT SCIENTIST, THE SCIENCE INVESTIGATION OFFICE MANAGER, THE E/PO EFFORT, THE JUNO ADVISORY BOARD AND THE PM REPORT DIRECTLY TO DR. BOLTON.  THE PI DELEGATES THE DAY-TO-DAY MANAGEMENT OF THE PROJECT TO THE PROJECT MANAGER (PM), RICK GRAMMIER.  THE PROJECT SYSTEM ENGINEER, PAYLOAD MANAGER, FLIGHT SYSTEM MANAGER, MISSION MANAGER, SCIENCE OPS CENTER, BUSINESS MANAGER, LM CONTRACT CTM, AND MISSION ASSURANCE MANAGER ALL REPORT DIRECTLY TO THE PM.",080,NATIONAL AERONAUTICS AND SPACE ADMINISTRATION (NASA),8000,NATIONAL AERONAUTICS AND SPACE ADMINISTRATION,80MSFC,NASA MARSHALL SPACE FLIGHT CENTER,080,NATIONAL AERONAUTICS AND SPACE ADMINISTRATION (NASA),8000,NATIONAL AERONAUTICS AND SPACE ADMINISTRATION,80MSFC,NASA MARSHALL SPACE FLIGHT CENTER,PB11V1KH3KV4,,SOUTHWEST RESEARCH INSTITUTE,SOUTHWEST RESEARCH INSTITUTE,PB11V1KH3KV4,PB11V1KH3KV4,SOUTHWEST RESEARCH INSTITUTE,SOUTHWEST RESEARCH INSTITUTE INC,USA,TX,BEXAR,SAN ANTONIO,TX-20,TX-20,782385100,UNITED STATES,TEXAS,BEXAR,TX-20,TX-20,782385100,,,AR22,R&D- SPACE: SCIENCE/APPLICATIONS (APPLIED RESEARCH/EXPLORATORY DEVELOPMENT),541710,"RESEARCH AND DEVELOPMENT IN THE PHYSICAL, ENGINEERING, AND LIFE SCIENCES",,,https://www.usaspending.gov/award/CONT_AWD_NNM06AA75C_8000_-NONE-_-NONE-/,2024-11-07
National Aeronautics and Space Administration,National Aeronautics and Space Administration,FY2024P12,,080,2023,2024,,0120,000,080-2023/2024-0120-000,"Science, National Aeronautics and Space Administration",National Aeronautics and Space Administration,,"General Science, Space, and Technology","Space flight, research, and supporting activities",080-0120,"Science, National Aeronautics and Space Administration",0001,SCIENCE (DIRECT),25.5,Research and development contracts,D,Q,Not Designated Nonemergency/Emergency/Disaster/Wildfire Suppression,,8966104.53,,,CONT_AWD_NNM06AA75C_8000_-NONE-_-NONE-,NNM06AA75C,,,,2006-02-23,2006,2025-09-05,2025,2006-02-23,2026-08-31,,D,DEFINITIVE CONTRACT,,,"THE NATIONAL AERONAUTICS AND SPACE ADMINISTRATION HAS SELECTED JUNO NEW FRONTIERS MISSION UNDER THE DIRECTION OF PRINCIPAL INVESTIGATOR (PI) DR. SCOTT BOLTON TO CONTINUE DEVELOPMENT WITH THE EXPECTATION THAT THE JUNO MISSION WILL ENTER PHASE B IN EARLY FISCAL YEAR 2006.  THE JUNO MISSION WILL BE MANAGED BY THE MARSHALL SPACE FLIGHT CENTER, NEW FRONTIERS PROGRAM OFFICE.  KEY JUNO TEAM MEMBERS INCLUDE DR. BOLTON'S HOME INSTITUTION, THE SOUTHWEST RESEARCH INSTITUTE (SWRI), THE JUNO IMPLEMENTATION TEAM LEADER JET PROPULSION LABORATORY (JPL) AND THE SPACECRAFT BUS PROVIDER THE LOCKHEED MARTIN SPACE SYSTEMS DIVISION (LM/SS).   THE PI'S TEAM AT SWRI NEEDS TO BEGIN WORK ON A SUBSET OF PHASE B ACTIVITIES AS EARLY IN FY06 AS POSSIBLE.  THIS SOW PROVIDES A LIST OF ACTIVITIES THAT ARE NECESSARY TO BEGIN WORK IN FY06 AND THEIR ASSOCIATED DELIVERABLES. THE JUNO MISSION IS A COLLABORATION BETWEEN SOUTHWEST RESEARCH INSTITUTE (SWRI), JPL, LOCKHEED MARTIN (LM), AND A COMPLEMENTARY TEAM OF UNIVERSITIES AND FIELD CENTERS.  THE PRINCIPAL INVESTIGATOR, DR. SCOTT BOLTON, IS AT SOUTHWEST RESEARCH INSTITUTE (SWRI) AND IS RESPONSIBLE TO NASA FOR ALL ASPECTS OF THE MISSION INCLUDING ACHIEVING ALL SCIENTIFIC OBJECTIVES AND MISSION GOALS.  JPL PROVIDES THE PROJECT MANAGER WHO OVERSEES THE DAY-TO-DAY MANAGEMENT OF THE PROJECT AND WILL REPORT TO THE PI. PRINCIPAL INVESTIGATOR (PI) DR. SCOTT BOLTON IS RESPONSIBLE TO NASA FOR MEETING THE SCIENTIFIC OBJECTIVES OF THE JUNO MISSION WITHIN COST AND SCHEDULE.  AS PI, DR. BOLTON HAS DIRECT ACCOUNTABILITY TO THE NASA NEW FRONTIERS PROGRAM OFFICE FOR THE IMPLEMENTATION OF JUNO.  ALL JUNO SCIENCE CO-IS, THE DEPUTY PI AND PROJECT SCIENTIST, THE SCIENCE INVESTIGATION OFFICE MANAGER, THE E/PO EFFORT, THE JUNO ADVISORY BOARD AND THE PM REPORT DIRECTLY TO DR. BOLTON.  THE PI DELEGATES THE DAY-TO-DAY MANAGEMENT OF THE PROJECT TO THE PROJECT MANAGER (PM), RICK GRAMMIER.  THE PROJECT SYSTEM ENGINEER, PAYLOAD MANAGER, FLIGHT SYSTEM MANAGER, MISSION MANAGER, SCIENCE OPS CENTER, BUSINESS MANAGER, LM CONTRACT CTM, AND MISSION ASSURANCE MANAGER ALL REPORT DIRECTLY TO THE PM.",080,NATIONAL AERONAUTICS AND SPACE ADMINISTRATION (NASA),8000,NATIONAL AERONAUTICS AND SPACE ADMINISTRATION,80MSFC,NASA MARSHALL SPACE FLIGHT CENTER,080,NATIONAL AERONAUTICS AND SPACE ADMINISTRATION (NASA),8000,NATIONAL AERONAUTICS AND SPACE ADMINISTRATION,80MSFC,NASA MARSHALL SPACE FLIGHT CENTER,PB11V1KH3KV4,,SOUTHWEST RESEARCH INSTITUTE,SOUTHWEST RESEARCH INSTITUTE,PB11V1KH3KV4,PB11V1KH3KV4,SOUTHWEST RESEARCH INSTITUTE,SOUTHWEST RESEARCH INSTITUTE INC,USA,TX,BEXAR,SAN ANTONIO,TX-20,TX-20,782385100,UNITED STATES,TEXAS,BEXAR,TX-20,TX-20,782385100,,,AR22,R&D- SPACE: SCIENCE/APPLICATIONS (APPLIED RESEARCH/EXPLORATORY DEVELOPMENT),541710,"RESEARCH AND DEVELOPMENT IN THE PHYSICAL, ENGINEERING, AND LIFE SCIENCES",,,https://www.usaspending.gov/award/CONT_AWD_NNM06AA75C_8000_-NONE-_-NONE-/,2024-11-07
National Aeronautics and Space Administration,National Aeronautics and Space Administration,FY2025P02,,080,2024,2025,,0120,000,080-2024/2025-0120-000,"Science, National Aeronautics and Space Administration",National Aeronautics and Space Administration,,"General Science, Space, and Technology","Space flight, research, and supporting activities",080-0120,"Science, National Aeronautics and Space Administration",0001,SCIENCE (DIRECT),25.5,Research and development contracts,D,Q,Not Designated Nonemergency/Emergency/Disaster/Wildfire Suppression,,780558.89,0.00,0.00,CONT_AWD_NNM06AA75C_8000_-NONE-_-NONE-,NNM06AA75C,,,,2006-02-23,2006,2025-09-05,2025,2006-02-23,2026-08-31,,D,DEFINITIVE CONTRACT,,,"THE NATIONAL AERONAUTICS AND SPACE ADMINISTRATION HAS SELECTED JUNO NEW FRONTIERS MISSION UNDER THE DIRECTION OF PRINCIPAL INVESTIGATOR (PI) DR. SCOTT BOLTON TO CONTINUE DEVELOPMENT WITH THE EXPECTATION THAT THE JUNO MISSION WILL ENTER PHASE B IN EARLY FISCAL YEAR 2006.  THE JUNO MISSION WILL BE MANAGED BY THE MARSHALL SPACE FLIGHT CENTER, NEW FRONTIERS PROGRAM OFFICE.  KEY JUNO TEAM MEMBERS INCLUDE DR. BOLTON'S HOME INSTITUTION, THE SOUTHWEST RESEARCH INSTITUTE (SWRI), THE JUNO IMPLEMENTATION TEAM LEADER JET PROPULSION LABORATORY (JPL) AND THE SPACECRAFT BUS PROVIDER THE LOCKHEED MARTIN SPACE SYSTEMS DIVISION (LM/SS).   THE PI'S TEAM AT SWRI NEEDS TO BEGIN WORK ON A SUBSET OF PHASE B ACTIVITIES AS EARLY IN FY06 AS POSSIBLE.  THIS SOW PROVIDES A LIST OF ACTIVITIES THAT ARE NECESSARY TO BEGIN WORK IN FY06 AND THEIR ASSOCIATED DELIVERABLES. THE JUNO MISSION IS A COLLABORATION BETWEEN SOUTHWEST RESEARCH INSTITUTE (SWRI), JPL, LOCKHEED MARTIN (LM), AND A COMPLEMENTARY TEAM OF UNIVERSITIES AND FIELD CENTERS.  THE PRINCIPAL INVESTIGATOR, DR. SCOTT BOLTON, IS AT SOUTHWEST RESEARCH INSTITUTE (SWRI) AND IS RESPONSIBLE TO NASA FOR ALL ASPECTS OF THE MISSION INCLUDING ACHIEVING ALL SCIENTIFIC OBJECTIVES AND MISSION GOALS.  JPL PROVIDES THE PROJECT MANAGER WHO OVERSEES THE DAY-TO-DAY MANAGEMENT OF THE PROJECT AND WILL REPORT TO THE PI. PRINCIPAL INVESTIGATOR (PI) DR. SCOTT BOLTON IS RESPONSIBLE TO NASA FOR MEETING THE SCIENTIFIC OBJECTIVES OF THE JUNO MISSION WITHIN COST AND SCHEDULE.  AS PI, DR. BOLTON HAS DIRECT ACCOUNTABILITY TO THE NASA NEW FRONTIERS PROGRAM OFFICE FOR THE IMPLEMENTATION OF JUNO.  ALL JUNO SCIENCE CO-IS, THE DEPUTY PI AND PROJECT SCIENTIST, THE SCIENCE INVESTIGATION OFFICE MANAGER, THE E/PO EFFORT, THE JUNO ADVISORY BOARD AND THE PM REPORT DIRECTLY TO DR. BOLTON.  THE PI DELEGATES THE DAY-TO-DAY MANAGEMENT OF THE PROJECT TO THE PROJECT MANAGER (PM), RICK GRAMMIER.  THE PROJECT SYSTEM ENGINEER, PAYLOAD MANAGER, FLIGHT SYSTEM MANAGER, MISSION MANAGER, SCIENCE OPS CENTER, BUSINESS MANAGER, LM CONTRACT CTM, AND MISSION ASSURANCE MANAGER ALL REPORT DIRECTLY TO THE PM.",080,NATIONAL AERONAUTICS AND SPACE ADMINISTRATION (NASA),8000,NATIONAL AERONAUTICS AND SPACE ADMINISTRATION,80MSFC,NASA MARSHALL SPACE FLIGHT CENTER,080,NATIONAL AERONAUTICS AND SPACE ADMINISTRATION (NASA),8000,NATIONAL AERONAUTICS AND SPACE ADMINISTRATION,80MSFC,NASA MARSHALL SPACE FLIGHT CENTER,PB11V1KH3KV4,,SOUTHWEST RESEARCH INSTITUTE,SOUTHWEST RESEARCH INSTITUTE,PB11V1KH3KV4,PB11V1KH3KV4,SOUTHWEST RESEARCH INSTITUTE,SOUTHWEST RESEARCH INSTITUTE INC,USA,TX,BEXAR,SAN ANTONIO,TX-20,TX-20,782385100,UNITED STATES,TEXAS,BEXAR,TX-20,TX-20,782385100,,,AR22,R&D- SPACE: SCIENCE/APPLICATIONS (APPLIED RESEARCH/EXPLORATORY DEVELOPMENT),541710,"RESEARCH AND DEVELOPMENT IN THE PHYSICAL, ENGINEERING, AND LIFE SCIENCES",,,https://www.usaspending.gov/award/CONT_AWD_NNM06AA75C_8000_-NONE-_-NONE-/,2024-12-20
National Aeronautics and Space Administration,National Aeronautics and Space Administration,FY2025P03,,080,2024,2025,,0120,000,080-2024/2025-0120-000,"Science, National Aeronautics and Space Administration",National Aeronautics and Space Administration,,"General Science, Space, and Technology","Space flight, research, and supporting activities",080-0120,"Science, National Aeronautics and Space Administration",0001,SCIENCE (DIRECT),25.5,Research and development contracts,D,Q,Not Designated Nonemergency/Emergency/Disaster/Wildfire Suppression,,1430779.41,0.00,0.00,CONT_AWD_NNM06AA75C_8000_-NONE-_-NONE-,NNM06AA75C,,,,2006-02-23,2006,2025-09-05,2025,2006-02-23,2026-08-31,,D,DEFINITIVE CONTRACT,,,"THE NATIONAL AERONAUTICS AND SPACE ADMINISTRATION HAS SELECTED JUNO NEW FRONTIERS MISSION UNDER THE DIRECTION OF PRINCIPAL INVESTIGATOR (PI) DR. SCOTT BOLTON TO CONTINUE DEVELOPMENT WITH THE EXPECTATION THAT THE JUNO MISSION WILL ENTER PHASE B IN EARLY FISCAL YEAR 2006.  THE JUNO MISSION WILL BE MANAGED BY THE MARSHALL SPACE FLIGHT CENTER, NEW FRONTIERS PROGRAM OFFICE.  KEY JUNO TEAM MEMBERS INCLUDE DR. BOLTON'S HOME INSTITUTION, THE SOUTHWEST RESEARCH INSTITUTE (SWRI), THE JUNO IMPLEMENTATION TEAM LEADER JET PROPULSION LABORATORY (JPL) AND THE SPACECRAFT BUS PROVIDER THE LOCKHEED MARTIN SPACE SYSTEMS DIVISION (LM/SS).   THE PI'S TEAM AT SWRI NEEDS TO BEGIN WORK ON A SUBSET OF PHASE B ACTIVITIES AS EARLY IN FY06 AS POSSIBLE.  THIS SOW PROVIDES A LIST OF ACTIVITIES THAT ARE NECESSARY TO BEGIN WORK IN FY06 AND THEIR ASSOCIATED DELIVERABLES. THE JUNO MISSION IS A COLLABORATION BETWEEN SOUTHWEST RESEARCH INSTITUTE (SWRI), JPL, LOCKHEED MARTIN (LM), AND A COMPLEMENTARY TEAM OF UNIVERSITIES AND FIELD CENTERS.  THE PRINCIPAL INVESTIGATOR, DR. SCOTT BOLTON, IS AT SOUTHWEST RESEARCH INSTITUTE (SWRI) AND IS RESPONSIBLE TO NASA FOR ALL ASPECTS OF THE MISSION INCLUDING ACHIEVING ALL SCIENTIFIC OBJECTIVES AND MISSION GOALS.  JPL PROVIDES THE PROJECT MANAGER WHO OVERSEES THE DAY-TO-DAY MANAGEMENT OF THE PROJECT AND WILL REPORT TO THE PI. PRINCIPAL INVESTIGATOR (PI) DR. SCOTT BOLTON IS RESPONSIBLE TO NASA FOR MEETING THE SCIENTIFIC OBJECTIVES OF THE JUNO MISSION WITHIN COST AND SCHEDULE.  AS PI, DR. BOLTON HAS DIRECT ACCOUNTABILITY TO THE NASA NEW FRONTIERS PROGRAM OFFICE FOR THE IMPLEMENTATION OF JUNO.  ALL JUNO SCIENCE CO-IS, THE DEPUTY PI AND PROJECT SCIENTIST, THE SCIENCE INVESTIGATION OFFICE MANAGER, THE E/PO EFFORT, THE JUNO ADVISORY BOARD AND THE PM REPORT DIRECTLY TO DR. BOLTON.  THE PI DELEGATES THE DAY-TO-DAY MANAGEMENT OF THE PROJECT TO THE PROJECT MANAGER (PM), RICK GRAMMIER.  THE PROJECT SYSTEM ENGINEER, PAYLOAD MANAGER, FLIGHT SYSTEM MANAGER, MISSION MANAGER, SCIENCE OPS CENTER, BUSINESS MANAGER, LM CONTRACT CTM, AND MISSION ASSURANCE MANAGER ALL REPORT DIRECTLY TO THE PM.",080,NATIONAL AERONAUTICS AND SPACE ADMINISTRATION (NASA),8000,NATIONAL AERONAUTICS AND SPACE ADMINISTRATION,80MSFC,NASA MARSHALL SPACE FLIGHT CENTER,080,NATIONAL AERONAUTICS AND SPACE ADMINISTRATION (NASA),8000,NATIONAL AERONAUTICS AND SPACE ADMINISTRATION,80MSFC,NASA MARSHALL SPACE FLIGHT CENTER,PB11V1KH3KV4,,SOUTHWEST RESEARCH INSTITUTE,SOUTHWEST RESEARCH INSTITUTE,PB11V1KH3KV4,PB11V1KH3KV4,SOUTHWEST RESEARCH INSTITUTE,SOUTHWEST RESEARCH INSTITUTE INC,USA,TX,BEXAR,SAN ANTONIO,TX-20,TX-20,782385100,UNITED STATES,TEXAS,BEXAR,TX-20,TX-20,782385100,,,AR22,R&D- SPACE: SCIENCE/APPLICATIONS (APPLIED RESEARCH/EXPLORATORY DEVELOPMENT),541710,"RESEARCH AND DEVELOPMENT IN THE PHYSICAL, ENGINEERING, AND LIFE SCIENCES",,,https://www.usaspending.gov/award/CONT_AWD_NNM06AA75C_8000_-NONE-_-NONE-/,2025-01-29
National Aeronautics and Space Administration,National Aeronautics and Space Administration,FY2025P04,,080,2024,2025,,0120,000,080-2024/2025-0120-000,"Science, National Aeronautics and Space Administration",National Aeronautics and Space Administration,,"General Science, Space, and Technology","Space flight, research, and supporting activities",080-0120,"Science, National Aeronautics and Space Administration",0001,SCIENCE (DIRECT),25.5,Research and development contracts,D,Q,Not Designated Nonemergency/Emergency/Disaster/Wildfire Suppression,,2206368.33,0.00,0.00,CONT_AWD_NNM06AA75C_8000_-NONE-_-NONE-,NNM06AA75C,,,,2006-02-23,2006,2025-09-05,2025,2006-02-23,2026-08-31,,D,DEFINITIVE CONTRACT,,,"THE NATIONAL AERONAUTICS AND SPACE ADMINISTRATION HAS SELECTED JUNO NEW FRONTIERS MISSION UNDER THE DIRECTION OF PRINCIPAL INVESTIGATOR (PI) DR. SCOTT BOLTON TO CONTINUE DEVELOPMENT WITH THE EXPECTATION THAT THE JUNO MISSION WILL ENTER PHASE B IN EARLY FISCAL YEAR 2006.  THE JUNO MISSION WILL BE MANAGED BY THE MARSHALL SPACE FLIGHT CENTER, NEW FRONTIERS PROGRAM OFFICE.  KEY JUNO TEAM MEMBERS INCLUDE DR. BOLTON'S HOME INSTITUTION, THE SOUTHWEST RESEARCH INSTITUTE (SWRI), THE JUNO IMPLEMENTATION TEAM LEADER JET PROPULSION LABORATORY (JPL) AND THE SPACECRAFT BUS PROVIDER THE LOCKHEED MARTIN SPACE SYSTEMS DIVISION (LM/SS).   THE PI'S TEAM AT SWRI NEEDS TO BEGIN WORK ON A SUBSET OF PHASE B ACTIVITIES AS EARLY IN FY06 AS POSSIBLE.  THIS SOW PROVIDES A LIST OF ACTIVITIES THAT ARE NECESSARY TO BEGIN WORK IN FY06 AND THEIR ASSOCIATED DELIVERABLES. THE JUNO MISSION IS A COLLABORATION BETWEEN SOUTHWEST RESEARCH INSTITUTE (SWRI), JPL, LOCKHEED MARTIN (LM), AND A COMPLEMENTARY TEAM OF UNIVERSITIES AND FIELD CENTERS.  THE PRINCIPAL INVESTIGATOR, DR. SCOTT BOLTON, IS AT SOUTHWEST RESEARCH INSTITUTE (SWRI) AND IS RESPONSIBLE TO NASA FOR ALL ASPECTS OF THE MISSION INCLUDING ACHIEVING ALL SCIENTIFIC OBJECTIVES AND MISSION GOALS.  JPL PROVIDES THE PROJECT MANAGER WHO OVERSEES THE DAY-TO-DAY MANAGEMENT OF THE PROJECT AND WILL REPORT TO THE PI. PRINCIPAL INVESTIGATOR (PI) DR. SCOTT BOLTON IS RESPONSIBLE TO NASA FOR MEETING THE SCIENTIFIC OBJECTIVES OF THE JUNO MISSION WITHIN COST AND SCHEDULE.  AS PI, DR. BOLTON HAS DIRECT ACCOUNTABILITY TO THE NASA NEW FRONTIERS PROGRAM OFFICE FOR THE IMPLEMENTATION OF JUNO.  ALL JUNO SCIENCE CO-IS, THE DEPUTY PI AND PROJECT SCIENTIST, THE SCIENCE INVESTIGATION OFFICE MANAGER, THE E/PO EFFORT, THE JUNO ADVISORY BOARD AND THE PM REPORT DIRECTLY TO DR. BOLTON.  THE PI DELEGATES THE DAY-TO-DAY MANAGEMENT OF THE PROJECT TO THE PROJECT MANAGER (PM), RICK GRAMMIER.  THE PROJECT SYSTEM ENGINEER, PAYLOAD MANAGER, FLIGHT SYSTEM MANAGER, MISSION MANAGER, SCIENCE OPS CENTER, BUSINESS MANAGER, LM CONTRACT CTM, AND MISSION ASSURANCE MANAGER ALL REPORT DIRECTLY TO THE PM.",080,NATIONAL AERONAUTICS AND SPACE ADMINISTRATION (NASA),8000,NATIONAL AERONAUTICS AND SPACE ADMINISTRATION,80MSFC,NASA MARSHALL SPACE FLIGHT CENTER,080,NATIONAL AERONAUTICS AND SPACE ADMINISTRATION (NASA),8000,NATIONAL AERONAUTICS AND SPACE ADMINISTRATION,80MSFC,NASA MARSHALL SPACE FLIGHT CENTER,PB11V1KH3KV4,,SOUTHWEST RESEARCH INSTITUTE,SOUTHWEST RESEARCH INSTITUTE,PB11V1KH3KV4,PB11V1KH3KV4,SOUTHWEST RESEARCH INSTITUTE,SOUTHWEST RESEARCH INSTITUTE INC,USA,TX,BEXAR,SAN ANTONIO,TX-20,TX-20,782385100,UNITED STATES,TEXAS,BEXAR,TX-20,TX-20,782385100,,,AR22,R&D- SPACE: SCIENCE/APPLICATIONS (APPLIED RESEARCH/EXPLORATORY DEVELOPMENT),541710,"RESEARCH AND DEVELOPMENT IN THE PHYSICAL, ENGINEERING, AND LIFE SCIENCES",,,https://www.usaspending.gov/award/CONT_AWD_NNM06AA75C_8000_-NONE-_-NONE-/,2025-02-28
National Aeronautics and Space Administration,National Aeronautics and Space Administration,FY2025P05,,080,2024,2025,,0120,000,080-2024/2025-0120-000,"Science, National Aeronautics and Space Administration",National Aeronautics and Space Administration,,"General Science, Space, and Technology","Space flight, research, and supporting activities",080-0120,"Science, National Aeronautics and Space Administration",0001,SCIENCE (DIRECT),25.5,Research and development contracts,D,Q,Not Designated Nonemergency/Emergency/Disaster/Wildfire Suppression,,3157356.85,0.00,0.00,CONT_AWD_NNM06AA75C_8000_-NONE-_-NONE-,NNM06AA75C,,,,2006-02-23,2006,2025-09-05,2025,2006-02-23,2026-08-31,,D,DEFINITIVE CONTRACT,,,"THE NATIONAL AERONAUTICS AND SPACE ADMINISTRATION HAS SELECTED JUNO NEW FRONTIERS MISSION UNDER THE DIRECTION OF PRINCIPAL INVESTIGATOR (PI) DR. SCOTT BOLTON TO CONTINUE DEVELOPMENT WITH THE EXPECTATION THAT THE JUNO MISSION WILL ENTER PHASE B IN EARLY FISCAL YEAR 2006.  THE JUNO MISSION WILL BE MANAGED BY THE MARSHALL SPACE FLIGHT CENTER, NEW FRONTIERS PROGRAM OFFICE.  KEY JUNO TEAM MEMBERS INCLUDE DR. BOLTON'S HOME INSTITUTION, THE SOUTHWEST RESEARCH INSTITUTE (SWRI), THE JUNO IMPLEMENTATION TEAM LEADER JET PROPULSION LABORATORY (JPL) AND THE SPACECRAFT BUS PROVIDER THE LOCKHEED MARTIN SPACE SYSTEMS DIVISION (LM/SS).   THE PI'S TEAM AT SWRI NEEDS TO BEGIN WORK ON A SUBSET OF PHASE B ACTIVITIES AS EARLY IN FY06 AS POSSIBLE.  THIS SOW PROVIDES A LIST OF ACTIVITIES THAT ARE NECESSARY TO BEGIN WORK IN FY06 AND THEIR ASSOCIATED DELIVERABLES. THE JUNO MISSION IS A COLLABORATION BETWEEN SOUTHWEST RESEARCH INSTITUTE (SWRI), JPL, LOCKHEED MARTIN (LM), AND A COMPLEMENTARY TEAM OF UNIVERSITIES AND FIELD CENTERS.  THE PRINCIPAL INVESTIGATOR, DR. SCOTT BOLTON, IS AT SOUTHWEST RESEARCH INSTITUTE (SWRI) AND IS RESPONSIBLE TO NASA FOR ALL ASPECTS OF THE MISSION INCLUDING ACHIEVING ALL SCIENTIFIC OBJECTIVES AND MISSION GOALS.  JPL PROVIDES THE PROJECT MANAGER WHO OVERSEES THE DAY-TO-DAY MANAGEMENT OF THE PROJECT AND WILL REPORT TO THE PI. PRINCIPAL INVESTIGATOR (PI) DR. SCOTT BOLTON IS RESPONSIBLE TO NASA FOR MEETING THE SCIENTIFIC OBJECTIVES OF THE JUNO MISSION WITHIN COST AND SCHEDULE.  AS PI, DR. BOLTON HAS DIRECT ACCOUNTABILITY TO THE NASA NEW FRONTIERS PROGRAM OFFICE FOR THE IMPLEMENTATION OF JUNO.  ALL JUNO SCIENCE CO-IS, THE DEPUTY PI AND PROJECT SCIENTIST, THE SCIENCE INVESTIGATION OFFICE MANAGER, THE E/PO EFFORT, THE JUNO ADVISORY BOARD AND THE PM REPORT DIRECTLY TO DR. BOLTON.  THE PI DELEGATES THE DAY-TO-DAY MANAGEMENT OF THE PROJECT TO THE PROJECT MANAGER (PM), RICK GRAMMIER.  THE PROJECT SYSTEM ENGINEER, PAYLOAD MANAGER, FLIGHT SYSTEM MANAGER, MISSION MANAGER, SCIENCE OPS CENTER, BUSINESS MANAGER, LM CONTRACT CTM, AND MISSION ASSURANCE MANAGER ALL REPORT DIRECTLY TO THE PM.",080,NATIONAL AERONAUTICS AND SPACE ADMINISTRATION (NASA),8000,NATIONAL AERONAUTICS AND SPACE ADMINISTRATION,80MSFC,NASA MARSHALL SPACE FLIGHT CENTER,080,NATIONAL AERONAUTICS AND SPACE ADMINISTRATION (NASA),8000,NATIONAL AERONAUTICS AND SPACE ADMINISTRATION,80MSFC,NASA MARSHALL SPACE FLIGHT CENTER,PB11V1KH3KV4,,SOUTHWEST RESEARCH INSTITUTE,SOUTHWEST RESEARCH INSTITUTE,PB11V1KH3KV4,PB11V1KH3KV4,SOUTHWEST RESEARCH INSTITUTE,SOUTHWEST RESEARCH INSTITUTE INC,USA,TX,BEXAR,SAN ANTONIO,TX-20,TX-20,782385100,UNITED STATES,TEXAS,BEXAR,TX-20,TX-20,782385100,,,AR22,R&D- SPACE: SCIENCE/APPLICATIONS (APPLIED RESEARCH/EXPLORATORY DEVELOPMENT),541710,"RESEARCH AND DEVELOPMENT IN THE PHYSICAL, ENGINEERING, AND LIFE SCIENCES",,,https://www.usaspending.gov/award/CONT_AWD_NNM06AA75C_8000_-NONE-_-NONE-/,2025-03-31
National Aeronautics and Space Administration,National Aeronautics and Space Administration,FY2025P05,,080,2025,2026,,0120,000,080-2025/2026-0120-000,"Science, National Aeronautics and Space Administration",National Aeronautics and Space Administration,,"General Science, Space, and Technology","Space flight, research, and supporting activities",080-0120,"Science, National Aeronautics and Space Administration",0001,SCIENCE (DIRECT),25.5,Research and development contracts,D,Q,Not Designated Nonemergency/Emergency/Disaster/Wildfire Suppression,500000.00,,,,CONT_AWD_NNM06AA75C_8000_-NONE-_-NONE-,NNM06AA75C,,,,2006-02-23,2006,2025-09-05,2025,2006-02-23,2026-08-31,,D,DEFINITIVE CONTRACT,,,"THE NATIONAL AERONAUTICS AND SPACE ADMINISTRATION HAS SELECTED JUNO NEW FRONTIERS MISSION UNDER THE DIRECTION OF PRINCIPAL INVESTIGATOR (PI) DR. SCOTT BOLTON TO CONTINUE DEVELOPMENT WITH THE EXPECTATION THAT THE JUNO MISSION WILL ENTER PHASE B IN EARLY FISCAL YEAR 2006.  THE JUNO MISSION WILL BE MANAGED BY THE MARSHALL SPACE FLIGHT CENTER, NEW FRONTIERS PROGRAM OFFICE.  KEY JUNO TEAM MEMBERS INCLUDE DR. BOLTON'S HOME INSTITUTION, THE SOUTHWEST RESEARCH INSTITUTE (SWRI), THE JUNO IMPLEMENTATION TEAM LEADER JET PROPULSION LABORATORY (JPL) AND THE SPACECRAFT BUS PROVIDER THE LOCKHEED MARTIN SPACE SYSTEMS DIVISION (LM/SS).   THE PI'S TEAM AT SWRI NEEDS TO BEGIN WORK ON A SUBSET OF PHASE B ACTIVITIES AS EARLY IN FY06 AS POSSIBLE.  THIS SOW PROVIDES A LIST OF ACTIVITIES THAT ARE NECESSARY TO BEGIN WORK IN FY06 AND THEIR ASSOCIATED DELIVERABLES. THE JUNO MISSION IS A COLLABORATION BETWEEN SOUTHWEST RESEARCH INSTITUTE (SWRI), JPL, LOCKHEED MARTIN (LM), AND A COMPLEMENTARY TEAM OF UNIVERSITIES AND FIELD CENTERS.  THE PRINCIPAL INVESTIGATOR, DR. SCOTT BOLTON, IS AT SOUTHWEST RESEARCH INSTITUTE (SWRI) AND IS RESPONSIBLE TO NASA FOR ALL ASPECTS OF THE MISSION INCLUDING ACHIEVING ALL SCIENTIFIC OBJECTIVES AND MISSION GOALS.  JPL PROVIDES THE PROJECT MANAGER WHO OVERSEES THE DAY-TO-DAY MANAGEMENT OF THE PROJECT AND WILL REPORT TO THE PI. PRINCIPAL INVESTIGATOR (PI) DR. SCOTT BOLTON IS RESPONSIBLE TO NASA FOR MEETING THE SCIENTIFIC OBJECTIVES OF THE JUNO MISSION WITHIN COST AND SCHEDULE.  AS PI, DR. BOLTON HAS DIRECT ACCOUNTABILITY TO THE NASA NEW FRONTIERS PROGRAM OFFICE FOR THE IMPLEMENTATION OF JUNO.  ALL JUNO SCIENCE CO-IS, THE DEPUTY PI AND PROJECT SCIENTIST, THE SCIENCE INVESTIGATION OFFICE MANAGER, THE E/PO EFFORT, THE JUNO ADVISORY BOARD AND THE PM REPORT DIRECTLY TO DR. BOLTON.  THE PI DELEGATES THE DAY-TO-DAY MANAGEMENT OF THE PROJECT TO THE PROJECT MANAGER (PM), RICK GRAMMIER.  THE PROJECT SYSTEM ENGINEER, PAYLOAD MANAGER, FLIGHT SYSTEM MANAGER, MISSION MANAGER, SCIENCE OPS CENTER, BUSINESS MANAGER, LM CONTRACT CTM, AND MISSION ASSURANCE MANAGER ALL REPORT DIRECTLY TO THE PM.",080,NATIONAL AERONAUTICS AND SPACE ADMINISTRATION (NASA),8000,NATIONAL AERONAUTICS AND SPACE ADMINISTRATION,80MSFC,NASA MARSHALL SPACE FLIGHT CENTER,080,NATIONAL AERONAUTICS AND SPACE ADMINISTRATION (NASA),8000,NATIONAL AERONAUTICS AND SPACE ADMINISTRATION,80MSFC,NASA MARSHALL SPACE FLIGHT CENTER,PB11V1KH3KV4,,SOUTHWEST RESEARCH INSTITUTE,SOUTHWEST RESEARCH INSTITUTE,PB11V1KH3KV4,PB11V1KH3KV4,SOUTHWEST RESEARCH INSTITUTE,SOUTHWEST RESEARCH INSTITUTE INC,USA,TX,BEXAR,SAN ANTONIO,TX-20,TX-20,782385100,UNITED STATES,TEXAS,BEXAR,TX-20,TX-20,782385100,,,AR22,R&D- SPACE: SCIENCE/APPLICATIONS (APPLIED RESEARCH/EXPLORATORY DEVELOPMENT),541710,"RESEARCH AND DEVELOPMENT IN THE PHYSICAL, ENGINEERING, AND LIFE SCIENCES",,,https://www.usaspending.gov/award/CONT_AWD_NNM06AA75C_8000_-NONE-_-NONE-/,2025-03-31
National Aeronautics and Space Administration,National Aeronautics and Space Administration,FY2025P05,,080,2025,2026,,0120,000,080-2025/2026-0120-000,"Science, National Aeronautics and Space Administration",National Aeronautics and Space Administration,,"General Science, Space, and Technology","Space flight, research, and supporting activities",080-0120,"Science, National Aeronautics and Space Administration",0001,SCIENCE (DIRECT),25.5,Research and development contracts,D,Q,Not Designated Nonemergency/Emergency/Disaster/Wildfire Suppression,653704.04,,,,CONT_AWD_NNM06AA75C_8000_-NONE-_-NONE-,NNM06AA75C,,,,2006-02-23,2006,2025-09-05,2025,2006-02-23,2026-08-31,,D,DEFINITIVE CONTRACT,,,"THE NATIONAL AERONAUTICS AND SPACE ADMINISTRATION HAS SELECTED JUNO NEW FRONTIERS MISSION UNDER THE DIRECTION OF PRINCIPAL INVESTIGATOR (PI) DR. SCOTT BOLTON TO CONTINUE DEVELOPMENT WITH THE EXPECTATION THAT THE JUNO MISSION WILL ENTER PHASE B IN EARLY FISCAL YEAR 2006.  THE JUNO MISSION WILL BE MANAGED BY THE MARSHALL SPACE FLIGHT CENTER, NEW FRONTIERS PROGRAM OFFICE.  KEY JUNO TEAM MEMBERS INCLUDE DR. BOLTON'S HOME INSTITUTION, THE SOUTHWEST RESEARCH INSTITUTE (SWRI), THE JUNO IMPLEMENTATION TEAM LEADER JET PROPULSION LABORATORY (JPL) AND THE SPACECRAFT BUS PROVIDER THE LOCKHEED MARTIN SPACE SYSTEMS DIVISION (LM/SS).   THE PI'S TEAM AT SWRI NEEDS TO BEGIN WORK ON A SUBSET OF PHASE B ACTIVITIES AS EARLY IN FY06 AS POSSIBLE.  THIS SOW PROVIDES A LIST OF ACTIVITIES THAT ARE NECESSARY TO BEGIN WORK IN FY06 AND THEIR ASSOCIATED DELIVERABLES. THE JUNO MISSION IS A COLLABORATION BETWEEN SOUTHWEST RESEARCH INSTITUTE (SWRI), JPL, LOCKHEED MARTIN (LM), AND A COMPLEMENTARY TEAM OF UNIVERSITIES AND FIELD CENTERS.  THE PRINCIPAL INVESTIGATOR, DR. SCOTT BOLTON, IS AT SOUTHWEST RESEARCH INSTITUTE (SWRI) AND IS RESPONSIBLE TO NASA FOR ALL ASPECTS OF THE MISSION INCLUDING ACHIEVING ALL SCIENTIFIC OBJECTIVES AND MISSION GOALS.  JPL PROVIDES THE PROJECT MANAGER WHO OVERSEES THE DAY-TO-DAY MANAGEMENT OF THE PROJECT AND WILL REPORT TO THE PI. PRINCIPAL INVESTIGATOR (PI) DR. SCOTT BOLTON IS RESPONSIBLE TO NASA FOR MEETING THE SCIENTIFIC OBJECTIVES OF THE JUNO MISSION WITHIN COST AND SCHEDULE.  AS PI, DR. BOLTON HAS DIRECT ACCOUNTABILITY TO THE NASA NEW FRONTIERS PROGRAM OFFICE FOR THE IMPLEMENTATION OF JUNO.  ALL JUNO SCIENCE CO-IS, THE DEPUTY PI AND PROJECT SCIENTIST, THE SCIENCE INVESTIGATION OFFICE MANAGER, THE E/PO EFFORT, THE JUNO ADVISORY BOARD AND THE PM REPORT DIRECTLY TO DR. BOLTON.  THE PI DELEGATES THE DAY-TO-DAY MANAGEMENT OF THE PROJECT TO THE PROJECT MANAGER (PM), RICK GRAMMIER.  THE PROJECT SYSTEM ENGINEER, PAYLOAD MANAGER, FLIGHT SYSTEM MANAGER, MISSION MANAGER, SCIENCE OPS CENTER, BUSINESS MANAGER, LM CONTRACT CTM, AND MISSION ASSURANCE MANAGER ALL REPORT DIRECTLY TO THE PM.",080,NATIONAL AERONAUTICS AND SPACE ADMINISTRATION (NASA),8000,NATIONAL AERONAUTICS AND SPACE ADMINISTRATION,80MSFC,NASA MARSHALL SPACE FLIGHT CENTER,080,NATIONAL AERONAUTICS AND SPACE ADMINISTRATION (NASA),8000,NATIONAL AERONAUTICS AND SPACE ADMINISTRATION,80MSFC,NASA MARSHALL SPACE FLIGHT CENTER,PB11V1KH3KV4,,SOUTHWEST RESEARCH INSTITUTE,SOUTHWEST RESEARCH INSTITUTE,PB11V1KH3KV4,PB11V1KH3KV4,SOUTHWEST RESEARCH INSTITUTE,SOUTHWEST RESEARCH INSTITUTE INC,USA,TX,BEXAR,SAN ANTONIO,TX-20,TX-20,782385100,UNITED STATES,TEXAS,BEXAR,TX-20,TX-20,782385100,,,AR22,R&D- SPACE: SCIENCE/APPLICATIONS (APPLIED RESEARCH/EXPLORATORY DEVELOPMENT),541710,"RESEARCH AND DEVELOPMENT IN THE PHYSICAL, ENGINEERING, AND LIFE SCIENCES",,,https://www.usaspending.gov/award/CONT_AWD_NNM06AA75C_8000_-NONE-_-NONE-/,2025-03-31
National Aeronautics and Space Administration,National Aeronautics and Space Administration,FY2025P11,,080,2024,2025,,0120,000,080-2024/2025-0120-000,"Science, National Aeronautics and Space Administration",National Aeronautics and Space Administration,,"General Science, Space, and Technology","Space flight, research, and supporting activities",080-0120,"Science, National Aeronautics and Space Administration",0001,SCIENCE (DIRECT),25.5,Research and development contracts,D,Q,Not Designated Nonemergency/Emergency/Disaster/Wildfire Suppression,,7376472.13,0.00,0.00,CONT_AWD_NNM06AA75C_8000_-NONE-_-NONE-,NNM06AA75C,,,,2006-02-23,2006,2025-09-05,2025,2006-02-23,2026-08-31,,D,DEFINITIVE CONTRACT,,,"THE NATIONAL AERONAUTICS AND SPACE ADMINISTRATION HAS SELECTED JUNO NEW FRONTIERS MISSION UNDER THE DIRECTION OF PRINCIPAL INVESTIGATOR (PI) DR. SCOTT BOLTON TO CONTINUE DEVELOPMENT WITH THE EXPECTATION THAT THE JUNO MISSION WILL ENTER PHASE B IN EARLY FISCAL YEAR 2006.  THE JUNO MISSION WILL BE MANAGED BY THE MARSHALL SPACE FLIGHT CENTER, NEW FRONTIERS PROGRAM OFFICE.  KEY JUNO TEAM MEMBERS INCLUDE DR. BOLTON'S HOME INSTITUTION, THE SOUTHWEST RESEARCH INSTITUTE (SWRI), THE JUNO IMPLEMENTATION TEAM LEADER JET PROPULSION LABORATORY (JPL) AND THE SPACECRAFT BUS PROVIDER THE LOCKHEED MARTIN SPACE SYSTEMS DIVISION (LM/SS).   THE PI'S TEAM AT SWRI NEEDS TO BEGIN WORK ON A SUBSET OF PHASE B ACTIVITIES AS EARLY IN FY06 AS POSSIBLE.  THIS SOW PROVIDES A LIST OF ACTIVITIES THAT ARE NECESSARY TO BEGIN WORK IN FY06 AND THEIR ASSOCIATED DELIVERABLES. THE JUNO MISSION IS A COLLABORATION BETWEEN SOUTHWEST RESEARCH INSTITUTE (SWRI), JPL, LOCKHEED MARTIN (LM), AND A COMPLEMENTARY TEAM OF UNIVERSITIES AND FIELD CENTERS.  THE PRINCIPAL INVESTIGATOR, DR. SCOTT BOLTON, IS AT SOUTHWEST RESEARCH INSTITUTE (SWRI) AND IS RESPONSIBLE TO NASA FOR ALL ASPECTS OF THE MISSION INCLUDING ACHIEVING ALL SCIENTIFIC OBJECTIVES AND MISSION GOALS.  JPL PROVIDES THE PROJECT MANAGER WHO OVERSEES THE DAY-TO-DAY MANAGEMENT OF THE PROJECT AND WILL REPORT TO THE PI. PRINCIPAL INVESTIGATOR (PI) DR. SCOTT BOLTON IS RESPONSIBLE TO NASA FOR MEETING THE SCIENTIFIC OBJECTIVES OF THE JUNO MISSION WITHIN COST AND SCHEDULE.  AS PI, DR. BOLTON HAS DIRECT ACCOUNTABILITY TO THE NASA NEW FRONTIERS PROGRAM OFFICE FOR THE IMPLEMENTATION OF JUNO.  ALL JUNO SCIENCE CO-IS, THE DEPUTY PI AND PROJECT SCIENTIST, THE SCIENCE INVESTIGATION OFFICE MANAGER, THE E/PO EFFORT, THE JUNO ADVISORY BOARD AND THE PM REPORT DIRECTLY TO DR. BOLTON.  THE PI DELEGATES THE DAY-TO-DAY MANAGEMENT OF THE PROJECT TO THE PROJECT MANAGER (PM), RICK GRAMMIER.  THE PROJECT SYSTEM ENGINEER, PAYLOAD MANAGER, FLIGHT SYSTEM MANAGER, MISSION MANAGER, SCIENCE OPS CENTER, BUSINESS MANAGER, LM CONTRACT CTM, AND MISSION ASSURANCE MANAGER ALL REPORT DIRECTLY TO THE PM.",080,NATIONAL AERONAUTICS AND SPACE ADMINISTRATION (NASA),8000,NATIONAL AERONAUTICS AND SPACE ADMINISTRATION,80MSFC,NASA MARSHALL SPACE FLIGHT CENTER,080,NATIONAL AERONAUTICS AND SPACE ADMINISTRATION (NASA),8000,NATIONAL AERONAUTICS AND SPACE ADMINISTRATION,80MSFC,NASA MARSHALL SPACE FLIGHT CENTER,PB11V1KH3KV4,,SOUTHWEST RESEARCH INSTITUTE,SOUTHWEST RESEARCH INSTITUTE,PB11V1KH3KV4,PB11V1KH3KV4,SOUTHWEST RESEARCH INSTITUTE,SOUTHWEST RESEARCH INSTITUTE INC,USA,TX,BEXAR,SAN ANTONIO,TX-20,TX-20,782385100,UNITED STATES,TEXAS,BEXAR,TX-20,TX-20,782385100,,,AR22,R&D- SPACE: SCIENCE/APPLICATIONS (APPLIED RESEARCH/EXPLORATORY DEVELOPMENT),541710,"RESEARCH AND DEVELOPMENT IN THE PHYSICAL, ENGINEERING, AND LIFE SCIENCES",,,https://www.usaspending.gov/award/CONT_AWD_NNM06AA75C_8000_-NONE-_-NONE-/,2025-09-29
