owning_agency_name,reporting_agency_name,submission_period,allocation_transfer_agency_identifier_code,agency_identifier_code,beginning_period_of_availability,ending_period_of_availability,availability_type_code,main_account_code,sub_account_code,treasury_account_symbol,treasury_account_name,agency_identifier_name,allocation_transfer_agency_identifier_name,budget_function,budget_subfunction,federal_account_symbol,federal_account_name,program_activity_code,program_activity_name,object_class_code,object_class_name,direct_or_reimbursable_funding_source,disaster_emergency_fund_code,disaster_emergency_fund_name,transaction_obligated_amount,gross_outlay_amount_FYB_to_period_end,USSGL487200_downward_adj_prior_year_prepaid_undeliv_order_oblig,USSGL497200_downward_adj_of_prior_year_paid_deliv_orders_oblig,award_unique_key,award_id_piid,parent_award_id_piid,award_id_fain,award_id_uri,award_base_action_date,award_base_action_date_fiscal_year,award_latest_action_date,award_latest_action_date_fiscal_year,period_of_performance_start_date,period_of_performance_current_end_date,ordering_period_end_date,award_type_code,award_type,idv_type_code,idv_type,prime_award_base_transaction_description,awarding_agency_code,awarding_agency_name,awarding_subagency_code,awarding_subagency_name,awarding_office_code,awarding_office_name,funding_agency_code,funding_agency_name,funding_sub_agency_code,funding_sub_agency_name,funding_office_code,funding_office_name,recipient_uei,recipient_duns,recipient_name,recipient_name_raw,recipient_parent_uei,recipient_parent_duns,recipient_parent_name,recipient_parent_name_raw,recipient_country,recipient_state,recipient_county,recipient_city,prime_award_summary_recipient_cd_original,prime_award_summary_recipient_cd_current,recipient_zip_code,primary_place_of_performance_country,primary_place_of_performance_state,primary_place_of_performance_county,prime_award_summary_place_of_performance_cd_original,prime_award_summary_place_of_performance_cd_current,primary_place_of_performance_zip_code,cfda_number,cfda_title,product_or_service_code,product_or_service_code_description,naics_code,naics_description,national_interest_action_code,national_interest_action,usaspending_permalink,last_modified_date
National Aeronautics and Space Administration,National Aeronautics and Space Administration,FY2025P06,,080,2024,2025,,0120,000,080-2024/2025-0120-000,"Science, National Aeronautics and Space Administration",National Aeronautics and Space Administration,,"General Science, Space, and Technology","Space flight, research, and supporting activities",080-0120,"Science, National Aeronautics and Space Administration",0001,SCIENCE (DIRECT),25.5,Research and development contracts,D,Q,Not Designated Nonemergency/Emergency/Disaster/Wildfire Suppression,,2181079.05,0.00,0.00,CONT_AWD_80GSFC21C0059_8000_-NONE-_-NONE-,80GSFC21C0059,,,,2021-03-23,2021,2025-09-10,2025,2021-03-23,2027-09-30,,D,DEFINITIVE CONTRACT,,,THE COMPTON SPECTROMETER AND IMAGER (COSI),080,NATIONAL AERONAUTICS AND SPACE ADMINISTRATION (NASA),8000,NATIONAL AERONAUTICS AND SPACE ADMINISTRATION,80GSFC,NASA GODDARD SPACE FLIGHT CENTER,080,NATIONAL AERONAUTICS AND SPACE ADMINISTRATION (NASA),8000,NATIONAL AERONAUTICS AND SPACE ADMINISTRATION,80GSFC,NASA GODDARD SPACE FLIGHT CENTER,GS3YEVSS12N6,,"REGENTS OF THE UNIVERSITY OF CALIFORNIA, THE","REGENTS OF THE UNIVERSITY OF CALIFORNIA, THE",GS3YEVSS12N6,GS3YEVSS12N6,"REGENTS OF THE UNIVERSITY OF CALIFORNIA, THE",REGENTS OF THE UNIVERSITY OF CALIFORNIA  THE,USA,CA,ALAMEDA,BERKELEY,CA-12,CA-12,947101749,UNITED STATES,CALIFORNIA,ALAMEDA,CA-12,CA-12,947101749,,,AR11,"SPACE R&D SERVICES; SPACE FLIGHT, RESEARCH AND SUPPORTING ACTIVITIES; BASIC RESEARCH",541715,"RESEARCH AND DEVELOPMENT IN THE PHYSICAL, ENGINEERING, AND LIFE SCIENCES (EXCEPT NANOTECHNOLOGY AND BIOTECHNOLOGY)",,,https://www.usaspending.gov/award/CONT_AWD_80GSFC21C0059_8000_-NONE-_-NONE-/,2025-04-24
National Aeronautics and Space Administration,National Aeronautics and Space Administration,FY2025P06,,080,2023,2024,,0120,000,080-2023/2024-0120-000,"Science, National Aeronautics and Space Administration",National Aeronautics and Space Administration,,"General Science, Space, and Technology","Space flight, research, and supporting activities",080-0120,"Science, National Aeronautics and Space Administration",0001,SCIENCE (DIRECT),25.5,Research and development contracts,D,Q,Not Designated Nonemergency/Emergency/Disaster/Wildfire Suppression,,16635425.79,0.00,0.00,CONT_AWD_80GSFC21C0059_8000_-NONE-_-NONE-,80GSFC21C0059,,,,2021-03-23,2021,2025-09-10,2025,2021-03-23,2027-09-30,,D,DEFINITIVE CONTRACT,,,THE COMPTON SPECTROMETER AND IMAGER (COSI),080,NATIONAL AERONAUTICS AND SPACE ADMINISTRATION (NASA),8000,NATIONAL AERONAUTICS AND SPACE ADMINISTRATION,80GSFC,NASA GODDARD SPACE FLIGHT CENTER,080,NATIONAL AERONAUTICS AND SPACE ADMINISTRATION (NASA),8000,NATIONAL AERONAUTICS AND SPACE ADMINISTRATION,80GSFC,NASA GODDARD SPACE FLIGHT CENTER,GS3YEVSS12N6,,"REGENTS OF THE UNIVERSITY OF CALIFORNIA, THE","REGENTS OF THE UNIVERSITY OF CALIFORNIA, THE",GS3YEVSS12N6,GS3YEVSS12N6,"REGENTS OF THE UNIVERSITY OF CALIFORNIA, THE",REGENTS OF THE UNIVERSITY OF CALIFORNIA  THE,USA,CA,ALAMEDA,BERKELEY,CA-12,CA-12,947101749,UNITED STATES,CALIFORNIA,ALAMEDA,CA-12,CA-12,947101749,,,AR11,"SPACE R&D SERVICES; SPACE FLIGHT, RESEARCH AND SUPPORTING ACTIVITIES; BASIC RESEARCH",541715,"RESEARCH AND DEVELOPMENT IN THE PHYSICAL, ENGINEERING, AND LIFE SCIENCES (EXCEPT NANOTECHNOLOGY AND BIOTECHNOLOGY)",,,https://www.usaspending.gov/award/CONT_AWD_80GSFC21C0059_8000_-NONE-_-NONE-/,2025-04-24
National Aeronautics and Space Administration,National Aeronautics and Space Administration,FY2025P07,,080,2023,2024,,0120,000,080-2023/2024-0120-000,"Science, National Aeronautics and Space Administration",National Aeronautics and Space Administration,,"General Science, Space, and Technology","Space flight, research, and supporting activities",080-0120,"Science, National Aeronautics and Space Administration",0001,SCIENCE (DIRECT),25.5,Research and development contracts,D,Q,Not Designated Nonemergency/Emergency/Disaster/Wildfire Suppression,,18177929.84,0.00,0.00,CONT_AWD_80GSFC21C0059_8000_-NONE-_-NONE-,80GSFC21C0059,,,,2021-03-23,2021,2025-09-10,2025,2021-03-23,2027-09-30,,D,DEFINITIVE CONTRACT,,,THE COMPTON SPECTROMETER AND IMAGER (COSI),080,NATIONAL AERONAUTICS AND SPACE ADMINISTRATION (NASA),8000,NATIONAL AERONAUTICS AND SPACE ADMINISTRATION,80GSFC,NASA GODDARD SPACE FLIGHT CENTER,080,NATIONAL AERONAUTICS AND SPACE ADMINISTRATION (NASA),8000,NATIONAL AERONAUTICS AND SPACE ADMINISTRATION,80GSFC,NASA GODDARD SPACE FLIGHT CENTER,GS3YEVSS12N6,,"REGENTS OF THE UNIVERSITY OF CALIFORNIA, THE","REGENTS OF THE UNIVERSITY OF CALIFORNIA, THE",GS3YEVSS12N6,GS3YEVSS12N6,"REGENTS OF THE UNIVERSITY OF CALIFORNIA, THE",REGENTS OF THE UNIVERSITY OF CALIFORNIA  THE,USA,CA,ALAMEDA,BERKELEY,CA-12,CA-12,947101749,UNITED STATES,CALIFORNIA,ALAMEDA,CA-12,CA-12,947101749,,,AR11,"SPACE R&D SERVICES; SPACE FLIGHT, RESEARCH AND SUPPORTING ACTIVITIES; BASIC RESEARCH",541715,"RESEARCH AND DEVELOPMENT IN THE PHYSICAL, ENGINEERING, AND LIFE SCIENCES (EXCEPT NANOTECHNOLOGY AND BIOTECHNOLOGY)",,,https://www.usaspending.gov/award/CONT_AWD_80GSFC21C0059_8000_-NONE-_-NONE-/,2025-05-23
National Aeronautics and Space Administration,National Aeronautics and Space Administration,FY2025P07,,080,2024,2025,,0120,000,080-2024/2025-0120-000,"Science, National Aeronautics and Space Administration",National Aeronautics and Space Administration,,"General Science, Space, and Technology","Space flight, research, and supporting activities",080-0120,"Science, National Aeronautics and Space Administration",0001,SCIENCE (DIRECT),25.5,Research and development contracts,D,Q,Not Designated Nonemergency/Emergency/Disaster/Wildfire Suppression,,5012896.50,0.00,0.00,CONT_AWD_80GSFC21C0059_8000_-NONE-_-NONE-,80GSFC21C0059,,,,2021-03-23,2021,2025-09-10,2025,2021-03-23,2027-09-30,,D,DEFINITIVE CONTRACT,,,THE COMPTON SPECTROMETER AND IMAGER (COSI),080,NATIONAL AERONAUTICS AND SPACE ADMINISTRATION (NASA),8000,NATIONAL AERONAUTICS AND SPACE ADMINISTRATION,80GSFC,NASA GODDARD SPACE FLIGHT CENTER,080,NATIONAL AERONAUTICS AND SPACE ADMINISTRATION (NASA),8000,NATIONAL AERONAUTICS AND SPACE ADMINISTRATION,80GSFC,NASA GODDARD SPACE FLIGHT CENTER,GS3YEVSS12N6,,"REGENTS OF THE UNIVERSITY OF CALIFORNIA, THE","REGENTS OF THE UNIVERSITY OF CALIFORNIA, THE",GS3YEVSS12N6,GS3YEVSS12N6,"REGENTS OF THE UNIVERSITY OF CALIFORNIA, THE",REGENTS OF THE UNIVERSITY OF CALIFORNIA  THE,USA,CA,ALAMEDA,BERKELEY,CA-12,CA-12,947101749,UNITED STATES,CALIFORNIA,ALAMEDA,CA-12,CA-12,947101749,,,AR11,"SPACE R&D SERVICES; SPACE FLIGHT, RESEARCH AND SUPPORTING ACTIVITIES; BASIC RESEARCH",541715,"RESEARCH AND DEVELOPMENT IN THE PHYSICAL, ENGINEERING, AND LIFE SCIENCES (EXCEPT NANOTECHNOLOGY AND BIOTECHNOLOGY)",,,https://www.usaspending.gov/award/CONT_AWD_80GSFC21C0059_8000_-NONE-_-NONE-/,2025-05-23
National Aeronautics and Space Administration,National Aeronautics and Space Administration,FY2025P08,,080,2025,2026,,0120,000,080-2025/2026-0120-000,"Science, National Aeronautics and Space Administration",National Aeronautics and Space Administration,,"General Science, Space, and Technology","Space flight, research, and supporting activities",080-0120,"Science, National Aeronautics and Space Administration",0001,SCIENCE (DIRECT),25.5,Research and development contracts,D,Q,Not Designated Nonemergency/Emergency/Disaster/Wildfire Suppression,,4447980.19,0.00,0.00,CONT_AWD_80GSFC21C0059_8000_-NONE-_-NONE-,80GSFC21C0059,,,,2021-03-23,2021,2025-09-10,2025,2021-03-23,2027-09-30,,D,DEFINITIVE CONTRACT,,,THE COMPTON SPECTROMETER AND IMAGER (COSI),080,NATIONAL AERONAUTICS AND SPACE ADMINISTRATION (NASA),8000,NATIONAL AERONAUTICS AND SPACE ADMINISTRATION,80GSFC,NASA GODDARD SPACE FLIGHT CENTER,080,NATIONAL AERONAUTICS AND SPACE ADMINISTRATION (NASA),8000,NATIONAL AERONAUTICS AND SPACE ADMINISTRATION,80GSFC,NASA GODDARD SPACE FLIGHT CENTER,GS3YEVSS12N6,,"REGENTS OF THE UNIVERSITY OF CALIFORNIA, THE","REGENTS OF THE UNIVERSITY OF CALIFORNIA, THE",GS3YEVSS12N6,GS3YEVSS12N6,"REGENTS OF THE UNIVERSITY OF CALIFORNIA, THE",REGENTS OF THE UNIVERSITY OF CALIFORNIA  THE,USA,CA,ALAMEDA,BERKELEY,CA-12,CA-12,947101749,UNITED STATES,CALIFORNIA,ALAMEDA,CA-12,CA-12,947101749,,,AR11,"SPACE R&D SERVICES; SPACE FLIGHT, RESEARCH AND SUPPORTING ACTIVITIES; BASIC RESEARCH",541715,"RESEARCH AND DEVELOPMENT IN THE PHYSICAL, ENGINEERING, AND LIFE SCIENCES (EXCEPT NANOTECHNOLOGY AND BIOTECHNOLOGY)",,,https://www.usaspending.gov/award/CONT_AWD_80GSFC21C0059_8000_-NONE-_-NONE-/,2025-06-25
National Aeronautics and Space Administration,National Aeronautics and Space Administration,FY2025P08,,080,2024,2025,,0120,000,080-2024/2025-0120-000,"Science, National Aeronautics and Space Administration",National Aeronautics and Space Administration,,"General Science, Space, and Technology","Space flight, research, and supporting activities",080-0120,"Science, National Aeronautics and Space Administration",0001,SCIENCE (DIRECT),25.5,Research and development contracts,D,Q,Not Designated Nonemergency/Emergency/Disaster/Wildfire Suppression,,7311086.00,0.00,0.00,CONT_AWD_80GSFC21C0059_8000_-NONE-_-NONE-,80GSFC21C0059,,,,2021-03-23,2021,2025-09-10,2025,2021-03-23,2027-09-30,,D,DEFINITIVE CONTRACT,,,THE COMPTON SPECTROMETER AND IMAGER (COSI),080,NATIONAL AERONAUTICS AND SPACE ADMINISTRATION (NASA),8000,NATIONAL AERONAUTICS AND SPACE ADMINISTRATION,80GSFC,NASA GODDARD SPACE FLIGHT CENTER,080,NATIONAL AERONAUTICS AND SPACE ADMINISTRATION (NASA),8000,NATIONAL AERONAUTICS AND SPACE ADMINISTRATION,80GSFC,NASA GODDARD SPACE FLIGHT CENTER,GS3YEVSS12N6,,"REGENTS OF THE UNIVERSITY OF CALIFORNIA, THE","REGENTS OF THE UNIVERSITY OF CALIFORNIA, THE",GS3YEVSS12N6,GS3YEVSS12N6,"REGENTS OF THE UNIVERSITY OF CALIFORNIA, THE",REGENTS OF THE UNIVERSITY OF CALIFORNIA  THE,USA,CA,ALAMEDA,BERKELEY,CA-12,CA-12,947101749,UNITED STATES,CALIFORNIA,ALAMEDA,CA-12,CA-12,947101749,,,AR11,"SPACE R&D SERVICES; SPACE FLIGHT, RESEARCH AND SUPPORTING ACTIVITIES; BASIC RESEARCH",541715,"RESEARCH AND DEVELOPMENT IN THE PHYSICAL, ENGINEERING, AND LIFE SCIENCES (EXCEPT NANOTECHNOLOGY AND BIOTECHNOLOGY)",,,https://www.usaspending.gov/award/CONT_AWD_80GSFC21C0059_8000_-NONE-_-NONE-/,2025-06-25
National Aeronautics and Space Administration,National Aeronautics and Space Administration,FY2025P08,,080,2023,2024,,0120,000,080-2023/2024-0120-000,"Science, National Aeronautics and Space Administration",National Aeronautics and Space Administration,,"General Science, Space, and Technology","Space flight, research, and supporting activities",080-0120,"Science, National Aeronautics and Space Administration",0001,SCIENCE (DIRECT),25.5,Research and development contracts,D,Q,Not Designated Nonemergency/Emergency/Disaster/Wildfire Suppression,,18177929.84,0.00,0.00,CONT_AWD_80GSFC21C0059_8000_-NONE-_-NONE-,80GSFC21C0059,,,,2021-03-23,2021,2025-09-10,2025,2021-03-23,2027-09-30,,D,DEFINITIVE CONTRACT,,,THE COMPTON SPECTROMETER AND IMAGER (COSI),080,NATIONAL AERONAUTICS AND SPACE ADMINISTRATION (NASA),8000,NATIONAL AERONAUTICS AND SPACE ADMINISTRATION,80GSFC,NASA GODDARD SPACE FLIGHT CENTER,080,NATIONAL AERONAUTICS AND SPACE ADMINISTRATION (NASA),8000,NATIONAL AERONAUTICS AND SPACE ADMINISTRATION,80GSFC,NASA GODDARD SPACE FLIGHT CENTER,GS3YEVSS12N6,,"REGENTS OF THE UNIVERSITY OF CALIFORNIA, THE","REGENTS OF THE UNIVERSITY OF CALIFORNIA, THE",GS3YEVSS12N6,GS3YEVSS12N6,"REGENTS OF THE UNIVERSITY OF CALIFORNIA, THE",REGENTS OF THE UNIVERSITY OF CALIFORNIA  THE,USA,CA,ALAMEDA,BERKELEY,CA-12,CA-12,947101749,UNITED STATES,CALIFORNIA,ALAMEDA,CA-12,CA-12,947101749,,,AR11,"SPACE R&D SERVICES; SPACE FLIGHT, RESEARCH AND SUPPORTING ACTIVITIES; BASIC RESEARCH",541715,"RESEARCH AND DEVELOPMENT IN THE PHYSICAL, ENGINEERING, AND LIFE SCIENCES (EXCEPT NANOTECHNOLOGY AND BIOTECHNOLOGY)",,,https://www.usaspending.gov/award/CONT_AWD_80GSFC21C0059_8000_-NONE-_-NONE-/,2025-06-25
National Aeronautics and Space Administration,National Aeronautics and Space Administration,FY2025P10,,080,2023,2024,,0120,000,080-2023/2024-0120-000,"Science, National Aeronautics and Space Administration",National Aeronautics and Space Administration,,"General Science, Space, and Technology","Space flight, research, and supporting activities",080-0120,"Science, National Aeronautics and Space Administration",0001,SCIENCE (DIRECT),25.5,Research and development contracts,D,Q,Not Designated Nonemergency/Emergency/Disaster/Wildfire Suppression,,18177929.84,0.00,0.00,CONT_AWD_80GSFC21C0059_8000_-NONE-_-NONE-,80GSFC21C0059,,,,2021-03-23,2021,2025-09-10,2025,2021-03-23,2027-09-30,,D,DEFINITIVE CONTRACT,,,THE COMPTON SPECTROMETER AND IMAGER (COSI),080,NATIONAL AERONAUTICS AND SPACE ADMINISTRATION (NASA),8000,NATIONAL AERONAUTICS AND SPACE ADMINISTRATION,80GSFC,NASA GODDARD SPACE FLIGHT CENTER,080,NATIONAL AERONAUTICS AND SPACE ADMINISTRATION (NASA),8000,NATIONAL AERONAUTICS AND SPACE ADMINISTRATION,80GSFC,NASA GODDARD SPACE FLIGHT CENTER,GS3YEVSS12N6,,"REGENTS OF THE UNIVERSITY OF CALIFORNIA, THE","REGENTS OF THE UNIVERSITY OF CALIFORNIA, THE",GS3YEVSS12N6,GS3YEVSS12N6,"REGENTS OF THE UNIVERSITY OF CALIFORNIA, THE",REGENTS OF THE UNIVERSITY OF CALIFORNIA  THE,USA,CA,ALAMEDA,BERKELEY,CA-12,CA-12,947101749,UNITED STATES,CALIFORNIA,ALAMEDA,CA-12,CA-12,947101749,,,AR11,"SPACE R&D SERVICES; SPACE FLIGHT, RESEARCH AND SUPPORTING ACTIVITIES; BASIC RESEARCH",541715,"RESEARCH AND DEVELOPMENT IN THE PHYSICAL, ENGINEERING, AND LIFE SCIENCES (EXCEPT NANOTECHNOLOGY AND BIOTECHNOLOGY)",,,https://www.usaspending.gov/award/CONT_AWD_80GSFC21C0059_8000_-NONE-_-NONE-/,2025-09-12
National Aeronautics and Space Administration,National Aeronautics and Space Administration,FY2025P09,,080,2025,2026,,0120,000,080-2025/2026-0120-000,"Science, National Aeronautics and Space Administration",National Aeronautics and Space Administration,,"General Science, Space, and Technology","Space flight, research, and supporting activities",080-0120,"Science, National Aeronautics and Space Administration",0001,SCIENCE (DIRECT),25.5,Research and development contracts,D,Q,Not Designated Nonemergency/Emergency/Disaster/Wildfire Suppression,,4447980.19,0.00,0.00,CONT_AWD_80GSFC21C0059_8000_-NONE-_-NONE-,80GSFC21C0059,,,,2021-03-23,2021,2025-09-10,2025,2021-03-23,2027-09-30,,D,DEFINITIVE CONTRACT,,,THE COMPTON SPECTROMETER AND IMAGER (COSI),080,NATIONAL AERONAUTICS AND SPACE ADMINISTRATION (NASA),8000,NATIONAL AERONAUTICS AND SPACE ADMINISTRATION,80GSFC,NASA GODDARD SPACE FLIGHT CENTER,080,NATIONAL AERONAUTICS AND SPACE ADMINISTRATION (NASA),8000,NATIONAL AERONAUTICS AND SPACE ADMINISTRATION,80GSFC,NASA GODDARD SPACE FLIGHT CENTER,GS3YEVSS12N6,,"REGENTS OF THE UNIVERSITY OF CALIFORNIA, THE","REGENTS OF THE UNIVERSITY OF CALIFORNIA, THE",GS3YEVSS12N6,GS3YEVSS12N6,"REGENTS OF THE UNIVERSITY OF CALIFORNIA, THE",REGENTS OF THE UNIVERSITY OF CALIFORNIA  THE,USA,CA,ALAMEDA,BERKELEY,CA-12,CA-12,947101749,UNITED STATES,CALIFORNIA,ALAMEDA,CA-12,CA-12,947101749,,,AR11,"SPACE R&D SERVICES; SPACE FLIGHT, RESEARCH AND SUPPORTING ACTIVITIES; BASIC RESEARCH",541715,"RESEARCH AND DEVELOPMENT IN THE PHYSICAL, ENGINEERING, AND LIFE SCIENCES (EXCEPT NANOTECHNOLOGY AND BIOTECHNOLOGY)",,,https://www.usaspending.gov/award/CONT_AWD_80GSFC21C0059_8000_-NONE-_-NONE-/,2025-07-31
National Aeronautics and Space Administration,National Aeronautics and Space Administration,FY2025P09,,080,2025,2026,,0120,000,080-2025/2026-0120-000,"Science, National Aeronautics and Space Administration",National Aeronautics and Space Administration,,"General Science, Space, and Technology","Space flight, research, and supporting activities",080-0120,"Science, National Aeronautics and Space Administration",0001,SCIENCE (DIRECT),25.5,Research and development contracts,D,Q,Not Designated Nonemergency/Emergency/Disaster/Wildfire Suppression,4316590.00,,,,CONT_AWD_80GSFC21C0059_8000_-NONE-_-NONE-,80GSFC21C0059,,,,2021-03-23,2021,2025-09-10,2025,2021-03-23,2027-09-30,,D,DEFINITIVE CONTRACT,,,THE COMPTON SPECTROMETER AND IMAGER (COSI),080,NATIONAL AERONAUTICS AND SPACE ADMINISTRATION (NASA),8000,NATIONAL AERONAUTICS AND SPACE ADMINISTRATION,80GSFC,NASA GODDARD SPACE FLIGHT CENTER,080,NATIONAL AERONAUTICS AND SPACE ADMINISTRATION (NASA),8000,NATIONAL AERONAUTICS AND SPACE ADMINISTRATION,80GSFC,NASA GODDARD SPACE FLIGHT CENTER,GS3YEVSS12N6,,"REGENTS OF THE UNIVERSITY OF CALIFORNIA, THE","REGENTS OF THE UNIVERSITY OF CALIFORNIA, THE",GS3YEVSS12N6,GS3YEVSS12N6,"REGENTS OF THE UNIVERSITY OF CALIFORNIA, THE",REGENTS OF THE UNIVERSITY OF CALIFORNIA  THE,USA,CA,ALAMEDA,BERKELEY,CA-12,CA-12,947101749,UNITED STATES,CALIFORNIA,ALAMEDA,CA-12,CA-12,947101749,,,AR11,"SPACE R&D SERVICES; SPACE FLIGHT, RESEARCH AND SUPPORTING ACTIVITIES; BASIC RESEARCH",541715,"RESEARCH AND DEVELOPMENT IN THE PHYSICAL, ENGINEERING, AND LIFE SCIENCES (EXCEPT NANOTECHNOLOGY AND BIOTECHNOLOGY)",,,https://www.usaspending.gov/award/CONT_AWD_80GSFC21C0059_8000_-NONE-_-NONE-/,2025-07-31
National Aeronautics and Space Administration,National Aeronautics and Space Administration,FY2025P09,,080,2024,2025,,0120,000,080-2024/2025-0120-000,"Science, National Aeronautics and Space Administration",National Aeronautics and Space Administration,,"General Science, Space, and Technology","Space flight, research, and supporting activities",080-0120,"Science, National Aeronautics and Space Administration",0001,SCIENCE (DIRECT),25.5,Research and development contracts,D,Q,Not Designated Nonemergency/Emergency/Disaster/Wildfire Suppression,,7311086.00,0.00,0.00,CONT_AWD_80GSFC21C0059_8000_-NONE-_-NONE-,80GSFC21C0059,,,,2021-03-23,2021,2025-09-10,2025,2021-03-23,2027-09-30,,D,DEFINITIVE CONTRACT,,,THE COMPTON SPECTROMETER AND IMAGER (COSI),080,NATIONAL AERONAUTICS AND SPACE ADMINISTRATION (NASA),8000,NATIONAL AERONAUTICS AND SPACE ADMINISTRATION,80GSFC,NASA GODDARD SPACE FLIGHT CENTER,080,NATIONAL AERONAUTICS AND SPACE ADMINISTRATION (NASA),8000,NATIONAL AERONAUTICS AND SPACE ADMINISTRATION,80GSFC,NASA GODDARD SPACE FLIGHT CENTER,GS3YEVSS12N6,,"REGENTS OF THE UNIVERSITY OF CALIFORNIA, THE","REGENTS OF THE UNIVERSITY OF CALIFORNIA, THE",GS3YEVSS12N6,GS3YEVSS12N6,"REGENTS OF THE UNIVERSITY OF CALIFORNIA, THE",REGENTS OF THE UNIVERSITY OF CALIFORNIA  THE,USA,CA,ALAMEDA,BERKELEY,CA-12,CA-12,947101749,UNITED STATES,CALIFORNIA,ALAMEDA,CA-12,CA-12,947101749,,,AR11,"SPACE R&D SERVICES; SPACE FLIGHT, RESEARCH AND SUPPORTING ACTIVITIES; BASIC RESEARCH",541715,"RESEARCH AND DEVELOPMENT IN THE PHYSICAL, ENGINEERING, AND LIFE SCIENCES (EXCEPT NANOTECHNOLOGY AND BIOTECHNOLOGY)",,,https://www.usaspending.gov/award/CONT_AWD_80GSFC21C0059_8000_-NONE-_-NONE-/,2025-07-31
National Aeronautics and Space Administration,National Aeronautics and Space Administration,FY2025P09,,080,2023,2024,,0120,000,080-2023/2024-0120-000,"Science, National Aeronautics and Space Administration",National Aeronautics and Space Administration,,"General Science, Space, and Technology","Space flight, research, and supporting activities",080-0120,"Science, National Aeronautics and Space Administration",0001,SCIENCE (DIRECT),25.5,Research and development contracts,D,Q,Not Designated Nonemergency/Emergency/Disaster/Wildfire Suppression,,18177929.84,0.00,0.00,CONT_AWD_80GSFC21C0059_8000_-NONE-_-NONE-,80GSFC21C0059,,,,2021-03-23,2021,2025-09-10,2025,2021-03-23,2027-09-30,,D,DEFINITIVE CONTRACT,,,THE COMPTON SPECTROMETER AND IMAGER (COSI),080,NATIONAL AERONAUTICS AND SPACE ADMINISTRATION (NASA),8000,NATIONAL AERONAUTICS AND SPACE ADMINISTRATION,80GSFC,NASA GODDARD SPACE FLIGHT CENTER,080,NATIONAL AERONAUTICS AND SPACE ADMINISTRATION (NASA),8000,NATIONAL AERONAUTICS AND SPACE ADMINISTRATION,80GSFC,NASA GODDARD SPACE FLIGHT CENTER,GS3YEVSS12N6,,"REGENTS OF THE UNIVERSITY OF CALIFORNIA, THE","REGENTS OF THE UNIVERSITY OF CALIFORNIA, THE",GS3YEVSS12N6,GS3YEVSS12N6,"REGENTS OF THE UNIVERSITY OF CALIFORNIA, THE",REGENTS OF THE UNIVERSITY OF CALIFORNIA  THE,USA,CA,ALAMEDA,BERKELEY,CA-12,CA-12,947101749,UNITED STATES,CALIFORNIA,ALAMEDA,CA-12,CA-12,947101749,,,AR11,"SPACE R&D SERVICES; SPACE FLIGHT, RESEARCH AND SUPPORTING ACTIVITIES; BASIC RESEARCH",541715,"RESEARCH AND DEVELOPMENT IN THE PHYSICAL, ENGINEERING, AND LIFE SCIENCES (EXCEPT NANOTECHNOLOGY AND BIOTECHNOLOGY)",,,https://www.usaspending.gov/award/CONT_AWD_80GSFC21C0059_8000_-NONE-_-NONE-/,2025-07-31
National Aeronautics and Space Administration,National Aeronautics and Space Administration,FY2025P10,,080,2025,2026,,0120,000,080-2025/2026-0120-000,"Science, National Aeronautics and Space Administration",National Aeronautics and Space Administration,,"General Science, Space, and Technology","Space flight, research, and supporting activities",080-0120,"Science, National Aeronautics and Space Administration",0001,SCIENCE (DIRECT),25.5,Research and development contracts,D,Q,Not Designated Nonemergency/Emergency/Disaster/Wildfire Suppression,,7088969.71,0.00,0.00,CONT_AWD_80GSFC21C0059_8000_-NONE-_-NONE-,80GSFC21C0059,,,,2021-03-23,2021,2025-09-10,2025,2021-03-23,2027-09-30,,D,DEFINITIVE CONTRACT,,,THE COMPTON SPECTROMETER AND IMAGER (COSI),080,NATIONAL AERONAUTICS AND SPACE ADMINISTRATION (NASA),8000,NATIONAL AERONAUTICS AND SPACE ADMINISTRATION,80GSFC,NASA GODDARD SPACE FLIGHT CENTER,080,NATIONAL AERONAUTICS AND SPACE ADMINISTRATION (NASA),8000,NATIONAL AERONAUTICS AND SPACE ADMINISTRATION,80GSFC,NASA GODDARD SPACE FLIGHT CENTER,GS3YEVSS12N6,,"REGENTS OF THE UNIVERSITY OF CALIFORNIA, THE","REGENTS OF THE UNIVERSITY OF CALIFORNIA, THE",GS3YEVSS12N6,GS3YEVSS12N6,"REGENTS OF THE UNIVERSITY OF CALIFORNIA, THE",REGENTS OF THE UNIVERSITY OF CALIFORNIA  THE,USA,CA,ALAMEDA,BERKELEY,CA-12,CA-12,947101749,UNITED STATES,CALIFORNIA,ALAMEDA,CA-12,CA-12,947101749,,,AR11,"SPACE R&D SERVICES; SPACE FLIGHT, RESEARCH AND SUPPORTING ACTIVITIES; BASIC RESEARCH",541715,"RESEARCH AND DEVELOPMENT IN THE PHYSICAL, ENGINEERING, AND LIFE SCIENCES (EXCEPT NANOTECHNOLOGY AND BIOTECHNOLOGY)",,,https://www.usaspending.gov/award/CONT_AWD_80GSFC21C0059_8000_-NONE-_-NONE-/,2025-09-12
National Aeronautics and Space Administration,National Aeronautics and Space Administration,FY2025P10,,080,2024,2025,,0120,000,080-2024/2025-0120-000,"Science, National Aeronautics and Space Administration",National Aeronautics and Space Administration,,"General Science, Space, and Technology","Space flight, research, and supporting activities",080-0120,"Science, National Aeronautics and Space Administration",0001,SCIENCE (DIRECT),25.5,Research and development contracts,D,Q,Not Designated Nonemergency/Emergency/Disaster/Wildfire Suppression,,7311086.00,0.00,0.00,CONT_AWD_80GSFC21C0059_8000_-NONE-_-NONE-,80GSFC21C0059,,,,2021-03-23,2021,2025-09-10,2025,2021-03-23,2027-09-30,,D,DEFINITIVE CONTRACT,,,THE COMPTON SPECTROMETER AND IMAGER (COSI),080,NATIONAL AERONAUTICS AND SPACE ADMINISTRATION (NASA),8000,NATIONAL AERONAUTICS AND SPACE ADMINISTRATION,80GSFC,NASA GODDARD SPACE FLIGHT CENTER,080,NATIONAL AERONAUTICS AND SPACE ADMINISTRATION (NASA),8000,NATIONAL AERONAUTICS AND SPACE ADMINISTRATION,80GSFC,NASA GODDARD SPACE FLIGHT CENTER,GS3YEVSS12N6,,"REGENTS OF THE UNIVERSITY OF CALIFORNIA, THE","REGENTS OF THE UNIVERSITY OF CALIFORNIA, THE",GS3YEVSS12N6,GS3YEVSS12N6,"REGENTS OF THE UNIVERSITY OF CALIFORNIA, THE",REGENTS OF THE UNIVERSITY OF CALIFORNIA  THE,USA,CA,ALAMEDA,BERKELEY,CA-12,CA-12,947101749,UNITED STATES,CALIFORNIA,ALAMEDA,CA-12,CA-12,947101749,,,AR11,"SPACE R&D SERVICES; SPACE FLIGHT, RESEARCH AND SUPPORTING ACTIVITIES; BASIC RESEARCH",541715,"RESEARCH AND DEVELOPMENT IN THE PHYSICAL, ENGINEERING, AND LIFE SCIENCES (EXCEPT NANOTECHNOLOGY AND BIOTECHNOLOGY)",,,https://www.usaspending.gov/award/CONT_AWD_80GSFC21C0059_8000_-NONE-_-NONE-/,2025-09-12
National Aeronautics and Space Administration,National Aeronautics and Space Administration,FY2021P06,,080,2020,2021,,0120,000,080-2020/2021-0120-000,"Science, National Aeronautics and Space Administration",National Aeronautics and Space Administration,,"General Science, Space, and Technology","Space flight, research, and supporting activities",080-0120,"Science, National Aeronautics and Space Administration",0001,SCIENCE (DIRECT),25.5,Research and development contracts,D,Q,Not Designated Nonemergency/Emergency/Disaster/Wildfire Suppression,1514654.00,,,,CONT_AWD_80GSFC21C0059_8000_-NONE-_-NONE-,80GSFC21C0059,,,,2021-03-23,2021,2025-09-10,2025,2021-03-23,2027-09-30,,D,DEFINITIVE CONTRACT,,,THE COMPTON SPECTROMETER AND IMAGER (COSI),080,NATIONAL AERONAUTICS AND SPACE ADMINISTRATION (NASA),8000,NATIONAL AERONAUTICS AND SPACE ADMINISTRATION,80GSFC,NASA GODDARD SPACE FLIGHT CENTER,080,NATIONAL AERONAUTICS AND SPACE ADMINISTRATION (NASA),8000,NATIONAL AERONAUTICS AND SPACE ADMINISTRATION,80GSFC,NASA GODDARD SPACE FLIGHT CENTER,GS3YEVSS12N6,,"REGENTS OF THE UNIVERSITY OF CALIFORNIA, THE","REGENTS OF THE UNIVERSITY OF CALIFORNIA, THE",GS3YEVSS12N6,GS3YEVSS12N6,"REGENTS OF THE UNIVERSITY OF CALIFORNIA, THE",REGENTS OF THE UNIVERSITY OF CALIFORNIA  THE,USA,CA,ALAMEDA,BERKELEY,CA-12,CA-12,947101749,UNITED STATES,CALIFORNIA,ALAMEDA,CA-12,CA-12,947101749,,,AR11,"SPACE R&D SERVICES; SPACE FLIGHT, RESEARCH AND SUPPORTING ACTIVITIES; BASIC RESEARCH",541715,"RESEARCH AND DEVELOPMENT IN THE PHYSICAL, ENGINEERING, AND LIFE SCIENCES (EXCEPT NANOTECHNOLOGY AND BIOTECHNOLOGY)",,,https://www.usaspending.gov/award/CONT_AWD_80GSFC21C0059_8000_-NONE-_-NONE-/,2021-04-25
National Aeronautics and Space Administration,National Aeronautics and Space Administration,FY2021P12,,080,2020,2021,,0120,000,080-2020/2021-0120-000,"Science, National Aeronautics and Space Administration",National Aeronautics and Space Administration,,"General Science, Space, and Technology","Space flight, research, and supporting activities",080-0120,"Science, National Aeronautics and Space Administration",0001,SCIENCE (DIRECT),25.5,Research and development contracts,D,Q,Not Designated Nonemergency/Emergency/Disaster/Wildfire Suppression,,195087.34,,,CONT_AWD_80GSFC21C0059_8000_-NONE-_-NONE-,80GSFC21C0059,,,,2021-03-23,2021,2025-09-10,2025,2021-03-23,2027-09-30,,D,DEFINITIVE CONTRACT,,,THE COMPTON SPECTROMETER AND IMAGER (COSI),080,NATIONAL AERONAUTICS AND SPACE ADMINISTRATION (NASA),8000,NATIONAL AERONAUTICS AND SPACE ADMINISTRATION,80GSFC,NASA GODDARD SPACE FLIGHT CENTER,080,NATIONAL AERONAUTICS AND SPACE ADMINISTRATION (NASA),8000,NATIONAL AERONAUTICS AND SPACE ADMINISTRATION,80GSFC,NASA GODDARD SPACE FLIGHT CENTER,GS3YEVSS12N6,,"REGENTS OF THE UNIVERSITY OF CALIFORNIA, THE","REGENTS OF THE UNIVERSITY OF CALIFORNIA, THE",GS3YEVSS12N6,GS3YEVSS12N6,"REGENTS OF THE UNIVERSITY OF CALIFORNIA, THE",REGENTS OF THE UNIVERSITY OF CALIFORNIA  THE,USA,CA,ALAMEDA,BERKELEY,CA-12,CA-12,947101749,UNITED STATES,CALIFORNIA,ALAMEDA,CA-12,CA-12,947101749,,,AR11,"SPACE R&D SERVICES; SPACE FLIGHT, RESEARCH AND SUPPORTING ACTIVITIES; BASIC RESEARCH",541715,"RESEARCH AND DEVELOPMENT IN THE PHYSICAL, ENGINEERING, AND LIFE SCIENCES (EXCEPT NANOTECHNOLOGY AND BIOTECHNOLOGY)",,,https://www.usaspending.gov/award/CONT_AWD_80GSFC21C0059_8000_-NONE-_-NONE-/,2021-11-06
National Aeronautics and Space Administration,National Aeronautics and Space Administration,FY2022P02,,080,2022,2023,,0120,000,080-2022/2023-0120-000,"Science, National Aeronautics and Space Administration",National Aeronautics and Space Administration,,"General Science, Space, and Technology","Space flight, research, and supporting activities",080-0120,"Science, National Aeronautics and Space Administration",0001,SCIENCE (DIRECT),25.5,Research and development contracts,D,Q,Not Designated Nonemergency/Emergency/Disaster/Wildfire Suppression,1439097.00,,,,CONT_AWD_80GSFC21C0059_8000_-NONE-_-NONE-,80GSFC21C0059,,,,2021-03-23,2021,2025-09-10,2025,2021-03-23,2027-09-30,,D,DEFINITIVE CONTRACT,,,THE COMPTON SPECTROMETER AND IMAGER (COSI),080,NATIONAL AERONAUTICS AND SPACE ADMINISTRATION (NASA),8000,NATIONAL AERONAUTICS AND SPACE ADMINISTRATION,80GSFC,NASA GODDARD SPACE FLIGHT CENTER,080,NATIONAL AERONAUTICS AND SPACE ADMINISTRATION (NASA),8000,NATIONAL AERONAUTICS AND SPACE ADMINISTRATION,80GSFC,NASA GODDARD SPACE FLIGHT CENTER,GS3YEVSS12N6,,"REGENTS OF THE UNIVERSITY OF CALIFORNIA, THE","REGENTS OF THE UNIVERSITY OF CALIFORNIA, THE",GS3YEVSS12N6,GS3YEVSS12N6,"REGENTS OF THE UNIVERSITY OF CALIFORNIA, THE",REGENTS OF THE UNIVERSITY OF CALIFORNIA  THE,USA,CA,ALAMEDA,BERKELEY,CA-12,CA-12,947101749,UNITED STATES,CALIFORNIA,ALAMEDA,CA-12,CA-12,947101749,,,AR11,"SPACE R&D SERVICES; SPACE FLIGHT, RESEARCH AND SUPPORTING ACTIVITIES; BASIC RESEARCH",541715,"RESEARCH AND DEVELOPMENT IN THE PHYSICAL, ENGINEERING, AND LIFE SCIENCES (EXCEPT NANOTECHNOLOGY AND BIOTECHNOLOGY)",,,https://www.usaspending.gov/award/CONT_AWD_80GSFC21C0059_8000_-NONE-_-NONE-/,2021-12-20
National Aeronautics and Space Administration,National Aeronautics and Space Administration,FY2022P03,,080,2020,2021,,0120,000,080-2020/2021-0120-000,"Science, National Aeronautics and Space Administration",National Aeronautics and Space Administration,,"General Science, Space, and Technology","Space flight, research, and supporting activities",080-0120,"Science, National Aeronautics and Space Administration",0001,SCIENCE (DIRECT),25.5,Research and development contracts,D,Q,Not Designated Nonemergency/Emergency/Disaster/Wildfire Suppression,,5313.46,,,CONT_AWD_80GSFC21C0059_8000_-NONE-_-NONE-,80GSFC21C0059,,,,2021-03-23,2021,2025-09-10,2025,2021-03-23,2027-09-30,,D,DEFINITIVE CONTRACT,,,THE COMPTON SPECTROMETER AND IMAGER (COSI),080,NATIONAL AERONAUTICS AND SPACE ADMINISTRATION (NASA),8000,NATIONAL AERONAUTICS AND SPACE ADMINISTRATION,80GSFC,NASA GODDARD SPACE FLIGHT CENTER,080,NATIONAL AERONAUTICS AND SPACE ADMINISTRATION (NASA),8000,NATIONAL AERONAUTICS AND SPACE ADMINISTRATION,80GSFC,NASA GODDARD SPACE FLIGHT CENTER,GS3YEVSS12N6,,"REGENTS OF THE UNIVERSITY OF CALIFORNIA, THE","REGENTS OF THE UNIVERSITY OF CALIFORNIA, THE",GS3YEVSS12N6,GS3YEVSS12N6,"REGENTS OF THE UNIVERSITY OF CALIFORNIA, THE",REGENTS OF THE UNIVERSITY OF CALIFORNIA  THE,USA,CA,ALAMEDA,BERKELEY,CA-12,CA-12,947101749,UNITED STATES,CALIFORNIA,ALAMEDA,CA-12,CA-12,947101749,,,AR11,"SPACE R&D SERVICES; SPACE FLIGHT, RESEARCH AND SUPPORTING ACTIVITIES; BASIC RESEARCH",541715,"RESEARCH AND DEVELOPMENT IN THE PHYSICAL, ENGINEERING, AND LIFE SCIENCES (EXCEPT NANOTECHNOLOGY AND BIOTECHNOLOGY)",,,https://www.usaspending.gov/award/CONT_AWD_80GSFC21C0059_8000_-NONE-_-NONE-/,2022-01-25
National Aeronautics and Space Administration,National Aeronautics and Space Administration,FY2022P04,,080,2020,2021,,0120,000,080-2020/2021-0120-000,"Science, National Aeronautics and Space Administration",National Aeronautics and Space Administration,,"General Science, Space, and Technology","Space flight, research, and supporting activities",080-0120,"Science, National Aeronautics and Space Administration",0001,SCIENCE (DIRECT),25.5,Research and development contracts,D,Q,Not Designated Nonemergency/Emergency/Disaster/Wildfire Suppression,,5313.46,,,CONT_AWD_80GSFC21C0059_8000_-NONE-_-NONE-,80GSFC21C0059,,,,2021-03-23,2021,2025-09-10,2025,2021-03-23,2027-09-30,,D,DEFINITIVE CONTRACT,,,THE COMPTON SPECTROMETER AND IMAGER (COSI),080,NATIONAL AERONAUTICS AND SPACE ADMINISTRATION (NASA),8000,NATIONAL AERONAUTICS AND SPACE ADMINISTRATION,80GSFC,NASA GODDARD SPACE FLIGHT CENTER,080,NATIONAL AERONAUTICS AND SPACE ADMINISTRATION (NASA),8000,NATIONAL AERONAUTICS AND SPACE ADMINISTRATION,80GSFC,NASA GODDARD SPACE FLIGHT CENTER,GS3YEVSS12N6,,"REGENTS OF THE UNIVERSITY OF CALIFORNIA, THE","REGENTS OF THE UNIVERSITY OF CALIFORNIA, THE",GS3YEVSS12N6,GS3YEVSS12N6,"REGENTS OF THE UNIVERSITY OF CALIFORNIA, THE",REGENTS OF THE UNIVERSITY OF CALIFORNIA  THE,USA,CA,ALAMEDA,BERKELEY,CA-12,CA-12,947101749,UNITED STATES,CALIFORNIA,ALAMEDA,CA-12,CA-12,947101749,,,AR11,"SPACE R&D SERVICES; SPACE FLIGHT, RESEARCH AND SUPPORTING ACTIVITIES; BASIC RESEARCH",541715,"RESEARCH AND DEVELOPMENT IN THE PHYSICAL, ENGINEERING, AND LIFE SCIENCES (EXCEPT NANOTECHNOLOGY AND BIOTECHNOLOGY)",,,https://www.usaspending.gov/award/CONT_AWD_80GSFC21C0059_8000_-NONE-_-NONE-/,2022-02-24
National Aeronautics and Space Administration,National Aeronautics and Space Administration,FY2022P05,,080,2020,2021,,0120,000,080-2020/2021-0120-000,"Science, National Aeronautics and Space Administration",National Aeronautics and Space Administration,,"General Science, Space, and Technology","Space flight, research, and supporting activities",080-0120,"Science, National Aeronautics and Space Administration",0001,SCIENCE (DIRECT),25.5,Research and development contracts,D,Q,Not Designated Nonemergency/Emergency/Disaster/Wildfire Suppression,,5313.46,,,CONT_AWD_80GSFC21C0059_8000_-NONE-_-NONE-,80GSFC21C0059,,,,2021-03-23,2021,2025-09-10,2025,2021-03-23,2027-09-30,,D,DEFINITIVE CONTRACT,,,THE COMPTON SPECTROMETER AND IMAGER (COSI),080,NATIONAL AERONAUTICS AND SPACE ADMINISTRATION (NASA),8000,NATIONAL AERONAUTICS AND SPACE ADMINISTRATION,80GSFC,NASA GODDARD SPACE FLIGHT CENTER,080,NATIONAL AERONAUTICS AND SPACE ADMINISTRATION (NASA),8000,NATIONAL AERONAUTICS AND SPACE ADMINISTRATION,80GSFC,NASA GODDARD SPACE FLIGHT CENTER,GS3YEVSS12N6,,"REGENTS OF THE UNIVERSITY OF CALIFORNIA, THE","REGENTS OF THE UNIVERSITY OF CALIFORNIA, THE",GS3YEVSS12N6,GS3YEVSS12N6,"REGENTS OF THE UNIVERSITY OF CALIFORNIA, THE",REGENTS OF THE UNIVERSITY OF CALIFORNIA  THE,USA,CA,ALAMEDA,BERKELEY,CA-12,CA-12,947101749,UNITED STATES,CALIFORNIA,ALAMEDA,CA-12,CA-12,947101749,,,AR11,"SPACE R&D SERVICES; SPACE FLIGHT, RESEARCH AND SUPPORTING ACTIVITIES; BASIC RESEARCH",541715,"RESEARCH AND DEVELOPMENT IN THE PHYSICAL, ENGINEERING, AND LIFE SCIENCES (EXCEPT NANOTECHNOLOGY AND BIOTECHNOLOGY)",,,https://www.usaspending.gov/award/CONT_AWD_80GSFC21C0059_8000_-NONE-_-NONE-/,2022-03-28
National Aeronautics and Space Administration,National Aeronautics and Space Administration,FY2022P06,,080,2020,2021,,0120,000,080-2020/2021-0120-000,"Science, National Aeronautics and Space Administration",National Aeronautics and Space Administration,,"General Science, Space, and Technology","Space flight, research, and supporting activities",080-0120,"Science, National Aeronautics and Space Administration",0001,SCIENCE (DIRECT),25.5,Research and development contracts,D,Q,Not Designated Nonemergency/Emergency/Disaster/Wildfire Suppression,,5313.46,,,CONT_AWD_80GSFC21C0059_8000_-NONE-_-NONE-,80GSFC21C0059,,,,2021-03-23,2021,2025-09-10,2025,2021-03-23,2027-09-30,,D,DEFINITIVE CONTRACT,,,THE COMPTON SPECTROMETER AND IMAGER (COSI),080,NATIONAL AERONAUTICS AND SPACE ADMINISTRATION (NASA),8000,NATIONAL AERONAUTICS AND SPACE ADMINISTRATION,80GSFC,NASA GODDARD SPACE FLIGHT CENTER,080,NATIONAL AERONAUTICS AND SPACE ADMINISTRATION (NASA),8000,NATIONAL AERONAUTICS AND SPACE ADMINISTRATION,80GSFC,NASA GODDARD SPACE FLIGHT CENTER,GS3YEVSS12N6,,"REGENTS OF THE UNIVERSITY OF CALIFORNIA, THE","REGENTS OF THE UNIVERSITY OF CALIFORNIA, THE",GS3YEVSS12N6,GS3YEVSS12N6,"REGENTS OF THE UNIVERSITY OF CALIFORNIA, THE",REGENTS OF THE UNIVERSITY OF CALIFORNIA  THE,USA,CA,ALAMEDA,BERKELEY,CA-12,CA-12,947101749,UNITED STATES,CALIFORNIA,ALAMEDA,CA-12,CA-12,947101749,,,AR11,"SPACE R&D SERVICES; SPACE FLIGHT, RESEARCH AND SUPPORTING ACTIVITIES; BASIC RESEARCH",541715,"RESEARCH AND DEVELOPMENT IN THE PHYSICAL, ENGINEERING, AND LIFE SCIENCES (EXCEPT NANOTECHNOLOGY AND BIOTECHNOLOGY)",,,https://www.usaspending.gov/award/CONT_AWD_80GSFC21C0059_8000_-NONE-_-NONE-/,2022-04-25
National Aeronautics and Space Administration,National Aeronautics and Space Administration,FY2022P07,,080,2022,2023,,0120,000,080-2022/2023-0120-000,"Science, National Aeronautics and Space Administration",National Aeronautics and Space Administration,,"General Science, Space, and Technology","Space flight, research, and supporting activities",080-0120,"Science, National Aeronautics and Space Administration",0001,SCIENCE (DIRECT),25.5,Research and development contracts,D,Q,Not Designated Nonemergency/Emergency/Disaster/Wildfire Suppression,4277815.00,,,,CONT_AWD_80GSFC21C0059_8000_-NONE-_-NONE-,80GSFC21C0059,,,,2021-03-23,2021,2025-09-10,2025,2021-03-23,2027-09-30,,D,DEFINITIVE CONTRACT,,,THE COMPTON SPECTROMETER AND IMAGER (COSI),080,NATIONAL AERONAUTICS AND SPACE ADMINISTRATION (NASA),8000,NATIONAL AERONAUTICS AND SPACE ADMINISTRATION,80GSFC,NASA GODDARD SPACE FLIGHT CENTER,080,NATIONAL AERONAUTICS AND SPACE ADMINISTRATION (NASA),8000,NATIONAL AERONAUTICS AND SPACE ADMINISTRATION,80GSFC,NASA GODDARD SPACE FLIGHT CENTER,GS3YEVSS12N6,,"REGENTS OF THE UNIVERSITY OF CALIFORNIA, THE","REGENTS OF THE UNIVERSITY OF CALIFORNIA, THE",GS3YEVSS12N6,GS3YEVSS12N6,"REGENTS OF THE UNIVERSITY OF CALIFORNIA, THE",REGENTS OF THE UNIVERSITY OF CALIFORNIA  THE,USA,CA,ALAMEDA,BERKELEY,CA-12,CA-12,947101749,UNITED STATES,CALIFORNIA,ALAMEDA,CA-12,CA-12,947101749,,,AR11,"SPACE R&D SERVICES; SPACE FLIGHT, RESEARCH AND SUPPORTING ACTIVITIES; BASIC RESEARCH",541715,"RESEARCH AND DEVELOPMENT IN THE PHYSICAL, ENGINEERING, AND LIFE SCIENCES (EXCEPT NANOTECHNOLOGY AND BIOTECHNOLOGY)",,,https://www.usaspending.gov/award/CONT_AWD_80GSFC21C0059_8000_-NONE-_-NONE-/,2022-05-25
National Aeronautics and Space Administration,National Aeronautics and Space Administration,FY2022P07,,080,2020,2021,,0120,000,080-2020/2021-0120-000,"Science, National Aeronautics and Space Administration",National Aeronautics and Space Administration,,"General Science, Space, and Technology","Space flight, research, and supporting activities",080-0120,"Science, National Aeronautics and Space Administration",0001,SCIENCE (DIRECT),25.5,Research and development contracts,D,Q,Not Designated Nonemergency/Emergency/Disaster/Wildfire Suppression,,5313.46,,,CONT_AWD_80GSFC21C0059_8000_-NONE-_-NONE-,80GSFC21C0059,,,,2021-03-23,2021,2025-09-10,2025,2021-03-23,2027-09-30,,D,DEFINITIVE CONTRACT,,,THE COMPTON SPECTROMETER AND IMAGER (COSI),080,NATIONAL AERONAUTICS AND SPACE ADMINISTRATION (NASA),8000,NATIONAL AERONAUTICS AND SPACE ADMINISTRATION,80GSFC,NASA GODDARD SPACE FLIGHT CENTER,080,NATIONAL AERONAUTICS AND SPACE ADMINISTRATION (NASA),8000,NATIONAL AERONAUTICS AND SPACE ADMINISTRATION,80GSFC,NASA GODDARD SPACE FLIGHT CENTER,GS3YEVSS12N6,,"REGENTS OF THE UNIVERSITY OF CALIFORNIA, THE","REGENTS OF THE UNIVERSITY OF CALIFORNIA, THE",GS3YEVSS12N6,GS3YEVSS12N6,"REGENTS OF THE UNIVERSITY OF CALIFORNIA, THE",REGENTS OF THE UNIVERSITY OF CALIFORNIA  THE,USA,CA,ALAMEDA,BERKELEY,CA-12,CA-12,947101749,UNITED STATES,CALIFORNIA,ALAMEDA,CA-12,CA-12,947101749,,,AR11,"SPACE R&D SERVICES; SPACE FLIGHT, RESEARCH AND SUPPORTING ACTIVITIES; BASIC RESEARCH",541715,"RESEARCH AND DEVELOPMENT IN THE PHYSICAL, ENGINEERING, AND LIFE SCIENCES (EXCEPT NANOTECHNOLOGY AND BIOTECHNOLOGY)",,,https://www.usaspending.gov/award/CONT_AWD_80GSFC21C0059_8000_-NONE-_-NONE-/,2022-05-25
National Aeronautics and Space Administration,National Aeronautics and Space Administration,FY2022P08,,080,2022,2023,,0120,000,080-2022/2023-0120-000,"Science, National Aeronautics and Space Administration",National Aeronautics and Space Administration,,"General Science, Space, and Technology","Space flight, research, and supporting activities",080-0120,"Science, National Aeronautics and Space Administration",0001,SCIENCE (DIRECT),25.5,Research and development contracts,D,Q,Not Designated Nonemergency/Emergency/Disaster/Wildfire Suppression,,177105.05,,,CONT_AWD_80GSFC21C0059_8000_-NONE-_-NONE-,80GSFC21C0059,,,,2021-03-23,2021,2025-09-10,2025,2021-03-23,2027-09-30,,D,DEFINITIVE CONTRACT,,,THE COMPTON SPECTROMETER AND IMAGER (COSI),080,NATIONAL AERONAUTICS AND SPACE ADMINISTRATION (NASA),8000,NATIONAL AERONAUTICS AND SPACE ADMINISTRATION,80GSFC,NASA GODDARD SPACE FLIGHT CENTER,080,NATIONAL AERONAUTICS AND SPACE ADMINISTRATION (NASA),8000,NATIONAL AERONAUTICS AND SPACE ADMINISTRATION,80GSFC,NASA GODDARD SPACE FLIGHT CENTER,GS3YEVSS12N6,,"REGENTS OF THE UNIVERSITY OF CALIFORNIA, THE","REGENTS OF THE UNIVERSITY OF CALIFORNIA, THE",GS3YEVSS12N6,GS3YEVSS12N6,"REGENTS OF THE UNIVERSITY OF CALIFORNIA, THE",REGENTS OF THE UNIVERSITY OF CALIFORNIA  THE,USA,CA,ALAMEDA,BERKELEY,CA-12,CA-12,947101749,UNITED STATES,CALIFORNIA,ALAMEDA,CA-12,CA-12,947101749,,,AR11,"SPACE R&D SERVICES; SPACE FLIGHT, RESEARCH AND SUPPORTING ACTIVITIES; BASIC RESEARCH",541715,"RESEARCH AND DEVELOPMENT IN THE PHYSICAL, ENGINEERING, AND LIFE SCIENCES (EXCEPT NANOTECHNOLOGY AND BIOTECHNOLOGY)",,,https://www.usaspending.gov/award/CONT_AWD_80GSFC21C0059_8000_-NONE-_-NONE-/,2022-06-27
National Aeronautics and Space Administration,National Aeronautics and Space Administration,FY2022P08,,080,2020,2021,,0120,000,080-2020/2021-0120-000,"Science, National Aeronautics and Space Administration",National Aeronautics and Space Administration,,"General Science, Space, and Technology","Space flight, research, and supporting activities",080-0120,"Science, National Aeronautics and Space Administration",0001,SCIENCE (DIRECT),25.5,Research and development contracts,D,Q,Not Designated Nonemergency/Emergency/Disaster/Wildfire Suppression,,667421.12,,,CONT_AWD_80GSFC21C0059_8000_-NONE-_-NONE-,80GSFC21C0059,,,,2021-03-23,2021,2025-09-10,2025,2021-03-23,2027-09-30,,D,DEFINITIVE CONTRACT,,,THE COMPTON SPECTROMETER AND IMAGER (COSI),080,NATIONAL AERONAUTICS AND SPACE ADMINISTRATION (NASA),8000,NATIONAL AERONAUTICS AND SPACE ADMINISTRATION,80GSFC,NASA GODDARD SPACE FLIGHT CENTER,080,NATIONAL AERONAUTICS AND SPACE ADMINISTRATION (NASA),8000,NATIONAL AERONAUTICS AND SPACE ADMINISTRATION,80GSFC,NASA GODDARD SPACE FLIGHT CENTER,GS3YEVSS12N6,,"REGENTS OF THE UNIVERSITY OF CALIFORNIA, THE","REGENTS OF THE UNIVERSITY OF CALIFORNIA, THE",GS3YEVSS12N6,GS3YEVSS12N6,"REGENTS OF THE UNIVERSITY OF CALIFORNIA, THE",REGENTS OF THE UNIVERSITY OF CALIFORNIA  THE,USA,CA,ALAMEDA,BERKELEY,CA-12,CA-12,947101749,UNITED STATES,CALIFORNIA,ALAMEDA,CA-12,CA-12,947101749,,,AR11,"SPACE R&D SERVICES; SPACE FLIGHT, RESEARCH AND SUPPORTING ACTIVITIES; BASIC RESEARCH",541715,"RESEARCH AND DEVELOPMENT IN THE PHYSICAL, ENGINEERING, AND LIFE SCIENCES (EXCEPT NANOTECHNOLOGY AND BIOTECHNOLOGY)",,,https://www.usaspending.gov/award/CONT_AWD_80GSFC21C0059_8000_-NONE-_-NONE-/,2022-06-27
National Aeronautics and Space Administration,National Aeronautics and Space Administration,FY2022P09,,080,2022,2023,,0120,000,080-2022/2023-0120-000,"Science, National Aeronautics and Space Administration",National Aeronautics and Space Administration,,"General Science, Space, and Technology","Space flight, research, and supporting activities",080-0120,"Science, National Aeronautics and Space Administration",0001,SCIENCE (DIRECT),25.5,Research and development contracts,D,Q,Not Designated Nonemergency/Emergency/Disaster/Wildfire Suppression,,762276.30,,,CONT_AWD_80GSFC21C0059_8000_-NONE-_-NONE-,80GSFC21C0059,,,,2021-03-23,2021,2025-09-10,2025,2021-03-23,2027-09-30,,D,DEFINITIVE CONTRACT,,,THE COMPTON SPECTROMETER AND IMAGER (COSI),080,NATIONAL AERONAUTICS AND SPACE ADMINISTRATION (NASA),8000,NATIONAL AERONAUTICS AND SPACE ADMINISTRATION,80GSFC,NASA GODDARD SPACE FLIGHT CENTER,080,NATIONAL AERONAUTICS AND SPACE ADMINISTRATION (NASA),8000,NATIONAL AERONAUTICS AND SPACE ADMINISTRATION,80GSFC,NASA GODDARD SPACE FLIGHT CENTER,GS3YEVSS12N6,,"REGENTS OF THE UNIVERSITY OF CALIFORNIA, THE","REGENTS OF THE UNIVERSITY OF CALIFORNIA, THE",GS3YEVSS12N6,GS3YEVSS12N6,"REGENTS OF THE UNIVERSITY OF CALIFORNIA, THE",REGENTS OF THE UNIVERSITY OF CALIFORNIA  THE,USA,CA,ALAMEDA,BERKELEY,CA-12,CA-12,947101749,UNITED STATES,CALIFORNIA,ALAMEDA,CA-12,CA-12,947101749,,,AR11,"SPACE R&D SERVICES; SPACE FLIGHT, RESEARCH AND SUPPORTING ACTIVITIES; BASIC RESEARCH",541715,"RESEARCH AND DEVELOPMENT IN THE PHYSICAL, ENGINEERING, AND LIFE SCIENCES (EXCEPT NANOTECHNOLOGY AND BIOTECHNOLOGY)",,,https://www.usaspending.gov/award/CONT_AWD_80GSFC21C0059_8000_-NONE-_-NONE-/,2022-07-27
National Aeronautics and Space Administration,National Aeronautics and Space Administration,FY2022P09,,080,2022,2023,,0120,000,080-2022/2023-0120-000,"Science, National Aeronautics and Space Administration",National Aeronautics and Space Administration,,"General Science, Space, and Technology","Space flight, research, and supporting activities",080-0120,"Science, National Aeronautics and Space Administration",0001,SCIENCE (DIRECT),25.5,Research and development contracts,D,Q,Not Designated Nonemergency/Emergency/Disaster/Wildfire Suppression,2988998.00,,,,CONT_AWD_80GSFC21C0059_8000_-NONE-_-NONE-,80GSFC21C0059,,,,2021-03-23,2021,2025-09-10,2025,2021-03-23,2027-09-30,,D,DEFINITIVE CONTRACT,,,THE COMPTON SPECTROMETER AND IMAGER (COSI),080,NATIONAL AERONAUTICS AND SPACE ADMINISTRATION (NASA),8000,NATIONAL AERONAUTICS AND SPACE ADMINISTRATION,80GSFC,NASA GODDARD SPACE FLIGHT CENTER,080,NATIONAL AERONAUTICS AND SPACE ADMINISTRATION (NASA),8000,NATIONAL AERONAUTICS AND SPACE ADMINISTRATION,80GSFC,NASA GODDARD SPACE FLIGHT CENTER,GS3YEVSS12N6,,"REGENTS OF THE UNIVERSITY OF CALIFORNIA, THE","REGENTS OF THE UNIVERSITY OF CALIFORNIA, THE",GS3YEVSS12N6,GS3YEVSS12N6,"REGENTS OF THE UNIVERSITY OF CALIFORNIA, THE",REGENTS OF THE UNIVERSITY OF CALIFORNIA  THE,USA,CA,ALAMEDA,BERKELEY,CA-12,CA-12,947101749,UNITED STATES,CALIFORNIA,ALAMEDA,CA-12,CA-12,947101749,,,AR11,"SPACE R&D SERVICES; SPACE FLIGHT, RESEARCH AND SUPPORTING ACTIVITIES; BASIC RESEARCH",541715,"RESEARCH AND DEVELOPMENT IN THE PHYSICAL, ENGINEERING, AND LIFE SCIENCES (EXCEPT NANOTECHNOLOGY AND BIOTECHNOLOGY)",,,https://www.usaspending.gov/award/CONT_AWD_80GSFC21C0059_8000_-NONE-_-NONE-/,2022-07-27
National Aeronautics and Space Administration,National Aeronautics and Space Administration,FY2022P09,,080,2020,2021,,0120,000,080-2020/2021-0120-000,"Science, National Aeronautics and Space Administration",National Aeronautics and Space Administration,,"General Science, Space, and Technology","Space flight, research, and supporting activities",080-0120,"Science, National Aeronautics and Space Administration",0001,SCIENCE (DIRECT),25.5,Research and development contracts,D,Q,Not Designated Nonemergency/Emergency/Disaster/Wildfire Suppression,,1119934.96,,,CONT_AWD_80GSFC21C0059_8000_-NONE-_-NONE-,80GSFC21C0059,,,,2021-03-23,2021,2025-09-10,2025,2021-03-23,2027-09-30,,D,DEFINITIVE CONTRACT,,,THE COMPTON SPECTROMETER AND IMAGER (COSI),080,NATIONAL AERONAUTICS AND SPACE ADMINISTRATION (NASA),8000,NATIONAL AERONAUTICS AND SPACE ADMINISTRATION,80GSFC,NASA GODDARD SPACE FLIGHT CENTER,080,NATIONAL AERONAUTICS AND SPACE ADMINISTRATION (NASA),8000,NATIONAL AERONAUTICS AND SPACE ADMINISTRATION,80GSFC,NASA GODDARD SPACE FLIGHT CENTER,GS3YEVSS12N6,,"REGENTS OF THE UNIVERSITY OF CALIFORNIA, THE","REGENTS OF THE UNIVERSITY OF CALIFORNIA, THE",GS3YEVSS12N6,GS3YEVSS12N6,"REGENTS OF THE UNIVERSITY OF CALIFORNIA, THE",REGENTS OF THE UNIVERSITY OF CALIFORNIA  THE,USA,CA,ALAMEDA,BERKELEY,CA-12,CA-12,947101749,UNITED STATES,CALIFORNIA,ALAMEDA,CA-12,CA-12,947101749,,,AR11,"SPACE R&D SERVICES; SPACE FLIGHT, RESEARCH AND SUPPORTING ACTIVITIES; BASIC RESEARCH",541715,"RESEARCH AND DEVELOPMENT IN THE PHYSICAL, ENGINEERING, AND LIFE SCIENCES (EXCEPT NANOTECHNOLOGY AND BIOTECHNOLOGY)",,,https://www.usaspending.gov/award/CONT_AWD_80GSFC21C0059_8000_-NONE-_-NONE-/,2022-07-27
National Aeronautics and Space Administration,National Aeronautics and Space Administration,FY2022P10,,080,2022,2023,,0120,000,080-2022/2023-0120-000,"Science, National Aeronautics and Space Administration",National Aeronautics and Space Administration,,"General Science, Space, and Technology","Space flight, research, and supporting activities",080-0120,"Science, National Aeronautics and Space Administration",0001,SCIENCE (DIRECT),25.5,Research and development contracts,D,Q,Not Designated Nonemergency/Emergency/Disaster/Wildfire Suppression,,762276.30,,,CONT_AWD_80GSFC21C0059_8000_-NONE-_-NONE-,80GSFC21C0059,,,,2021-03-23,2021,2025-09-10,2025,2021-03-23,2027-09-30,,D,DEFINITIVE CONTRACT,,,THE COMPTON SPECTROMETER AND IMAGER (COSI),080,NATIONAL AERONAUTICS AND SPACE ADMINISTRATION (NASA),8000,NATIONAL AERONAUTICS AND SPACE ADMINISTRATION,80GSFC,NASA GODDARD SPACE FLIGHT CENTER,080,NATIONAL AERONAUTICS AND SPACE ADMINISTRATION (NASA),8000,NATIONAL AERONAUTICS AND SPACE ADMINISTRATION,80GSFC,NASA GODDARD SPACE FLIGHT CENTER,GS3YEVSS12N6,,"REGENTS OF THE UNIVERSITY OF CALIFORNIA, THE","REGENTS OF THE UNIVERSITY OF CALIFORNIA, THE",GS3YEVSS12N6,GS3YEVSS12N6,"REGENTS OF THE UNIVERSITY OF CALIFORNIA, THE",REGENTS OF THE UNIVERSITY OF CALIFORNIA  THE,USA,CA,ALAMEDA,BERKELEY,CA-12,CA-12,947101749,UNITED STATES,CALIFORNIA,ALAMEDA,CA-12,CA-12,947101749,,,AR11,"SPACE R&D SERVICES; SPACE FLIGHT, RESEARCH AND SUPPORTING ACTIVITIES; BASIC RESEARCH",541715,"RESEARCH AND DEVELOPMENT IN THE PHYSICAL, ENGINEERING, AND LIFE SCIENCES (EXCEPT NANOTECHNOLOGY AND BIOTECHNOLOGY)",,,https://www.usaspending.gov/award/CONT_AWD_80GSFC21C0059_8000_-NONE-_-NONE-/,2022-08-24
National Aeronautics and Space Administration,National Aeronautics and Space Administration,FY2022P10,,080,2020,2021,,0120,000,080-2020/2021-0120-000,"Science, National Aeronautics and Space Administration",National Aeronautics and Space Administration,,"General Science, Space, and Technology","Space flight, research, and supporting activities",080-0120,"Science, National Aeronautics and Space Administration",0001,SCIENCE (DIRECT),25.5,Research and development contracts,D,Q,Not Designated Nonemergency/Emergency/Disaster/Wildfire Suppression,,1119934.96,,,CONT_AWD_80GSFC21C0059_8000_-NONE-_-NONE-,80GSFC21C0059,,,,2021-03-23,2021,2025-09-10,2025,2021-03-23,2027-09-30,,D,DEFINITIVE CONTRACT,,,THE COMPTON SPECTROMETER AND IMAGER (COSI),080,NATIONAL AERONAUTICS AND SPACE ADMINISTRATION (NASA),8000,NATIONAL AERONAUTICS AND SPACE ADMINISTRATION,80GSFC,NASA GODDARD SPACE FLIGHT CENTER,080,NATIONAL AERONAUTICS AND SPACE ADMINISTRATION (NASA),8000,NATIONAL AERONAUTICS AND SPACE ADMINISTRATION,80GSFC,NASA GODDARD SPACE FLIGHT CENTER,GS3YEVSS12N6,,"REGENTS OF THE UNIVERSITY OF CALIFORNIA, THE","REGENTS OF THE UNIVERSITY OF CALIFORNIA, THE",GS3YEVSS12N6,GS3YEVSS12N6,"REGENTS OF THE UNIVERSITY OF CALIFORNIA, THE",REGENTS OF THE UNIVERSITY OF CALIFORNIA  THE,USA,CA,ALAMEDA,BERKELEY,CA-12,CA-12,947101749,UNITED STATES,CALIFORNIA,ALAMEDA,CA-12,CA-12,947101749,,,AR11,"SPACE R&D SERVICES; SPACE FLIGHT, RESEARCH AND SUPPORTING ACTIVITIES; BASIC RESEARCH",541715,"RESEARCH AND DEVELOPMENT IN THE PHYSICAL, ENGINEERING, AND LIFE SCIENCES (EXCEPT NANOTECHNOLOGY AND BIOTECHNOLOGY)",,,https://www.usaspending.gov/award/CONT_AWD_80GSFC21C0059_8000_-NONE-_-NONE-/,2022-08-24
National Aeronautics and Space Administration,National Aeronautics and Space Administration,FY2022P11,,080,2022,2023,,0120,000,080-2022/2023-0120-000,"Science, National Aeronautics and Space Administration",National Aeronautics and Space Administration,,"General Science, Space, and Technology","Space flight, research, and supporting activities",080-0120,"Science, National Aeronautics and Space Administration",0001,SCIENCE (DIRECT),25.5,Research and development contracts,D,Q,Not Designated Nonemergency/Emergency/Disaster/Wildfire Suppression,,762276.30,,,CONT_AWD_80GSFC21C0059_8000_-NONE-_-NONE-,80GSFC21C0059,,,,2021-03-23,2021,2025-09-10,2025,2021-03-23,2027-09-30,,D,DEFINITIVE CONTRACT,,,THE COMPTON SPECTROMETER AND IMAGER (COSI),080,NATIONAL AERONAUTICS AND SPACE ADMINISTRATION (NASA),8000,NATIONAL AERONAUTICS AND SPACE ADMINISTRATION,80GSFC,NASA GODDARD SPACE FLIGHT CENTER,080,NATIONAL AERONAUTICS AND SPACE ADMINISTRATION (NASA),8000,NATIONAL AERONAUTICS AND SPACE ADMINISTRATION,80GSFC,NASA GODDARD SPACE FLIGHT CENTER,GS3YEVSS12N6,,"REGENTS OF THE UNIVERSITY OF CALIFORNIA, THE","REGENTS OF THE UNIVERSITY OF CALIFORNIA, THE",GS3YEVSS12N6,GS3YEVSS12N6,"REGENTS OF THE UNIVERSITY OF CALIFORNIA, THE",REGENTS OF THE UNIVERSITY OF CALIFORNIA  THE,USA,CA,ALAMEDA,BERKELEY,CA-12,CA-12,947101749,UNITED STATES,CALIFORNIA,ALAMEDA,CA-12,CA-12,947101749,,,AR11,"SPACE R&D SERVICES; SPACE FLIGHT, RESEARCH AND SUPPORTING ACTIVITIES; BASIC RESEARCH",541715,"RESEARCH AND DEVELOPMENT IN THE PHYSICAL, ENGINEERING, AND LIFE SCIENCES (EXCEPT NANOTECHNOLOGY AND BIOTECHNOLOGY)",,,https://www.usaspending.gov/award/CONT_AWD_80GSFC21C0059_8000_-NONE-_-NONE-/,2022-09-25
National Aeronautics and Space Administration,National Aeronautics and Space Administration,FY2022P11,,080,2020,2021,,0120,000,080-2020/2021-0120-000,"Science, National Aeronautics and Space Administration",National Aeronautics and Space Administration,,"General Science, Space, and Technology","Space flight, research, and supporting activities",080-0120,"Science, National Aeronautics and Space Administration",0001,SCIENCE (DIRECT),25.5,Research and development contracts,D,Q,Not Designated Nonemergency/Emergency/Disaster/Wildfire Suppression,,1119934.96,,,CONT_AWD_80GSFC21C0059_8000_-NONE-_-NONE-,80GSFC21C0059,,,,2021-03-23,2021,2025-09-10,2025,2021-03-23,2027-09-30,,D,DEFINITIVE CONTRACT,,,THE COMPTON SPECTROMETER AND IMAGER (COSI),080,NATIONAL AERONAUTICS AND SPACE ADMINISTRATION (NASA),8000,NATIONAL AERONAUTICS AND SPACE ADMINISTRATION,80GSFC,NASA GODDARD SPACE FLIGHT CENTER,080,NATIONAL AERONAUTICS AND SPACE ADMINISTRATION (NASA),8000,NATIONAL AERONAUTICS AND SPACE ADMINISTRATION,80GSFC,NASA GODDARD SPACE FLIGHT CENTER,GS3YEVSS12N6,,"REGENTS OF THE UNIVERSITY OF CALIFORNIA, THE","REGENTS OF THE UNIVERSITY OF CALIFORNIA, THE",GS3YEVSS12N6,GS3YEVSS12N6,"REGENTS OF THE UNIVERSITY OF CALIFORNIA, THE",REGENTS OF THE UNIVERSITY OF CALIFORNIA  THE,USA,CA,ALAMEDA,BERKELEY,CA-12,CA-12,947101749,UNITED STATES,CALIFORNIA,ALAMEDA,CA-12,CA-12,947101749,,,AR11,"SPACE R&D SERVICES; SPACE FLIGHT, RESEARCH AND SUPPORTING ACTIVITIES; BASIC RESEARCH",541715,"RESEARCH AND DEVELOPMENT IN THE PHYSICAL, ENGINEERING, AND LIFE SCIENCES (EXCEPT NANOTECHNOLOGY AND BIOTECHNOLOGY)",,,https://www.usaspending.gov/award/CONT_AWD_80GSFC21C0059_8000_-NONE-_-NONE-/,2022-09-25
National Aeronautics and Space Administration,National Aeronautics and Space Administration,FY2022P12,,080,2022,2023,,0120,000,080-2022/2023-0120-000,"Science, National Aeronautics and Space Administration",National Aeronautics and Space Administration,,"General Science, Space, and Technology","Space flight, research, and supporting activities",080-0120,"Science, National Aeronautics and Space Administration",0001,SCIENCE (DIRECT),25.5,Research and development contracts,D,Q,Not Designated Nonemergency/Emergency/Disaster/Wildfire Suppression,,1571184.27,,,CONT_AWD_80GSFC21C0059_8000_-NONE-_-NONE-,80GSFC21C0059,,,,2021-03-23,2021,2025-09-10,2025,2021-03-23,2027-09-30,,D,DEFINITIVE CONTRACT,,,THE COMPTON SPECTROMETER AND IMAGER (COSI),080,NATIONAL AERONAUTICS AND SPACE ADMINISTRATION (NASA),8000,NATIONAL AERONAUTICS AND SPACE ADMINISTRATION,80GSFC,NASA GODDARD SPACE FLIGHT CENTER,080,NATIONAL AERONAUTICS AND SPACE ADMINISTRATION (NASA),8000,NATIONAL AERONAUTICS AND SPACE ADMINISTRATION,80GSFC,NASA GODDARD SPACE FLIGHT CENTER,GS3YEVSS12N6,,"REGENTS OF THE UNIVERSITY OF CALIFORNIA, THE","REGENTS OF THE UNIVERSITY OF CALIFORNIA, THE",GS3YEVSS12N6,GS3YEVSS12N6,"REGENTS OF THE UNIVERSITY OF CALIFORNIA, THE",REGENTS OF THE UNIVERSITY OF CALIFORNIA  THE,USA,CA,ALAMEDA,BERKELEY,CA-12,CA-12,947101749,UNITED STATES,CALIFORNIA,ALAMEDA,CA-12,CA-12,947101749,,,AR11,"SPACE R&D SERVICES; SPACE FLIGHT, RESEARCH AND SUPPORTING ACTIVITIES; BASIC RESEARCH",541715,"RESEARCH AND DEVELOPMENT IN THE PHYSICAL, ENGINEERING, AND LIFE SCIENCES (EXCEPT NANOTECHNOLOGY AND BIOTECHNOLOGY)",,,https://www.usaspending.gov/award/CONT_AWD_80GSFC21C0059_8000_-NONE-_-NONE-/,2022-11-02
National Aeronautics and Space Administration,National Aeronautics and Space Administration,FY2022P12,,080,2022,2023,,0120,000,080-2022/2023-0120-000,"Science, National Aeronautics and Space Administration",National Aeronautics and Space Administration,,"General Science, Space, and Technology","Space flight, research, and supporting activities",080-0120,"Science, National Aeronautics and Space Administration",0001,SCIENCE (DIRECT),25.5,Research and development contracts,D,Q,Not Designated Nonemergency/Emergency/Disaster/Wildfire Suppression,10122892.00,,,,CONT_AWD_80GSFC21C0059_8000_-NONE-_-NONE-,80GSFC21C0059,,,,2021-03-23,2021,2025-09-10,2025,2021-03-23,2027-09-30,,D,DEFINITIVE CONTRACT,,,THE COMPTON SPECTROMETER AND IMAGER (COSI),080,NATIONAL AERONAUTICS AND SPACE ADMINISTRATION (NASA),8000,NATIONAL AERONAUTICS AND SPACE ADMINISTRATION,80GSFC,NASA GODDARD SPACE FLIGHT CENTER,080,NATIONAL AERONAUTICS AND SPACE ADMINISTRATION (NASA),8000,NATIONAL AERONAUTICS AND SPACE ADMINISTRATION,80GSFC,NASA GODDARD SPACE FLIGHT CENTER,GS3YEVSS12N6,,"REGENTS OF THE UNIVERSITY OF CALIFORNIA, THE","REGENTS OF THE UNIVERSITY OF CALIFORNIA, THE",GS3YEVSS12N6,GS3YEVSS12N6,"REGENTS OF THE UNIVERSITY OF CALIFORNIA, THE",REGENTS OF THE UNIVERSITY OF CALIFORNIA  THE,USA,CA,ALAMEDA,BERKELEY,CA-12,CA-12,947101749,UNITED STATES,CALIFORNIA,ALAMEDA,CA-12,CA-12,947101749,,,AR11,"SPACE R&D SERVICES; SPACE FLIGHT, RESEARCH AND SUPPORTING ACTIVITIES; BASIC RESEARCH",541715,"RESEARCH AND DEVELOPMENT IN THE PHYSICAL, ENGINEERING, AND LIFE SCIENCES (EXCEPT NANOTECHNOLOGY AND BIOTECHNOLOGY)",,,https://www.usaspending.gov/award/CONT_AWD_80GSFC21C0059_8000_-NONE-_-NONE-/,2022-11-02
National Aeronautics and Space Administration,National Aeronautics and Space Administration,FY2022P12,,080,2020,2021,,0120,000,080-2020/2021-0120-000,"Science, National Aeronautics and Space Administration",National Aeronautics and Space Administration,,"General Science, Space, and Technology","Space flight, research, and supporting activities",080-0120,"Science, National Aeronautics and Space Administration",0001,SCIENCE (DIRECT),25.5,Research and development contracts,D,Q,Not Designated Nonemergency/Emergency/Disaster/Wildfire Suppression,,1119934.96,,,CONT_AWD_80GSFC21C0059_8000_-NONE-_-NONE-,80GSFC21C0059,,,,2021-03-23,2021,2025-09-10,2025,2021-03-23,2027-09-30,,D,DEFINITIVE CONTRACT,,,THE COMPTON SPECTROMETER AND IMAGER (COSI),080,NATIONAL AERONAUTICS AND SPACE ADMINISTRATION (NASA),8000,NATIONAL AERONAUTICS AND SPACE ADMINISTRATION,80GSFC,NASA GODDARD SPACE FLIGHT CENTER,080,NATIONAL AERONAUTICS AND SPACE ADMINISTRATION (NASA),8000,NATIONAL AERONAUTICS AND SPACE ADMINISTRATION,80GSFC,NASA GODDARD SPACE FLIGHT CENTER,GS3YEVSS12N6,,"REGENTS OF THE UNIVERSITY OF CALIFORNIA, THE","REGENTS OF THE UNIVERSITY OF CALIFORNIA, THE",GS3YEVSS12N6,GS3YEVSS12N6,"REGENTS OF THE UNIVERSITY OF CALIFORNIA, THE",REGENTS OF THE UNIVERSITY OF CALIFORNIA  THE,USA,CA,ALAMEDA,BERKELEY,CA-12,CA-12,947101749,UNITED STATES,CALIFORNIA,ALAMEDA,CA-12,CA-12,947101749,,,AR11,"SPACE R&D SERVICES; SPACE FLIGHT, RESEARCH AND SUPPORTING ACTIVITIES; BASIC RESEARCH",541715,"RESEARCH AND DEVELOPMENT IN THE PHYSICAL, ENGINEERING, AND LIFE SCIENCES (EXCEPT NANOTECHNOLOGY AND BIOTECHNOLOGY)",,,https://www.usaspending.gov/award/CONT_AWD_80GSFC21C0059_8000_-NONE-_-NONE-/,2022-11-02
National Aeronautics and Space Administration,National Aeronautics and Space Administration,FY2023P03,,080,2023,2024,,0120,000,080-2023/2024-0120-000,"Science, National Aeronautics and Space Administration",National Aeronautics and Space Administration,,"General Science, Space, and Technology","Space flight, research, and supporting activities",080-0120,"Science, National Aeronautics and Space Administration",0001,SCIENCE (DIRECT),25.5,Research and development contracts,D,Q,Not Designated Nonemergency/Emergency/Disaster/Wildfire Suppression,5481105.00,,,,CONT_AWD_80GSFC21C0059_8000_-NONE-_-NONE-,80GSFC21C0059,,,,2021-03-23,2021,2025-09-10,2025,2021-03-23,2027-09-30,,D,DEFINITIVE CONTRACT,,,THE COMPTON SPECTROMETER AND IMAGER (COSI),080,NATIONAL AERONAUTICS AND SPACE ADMINISTRATION (NASA),8000,NATIONAL AERONAUTICS AND SPACE ADMINISTRATION,80GSFC,NASA GODDARD SPACE FLIGHT CENTER,080,NATIONAL AERONAUTICS AND SPACE ADMINISTRATION (NASA),8000,NATIONAL AERONAUTICS AND SPACE ADMINISTRATION,80GSFC,NASA GODDARD SPACE FLIGHT CENTER,GS3YEVSS12N6,,"REGENTS OF THE UNIVERSITY OF CALIFORNIA, THE","REGENTS OF THE UNIVERSITY OF CALIFORNIA, THE",GS3YEVSS12N6,GS3YEVSS12N6,"REGENTS OF THE UNIVERSITY OF CALIFORNIA, THE",REGENTS OF THE UNIVERSITY OF CALIFORNIA  THE,USA,CA,ALAMEDA,BERKELEY,CA-12,CA-12,947101749,UNITED STATES,CALIFORNIA,ALAMEDA,CA-12,CA-12,947101749,,,AR11,"SPACE R&D SERVICES; SPACE FLIGHT, RESEARCH AND SUPPORTING ACTIVITIES; BASIC RESEARCH",541715,"RESEARCH AND DEVELOPMENT IN THE PHYSICAL, ENGINEERING, AND LIFE SCIENCES (EXCEPT NANOTECHNOLOGY AND BIOTECHNOLOGY)",,,https://www.usaspending.gov/award/CONT_AWD_80GSFC21C0059_8000_-NONE-_-NONE-/,2023-01-31
National Aeronautics and Space Administration,National Aeronautics and Space Administration,FY2023P03,,080,2022,2023,,0120,000,080-2022/2023-0120-000,"Science, National Aeronautics and Space Administration",National Aeronautics and Space Administration,,"General Science, Space, and Technology","Space flight, research, and supporting activities",080-0120,"Science, National Aeronautics and Space Administration",0001,SCIENCE (DIRECT),25.5,Research and development contracts,D,Q,Not Designated Nonemergency/Emergency/Disaster/Wildfire Suppression,,496644.29,,,CONT_AWD_80GSFC21C0059_8000_-NONE-_-NONE-,80GSFC21C0059,,,,2021-03-23,2021,2025-09-10,2025,2021-03-23,2027-09-30,,D,DEFINITIVE CONTRACT,,,THE COMPTON SPECTROMETER AND IMAGER (COSI),080,NATIONAL AERONAUTICS AND SPACE ADMINISTRATION (NASA),8000,NATIONAL AERONAUTICS AND SPACE ADMINISTRATION,80GSFC,NASA GODDARD SPACE FLIGHT CENTER,080,NATIONAL AERONAUTICS AND SPACE ADMINISTRATION (NASA),8000,NATIONAL AERONAUTICS AND SPACE ADMINISTRATION,80GSFC,NASA GODDARD SPACE FLIGHT CENTER,GS3YEVSS12N6,,"REGENTS OF THE UNIVERSITY OF CALIFORNIA, THE","REGENTS OF THE UNIVERSITY OF CALIFORNIA, THE",GS3YEVSS12N6,GS3YEVSS12N6,"REGENTS OF THE UNIVERSITY OF CALIFORNIA, THE",REGENTS OF THE UNIVERSITY OF CALIFORNIA  THE,USA,CA,ALAMEDA,BERKELEY,CA-12,CA-12,947101749,UNITED STATES,CALIFORNIA,ALAMEDA,CA-12,CA-12,947101749,,,AR11,"SPACE R&D SERVICES; SPACE FLIGHT, RESEARCH AND SUPPORTING ACTIVITIES; BASIC RESEARCH",541715,"RESEARCH AND DEVELOPMENT IN THE PHYSICAL, ENGINEERING, AND LIFE SCIENCES (EXCEPT NANOTECHNOLOGY AND BIOTECHNOLOGY)",,,https://www.usaspending.gov/award/CONT_AWD_80GSFC21C0059_8000_-NONE-_-NONE-/,2023-01-31
National Aeronautics and Space Administration,National Aeronautics and Space Administration,FY2023P04,,080,2022,2023,,0120,000,080-2022/2023-0120-000,"Science, National Aeronautics and Space Administration",National Aeronautics and Space Administration,,"General Science, Space, and Technology","Space flight, research, and supporting activities",080-0120,"Science, National Aeronautics and Space Administration",0001,SCIENCE (DIRECT),25.5,Research and development contracts,D,Q,Not Designated Nonemergency/Emergency/Disaster/Wildfire Suppression,,929631.72,,,CONT_AWD_80GSFC21C0059_8000_-NONE-_-NONE-,80GSFC21C0059,,,,2021-03-23,2021,2025-09-10,2025,2021-03-23,2027-09-30,,D,DEFINITIVE CONTRACT,,,THE COMPTON SPECTROMETER AND IMAGER (COSI),080,NATIONAL AERONAUTICS AND SPACE ADMINISTRATION (NASA),8000,NATIONAL AERONAUTICS AND SPACE ADMINISTRATION,80GSFC,NASA GODDARD SPACE FLIGHT CENTER,080,NATIONAL AERONAUTICS AND SPACE ADMINISTRATION (NASA),8000,NATIONAL AERONAUTICS AND SPACE ADMINISTRATION,80GSFC,NASA GODDARD SPACE FLIGHT CENTER,GS3YEVSS12N6,,"REGENTS OF THE UNIVERSITY OF CALIFORNIA, THE","REGENTS OF THE UNIVERSITY OF CALIFORNIA, THE",GS3YEVSS12N6,GS3YEVSS12N6,"REGENTS OF THE UNIVERSITY OF CALIFORNIA, THE",REGENTS OF THE UNIVERSITY OF CALIFORNIA  THE,USA,CA,ALAMEDA,BERKELEY,CA-12,CA-12,947101749,UNITED STATES,CALIFORNIA,ALAMEDA,CA-12,CA-12,947101749,,,AR11,"SPACE R&D SERVICES; SPACE FLIGHT, RESEARCH AND SUPPORTING ACTIVITIES; BASIC RESEARCH",541715,"RESEARCH AND DEVELOPMENT IN THE PHYSICAL, ENGINEERING, AND LIFE SCIENCES (EXCEPT NANOTECHNOLOGY AND BIOTECHNOLOGY)",,,https://www.usaspending.gov/award/CONT_AWD_80GSFC21C0059_8000_-NONE-_-NONE-/,2023-02-23
National Aeronautics and Space Administration,National Aeronautics and Space Administration,FY2023P05,,080,2023,2024,,0120,000,080-2023/2024-0120-000,"Science, National Aeronautics and Space Administration",National Aeronautics and Space Administration,,"General Science, Space, and Technology","Space flight, research, and supporting activities",080-0120,"Science, National Aeronautics and Space Administration",0001,SCIENCE (DIRECT),25.5,Research and development contracts,D,Q,Not Designated Nonemergency/Emergency/Disaster/Wildfire Suppression,17143771.84,,,,CONT_AWD_80GSFC21C0059_8000_-NONE-_-NONE-,80GSFC21C0059,,,,2021-03-23,2021,2025-09-10,2025,2021-03-23,2027-09-30,,D,DEFINITIVE CONTRACT,,,THE COMPTON SPECTROMETER AND IMAGER (COSI),080,NATIONAL AERONAUTICS AND SPACE ADMINISTRATION (NASA),8000,NATIONAL AERONAUTICS AND SPACE ADMINISTRATION,80GSFC,NASA GODDARD SPACE FLIGHT CENTER,080,NATIONAL AERONAUTICS AND SPACE ADMINISTRATION (NASA),8000,NATIONAL AERONAUTICS AND SPACE ADMINISTRATION,80GSFC,NASA GODDARD SPACE FLIGHT CENTER,GS3YEVSS12N6,,"REGENTS OF THE UNIVERSITY OF CALIFORNIA, THE","REGENTS OF THE UNIVERSITY OF CALIFORNIA, THE",GS3YEVSS12N6,GS3YEVSS12N6,"REGENTS OF THE UNIVERSITY OF CALIFORNIA, THE",REGENTS OF THE UNIVERSITY OF CALIFORNIA  THE,USA,CA,ALAMEDA,BERKELEY,CA-12,CA-12,947101749,UNITED STATES,CALIFORNIA,ALAMEDA,CA-12,CA-12,947101749,,,AR11,"SPACE R&D SERVICES; SPACE FLIGHT, RESEARCH AND SUPPORTING ACTIVITIES; BASIC RESEARCH",541715,"RESEARCH AND DEVELOPMENT IN THE PHYSICAL, ENGINEERING, AND LIFE SCIENCES (EXCEPT NANOTECHNOLOGY AND BIOTECHNOLOGY)",,,https://www.usaspending.gov/award/CONT_AWD_80GSFC21C0059_8000_-NONE-_-NONE-/,2023-03-27
National Aeronautics and Space Administration,National Aeronautics and Space Administration,FY2023P05,,080,2022,2023,,0120,000,080-2022/2023-0120-000,"Science, National Aeronautics and Space Administration",National Aeronautics and Space Administration,,"General Science, Space, and Technology","Space flight, research, and supporting activities",080-0120,"Science, National Aeronautics and Space Administration",0001,SCIENCE (DIRECT),25.5,Research and development contracts,D,Q,Not Designated Nonemergency/Emergency/Disaster/Wildfire Suppression,,969976.29,,,CONT_AWD_80GSFC21C0059_8000_-NONE-_-NONE-,80GSFC21C0059,,,,2021-03-23,2021,2025-09-10,2025,2021-03-23,2027-09-30,,D,DEFINITIVE CONTRACT,,,THE COMPTON SPECTROMETER AND IMAGER (COSI),080,NATIONAL AERONAUTICS AND SPACE ADMINISTRATION (NASA),8000,NATIONAL AERONAUTICS AND SPACE ADMINISTRATION,80GSFC,NASA GODDARD SPACE FLIGHT CENTER,080,NATIONAL AERONAUTICS AND SPACE ADMINISTRATION (NASA),8000,NATIONAL AERONAUTICS AND SPACE ADMINISTRATION,80GSFC,NASA GODDARD SPACE FLIGHT CENTER,GS3YEVSS12N6,,"REGENTS OF THE UNIVERSITY OF CALIFORNIA, THE","REGENTS OF THE UNIVERSITY OF CALIFORNIA, THE",GS3YEVSS12N6,GS3YEVSS12N6,"REGENTS OF THE UNIVERSITY OF CALIFORNIA, THE",REGENTS OF THE UNIVERSITY OF CALIFORNIA  THE,USA,CA,ALAMEDA,BERKELEY,CA-12,CA-12,947101749,UNITED STATES,CALIFORNIA,ALAMEDA,CA-12,CA-12,947101749,,,AR11,"SPACE R&D SERVICES; SPACE FLIGHT, RESEARCH AND SUPPORTING ACTIVITIES; BASIC RESEARCH",541715,"RESEARCH AND DEVELOPMENT IN THE PHYSICAL, ENGINEERING, AND LIFE SCIENCES (EXCEPT NANOTECHNOLOGY AND BIOTECHNOLOGY)",,,https://www.usaspending.gov/award/CONT_AWD_80GSFC21C0059_8000_-NONE-_-NONE-/,2023-03-27
National Aeronautics and Space Administration,National Aeronautics and Space Administration,FY2023P05,,080,2022,2023,,0120,000,080-2022/2023-0120-000,"Science, National Aeronautics and Space Administration",National Aeronautics and Space Administration,,"General Science, Space, and Technology","Space flight, research, and supporting activities",080-0120,"Science, National Aeronautics and Space Administration",0001,SCIENCE (DIRECT),25.5,Research and development contracts,D,Q,Not Designated Nonemergency/Emergency/Disaster/Wildfire Suppression,388773.16,,,,CONT_AWD_80GSFC21C0059_8000_-NONE-_-NONE-,80GSFC21C0059,,,,2021-03-23,2021,2025-09-10,2025,2021-03-23,2027-09-30,,D,DEFINITIVE CONTRACT,,,THE COMPTON SPECTROMETER AND IMAGER (COSI),080,NATIONAL AERONAUTICS AND SPACE ADMINISTRATION (NASA),8000,NATIONAL AERONAUTICS AND SPACE ADMINISTRATION,80GSFC,NASA GODDARD SPACE FLIGHT CENTER,080,NATIONAL AERONAUTICS AND SPACE ADMINISTRATION (NASA),8000,NATIONAL AERONAUTICS AND SPACE ADMINISTRATION,80GSFC,NASA GODDARD SPACE FLIGHT CENTER,GS3YEVSS12N6,,"REGENTS OF THE UNIVERSITY OF CALIFORNIA, THE","REGENTS OF THE UNIVERSITY OF CALIFORNIA, THE",GS3YEVSS12N6,GS3YEVSS12N6,"REGENTS OF THE UNIVERSITY OF CALIFORNIA, THE",REGENTS OF THE UNIVERSITY OF CALIFORNIA  THE,USA,CA,ALAMEDA,BERKELEY,CA-12,CA-12,947101749,UNITED STATES,CALIFORNIA,ALAMEDA,CA-12,CA-12,947101749,,,AR11,"SPACE R&D SERVICES; SPACE FLIGHT, RESEARCH AND SUPPORTING ACTIVITIES; BASIC RESEARCH",541715,"RESEARCH AND DEVELOPMENT IN THE PHYSICAL, ENGINEERING, AND LIFE SCIENCES (EXCEPT NANOTECHNOLOGY AND BIOTECHNOLOGY)",,,https://www.usaspending.gov/award/CONT_AWD_80GSFC21C0059_8000_-NONE-_-NONE-/,2023-03-27
National Aeronautics and Space Administration,National Aeronautics and Space Administration,FY2023P05,,080,2020,2021,,0120,000,080-2020/2021-0120-000,"Science, National Aeronautics and Space Administration",National Aeronautics and Space Administration,,"General Science, Space, and Technology","Space flight, research, and supporting activities",080-0120,"Science, National Aeronautics and Space Administration",0001,SCIENCE (DIRECT),25.5,Research and development contracts,D,Q,Not Designated Nonemergency/Emergency/Disaster/Wildfire Suppression,,199631.70,,,CONT_AWD_80GSFC21C0059_8000_-NONE-_-NONE-,80GSFC21C0059,,,,2021-03-23,2021,2025-09-10,2025,2021-03-23,2027-09-30,,D,DEFINITIVE CONTRACT,,,THE COMPTON SPECTROMETER AND IMAGER (COSI),080,NATIONAL AERONAUTICS AND SPACE ADMINISTRATION (NASA),8000,NATIONAL AERONAUTICS AND SPACE ADMINISTRATION,80GSFC,NASA GODDARD SPACE FLIGHT CENTER,080,NATIONAL AERONAUTICS AND SPACE ADMINISTRATION (NASA),8000,NATIONAL AERONAUTICS AND SPACE ADMINISTRATION,80GSFC,NASA GODDARD SPACE FLIGHT CENTER,GS3YEVSS12N6,,"REGENTS OF THE UNIVERSITY OF CALIFORNIA, THE","REGENTS OF THE UNIVERSITY OF CALIFORNIA, THE",GS3YEVSS12N6,GS3YEVSS12N6,"REGENTS OF THE UNIVERSITY OF CALIFORNIA, THE",REGENTS OF THE UNIVERSITY OF CALIFORNIA  THE,USA,CA,ALAMEDA,BERKELEY,CA-12,CA-12,947101749,UNITED STATES,CALIFORNIA,ALAMEDA,CA-12,CA-12,947101749,,,AR11,"SPACE R&D SERVICES; SPACE FLIGHT, RESEARCH AND SUPPORTING ACTIVITIES; BASIC RESEARCH",541715,"RESEARCH AND DEVELOPMENT IN THE PHYSICAL, ENGINEERING, AND LIFE SCIENCES (EXCEPT NANOTECHNOLOGY AND BIOTECHNOLOGY)",,,https://www.usaspending.gov/award/CONT_AWD_80GSFC21C0059_8000_-NONE-_-NONE-/,2023-03-27
National Aeronautics and Space Administration,National Aeronautics and Space Administration,FY2023P06,,080,2022,2023,,0120,000,080-2022/2023-0120-000,"Science, National Aeronautics and Space Administration",National Aeronautics and Space Administration,,"General Science, Space, and Technology","Space flight, research, and supporting activities",080-0120,"Science, National Aeronautics and Space Administration",0001,SCIENCE (DIRECT),25.5,Research and development contracts,D,Q,Not Designated Nonemergency/Emergency/Disaster/Wildfire Suppression,,1477865.85,,,CONT_AWD_80GSFC21C0059_8000_-NONE-_-NONE-,80GSFC21C0059,,,,2021-03-23,2021,2025-09-10,2025,2021-03-23,2027-09-30,,D,DEFINITIVE CONTRACT,,,THE COMPTON SPECTROMETER AND IMAGER (COSI),080,NATIONAL AERONAUTICS AND SPACE ADMINISTRATION (NASA),8000,NATIONAL AERONAUTICS AND SPACE ADMINISTRATION,80GSFC,NASA GODDARD SPACE FLIGHT CENTER,080,NATIONAL AERONAUTICS AND SPACE ADMINISTRATION (NASA),8000,NATIONAL AERONAUTICS AND SPACE ADMINISTRATION,80GSFC,NASA GODDARD SPACE FLIGHT CENTER,GS3YEVSS12N6,,"REGENTS OF THE UNIVERSITY OF CALIFORNIA, THE","REGENTS OF THE UNIVERSITY OF CALIFORNIA, THE",GS3YEVSS12N6,GS3YEVSS12N6,"REGENTS OF THE UNIVERSITY OF CALIFORNIA, THE",REGENTS OF THE UNIVERSITY OF CALIFORNIA  THE,USA,CA,ALAMEDA,BERKELEY,CA-12,CA-12,947101749,UNITED STATES,CALIFORNIA,ALAMEDA,CA-12,CA-12,947101749,,,AR11,"SPACE R&D SERVICES; SPACE FLIGHT, RESEARCH AND SUPPORTING ACTIVITIES; BASIC RESEARCH",541715,"RESEARCH AND DEVELOPMENT IN THE PHYSICAL, ENGINEERING, AND LIFE SCIENCES (EXCEPT NANOTECHNOLOGY AND BIOTECHNOLOGY)",,,https://www.usaspending.gov/award/CONT_AWD_80GSFC21C0059_8000_-NONE-_-NONE-/,2023-04-27
National Aeronautics and Space Administration,National Aeronautics and Space Administration,FY2023P06,,080,2020,2021,,0120,000,080-2020/2021-0120-000,"Science, National Aeronautics and Space Administration",National Aeronautics and Space Administration,,"General Science, Space, and Technology","Space flight, research, and supporting activities",080-0120,"Science, National Aeronautics and Space Administration",0001,SCIENCE (DIRECT),25.5,Research and development contracts,D,Q,Not Designated Nonemergency/Emergency/Disaster/Wildfire Suppression,,199631.70,,,CONT_AWD_80GSFC21C0059_8000_-NONE-_-NONE-,80GSFC21C0059,,,,2021-03-23,2021,2025-09-10,2025,2021-03-23,2027-09-30,,D,DEFINITIVE CONTRACT,,,THE COMPTON SPECTROMETER AND IMAGER (COSI),080,NATIONAL AERONAUTICS AND SPACE ADMINISTRATION (NASA),8000,NATIONAL AERONAUTICS AND SPACE ADMINISTRATION,80GSFC,NASA GODDARD SPACE FLIGHT CENTER,080,NATIONAL AERONAUTICS AND SPACE ADMINISTRATION (NASA),8000,NATIONAL AERONAUTICS AND SPACE ADMINISTRATION,80GSFC,NASA GODDARD SPACE FLIGHT CENTER,GS3YEVSS12N6,,"REGENTS OF THE UNIVERSITY OF CALIFORNIA, THE","REGENTS OF THE UNIVERSITY OF CALIFORNIA, THE",GS3YEVSS12N6,GS3YEVSS12N6,"REGENTS OF THE UNIVERSITY OF CALIFORNIA, THE",REGENTS OF THE UNIVERSITY OF CALIFORNIA  THE,USA,CA,ALAMEDA,BERKELEY,CA-12,CA-12,947101749,UNITED STATES,CALIFORNIA,ALAMEDA,CA-12,CA-12,947101749,,,AR11,"SPACE R&D SERVICES; SPACE FLIGHT, RESEARCH AND SUPPORTING ACTIVITIES; BASIC RESEARCH",541715,"RESEARCH AND DEVELOPMENT IN THE PHYSICAL, ENGINEERING, AND LIFE SCIENCES (EXCEPT NANOTECHNOLOGY AND BIOTECHNOLOGY)",,,https://www.usaspending.gov/award/CONT_AWD_80GSFC21C0059_8000_-NONE-_-NONE-/,2023-04-27
National Aeronautics and Space Administration,National Aeronautics and Space Administration,FY2023P07,,080,2022,2023,,0120,000,080-2022/2023-0120-000,"Science, National Aeronautics and Space Administration",National Aeronautics and Space Administration,,"General Science, Space, and Technology","Space flight, research, and supporting activities",080-0120,"Science, National Aeronautics and Space Administration",0001,SCIENCE (DIRECT),25.5,Research and development contracts,D,Q,Not Designated Nonemergency/Emergency/Disaster/Wildfire Suppression,,1940106.39,,,CONT_AWD_80GSFC21C0059_8000_-NONE-_-NONE-,80GSFC21C0059,,,,2021-03-23,2021,2025-09-10,2025,2021-03-23,2027-09-30,,D,DEFINITIVE CONTRACT,,,THE COMPTON SPECTROMETER AND IMAGER (COSI),080,NATIONAL AERONAUTICS AND SPACE ADMINISTRATION (NASA),8000,NATIONAL AERONAUTICS AND SPACE ADMINISTRATION,80GSFC,NASA GODDARD SPACE FLIGHT CENTER,080,NATIONAL AERONAUTICS AND SPACE ADMINISTRATION (NASA),8000,NATIONAL AERONAUTICS AND SPACE ADMINISTRATION,80GSFC,NASA GODDARD SPACE FLIGHT CENTER,GS3YEVSS12N6,,"REGENTS OF THE UNIVERSITY OF CALIFORNIA, THE","REGENTS OF THE UNIVERSITY OF CALIFORNIA, THE",GS3YEVSS12N6,GS3YEVSS12N6,"REGENTS OF THE UNIVERSITY OF CALIFORNIA, THE",REGENTS OF THE UNIVERSITY OF CALIFORNIA  THE,USA,CA,ALAMEDA,BERKELEY,CA-12,CA-12,947101749,UNITED STATES,CALIFORNIA,ALAMEDA,CA-12,CA-12,947101749,,,AR11,"SPACE R&D SERVICES; SPACE FLIGHT, RESEARCH AND SUPPORTING ACTIVITIES; BASIC RESEARCH",541715,"RESEARCH AND DEVELOPMENT IN THE PHYSICAL, ENGINEERING, AND LIFE SCIENCES (EXCEPT NANOTECHNOLOGY AND BIOTECHNOLOGY)",,,https://www.usaspending.gov/award/CONT_AWD_80GSFC21C0059_8000_-NONE-_-NONE-/,2023-05-28
National Aeronautics and Space Administration,National Aeronautics and Space Administration,FY2023P07,,080,2020,2021,,0120,000,080-2020/2021-0120-000,"Science, National Aeronautics and Space Administration",National Aeronautics and Space Administration,,"General Science, Space, and Technology","Space flight, research, and supporting activities",080-0120,"Science, National Aeronautics and Space Administration",0001,SCIENCE (DIRECT),25.5,Research and development contracts,D,Q,Not Designated Nonemergency/Emergency/Disaster/Wildfire Suppression,,199631.70,,,CONT_AWD_80GSFC21C0059_8000_-NONE-_-NONE-,80GSFC21C0059,,,,2021-03-23,2021,2025-09-10,2025,2021-03-23,2027-09-30,,D,DEFINITIVE CONTRACT,,,THE COMPTON SPECTROMETER AND IMAGER (COSI),080,NATIONAL AERONAUTICS AND SPACE ADMINISTRATION (NASA),8000,NATIONAL AERONAUTICS AND SPACE ADMINISTRATION,80GSFC,NASA GODDARD SPACE FLIGHT CENTER,080,NATIONAL AERONAUTICS AND SPACE ADMINISTRATION (NASA),8000,NATIONAL AERONAUTICS AND SPACE ADMINISTRATION,80GSFC,NASA GODDARD SPACE FLIGHT CENTER,GS3YEVSS12N6,,"REGENTS OF THE UNIVERSITY OF CALIFORNIA, THE","REGENTS OF THE UNIVERSITY OF CALIFORNIA, THE",GS3YEVSS12N6,GS3YEVSS12N6,"REGENTS OF THE UNIVERSITY OF CALIFORNIA, THE",REGENTS OF THE UNIVERSITY OF CALIFORNIA  THE,USA,CA,ALAMEDA,BERKELEY,CA-12,CA-12,947101749,UNITED STATES,CALIFORNIA,ALAMEDA,CA-12,CA-12,947101749,,,AR11,"SPACE R&D SERVICES; SPACE FLIGHT, RESEARCH AND SUPPORTING ACTIVITIES; BASIC RESEARCH",541715,"RESEARCH AND DEVELOPMENT IN THE PHYSICAL, ENGINEERING, AND LIFE SCIENCES (EXCEPT NANOTECHNOLOGY AND BIOTECHNOLOGY)",,,https://www.usaspending.gov/award/CONT_AWD_80GSFC21C0059_8000_-NONE-_-NONE-/,2023-05-28
National Aeronautics and Space Administration,National Aeronautics and Space Administration,FY2023P08,,080,2022,2023,,0120,000,080-2022/2023-0120-000,"Science, National Aeronautics and Space Administration",National Aeronautics and Space Administration,,"General Science, Space, and Technology","Space flight, research, and supporting activities",080-0120,"Science, National Aeronautics and Space Administration",0001,SCIENCE (DIRECT),25.5,Research and development contracts,D,Q,Not Designated Nonemergency/Emergency/Disaster/Wildfire Suppression,,2651348.26,,,CONT_AWD_80GSFC21C0059_8000_-NONE-_-NONE-,80GSFC21C0059,,,,2021-03-23,2021,2025-09-10,2025,2021-03-23,2027-09-30,,D,DEFINITIVE CONTRACT,,,THE COMPTON SPECTROMETER AND IMAGER (COSI),080,NATIONAL AERONAUTICS AND SPACE ADMINISTRATION (NASA),8000,NATIONAL AERONAUTICS AND SPACE ADMINISTRATION,80GSFC,NASA GODDARD SPACE FLIGHT CENTER,080,NATIONAL AERONAUTICS AND SPACE ADMINISTRATION (NASA),8000,NATIONAL AERONAUTICS AND SPACE ADMINISTRATION,80GSFC,NASA GODDARD SPACE FLIGHT CENTER,GS3YEVSS12N6,,"REGENTS OF THE UNIVERSITY OF CALIFORNIA, THE","REGENTS OF THE UNIVERSITY OF CALIFORNIA, THE",GS3YEVSS12N6,GS3YEVSS12N6,"REGENTS OF THE UNIVERSITY OF CALIFORNIA, THE",REGENTS OF THE UNIVERSITY OF CALIFORNIA  THE,USA,CA,ALAMEDA,BERKELEY,CA-12,CA-12,947101749,UNITED STATES,CALIFORNIA,ALAMEDA,CA-12,CA-12,947101749,,,AR11,"SPACE R&D SERVICES; SPACE FLIGHT, RESEARCH AND SUPPORTING ACTIVITIES; BASIC RESEARCH",541715,"RESEARCH AND DEVELOPMENT IN THE PHYSICAL, ENGINEERING, AND LIFE SCIENCES (EXCEPT NANOTECHNOLOGY AND BIOTECHNOLOGY)",,,https://www.usaspending.gov/award/CONT_AWD_80GSFC21C0059_8000_-NONE-_-NONE-/,2023-06-28
National Aeronautics and Space Administration,National Aeronautics and Space Administration,FY2023P08,,080,2020,2021,,0120,000,080-2020/2021-0120-000,"Science, National Aeronautics and Space Administration",National Aeronautics and Space Administration,,"General Science, Space, and Technology","Space flight, research, and supporting activities",080-0120,"Science, National Aeronautics and Space Administration",0001,SCIENCE (DIRECT),25.5,Research and development contracts,D,Q,Not Designated Nonemergency/Emergency/Disaster/Wildfire Suppression,,199631.70,,,CONT_AWD_80GSFC21C0059_8000_-NONE-_-NONE-,80GSFC21C0059,,,,2021-03-23,2021,2025-09-10,2025,2021-03-23,2027-09-30,,D,DEFINITIVE CONTRACT,,,THE COMPTON SPECTROMETER AND IMAGER (COSI),080,NATIONAL AERONAUTICS AND SPACE ADMINISTRATION (NASA),8000,NATIONAL AERONAUTICS AND SPACE ADMINISTRATION,80GSFC,NASA GODDARD SPACE FLIGHT CENTER,080,NATIONAL AERONAUTICS AND SPACE ADMINISTRATION (NASA),8000,NATIONAL AERONAUTICS AND SPACE ADMINISTRATION,80GSFC,NASA GODDARD SPACE FLIGHT CENTER,GS3YEVSS12N6,,"REGENTS OF THE UNIVERSITY OF CALIFORNIA, THE","REGENTS OF THE UNIVERSITY OF CALIFORNIA, THE",GS3YEVSS12N6,GS3YEVSS12N6,"REGENTS OF THE UNIVERSITY OF CALIFORNIA, THE",REGENTS OF THE UNIVERSITY OF CALIFORNIA  THE,USA,CA,ALAMEDA,BERKELEY,CA-12,CA-12,947101749,UNITED STATES,CALIFORNIA,ALAMEDA,CA-12,CA-12,947101749,,,AR11,"SPACE R&D SERVICES; SPACE FLIGHT, RESEARCH AND SUPPORTING ACTIVITIES; BASIC RESEARCH",541715,"RESEARCH AND DEVELOPMENT IN THE PHYSICAL, ENGINEERING, AND LIFE SCIENCES (EXCEPT NANOTECHNOLOGY AND BIOTECHNOLOGY)",,,https://www.usaspending.gov/award/CONT_AWD_80GSFC21C0059_8000_-NONE-_-NONE-/,2023-06-28
National Aeronautics and Space Administration,National Aeronautics and Space Administration,FY2023P09,,080,2022,2023,,0120,000,080-2022/2023-0120-000,"Science, National Aeronautics and Space Administration",National Aeronautics and Space Administration,,"General Science, Space, and Technology","Space flight, research, and supporting activities",080-0120,"Science, National Aeronautics and Space Administration",0001,SCIENCE (DIRECT),25.5,Research and development contracts,D,Q,Not Designated Nonemergency/Emergency/Disaster/Wildfire Suppression,,4511564.03,,,CONT_AWD_80GSFC21C0059_8000_-NONE-_-NONE-,80GSFC21C0059,,,,2021-03-23,2021,2025-09-10,2025,2021-03-23,2027-09-30,,D,DEFINITIVE CONTRACT,,,THE COMPTON SPECTROMETER AND IMAGER (COSI),080,NATIONAL AERONAUTICS AND SPACE ADMINISTRATION (NASA),8000,NATIONAL AERONAUTICS AND SPACE ADMINISTRATION,80GSFC,NASA GODDARD SPACE FLIGHT CENTER,080,NATIONAL AERONAUTICS AND SPACE ADMINISTRATION (NASA),8000,NATIONAL AERONAUTICS AND SPACE ADMINISTRATION,80GSFC,NASA GODDARD SPACE FLIGHT CENTER,GS3YEVSS12N6,,"REGENTS OF THE UNIVERSITY OF CALIFORNIA, THE","REGENTS OF THE UNIVERSITY OF CALIFORNIA, THE",GS3YEVSS12N6,GS3YEVSS12N6,"REGENTS OF THE UNIVERSITY OF CALIFORNIA, THE",REGENTS OF THE UNIVERSITY OF CALIFORNIA  THE,USA,CA,ALAMEDA,BERKELEY,CA-12,CA-12,947101749,UNITED STATES,CALIFORNIA,ALAMEDA,CA-12,CA-12,947101749,,,AR11,"SPACE R&D SERVICES; SPACE FLIGHT, RESEARCH AND SUPPORTING ACTIVITIES; BASIC RESEARCH",541715,"RESEARCH AND DEVELOPMENT IN THE PHYSICAL, ENGINEERING, AND LIFE SCIENCES (EXCEPT NANOTECHNOLOGY AND BIOTECHNOLOGY)",,,https://www.usaspending.gov/award/CONT_AWD_80GSFC21C0059_8000_-NONE-_-NONE-/,2023-07-28
National Aeronautics and Space Administration,National Aeronautics and Space Administration,FY2023P09,,080,2020,2021,,0120,000,080-2020/2021-0120-000,"Science, National Aeronautics and Space Administration",National Aeronautics and Space Administration,,"General Science, Space, and Technology","Space flight, research, and supporting activities",080-0120,"Science, National Aeronautics and Space Administration",0001,SCIENCE (DIRECT),25.5,Research and development contracts,D,Q,Not Designated Nonemergency/Emergency/Disaster/Wildfire Suppression,,199631.70,,,CONT_AWD_80GSFC21C0059_8000_-NONE-_-NONE-,80GSFC21C0059,,,,2021-03-23,2021,2025-09-10,2025,2021-03-23,2027-09-30,,D,DEFINITIVE CONTRACT,,,THE COMPTON SPECTROMETER AND IMAGER (COSI),080,NATIONAL AERONAUTICS AND SPACE ADMINISTRATION (NASA),8000,NATIONAL AERONAUTICS AND SPACE ADMINISTRATION,80GSFC,NASA GODDARD SPACE FLIGHT CENTER,080,NATIONAL AERONAUTICS AND SPACE ADMINISTRATION (NASA),8000,NATIONAL AERONAUTICS AND SPACE ADMINISTRATION,80GSFC,NASA GODDARD SPACE FLIGHT CENTER,GS3YEVSS12N6,,"REGENTS OF THE UNIVERSITY OF CALIFORNIA, THE","REGENTS OF THE UNIVERSITY OF CALIFORNIA, THE",GS3YEVSS12N6,GS3YEVSS12N6,"REGENTS OF THE UNIVERSITY OF CALIFORNIA, THE",REGENTS OF THE UNIVERSITY OF CALIFORNIA  THE,USA,CA,ALAMEDA,BERKELEY,CA-12,CA-12,947101749,UNITED STATES,CALIFORNIA,ALAMEDA,CA-12,CA-12,947101749,,,AR11,"SPACE R&D SERVICES; SPACE FLIGHT, RESEARCH AND SUPPORTING ACTIVITIES; BASIC RESEARCH",541715,"RESEARCH AND DEVELOPMENT IN THE PHYSICAL, ENGINEERING, AND LIFE SCIENCES (EXCEPT NANOTECHNOLOGY AND BIOTECHNOLOGY)",,,https://www.usaspending.gov/award/CONT_AWD_80GSFC21C0059_8000_-NONE-_-NONE-/,2023-07-28
National Aeronautics and Space Administration,National Aeronautics and Space Administration,FY2023P10,,080,2022,2023,,0120,000,080-2022/2023-0120-000,"Science, National Aeronautics and Space Administration",National Aeronautics and Space Administration,,"General Science, Space, and Technology","Space flight, research, and supporting activities",080-0120,"Science, National Aeronautics and Space Administration",0001,SCIENCE (DIRECT),25.5,Research and development contracts,D,Q,Not Designated Nonemergency/Emergency/Disaster/Wildfire Suppression,,4511564.03,,,CONT_AWD_80GSFC21C0059_8000_-NONE-_-NONE-,80GSFC21C0059,,,,2021-03-23,2021,2025-09-10,2025,2021-03-23,2027-09-30,,D,DEFINITIVE CONTRACT,,,THE COMPTON SPECTROMETER AND IMAGER (COSI),080,NATIONAL AERONAUTICS AND SPACE ADMINISTRATION (NASA),8000,NATIONAL AERONAUTICS AND SPACE ADMINISTRATION,80GSFC,NASA GODDARD SPACE FLIGHT CENTER,080,NATIONAL AERONAUTICS AND SPACE ADMINISTRATION (NASA),8000,NATIONAL AERONAUTICS AND SPACE ADMINISTRATION,80GSFC,NASA GODDARD SPACE FLIGHT CENTER,GS3YEVSS12N6,,"REGENTS OF THE UNIVERSITY OF CALIFORNIA, THE","REGENTS OF THE UNIVERSITY OF CALIFORNIA, THE",GS3YEVSS12N6,GS3YEVSS12N6,"REGENTS OF THE UNIVERSITY OF CALIFORNIA, THE",REGENTS OF THE UNIVERSITY OF CALIFORNIA  THE,USA,CA,ALAMEDA,BERKELEY,CA-12,CA-12,947101749,UNITED STATES,CALIFORNIA,ALAMEDA,CA-12,CA-12,947101749,,,AR11,"SPACE R&D SERVICES; SPACE FLIGHT, RESEARCH AND SUPPORTING ACTIVITIES; BASIC RESEARCH",541715,"RESEARCH AND DEVELOPMENT IN THE PHYSICAL, ENGINEERING, AND LIFE SCIENCES (EXCEPT NANOTECHNOLOGY AND BIOTECHNOLOGY)",,,https://www.usaspending.gov/award/CONT_AWD_80GSFC21C0059_8000_-NONE-_-NONE-/,2023-08-28
National Aeronautics and Space Administration,National Aeronautics and Space Administration,FY2023P10,,080,2020,2021,,0120,000,080-2020/2021-0120-000,"Science, National Aeronautics and Space Administration",National Aeronautics and Space Administration,,"General Science, Space, and Technology","Space flight, research, and supporting activities",080-0120,"Science, National Aeronautics and Space Administration",0001,SCIENCE (DIRECT),25.5,Research and development contracts,D,Q,Not Designated Nonemergency/Emergency/Disaster/Wildfire Suppression,,199631.70,,,CONT_AWD_80GSFC21C0059_8000_-NONE-_-NONE-,80GSFC21C0059,,,,2021-03-23,2021,2025-09-10,2025,2021-03-23,2027-09-30,,D,DEFINITIVE CONTRACT,,,THE COMPTON SPECTROMETER AND IMAGER (COSI),080,NATIONAL AERONAUTICS AND SPACE ADMINISTRATION (NASA),8000,NATIONAL AERONAUTICS AND SPACE ADMINISTRATION,80GSFC,NASA GODDARD SPACE FLIGHT CENTER,080,NATIONAL AERONAUTICS AND SPACE ADMINISTRATION (NASA),8000,NATIONAL AERONAUTICS AND SPACE ADMINISTRATION,80GSFC,NASA GODDARD SPACE FLIGHT CENTER,GS3YEVSS12N6,,"REGENTS OF THE UNIVERSITY OF CALIFORNIA, THE","REGENTS OF THE UNIVERSITY OF CALIFORNIA, THE",GS3YEVSS12N6,GS3YEVSS12N6,"REGENTS OF THE UNIVERSITY OF CALIFORNIA, THE",REGENTS OF THE UNIVERSITY OF CALIFORNIA  THE,USA,CA,ALAMEDA,BERKELEY,CA-12,CA-12,947101749,UNITED STATES,CALIFORNIA,ALAMEDA,CA-12,CA-12,947101749,,,AR11,"SPACE R&D SERVICES; SPACE FLIGHT, RESEARCH AND SUPPORTING ACTIVITIES; BASIC RESEARCH",541715,"RESEARCH AND DEVELOPMENT IN THE PHYSICAL, ENGINEERING, AND LIFE SCIENCES (EXCEPT NANOTECHNOLOGY AND BIOTECHNOLOGY)",,,https://www.usaspending.gov/award/CONT_AWD_80GSFC21C0059_8000_-NONE-_-NONE-/,2023-08-28
National Aeronautics and Space Administration,National Aeronautics and Space Administration,FY2023P11,,080,2022,2023,,0120,000,080-2022/2023-0120-000,"Science, National Aeronautics and Space Administration",National Aeronautics and Space Administration,,"General Science, Space, and Technology","Space flight, research, and supporting activities",080-0120,"Science, National Aeronautics and Space Administration",0001,SCIENCE (DIRECT),25.5,Research and development contracts,D,Q,Not Designated Nonemergency/Emergency/Disaster/Wildfire Suppression,,5835164.47,,,CONT_AWD_80GSFC21C0059_8000_-NONE-_-NONE-,80GSFC21C0059,,,,2021-03-23,2021,2025-09-10,2025,2021-03-23,2027-09-30,,D,DEFINITIVE CONTRACT,,,THE COMPTON SPECTROMETER AND IMAGER (COSI),080,NATIONAL AERONAUTICS AND SPACE ADMINISTRATION (NASA),8000,NATIONAL AERONAUTICS AND SPACE ADMINISTRATION,80GSFC,NASA GODDARD SPACE FLIGHT CENTER,080,NATIONAL AERONAUTICS AND SPACE ADMINISTRATION (NASA),8000,NATIONAL AERONAUTICS AND SPACE ADMINISTRATION,80GSFC,NASA GODDARD SPACE FLIGHT CENTER,GS3YEVSS12N6,,"REGENTS OF THE UNIVERSITY OF CALIFORNIA, THE","REGENTS OF THE UNIVERSITY OF CALIFORNIA, THE",GS3YEVSS12N6,GS3YEVSS12N6,"REGENTS OF THE UNIVERSITY OF CALIFORNIA, THE",REGENTS OF THE UNIVERSITY OF CALIFORNIA  THE,USA,CA,ALAMEDA,BERKELEY,CA-12,CA-12,947101749,UNITED STATES,CALIFORNIA,ALAMEDA,CA-12,CA-12,947101749,,,AR11,"SPACE R&D SERVICES; SPACE FLIGHT, RESEARCH AND SUPPORTING ACTIVITIES; BASIC RESEARCH",541715,"RESEARCH AND DEVELOPMENT IN THE PHYSICAL, ENGINEERING, AND LIFE SCIENCES (EXCEPT NANOTECHNOLOGY AND BIOTECHNOLOGY)",,,https://www.usaspending.gov/award/CONT_AWD_80GSFC21C0059_8000_-NONE-_-NONE-/,2023-09-28
National Aeronautics and Space Administration,National Aeronautics and Space Administration,FY2023P11,,080,2020,2021,,0120,000,080-2020/2021-0120-000,"Science, National Aeronautics and Space Administration",National Aeronautics and Space Administration,,"General Science, Space, and Technology","Space flight, research, and supporting activities",080-0120,"Science, National Aeronautics and Space Administration",0001,SCIENCE (DIRECT),25.5,Research and development contracts,D,Q,Not Designated Nonemergency/Emergency/Disaster/Wildfire Suppression,,199631.70,,,CONT_AWD_80GSFC21C0059_8000_-NONE-_-NONE-,80GSFC21C0059,,,,2021-03-23,2021,2025-09-10,2025,2021-03-23,2027-09-30,,D,DEFINITIVE CONTRACT,,,THE COMPTON SPECTROMETER AND IMAGER (COSI),080,NATIONAL AERONAUTICS AND SPACE ADMINISTRATION (NASA),8000,NATIONAL AERONAUTICS AND SPACE ADMINISTRATION,80GSFC,NASA GODDARD SPACE FLIGHT CENTER,080,NATIONAL AERONAUTICS AND SPACE ADMINISTRATION (NASA),8000,NATIONAL AERONAUTICS AND SPACE ADMINISTRATION,80GSFC,NASA GODDARD SPACE FLIGHT CENTER,GS3YEVSS12N6,,"REGENTS OF THE UNIVERSITY OF CALIFORNIA, THE","REGENTS OF THE UNIVERSITY OF CALIFORNIA, THE",GS3YEVSS12N6,GS3YEVSS12N6,"REGENTS OF THE UNIVERSITY OF CALIFORNIA, THE",REGENTS OF THE UNIVERSITY OF CALIFORNIA  THE,USA,CA,ALAMEDA,BERKELEY,CA-12,CA-12,947101749,UNITED STATES,CALIFORNIA,ALAMEDA,CA-12,CA-12,947101749,,,AR11,"SPACE R&D SERVICES; SPACE FLIGHT, RESEARCH AND SUPPORTING ACTIVITIES; BASIC RESEARCH",541715,"RESEARCH AND DEVELOPMENT IN THE PHYSICAL, ENGINEERING, AND LIFE SCIENCES (EXCEPT NANOTECHNOLOGY AND BIOTECHNOLOGY)",,,https://www.usaspending.gov/award/CONT_AWD_80GSFC21C0059_8000_-NONE-_-NONE-/,2023-09-28
National Aeronautics and Space Administration,National Aeronautics and Space Administration,FY2023P12,,080,2022,2023,,0120,000,080-2022/2023-0120-000,"Science, National Aeronautics and Space Administration",National Aeronautics and Space Administration,,"General Science, Space, and Technology","Space flight, research, and supporting activities",080-0120,"Science, National Aeronautics and Space Administration",0001,SCIENCE (DIRECT),25.5,Research and development contracts,D,Q,Not Designated Nonemergency/Emergency/Disaster/Wildfire Suppression,,5835164.47,,,CONT_AWD_80GSFC21C0059_8000_-NONE-_-NONE-,80GSFC21C0059,,,,2021-03-23,2021,2025-09-10,2025,2021-03-23,2027-09-30,,D,DEFINITIVE CONTRACT,,,THE COMPTON SPECTROMETER AND IMAGER (COSI),080,NATIONAL AERONAUTICS AND SPACE ADMINISTRATION (NASA),8000,NATIONAL AERONAUTICS AND SPACE ADMINISTRATION,80GSFC,NASA GODDARD SPACE FLIGHT CENTER,080,NATIONAL AERONAUTICS AND SPACE ADMINISTRATION (NASA),8000,NATIONAL AERONAUTICS AND SPACE ADMINISTRATION,80GSFC,NASA GODDARD SPACE FLIGHT CENTER,GS3YEVSS12N6,,"REGENTS OF THE UNIVERSITY OF CALIFORNIA, THE","REGENTS OF THE UNIVERSITY OF CALIFORNIA, THE",GS3YEVSS12N6,GS3YEVSS12N6,"REGENTS OF THE UNIVERSITY OF CALIFORNIA, THE",REGENTS OF THE UNIVERSITY OF CALIFORNIA  THE,USA,CA,ALAMEDA,BERKELEY,CA-12,CA-12,947101749,UNITED STATES,CALIFORNIA,ALAMEDA,CA-12,CA-12,947101749,,,AR11,"SPACE R&D SERVICES; SPACE FLIGHT, RESEARCH AND SUPPORTING ACTIVITIES; BASIC RESEARCH",541715,"RESEARCH AND DEVELOPMENT IN THE PHYSICAL, ENGINEERING, AND LIFE SCIENCES (EXCEPT NANOTECHNOLOGY AND BIOTECHNOLOGY)",,,https://www.usaspending.gov/award/CONT_AWD_80GSFC21C0059_8000_-NONE-_-NONE-/,2023-11-03
National Aeronautics and Space Administration,National Aeronautics and Space Administration,FY2023P12,,080,2020,2021,,0120,000,080-2020/2021-0120-000,"Science, National Aeronautics and Space Administration",National Aeronautics and Space Administration,,"General Science, Space, and Technology","Space flight, research, and supporting activities",080-0120,"Science, National Aeronautics and Space Administration",0001,SCIENCE (DIRECT),25.5,Research and development contracts,D,Q,Not Designated Nonemergency/Emergency/Disaster/Wildfire Suppression,,199631.70,,,CONT_AWD_80GSFC21C0059_8000_-NONE-_-NONE-,80GSFC21C0059,,,,2021-03-23,2021,2025-09-10,2025,2021-03-23,2027-09-30,,D,DEFINITIVE CONTRACT,,,THE COMPTON SPECTROMETER AND IMAGER (COSI),080,NATIONAL AERONAUTICS AND SPACE ADMINISTRATION (NASA),8000,NATIONAL AERONAUTICS AND SPACE ADMINISTRATION,80GSFC,NASA GODDARD SPACE FLIGHT CENTER,080,NATIONAL AERONAUTICS AND SPACE ADMINISTRATION (NASA),8000,NATIONAL AERONAUTICS AND SPACE ADMINISTRATION,80GSFC,NASA GODDARD SPACE FLIGHT CENTER,GS3YEVSS12N6,,"REGENTS OF THE UNIVERSITY OF CALIFORNIA, THE","REGENTS OF THE UNIVERSITY OF CALIFORNIA, THE",GS3YEVSS12N6,GS3YEVSS12N6,"REGENTS OF THE UNIVERSITY OF CALIFORNIA, THE",REGENTS OF THE UNIVERSITY OF CALIFORNIA  THE,USA,CA,ALAMEDA,BERKELEY,CA-12,CA-12,947101749,UNITED STATES,CALIFORNIA,ALAMEDA,CA-12,CA-12,947101749,,,AR11,"SPACE R&D SERVICES; SPACE FLIGHT, RESEARCH AND SUPPORTING ACTIVITIES; BASIC RESEARCH",541715,"RESEARCH AND DEVELOPMENT IN THE PHYSICAL, ENGINEERING, AND LIFE SCIENCES (EXCEPT NANOTECHNOLOGY AND BIOTECHNOLOGY)",,,https://www.usaspending.gov/award/CONT_AWD_80GSFC21C0059_8000_-NONE-_-NONE-/,2023-11-03
National Aeronautics and Space Administration,National Aeronautics and Space Administration,FY2024P02,,080,2022,2023,,0120,000,080-2022/2023-0120-000,"Science, National Aeronautics and Space Administration",National Aeronautics and Space Administration,,"General Science, Space, and Technology","Space flight, research, and supporting activities",080-0120,"Science, National Aeronautics and Space Administration",0001,SCIENCE (DIRECT),25.5,Research and development contracts,D,Q,Not Designated Nonemergency/Emergency/Disaster/Wildfire Suppression,,1235520.48,,,CONT_AWD_80GSFC21C0059_8000_-NONE-_-NONE-,80GSFC21C0059,,,,2021-03-23,2021,2025-09-10,2025,2021-03-23,2027-09-30,,D,DEFINITIVE CONTRACT,,,THE COMPTON SPECTROMETER AND IMAGER (COSI),080,NATIONAL AERONAUTICS AND SPACE ADMINISTRATION (NASA),8000,NATIONAL AERONAUTICS AND SPACE ADMINISTRATION,80GSFC,NASA GODDARD SPACE FLIGHT CENTER,080,NATIONAL AERONAUTICS AND SPACE ADMINISTRATION (NASA),8000,NATIONAL AERONAUTICS AND SPACE ADMINISTRATION,80GSFC,NASA GODDARD SPACE FLIGHT CENTER,GS3YEVSS12N6,,"REGENTS OF THE UNIVERSITY OF CALIFORNIA, THE","REGENTS OF THE UNIVERSITY OF CALIFORNIA, THE",GS3YEVSS12N6,GS3YEVSS12N6,"REGENTS OF THE UNIVERSITY OF CALIFORNIA, THE",REGENTS OF THE UNIVERSITY OF CALIFORNIA  THE,USA,CA,ALAMEDA,BERKELEY,CA-12,CA-12,947101749,UNITED STATES,CALIFORNIA,ALAMEDA,CA-12,CA-12,947101749,,,AR11,"SPACE R&D SERVICES; SPACE FLIGHT, RESEARCH AND SUPPORTING ACTIVITIES; BASIC RESEARCH",541715,"RESEARCH AND DEVELOPMENT IN THE PHYSICAL, ENGINEERING, AND LIFE SCIENCES (EXCEPT NANOTECHNOLOGY AND BIOTECHNOLOGY)",,,https://www.usaspending.gov/award/CONT_AWD_80GSFC21C0059_8000_-NONE-_-NONE-/,2024-01-05
National Aeronautics and Space Administration,National Aeronautics and Space Administration,FY2024P03,,080,2022,2023,,0120,000,080-2022/2023-0120-000,"Science, National Aeronautics and Space Administration",National Aeronautics and Space Administration,,"General Science, Space, and Technology","Space flight, research, and supporting activities",080-0120,"Science, National Aeronautics and Space Administration",0001,SCIENCE (DIRECT),25.5,Research and development contracts,D,Q,Not Designated Nonemergency/Emergency/Disaster/Wildfire Suppression,,2293591.78,,,CONT_AWD_80GSFC21C0059_8000_-NONE-_-NONE-,80GSFC21C0059,,,,2021-03-23,2021,2025-09-10,2025,2021-03-23,2027-09-30,,D,DEFINITIVE CONTRACT,,,THE COMPTON SPECTROMETER AND IMAGER (COSI),080,NATIONAL AERONAUTICS AND SPACE ADMINISTRATION (NASA),8000,NATIONAL AERONAUTICS AND SPACE ADMINISTRATION,80GSFC,NASA GODDARD SPACE FLIGHT CENTER,080,NATIONAL AERONAUTICS AND SPACE ADMINISTRATION (NASA),8000,NATIONAL AERONAUTICS AND SPACE ADMINISTRATION,80GSFC,NASA GODDARD SPACE FLIGHT CENTER,GS3YEVSS12N6,,"REGENTS OF THE UNIVERSITY OF CALIFORNIA, THE","REGENTS OF THE UNIVERSITY OF CALIFORNIA, THE",GS3YEVSS12N6,GS3YEVSS12N6,"REGENTS OF THE UNIVERSITY OF CALIFORNIA, THE",REGENTS OF THE UNIVERSITY OF CALIFORNIA  THE,USA,CA,ALAMEDA,BERKELEY,CA-12,CA-12,947101749,UNITED STATES,CALIFORNIA,ALAMEDA,CA-12,CA-12,947101749,,,AR11,"SPACE R&D SERVICES; SPACE FLIGHT, RESEARCH AND SUPPORTING ACTIVITIES; BASIC RESEARCH",541715,"RESEARCH AND DEVELOPMENT IN THE PHYSICAL, ENGINEERING, AND LIFE SCIENCES (EXCEPT NANOTECHNOLOGY AND BIOTECHNOLOGY)",,,https://www.usaspending.gov/award/CONT_AWD_80GSFC21C0059_8000_-NONE-_-NONE-/,2024-01-28
National Aeronautics and Space Administration,National Aeronautics and Space Administration,FY2024P04,,080,2023,2024,,0120,000,080-2023/2024-0120-000,"Science, National Aeronautics and Space Administration",National Aeronautics and Space Administration,,"General Science, Space, and Technology","Space flight, research, and supporting activities",080-0120,"Science, National Aeronautics and Space Administration",0001,SCIENCE (DIRECT),25.5,Research and development contracts,D,Q,Not Designated Nonemergency/Emergency/Disaster/Wildfire Suppression,5088030.00,,,,CONT_AWD_80GSFC21C0059_8000_-NONE-_-NONE-,80GSFC21C0059,,,,2021-03-23,2021,2025-09-10,2025,2021-03-23,2027-09-30,,D,DEFINITIVE CONTRACT,,,THE COMPTON SPECTROMETER AND IMAGER (COSI),080,NATIONAL AERONAUTICS AND SPACE ADMINISTRATION (NASA),8000,NATIONAL AERONAUTICS AND SPACE ADMINISTRATION,80GSFC,NASA GODDARD SPACE FLIGHT CENTER,080,NATIONAL AERONAUTICS AND SPACE ADMINISTRATION (NASA),8000,NATIONAL AERONAUTICS AND SPACE ADMINISTRATION,80GSFC,NASA GODDARD SPACE FLIGHT CENTER,GS3YEVSS12N6,,"REGENTS OF THE UNIVERSITY OF CALIFORNIA, THE","REGENTS OF THE UNIVERSITY OF CALIFORNIA, THE",GS3YEVSS12N6,GS3YEVSS12N6,"REGENTS OF THE UNIVERSITY OF CALIFORNIA, THE",REGENTS OF THE UNIVERSITY OF CALIFORNIA  THE,USA,CA,ALAMEDA,BERKELEY,CA-12,CA-12,947101749,UNITED STATES,CALIFORNIA,ALAMEDA,CA-12,CA-12,947101749,,,AR11,"SPACE R&D SERVICES; SPACE FLIGHT, RESEARCH AND SUPPORTING ACTIVITIES; BASIC RESEARCH",541715,"RESEARCH AND DEVELOPMENT IN THE PHYSICAL, ENGINEERING, AND LIFE SCIENCES (EXCEPT NANOTECHNOLOGY AND BIOTECHNOLOGY)",,,https://www.usaspending.gov/award/CONT_AWD_80GSFC21C0059_8000_-NONE-_-NONE-/,2024-02-27
National Aeronautics and Space Administration,National Aeronautics and Space Administration,FY2024P04,,080,2022,2023,,0120,000,080-2022/2023-0120-000,"Science, National Aeronautics and Space Administration",National Aeronautics and Space Administration,,"General Science, Space, and Technology","Space flight, research, and supporting activities",080-0120,"Science, National Aeronautics and Space Administration",0001,SCIENCE (DIRECT),25.5,Research and development contracts,D,Q,Not Designated Nonemergency/Emergency/Disaster/Wildfire Suppression,,4411329.38,,,CONT_AWD_80GSFC21C0059_8000_-NONE-_-NONE-,80GSFC21C0059,,,,2021-03-23,2021,2025-09-10,2025,2021-03-23,2027-09-30,,D,DEFINITIVE CONTRACT,,,THE COMPTON SPECTROMETER AND IMAGER (COSI),080,NATIONAL AERONAUTICS AND SPACE ADMINISTRATION (NASA),8000,NATIONAL AERONAUTICS AND SPACE ADMINISTRATION,80GSFC,NASA GODDARD SPACE FLIGHT CENTER,080,NATIONAL AERONAUTICS AND SPACE ADMINISTRATION (NASA),8000,NATIONAL AERONAUTICS AND SPACE ADMINISTRATION,80GSFC,NASA GODDARD SPACE FLIGHT CENTER,GS3YEVSS12N6,,"REGENTS OF THE UNIVERSITY OF CALIFORNIA, THE","REGENTS OF THE UNIVERSITY OF CALIFORNIA, THE",GS3YEVSS12N6,GS3YEVSS12N6,"REGENTS OF THE UNIVERSITY OF CALIFORNIA, THE",REGENTS OF THE UNIVERSITY OF CALIFORNIA  THE,USA,CA,ALAMEDA,BERKELEY,CA-12,CA-12,947101749,UNITED STATES,CALIFORNIA,ALAMEDA,CA-12,CA-12,947101749,,,AR11,"SPACE R&D SERVICES; SPACE FLIGHT, RESEARCH AND SUPPORTING ACTIVITIES; BASIC RESEARCH",541715,"RESEARCH AND DEVELOPMENT IN THE PHYSICAL, ENGINEERING, AND LIFE SCIENCES (EXCEPT NANOTECHNOLOGY AND BIOTECHNOLOGY)",,,https://www.usaspending.gov/award/CONT_AWD_80GSFC21C0059_8000_-NONE-_-NONE-/,2024-02-27
National Aeronautics and Space Administration,National Aeronautics and Space Administration,FY2024P05,,080,2022,2023,,0120,000,080-2022/2023-0120-000,"Science, National Aeronautics and Space Administration",National Aeronautics and Space Administration,,"General Science, Space, and Technology","Space flight, research, and supporting activities",080-0120,"Science, National Aeronautics and Space Administration",0001,SCIENCE (DIRECT),25.5,Research and development contracts,D,Q,Not Designated Nonemergency/Emergency/Disaster/Wildfire Suppression,,5717859.20,,,CONT_AWD_80GSFC21C0059_8000_-NONE-_-NONE-,80GSFC21C0059,,,,2021-03-23,2021,2025-09-10,2025,2021-03-23,2027-09-30,,D,DEFINITIVE CONTRACT,,,THE COMPTON SPECTROMETER AND IMAGER (COSI),080,NATIONAL AERONAUTICS AND SPACE ADMINISTRATION (NASA),8000,NATIONAL AERONAUTICS AND SPACE ADMINISTRATION,80GSFC,NASA GODDARD SPACE FLIGHT CENTER,080,NATIONAL AERONAUTICS AND SPACE ADMINISTRATION (NASA),8000,NATIONAL AERONAUTICS AND SPACE ADMINISTRATION,80GSFC,NASA GODDARD SPACE FLIGHT CENTER,GS3YEVSS12N6,,"REGENTS OF THE UNIVERSITY OF CALIFORNIA, THE","REGENTS OF THE UNIVERSITY OF CALIFORNIA, THE",GS3YEVSS12N6,GS3YEVSS12N6,"REGENTS OF THE UNIVERSITY OF CALIFORNIA, THE",REGENTS OF THE UNIVERSITY OF CALIFORNIA  THE,USA,CA,ALAMEDA,BERKELEY,CA-12,CA-12,947101749,UNITED STATES,CALIFORNIA,ALAMEDA,CA-12,CA-12,947101749,,,AR11,"SPACE R&D SERVICES; SPACE FLIGHT, RESEARCH AND SUPPORTING ACTIVITIES; BASIC RESEARCH",541715,"RESEARCH AND DEVELOPMENT IN THE PHYSICAL, ENGINEERING, AND LIFE SCIENCES (EXCEPT NANOTECHNOLOGY AND BIOTECHNOLOGY)",,,https://www.usaspending.gov/award/CONT_AWD_80GSFC21C0059_8000_-NONE-_-NONE-/,2024-03-28
National Aeronautics and Space Administration,National Aeronautics and Space Administration,FY2024P06,,080,2022,2023,,0120,000,080-2022/2023-0120-000,"Science, National Aeronautics and Space Administration",National Aeronautics and Space Administration,,"General Science, Space, and Technology","Space flight, research, and supporting activities",080-0120,"Science, National Aeronautics and Space Administration",0001,SCIENCE (DIRECT),25.5,Research and development contracts,D,Q,Not Designated Nonemergency/Emergency/Disaster/Wildfire Suppression,,7549222.20,,,CONT_AWD_80GSFC21C0059_8000_-NONE-_-NONE-,80GSFC21C0059,,,,2021-03-23,2021,2025-09-10,2025,2021-03-23,2027-09-30,,D,DEFINITIVE CONTRACT,,,THE COMPTON SPECTROMETER AND IMAGER (COSI),080,NATIONAL AERONAUTICS AND SPACE ADMINISTRATION (NASA),8000,NATIONAL AERONAUTICS AND SPACE ADMINISTRATION,80GSFC,NASA GODDARD SPACE FLIGHT CENTER,080,NATIONAL AERONAUTICS AND SPACE ADMINISTRATION (NASA),8000,NATIONAL AERONAUTICS AND SPACE ADMINISTRATION,80GSFC,NASA GODDARD SPACE FLIGHT CENTER,GS3YEVSS12N6,,"REGENTS OF THE UNIVERSITY OF CALIFORNIA, THE","REGENTS OF THE UNIVERSITY OF CALIFORNIA, THE",GS3YEVSS12N6,GS3YEVSS12N6,"REGENTS OF THE UNIVERSITY OF CALIFORNIA, THE",REGENTS OF THE UNIVERSITY OF CALIFORNIA  THE,USA,CA,ALAMEDA,BERKELEY,CA-12,CA-12,947101749,UNITED STATES,CALIFORNIA,ALAMEDA,CA-12,CA-12,947101749,,,AR11,"SPACE R&D SERVICES; SPACE FLIGHT, RESEARCH AND SUPPORTING ACTIVITIES; BASIC RESEARCH",541715,"RESEARCH AND DEVELOPMENT IN THE PHYSICAL, ENGINEERING, AND LIFE SCIENCES (EXCEPT NANOTECHNOLOGY AND BIOTECHNOLOGY)",,,https://www.usaspending.gov/award/CONT_AWD_80GSFC21C0059_8000_-NONE-_-NONE-/,2024-04-25
National Aeronautics and Space Administration,National Aeronautics and Space Administration,FY2024P07,,080,2022,2023,,0120,000,080-2022/2023-0120-000,"Science, National Aeronautics and Space Administration",National Aeronautics and Space Administration,,"General Science, Space, and Technology","Space flight, research, and supporting activities",080-0120,"Science, National Aeronautics and Space Administration",0001,SCIENCE (DIRECT),25.5,Research and development contracts,D,Q,Not Designated Nonemergency/Emergency/Disaster/Wildfire Suppression,,9231687.58,,,CONT_AWD_80GSFC21C0059_8000_-NONE-_-NONE-,80GSFC21C0059,,,,2021-03-23,2021,2025-09-10,2025,2021-03-23,2027-09-30,,D,DEFINITIVE CONTRACT,,,THE COMPTON SPECTROMETER AND IMAGER (COSI),080,NATIONAL AERONAUTICS AND SPACE ADMINISTRATION (NASA),8000,NATIONAL AERONAUTICS AND SPACE ADMINISTRATION,80GSFC,NASA GODDARD SPACE FLIGHT CENTER,080,NATIONAL AERONAUTICS AND SPACE ADMINISTRATION (NASA),8000,NATIONAL AERONAUTICS AND SPACE ADMINISTRATION,80GSFC,NASA GODDARD SPACE FLIGHT CENTER,GS3YEVSS12N6,,"REGENTS OF THE UNIVERSITY OF CALIFORNIA, THE","REGENTS OF THE UNIVERSITY OF CALIFORNIA, THE",GS3YEVSS12N6,GS3YEVSS12N6,"REGENTS OF THE UNIVERSITY OF CALIFORNIA, THE",REGENTS OF THE UNIVERSITY OF CALIFORNIA  THE,USA,CA,ALAMEDA,BERKELEY,CA-12,CA-12,947101749,UNITED STATES,CALIFORNIA,ALAMEDA,CA-12,CA-12,947101749,,,AR11,"SPACE R&D SERVICES; SPACE FLIGHT, RESEARCH AND SUPPORTING ACTIVITIES; BASIC RESEARCH",541715,"RESEARCH AND DEVELOPMENT IN THE PHYSICAL, ENGINEERING, AND LIFE SCIENCES (EXCEPT NANOTECHNOLOGY AND BIOTECHNOLOGY)",,,https://www.usaspending.gov/award/CONT_AWD_80GSFC21C0059_8000_-NONE-_-NONE-/,2024-05-22
National Aeronautics and Space Administration,National Aeronautics and Space Administration,FY2024P08,,080,2022,2023,,0120,000,080-2022/2023-0120-000,"Science, National Aeronautics and Space Administration",National Aeronautics and Space Administration,,"General Science, Space, and Technology","Space flight, research, and supporting activities",080-0120,"Science, National Aeronautics and Space Administration",0001,SCIENCE (DIRECT),25.5,Research and development contracts,D,Q,Not Designated Nonemergency/Emergency/Disaster/Wildfire Suppression,,11520431.02,,,CONT_AWD_80GSFC21C0059_8000_-NONE-_-NONE-,80GSFC21C0059,,,,2021-03-23,2021,2025-09-10,2025,2021-03-23,2027-09-30,,D,DEFINITIVE CONTRACT,,,THE COMPTON SPECTROMETER AND IMAGER (COSI),080,NATIONAL AERONAUTICS AND SPACE ADMINISTRATION (NASA),8000,NATIONAL AERONAUTICS AND SPACE ADMINISTRATION,80GSFC,NASA GODDARD SPACE FLIGHT CENTER,080,NATIONAL AERONAUTICS AND SPACE ADMINISTRATION (NASA),8000,NATIONAL AERONAUTICS AND SPACE ADMINISTRATION,80GSFC,NASA GODDARD SPACE FLIGHT CENTER,GS3YEVSS12N6,,"REGENTS OF THE UNIVERSITY OF CALIFORNIA, THE","REGENTS OF THE UNIVERSITY OF CALIFORNIA, THE",GS3YEVSS12N6,GS3YEVSS12N6,"REGENTS OF THE UNIVERSITY OF CALIFORNIA, THE",REGENTS OF THE UNIVERSITY OF CALIFORNIA  THE,USA,CA,ALAMEDA,BERKELEY,CA-12,CA-12,947101749,UNITED STATES,CALIFORNIA,ALAMEDA,CA-12,CA-12,947101749,,,AR11,"SPACE R&D SERVICES; SPACE FLIGHT, RESEARCH AND SUPPORTING ACTIVITIES; BASIC RESEARCH",541715,"RESEARCH AND DEVELOPMENT IN THE PHYSICAL, ENGINEERING, AND LIFE SCIENCES (EXCEPT NANOTECHNOLOGY AND BIOTECHNOLOGY)",,,https://www.usaspending.gov/award/CONT_AWD_80GSFC21C0059_8000_-NONE-_-NONE-/,2024-07-01
National Aeronautics and Space Administration,National Aeronautics and Space Administration,FY2024P09,,080,2023,2024,,0120,000,080-2023/2024-0120-000,"Science, National Aeronautics and Space Administration",National Aeronautics and Space Administration,,"General Science, Space, and Technology","Space flight, research, and supporting activities",080-0120,"Science, National Aeronautics and Space Administration",0001,SCIENCE (DIRECT),25.5,Research and development contracts,D,Q,Not Designated Nonemergency/Emergency/Disaster/Wildfire Suppression,,3284740.52,,,CONT_AWD_80GSFC21C0059_8000_-NONE-_-NONE-,80GSFC21C0059,,,,2021-03-23,2021,2025-09-10,2025,2021-03-23,2027-09-30,,D,DEFINITIVE CONTRACT,,,THE COMPTON SPECTROMETER AND IMAGER (COSI),080,NATIONAL AERONAUTICS AND SPACE ADMINISTRATION (NASA),8000,NATIONAL AERONAUTICS AND SPACE ADMINISTRATION,80GSFC,NASA GODDARD SPACE FLIGHT CENTER,080,NATIONAL AERONAUTICS AND SPACE ADMINISTRATION (NASA),8000,NATIONAL AERONAUTICS AND SPACE ADMINISTRATION,80GSFC,NASA GODDARD SPACE FLIGHT CENTER,GS3YEVSS12N6,,"REGENTS OF THE UNIVERSITY OF CALIFORNIA, THE","REGENTS OF THE UNIVERSITY OF CALIFORNIA, THE",GS3YEVSS12N6,GS3YEVSS12N6,"REGENTS OF THE UNIVERSITY OF CALIFORNIA, THE",REGENTS OF THE UNIVERSITY OF CALIFORNIA  THE,USA,CA,ALAMEDA,BERKELEY,CA-12,CA-12,947101749,UNITED STATES,CALIFORNIA,ALAMEDA,CA-12,CA-12,947101749,,,AR11,"SPACE R&D SERVICES; SPACE FLIGHT, RESEARCH AND SUPPORTING ACTIVITIES; BASIC RESEARCH",541715,"RESEARCH AND DEVELOPMENT IN THE PHYSICAL, ENGINEERING, AND LIFE SCIENCES (EXCEPT NANOTECHNOLOGY AND BIOTECHNOLOGY)",,,https://www.usaspending.gov/award/CONT_AWD_80GSFC21C0059_8000_-NONE-_-NONE-/,2024-07-29
National Aeronautics and Space Administration,National Aeronautics and Space Administration,FY2024P09,,080,2022,2023,,0120,000,080-2022/2023-0120-000,"Science, National Aeronautics and Space Administration",National Aeronautics and Space Administration,,"General Science, Space, and Technology","Space flight, research, and supporting activities",080-0120,"Science, National Aeronautics and Space Administration",0001,SCIENCE (DIRECT),25.5,Research and development contracts,D,Q,Not Designated Nonemergency/Emergency/Disaster/Wildfire Suppression,,11811226.42,,,CONT_AWD_80GSFC21C0059_8000_-NONE-_-NONE-,80GSFC21C0059,,,,2021-03-23,2021,2025-09-10,2025,2021-03-23,2027-09-30,,D,DEFINITIVE CONTRACT,,,THE COMPTON SPECTROMETER AND IMAGER (COSI),080,NATIONAL AERONAUTICS AND SPACE ADMINISTRATION (NASA),8000,NATIONAL AERONAUTICS AND SPACE ADMINISTRATION,80GSFC,NASA GODDARD SPACE FLIGHT CENTER,080,NATIONAL AERONAUTICS AND SPACE ADMINISTRATION (NASA),8000,NATIONAL AERONAUTICS AND SPACE ADMINISTRATION,80GSFC,NASA GODDARD SPACE FLIGHT CENTER,GS3YEVSS12N6,,"REGENTS OF THE UNIVERSITY OF CALIFORNIA, THE","REGENTS OF THE UNIVERSITY OF CALIFORNIA, THE",GS3YEVSS12N6,GS3YEVSS12N6,"REGENTS OF THE UNIVERSITY OF CALIFORNIA, THE",REGENTS OF THE UNIVERSITY OF CALIFORNIA  THE,USA,CA,ALAMEDA,BERKELEY,CA-12,CA-12,947101749,UNITED STATES,CALIFORNIA,ALAMEDA,CA-12,CA-12,947101749,,,AR11,"SPACE R&D SERVICES; SPACE FLIGHT, RESEARCH AND SUPPORTING ACTIVITIES; BASIC RESEARCH",541715,"RESEARCH AND DEVELOPMENT IN THE PHYSICAL, ENGINEERING, AND LIFE SCIENCES (EXCEPT NANOTECHNOLOGY AND BIOTECHNOLOGY)",,,https://www.usaspending.gov/award/CONT_AWD_80GSFC21C0059_8000_-NONE-_-NONE-/,2024-07-29
National Aeronautics and Space Administration,National Aeronautics and Space Administration,FY2024P10,,080,2023,2024,,0120,000,080-2023/2024-0120-000,"Science, National Aeronautics and Space Administration",National Aeronautics and Space Administration,,"General Science, Space, and Technology","Space flight, research, and supporting activities",080-0120,"Science, National Aeronautics and Space Administration",0001,SCIENCE (DIRECT),25.5,Research and development contracts,D,Q,Not Designated Nonemergency/Emergency/Disaster/Wildfire Suppression,,5073162.63,,,CONT_AWD_80GSFC21C0059_8000_-NONE-_-NONE-,80GSFC21C0059,,,,2021-03-23,2021,2025-09-10,2025,2021-03-23,2027-09-30,,D,DEFINITIVE CONTRACT,,,THE COMPTON SPECTROMETER AND IMAGER (COSI),080,NATIONAL AERONAUTICS AND SPACE ADMINISTRATION (NASA),8000,NATIONAL AERONAUTICS AND SPACE ADMINISTRATION,80GSFC,NASA GODDARD SPACE FLIGHT CENTER,080,NATIONAL AERONAUTICS AND SPACE ADMINISTRATION (NASA),8000,NATIONAL AERONAUTICS AND SPACE ADMINISTRATION,80GSFC,NASA GODDARD SPACE FLIGHT CENTER,GS3YEVSS12N6,,"REGENTS OF THE UNIVERSITY OF CALIFORNIA, THE","REGENTS OF THE UNIVERSITY OF CALIFORNIA, THE",GS3YEVSS12N6,GS3YEVSS12N6,"REGENTS OF THE UNIVERSITY OF CALIFORNIA, THE",REGENTS OF THE UNIVERSITY OF CALIFORNIA  THE,USA,CA,ALAMEDA,BERKELEY,CA-12,CA-12,947101749,UNITED STATES,CALIFORNIA,ALAMEDA,CA-12,CA-12,947101749,,,AR11,"SPACE R&D SERVICES; SPACE FLIGHT, RESEARCH AND SUPPORTING ACTIVITIES; BASIC RESEARCH",541715,"RESEARCH AND DEVELOPMENT IN THE PHYSICAL, ENGINEERING, AND LIFE SCIENCES (EXCEPT NANOTECHNOLOGY AND BIOTECHNOLOGY)",,,https://www.usaspending.gov/award/CONT_AWD_80GSFC21C0059_8000_-NONE-_-NONE-/,2024-08-26
National Aeronautics and Space Administration,National Aeronautics and Space Administration,FY2024P10,,080,2022,2023,,0120,000,080-2022/2023-0120-000,"Science, National Aeronautics and Space Administration",National Aeronautics and Space Administration,,"General Science, Space, and Technology","Space flight, research, and supporting activities",080-0120,"Science, National Aeronautics and Space Administration",0001,SCIENCE (DIRECT),25.5,Research and development contracts,D,Q,Not Designated Nonemergency/Emergency/Disaster/Wildfire Suppression,,11811226.42,,,CONT_AWD_80GSFC21C0059_8000_-NONE-_-NONE-,80GSFC21C0059,,,,2021-03-23,2021,2025-09-10,2025,2021-03-23,2027-09-30,,D,DEFINITIVE CONTRACT,,,THE COMPTON SPECTROMETER AND IMAGER (COSI),080,NATIONAL AERONAUTICS AND SPACE ADMINISTRATION (NASA),8000,NATIONAL AERONAUTICS AND SPACE ADMINISTRATION,80GSFC,NASA GODDARD SPACE FLIGHT CENTER,080,NATIONAL AERONAUTICS AND SPACE ADMINISTRATION (NASA),8000,NATIONAL AERONAUTICS AND SPACE ADMINISTRATION,80GSFC,NASA GODDARD SPACE FLIGHT CENTER,GS3YEVSS12N6,,"REGENTS OF THE UNIVERSITY OF CALIFORNIA, THE","REGENTS OF THE UNIVERSITY OF CALIFORNIA, THE",GS3YEVSS12N6,GS3YEVSS12N6,"REGENTS OF THE UNIVERSITY OF CALIFORNIA, THE",REGENTS OF THE UNIVERSITY OF CALIFORNIA  THE,USA,CA,ALAMEDA,BERKELEY,CA-12,CA-12,947101749,UNITED STATES,CALIFORNIA,ALAMEDA,CA-12,CA-12,947101749,,,AR11,"SPACE R&D SERVICES; SPACE FLIGHT, RESEARCH AND SUPPORTING ACTIVITIES; BASIC RESEARCH",541715,"RESEARCH AND DEVELOPMENT IN THE PHYSICAL, ENGINEERING, AND LIFE SCIENCES (EXCEPT NANOTECHNOLOGY AND BIOTECHNOLOGY)",,,https://www.usaspending.gov/award/CONT_AWD_80GSFC21C0059_8000_-NONE-_-NONE-/,2024-08-26
National Aeronautics and Space Administration,National Aeronautics and Space Administration,FY2024P11,,080,2023,2024,,0120,000,080-2023/2024-0120-000,"Science, National Aeronautics and Space Administration",National Aeronautics and Space Administration,,"General Science, Space, and Technology","Space flight, research, and supporting activities",080-0120,"Science, National Aeronautics and Space Administration",0001,SCIENCE (DIRECT),25.5,Research and development contracts,D,Q,Not Designated Nonemergency/Emergency/Disaster/Wildfire Suppression,,5073162.63,,,CONT_AWD_80GSFC21C0059_8000_-NONE-_-NONE-,80GSFC21C0059,,,,2021-03-23,2021,2025-09-10,2025,2021-03-23,2027-09-30,,D,DEFINITIVE CONTRACT,,,THE COMPTON SPECTROMETER AND IMAGER (COSI),080,NATIONAL AERONAUTICS AND SPACE ADMINISTRATION (NASA),8000,NATIONAL AERONAUTICS AND SPACE ADMINISTRATION,80GSFC,NASA GODDARD SPACE FLIGHT CENTER,080,NATIONAL AERONAUTICS AND SPACE ADMINISTRATION (NASA),8000,NATIONAL AERONAUTICS AND SPACE ADMINISTRATION,80GSFC,NASA GODDARD SPACE FLIGHT CENTER,GS3YEVSS12N6,,"REGENTS OF THE UNIVERSITY OF CALIFORNIA, THE","REGENTS OF THE UNIVERSITY OF CALIFORNIA, THE",GS3YEVSS12N6,GS3YEVSS12N6,"REGENTS OF THE UNIVERSITY OF CALIFORNIA, THE",REGENTS OF THE UNIVERSITY OF CALIFORNIA  THE,USA,CA,ALAMEDA,BERKELEY,CA-12,CA-12,947101749,UNITED STATES,CALIFORNIA,ALAMEDA,CA-12,CA-12,947101749,,,AR11,"SPACE R&D SERVICES; SPACE FLIGHT, RESEARCH AND SUPPORTING ACTIVITIES; BASIC RESEARCH",541715,"RESEARCH AND DEVELOPMENT IN THE PHYSICAL, ENGINEERING, AND LIFE SCIENCES (EXCEPT NANOTECHNOLOGY AND BIOTECHNOLOGY)",,,https://www.usaspending.gov/award/CONT_AWD_80GSFC21C0059_8000_-NONE-_-NONE-/,2024-09-30
National Aeronautics and Space Administration,National Aeronautics and Space Administration,FY2024P11,,080,2024,2025,,0120,000,080-2024/2025-0120-000,"Science, National Aeronautics and Space Administration",National Aeronautics and Space Administration,,"General Science, Space, and Technology","Space flight, research, and supporting activities",080-0120,"Science, National Aeronautics and Space Administration",0001,SCIENCE (DIRECT),25.5,Research and development contracts,D,Q,Not Designated Nonemergency/Emergency/Disaster/Wildfire Suppression,7242700.00,,,,CONT_AWD_80GSFC21C0059_8000_-NONE-_-NONE-,80GSFC21C0059,,,,2021-03-23,2021,2025-09-10,2025,2021-03-23,2027-09-30,,D,DEFINITIVE CONTRACT,,,THE COMPTON SPECTROMETER AND IMAGER (COSI),080,NATIONAL AERONAUTICS AND SPACE ADMINISTRATION (NASA),8000,NATIONAL AERONAUTICS AND SPACE ADMINISTRATION,80GSFC,NASA GODDARD SPACE FLIGHT CENTER,080,NATIONAL AERONAUTICS AND SPACE ADMINISTRATION (NASA),8000,NATIONAL AERONAUTICS AND SPACE ADMINISTRATION,80GSFC,NASA GODDARD SPACE FLIGHT CENTER,GS3YEVSS12N6,,"REGENTS OF THE UNIVERSITY OF CALIFORNIA, THE","REGENTS OF THE UNIVERSITY OF CALIFORNIA, THE",GS3YEVSS12N6,GS3YEVSS12N6,"REGENTS OF THE UNIVERSITY OF CALIFORNIA, THE",REGENTS OF THE UNIVERSITY OF CALIFORNIA  THE,USA,CA,ALAMEDA,BERKELEY,CA-12,CA-12,947101749,UNITED STATES,CALIFORNIA,ALAMEDA,CA-12,CA-12,947101749,,,AR11,"SPACE R&D SERVICES; SPACE FLIGHT, RESEARCH AND SUPPORTING ACTIVITIES; BASIC RESEARCH",541715,"RESEARCH AND DEVELOPMENT IN THE PHYSICAL, ENGINEERING, AND LIFE SCIENCES (EXCEPT NANOTECHNOLOGY AND BIOTECHNOLOGY)",,,https://www.usaspending.gov/award/CONT_AWD_80GSFC21C0059_8000_-NONE-_-NONE-/,2024-09-30
National Aeronautics and Space Administration,National Aeronautics and Space Administration,FY2024P11,,080,2022,2023,,0120,000,080-2022/2023-0120-000,"Science, National Aeronautics and Space Administration",National Aeronautics and Space Administration,,"General Science, Space, and Technology","Space flight, research, and supporting activities",080-0120,"Science, National Aeronautics and Space Administration",0001,SCIENCE (DIRECT),25.5,Research and development contracts,D,Q,Not Designated Nonemergency/Emergency/Disaster/Wildfire Suppression,,11811226.42,,,CONT_AWD_80GSFC21C0059_8000_-NONE-_-NONE-,80GSFC21C0059,,,,2021-03-23,2021,2025-09-10,2025,2021-03-23,2027-09-30,,D,DEFINITIVE CONTRACT,,,THE COMPTON SPECTROMETER AND IMAGER (COSI),080,NATIONAL AERONAUTICS AND SPACE ADMINISTRATION (NASA),8000,NATIONAL AERONAUTICS AND SPACE ADMINISTRATION,80GSFC,NASA GODDARD SPACE FLIGHT CENTER,080,NATIONAL AERONAUTICS AND SPACE ADMINISTRATION (NASA),8000,NATIONAL AERONAUTICS AND SPACE ADMINISTRATION,80GSFC,NASA GODDARD SPACE FLIGHT CENTER,GS3YEVSS12N6,,"REGENTS OF THE UNIVERSITY OF CALIFORNIA, THE","REGENTS OF THE UNIVERSITY OF CALIFORNIA, THE",GS3YEVSS12N6,GS3YEVSS12N6,"REGENTS OF THE UNIVERSITY OF CALIFORNIA, THE",REGENTS OF THE UNIVERSITY OF CALIFORNIA  THE,USA,CA,ALAMEDA,BERKELEY,CA-12,CA-12,947101749,UNITED STATES,CALIFORNIA,ALAMEDA,CA-12,CA-12,947101749,,,AR11,"SPACE R&D SERVICES; SPACE FLIGHT, RESEARCH AND SUPPORTING ACTIVITIES; BASIC RESEARCH",541715,"RESEARCH AND DEVELOPMENT IN THE PHYSICAL, ENGINEERING, AND LIFE SCIENCES (EXCEPT NANOTECHNOLOGY AND BIOTECHNOLOGY)",,,https://www.usaspending.gov/award/CONT_AWD_80GSFC21C0059_8000_-NONE-_-NONE-/,2024-09-30
National Aeronautics and Space Administration,National Aeronautics and Space Administration,FY2024P12,,080,2023,2024,,0120,000,080-2023/2024-0120-000,"Science, National Aeronautics and Space Administration",National Aeronautics and Space Administration,,"General Science, Space, and Technology","Space flight, research, and supporting activities",080-0120,"Science, National Aeronautics and Space Administration",0001,SCIENCE (DIRECT),25.5,Research and development contracts,D,Q,Not Designated Nonemergency/Emergency/Disaster/Wildfire Suppression,,9534977.00,,,CONT_AWD_80GSFC21C0059_8000_-NONE-_-NONE-,80GSFC21C0059,,,,2021-03-23,2021,2025-09-10,2025,2021-03-23,2027-09-30,,D,DEFINITIVE CONTRACT,,,THE COMPTON SPECTROMETER AND IMAGER (COSI),080,NATIONAL AERONAUTICS AND SPACE ADMINISTRATION (NASA),8000,NATIONAL AERONAUTICS AND SPACE ADMINISTRATION,80GSFC,NASA GODDARD SPACE FLIGHT CENTER,080,NATIONAL AERONAUTICS AND SPACE ADMINISTRATION (NASA),8000,NATIONAL AERONAUTICS AND SPACE ADMINISTRATION,80GSFC,NASA GODDARD SPACE FLIGHT CENTER,GS3YEVSS12N6,,"REGENTS OF THE UNIVERSITY OF CALIFORNIA, THE","REGENTS OF THE UNIVERSITY OF CALIFORNIA, THE",GS3YEVSS12N6,GS3YEVSS12N6,"REGENTS OF THE UNIVERSITY OF CALIFORNIA, THE",REGENTS OF THE UNIVERSITY OF CALIFORNIA  THE,USA,CA,ALAMEDA,BERKELEY,CA-12,CA-12,947101749,UNITED STATES,CALIFORNIA,ALAMEDA,CA-12,CA-12,947101749,,,AR11,"SPACE R&D SERVICES; SPACE FLIGHT, RESEARCH AND SUPPORTING ACTIVITIES; BASIC RESEARCH",541715,"RESEARCH AND DEVELOPMENT IN THE PHYSICAL, ENGINEERING, AND LIFE SCIENCES (EXCEPT NANOTECHNOLOGY AND BIOTECHNOLOGY)",,,https://www.usaspending.gov/award/CONT_AWD_80GSFC21C0059_8000_-NONE-_-NONE-/,2024-11-07
National Aeronautics and Space Administration,National Aeronautics and Space Administration,FY2024P12,,080,2022,2023,,0120,000,080-2022/2023-0120-000,"Science, National Aeronautics and Space Administration",National Aeronautics and Space Administration,,"General Science, Space, and Technology","Space flight, research, and supporting activities",080-0120,"Science, National Aeronautics and Space Administration",0001,SCIENCE (DIRECT),25.5,Research and development contracts,D,Q,Not Designated Nonemergency/Emergency/Disaster/Wildfire Suppression,,11811226.42,,,CONT_AWD_80GSFC21C0059_8000_-NONE-_-NONE-,80GSFC21C0059,,,,2021-03-23,2021,2025-09-10,2025,2021-03-23,2027-09-30,,D,DEFINITIVE CONTRACT,,,THE COMPTON SPECTROMETER AND IMAGER (COSI),080,NATIONAL AERONAUTICS AND SPACE ADMINISTRATION (NASA),8000,NATIONAL AERONAUTICS AND SPACE ADMINISTRATION,80GSFC,NASA GODDARD SPACE FLIGHT CENTER,080,NATIONAL AERONAUTICS AND SPACE ADMINISTRATION (NASA),8000,NATIONAL AERONAUTICS AND SPACE ADMINISTRATION,80GSFC,NASA GODDARD SPACE FLIGHT CENTER,GS3YEVSS12N6,,"REGENTS OF THE UNIVERSITY OF CALIFORNIA, THE","REGENTS OF THE UNIVERSITY OF CALIFORNIA, THE",GS3YEVSS12N6,GS3YEVSS12N6,"REGENTS OF THE UNIVERSITY OF CALIFORNIA, THE",REGENTS OF THE UNIVERSITY OF CALIFORNIA  THE,USA,CA,ALAMEDA,BERKELEY,CA-12,CA-12,947101749,UNITED STATES,CALIFORNIA,ALAMEDA,CA-12,CA-12,947101749,,,AR11,"SPACE R&D SERVICES; SPACE FLIGHT, RESEARCH AND SUPPORTING ACTIVITIES; BASIC RESEARCH",541715,"RESEARCH AND DEVELOPMENT IN THE PHYSICAL, ENGINEERING, AND LIFE SCIENCES (EXCEPT NANOTECHNOLOGY AND BIOTECHNOLOGY)",,,https://www.usaspending.gov/award/CONT_AWD_80GSFC21C0059_8000_-NONE-_-NONE-/,2024-11-07
National Aeronautics and Space Administration,National Aeronautics and Space Administration,FY2025P02,,080,2024,2025,,0120,000,080-2024/2025-0120-000,"Science, National Aeronautics and Space Administration",National Aeronautics and Space Administration,,"General Science, Space, and Technology","Space flight, research, and supporting activities",080-0120,"Science, National Aeronautics and Space Administration",0001,SCIENCE (DIRECT),25.5,Research and development contracts,D,Q,Not Designated Nonemergency/Emergency/Disaster/Wildfire Suppression,68386.00,,,,CONT_AWD_80GSFC21C0059_8000_-NONE-_-NONE-,80GSFC21C0059,,,,2021-03-23,2021,2025-09-10,2025,2021-03-23,2027-09-30,,D,DEFINITIVE CONTRACT,,,THE COMPTON SPECTROMETER AND IMAGER (COSI),080,NATIONAL AERONAUTICS AND SPACE ADMINISTRATION (NASA),8000,NATIONAL AERONAUTICS AND SPACE ADMINISTRATION,80GSFC,NASA GODDARD SPACE FLIGHT CENTER,080,NATIONAL AERONAUTICS AND SPACE ADMINISTRATION (NASA),8000,NATIONAL AERONAUTICS AND SPACE ADMINISTRATION,80GSFC,NASA GODDARD SPACE FLIGHT CENTER,GS3YEVSS12N6,,"REGENTS OF THE UNIVERSITY OF CALIFORNIA, THE","REGENTS OF THE UNIVERSITY OF CALIFORNIA, THE",GS3YEVSS12N6,GS3YEVSS12N6,"REGENTS OF THE UNIVERSITY OF CALIFORNIA, THE",REGENTS OF THE UNIVERSITY OF CALIFORNIA  THE,USA,CA,ALAMEDA,BERKELEY,CA-12,CA-12,947101749,UNITED STATES,CALIFORNIA,ALAMEDA,CA-12,CA-12,947101749,,,AR11,"SPACE R&D SERVICES; SPACE FLIGHT, RESEARCH AND SUPPORTING ACTIVITIES; BASIC RESEARCH",541715,"RESEARCH AND DEVELOPMENT IN THE PHYSICAL, ENGINEERING, AND LIFE SCIENCES (EXCEPT NANOTECHNOLOGY AND BIOTECHNOLOGY)",,,https://www.usaspending.gov/award/CONT_AWD_80GSFC21C0059_8000_-NONE-_-NONE-/,2024-12-20
National Aeronautics and Space Administration,National Aeronautics and Space Administration,FY2025P02,,080,2025,2026,,0120,000,080-2025/2026-0120-000,"Science, National Aeronautics and Space Administration",National Aeronautics and Space Administration,,"General Science, Space, and Technology","Space flight, research, and supporting activities",080-0120,"Science, National Aeronautics and Space Administration",0001,SCIENCE (DIRECT),25.5,Research and development contracts,D,Q,Not Designated Nonemergency/Emergency/Disaster/Wildfire Suppression,30785614.00,,,,CONT_AWD_80GSFC21C0059_8000_-NONE-_-NONE-,80GSFC21C0059,,,,2021-03-23,2021,2025-09-10,2025,2021-03-23,2027-09-30,,D,DEFINITIVE CONTRACT,,,THE COMPTON SPECTROMETER AND IMAGER (COSI),080,NATIONAL AERONAUTICS AND SPACE ADMINISTRATION (NASA),8000,NATIONAL AERONAUTICS AND SPACE ADMINISTRATION,80GSFC,NASA GODDARD SPACE FLIGHT CENTER,080,NATIONAL AERONAUTICS AND SPACE ADMINISTRATION (NASA),8000,NATIONAL AERONAUTICS AND SPACE ADMINISTRATION,80GSFC,NASA GODDARD SPACE FLIGHT CENTER,GS3YEVSS12N6,,"REGENTS OF THE UNIVERSITY OF CALIFORNIA, THE","REGENTS OF THE UNIVERSITY OF CALIFORNIA, THE",GS3YEVSS12N6,GS3YEVSS12N6,"REGENTS OF THE UNIVERSITY OF CALIFORNIA, THE",REGENTS OF THE UNIVERSITY OF CALIFORNIA  THE,USA,CA,ALAMEDA,BERKELEY,CA-12,CA-12,947101749,UNITED STATES,CALIFORNIA,ALAMEDA,CA-12,CA-12,947101749,,,AR11,"SPACE R&D SERVICES; SPACE FLIGHT, RESEARCH AND SUPPORTING ACTIVITIES; BASIC RESEARCH",541715,"RESEARCH AND DEVELOPMENT IN THE PHYSICAL, ENGINEERING, AND LIFE SCIENCES (EXCEPT NANOTECHNOLOGY AND BIOTECHNOLOGY)",,,https://www.usaspending.gov/award/CONT_AWD_80GSFC21C0059_8000_-NONE-_-NONE-/,2024-12-20
National Aeronautics and Space Administration,National Aeronautics and Space Administration,FY2025P02,,080,2023,2024,,0120,000,080-2023/2024-0120-000,"Science, National Aeronautics and Space Administration",National Aeronautics and Space Administration,,"General Science, Space, and Technology","Space flight, research, and supporting activities",080-0120,"Science, National Aeronautics and Space Administration",0001,SCIENCE (DIRECT),25.5,Research and development contracts,D,Q,Not Designated Nonemergency/Emergency/Disaster/Wildfire Suppression,,4222657.05,0.00,0.00,CONT_AWD_80GSFC21C0059_8000_-NONE-_-NONE-,80GSFC21C0059,,,,2021-03-23,2021,2025-09-10,2025,2021-03-23,2027-09-30,,D,DEFINITIVE CONTRACT,,,THE COMPTON SPECTROMETER AND IMAGER (COSI),080,NATIONAL AERONAUTICS AND SPACE ADMINISTRATION (NASA),8000,NATIONAL AERONAUTICS AND SPACE ADMINISTRATION,80GSFC,NASA GODDARD SPACE FLIGHT CENTER,080,NATIONAL AERONAUTICS AND SPACE ADMINISTRATION (NASA),8000,NATIONAL AERONAUTICS AND SPACE ADMINISTRATION,80GSFC,NASA GODDARD SPACE FLIGHT CENTER,GS3YEVSS12N6,,"REGENTS OF THE UNIVERSITY OF CALIFORNIA, THE","REGENTS OF THE UNIVERSITY OF CALIFORNIA, THE",GS3YEVSS12N6,GS3YEVSS12N6,"REGENTS OF THE UNIVERSITY OF CALIFORNIA, THE",REGENTS OF THE UNIVERSITY OF CALIFORNIA  THE,USA,CA,ALAMEDA,BERKELEY,CA-12,CA-12,947101749,UNITED STATES,CALIFORNIA,ALAMEDA,CA-12,CA-12,947101749,,,AR11,"SPACE R&D SERVICES; SPACE FLIGHT, RESEARCH AND SUPPORTING ACTIVITIES; BASIC RESEARCH",541715,"RESEARCH AND DEVELOPMENT IN THE PHYSICAL, ENGINEERING, AND LIFE SCIENCES (EXCEPT NANOTECHNOLOGY AND BIOTECHNOLOGY)",,,https://www.usaspending.gov/award/CONT_AWD_80GSFC21C0059_8000_-NONE-_-NONE-/,2024-12-20
National Aeronautics and Space Administration,National Aeronautics and Space Administration,FY2025P03,,080,2023,2024,,0120,000,080-2023/2024-0120-000,"Science, National Aeronautics and Space Administration",National Aeronautics and Space Administration,,"General Science, Space, and Technology","Space flight, research, and supporting activities",080-0120,"Science, National Aeronautics and Space Administration",0001,SCIENCE (DIRECT),25.5,Research and development contracts,D,Q,Not Designated Nonemergency/Emergency/Disaster/Wildfire Suppression,,4222657.05,0.00,0.00,CONT_AWD_80GSFC21C0059_8000_-NONE-_-NONE-,80GSFC21C0059,,,,2021-03-23,2021,2025-09-10,2025,2021-03-23,2027-09-30,,D,DEFINITIVE CONTRACT,,,THE COMPTON SPECTROMETER AND IMAGER (COSI),080,NATIONAL AERONAUTICS AND SPACE ADMINISTRATION (NASA),8000,NATIONAL AERONAUTICS AND SPACE ADMINISTRATION,80GSFC,NASA GODDARD SPACE FLIGHT CENTER,080,NATIONAL AERONAUTICS AND SPACE ADMINISTRATION (NASA),8000,NATIONAL AERONAUTICS AND SPACE ADMINISTRATION,80GSFC,NASA GODDARD SPACE FLIGHT CENTER,GS3YEVSS12N6,,"REGENTS OF THE UNIVERSITY OF CALIFORNIA, THE","REGENTS OF THE UNIVERSITY OF CALIFORNIA, THE",GS3YEVSS12N6,GS3YEVSS12N6,"REGENTS OF THE UNIVERSITY OF CALIFORNIA, THE",REGENTS OF THE UNIVERSITY OF CALIFORNIA  THE,USA,CA,ALAMEDA,BERKELEY,CA-12,CA-12,947101749,UNITED STATES,CALIFORNIA,ALAMEDA,CA-12,CA-12,947101749,,,AR11,"SPACE R&D SERVICES; SPACE FLIGHT, RESEARCH AND SUPPORTING ACTIVITIES; BASIC RESEARCH",541715,"RESEARCH AND DEVELOPMENT IN THE PHYSICAL, ENGINEERING, AND LIFE SCIENCES (EXCEPT NANOTECHNOLOGY AND BIOTECHNOLOGY)",,,https://www.usaspending.gov/award/CONT_AWD_80GSFC21C0059_8000_-NONE-_-NONE-/,2025-01-29
National Aeronautics and Space Administration,National Aeronautics and Space Administration,FY2025P04,,080,2023,2024,,0120,000,080-2023/2024-0120-000,"Science, National Aeronautics and Space Administration",National Aeronautics and Space Administration,,"General Science, Space, and Technology","Space flight, research, and supporting activities",080-0120,"Science, National Aeronautics and Space Administration",0001,SCIENCE (DIRECT),25.5,Research and development contracts,D,Q,Not Designated Nonemergency/Emergency/Disaster/Wildfire Suppression,,14149187.39,0.00,0.00,CONT_AWD_80GSFC21C0059_8000_-NONE-_-NONE-,80GSFC21C0059,,,,2021-03-23,2021,2025-09-10,2025,2021-03-23,2027-09-30,,D,DEFINITIVE CONTRACT,,,THE COMPTON SPECTROMETER AND IMAGER (COSI),080,NATIONAL AERONAUTICS AND SPACE ADMINISTRATION (NASA),8000,NATIONAL AERONAUTICS AND SPACE ADMINISTRATION,80GSFC,NASA GODDARD SPACE FLIGHT CENTER,080,NATIONAL AERONAUTICS AND SPACE ADMINISTRATION (NASA),8000,NATIONAL AERONAUTICS AND SPACE ADMINISTRATION,80GSFC,NASA GODDARD SPACE FLIGHT CENTER,GS3YEVSS12N6,,"REGENTS OF THE UNIVERSITY OF CALIFORNIA, THE","REGENTS OF THE UNIVERSITY OF CALIFORNIA, THE",GS3YEVSS12N6,GS3YEVSS12N6,"REGENTS OF THE UNIVERSITY OF CALIFORNIA, THE",REGENTS OF THE UNIVERSITY OF CALIFORNIA  THE,USA,CA,ALAMEDA,BERKELEY,CA-12,CA-12,947101749,UNITED STATES,CALIFORNIA,ALAMEDA,CA-12,CA-12,947101749,,,AR11,"SPACE R&D SERVICES; SPACE FLIGHT, RESEARCH AND SUPPORTING ACTIVITIES; BASIC RESEARCH",541715,"RESEARCH AND DEVELOPMENT IN THE PHYSICAL, ENGINEERING, AND LIFE SCIENCES (EXCEPT NANOTECHNOLOGY AND BIOTECHNOLOGY)",,,https://www.usaspending.gov/award/CONT_AWD_80GSFC21C0059_8000_-NONE-_-NONE-/,2025-02-28
National Aeronautics and Space Administration,National Aeronautics and Space Administration,FY2025P04,,080,2025,2026,,0120,000,080-2025/2026-0120-000,"Science, National Aeronautics and Space Administration",National Aeronautics and Space Administration,,"General Science, Space, and Technology","Space flight, research, and supporting activities",080-0120,"Science, National Aeronautics and Space Administration",0001,SCIENCE (DIRECT),25.5,Research and development contracts,D,Q,Not Designated Nonemergency/Emergency/Disaster/Wildfire Suppression,11788000.00,,,,CONT_AWD_80GSFC21C0059_8000_-NONE-_-NONE-,80GSFC21C0059,,,,2021-03-23,2021,2025-09-10,2025,2021-03-23,2027-09-30,,D,DEFINITIVE CONTRACT,,,THE COMPTON SPECTROMETER AND IMAGER (COSI),080,NATIONAL AERONAUTICS AND SPACE ADMINISTRATION (NASA),8000,NATIONAL AERONAUTICS AND SPACE ADMINISTRATION,80GSFC,NASA GODDARD SPACE FLIGHT CENTER,080,NATIONAL AERONAUTICS AND SPACE ADMINISTRATION (NASA),8000,NATIONAL AERONAUTICS AND SPACE ADMINISTRATION,80GSFC,NASA GODDARD SPACE FLIGHT CENTER,GS3YEVSS12N6,,"REGENTS OF THE UNIVERSITY OF CALIFORNIA, THE","REGENTS OF THE UNIVERSITY OF CALIFORNIA, THE",GS3YEVSS12N6,GS3YEVSS12N6,"REGENTS OF THE UNIVERSITY OF CALIFORNIA, THE",REGENTS OF THE UNIVERSITY OF CALIFORNIA  THE,USA,CA,ALAMEDA,BERKELEY,CA-12,CA-12,947101749,UNITED STATES,CALIFORNIA,ALAMEDA,CA-12,CA-12,947101749,,,AR11,"SPACE R&D SERVICES; SPACE FLIGHT, RESEARCH AND SUPPORTING ACTIVITIES; BASIC RESEARCH",541715,"RESEARCH AND DEVELOPMENT IN THE PHYSICAL, ENGINEERING, AND LIFE SCIENCES (EXCEPT NANOTECHNOLOGY AND BIOTECHNOLOGY)",,,https://www.usaspending.gov/award/CONT_AWD_80GSFC21C0059_8000_-NONE-_-NONE-/,2025-02-28
National Aeronautics and Space Administration,National Aeronautics and Space Administration,FY2025P05,,080,2023,2024,,0120,000,080-2023/2024-0120-000,"Science, National Aeronautics and Space Administration",National Aeronautics and Space Administration,,"General Science, Space, and Technology","Space flight, research, and supporting activities",080-0120,"Science, National Aeronautics and Space Administration",0001,SCIENCE (DIRECT),25.5,Research and development contracts,D,Q,Not Designated Nonemergency/Emergency/Disaster/Wildfire Suppression,,14149187.39,0.00,0.00,CONT_AWD_80GSFC21C0059_8000_-NONE-_-NONE-,80GSFC21C0059,,,,2021-03-23,2021,2025-09-10,2025,2021-03-23,2027-09-30,,D,DEFINITIVE CONTRACT,,,THE COMPTON SPECTROMETER AND IMAGER (COSI),080,NATIONAL AERONAUTICS AND SPACE ADMINISTRATION (NASA),8000,NATIONAL AERONAUTICS AND SPACE ADMINISTRATION,80GSFC,NASA GODDARD SPACE FLIGHT CENTER,080,NATIONAL AERONAUTICS AND SPACE ADMINISTRATION (NASA),8000,NATIONAL AERONAUTICS AND SPACE ADMINISTRATION,80GSFC,NASA GODDARD SPACE FLIGHT CENTER,GS3YEVSS12N6,,"REGENTS OF THE UNIVERSITY OF CALIFORNIA, THE","REGENTS OF THE UNIVERSITY OF CALIFORNIA, THE",GS3YEVSS12N6,GS3YEVSS12N6,"REGENTS OF THE UNIVERSITY OF CALIFORNIA, THE",REGENTS OF THE UNIVERSITY OF CALIFORNIA  THE,USA,CA,ALAMEDA,BERKELEY,CA-12,CA-12,947101749,UNITED STATES,CALIFORNIA,ALAMEDA,CA-12,CA-12,947101749,,,AR11,"SPACE R&D SERVICES; SPACE FLIGHT, RESEARCH AND SUPPORTING ACTIVITIES; BASIC RESEARCH",541715,"RESEARCH AND DEVELOPMENT IN THE PHYSICAL, ENGINEERING, AND LIFE SCIENCES (EXCEPT NANOTECHNOLOGY AND BIOTECHNOLOGY)",,,https://www.usaspending.gov/award/CONT_AWD_80GSFC21C0059_8000_-NONE-_-NONE-/,2025-03-31
National Aeronautics and Space Administration,National Aeronautics and Space Administration,FY2025P11,,080,2024,2025,,0120,000,080-2024/2025-0120-000,"Science, National Aeronautics and Space Administration",National Aeronautics and Space Administration,,"General Science, Space, and Technology","Space flight, research, and supporting activities",080-0120,"Science, National Aeronautics and Space Administration",0001,SCIENCE (DIRECT),25.5,Research and development contracts,D,Q,Not Designated Nonemergency/Emergency/Disaster/Wildfire Suppression,,7311086.00,0.00,0.00,CONT_AWD_80GSFC21C0059_8000_-NONE-_-NONE-,80GSFC21C0059,,,,2021-03-23,2021,2025-09-10,2025,2021-03-23,2027-09-30,,D,DEFINITIVE CONTRACT,,,THE COMPTON SPECTROMETER AND IMAGER (COSI),080,NATIONAL AERONAUTICS AND SPACE ADMINISTRATION (NASA),8000,NATIONAL AERONAUTICS AND SPACE ADMINISTRATION,80GSFC,NASA GODDARD SPACE FLIGHT CENTER,080,NATIONAL AERONAUTICS AND SPACE ADMINISTRATION (NASA),8000,NATIONAL AERONAUTICS AND SPACE ADMINISTRATION,80GSFC,NASA GODDARD SPACE FLIGHT CENTER,GS3YEVSS12N6,,"REGENTS OF THE UNIVERSITY OF CALIFORNIA, THE","REGENTS OF THE UNIVERSITY OF CALIFORNIA, THE",GS3YEVSS12N6,GS3YEVSS12N6,"REGENTS OF THE UNIVERSITY OF CALIFORNIA, THE",REGENTS OF THE UNIVERSITY OF CALIFORNIA  THE,USA,CA,ALAMEDA,BERKELEY,CA-12,CA-12,947101749,UNITED STATES,CALIFORNIA,ALAMEDA,CA-12,CA-12,947101749,,,AR11,"SPACE R&D SERVICES; SPACE FLIGHT, RESEARCH AND SUPPORTING ACTIVITIES; BASIC RESEARCH",541715,"RESEARCH AND DEVELOPMENT IN THE PHYSICAL, ENGINEERING, AND LIFE SCIENCES (EXCEPT NANOTECHNOLOGY AND BIOTECHNOLOGY)",,,https://www.usaspending.gov/award/CONT_AWD_80GSFC21C0059_8000_-NONE-_-NONE-/,2025-09-29
National Aeronautics and Space Administration,National Aeronautics and Space Administration,FY2025P11,,080,2025,2026,,0120,000,080-2025/2026-0120-000,"Science, National Aeronautics and Space Administration",National Aeronautics and Space Administration,,"General Science, Space, and Technology","Space flight, research, and supporting activities",080-0120,"Science, National Aeronautics and Space Administration",0001,SCIENCE (DIRECT),25.5,Research and development contracts,D,Q,Not Designated Nonemergency/Emergency/Disaster/Wildfire Suppression,,7088969.71,0.00,0.00,CONT_AWD_80GSFC21C0059_8000_-NONE-_-NONE-,80GSFC21C0059,,,,2021-03-23,2021,2025-09-10,2025,2021-03-23,2027-09-30,,D,DEFINITIVE CONTRACT,,,THE COMPTON SPECTROMETER AND IMAGER (COSI),080,NATIONAL AERONAUTICS AND SPACE ADMINISTRATION (NASA),8000,NATIONAL AERONAUTICS AND SPACE ADMINISTRATION,80GSFC,NASA GODDARD SPACE FLIGHT CENTER,080,NATIONAL AERONAUTICS AND SPACE ADMINISTRATION (NASA),8000,NATIONAL AERONAUTICS AND SPACE ADMINISTRATION,80GSFC,NASA GODDARD SPACE FLIGHT CENTER,GS3YEVSS12N6,,"REGENTS OF THE UNIVERSITY OF CALIFORNIA, THE","REGENTS OF THE UNIVERSITY OF CALIFORNIA, THE",GS3YEVSS12N6,GS3YEVSS12N6,"REGENTS OF THE UNIVERSITY OF CALIFORNIA, THE",REGENTS OF THE UNIVERSITY OF CALIFORNIA  THE,USA,CA,ALAMEDA,BERKELEY,CA-12,CA-12,947101749,UNITED STATES,CALIFORNIA,ALAMEDA,CA-12,CA-12,947101749,,,AR11,"SPACE R&D SERVICES; SPACE FLIGHT, RESEARCH AND SUPPORTING ACTIVITIES; BASIC RESEARCH",541715,"RESEARCH AND DEVELOPMENT IN THE PHYSICAL, ENGINEERING, AND LIFE SCIENCES (EXCEPT NANOTECHNOLOGY AND BIOTECHNOLOGY)",,,https://www.usaspending.gov/award/CONT_AWD_80GSFC21C0059_8000_-NONE-_-NONE-/,2025-09-29
National Aeronautics and Space Administration,National Aeronautics and Space Administration,FY2025P11,,080,2023,2024,,0120,000,080-2023/2024-0120-000,"Science, National Aeronautics and Space Administration",National Aeronautics and Space Administration,,"General Science, Space, and Technology","Space flight, research, and supporting activities",080-0120,"Science, National Aeronautics and Space Administration",0001,SCIENCE (DIRECT),25.5,Research and development contracts,D,Q,Not Designated Nonemergency/Emergency/Disaster/Wildfire Suppression,,18177929.84,0.00,0.00,CONT_AWD_80GSFC21C0059_8000_-NONE-_-NONE-,80GSFC21C0059,,,,2021-03-23,2021,2025-09-10,2025,2021-03-23,2027-09-30,,D,DEFINITIVE CONTRACT,,,THE COMPTON SPECTROMETER AND IMAGER (COSI),080,NATIONAL AERONAUTICS AND SPACE ADMINISTRATION (NASA),8000,NATIONAL AERONAUTICS AND SPACE ADMINISTRATION,80GSFC,NASA GODDARD SPACE FLIGHT CENTER,080,NATIONAL AERONAUTICS AND SPACE ADMINISTRATION (NASA),8000,NATIONAL AERONAUTICS AND SPACE ADMINISTRATION,80GSFC,NASA GODDARD SPACE FLIGHT CENTER,GS3YEVSS12N6,,"REGENTS OF THE UNIVERSITY OF CALIFORNIA, THE","REGENTS OF THE UNIVERSITY OF CALIFORNIA, THE",GS3YEVSS12N6,GS3YEVSS12N6,"REGENTS OF THE UNIVERSITY OF CALIFORNIA, THE",REGENTS OF THE UNIVERSITY OF CALIFORNIA  THE,USA,CA,ALAMEDA,BERKELEY,CA-12,CA-12,947101749,UNITED STATES,CALIFORNIA,ALAMEDA,CA-12,CA-12,947101749,,,AR11,"SPACE R&D SERVICES; SPACE FLIGHT, RESEARCH AND SUPPORTING ACTIVITIES; BASIC RESEARCH",541715,"RESEARCH AND DEVELOPMENT IN THE PHYSICAL, ENGINEERING, AND LIFE SCIENCES (EXCEPT NANOTECHNOLOGY AND BIOTECHNOLOGY)",,,https://www.usaspending.gov/award/CONT_AWD_80GSFC21C0059_8000_-NONE-_-NONE-/,2025-09-29
