owning_agency_name,reporting_agency_name,submission_period,allocation_transfer_agency_identifier_code,agency_identifier_code,beginning_period_of_availability,ending_period_of_availability,availability_type_code,main_account_code,sub_account_code,treasury_account_symbol,treasury_account_name,agency_identifier_name,allocation_transfer_agency_identifier_name,budget_function,budget_subfunction,federal_account_symbol,federal_account_name,program_activity_code,program_activity_name,object_class_code,object_class_name,direct_or_reimbursable_funding_source,disaster_emergency_fund_code,disaster_emergency_fund_name,transaction_obligated_amount,gross_outlay_amount_FYB_to_period_end,USSGL487200_downward_adj_prior_year_prepaid_undeliv_order_oblig,USSGL497200_downward_adj_of_prior_year_paid_deliv_orders_oblig,award_unique_key,award_id_piid,parent_award_id_piid,award_id_fain,award_id_uri,award_base_action_date,award_base_action_date_fiscal_year,award_latest_action_date,award_latest_action_date_fiscal_year,period_of_performance_start_date,period_of_performance_current_end_date,ordering_period_end_date,award_type_code,award_type,idv_type_code,idv_type,prime_award_base_transaction_description,awarding_agency_code,awarding_agency_name,awarding_subagency_code,awarding_subagency_name,awarding_office_code,awarding_office_name,funding_agency_code,funding_agency_name,funding_sub_agency_code,funding_sub_agency_name,funding_office_code,funding_office_name,recipient_uei,recipient_duns,recipient_name,recipient_name_raw,recipient_parent_uei,recipient_parent_duns,recipient_parent_name,recipient_parent_name_raw,recipient_country,recipient_state,recipient_county,recipient_city,prime_award_summary_recipient_cd_original,prime_award_summary_recipient_cd_current,recipient_zip_code,primary_place_of_performance_country,primary_place_of_performance_state,primary_place_of_performance_county,prime_award_summary_place_of_performance_cd_original,prime_award_summary_place_of_performance_cd_current,primary_place_of_performance_zip_code,cfda_number,cfda_title,product_or_service_code,product_or_service_code_description,naics_code,naics_description,national_interest_action_code,national_interest_action,usaspending_permalink,last_modified_date
National Aeronautics and Space Administration,National Aeronautics and Space Administration,FY2025P06,,080,2023,2024,,0120,000,080-2023/2024-0120-000,"Science, National Aeronautics and Space Administration",National Aeronautics and Space Administration,,"General Science, Space, and Technology","Space flight, research, and supporting activities",080-0120,"Science, National Aeronautics and Space Administration",0001,SCIENCE (DIRECT),25.5,Research and development contracts,D,Q,Not Designated Nonemergency/Emergency/Disaster/Wildfire Suppression,,81773.90,0.00,0.00,CONT_AWD_HQTR0200204DNASW02008_8000_-NONE-_-NONE-,HQTR0200204DNASW02008,,,,2002-03-15,2002,2025-07-24,2025,2002-03-15,2029-09-30,,D,DEFINITIVE CONTRACT,,,NEW HORIZON -- PLUTO MISSION PHASE B,080,NATIONAL AERONAUTICS AND SPACE ADMINISTRATION (NASA),8000,NATIONAL AERONAUTICS AND SPACE ADMINISTRATION,80MSFC,NASA MARSHALL SPACE FLIGHT CENTER,080,NATIONAL AERONAUTICS AND SPACE ADMINISTRATION (NASA),8000,NATIONAL AERONAUTICS AND SPACE ADMINISTRATION,80MSFC,NASA MARSHALL SPACE FLIGHT CENTER,PB11V1KH3KV4,,SOUTHWEST RESEARCH INSTITUTE,SOUTHWEST RESEARCH INSTITUTE I,PB11V1KH3KV4,PB11V1KH3KV4,SOUTHWEST RESEARCH INSTITUTE,SOUTHWEST RESEARCH INSTITUTE INC,USA,TX,BEXAR,SAN ANTONIO,TX-20,TX-20,782385166,UNITED STATES,TEXAS,BEXAR,TX-20,TX-20,782385166,,,AR94,R&D- SPACE: OTHER (ENGINEERING DEVELOPMENT),541611,ADMINISTRATIVE MANAGEMENT AND GENERAL MANAGEMENT CONSULTING SERVICES,,,https://www.usaspending.gov/award/CONT_AWD_HQTR0200204DNASW02008_8000_-NONE-_-NONE-/,2025-04-24
National Aeronautics and Space Administration,National Aeronautics and Space Administration,FY2025P06,,080,2024,2025,,0120,000,080-2024/2025-0120-000,"Science, National Aeronautics and Space Administration",National Aeronautics and Space Administration,,"General Science, Space, and Technology","Space flight, research, and supporting activities",080-0120,"Science, National Aeronautics and Space Administration",0001,SCIENCE (DIRECT),25.5,Research and development contracts,D,Q,Not Designated Nonemergency/Emergency/Disaster/Wildfire Suppression,,1628426.35,0.00,0.00,CONT_AWD_HQTR0200204DNASW02008_8000_-NONE-_-NONE-,HQTR0200204DNASW02008,,,,2002-03-15,2002,2025-07-24,2025,2002-03-15,2029-09-30,,D,DEFINITIVE CONTRACT,,,NEW HORIZON -- PLUTO MISSION PHASE B,080,NATIONAL AERONAUTICS AND SPACE ADMINISTRATION (NASA),8000,NATIONAL AERONAUTICS AND SPACE ADMINISTRATION,80MSFC,NASA MARSHALL SPACE FLIGHT CENTER,080,NATIONAL AERONAUTICS AND SPACE ADMINISTRATION (NASA),8000,NATIONAL AERONAUTICS AND SPACE ADMINISTRATION,80MSFC,NASA MARSHALL SPACE FLIGHT CENTER,PB11V1KH3KV4,,SOUTHWEST RESEARCH INSTITUTE,SOUTHWEST RESEARCH INSTITUTE I,PB11V1KH3KV4,PB11V1KH3KV4,SOUTHWEST RESEARCH INSTITUTE,SOUTHWEST RESEARCH INSTITUTE INC,USA,TX,BEXAR,SAN ANTONIO,TX-20,TX-20,782385166,UNITED STATES,TEXAS,BEXAR,TX-20,TX-20,782385166,,,AR94,R&D- SPACE: OTHER (ENGINEERING DEVELOPMENT),541611,ADMINISTRATIVE MANAGEMENT AND GENERAL MANAGEMENT CONSULTING SERVICES,,,https://www.usaspending.gov/award/CONT_AWD_HQTR0200204DNASW02008_8000_-NONE-_-NONE-/,2025-04-24
National Aeronautics and Space Administration,National Aeronautics and Space Administration,FY2025P07,,080,2024,2025,,0120,000,080-2024/2025-0120-000,"Science, National Aeronautics and Space Administration",National Aeronautics and Space Administration,,"General Science, Space, and Technology","Space flight, research, and supporting activities",080-0120,"Science, National Aeronautics and Space Administration",0001,SCIENCE (DIRECT),25.5,Research and development contracts,D,Q,Not Designated Nonemergency/Emergency/Disaster/Wildfire Suppression,,1940181.34,0.00,0.00,CONT_AWD_HQTR0200204DNASW02008_8000_-NONE-_-NONE-,HQTR0200204DNASW02008,,,,2002-03-15,2002,2025-07-24,2025,2002-03-15,2029-09-30,,D,DEFINITIVE CONTRACT,,,NEW HORIZON -- PLUTO MISSION PHASE B,080,NATIONAL AERONAUTICS AND SPACE ADMINISTRATION (NASA),8000,NATIONAL AERONAUTICS AND SPACE ADMINISTRATION,80MSFC,NASA MARSHALL SPACE FLIGHT CENTER,080,NATIONAL AERONAUTICS AND SPACE ADMINISTRATION (NASA),8000,NATIONAL AERONAUTICS AND SPACE ADMINISTRATION,80MSFC,NASA MARSHALL SPACE FLIGHT CENTER,PB11V1KH3KV4,,SOUTHWEST RESEARCH INSTITUTE,SOUTHWEST RESEARCH INSTITUTE I,PB11V1KH3KV4,PB11V1KH3KV4,SOUTHWEST RESEARCH INSTITUTE,SOUTHWEST RESEARCH INSTITUTE INC,USA,TX,BEXAR,SAN ANTONIO,TX-20,TX-20,782385166,UNITED STATES,TEXAS,BEXAR,TX-20,TX-20,782385166,,,AR94,R&D- SPACE: OTHER (ENGINEERING DEVELOPMENT),541611,ADMINISTRATIVE MANAGEMENT AND GENERAL MANAGEMENT CONSULTING SERVICES,,,https://www.usaspending.gov/award/CONT_AWD_HQTR0200204DNASW02008_8000_-NONE-_-NONE-/,2025-05-23
National Aeronautics and Space Administration,National Aeronautics and Space Administration,FY2025P07,,080,2023,2024,,0120,000,080-2023/2024-0120-000,"Science, National Aeronautics and Space Administration",National Aeronautics and Space Administration,,"General Science, Space, and Technology","Space flight, research, and supporting activities",080-0120,"Science, National Aeronautics and Space Administration",0001,SCIENCE (DIRECT),25.5,Research and development contracts,D,Q,Not Designated Nonemergency/Emergency/Disaster/Wildfire Suppression,,81773.90,0.00,0.00,CONT_AWD_HQTR0200204DNASW02008_8000_-NONE-_-NONE-,HQTR0200204DNASW02008,,,,2002-03-15,2002,2025-07-24,2025,2002-03-15,2029-09-30,,D,DEFINITIVE CONTRACT,,,NEW HORIZON -- PLUTO MISSION PHASE B,080,NATIONAL AERONAUTICS AND SPACE ADMINISTRATION (NASA),8000,NATIONAL AERONAUTICS AND SPACE ADMINISTRATION,80MSFC,NASA MARSHALL SPACE FLIGHT CENTER,080,NATIONAL AERONAUTICS AND SPACE ADMINISTRATION (NASA),8000,NATIONAL AERONAUTICS AND SPACE ADMINISTRATION,80MSFC,NASA MARSHALL SPACE FLIGHT CENTER,PB11V1KH3KV4,,SOUTHWEST RESEARCH INSTITUTE,SOUTHWEST RESEARCH INSTITUTE I,PB11V1KH3KV4,PB11V1KH3KV4,SOUTHWEST RESEARCH INSTITUTE,SOUTHWEST RESEARCH INSTITUTE INC,USA,TX,BEXAR,SAN ANTONIO,TX-20,TX-20,782385166,UNITED STATES,TEXAS,BEXAR,TX-20,TX-20,782385166,,,AR94,R&D- SPACE: OTHER (ENGINEERING DEVELOPMENT),541611,ADMINISTRATIVE MANAGEMENT AND GENERAL MANAGEMENT CONSULTING SERVICES,,,https://www.usaspending.gov/award/CONT_AWD_HQTR0200204DNASW02008_8000_-NONE-_-NONE-/,2025-05-23
National Aeronautics and Space Administration,National Aeronautics and Space Administration,FY2025P08,,080,2025,2026,,0120,000,080-2025/2026-0120-000,"Science, National Aeronautics and Space Administration",National Aeronautics and Space Administration,,"General Science, Space, and Technology","Space flight, research, and supporting activities",080-0120,"Science, National Aeronautics and Space Administration",0001,SCIENCE (DIRECT),25.5,Research and development contracts,D,Q,Not Designated Nonemergency/Emergency/Disaster/Wildfire Suppression,500000.00,,,,CONT_AWD_HQTR0200204DNASW02008_8000_-NONE-_-NONE-,HQTR0200204DNASW02008,,,,2002-03-15,2002,2025-07-24,2025,2002-03-15,2029-09-30,,D,DEFINITIVE CONTRACT,,,NEW HORIZON -- PLUTO MISSION PHASE B,080,NATIONAL AERONAUTICS AND SPACE ADMINISTRATION (NASA),8000,NATIONAL AERONAUTICS AND SPACE ADMINISTRATION,80MSFC,NASA MARSHALL SPACE FLIGHT CENTER,080,NATIONAL AERONAUTICS AND SPACE ADMINISTRATION (NASA),8000,NATIONAL AERONAUTICS AND SPACE ADMINISTRATION,80MSFC,NASA MARSHALL SPACE FLIGHT CENTER,PB11V1KH3KV4,,SOUTHWEST RESEARCH INSTITUTE,SOUTHWEST RESEARCH INSTITUTE I,PB11V1KH3KV4,PB11V1KH3KV4,SOUTHWEST RESEARCH INSTITUTE,SOUTHWEST RESEARCH INSTITUTE INC,USA,TX,BEXAR,SAN ANTONIO,TX-20,TX-20,782385166,UNITED STATES,TEXAS,BEXAR,TX-20,TX-20,782385166,,,AR94,R&D- SPACE: OTHER (ENGINEERING DEVELOPMENT),541611,ADMINISTRATIVE MANAGEMENT AND GENERAL MANAGEMENT CONSULTING SERVICES,,,https://www.usaspending.gov/award/CONT_AWD_HQTR0200204DNASW02008_8000_-NONE-_-NONE-/,2025-06-25
National Aeronautics and Space Administration,National Aeronautics and Space Administration,FY2025P08,,080,2024,2025,,0120,000,080-2024/2025-0120-000,"Science, National Aeronautics and Space Administration",National Aeronautics and Space Administration,,"General Science, Space, and Technology","Space flight, research, and supporting activities",080-0120,"Science, National Aeronautics and Space Administration",0001,SCIENCE (DIRECT),25.5,Research and development contracts,D,Q,Not Designated Nonemergency/Emergency/Disaster/Wildfire Suppression,,2127541.76,0.00,0.00,CONT_AWD_HQTR0200204DNASW02008_8000_-NONE-_-NONE-,HQTR0200204DNASW02008,,,,2002-03-15,2002,2025-07-24,2025,2002-03-15,2029-09-30,,D,DEFINITIVE CONTRACT,,,NEW HORIZON -- PLUTO MISSION PHASE B,080,NATIONAL AERONAUTICS AND SPACE ADMINISTRATION (NASA),8000,NATIONAL AERONAUTICS AND SPACE ADMINISTRATION,80MSFC,NASA MARSHALL SPACE FLIGHT CENTER,080,NATIONAL AERONAUTICS AND SPACE ADMINISTRATION (NASA),8000,NATIONAL AERONAUTICS AND SPACE ADMINISTRATION,80MSFC,NASA MARSHALL SPACE FLIGHT CENTER,PB11V1KH3KV4,,SOUTHWEST RESEARCH INSTITUTE,SOUTHWEST RESEARCH INSTITUTE I,PB11V1KH3KV4,PB11V1KH3KV4,SOUTHWEST RESEARCH INSTITUTE,SOUTHWEST RESEARCH INSTITUTE INC,USA,TX,BEXAR,SAN ANTONIO,TX-20,TX-20,782385166,UNITED STATES,TEXAS,BEXAR,TX-20,TX-20,782385166,,,AR94,R&D- SPACE: OTHER (ENGINEERING DEVELOPMENT),541611,ADMINISTRATIVE MANAGEMENT AND GENERAL MANAGEMENT CONSULTING SERVICES,,,https://www.usaspending.gov/award/CONT_AWD_HQTR0200204DNASW02008_8000_-NONE-_-NONE-/,2025-06-25
National Aeronautics and Space Administration,National Aeronautics and Space Administration,FY2025P08,,080,2023,2024,,0120,000,080-2023/2024-0120-000,"Science, National Aeronautics and Space Administration",National Aeronautics and Space Administration,,"General Science, Space, and Technology","Space flight, research, and supporting activities",080-0120,"Science, National Aeronautics and Space Administration",0001,SCIENCE (DIRECT),25.5,Research and development contracts,D,Q,Not Designated Nonemergency/Emergency/Disaster/Wildfire Suppression,,121260.00,0.00,0.00,CONT_AWD_HQTR0200204DNASW02008_8000_-NONE-_-NONE-,HQTR0200204DNASW02008,,,,2002-03-15,2002,2025-07-24,2025,2002-03-15,2029-09-30,,D,DEFINITIVE CONTRACT,,,NEW HORIZON -- PLUTO MISSION PHASE B,080,NATIONAL AERONAUTICS AND SPACE ADMINISTRATION (NASA),8000,NATIONAL AERONAUTICS AND SPACE ADMINISTRATION,80MSFC,NASA MARSHALL SPACE FLIGHT CENTER,080,NATIONAL AERONAUTICS AND SPACE ADMINISTRATION (NASA),8000,NATIONAL AERONAUTICS AND SPACE ADMINISTRATION,80MSFC,NASA MARSHALL SPACE FLIGHT CENTER,PB11V1KH3KV4,,SOUTHWEST RESEARCH INSTITUTE,SOUTHWEST RESEARCH INSTITUTE I,PB11V1KH3KV4,PB11V1KH3KV4,SOUTHWEST RESEARCH INSTITUTE,SOUTHWEST RESEARCH INSTITUTE INC,USA,TX,BEXAR,SAN ANTONIO,TX-20,TX-20,782385166,UNITED STATES,TEXAS,BEXAR,TX-20,TX-20,782385166,,,AR94,R&D- SPACE: OTHER (ENGINEERING DEVELOPMENT),541611,ADMINISTRATIVE MANAGEMENT AND GENERAL MANAGEMENT CONSULTING SERVICES,,,https://www.usaspending.gov/award/CONT_AWD_HQTR0200204DNASW02008_8000_-NONE-_-NONE-/,2025-06-25
National Aeronautics and Space Administration,National Aeronautics and Space Administration,FY2025P09,,080,2024,2025,,0120,000,080-2024/2025-0120-000,"Science, National Aeronautics and Space Administration",National Aeronautics and Space Administration,,"General Science, Space, and Technology","Space flight, research, and supporting activities",080-0120,"Science, National Aeronautics and Space Administration",0001,SCIENCE (DIRECT),25.5,Research and development contracts,D,Q,Not Designated Nonemergency/Emergency/Disaster/Wildfire Suppression,,2520615.85,0.00,0.00,CONT_AWD_HQTR0200204DNASW02008_8000_-NONE-_-NONE-,HQTR0200204DNASW02008,,,,2002-03-15,2002,2025-07-24,2025,2002-03-15,2029-09-30,,D,DEFINITIVE CONTRACT,,,NEW HORIZON -- PLUTO MISSION PHASE B,080,NATIONAL AERONAUTICS AND SPACE ADMINISTRATION (NASA),8000,NATIONAL AERONAUTICS AND SPACE ADMINISTRATION,80MSFC,NASA MARSHALL SPACE FLIGHT CENTER,080,NATIONAL AERONAUTICS AND SPACE ADMINISTRATION (NASA),8000,NATIONAL AERONAUTICS AND SPACE ADMINISTRATION,80MSFC,NASA MARSHALL SPACE FLIGHT CENTER,PB11V1KH3KV4,,SOUTHWEST RESEARCH INSTITUTE,SOUTHWEST RESEARCH INSTITUTE I,PB11V1KH3KV4,PB11V1KH3KV4,SOUTHWEST RESEARCH INSTITUTE,SOUTHWEST RESEARCH INSTITUTE INC,USA,TX,BEXAR,SAN ANTONIO,TX-20,TX-20,782385166,UNITED STATES,TEXAS,BEXAR,TX-20,TX-20,782385166,,,AR94,R&D- SPACE: OTHER (ENGINEERING DEVELOPMENT),541611,ADMINISTRATIVE MANAGEMENT AND GENERAL MANAGEMENT CONSULTING SERVICES,,,https://www.usaspending.gov/award/CONT_AWD_HQTR0200204DNASW02008_8000_-NONE-_-NONE-/,2025-07-31
National Aeronautics and Space Administration,National Aeronautics and Space Administration,FY2025P09,,080,2023,2024,,0120,000,080-2023/2024-0120-000,"Science, National Aeronautics and Space Administration",National Aeronautics and Space Administration,,"General Science, Space, and Technology","Space flight, research, and supporting activities",080-0120,"Science, National Aeronautics and Space Administration",0001,SCIENCE (DIRECT),25.5,Research and development contracts,D,Q,Not Designated Nonemergency/Emergency/Disaster/Wildfire Suppression,,121260.00,0.00,0.00,CONT_AWD_HQTR0200204DNASW02008_8000_-NONE-_-NONE-,HQTR0200204DNASW02008,,,,2002-03-15,2002,2025-07-24,2025,2002-03-15,2029-09-30,,D,DEFINITIVE CONTRACT,,,NEW HORIZON -- PLUTO MISSION PHASE B,080,NATIONAL AERONAUTICS AND SPACE ADMINISTRATION (NASA),8000,NATIONAL AERONAUTICS AND SPACE ADMINISTRATION,80MSFC,NASA MARSHALL SPACE FLIGHT CENTER,080,NATIONAL AERONAUTICS AND SPACE ADMINISTRATION (NASA),8000,NATIONAL AERONAUTICS AND SPACE ADMINISTRATION,80MSFC,NASA MARSHALL SPACE FLIGHT CENTER,PB11V1KH3KV4,,SOUTHWEST RESEARCH INSTITUTE,SOUTHWEST RESEARCH INSTITUTE I,PB11V1KH3KV4,PB11V1KH3KV4,SOUTHWEST RESEARCH INSTITUTE,SOUTHWEST RESEARCH INSTITUTE INC,USA,TX,BEXAR,SAN ANTONIO,TX-20,TX-20,782385166,UNITED STATES,TEXAS,BEXAR,TX-20,TX-20,782385166,,,AR94,R&D- SPACE: OTHER (ENGINEERING DEVELOPMENT),541611,ADMINISTRATIVE MANAGEMENT AND GENERAL MANAGEMENT CONSULTING SERVICES,,,https://www.usaspending.gov/award/CONT_AWD_HQTR0200204DNASW02008_8000_-NONE-_-NONE-/,2025-07-31
National Aeronautics and Space Administration,National Aeronautics and Space Administration,FY2020Q1,,080,2020,2021,,0120,000,080-2020/2021-0120-000,"Science, National Aeronautics and Space Administration",National Aeronautics and Space Administration,,"General Science, Space, and Technology","Space flight, research, and supporting activities",080-0120,"Science, National Aeronautics and Space Administration",0001,SCIENCE (DIRECT),25.5,Research and development contracts,D,,,331600.00,,,,CONT_AWD_HQTR0200204DNASW02008_8000_-NONE-_-NONE-,HQTR0200204DNASW02008,,,,2002-03-15,2002,2025-07-24,2025,2002-03-15,2029-09-30,,D,DEFINITIVE CONTRACT,,,NEW HORIZON -- PLUTO MISSION PHASE B,080,NATIONAL AERONAUTICS AND SPACE ADMINISTRATION (NASA),8000,NATIONAL AERONAUTICS AND SPACE ADMINISTRATION,80MSFC,NASA MARSHALL SPACE FLIGHT CENTER,080,NATIONAL AERONAUTICS AND SPACE ADMINISTRATION (NASA),8000,NATIONAL AERONAUTICS AND SPACE ADMINISTRATION,80MSFC,NASA MARSHALL SPACE FLIGHT CENTER,PB11V1KH3KV4,,SOUTHWEST RESEARCH INSTITUTE,SOUTHWEST RESEARCH INSTITUTE I,PB11V1KH3KV4,PB11V1KH3KV4,SOUTHWEST RESEARCH INSTITUTE,SOUTHWEST RESEARCH INSTITUTE INC,USA,TX,BEXAR,SAN ANTONIO,TX-20,TX-20,782385166,UNITED STATES,TEXAS,BEXAR,TX-20,TX-20,782385166,,,AR94,R&D- SPACE: OTHER (ENGINEERING DEVELOPMENT),541611,ADMINISTRATIVE MANAGEMENT AND GENERAL MANAGEMENT CONSULTING SERVICES,,,https://www.usaspending.gov/award/CONT_AWD_HQTR0200204DNASW02008_8000_-NONE-_-NONE-/,2020-02-03
National Aeronautics and Space Administration,National Aeronautics and Space Administration,FY2020Q1,,080,2020,2021,,0120,000,080-2020/2021-0120-000,"Science, National Aeronautics and Space Administration",National Aeronautics and Space Administration,,"General Science, Space, and Technology","Space flight, research, and supporting activities",080-0120,"Science, National Aeronautics and Space Administration",0001,SCIENCE (DIRECT),25.5,Research and development contracts,D,,,770373.00,,,,CONT_AWD_HQTR0200204DNASW02008_8000_-NONE-_-NONE-,HQTR0200204DNASW02008,,,,2002-03-15,2002,2025-07-24,2025,2002-03-15,2029-09-30,,D,DEFINITIVE CONTRACT,,,NEW HORIZON -- PLUTO MISSION PHASE B,080,NATIONAL AERONAUTICS AND SPACE ADMINISTRATION (NASA),8000,NATIONAL AERONAUTICS AND SPACE ADMINISTRATION,80MSFC,NASA MARSHALL SPACE FLIGHT CENTER,080,NATIONAL AERONAUTICS AND SPACE ADMINISTRATION (NASA),8000,NATIONAL AERONAUTICS AND SPACE ADMINISTRATION,80MSFC,NASA MARSHALL SPACE FLIGHT CENTER,PB11V1KH3KV4,,SOUTHWEST RESEARCH INSTITUTE,SOUTHWEST RESEARCH INSTITUTE I,PB11V1KH3KV4,PB11V1KH3KV4,SOUTHWEST RESEARCH INSTITUTE,SOUTHWEST RESEARCH INSTITUTE INC,USA,TX,BEXAR,SAN ANTONIO,TX-20,TX-20,782385166,UNITED STATES,TEXAS,BEXAR,TX-20,TX-20,782385166,,,AR94,R&D- SPACE: OTHER (ENGINEERING DEVELOPMENT),541611,ADMINISTRATIVE MANAGEMENT AND GENERAL MANAGEMENT CONSULTING SERVICES,,,https://www.usaspending.gov/award/CONT_AWD_HQTR0200204DNASW02008_8000_-NONE-_-NONE-/,2020-02-03
National Aeronautics and Space Administration,National Aeronautics and Space Administration,FY2020Q2,,080,2020,2021,,0120,000,080-2020/2021-0120-000,"Science, National Aeronautics and Space Administration",National Aeronautics and Space Administration,,"General Science, Space, and Technology","Space flight, research, and supporting activities",080-0120,"Science, National Aeronautics and Space Administration",0001,SCIENCE (DIRECT),25.5,Research and development contracts,D,,,5526317.00,,,,CONT_AWD_HQTR0200204DNASW02008_8000_-NONE-_-NONE-,HQTR0200204DNASW02008,,,,2002-03-15,2002,2025-07-24,2025,2002-03-15,2029-09-30,,D,DEFINITIVE CONTRACT,,,NEW HORIZON -- PLUTO MISSION PHASE B,080,NATIONAL AERONAUTICS AND SPACE ADMINISTRATION (NASA),8000,NATIONAL AERONAUTICS AND SPACE ADMINISTRATION,80MSFC,NASA MARSHALL SPACE FLIGHT CENTER,080,NATIONAL AERONAUTICS AND SPACE ADMINISTRATION (NASA),8000,NATIONAL AERONAUTICS AND SPACE ADMINISTRATION,80MSFC,NASA MARSHALL SPACE FLIGHT CENTER,PB11V1KH3KV4,,SOUTHWEST RESEARCH INSTITUTE,SOUTHWEST RESEARCH INSTITUTE I,PB11V1KH3KV4,PB11V1KH3KV4,SOUTHWEST RESEARCH INSTITUTE,SOUTHWEST RESEARCH INSTITUTE INC,USA,TX,BEXAR,SAN ANTONIO,TX-20,TX-20,782385166,UNITED STATES,TEXAS,BEXAR,TX-20,TX-20,782385166,,,AR94,R&D- SPACE: OTHER (ENGINEERING DEVELOPMENT),541611,ADMINISTRATIVE MANAGEMENT AND GENERAL MANAGEMENT CONSULTING SERVICES,,,https://www.usaspending.gov/award/CONT_AWD_HQTR0200204DNASW02008_8000_-NONE-_-NONE-/,2020-05-15
National Aeronautics and Space Administration,National Aeronautics and Space Administration,FY2021P03,,080,2020,2021,,0120,000,080-2020/2021-0120-000,"Science, National Aeronautics and Space Administration",National Aeronautics and Space Administration,,"General Science, Space, and Technology","Space flight, research, and supporting activities",080-0120,"Science, National Aeronautics and Space Administration",0001,SCIENCE (DIRECT),25.5,Research and development contracts,D,Q,Not Designated Nonemergency/Emergency/Disaster/Wildfire Suppression,,1968809.90,,,CONT_AWD_HQTR0200204DNASW02008_8000_-NONE-_-NONE-,HQTR0200204DNASW02008,,,,2002-03-15,2002,2025-07-24,2025,2002-03-15,2029-09-30,,D,DEFINITIVE CONTRACT,,,NEW HORIZON -- PLUTO MISSION PHASE B,080,NATIONAL AERONAUTICS AND SPACE ADMINISTRATION (NASA),8000,NATIONAL AERONAUTICS AND SPACE ADMINISTRATION,80MSFC,NASA MARSHALL SPACE FLIGHT CENTER,080,NATIONAL AERONAUTICS AND SPACE ADMINISTRATION (NASA),8000,NATIONAL AERONAUTICS AND SPACE ADMINISTRATION,80MSFC,NASA MARSHALL SPACE FLIGHT CENTER,PB11V1KH3KV4,,SOUTHWEST RESEARCH INSTITUTE,SOUTHWEST RESEARCH INSTITUTE I,PB11V1KH3KV4,PB11V1KH3KV4,SOUTHWEST RESEARCH INSTITUTE,SOUTHWEST RESEARCH INSTITUTE INC,USA,TX,BEXAR,SAN ANTONIO,TX-20,TX-20,782385166,UNITED STATES,TEXAS,BEXAR,TX-20,TX-20,782385166,,,AR94,R&D- SPACE: OTHER (ENGINEERING DEVELOPMENT),541611,ADMINISTRATIVE MANAGEMENT AND GENERAL MANAGEMENT CONSULTING SERVICES,,,https://www.usaspending.gov/award/CONT_AWD_HQTR0200204DNASW02008_8000_-NONE-_-NONE-/,2021-02-07
National Aeronautics and Space Administration,National Aeronautics and Space Administration,FY2021P02,,080,2020,2021,,0120,000,080-2020/2021-0120-000,"Science, National Aeronautics and Space Administration",National Aeronautics and Space Administration,,"General Science, Space, and Technology","Space flight, research, and supporting activities",080-0120,"Science, National Aeronautics and Space Administration",0001,SCIENCE (DIRECT),25.5,Research and development contracts,D,Q,Not Designated Nonemergency/Emergency/Disaster/Wildfire Suppression,,1655558.88,,,CONT_AWD_HQTR0200204DNASW02008_8000_-NONE-_-NONE-,HQTR0200204DNASW02008,,,,2002-03-15,2002,2025-07-24,2025,2002-03-15,2029-09-30,,D,DEFINITIVE CONTRACT,,,NEW HORIZON -- PLUTO MISSION PHASE B,080,NATIONAL AERONAUTICS AND SPACE ADMINISTRATION (NASA),8000,NATIONAL AERONAUTICS AND SPACE ADMINISTRATION,80MSFC,NASA MARSHALL SPACE FLIGHT CENTER,080,NATIONAL AERONAUTICS AND SPACE ADMINISTRATION (NASA),8000,NATIONAL AERONAUTICS AND SPACE ADMINISTRATION,80MSFC,NASA MARSHALL SPACE FLIGHT CENTER,PB11V1KH3KV4,,SOUTHWEST RESEARCH INSTITUTE,SOUTHWEST RESEARCH INSTITUTE I,PB11V1KH3KV4,PB11V1KH3KV4,SOUTHWEST RESEARCH INSTITUTE,SOUTHWEST RESEARCH INSTITUTE INC,USA,TX,BEXAR,SAN ANTONIO,TX-20,TX-20,782385166,UNITED STATES,TEXAS,BEXAR,TX-20,TX-20,782385166,,,AR94,R&D- SPACE: OTHER (ENGINEERING DEVELOPMENT),541611,ADMINISTRATIVE MANAGEMENT AND GENERAL MANAGEMENT CONSULTING SERVICES,,,https://www.usaspending.gov/award/CONT_AWD_HQTR0200204DNASW02008_8000_-NONE-_-NONE-/,2021-02-07
National Aeronautics and Space Administration,National Aeronautics and Space Administration,FY2021P02,,080,2020,2021,,0120,000,080-2020/2021-0120-000,"Science, National Aeronautics and Space Administration",National Aeronautics and Space Administration,,"General Science, Space, and Technology","Space flight, research, and supporting activities",080-0120,"Science, National Aeronautics and Space Administration",0001,SCIENCE (DIRECT),25.5,Research and development contracts,D,Q,Not Designated Nonemergency/Emergency/Disaster/Wildfire Suppression,,1655558.88,,,CONT_AWD_HQTR0200204DNASW02008_8000_-NONE-_-NONE-,HQTR0200204DNASW02008,,,,2002-03-15,2002,2025-07-24,2025,2002-03-15,2029-09-30,,D,DEFINITIVE CONTRACT,,,NEW HORIZON -- PLUTO MISSION PHASE B,080,NATIONAL AERONAUTICS AND SPACE ADMINISTRATION (NASA),8000,NATIONAL AERONAUTICS AND SPACE ADMINISTRATION,80MSFC,NASA MARSHALL SPACE FLIGHT CENTER,080,NATIONAL AERONAUTICS AND SPACE ADMINISTRATION (NASA),8000,NATIONAL AERONAUTICS AND SPACE ADMINISTRATION,80MSFC,NASA MARSHALL SPACE FLIGHT CENTER,PB11V1KH3KV4,,SOUTHWEST RESEARCH INSTITUTE,SOUTHWEST RESEARCH INSTITUTE I,PB11V1KH3KV4,PB11V1KH3KV4,SOUTHWEST RESEARCH INSTITUTE,SOUTHWEST RESEARCH INSTITUTE INC,USA,TX,BEXAR,SAN ANTONIO,TX-20,TX-20,782385166,UNITED STATES,TEXAS,BEXAR,TX-20,TX-20,782385166,,,AR94,R&D- SPACE: OTHER (ENGINEERING DEVELOPMENT),541611,ADMINISTRATIVE MANAGEMENT AND GENERAL MANAGEMENT CONSULTING SERVICES,,,https://www.usaspending.gov/award/CONT_AWD_HQTR0200204DNASW02008_8000_-NONE-_-NONE-/,2021-02-07
National Aeronautics and Space Administration,National Aeronautics and Space Administration,FY2021P02,,080,2021,2022,,0120,000,080-2021/2022-0120-000,"Science, National Aeronautics and Space Administration",National Aeronautics and Space Administration,,"General Science, Space, and Technology","Space flight, research, and supporting activities",080-0120,"Science, National Aeronautics and Space Administration",0001,SCIENCE (DIRECT),25.5,Research and development contracts,D,Q,Not Designated Nonemergency/Emergency/Disaster/Wildfire Suppression,2390000.00,,,,CONT_AWD_HQTR0200204DNASW02008_8000_-NONE-_-NONE-,HQTR0200204DNASW02008,,,,2002-03-15,2002,2025-07-24,2025,2002-03-15,2029-09-30,,D,DEFINITIVE CONTRACT,,,NEW HORIZON -- PLUTO MISSION PHASE B,080,NATIONAL AERONAUTICS AND SPACE ADMINISTRATION (NASA),8000,NATIONAL AERONAUTICS AND SPACE ADMINISTRATION,80MSFC,NASA MARSHALL SPACE FLIGHT CENTER,080,NATIONAL AERONAUTICS AND SPACE ADMINISTRATION (NASA),8000,NATIONAL AERONAUTICS AND SPACE ADMINISTRATION,80MSFC,NASA MARSHALL SPACE FLIGHT CENTER,PB11V1KH3KV4,,SOUTHWEST RESEARCH INSTITUTE,SOUTHWEST RESEARCH INSTITUTE I,PB11V1KH3KV4,PB11V1KH3KV4,SOUTHWEST RESEARCH INSTITUTE,SOUTHWEST RESEARCH INSTITUTE INC,USA,TX,BEXAR,SAN ANTONIO,TX-20,TX-20,782385166,UNITED STATES,TEXAS,BEXAR,TX-20,TX-20,782385166,,,AR94,R&D- SPACE: OTHER (ENGINEERING DEVELOPMENT),541611,ADMINISTRATIVE MANAGEMENT AND GENERAL MANAGEMENT CONSULTING SERVICES,,,https://www.usaspending.gov/award/CONT_AWD_HQTR0200204DNASW02008_8000_-NONE-_-NONE-/,2021-02-07
National Aeronautics and Space Administration,National Aeronautics and Space Administration,FY2021P04,,080,2020,2021,,0120,000,080-2020/2021-0120-000,"Science, National Aeronautics and Space Administration",National Aeronautics and Space Administration,,"General Science, Space, and Technology","Space flight, research, and supporting activities",080-0120,"Science, National Aeronautics and Space Administration",0001,SCIENCE (DIRECT),25.5,Research and development contracts,D,Q,Not Designated Nonemergency/Emergency/Disaster/Wildfire Suppression,,2326834.53,,,CONT_AWD_HQTR0200204DNASW02008_8000_-NONE-_-NONE-,HQTR0200204DNASW02008,,,,2002-03-15,2002,2025-07-24,2025,2002-03-15,2029-09-30,,D,DEFINITIVE CONTRACT,,,NEW HORIZON -- PLUTO MISSION PHASE B,080,NATIONAL AERONAUTICS AND SPACE ADMINISTRATION (NASA),8000,NATIONAL AERONAUTICS AND SPACE ADMINISTRATION,80MSFC,NASA MARSHALL SPACE FLIGHT CENTER,080,NATIONAL AERONAUTICS AND SPACE ADMINISTRATION (NASA),8000,NATIONAL AERONAUTICS AND SPACE ADMINISTRATION,80MSFC,NASA MARSHALL SPACE FLIGHT CENTER,PB11V1KH3KV4,,SOUTHWEST RESEARCH INSTITUTE,SOUTHWEST RESEARCH INSTITUTE I,PB11V1KH3KV4,PB11V1KH3KV4,SOUTHWEST RESEARCH INSTITUTE,SOUTHWEST RESEARCH INSTITUTE INC,USA,TX,BEXAR,SAN ANTONIO,TX-20,TX-20,782385166,UNITED STATES,TEXAS,BEXAR,TX-20,TX-20,782385166,,,AR94,R&D- SPACE: OTHER (ENGINEERING DEVELOPMENT),541611,ADMINISTRATIVE MANAGEMENT AND GENERAL MANAGEMENT CONSULTING SERVICES,,,https://www.usaspending.gov/award/CONT_AWD_HQTR0200204DNASW02008_8000_-NONE-_-NONE-/,2021-02-26
National Aeronautics and Space Administration,National Aeronautics and Space Administration,FY2017Q4,,080,2017,2018,,0120,000,080-2017/2018-0120-000,"Science, National Aeronautics and Space Administration",National Aeronautics and Space Administration,,"General Science, Space, and Technology","Space flight, research, and supporting activities",080-0120,"Science, National Aeronautics and Space Administration",0001,SCIENCE (DIRECT),25.5,Research and development contracts,D,,,794524.00,,,,CONT_AWD_HQTR0200204DNASW02008_8000_-NONE-_-NONE-,HQTR0200204DNASW02008,,,,2002-03-15,2002,2025-07-24,2025,2002-03-15,2029-09-30,,D,DEFINITIVE CONTRACT,,,NEW HORIZON -- PLUTO MISSION PHASE B,080,NATIONAL AERONAUTICS AND SPACE ADMINISTRATION (NASA),8000,NATIONAL AERONAUTICS AND SPACE ADMINISTRATION,80MSFC,NASA MARSHALL SPACE FLIGHT CENTER,080,NATIONAL AERONAUTICS AND SPACE ADMINISTRATION (NASA),8000,NATIONAL AERONAUTICS AND SPACE ADMINISTRATION,80MSFC,NASA MARSHALL SPACE FLIGHT CENTER,PB11V1KH3KV4,,SOUTHWEST RESEARCH INSTITUTE,SOUTHWEST RESEARCH INSTITUTE I,PB11V1KH3KV4,PB11V1KH3KV4,SOUTHWEST RESEARCH INSTITUTE,SOUTHWEST RESEARCH INSTITUTE INC,USA,TX,BEXAR,SAN ANTONIO,TX-20,TX-20,782385166,UNITED STATES,TEXAS,BEXAR,TX-20,TX-20,782385166,,,AR94,R&D- SPACE: OTHER (ENGINEERING DEVELOPMENT),541611,ADMINISTRATIVE MANAGEMENT AND GENERAL MANAGEMENT CONSULTING SERVICES,,,https://www.usaspending.gov/award/CONT_AWD_HQTR0200204DNASW02008_8000_-NONE-_-NONE-/,2017-11-02
National Aeronautics and Space Administration,National Aeronautics and Space Administration,FY2017Q3,,080,2017,2018,,0120,000,080-2017/2018-0120-000,"Science, National Aeronautics and Space Administration",National Aeronautics and Space Administration,,"General Science, Space, and Technology","Space flight, research, and supporting activities",080-0120,"Science, National Aeronautics and Space Administration",0001,SCIENCE (DIRECT),25.5,Research and development contracts,D,,,1200000.00,,,,CONT_AWD_HQTR0200204DNASW02008_8000_-NONE-_-NONE-,HQTR0200204DNASW02008,,,,2002-03-15,2002,2025-07-24,2025,2002-03-15,2029-09-30,,D,DEFINITIVE CONTRACT,,,NEW HORIZON -- PLUTO MISSION PHASE B,080,NATIONAL AERONAUTICS AND SPACE ADMINISTRATION (NASA),8000,NATIONAL AERONAUTICS AND SPACE ADMINISTRATION,80MSFC,NASA MARSHALL SPACE FLIGHT CENTER,080,NATIONAL AERONAUTICS AND SPACE ADMINISTRATION (NASA),8000,NATIONAL AERONAUTICS AND SPACE ADMINISTRATION,80MSFC,NASA MARSHALL SPACE FLIGHT CENTER,PB11V1KH3KV4,,SOUTHWEST RESEARCH INSTITUTE,SOUTHWEST RESEARCH INSTITUTE I,PB11V1KH3KV4,PB11V1KH3KV4,SOUTHWEST RESEARCH INSTITUTE,SOUTHWEST RESEARCH INSTITUTE INC,USA,TX,BEXAR,SAN ANTONIO,TX-20,TX-20,782385166,UNITED STATES,TEXAS,BEXAR,TX-20,TX-20,782385166,,,AR94,R&D- SPACE: OTHER (ENGINEERING DEVELOPMENT),541611,ADMINISTRATIVE MANAGEMENT AND GENERAL MANAGEMENT CONSULTING SERVICES,,,https://www.usaspending.gov/award/CONT_AWD_HQTR0200204DNASW02008_8000_-NONE-_-NONE-/,2017-09-08
National Aeronautics and Space Administration,National Aeronautics and Space Administration,FY2017Q3,,080,2017,2018,,0120,000,080-2017/2018-0120-000,"Science, National Aeronautics and Space Administration",National Aeronautics and Space Administration,,"General Science, Space, and Technology","Space flight, research, and supporting activities",080-0120,"Science, National Aeronautics and Space Administration",0001,SCIENCE (DIRECT),25.5,Research and development contracts,D,,,4217679.00,,,,CONT_AWD_HQTR0200204DNASW02008_8000_-NONE-_-NONE-,HQTR0200204DNASW02008,,,,2002-03-15,2002,2025-07-24,2025,2002-03-15,2029-09-30,,D,DEFINITIVE CONTRACT,,,NEW HORIZON -- PLUTO MISSION PHASE B,080,NATIONAL AERONAUTICS AND SPACE ADMINISTRATION (NASA),8000,NATIONAL AERONAUTICS AND SPACE ADMINISTRATION,80MSFC,NASA MARSHALL SPACE FLIGHT CENTER,080,NATIONAL AERONAUTICS AND SPACE ADMINISTRATION (NASA),8000,NATIONAL AERONAUTICS AND SPACE ADMINISTRATION,80MSFC,NASA MARSHALL SPACE FLIGHT CENTER,PB11V1KH3KV4,,SOUTHWEST RESEARCH INSTITUTE,SOUTHWEST RESEARCH INSTITUTE I,PB11V1KH3KV4,PB11V1KH3KV4,SOUTHWEST RESEARCH INSTITUTE,SOUTHWEST RESEARCH INSTITUTE INC,USA,TX,BEXAR,SAN ANTONIO,TX-20,TX-20,782385166,UNITED STATES,TEXAS,BEXAR,TX-20,TX-20,782385166,,,AR94,R&D- SPACE: OTHER (ENGINEERING DEVELOPMENT),541611,ADMINISTRATIVE MANAGEMENT AND GENERAL MANAGEMENT CONSULTING SERVICES,,,https://www.usaspending.gov/award/CONT_AWD_HQTR0200204DNASW02008_8000_-NONE-_-NONE-/,2017-09-08
National Aeronautics and Space Administration,National Aeronautics and Space Administration,FY2017Q2,,080,2017,2018,,0120,000,080-2017/2018-0120-000,"Science, National Aeronautics and Space Administration",National Aeronautics and Space Administration,,"General Science, Space, and Technology","Space flight, research, and supporting activities",080-0120,"Science, National Aeronautics and Space Administration",0001,SCIENCE (DIRECT),25.5,Research and development contracts,D,,,4561064.00,,,,CONT_AWD_HQTR0200204DNASW02008_8000_-NONE-_-NONE-,HQTR0200204DNASW02008,,,,2002-03-15,2002,2025-07-24,2025,2002-03-15,2029-09-30,,D,DEFINITIVE CONTRACT,,,NEW HORIZON -- PLUTO MISSION PHASE B,080,NATIONAL AERONAUTICS AND SPACE ADMINISTRATION (NASA),8000,NATIONAL AERONAUTICS AND SPACE ADMINISTRATION,80MSFC,NASA MARSHALL SPACE FLIGHT CENTER,080,NATIONAL AERONAUTICS AND SPACE ADMINISTRATION (NASA),8000,NATIONAL AERONAUTICS AND SPACE ADMINISTRATION,80MSFC,NASA MARSHALL SPACE FLIGHT CENTER,PB11V1KH3KV4,,SOUTHWEST RESEARCH INSTITUTE,SOUTHWEST RESEARCH INSTITUTE I,PB11V1KH3KV4,PB11V1KH3KV4,SOUTHWEST RESEARCH INSTITUTE,SOUTHWEST RESEARCH INSTITUTE INC,USA,TX,BEXAR,SAN ANTONIO,TX-20,TX-20,782385166,UNITED STATES,TEXAS,BEXAR,TX-20,TX-20,782385166,,,AR94,R&D- SPACE: OTHER (ENGINEERING DEVELOPMENT),541611,ADMINISTRATIVE MANAGEMENT AND GENERAL MANAGEMENT CONSULTING SERVICES,,,https://www.usaspending.gov/award/CONT_AWD_HQTR0200204DNASW02008_8000_-NONE-_-NONE-/,2017-04-28
National Aeronautics and Space Administration,National Aeronautics and Space Administration,FY2018Q2,,080,2018,2019,,0120,000,080-2018/2019-0120-000,"Science, National Aeronautics and Space Administration",National Aeronautics and Space Administration,,"General Science, Space, and Technology","Space flight, research, and supporting activities",080-0120,"Science, National Aeronautics and Space Administration",0001,SCIENCE (DIRECT),25.5,Research and development contracts,D,,,510000.00,,,,CONT_AWD_HQTR0200204DNASW02008_8000_-NONE-_-NONE-,HQTR0200204DNASW02008,,,,2002-03-15,2002,2025-07-24,2025,2002-03-15,2029-09-30,,D,DEFINITIVE CONTRACT,,,NEW HORIZON -- PLUTO MISSION PHASE B,080,NATIONAL AERONAUTICS AND SPACE ADMINISTRATION (NASA),8000,NATIONAL AERONAUTICS AND SPACE ADMINISTRATION,80MSFC,NASA MARSHALL SPACE FLIGHT CENTER,080,NATIONAL AERONAUTICS AND SPACE ADMINISTRATION (NASA),8000,NATIONAL AERONAUTICS AND SPACE ADMINISTRATION,80MSFC,NASA MARSHALL SPACE FLIGHT CENTER,PB11V1KH3KV4,,SOUTHWEST RESEARCH INSTITUTE,SOUTHWEST RESEARCH INSTITUTE I,PB11V1KH3KV4,PB11V1KH3KV4,SOUTHWEST RESEARCH INSTITUTE,SOUTHWEST RESEARCH INSTITUTE INC,USA,TX,BEXAR,SAN ANTONIO,TX-20,TX-20,782385166,UNITED STATES,TEXAS,BEXAR,TX-20,TX-20,782385166,,,AR94,R&D- SPACE: OTHER (ENGINEERING DEVELOPMENT),541611,ADMINISTRATIVE MANAGEMENT AND GENERAL MANAGEMENT CONSULTING SERVICES,,,https://www.usaspending.gov/award/CONT_AWD_HQTR0200204DNASW02008_8000_-NONE-_-NONE-/,2018-05-11
National Aeronautics and Space Administration,National Aeronautics and Space Administration,FY2018Q3,,080,2018,2019,,0120,000,080-2018/2019-0120-000,"Science, National Aeronautics and Space Administration",National Aeronautics and Space Administration,,"General Science, Space, and Technology","Space flight, research, and supporting activities",080-0120,"Science, National Aeronautics and Space Administration",0001,SCIENCE (DIRECT),25.5,Research and development contracts,D,,,1642447.00,,,,CONT_AWD_HQTR0200204DNASW02008_8000_-NONE-_-NONE-,HQTR0200204DNASW02008,,,,2002-03-15,2002,2025-07-24,2025,2002-03-15,2029-09-30,,D,DEFINITIVE CONTRACT,,,NEW HORIZON -- PLUTO MISSION PHASE B,080,NATIONAL AERONAUTICS AND SPACE ADMINISTRATION (NASA),8000,NATIONAL AERONAUTICS AND SPACE ADMINISTRATION,80MSFC,NASA MARSHALL SPACE FLIGHT CENTER,080,NATIONAL AERONAUTICS AND SPACE ADMINISTRATION (NASA),8000,NATIONAL AERONAUTICS AND SPACE ADMINISTRATION,80MSFC,NASA MARSHALL SPACE FLIGHT CENTER,PB11V1KH3KV4,,SOUTHWEST RESEARCH INSTITUTE,SOUTHWEST RESEARCH INSTITUTE I,PB11V1KH3KV4,PB11V1KH3KV4,SOUTHWEST RESEARCH INSTITUTE,SOUTHWEST RESEARCH INSTITUTE INC,USA,TX,BEXAR,SAN ANTONIO,TX-20,TX-20,782385166,UNITED STATES,TEXAS,BEXAR,TX-20,TX-20,782385166,,,AR94,R&D- SPACE: OTHER (ENGINEERING DEVELOPMENT),541611,ADMINISTRATIVE MANAGEMENT AND GENERAL MANAGEMENT CONSULTING SERVICES,,,https://www.usaspending.gov/award/CONT_AWD_HQTR0200204DNASW02008_8000_-NONE-_-NONE-/,2018-08-09
National Aeronautics and Space Administration,National Aeronautics and Space Administration,FY2018Q3,,080,2018,2019,,0120,000,080-2018/2019-0120-000,"Science, National Aeronautics and Space Administration",National Aeronautics and Space Administration,,"General Science, Space, and Technology","Space flight, research, and supporting activities",080-0120,"Science, National Aeronautics and Space Administration",0001,SCIENCE (DIRECT),25.5,Research and development contracts,D,,,2223114.00,,,,CONT_AWD_HQTR0200204DNASW02008_8000_-NONE-_-NONE-,HQTR0200204DNASW02008,,,,2002-03-15,2002,2025-07-24,2025,2002-03-15,2029-09-30,,D,DEFINITIVE CONTRACT,,,NEW HORIZON -- PLUTO MISSION PHASE B,080,NATIONAL AERONAUTICS AND SPACE ADMINISTRATION (NASA),8000,NATIONAL AERONAUTICS AND SPACE ADMINISTRATION,80MSFC,NASA MARSHALL SPACE FLIGHT CENTER,080,NATIONAL AERONAUTICS AND SPACE ADMINISTRATION (NASA),8000,NATIONAL AERONAUTICS AND SPACE ADMINISTRATION,80MSFC,NASA MARSHALL SPACE FLIGHT CENTER,PB11V1KH3KV4,,SOUTHWEST RESEARCH INSTITUTE,SOUTHWEST RESEARCH INSTITUTE I,PB11V1KH3KV4,PB11V1KH3KV4,SOUTHWEST RESEARCH INSTITUTE,SOUTHWEST RESEARCH INSTITUTE INC,USA,TX,BEXAR,SAN ANTONIO,TX-20,TX-20,782385166,UNITED STATES,TEXAS,BEXAR,TX-20,TX-20,782385166,,,AR94,R&D- SPACE: OTHER (ENGINEERING DEVELOPMENT),541611,ADMINISTRATIVE MANAGEMENT AND GENERAL MANAGEMENT CONSULTING SERVICES,,,https://www.usaspending.gov/award/CONT_AWD_HQTR0200204DNASW02008_8000_-NONE-_-NONE-/,2018-08-09
National Aeronautics and Space Administration,National Aeronautics and Space Administration,FY2019Q1,,080,2019,2020,,0120,000,080-2019/2020-0120-000,"Science, National Aeronautics and Space Administration",National Aeronautics and Space Administration,,"General Science, Space, and Technology","Space flight, research, and supporting activities",080-0120,"Science, National Aeronautics and Space Administration",0001,SCIENCE (DIRECT),25.5,Research and development contracts,D,,,2491640.00,,,,CONT_AWD_HQTR0200204DNASW02008_8000_-NONE-_-NONE-,HQTR0200204DNASW02008,,,,2002-03-15,2002,2025-07-24,2025,2002-03-15,2029-09-30,,D,DEFINITIVE CONTRACT,,,NEW HORIZON -- PLUTO MISSION PHASE B,080,NATIONAL AERONAUTICS AND SPACE ADMINISTRATION (NASA),8000,NATIONAL AERONAUTICS AND SPACE ADMINISTRATION,80MSFC,NASA MARSHALL SPACE FLIGHT CENTER,080,NATIONAL AERONAUTICS AND SPACE ADMINISTRATION (NASA),8000,NATIONAL AERONAUTICS AND SPACE ADMINISTRATION,80MSFC,NASA MARSHALL SPACE FLIGHT CENTER,PB11V1KH3KV4,,SOUTHWEST RESEARCH INSTITUTE,SOUTHWEST RESEARCH INSTITUTE I,PB11V1KH3KV4,PB11V1KH3KV4,SOUTHWEST RESEARCH INSTITUTE,SOUTHWEST RESEARCH INSTITUTE INC,USA,TX,BEXAR,SAN ANTONIO,TX-20,TX-20,782385166,UNITED STATES,TEXAS,BEXAR,TX-20,TX-20,782385166,,,AR94,R&D- SPACE: OTHER (ENGINEERING DEVELOPMENT),541611,ADMINISTRATIVE MANAGEMENT AND GENERAL MANAGEMENT CONSULTING SERVICES,,,https://www.usaspending.gov/award/CONT_AWD_HQTR0200204DNASW02008_8000_-NONE-_-NONE-/,2019-03-13
National Aeronautics and Space Administration,National Aeronautics and Space Administration,FY2019Q2,,080,2019,2020,,0120,000,080-2019/2020-0120-000,"Science, National Aeronautics and Space Administration",National Aeronautics and Space Administration,,"General Science, Space, and Technology","Space flight, research, and supporting activities",080-0120,"Science, National Aeronautics and Space Administration",0001,SCIENCE (DIRECT),25.5,Research and development contracts,D,,,800000.00,,,,CONT_AWD_HQTR0200204DNASW02008_8000_-NONE-_-NONE-,HQTR0200204DNASW02008,,,,2002-03-15,2002,2025-07-24,2025,2002-03-15,2029-09-30,,D,DEFINITIVE CONTRACT,,,NEW HORIZON -- PLUTO MISSION PHASE B,080,NATIONAL AERONAUTICS AND SPACE ADMINISTRATION (NASA),8000,NATIONAL AERONAUTICS AND SPACE ADMINISTRATION,80MSFC,NASA MARSHALL SPACE FLIGHT CENTER,080,NATIONAL AERONAUTICS AND SPACE ADMINISTRATION (NASA),8000,NATIONAL AERONAUTICS AND SPACE ADMINISTRATION,80MSFC,NASA MARSHALL SPACE FLIGHT CENTER,PB11V1KH3KV4,,SOUTHWEST RESEARCH INSTITUTE,SOUTHWEST RESEARCH INSTITUTE I,PB11V1KH3KV4,PB11V1KH3KV4,SOUTHWEST RESEARCH INSTITUTE,SOUTHWEST RESEARCH INSTITUTE INC,USA,TX,BEXAR,SAN ANTONIO,TX-20,TX-20,782385166,UNITED STATES,TEXAS,BEXAR,TX-20,TX-20,782385166,,,AR94,R&D- SPACE: OTHER (ENGINEERING DEVELOPMENT),541611,ADMINISTRATIVE MANAGEMENT AND GENERAL MANAGEMENT CONSULTING SERVICES,,,https://www.usaspending.gov/award/CONT_AWD_HQTR0200204DNASW02008_8000_-NONE-_-NONE-/,2019-05-14
National Aeronautics and Space Administration,National Aeronautics and Space Administration,FY2019Q2,,080,2019,2020,,0120,000,080-2019/2020-0120-000,"Science, National Aeronautics and Space Administration",National Aeronautics and Space Administration,,"General Science, Space, and Technology","Space flight, research, and supporting activities",080-0120,"Science, National Aeronautics and Space Administration",0001,SCIENCE (DIRECT),25.5,Research and development contracts,D,,,478172.00,,,,CONT_AWD_HQTR0200204DNASW02008_8000_-NONE-_-NONE-,HQTR0200204DNASW02008,,,,2002-03-15,2002,2025-07-24,2025,2002-03-15,2029-09-30,,D,DEFINITIVE CONTRACT,,,NEW HORIZON -- PLUTO MISSION PHASE B,080,NATIONAL AERONAUTICS AND SPACE ADMINISTRATION (NASA),8000,NATIONAL AERONAUTICS AND SPACE ADMINISTRATION,80MSFC,NASA MARSHALL SPACE FLIGHT CENTER,080,NATIONAL AERONAUTICS AND SPACE ADMINISTRATION (NASA),8000,NATIONAL AERONAUTICS AND SPACE ADMINISTRATION,80MSFC,NASA MARSHALL SPACE FLIGHT CENTER,PB11V1KH3KV4,,SOUTHWEST RESEARCH INSTITUTE,SOUTHWEST RESEARCH INSTITUTE I,PB11V1KH3KV4,PB11V1KH3KV4,SOUTHWEST RESEARCH INSTITUTE,SOUTHWEST RESEARCH INSTITUTE INC,USA,TX,BEXAR,SAN ANTONIO,TX-20,TX-20,782385166,UNITED STATES,TEXAS,BEXAR,TX-20,TX-20,782385166,,,AR94,R&D- SPACE: OTHER (ENGINEERING DEVELOPMENT),541611,ADMINISTRATIVE MANAGEMENT AND GENERAL MANAGEMENT CONSULTING SERVICES,,,https://www.usaspending.gov/award/CONT_AWD_HQTR0200204DNASW02008_8000_-NONE-_-NONE-/,2019-05-14
National Aeronautics and Space Administration,National Aeronautics and Space Administration,FY2019Q3,,080,2019,2020,,0120,000,080-2019/2020-0120-000,"Science, National Aeronautics and Space Administration",National Aeronautics and Space Administration,,"General Science, Space, and Technology","Space flight, research, and supporting activities",080-0120,"Science, National Aeronautics and Space Administration",0001,SCIENCE (DIRECT),25.5,Research and development contracts,D,,,1819550.00,,,,CONT_AWD_HQTR0200204DNASW02008_8000_-NONE-_-NONE-,HQTR0200204DNASW02008,,,,2002-03-15,2002,2025-07-24,2025,2002-03-15,2029-09-30,,D,DEFINITIVE CONTRACT,,,NEW HORIZON -- PLUTO MISSION PHASE B,080,NATIONAL AERONAUTICS AND SPACE ADMINISTRATION (NASA),8000,NATIONAL AERONAUTICS AND SPACE ADMINISTRATION,80MSFC,NASA MARSHALL SPACE FLIGHT CENTER,080,NATIONAL AERONAUTICS AND SPACE ADMINISTRATION (NASA),8000,NATIONAL AERONAUTICS AND SPACE ADMINISTRATION,80MSFC,NASA MARSHALL SPACE FLIGHT CENTER,PB11V1KH3KV4,,SOUTHWEST RESEARCH INSTITUTE,SOUTHWEST RESEARCH INSTITUTE I,PB11V1KH3KV4,PB11V1KH3KV4,SOUTHWEST RESEARCH INSTITUTE,SOUTHWEST RESEARCH INSTITUTE INC,USA,TX,BEXAR,SAN ANTONIO,TX-20,TX-20,782385166,UNITED STATES,TEXAS,BEXAR,TX-20,TX-20,782385166,,,AR94,R&D- SPACE: OTHER (ENGINEERING DEVELOPMENT),541611,ADMINISTRATIVE MANAGEMENT AND GENERAL MANAGEMENT CONSULTING SERVICES,,,https://www.usaspending.gov/award/CONT_AWD_HQTR0200204DNASW02008_8000_-NONE-_-NONE-/,2019-08-01
National Aeronautics and Space Administration,National Aeronautics and Space Administration,FY2021P05,,080,2020,2021,,0120,000,080-2020/2021-0120-000,"Science, National Aeronautics and Space Administration",National Aeronautics and Space Administration,,"General Science, Space, and Technology","Space flight, research, and supporting activities",080-0120,"Science, National Aeronautics and Space Administration",0001,SCIENCE (DIRECT),25.5,Research and development contracts,D,Q,Not Designated Nonemergency/Emergency/Disaster/Wildfire Suppression,,2909336.84,,,CONT_AWD_HQTR0200204DNASW02008_8000_-NONE-_-NONE-,HQTR0200204DNASW02008,,,,2002-03-15,2002,2025-07-24,2025,2002-03-15,2029-09-30,,D,DEFINITIVE CONTRACT,,,NEW HORIZON -- PLUTO MISSION PHASE B,080,NATIONAL AERONAUTICS AND SPACE ADMINISTRATION (NASA),8000,NATIONAL AERONAUTICS AND SPACE ADMINISTRATION,80MSFC,NASA MARSHALL SPACE FLIGHT CENTER,080,NATIONAL AERONAUTICS AND SPACE ADMINISTRATION (NASA),8000,NATIONAL AERONAUTICS AND SPACE ADMINISTRATION,80MSFC,NASA MARSHALL SPACE FLIGHT CENTER,PB11V1KH3KV4,,SOUTHWEST RESEARCH INSTITUTE,SOUTHWEST RESEARCH INSTITUTE I,PB11V1KH3KV4,PB11V1KH3KV4,SOUTHWEST RESEARCH INSTITUTE,SOUTHWEST RESEARCH INSTITUTE INC,USA,TX,BEXAR,SAN ANTONIO,TX-20,TX-20,782385166,UNITED STATES,TEXAS,BEXAR,TX-20,TX-20,782385166,,,AR94,R&D- SPACE: OTHER (ENGINEERING DEVELOPMENT),541611,ADMINISTRATIVE MANAGEMENT AND GENERAL MANAGEMENT CONSULTING SERVICES,,,https://www.usaspending.gov/award/CONT_AWD_HQTR0200204DNASW02008_8000_-NONE-_-NONE-/,2021-03-26
National Aeronautics and Space Administration,National Aeronautics and Space Administration,FY2021P05,,080,2021,2022,,0120,000,080-2021/2022-0120-000,"Science, National Aeronautics and Space Administration",National Aeronautics and Space Administration,,"General Science, Space, and Technology","Space flight, research, and supporting activities",080-0120,"Science, National Aeronautics and Space Administration",0001,SCIENCE (DIRECT),25.5,Research and development contracts,D,Q,Not Designated Nonemergency/Emergency/Disaster/Wildfire Suppression,4037534.00,,,,CONT_AWD_HQTR0200204DNASW02008_8000_-NONE-_-NONE-,HQTR0200204DNASW02008,,,,2002-03-15,2002,2025-07-24,2025,2002-03-15,2029-09-30,,D,DEFINITIVE CONTRACT,,,NEW HORIZON -- PLUTO MISSION PHASE B,080,NATIONAL AERONAUTICS AND SPACE ADMINISTRATION (NASA),8000,NATIONAL AERONAUTICS AND SPACE ADMINISTRATION,80MSFC,NASA MARSHALL SPACE FLIGHT CENTER,080,NATIONAL AERONAUTICS AND SPACE ADMINISTRATION (NASA),8000,NATIONAL AERONAUTICS AND SPACE ADMINISTRATION,80MSFC,NASA MARSHALL SPACE FLIGHT CENTER,PB11V1KH3KV4,,SOUTHWEST RESEARCH INSTITUTE,SOUTHWEST RESEARCH INSTITUTE I,PB11V1KH3KV4,PB11V1KH3KV4,SOUTHWEST RESEARCH INSTITUTE,SOUTHWEST RESEARCH INSTITUTE INC,USA,TX,BEXAR,SAN ANTONIO,TX-20,TX-20,782385166,UNITED STATES,TEXAS,BEXAR,TX-20,TX-20,782385166,,,AR94,R&D- SPACE: OTHER (ENGINEERING DEVELOPMENT),541611,ADMINISTRATIVE MANAGEMENT AND GENERAL MANAGEMENT CONSULTING SERVICES,,,https://www.usaspending.gov/award/CONT_AWD_HQTR0200204DNASW02008_8000_-NONE-_-NONE-/,2021-03-26
National Aeronautics and Space Administration,National Aeronautics and Space Administration,FY2021P06,,080,2020,2021,,0120,000,080-2020/2021-0120-000,"Science, National Aeronautics and Space Administration",National Aeronautics and Space Administration,,"General Science, Space, and Technology","Space flight, research, and supporting activities",080-0120,"Science, National Aeronautics and Space Administration",0001,SCIENCE (DIRECT),25.5,Research and development contracts,D,Q,Not Designated Nonemergency/Emergency/Disaster/Wildfire Suppression,,3362193.24,,,CONT_AWD_HQTR0200204DNASW02008_8000_-NONE-_-NONE-,HQTR0200204DNASW02008,,,,2002-03-15,2002,2025-07-24,2025,2002-03-15,2029-09-30,,D,DEFINITIVE CONTRACT,,,NEW HORIZON -- PLUTO MISSION PHASE B,080,NATIONAL AERONAUTICS AND SPACE ADMINISTRATION (NASA),8000,NATIONAL AERONAUTICS AND SPACE ADMINISTRATION,80MSFC,NASA MARSHALL SPACE FLIGHT CENTER,080,NATIONAL AERONAUTICS AND SPACE ADMINISTRATION (NASA),8000,NATIONAL AERONAUTICS AND SPACE ADMINISTRATION,80MSFC,NASA MARSHALL SPACE FLIGHT CENTER,PB11V1KH3KV4,,SOUTHWEST RESEARCH INSTITUTE,SOUTHWEST RESEARCH INSTITUTE I,PB11V1KH3KV4,PB11V1KH3KV4,SOUTHWEST RESEARCH INSTITUTE,SOUTHWEST RESEARCH INSTITUTE INC,USA,TX,BEXAR,SAN ANTONIO,TX-20,TX-20,782385166,UNITED STATES,TEXAS,BEXAR,TX-20,TX-20,782385166,,,AR94,R&D- SPACE: OTHER (ENGINEERING DEVELOPMENT),541611,ADMINISTRATIVE MANAGEMENT AND GENERAL MANAGEMENT CONSULTING SERVICES,,,https://www.usaspending.gov/award/CONT_AWD_HQTR0200204DNASW02008_8000_-NONE-_-NONE-/,2021-04-25
National Aeronautics and Space Administration,National Aeronautics and Space Administration,FY2021P07,,080,2020,2021,,0120,000,080-2020/2021-0120-000,"Science, National Aeronautics and Space Administration",National Aeronautics and Space Administration,,"General Science, Space, and Technology","Space flight, research, and supporting activities",080-0120,"Science, National Aeronautics and Space Administration",0001,SCIENCE (DIRECT),25.5,Research and development contracts,D,Q,Not Designated Nonemergency/Emergency/Disaster/Wildfire Suppression,,3692625.12,,,CONT_AWD_HQTR0200204DNASW02008_8000_-NONE-_-NONE-,HQTR0200204DNASW02008,,,,2002-03-15,2002,2025-07-24,2025,2002-03-15,2029-09-30,,D,DEFINITIVE CONTRACT,,,NEW HORIZON -- PLUTO MISSION PHASE B,080,NATIONAL AERONAUTICS AND SPACE ADMINISTRATION (NASA),8000,NATIONAL AERONAUTICS AND SPACE ADMINISTRATION,80MSFC,NASA MARSHALL SPACE FLIGHT CENTER,080,NATIONAL AERONAUTICS AND SPACE ADMINISTRATION (NASA),8000,NATIONAL AERONAUTICS AND SPACE ADMINISTRATION,80MSFC,NASA MARSHALL SPACE FLIGHT CENTER,PB11V1KH3KV4,,SOUTHWEST RESEARCH INSTITUTE,SOUTHWEST RESEARCH INSTITUTE I,PB11V1KH3KV4,PB11V1KH3KV4,SOUTHWEST RESEARCH INSTITUTE,SOUTHWEST RESEARCH INSTITUTE INC,USA,TX,BEXAR,SAN ANTONIO,TX-20,TX-20,782385166,UNITED STATES,TEXAS,BEXAR,TX-20,TX-20,782385166,,,AR94,R&D- SPACE: OTHER (ENGINEERING DEVELOPMENT),541611,ADMINISTRATIVE MANAGEMENT AND GENERAL MANAGEMENT CONSULTING SERVICES,,,https://www.usaspending.gov/award/CONT_AWD_HQTR0200204DNASW02008_8000_-NONE-_-NONE-/,2021-05-26
National Aeronautics and Space Administration,National Aeronautics and Space Administration,FY2021P08,,080,2020,2021,,0120,000,080-2020/2021-0120-000,"Science, National Aeronautics and Space Administration",National Aeronautics and Space Administration,,"General Science, Space, and Technology","Space flight, research, and supporting activities",080-0120,"Science, National Aeronautics and Space Administration",0001,SCIENCE (DIRECT),25.5,Research and development contracts,D,Q,Not Designated Nonemergency/Emergency/Disaster/Wildfire Suppression,,4107329.59,,,CONT_AWD_HQTR0200204DNASW02008_8000_-NONE-_-NONE-,HQTR0200204DNASW02008,,,,2002-03-15,2002,2025-07-24,2025,2002-03-15,2029-09-30,,D,DEFINITIVE CONTRACT,,,NEW HORIZON -- PLUTO MISSION PHASE B,080,NATIONAL AERONAUTICS AND SPACE ADMINISTRATION (NASA),8000,NATIONAL AERONAUTICS AND SPACE ADMINISTRATION,80MSFC,NASA MARSHALL SPACE FLIGHT CENTER,080,NATIONAL AERONAUTICS AND SPACE ADMINISTRATION (NASA),8000,NATIONAL AERONAUTICS AND SPACE ADMINISTRATION,80MSFC,NASA MARSHALL SPACE FLIGHT CENTER,PB11V1KH3KV4,,SOUTHWEST RESEARCH INSTITUTE,SOUTHWEST RESEARCH INSTITUTE I,PB11V1KH3KV4,PB11V1KH3KV4,SOUTHWEST RESEARCH INSTITUTE,SOUTHWEST RESEARCH INSTITUTE INC,USA,TX,BEXAR,SAN ANTONIO,TX-20,TX-20,782385166,UNITED STATES,TEXAS,BEXAR,TX-20,TX-20,782385166,,,AR94,R&D- SPACE: OTHER (ENGINEERING DEVELOPMENT),541611,ADMINISTRATIVE MANAGEMENT AND GENERAL MANAGEMENT CONSULTING SERVICES,,,https://www.usaspending.gov/award/CONT_AWD_HQTR0200204DNASW02008_8000_-NONE-_-NONE-/,2021-06-25
National Aeronautics and Space Administration,National Aeronautics and Space Administration,FY2021P09,,080,2020,2021,,0120,000,080-2020/2021-0120-000,"Science, National Aeronautics and Space Administration",National Aeronautics and Space Administration,,"General Science, Space, and Technology","Space flight, research, and supporting activities",080-0120,"Science, National Aeronautics and Space Administration",0001,SCIENCE (DIRECT),25.5,Research and development contracts,D,Q,Not Designated Nonemergency/Emergency/Disaster/Wildfire Suppression,,4490429.29,,,CONT_AWD_HQTR0200204DNASW02008_8000_-NONE-_-NONE-,HQTR0200204DNASW02008,,,,2002-03-15,2002,2025-07-24,2025,2002-03-15,2029-09-30,,D,DEFINITIVE CONTRACT,,,NEW HORIZON -- PLUTO MISSION PHASE B,080,NATIONAL AERONAUTICS AND SPACE ADMINISTRATION (NASA),8000,NATIONAL AERONAUTICS AND SPACE ADMINISTRATION,80MSFC,NASA MARSHALL SPACE FLIGHT CENTER,080,NATIONAL AERONAUTICS AND SPACE ADMINISTRATION (NASA),8000,NATIONAL AERONAUTICS AND SPACE ADMINISTRATION,80MSFC,NASA MARSHALL SPACE FLIGHT CENTER,PB11V1KH3KV4,,SOUTHWEST RESEARCH INSTITUTE,SOUTHWEST RESEARCH INSTITUTE I,PB11V1KH3KV4,PB11V1KH3KV4,SOUTHWEST RESEARCH INSTITUTE,SOUTHWEST RESEARCH INSTITUTE INC,USA,TX,BEXAR,SAN ANTONIO,TX-20,TX-20,782385166,UNITED STATES,TEXAS,BEXAR,TX-20,TX-20,782385166,,,AR94,R&D- SPACE: OTHER (ENGINEERING DEVELOPMENT),541611,ADMINISTRATIVE MANAGEMENT AND GENERAL MANAGEMENT CONSULTING SERVICES,,,https://www.usaspending.gov/award/CONT_AWD_HQTR0200204DNASW02008_8000_-NONE-_-NONE-/,2021-07-27
National Aeronautics and Space Administration,National Aeronautics and Space Administration,FY2021P10,,080,2020,2021,,0120,000,080-2020/2021-0120-000,"Science, National Aeronautics and Space Administration",National Aeronautics and Space Administration,,"General Science, Space, and Technology","Space flight, research, and supporting activities",080-0120,"Science, National Aeronautics and Space Administration",0001,SCIENCE (DIRECT),25.5,Research and development contracts,D,Q,Not Designated Nonemergency/Emergency/Disaster/Wildfire Suppression,,4507488.51,,,CONT_AWD_HQTR0200204DNASW02008_8000_-NONE-_-NONE-,HQTR0200204DNASW02008,,,,2002-03-15,2002,2025-07-24,2025,2002-03-15,2029-09-30,,D,DEFINITIVE CONTRACT,,,NEW HORIZON -- PLUTO MISSION PHASE B,080,NATIONAL AERONAUTICS AND SPACE ADMINISTRATION (NASA),8000,NATIONAL AERONAUTICS AND SPACE ADMINISTRATION,80MSFC,NASA MARSHALL SPACE FLIGHT CENTER,080,NATIONAL AERONAUTICS AND SPACE ADMINISTRATION (NASA),8000,NATIONAL AERONAUTICS AND SPACE ADMINISTRATION,80MSFC,NASA MARSHALL SPACE FLIGHT CENTER,PB11V1KH3KV4,,SOUTHWEST RESEARCH INSTITUTE,SOUTHWEST RESEARCH INSTITUTE I,PB11V1KH3KV4,PB11V1KH3KV4,SOUTHWEST RESEARCH INSTITUTE,SOUTHWEST RESEARCH INSTITUTE INC,USA,TX,BEXAR,SAN ANTONIO,TX-20,TX-20,782385166,UNITED STATES,TEXAS,BEXAR,TX-20,TX-20,782385166,,,AR94,R&D- SPACE: OTHER (ENGINEERING DEVELOPMENT),541611,ADMINISTRATIVE MANAGEMENT AND GENERAL MANAGEMENT CONSULTING SERVICES,,,https://www.usaspending.gov/award/CONT_AWD_HQTR0200204DNASW02008_8000_-NONE-_-NONE-/,2021-08-27
National Aeronautics and Space Administration,National Aeronautics and Space Administration,FY2021P11,,080,2020,2021,,0120,000,080-2020/2021-0120-000,"Science, National Aeronautics and Space Administration",National Aeronautics and Space Administration,,"General Science, Space, and Technology","Space flight, research, and supporting activities",080-0120,"Science, National Aeronautics and Space Administration",0001,SCIENCE (DIRECT),25.5,Research and development contracts,D,Q,Not Designated Nonemergency/Emergency/Disaster/Wildfire Suppression,,5352412.98,,,CONT_AWD_HQTR0200204DNASW02008_8000_-NONE-_-NONE-,HQTR0200204DNASW02008,,,,2002-03-15,2002,2025-07-24,2025,2002-03-15,2029-09-30,,D,DEFINITIVE CONTRACT,,,NEW HORIZON -- PLUTO MISSION PHASE B,080,NATIONAL AERONAUTICS AND SPACE ADMINISTRATION (NASA),8000,NATIONAL AERONAUTICS AND SPACE ADMINISTRATION,80MSFC,NASA MARSHALL SPACE FLIGHT CENTER,080,NATIONAL AERONAUTICS AND SPACE ADMINISTRATION (NASA),8000,NATIONAL AERONAUTICS AND SPACE ADMINISTRATION,80MSFC,NASA MARSHALL SPACE FLIGHT CENTER,PB11V1KH3KV4,,SOUTHWEST RESEARCH INSTITUTE,SOUTHWEST RESEARCH INSTITUTE I,PB11V1KH3KV4,PB11V1KH3KV4,SOUTHWEST RESEARCH INSTITUTE,SOUTHWEST RESEARCH INSTITUTE INC,USA,TX,BEXAR,SAN ANTONIO,TX-20,TX-20,782385166,UNITED STATES,TEXAS,BEXAR,TX-20,TX-20,782385166,,,AR94,R&D- SPACE: OTHER (ENGINEERING DEVELOPMENT),541611,ADMINISTRATIVE MANAGEMENT AND GENERAL MANAGEMENT CONSULTING SERVICES,,,https://www.usaspending.gov/award/CONT_AWD_HQTR0200204DNASW02008_8000_-NONE-_-NONE-/,2021-09-22
National Aeronautics and Space Administration,National Aeronautics and Space Administration,FY2021P12,,080,2020,2021,,0120,000,080-2020/2021-0120-000,"Science, National Aeronautics and Space Administration",National Aeronautics and Space Administration,,"General Science, Space, and Technology","Space flight, research, and supporting activities",080-0120,"Science, National Aeronautics and Space Administration",0001,SCIENCE (DIRECT),25.5,Research and development contracts,D,Q,Not Designated Nonemergency/Emergency/Disaster/Wildfire Suppression,,5712831.80,,,CONT_AWD_HQTR0200204DNASW02008_8000_-NONE-_-NONE-,HQTR0200204DNASW02008,,,,2002-03-15,2002,2025-07-24,2025,2002-03-15,2029-09-30,,D,DEFINITIVE CONTRACT,,,NEW HORIZON -- PLUTO MISSION PHASE B,080,NATIONAL AERONAUTICS AND SPACE ADMINISTRATION (NASA),8000,NATIONAL AERONAUTICS AND SPACE ADMINISTRATION,80MSFC,NASA MARSHALL SPACE FLIGHT CENTER,080,NATIONAL AERONAUTICS AND SPACE ADMINISTRATION (NASA),8000,NATIONAL AERONAUTICS AND SPACE ADMINISTRATION,80MSFC,NASA MARSHALL SPACE FLIGHT CENTER,PB11V1KH3KV4,,SOUTHWEST RESEARCH INSTITUTE,SOUTHWEST RESEARCH INSTITUTE I,PB11V1KH3KV4,PB11V1KH3KV4,SOUTHWEST RESEARCH INSTITUTE,SOUTHWEST RESEARCH INSTITUTE INC,USA,TX,BEXAR,SAN ANTONIO,TX-20,TX-20,782385166,UNITED STATES,TEXAS,BEXAR,TX-20,TX-20,782385166,,,AR94,R&D- SPACE: OTHER (ENGINEERING DEVELOPMENT),541611,ADMINISTRATIVE MANAGEMENT AND GENERAL MANAGEMENT CONSULTING SERVICES,,,https://www.usaspending.gov/award/CONT_AWD_HQTR0200204DNASW02008_8000_-NONE-_-NONE-/,2021-11-06
National Aeronautics and Space Administration,National Aeronautics and Space Administration,FY2021P12,,080,2021,2022,,0120,000,080-2021/2022-0120-000,"Science, National Aeronautics and Space Administration",National Aeronautics and Space Administration,,"General Science, Space, and Technology","Space flight, research, and supporting activities",080-0120,"Science, National Aeronautics and Space Administration",0001,SCIENCE (DIRECT),25.5,Research and development contracts,D,Q,Not Designated Nonemergency/Emergency/Disaster/Wildfire Suppression,,92366.71,,,CONT_AWD_HQTR0200204DNASW02008_8000_-NONE-_-NONE-,HQTR0200204DNASW02008,,,,2002-03-15,2002,2025-07-24,2025,2002-03-15,2029-09-30,,D,DEFINITIVE CONTRACT,,,NEW HORIZON -- PLUTO MISSION PHASE B,080,NATIONAL AERONAUTICS AND SPACE ADMINISTRATION (NASA),8000,NATIONAL AERONAUTICS AND SPACE ADMINISTRATION,80MSFC,NASA MARSHALL SPACE FLIGHT CENTER,080,NATIONAL AERONAUTICS AND SPACE ADMINISTRATION (NASA),8000,NATIONAL AERONAUTICS AND SPACE ADMINISTRATION,80MSFC,NASA MARSHALL SPACE FLIGHT CENTER,PB11V1KH3KV4,,SOUTHWEST RESEARCH INSTITUTE,SOUTHWEST RESEARCH INSTITUTE I,PB11V1KH3KV4,PB11V1KH3KV4,SOUTHWEST RESEARCH INSTITUTE,SOUTHWEST RESEARCH INSTITUTE INC,USA,TX,BEXAR,SAN ANTONIO,TX-20,TX-20,782385166,UNITED STATES,TEXAS,BEXAR,TX-20,TX-20,782385166,,,AR94,R&D- SPACE: OTHER (ENGINEERING DEVELOPMENT),541611,ADMINISTRATIVE MANAGEMENT AND GENERAL MANAGEMENT CONSULTING SERVICES,,,https://www.usaspending.gov/award/CONT_AWD_HQTR0200204DNASW02008_8000_-NONE-_-NONE-/,2021-11-06
National Aeronautics and Space Administration,National Aeronautics and Space Administration,FY2022P04,,080,2021,2022,,0120,000,080-2021/2022-0120-000,"Science, National Aeronautics and Space Administration",National Aeronautics and Space Administration,,"General Science, Space, and Technology","Space flight, research, and supporting activities",080-0120,"Science, National Aeronautics and Space Administration",0001,SCIENCE (DIRECT),25.5,Research and development contracts,D,Q,Not Designated Nonemergency/Emergency/Disaster/Wildfire Suppression,,1673213.93,,,CONT_AWD_HQTR0200204DNASW02008_8000_-NONE-_-NONE-,HQTR0200204DNASW02008,,,,2002-03-15,2002,2025-07-24,2025,2002-03-15,2029-09-30,,D,DEFINITIVE CONTRACT,,,NEW HORIZON -- PLUTO MISSION PHASE B,080,NATIONAL AERONAUTICS AND SPACE ADMINISTRATION (NASA),8000,NATIONAL AERONAUTICS AND SPACE ADMINISTRATION,80MSFC,NASA MARSHALL SPACE FLIGHT CENTER,080,NATIONAL AERONAUTICS AND SPACE ADMINISTRATION (NASA),8000,NATIONAL AERONAUTICS AND SPACE ADMINISTRATION,80MSFC,NASA MARSHALL SPACE FLIGHT CENTER,PB11V1KH3KV4,,SOUTHWEST RESEARCH INSTITUTE,SOUTHWEST RESEARCH INSTITUTE I,PB11V1KH3KV4,PB11V1KH3KV4,SOUTHWEST RESEARCH INSTITUTE,SOUTHWEST RESEARCH INSTITUTE INC,USA,TX,BEXAR,SAN ANTONIO,TX-20,TX-20,782385166,UNITED STATES,TEXAS,BEXAR,TX-20,TX-20,782385166,,,AR94,R&D- SPACE: OTHER (ENGINEERING DEVELOPMENT),541611,ADMINISTRATIVE MANAGEMENT AND GENERAL MANAGEMENT CONSULTING SERVICES,,,https://www.usaspending.gov/award/CONT_AWD_HQTR0200204DNASW02008_8000_-NONE-_-NONE-/,2022-02-24
National Aeronautics and Space Administration,National Aeronautics and Space Administration,FY2022P04,,080,2022,2023,,0120,000,080-2022/2023-0120-000,"Science, National Aeronautics and Space Administration",National Aeronautics and Space Administration,,"General Science, Space, and Technology","Space flight, research, and supporting activities",080-0120,"Science, National Aeronautics and Space Administration",0001,SCIENCE (DIRECT),25.5,Research and development contracts,D,Q,Not Designated Nonemergency/Emergency/Disaster/Wildfire Suppression,1742515.00,,,,CONT_AWD_HQTR0200204DNASW02008_8000_-NONE-_-NONE-,HQTR0200204DNASW02008,,,,2002-03-15,2002,2025-07-24,2025,2002-03-15,2029-09-30,,D,DEFINITIVE CONTRACT,,,NEW HORIZON -- PLUTO MISSION PHASE B,080,NATIONAL AERONAUTICS AND SPACE ADMINISTRATION (NASA),8000,NATIONAL AERONAUTICS AND SPACE ADMINISTRATION,80MSFC,NASA MARSHALL SPACE FLIGHT CENTER,080,NATIONAL AERONAUTICS AND SPACE ADMINISTRATION (NASA),8000,NATIONAL AERONAUTICS AND SPACE ADMINISTRATION,80MSFC,NASA MARSHALL SPACE FLIGHT CENTER,PB11V1KH3KV4,,SOUTHWEST RESEARCH INSTITUTE,SOUTHWEST RESEARCH INSTITUTE I,PB11V1KH3KV4,PB11V1KH3KV4,SOUTHWEST RESEARCH INSTITUTE,SOUTHWEST RESEARCH INSTITUTE INC,USA,TX,BEXAR,SAN ANTONIO,TX-20,TX-20,782385166,UNITED STATES,TEXAS,BEXAR,TX-20,TX-20,782385166,,,AR94,R&D- SPACE: OTHER (ENGINEERING DEVELOPMENT),541611,ADMINISTRATIVE MANAGEMENT AND GENERAL MANAGEMENT CONSULTING SERVICES,,,https://www.usaspending.gov/award/CONT_AWD_HQTR0200204DNASW02008_8000_-NONE-_-NONE-/,2022-02-24
National Aeronautics and Space Administration,National Aeronautics and Space Administration,FY2022P05,,080,2021,2022,,0120,000,080-2021/2022-0120-000,"Science, National Aeronautics and Space Administration",National Aeronautics and Space Administration,,"General Science, Space, and Technology","Space flight, research, and supporting activities",080-0120,"Science, National Aeronautics and Space Administration",0001,SCIENCE (DIRECT),25.5,Research and development contracts,D,Q,Not Designated Nonemergency/Emergency/Disaster/Wildfire Suppression,,1959872.79,,,CONT_AWD_HQTR0200204DNASW02008_8000_-NONE-_-NONE-,HQTR0200204DNASW02008,,,,2002-03-15,2002,2025-07-24,2025,2002-03-15,2029-09-30,,D,DEFINITIVE CONTRACT,,,NEW HORIZON -- PLUTO MISSION PHASE B,080,NATIONAL AERONAUTICS AND SPACE ADMINISTRATION (NASA),8000,NATIONAL AERONAUTICS AND SPACE ADMINISTRATION,80MSFC,NASA MARSHALL SPACE FLIGHT CENTER,080,NATIONAL AERONAUTICS AND SPACE ADMINISTRATION (NASA),8000,NATIONAL AERONAUTICS AND SPACE ADMINISTRATION,80MSFC,NASA MARSHALL SPACE FLIGHT CENTER,PB11V1KH3KV4,,SOUTHWEST RESEARCH INSTITUTE,SOUTHWEST RESEARCH INSTITUTE I,PB11V1KH3KV4,PB11V1KH3KV4,SOUTHWEST RESEARCH INSTITUTE,SOUTHWEST RESEARCH INSTITUTE INC,USA,TX,BEXAR,SAN ANTONIO,TX-20,TX-20,782385166,UNITED STATES,TEXAS,BEXAR,TX-20,TX-20,782385166,,,AR94,R&D- SPACE: OTHER (ENGINEERING DEVELOPMENT),541611,ADMINISTRATIVE MANAGEMENT AND GENERAL MANAGEMENT CONSULTING SERVICES,,,https://www.usaspending.gov/award/CONT_AWD_HQTR0200204DNASW02008_8000_-NONE-_-NONE-/,2022-03-28
National Aeronautics and Space Administration,National Aeronautics and Space Administration,FY2022P06,,080,2021,2022,,0120,000,080-2021/2022-0120-000,"Science, National Aeronautics and Space Administration",National Aeronautics and Space Administration,,"General Science, Space, and Technology","Space flight, research, and supporting activities",080-0120,"Science, National Aeronautics and Space Administration",0001,SCIENCE (DIRECT),25.5,Research and development contracts,D,Q,Not Designated Nonemergency/Emergency/Disaster/Wildfire Suppression,,2651021.86,,,CONT_AWD_HQTR0200204DNASW02008_8000_-NONE-_-NONE-,HQTR0200204DNASW02008,,,,2002-03-15,2002,2025-07-24,2025,2002-03-15,2029-09-30,,D,DEFINITIVE CONTRACT,,,NEW HORIZON -- PLUTO MISSION PHASE B,080,NATIONAL AERONAUTICS AND SPACE ADMINISTRATION (NASA),8000,NATIONAL AERONAUTICS AND SPACE ADMINISTRATION,80MSFC,NASA MARSHALL SPACE FLIGHT CENTER,080,NATIONAL AERONAUTICS AND SPACE ADMINISTRATION (NASA),8000,NATIONAL AERONAUTICS AND SPACE ADMINISTRATION,80MSFC,NASA MARSHALL SPACE FLIGHT CENTER,PB11V1KH3KV4,,SOUTHWEST RESEARCH INSTITUTE,SOUTHWEST RESEARCH INSTITUTE I,PB11V1KH3KV4,PB11V1KH3KV4,SOUTHWEST RESEARCH INSTITUTE,SOUTHWEST RESEARCH INSTITUTE INC,USA,TX,BEXAR,SAN ANTONIO,TX-20,TX-20,782385166,UNITED STATES,TEXAS,BEXAR,TX-20,TX-20,782385166,,,AR94,R&D- SPACE: OTHER (ENGINEERING DEVELOPMENT),541611,ADMINISTRATIVE MANAGEMENT AND GENERAL MANAGEMENT CONSULTING SERVICES,,,https://www.usaspending.gov/award/CONT_AWD_HQTR0200204DNASW02008_8000_-NONE-_-NONE-/,2022-04-25
National Aeronautics and Space Administration,National Aeronautics and Space Administration,FY2022P07,,080,2021,2022,,0120,000,080-2021/2022-0120-000,"Science, National Aeronautics and Space Administration",National Aeronautics and Space Administration,,"General Science, Space, and Technology","Space flight, research, and supporting activities",080-0120,"Science, National Aeronautics and Space Administration",0001,SCIENCE (DIRECT),25.5,Research and development contracts,D,Q,Not Designated Nonemergency/Emergency/Disaster/Wildfire Suppression,,2994403.21,,,CONT_AWD_HQTR0200204DNASW02008_8000_-NONE-_-NONE-,HQTR0200204DNASW02008,,,,2002-03-15,2002,2025-07-24,2025,2002-03-15,2029-09-30,,D,DEFINITIVE CONTRACT,,,NEW HORIZON -- PLUTO MISSION PHASE B,080,NATIONAL AERONAUTICS AND SPACE ADMINISTRATION (NASA),8000,NATIONAL AERONAUTICS AND SPACE ADMINISTRATION,80MSFC,NASA MARSHALL SPACE FLIGHT CENTER,080,NATIONAL AERONAUTICS AND SPACE ADMINISTRATION (NASA),8000,NATIONAL AERONAUTICS AND SPACE ADMINISTRATION,80MSFC,NASA MARSHALL SPACE FLIGHT CENTER,PB11V1KH3KV4,,SOUTHWEST RESEARCH INSTITUTE,SOUTHWEST RESEARCH INSTITUTE I,PB11V1KH3KV4,PB11V1KH3KV4,SOUTHWEST RESEARCH INSTITUTE,SOUTHWEST RESEARCH INSTITUTE INC,USA,TX,BEXAR,SAN ANTONIO,TX-20,TX-20,782385166,UNITED STATES,TEXAS,BEXAR,TX-20,TX-20,782385166,,,AR94,R&D- SPACE: OTHER (ENGINEERING DEVELOPMENT),541611,ADMINISTRATIVE MANAGEMENT AND GENERAL MANAGEMENT CONSULTING SERVICES,,,https://www.usaspending.gov/award/CONT_AWD_HQTR0200204DNASW02008_8000_-NONE-_-NONE-/,2022-05-25
National Aeronautics and Space Administration,National Aeronautics and Space Administration,FY2022P08,,080,2021,2022,,0120,000,080-2021/2022-0120-000,"Science, National Aeronautics and Space Administration",National Aeronautics and Space Administration,,"General Science, Space, and Technology","Space flight, research, and supporting activities",080-0120,"Science, National Aeronautics and Space Administration",0001,SCIENCE (DIRECT),25.5,Research and development contracts,D,Q,Not Designated Nonemergency/Emergency/Disaster/Wildfire Suppression,,2994403.21,,,CONT_AWD_HQTR0200204DNASW02008_8000_-NONE-_-NONE-,HQTR0200204DNASW02008,,,,2002-03-15,2002,2025-07-24,2025,2002-03-15,2029-09-30,,D,DEFINITIVE CONTRACT,,,NEW HORIZON -- PLUTO MISSION PHASE B,080,NATIONAL AERONAUTICS AND SPACE ADMINISTRATION (NASA),8000,NATIONAL AERONAUTICS AND SPACE ADMINISTRATION,80MSFC,NASA MARSHALL SPACE FLIGHT CENTER,080,NATIONAL AERONAUTICS AND SPACE ADMINISTRATION (NASA),8000,NATIONAL AERONAUTICS AND SPACE ADMINISTRATION,80MSFC,NASA MARSHALL SPACE FLIGHT CENTER,PB11V1KH3KV4,,SOUTHWEST RESEARCH INSTITUTE,SOUTHWEST RESEARCH INSTITUTE I,PB11V1KH3KV4,PB11V1KH3KV4,SOUTHWEST RESEARCH INSTITUTE,SOUTHWEST RESEARCH INSTITUTE INC,USA,TX,BEXAR,SAN ANTONIO,TX-20,TX-20,782385166,UNITED STATES,TEXAS,BEXAR,TX-20,TX-20,782385166,,,AR94,R&D- SPACE: OTHER (ENGINEERING DEVELOPMENT),541611,ADMINISTRATIVE MANAGEMENT AND GENERAL MANAGEMENT CONSULTING SERVICES,,,https://www.usaspending.gov/award/CONT_AWD_HQTR0200204DNASW02008_8000_-NONE-_-NONE-/,2022-06-27
National Aeronautics and Space Administration,National Aeronautics and Space Administration,FY2022P09,,080,2022,2023,,0120,000,080-2022/2023-0120-000,"Science, National Aeronautics and Space Administration",National Aeronautics and Space Administration,,"General Science, Space, and Technology","Space flight, research, and supporting activities",080-0120,"Science, National Aeronautics and Space Administration",0001,SCIENCE (DIRECT),25.5,Research and development contracts,D,Q,Not Designated Nonemergency/Emergency/Disaster/Wildfire Suppression,1862684.00,,,,CONT_AWD_HQTR0200204DNASW02008_8000_-NONE-_-NONE-,HQTR0200204DNASW02008,,,,2002-03-15,2002,2025-07-24,2025,2002-03-15,2029-09-30,,D,DEFINITIVE CONTRACT,,,NEW HORIZON -- PLUTO MISSION PHASE B,080,NATIONAL AERONAUTICS AND SPACE ADMINISTRATION (NASA),8000,NATIONAL AERONAUTICS AND SPACE ADMINISTRATION,80MSFC,NASA MARSHALL SPACE FLIGHT CENTER,080,NATIONAL AERONAUTICS AND SPACE ADMINISTRATION (NASA),8000,NATIONAL AERONAUTICS AND SPACE ADMINISTRATION,80MSFC,NASA MARSHALL SPACE FLIGHT CENTER,PB11V1KH3KV4,,SOUTHWEST RESEARCH INSTITUTE,SOUTHWEST RESEARCH INSTITUTE I,PB11V1KH3KV4,PB11V1KH3KV4,SOUTHWEST RESEARCH INSTITUTE,SOUTHWEST RESEARCH INSTITUTE INC,USA,TX,BEXAR,SAN ANTONIO,TX-20,TX-20,782385166,UNITED STATES,TEXAS,BEXAR,TX-20,TX-20,782385166,,,AR94,R&D- SPACE: OTHER (ENGINEERING DEVELOPMENT),541611,ADMINISTRATIVE MANAGEMENT AND GENERAL MANAGEMENT CONSULTING SERVICES,,,https://www.usaspending.gov/award/CONT_AWD_HQTR0200204DNASW02008_8000_-NONE-_-NONE-/,2022-07-27
National Aeronautics and Space Administration,National Aeronautics and Space Administration,FY2022P09,,080,2021,2022,,0120,000,080-2021/2022-0120-000,"Science, National Aeronautics and Space Administration",National Aeronautics and Space Administration,,"General Science, Space, and Technology","Space flight, research, and supporting activities",080-0120,"Science, National Aeronautics and Space Administration",0001,SCIENCE (DIRECT),25.5,Research and development contracts,D,Q,Not Designated Nonemergency/Emergency/Disaster/Wildfire Suppression,,3627661.12,,,CONT_AWD_HQTR0200204DNASW02008_8000_-NONE-_-NONE-,HQTR0200204DNASW02008,,,,2002-03-15,2002,2025-07-24,2025,2002-03-15,2029-09-30,,D,DEFINITIVE CONTRACT,,,NEW HORIZON -- PLUTO MISSION PHASE B,080,NATIONAL AERONAUTICS AND SPACE ADMINISTRATION (NASA),8000,NATIONAL AERONAUTICS AND SPACE ADMINISTRATION,80MSFC,NASA MARSHALL SPACE FLIGHT CENTER,080,NATIONAL AERONAUTICS AND SPACE ADMINISTRATION (NASA),8000,NATIONAL AERONAUTICS AND SPACE ADMINISTRATION,80MSFC,NASA MARSHALL SPACE FLIGHT CENTER,PB11V1KH3KV4,,SOUTHWEST RESEARCH INSTITUTE,SOUTHWEST RESEARCH INSTITUTE I,PB11V1KH3KV4,PB11V1KH3KV4,SOUTHWEST RESEARCH INSTITUTE,SOUTHWEST RESEARCH INSTITUTE INC,USA,TX,BEXAR,SAN ANTONIO,TX-20,TX-20,782385166,UNITED STATES,TEXAS,BEXAR,TX-20,TX-20,782385166,,,AR94,R&D- SPACE: OTHER (ENGINEERING DEVELOPMENT),541611,ADMINISTRATIVE MANAGEMENT AND GENERAL MANAGEMENT CONSULTING SERVICES,,,https://www.usaspending.gov/award/CONT_AWD_HQTR0200204DNASW02008_8000_-NONE-_-NONE-/,2022-07-27
National Aeronautics and Space Administration,National Aeronautics and Space Administration,FY2022P10,,080,2021,2022,,0120,000,080-2021/2022-0120-000,"Science, National Aeronautics and Space Administration",National Aeronautics and Space Administration,,"General Science, Space, and Technology","Space flight, research, and supporting activities",080-0120,"Science, National Aeronautics and Space Administration",0001,SCIENCE (DIRECT),25.5,Research and development contracts,D,Q,Not Designated Nonemergency/Emergency/Disaster/Wildfire Suppression,,3965990.52,,,CONT_AWD_HQTR0200204DNASW02008_8000_-NONE-_-NONE-,HQTR0200204DNASW02008,,,,2002-03-15,2002,2025-07-24,2025,2002-03-15,2029-09-30,,D,DEFINITIVE CONTRACT,,,NEW HORIZON -- PLUTO MISSION PHASE B,080,NATIONAL AERONAUTICS AND SPACE ADMINISTRATION (NASA),8000,NATIONAL AERONAUTICS AND SPACE ADMINISTRATION,80MSFC,NASA MARSHALL SPACE FLIGHT CENTER,080,NATIONAL AERONAUTICS AND SPACE ADMINISTRATION (NASA),8000,NATIONAL AERONAUTICS AND SPACE ADMINISTRATION,80MSFC,NASA MARSHALL SPACE FLIGHT CENTER,PB11V1KH3KV4,,SOUTHWEST RESEARCH INSTITUTE,SOUTHWEST RESEARCH INSTITUTE I,PB11V1KH3KV4,PB11V1KH3KV4,SOUTHWEST RESEARCH INSTITUTE,SOUTHWEST RESEARCH INSTITUTE INC,USA,TX,BEXAR,SAN ANTONIO,TX-20,TX-20,782385166,UNITED STATES,TEXAS,BEXAR,TX-20,TX-20,782385166,,,AR94,R&D- SPACE: OTHER (ENGINEERING DEVELOPMENT),541611,ADMINISTRATIVE MANAGEMENT AND GENERAL MANAGEMENT CONSULTING SERVICES,,,https://www.usaspending.gov/award/CONT_AWD_HQTR0200204DNASW02008_8000_-NONE-_-NONE-/,2022-08-24
National Aeronautics and Space Administration,National Aeronautics and Space Administration,FY2022P11,,080,2021,2022,,0120,000,080-2021/2022-0120-000,"Science, National Aeronautics and Space Administration",National Aeronautics and Space Administration,,"General Science, Space, and Technology","Space flight, research, and supporting activities",080-0120,"Science, National Aeronautics and Space Administration",0001,SCIENCE (DIRECT),25.5,Research and development contracts,D,Q,Not Designated Nonemergency/Emergency/Disaster/Wildfire Suppression,,4218349.64,,,CONT_AWD_HQTR0200204DNASW02008_8000_-NONE-_-NONE-,HQTR0200204DNASW02008,,,,2002-03-15,2002,2025-07-24,2025,2002-03-15,2029-09-30,,D,DEFINITIVE CONTRACT,,,NEW HORIZON -- PLUTO MISSION PHASE B,080,NATIONAL AERONAUTICS AND SPACE ADMINISTRATION (NASA),8000,NATIONAL AERONAUTICS AND SPACE ADMINISTRATION,80MSFC,NASA MARSHALL SPACE FLIGHT CENTER,080,NATIONAL AERONAUTICS AND SPACE ADMINISTRATION (NASA),8000,NATIONAL AERONAUTICS AND SPACE ADMINISTRATION,80MSFC,NASA MARSHALL SPACE FLIGHT CENTER,PB11V1KH3KV4,,SOUTHWEST RESEARCH INSTITUTE,SOUTHWEST RESEARCH INSTITUTE I,PB11V1KH3KV4,PB11V1KH3KV4,SOUTHWEST RESEARCH INSTITUTE,SOUTHWEST RESEARCH INSTITUTE INC,USA,TX,BEXAR,SAN ANTONIO,TX-20,TX-20,782385166,UNITED STATES,TEXAS,BEXAR,TX-20,TX-20,782385166,,,AR94,R&D- SPACE: OTHER (ENGINEERING DEVELOPMENT),541611,ADMINISTRATIVE MANAGEMENT AND GENERAL MANAGEMENT CONSULTING SERVICES,,,https://www.usaspending.gov/award/CONT_AWD_HQTR0200204DNASW02008_8000_-NONE-_-NONE-/,2022-09-25
National Aeronautics and Space Administration,National Aeronautics and Space Administration,FY2022P12,,080,2021,2022,,0120,000,080-2021/2022-0120-000,"Science, National Aeronautics and Space Administration",National Aeronautics and Space Administration,,"General Science, Space, and Technology","Space flight, research, and supporting activities",080-0120,"Science, National Aeronautics and Space Administration",0001,SCIENCE (DIRECT),25.5,Research and development contracts,D,Q,Not Designated Nonemergency/Emergency/Disaster/Wildfire Suppression,,4633565.19,,,CONT_AWD_HQTR0200204DNASW02008_8000_-NONE-_-NONE-,HQTR0200204DNASW02008,,,,2002-03-15,2002,2025-07-24,2025,2002-03-15,2029-09-30,,D,DEFINITIVE CONTRACT,,,NEW HORIZON -- PLUTO MISSION PHASE B,080,NATIONAL AERONAUTICS AND SPACE ADMINISTRATION (NASA),8000,NATIONAL AERONAUTICS AND SPACE ADMINISTRATION,80MSFC,NASA MARSHALL SPACE FLIGHT CENTER,080,NATIONAL AERONAUTICS AND SPACE ADMINISTRATION (NASA),8000,NATIONAL AERONAUTICS AND SPACE ADMINISTRATION,80MSFC,NASA MARSHALL SPACE FLIGHT CENTER,PB11V1KH3KV4,,SOUTHWEST RESEARCH INSTITUTE,SOUTHWEST RESEARCH INSTITUTE I,PB11V1KH3KV4,PB11V1KH3KV4,SOUTHWEST RESEARCH INSTITUTE,SOUTHWEST RESEARCH INSTITUTE INC,USA,TX,BEXAR,SAN ANTONIO,TX-20,TX-20,782385166,UNITED STATES,TEXAS,BEXAR,TX-20,TX-20,782385166,,,AR94,R&D- SPACE: OTHER (ENGINEERING DEVELOPMENT),541611,ADMINISTRATIVE MANAGEMENT AND GENERAL MANAGEMENT CONSULTING SERVICES,,,https://www.usaspending.gov/award/CONT_AWD_HQTR0200204DNASW02008_8000_-NONE-_-NONE-/,2022-11-02
National Aeronautics and Space Administration,National Aeronautics and Space Administration,FY2023P03,,080,2021,2022,,0120,000,080-2021/2022-0120-000,"Science, National Aeronautics and Space Administration",National Aeronautics and Space Administration,,"General Science, Space, and Technology","Space flight, research, and supporting activities",080-0120,"Science, National Aeronautics and Space Administration",0001,SCIENCE (DIRECT),25.5,Research and development contracts,D,Q,Not Designated Nonemergency/Emergency/Disaster/Wildfire Suppression,,1435885.81,,,CONT_AWD_HQTR0200204DNASW02008_8000_-NONE-_-NONE-,HQTR0200204DNASW02008,,,,2002-03-15,2002,2025-07-24,2025,2002-03-15,2029-09-30,,D,DEFINITIVE CONTRACT,,,NEW HORIZON -- PLUTO MISSION PHASE B,080,NATIONAL AERONAUTICS AND SPACE ADMINISTRATION (NASA),8000,NATIONAL AERONAUTICS AND SPACE ADMINISTRATION,80MSFC,NASA MARSHALL SPACE FLIGHT CENTER,080,NATIONAL AERONAUTICS AND SPACE ADMINISTRATION (NASA),8000,NATIONAL AERONAUTICS AND SPACE ADMINISTRATION,80MSFC,NASA MARSHALL SPACE FLIGHT CENTER,PB11V1KH3KV4,,SOUTHWEST RESEARCH INSTITUTE,SOUTHWEST RESEARCH INSTITUTE I,PB11V1KH3KV4,PB11V1KH3KV4,SOUTHWEST RESEARCH INSTITUTE,SOUTHWEST RESEARCH INSTITUTE INC,USA,TX,BEXAR,SAN ANTONIO,TX-20,TX-20,782385166,UNITED STATES,TEXAS,BEXAR,TX-20,TX-20,782385166,,,AR94,R&D- SPACE: OTHER (ENGINEERING DEVELOPMENT),541611,ADMINISTRATIVE MANAGEMENT AND GENERAL MANAGEMENT CONSULTING SERVICES,,,https://www.usaspending.gov/award/CONT_AWD_HQTR0200204DNASW02008_8000_-NONE-_-NONE-/,2023-01-31
National Aeronautics and Space Administration,National Aeronautics and Space Administration,FY2023P04,,080,2021,2022,,0120,000,080-2021/2022-0120-000,"Science, National Aeronautics and Space Administration",National Aeronautics and Space Administration,,"General Science, Space, and Technology","Space flight, research, and supporting activities",080-0120,"Science, National Aeronautics and Space Administration",0001,SCIENCE (DIRECT),25.5,Research and development contracts,D,Q,Not Designated Nonemergency/Emergency/Disaster/Wildfire Suppression,,1435885.81,,,CONT_AWD_HQTR0200204DNASW02008_8000_-NONE-_-NONE-,HQTR0200204DNASW02008,,,,2002-03-15,2002,2025-07-24,2025,2002-03-15,2029-09-30,,D,DEFINITIVE CONTRACT,,,NEW HORIZON -- PLUTO MISSION PHASE B,080,NATIONAL AERONAUTICS AND SPACE ADMINISTRATION (NASA),8000,NATIONAL AERONAUTICS AND SPACE ADMINISTRATION,80MSFC,NASA MARSHALL SPACE FLIGHT CENTER,080,NATIONAL AERONAUTICS AND SPACE ADMINISTRATION (NASA),8000,NATIONAL AERONAUTICS AND SPACE ADMINISTRATION,80MSFC,NASA MARSHALL SPACE FLIGHT CENTER,PB11V1KH3KV4,,SOUTHWEST RESEARCH INSTITUTE,SOUTHWEST RESEARCH INSTITUTE I,PB11V1KH3KV4,PB11V1KH3KV4,SOUTHWEST RESEARCH INSTITUTE,SOUTHWEST RESEARCH INSTITUTE INC,USA,TX,BEXAR,SAN ANTONIO,TX-20,TX-20,782385166,UNITED STATES,TEXAS,BEXAR,TX-20,TX-20,782385166,,,AR94,R&D- SPACE: OTHER (ENGINEERING DEVELOPMENT),541611,ADMINISTRATIVE MANAGEMENT AND GENERAL MANAGEMENT CONSULTING SERVICES,,,https://www.usaspending.gov/award/CONT_AWD_HQTR0200204DNASW02008_8000_-NONE-_-NONE-/,2023-02-23
National Aeronautics and Space Administration,National Aeronautics and Space Administration,FY2023P05,,080,2023,2024,,0120,000,080-2023/2024-0120-000,"Science, National Aeronautics and Space Administration",National Aeronautics and Space Administration,,"General Science, Space, and Technology","Space flight, research, and supporting activities",080-0120,"Science, National Aeronautics and Space Administration",0001,SCIENCE (DIRECT),25.5,Research and development contracts,D,Q,Not Designated Nonemergency/Emergency/Disaster/Wildfire Suppression,2854819.00,,,,CONT_AWD_HQTR0200204DNASW02008_8000_-NONE-_-NONE-,HQTR0200204DNASW02008,,,,2002-03-15,2002,2025-07-24,2025,2002-03-15,2029-09-30,,D,DEFINITIVE CONTRACT,,,NEW HORIZON -- PLUTO MISSION PHASE B,080,NATIONAL AERONAUTICS AND SPACE ADMINISTRATION (NASA),8000,NATIONAL AERONAUTICS AND SPACE ADMINISTRATION,80MSFC,NASA MARSHALL SPACE FLIGHT CENTER,080,NATIONAL AERONAUTICS AND SPACE ADMINISTRATION (NASA),8000,NATIONAL AERONAUTICS AND SPACE ADMINISTRATION,80MSFC,NASA MARSHALL SPACE FLIGHT CENTER,PB11V1KH3KV4,,SOUTHWEST RESEARCH INSTITUTE,SOUTHWEST RESEARCH INSTITUTE I,PB11V1KH3KV4,PB11V1KH3KV4,SOUTHWEST RESEARCH INSTITUTE,SOUTHWEST RESEARCH INSTITUTE INC,USA,TX,BEXAR,SAN ANTONIO,TX-20,TX-20,782385166,UNITED STATES,TEXAS,BEXAR,TX-20,TX-20,782385166,,,AR94,R&D- SPACE: OTHER (ENGINEERING DEVELOPMENT),541611,ADMINISTRATIVE MANAGEMENT AND GENERAL MANAGEMENT CONSULTING SERVICES,,,https://www.usaspending.gov/award/CONT_AWD_HQTR0200204DNASW02008_8000_-NONE-_-NONE-/,2023-03-27
National Aeronautics and Space Administration,National Aeronautics and Space Administration,FY2023P05,,080,2023,2024,,0120,000,080-2023/2024-0120-000,"Science, National Aeronautics and Space Administration",National Aeronautics and Space Administration,,"General Science, Space, and Technology","Space flight, research, and supporting activities",080-0120,"Science, National Aeronautics and Space Administration",0001,SCIENCE (DIRECT),25.5,Research and development contracts,D,Q,Not Designated Nonemergency/Emergency/Disaster/Wildfire Suppression,1000.00,,,,CONT_AWD_HQTR0200204DNASW02008_8000_-NONE-_-NONE-,HQTR0200204DNASW02008,,,,2002-03-15,2002,2025-07-24,2025,2002-03-15,2029-09-30,,D,DEFINITIVE CONTRACT,,,NEW HORIZON -- PLUTO MISSION PHASE B,080,NATIONAL AERONAUTICS AND SPACE ADMINISTRATION (NASA),8000,NATIONAL AERONAUTICS AND SPACE ADMINISTRATION,80MSFC,NASA MARSHALL SPACE FLIGHT CENTER,080,NATIONAL AERONAUTICS AND SPACE ADMINISTRATION (NASA),8000,NATIONAL AERONAUTICS AND SPACE ADMINISTRATION,80MSFC,NASA MARSHALL SPACE FLIGHT CENTER,PB11V1KH3KV4,,SOUTHWEST RESEARCH INSTITUTE,SOUTHWEST RESEARCH INSTITUTE I,PB11V1KH3KV4,PB11V1KH3KV4,SOUTHWEST RESEARCH INSTITUTE,SOUTHWEST RESEARCH INSTITUTE INC,USA,TX,BEXAR,SAN ANTONIO,TX-20,TX-20,782385166,UNITED STATES,TEXAS,BEXAR,TX-20,TX-20,782385166,,,AR94,R&D- SPACE: OTHER (ENGINEERING DEVELOPMENT),541611,ADMINISTRATIVE MANAGEMENT AND GENERAL MANAGEMENT CONSULTING SERVICES,,,https://www.usaspending.gov/award/CONT_AWD_HQTR0200204DNASW02008_8000_-NONE-_-NONE-/,2023-03-27
National Aeronautics and Space Administration,National Aeronautics and Space Administration,FY2023P05,,080,2022,2023,,0120,000,080-2022/2023-0120-000,"Science, National Aeronautics and Space Administration",National Aeronautics and Space Administration,,"General Science, Space, and Technology","Space flight, research, and supporting activities",080-0120,"Science, National Aeronautics and Space Administration",0001,SCIENCE (DIRECT),25.5,Research and development contracts,D,Q,Not Designated Nonemergency/Emergency/Disaster/Wildfire Suppression,,59754.57,,,CONT_AWD_HQTR0200204DNASW02008_8000_-NONE-_-NONE-,HQTR0200204DNASW02008,,,,2002-03-15,2002,2025-07-24,2025,2002-03-15,2029-09-30,,D,DEFINITIVE CONTRACT,,,NEW HORIZON -- PLUTO MISSION PHASE B,080,NATIONAL AERONAUTICS AND SPACE ADMINISTRATION (NASA),8000,NATIONAL AERONAUTICS AND SPACE ADMINISTRATION,80MSFC,NASA MARSHALL SPACE FLIGHT CENTER,080,NATIONAL AERONAUTICS AND SPACE ADMINISTRATION (NASA),8000,NATIONAL AERONAUTICS AND SPACE ADMINISTRATION,80MSFC,NASA MARSHALL SPACE FLIGHT CENTER,PB11V1KH3KV4,,SOUTHWEST RESEARCH INSTITUTE,SOUTHWEST RESEARCH INSTITUTE I,PB11V1KH3KV4,PB11V1KH3KV4,SOUTHWEST RESEARCH INSTITUTE,SOUTHWEST RESEARCH INSTITUTE INC,USA,TX,BEXAR,SAN ANTONIO,TX-20,TX-20,782385166,UNITED STATES,TEXAS,BEXAR,TX-20,TX-20,782385166,,,AR94,R&D- SPACE: OTHER (ENGINEERING DEVELOPMENT),541611,ADMINISTRATIVE MANAGEMENT AND GENERAL MANAGEMENT CONSULTING SERVICES,,,https://www.usaspending.gov/award/CONT_AWD_HQTR0200204DNASW02008_8000_-NONE-_-NONE-/,2023-03-27
National Aeronautics and Space Administration,National Aeronautics and Space Administration,FY2023P05,,080,2021,2022,,0120,000,080-2021/2022-0120-000,"Science, National Aeronautics and Space Administration",National Aeronautics and Space Administration,,"General Science, Space, and Technology","Space flight, research, and supporting activities",080-0120,"Science, National Aeronautics and Space Administration",0001,SCIENCE (DIRECT),25.5,Research and development contracts,D,Q,Not Designated Nonemergency/Emergency/Disaster/Wildfire Suppression,,1701602.10,,,CONT_AWD_HQTR0200204DNASW02008_8000_-NONE-_-NONE-,HQTR0200204DNASW02008,,,,2002-03-15,2002,2025-07-24,2025,2002-03-15,2029-09-30,,D,DEFINITIVE CONTRACT,,,NEW HORIZON -- PLUTO MISSION PHASE B,080,NATIONAL AERONAUTICS AND SPACE ADMINISTRATION (NASA),8000,NATIONAL AERONAUTICS AND SPACE ADMINISTRATION,80MSFC,NASA MARSHALL SPACE FLIGHT CENTER,080,NATIONAL AERONAUTICS AND SPACE ADMINISTRATION (NASA),8000,NATIONAL AERONAUTICS AND SPACE ADMINISTRATION,80MSFC,NASA MARSHALL SPACE FLIGHT CENTER,PB11V1KH3KV4,,SOUTHWEST RESEARCH INSTITUTE,SOUTHWEST RESEARCH INSTITUTE I,PB11V1KH3KV4,PB11V1KH3KV4,SOUTHWEST RESEARCH INSTITUTE,SOUTHWEST RESEARCH INSTITUTE INC,USA,TX,BEXAR,SAN ANTONIO,TX-20,TX-20,782385166,UNITED STATES,TEXAS,BEXAR,TX-20,TX-20,782385166,,,AR94,R&D- SPACE: OTHER (ENGINEERING DEVELOPMENT),541611,ADMINISTRATIVE MANAGEMENT AND GENERAL MANAGEMENT CONSULTING SERVICES,,,https://www.usaspending.gov/award/CONT_AWD_HQTR0200204DNASW02008_8000_-NONE-_-NONE-/,2023-03-27
National Aeronautics and Space Administration,National Aeronautics and Space Administration,FY2023P06,,080,2022,2023,,0120,000,080-2022/2023-0120-000,"Science, National Aeronautics and Space Administration",National Aeronautics and Space Administration,,"General Science, Space, and Technology","Space flight, research, and supporting activities",080-0120,"Science, National Aeronautics and Space Administration",0001,SCIENCE (DIRECT),25.5,Research and development contracts,D,Q,Not Designated Nonemergency/Emergency/Disaster/Wildfire Suppression,,800554.80,,,CONT_AWD_HQTR0200204DNASW02008_8000_-NONE-_-NONE-,HQTR0200204DNASW02008,,,,2002-03-15,2002,2025-07-24,2025,2002-03-15,2029-09-30,,D,DEFINITIVE CONTRACT,,,NEW HORIZON -- PLUTO MISSION PHASE B,080,NATIONAL AERONAUTICS AND SPACE ADMINISTRATION (NASA),8000,NATIONAL AERONAUTICS AND SPACE ADMINISTRATION,80MSFC,NASA MARSHALL SPACE FLIGHT CENTER,080,NATIONAL AERONAUTICS AND SPACE ADMINISTRATION (NASA),8000,NATIONAL AERONAUTICS AND SPACE ADMINISTRATION,80MSFC,NASA MARSHALL SPACE FLIGHT CENTER,PB11V1KH3KV4,,SOUTHWEST RESEARCH INSTITUTE,SOUTHWEST RESEARCH INSTITUTE I,PB11V1KH3KV4,PB11V1KH3KV4,SOUTHWEST RESEARCH INSTITUTE,SOUTHWEST RESEARCH INSTITUTE INC,USA,TX,BEXAR,SAN ANTONIO,TX-20,TX-20,782385166,UNITED STATES,TEXAS,BEXAR,TX-20,TX-20,782385166,,,AR94,R&D- SPACE: OTHER (ENGINEERING DEVELOPMENT),541611,ADMINISTRATIVE MANAGEMENT AND GENERAL MANAGEMENT CONSULTING SERVICES,,,https://www.usaspending.gov/award/CONT_AWD_HQTR0200204DNASW02008_8000_-NONE-_-NONE-/,2023-04-27
National Aeronautics and Space Administration,National Aeronautics and Space Administration,FY2023P06,,080,2021,2022,,0120,000,080-2021/2022-0120-000,"Science, National Aeronautics and Space Administration",National Aeronautics and Space Administration,,"General Science, Space, and Technology","Space flight, research, and supporting activities",080-0120,"Science, National Aeronautics and Space Administration",0001,SCIENCE (DIRECT),25.5,Research and development contracts,D,Q,Not Designated Nonemergency/Emergency/Disaster/Wildfire Suppression,,1701602.10,,,CONT_AWD_HQTR0200204DNASW02008_8000_-NONE-_-NONE-,HQTR0200204DNASW02008,,,,2002-03-15,2002,2025-07-24,2025,2002-03-15,2029-09-30,,D,DEFINITIVE CONTRACT,,,NEW HORIZON -- PLUTO MISSION PHASE B,080,NATIONAL AERONAUTICS AND SPACE ADMINISTRATION (NASA),8000,NATIONAL AERONAUTICS AND SPACE ADMINISTRATION,80MSFC,NASA MARSHALL SPACE FLIGHT CENTER,080,NATIONAL AERONAUTICS AND SPACE ADMINISTRATION (NASA),8000,NATIONAL AERONAUTICS AND SPACE ADMINISTRATION,80MSFC,NASA MARSHALL SPACE FLIGHT CENTER,PB11V1KH3KV4,,SOUTHWEST RESEARCH INSTITUTE,SOUTHWEST RESEARCH INSTITUTE I,PB11V1KH3KV4,PB11V1KH3KV4,SOUTHWEST RESEARCH INSTITUTE,SOUTHWEST RESEARCH INSTITUTE INC,USA,TX,BEXAR,SAN ANTONIO,TX-20,TX-20,782385166,UNITED STATES,TEXAS,BEXAR,TX-20,TX-20,782385166,,,AR94,R&D- SPACE: OTHER (ENGINEERING DEVELOPMENT),541611,ADMINISTRATIVE MANAGEMENT AND GENERAL MANAGEMENT CONSULTING SERVICES,,,https://www.usaspending.gov/award/CONT_AWD_HQTR0200204DNASW02008_8000_-NONE-_-NONE-/,2023-04-27
National Aeronautics and Space Administration,National Aeronautics and Space Administration,FY2023P07,,080,2023,2024,,0120,000,080-2023/2024-0120-000,"Science, National Aeronautics and Space Administration",National Aeronautics and Space Administration,,"General Science, Space, and Technology","Space flight, research, and supporting activities",080-0120,"Science, National Aeronautics and Space Administration",0001,SCIENCE (DIRECT),25.5,Research and development contracts,D,Q,Not Designated Nonemergency/Emergency/Disaster/Wildfire Suppression,-111000.00,,,,CONT_AWD_HQTR0200204DNASW02008_8000_-NONE-_-NONE-,HQTR0200204DNASW02008,,,,2002-03-15,2002,2025-07-24,2025,2002-03-15,2029-09-30,,D,DEFINITIVE CONTRACT,,,NEW HORIZON -- PLUTO MISSION PHASE B,080,NATIONAL AERONAUTICS AND SPACE ADMINISTRATION (NASA),8000,NATIONAL AERONAUTICS AND SPACE ADMINISTRATION,80MSFC,NASA MARSHALL SPACE FLIGHT CENTER,080,NATIONAL AERONAUTICS AND SPACE ADMINISTRATION (NASA),8000,NATIONAL AERONAUTICS AND SPACE ADMINISTRATION,80MSFC,NASA MARSHALL SPACE FLIGHT CENTER,PB11V1KH3KV4,,SOUTHWEST RESEARCH INSTITUTE,SOUTHWEST RESEARCH INSTITUTE I,PB11V1KH3KV4,PB11V1KH3KV4,SOUTHWEST RESEARCH INSTITUTE,SOUTHWEST RESEARCH INSTITUTE INC,USA,TX,BEXAR,SAN ANTONIO,TX-20,TX-20,782385166,UNITED STATES,TEXAS,BEXAR,TX-20,TX-20,782385166,,,AR94,R&D- SPACE: OTHER (ENGINEERING DEVELOPMENT),541611,ADMINISTRATIVE MANAGEMENT AND GENERAL MANAGEMENT CONSULTING SERVICES,,,https://www.usaspending.gov/award/CONT_AWD_HQTR0200204DNASW02008_8000_-NONE-_-NONE-/,2023-05-28
National Aeronautics and Space Administration,National Aeronautics and Space Administration,FY2023P07,,080,2022,2023,,0120,000,080-2022/2023-0120-000,"Science, National Aeronautics and Space Administration",National Aeronautics and Space Administration,,"General Science, Space, and Technology","Space flight, research, and supporting activities",080-0120,"Science, National Aeronautics and Space Administration",0001,SCIENCE (DIRECT),25.5,Research and development contracts,D,Q,Not Designated Nonemergency/Emergency/Disaster/Wildfire Suppression,,1161358.80,,,CONT_AWD_HQTR0200204DNASW02008_8000_-NONE-_-NONE-,HQTR0200204DNASW02008,,,,2002-03-15,2002,2025-07-24,2025,2002-03-15,2029-09-30,,D,DEFINITIVE CONTRACT,,,NEW HORIZON -- PLUTO MISSION PHASE B,080,NATIONAL AERONAUTICS AND SPACE ADMINISTRATION (NASA),8000,NATIONAL AERONAUTICS AND SPACE ADMINISTRATION,80MSFC,NASA MARSHALL SPACE FLIGHT CENTER,080,NATIONAL AERONAUTICS AND SPACE ADMINISTRATION (NASA),8000,NATIONAL AERONAUTICS AND SPACE ADMINISTRATION,80MSFC,NASA MARSHALL SPACE FLIGHT CENTER,PB11V1KH3KV4,,SOUTHWEST RESEARCH INSTITUTE,SOUTHWEST RESEARCH INSTITUTE I,PB11V1KH3KV4,PB11V1KH3KV4,SOUTHWEST RESEARCH INSTITUTE,SOUTHWEST RESEARCH INSTITUTE INC,USA,TX,BEXAR,SAN ANTONIO,TX-20,TX-20,782385166,UNITED STATES,TEXAS,BEXAR,TX-20,TX-20,782385166,,,AR94,R&D- SPACE: OTHER (ENGINEERING DEVELOPMENT),541611,ADMINISTRATIVE MANAGEMENT AND GENERAL MANAGEMENT CONSULTING SERVICES,,,https://www.usaspending.gov/award/CONT_AWD_HQTR0200204DNASW02008_8000_-NONE-_-NONE-/,2023-05-28
National Aeronautics and Space Administration,National Aeronautics and Space Administration,FY2023P07,,080,2021,2022,,0120,000,080-2021/2022-0120-000,"Science, National Aeronautics and Space Administration",National Aeronautics and Space Administration,,"General Science, Space, and Technology","Space flight, research, and supporting activities",080-0120,"Science, National Aeronautics and Space Administration",0001,SCIENCE (DIRECT),25.5,Research and development contracts,D,Q,Not Designated Nonemergency/Emergency/Disaster/Wildfire Suppression,,1701602.10,,,CONT_AWD_HQTR0200204DNASW02008_8000_-NONE-_-NONE-,HQTR0200204DNASW02008,,,,2002-03-15,2002,2025-07-24,2025,2002-03-15,2029-09-30,,D,DEFINITIVE CONTRACT,,,NEW HORIZON -- PLUTO MISSION PHASE B,080,NATIONAL AERONAUTICS AND SPACE ADMINISTRATION (NASA),8000,NATIONAL AERONAUTICS AND SPACE ADMINISTRATION,80MSFC,NASA MARSHALL SPACE FLIGHT CENTER,080,NATIONAL AERONAUTICS AND SPACE ADMINISTRATION (NASA),8000,NATIONAL AERONAUTICS AND SPACE ADMINISTRATION,80MSFC,NASA MARSHALL SPACE FLIGHT CENTER,PB11V1KH3KV4,,SOUTHWEST RESEARCH INSTITUTE,SOUTHWEST RESEARCH INSTITUTE I,PB11V1KH3KV4,PB11V1KH3KV4,SOUTHWEST RESEARCH INSTITUTE,SOUTHWEST RESEARCH INSTITUTE INC,USA,TX,BEXAR,SAN ANTONIO,TX-20,TX-20,782385166,UNITED STATES,TEXAS,BEXAR,TX-20,TX-20,782385166,,,AR94,R&D- SPACE: OTHER (ENGINEERING DEVELOPMENT),541611,ADMINISTRATIVE MANAGEMENT AND GENERAL MANAGEMENT CONSULTING SERVICES,,,https://www.usaspending.gov/award/CONT_AWD_HQTR0200204DNASW02008_8000_-NONE-_-NONE-/,2023-05-28
National Aeronautics and Space Administration,National Aeronautics and Space Administration,FY2023P08,,080,2023,2024,,0120,000,080-2023/2024-0120-000,"Science, National Aeronautics and Space Administration",National Aeronautics and Space Administration,,"General Science, Space, and Technology","Space flight, research, and supporting activities",080-0120,"Science, National Aeronautics and Space Administration",0001,SCIENCE (DIRECT),25.5,Research and development contracts,D,Q,Not Designated Nonemergency/Emergency/Disaster/Wildfire Suppression,369891.00,,,,CONT_AWD_HQTR0200204DNASW02008_8000_-NONE-_-NONE-,HQTR0200204DNASW02008,,,,2002-03-15,2002,2025-07-24,2025,2002-03-15,2029-09-30,,D,DEFINITIVE CONTRACT,,,NEW HORIZON -- PLUTO MISSION PHASE B,080,NATIONAL AERONAUTICS AND SPACE ADMINISTRATION (NASA),8000,NATIONAL AERONAUTICS AND SPACE ADMINISTRATION,80MSFC,NASA MARSHALL SPACE FLIGHT CENTER,080,NATIONAL AERONAUTICS AND SPACE ADMINISTRATION (NASA),8000,NATIONAL AERONAUTICS AND SPACE ADMINISTRATION,80MSFC,NASA MARSHALL SPACE FLIGHT CENTER,PB11V1KH3KV4,,SOUTHWEST RESEARCH INSTITUTE,SOUTHWEST RESEARCH INSTITUTE I,PB11V1KH3KV4,PB11V1KH3KV4,SOUTHWEST RESEARCH INSTITUTE,SOUTHWEST RESEARCH INSTITUTE INC,USA,TX,BEXAR,SAN ANTONIO,TX-20,TX-20,782385166,UNITED STATES,TEXAS,BEXAR,TX-20,TX-20,782385166,,,AR94,R&D- SPACE: OTHER (ENGINEERING DEVELOPMENT),541611,ADMINISTRATIVE MANAGEMENT AND GENERAL MANAGEMENT CONSULTING SERVICES,,,https://www.usaspending.gov/award/CONT_AWD_HQTR0200204DNASW02008_8000_-NONE-_-NONE-/,2023-06-28
National Aeronautics and Space Administration,National Aeronautics and Space Administration,FY2023P08,,080,2022,2023,,0120,000,080-2022/2023-0120-000,"Science, National Aeronautics and Space Administration",National Aeronautics and Space Administration,,"General Science, Space, and Technology","Space flight, research, and supporting activities",080-0120,"Science, National Aeronautics and Space Administration",0001,SCIENCE (DIRECT),25.5,Research and development contracts,D,Q,Not Designated Nonemergency/Emergency/Disaster/Wildfire Suppression,,1498275.63,,,CONT_AWD_HQTR0200204DNASW02008_8000_-NONE-_-NONE-,HQTR0200204DNASW02008,,,,2002-03-15,2002,2025-07-24,2025,2002-03-15,2029-09-30,,D,DEFINITIVE CONTRACT,,,NEW HORIZON -- PLUTO MISSION PHASE B,080,NATIONAL AERONAUTICS AND SPACE ADMINISTRATION (NASA),8000,NATIONAL AERONAUTICS AND SPACE ADMINISTRATION,80MSFC,NASA MARSHALL SPACE FLIGHT CENTER,080,NATIONAL AERONAUTICS AND SPACE ADMINISTRATION (NASA),8000,NATIONAL AERONAUTICS AND SPACE ADMINISTRATION,80MSFC,NASA MARSHALL SPACE FLIGHT CENTER,PB11V1KH3KV4,,SOUTHWEST RESEARCH INSTITUTE,SOUTHWEST RESEARCH INSTITUTE I,PB11V1KH3KV4,PB11V1KH3KV4,SOUTHWEST RESEARCH INSTITUTE,SOUTHWEST RESEARCH INSTITUTE INC,USA,TX,BEXAR,SAN ANTONIO,TX-20,TX-20,782385166,UNITED STATES,TEXAS,BEXAR,TX-20,TX-20,782385166,,,AR94,R&D- SPACE: OTHER (ENGINEERING DEVELOPMENT),541611,ADMINISTRATIVE MANAGEMENT AND GENERAL MANAGEMENT CONSULTING SERVICES,,,https://www.usaspending.gov/award/CONT_AWD_HQTR0200204DNASW02008_8000_-NONE-_-NONE-/,2023-06-28
National Aeronautics and Space Administration,National Aeronautics and Space Administration,FY2023P08,,080,2021,2022,,0120,000,080-2021/2022-0120-000,"Science, National Aeronautics and Space Administration",National Aeronautics and Space Administration,,"General Science, Space, and Technology","Space flight, research, and supporting activities",080-0120,"Science, National Aeronautics and Space Administration",0001,SCIENCE (DIRECT),25.5,Research and development contracts,D,Q,Not Designated Nonemergency/Emergency/Disaster/Wildfire Suppression,,1701602.10,,,CONT_AWD_HQTR0200204DNASW02008_8000_-NONE-_-NONE-,HQTR0200204DNASW02008,,,,2002-03-15,2002,2025-07-24,2025,2002-03-15,2029-09-30,,D,DEFINITIVE CONTRACT,,,NEW HORIZON -- PLUTO MISSION PHASE B,080,NATIONAL AERONAUTICS AND SPACE ADMINISTRATION (NASA),8000,NATIONAL AERONAUTICS AND SPACE ADMINISTRATION,80MSFC,NASA MARSHALL SPACE FLIGHT CENTER,080,NATIONAL AERONAUTICS AND SPACE ADMINISTRATION (NASA),8000,NATIONAL AERONAUTICS AND SPACE ADMINISTRATION,80MSFC,NASA MARSHALL SPACE FLIGHT CENTER,PB11V1KH3KV4,,SOUTHWEST RESEARCH INSTITUTE,SOUTHWEST RESEARCH INSTITUTE I,PB11V1KH3KV4,PB11V1KH3KV4,SOUTHWEST RESEARCH INSTITUTE,SOUTHWEST RESEARCH INSTITUTE INC,USA,TX,BEXAR,SAN ANTONIO,TX-20,TX-20,782385166,UNITED STATES,TEXAS,BEXAR,TX-20,TX-20,782385166,,,AR94,R&D- SPACE: OTHER (ENGINEERING DEVELOPMENT),541611,ADMINISTRATIVE MANAGEMENT AND GENERAL MANAGEMENT CONSULTING SERVICES,,,https://www.usaspending.gov/award/CONT_AWD_HQTR0200204DNASW02008_8000_-NONE-_-NONE-/,2023-06-28
National Aeronautics and Space Administration,National Aeronautics and Space Administration,FY2023P09,,080,2022,2023,,0120,000,080-2022/2023-0120-000,"Science, National Aeronautics and Space Administration",National Aeronautics and Space Administration,,"General Science, Space, and Technology","Space flight, research, and supporting activities",080-0120,"Science, National Aeronautics and Space Administration",0001,SCIENCE (DIRECT),25.5,Research and development contracts,D,Q,Not Designated Nonemergency/Emergency/Disaster/Wildfire Suppression,,1866022.87,,,CONT_AWD_HQTR0200204DNASW02008_8000_-NONE-_-NONE-,HQTR0200204DNASW02008,,,,2002-03-15,2002,2025-07-24,2025,2002-03-15,2029-09-30,,D,DEFINITIVE CONTRACT,,,NEW HORIZON -- PLUTO MISSION PHASE B,080,NATIONAL AERONAUTICS AND SPACE ADMINISTRATION (NASA),8000,NATIONAL AERONAUTICS AND SPACE ADMINISTRATION,80MSFC,NASA MARSHALL SPACE FLIGHT CENTER,080,NATIONAL AERONAUTICS AND SPACE ADMINISTRATION (NASA),8000,NATIONAL AERONAUTICS AND SPACE ADMINISTRATION,80MSFC,NASA MARSHALL SPACE FLIGHT CENTER,PB11V1KH3KV4,,SOUTHWEST RESEARCH INSTITUTE,SOUTHWEST RESEARCH INSTITUTE I,PB11V1KH3KV4,PB11V1KH3KV4,SOUTHWEST RESEARCH INSTITUTE,SOUTHWEST RESEARCH INSTITUTE INC,USA,TX,BEXAR,SAN ANTONIO,TX-20,TX-20,782385166,UNITED STATES,TEXAS,BEXAR,TX-20,TX-20,782385166,,,AR94,R&D- SPACE: OTHER (ENGINEERING DEVELOPMENT),541611,ADMINISTRATIVE MANAGEMENT AND GENERAL MANAGEMENT CONSULTING SERVICES,,,https://www.usaspending.gov/award/CONT_AWD_HQTR0200204DNASW02008_8000_-NONE-_-NONE-/,2023-07-28
National Aeronautics and Space Administration,National Aeronautics and Space Administration,FY2023P09,,080,2021,2022,,0120,000,080-2021/2022-0120-000,"Science, National Aeronautics and Space Administration",National Aeronautics and Space Administration,,"General Science, Space, and Technology","Space flight, research, and supporting activities",080-0120,"Science, National Aeronautics and Space Administration",0001,SCIENCE (DIRECT),25.5,Research and development contracts,D,Q,Not Designated Nonemergency/Emergency/Disaster/Wildfire Suppression,,1701602.10,,,CONT_AWD_HQTR0200204DNASW02008_8000_-NONE-_-NONE-,HQTR0200204DNASW02008,,,,2002-03-15,2002,2025-07-24,2025,2002-03-15,2029-09-30,,D,DEFINITIVE CONTRACT,,,NEW HORIZON -- PLUTO MISSION PHASE B,080,NATIONAL AERONAUTICS AND SPACE ADMINISTRATION (NASA),8000,NATIONAL AERONAUTICS AND SPACE ADMINISTRATION,80MSFC,NASA MARSHALL SPACE FLIGHT CENTER,080,NATIONAL AERONAUTICS AND SPACE ADMINISTRATION (NASA),8000,NATIONAL AERONAUTICS AND SPACE ADMINISTRATION,80MSFC,NASA MARSHALL SPACE FLIGHT CENTER,PB11V1KH3KV4,,SOUTHWEST RESEARCH INSTITUTE,SOUTHWEST RESEARCH INSTITUTE I,PB11V1KH3KV4,PB11V1KH3KV4,SOUTHWEST RESEARCH INSTITUTE,SOUTHWEST RESEARCH INSTITUTE INC,USA,TX,BEXAR,SAN ANTONIO,TX-20,TX-20,782385166,UNITED STATES,TEXAS,BEXAR,TX-20,TX-20,782385166,,,AR94,R&D- SPACE: OTHER (ENGINEERING DEVELOPMENT),541611,ADMINISTRATIVE MANAGEMENT AND GENERAL MANAGEMENT CONSULTING SERVICES,,,https://www.usaspending.gov/award/CONT_AWD_HQTR0200204DNASW02008_8000_-NONE-_-NONE-/,2023-07-28
National Aeronautics and Space Administration,National Aeronautics and Space Administration,FY2023P10,,080,2022,2023,,0120,000,080-2022/2023-0120-000,"Science, National Aeronautics and Space Administration",National Aeronautics and Space Administration,,"General Science, Space, and Technology","Space flight, research, and supporting activities",080-0120,"Science, National Aeronautics and Space Administration",0001,SCIENCE (DIRECT),25.5,Research and development contracts,D,Q,Not Designated Nonemergency/Emergency/Disaster/Wildfire Suppression,,2227041.96,,,CONT_AWD_HQTR0200204DNASW02008_8000_-NONE-_-NONE-,HQTR0200204DNASW02008,,,,2002-03-15,2002,2025-07-24,2025,2002-03-15,2029-09-30,,D,DEFINITIVE CONTRACT,,,NEW HORIZON -- PLUTO MISSION PHASE B,080,NATIONAL AERONAUTICS AND SPACE ADMINISTRATION (NASA),8000,NATIONAL AERONAUTICS AND SPACE ADMINISTRATION,80MSFC,NASA MARSHALL SPACE FLIGHT CENTER,080,NATIONAL AERONAUTICS AND SPACE ADMINISTRATION (NASA),8000,NATIONAL AERONAUTICS AND SPACE ADMINISTRATION,80MSFC,NASA MARSHALL SPACE FLIGHT CENTER,PB11V1KH3KV4,,SOUTHWEST RESEARCH INSTITUTE,SOUTHWEST RESEARCH INSTITUTE I,PB11V1KH3KV4,PB11V1KH3KV4,SOUTHWEST RESEARCH INSTITUTE,SOUTHWEST RESEARCH INSTITUTE INC,USA,TX,BEXAR,SAN ANTONIO,TX-20,TX-20,782385166,UNITED STATES,TEXAS,BEXAR,TX-20,TX-20,782385166,,,AR94,R&D- SPACE: OTHER (ENGINEERING DEVELOPMENT),541611,ADMINISTRATIVE MANAGEMENT AND GENERAL MANAGEMENT CONSULTING SERVICES,,,https://www.usaspending.gov/award/CONT_AWD_HQTR0200204DNASW02008_8000_-NONE-_-NONE-/,2023-08-28
National Aeronautics and Space Administration,National Aeronautics and Space Administration,FY2023P10,,080,2021,2022,,0120,000,080-2021/2022-0120-000,"Science, National Aeronautics and Space Administration",National Aeronautics and Space Administration,,"General Science, Space, and Technology","Space flight, research, and supporting activities",080-0120,"Science, National Aeronautics and Space Administration",0001,SCIENCE (DIRECT),25.5,Research and development contracts,D,Q,Not Designated Nonemergency/Emergency/Disaster/Wildfire Suppression,,1701602.10,,,CONT_AWD_HQTR0200204DNASW02008_8000_-NONE-_-NONE-,HQTR0200204DNASW02008,,,,2002-03-15,2002,2025-07-24,2025,2002-03-15,2029-09-30,,D,DEFINITIVE CONTRACT,,,NEW HORIZON -- PLUTO MISSION PHASE B,080,NATIONAL AERONAUTICS AND SPACE ADMINISTRATION (NASA),8000,NATIONAL AERONAUTICS AND SPACE ADMINISTRATION,80MSFC,NASA MARSHALL SPACE FLIGHT CENTER,080,NATIONAL AERONAUTICS AND SPACE ADMINISTRATION (NASA),8000,NATIONAL AERONAUTICS AND SPACE ADMINISTRATION,80MSFC,NASA MARSHALL SPACE FLIGHT CENTER,PB11V1KH3KV4,,SOUTHWEST RESEARCH INSTITUTE,SOUTHWEST RESEARCH INSTITUTE I,PB11V1KH3KV4,PB11V1KH3KV4,SOUTHWEST RESEARCH INSTITUTE,SOUTHWEST RESEARCH INSTITUTE INC,USA,TX,BEXAR,SAN ANTONIO,TX-20,TX-20,782385166,UNITED STATES,TEXAS,BEXAR,TX-20,TX-20,782385166,,,AR94,R&D- SPACE: OTHER (ENGINEERING DEVELOPMENT),541611,ADMINISTRATIVE MANAGEMENT AND GENERAL MANAGEMENT CONSULTING SERVICES,,,https://www.usaspending.gov/award/CONT_AWD_HQTR0200204DNASW02008_8000_-NONE-_-NONE-/,2023-08-28
National Aeronautics and Space Administration,National Aeronautics and Space Administration,FY2023P11,,080,2023,2024,,0120,000,080-2023/2024-0120-000,"Science, National Aeronautics and Space Administration",National Aeronautics and Space Administration,,"General Science, Space, and Technology","Space flight, research, and supporting activities",080-0120,"Science, National Aeronautics and Space Administration",0001,SCIENCE (DIRECT),25.5,Research and development contracts,D,Q,Not Designated Nonemergency/Emergency/Disaster/Wildfire Suppression,209409.00,,,,CONT_AWD_HQTR0200204DNASW02008_8000_-NONE-_-NONE-,HQTR0200204DNASW02008,,,,2002-03-15,2002,2025-07-24,2025,2002-03-15,2029-09-30,,D,DEFINITIVE CONTRACT,,,NEW HORIZON -- PLUTO MISSION PHASE B,080,NATIONAL AERONAUTICS AND SPACE ADMINISTRATION (NASA),8000,NATIONAL AERONAUTICS AND SPACE ADMINISTRATION,80MSFC,NASA MARSHALL SPACE FLIGHT CENTER,080,NATIONAL AERONAUTICS AND SPACE ADMINISTRATION (NASA),8000,NATIONAL AERONAUTICS AND SPACE ADMINISTRATION,80MSFC,NASA MARSHALL SPACE FLIGHT CENTER,PB11V1KH3KV4,,SOUTHWEST RESEARCH INSTITUTE,SOUTHWEST RESEARCH INSTITUTE I,PB11V1KH3KV4,PB11V1KH3KV4,SOUTHWEST RESEARCH INSTITUTE,SOUTHWEST RESEARCH INSTITUTE INC,USA,TX,BEXAR,SAN ANTONIO,TX-20,TX-20,782385166,UNITED STATES,TEXAS,BEXAR,TX-20,TX-20,782385166,,,AR94,R&D- SPACE: OTHER (ENGINEERING DEVELOPMENT),541611,ADMINISTRATIVE MANAGEMENT AND GENERAL MANAGEMENT CONSULTING SERVICES,,,https://www.usaspending.gov/award/CONT_AWD_HQTR0200204DNASW02008_8000_-NONE-_-NONE-/,2023-09-28
National Aeronautics and Space Administration,National Aeronautics and Space Administration,FY2023P11,,080,2022,2023,,0120,000,080-2022/2023-0120-000,"Science, National Aeronautics and Space Administration",National Aeronautics and Space Administration,,"General Science, Space, and Technology","Space flight, research, and supporting activities",080-0120,"Science, National Aeronautics and Space Administration",0001,SCIENCE (DIRECT),25.5,Research and development contracts,D,Q,Not Designated Nonemergency/Emergency/Disaster/Wildfire Suppression,,2541421.27,,,CONT_AWD_HQTR0200204DNASW02008_8000_-NONE-_-NONE-,HQTR0200204DNASW02008,,,,2002-03-15,2002,2025-07-24,2025,2002-03-15,2029-09-30,,D,DEFINITIVE CONTRACT,,,NEW HORIZON -- PLUTO MISSION PHASE B,080,NATIONAL AERONAUTICS AND SPACE ADMINISTRATION (NASA),8000,NATIONAL AERONAUTICS AND SPACE ADMINISTRATION,80MSFC,NASA MARSHALL SPACE FLIGHT CENTER,080,NATIONAL AERONAUTICS AND SPACE ADMINISTRATION (NASA),8000,NATIONAL AERONAUTICS AND SPACE ADMINISTRATION,80MSFC,NASA MARSHALL SPACE FLIGHT CENTER,PB11V1KH3KV4,,SOUTHWEST RESEARCH INSTITUTE,SOUTHWEST RESEARCH INSTITUTE I,PB11V1KH3KV4,PB11V1KH3KV4,SOUTHWEST RESEARCH INSTITUTE,SOUTHWEST RESEARCH INSTITUTE INC,USA,TX,BEXAR,SAN ANTONIO,TX-20,TX-20,782385166,UNITED STATES,TEXAS,BEXAR,TX-20,TX-20,782385166,,,AR94,R&D- SPACE: OTHER (ENGINEERING DEVELOPMENT),541611,ADMINISTRATIVE MANAGEMENT AND GENERAL MANAGEMENT CONSULTING SERVICES,,,https://www.usaspending.gov/award/CONT_AWD_HQTR0200204DNASW02008_8000_-NONE-_-NONE-/,2023-09-28
National Aeronautics and Space Administration,National Aeronautics and Space Administration,FY2023P11,,080,2021,2022,,0120,000,080-2021/2022-0120-000,"Science, National Aeronautics and Space Administration",National Aeronautics and Space Administration,,"General Science, Space, and Technology","Space flight, research, and supporting activities",080-0120,"Science, National Aeronautics and Space Administration",0001,SCIENCE (DIRECT),25.5,Research and development contracts,D,Q,Not Designated Nonemergency/Emergency/Disaster/Wildfire Suppression,,1701602.10,,,CONT_AWD_HQTR0200204DNASW02008_8000_-NONE-_-NONE-,HQTR0200204DNASW02008,,,,2002-03-15,2002,2025-07-24,2025,2002-03-15,2029-09-30,,D,DEFINITIVE CONTRACT,,,NEW HORIZON -- PLUTO MISSION PHASE B,080,NATIONAL AERONAUTICS AND SPACE ADMINISTRATION (NASA),8000,NATIONAL AERONAUTICS AND SPACE ADMINISTRATION,80MSFC,NASA MARSHALL SPACE FLIGHT CENTER,080,NATIONAL AERONAUTICS AND SPACE ADMINISTRATION (NASA),8000,NATIONAL AERONAUTICS AND SPACE ADMINISTRATION,80MSFC,NASA MARSHALL SPACE FLIGHT CENTER,PB11V1KH3KV4,,SOUTHWEST RESEARCH INSTITUTE,SOUTHWEST RESEARCH INSTITUTE I,PB11V1KH3KV4,PB11V1KH3KV4,SOUTHWEST RESEARCH INSTITUTE,SOUTHWEST RESEARCH INSTITUTE INC,USA,TX,BEXAR,SAN ANTONIO,TX-20,TX-20,782385166,UNITED STATES,TEXAS,BEXAR,TX-20,TX-20,782385166,,,AR94,R&D- SPACE: OTHER (ENGINEERING DEVELOPMENT),541611,ADMINISTRATIVE MANAGEMENT AND GENERAL MANAGEMENT CONSULTING SERVICES,,,https://www.usaspending.gov/award/CONT_AWD_HQTR0200204DNASW02008_8000_-NONE-_-NONE-/,2023-09-28
National Aeronautics and Space Administration,National Aeronautics and Space Administration,FY2023P12,,080,2022,2023,,0120,000,080-2022/2023-0120-000,"Science, National Aeronautics and Space Administration",National Aeronautics and Space Administration,,"General Science, Space, and Technology","Space flight, research, and supporting activities",080-0120,"Science, National Aeronautics and Space Administration",0001,SCIENCE (DIRECT),25.5,Research and development contracts,D,Q,Not Designated Nonemergency/Emergency/Disaster/Wildfire Suppression,,2556685.17,,,CONT_AWD_HQTR0200204DNASW02008_8000_-NONE-_-NONE-,HQTR0200204DNASW02008,,,,2002-03-15,2002,2025-07-24,2025,2002-03-15,2029-09-30,,D,DEFINITIVE CONTRACT,,,NEW HORIZON -- PLUTO MISSION PHASE B,080,NATIONAL AERONAUTICS AND SPACE ADMINISTRATION (NASA),8000,NATIONAL AERONAUTICS AND SPACE ADMINISTRATION,80MSFC,NASA MARSHALL SPACE FLIGHT CENTER,080,NATIONAL AERONAUTICS AND SPACE ADMINISTRATION (NASA),8000,NATIONAL AERONAUTICS AND SPACE ADMINISTRATION,80MSFC,NASA MARSHALL SPACE FLIGHT CENTER,PB11V1KH3KV4,,SOUTHWEST RESEARCH INSTITUTE,SOUTHWEST RESEARCH INSTITUTE I,PB11V1KH3KV4,PB11V1KH3KV4,SOUTHWEST RESEARCH INSTITUTE,SOUTHWEST RESEARCH INSTITUTE INC,USA,TX,BEXAR,SAN ANTONIO,TX-20,TX-20,782385166,UNITED STATES,TEXAS,BEXAR,TX-20,TX-20,782385166,,,AR94,R&D- SPACE: OTHER (ENGINEERING DEVELOPMENT),541611,ADMINISTRATIVE MANAGEMENT AND GENERAL MANAGEMENT CONSULTING SERVICES,,,https://www.usaspending.gov/award/CONT_AWD_HQTR0200204DNASW02008_8000_-NONE-_-NONE-/,2023-11-03
National Aeronautics and Space Administration,National Aeronautics and Space Administration,FY2023P12,,080,2021,2022,,0120,000,080-2021/2022-0120-000,"Science, National Aeronautics and Space Administration",National Aeronautics and Space Administration,,"General Science, Space, and Technology","Space flight, research, and supporting activities",080-0120,"Science, National Aeronautics and Space Administration",0001,SCIENCE (DIRECT),25.5,Research and development contracts,D,Q,Not Designated Nonemergency/Emergency/Disaster/Wildfire Suppression,,1701602.10,,,CONT_AWD_HQTR0200204DNASW02008_8000_-NONE-_-NONE-,HQTR0200204DNASW02008,,,,2002-03-15,2002,2025-07-24,2025,2002-03-15,2029-09-30,,D,DEFINITIVE CONTRACT,,,NEW HORIZON -- PLUTO MISSION PHASE B,080,NATIONAL AERONAUTICS AND SPACE ADMINISTRATION (NASA),8000,NATIONAL AERONAUTICS AND SPACE ADMINISTRATION,80MSFC,NASA MARSHALL SPACE FLIGHT CENTER,080,NATIONAL AERONAUTICS AND SPACE ADMINISTRATION (NASA),8000,NATIONAL AERONAUTICS AND SPACE ADMINISTRATION,80MSFC,NASA MARSHALL SPACE FLIGHT CENTER,PB11V1KH3KV4,,SOUTHWEST RESEARCH INSTITUTE,SOUTHWEST RESEARCH INSTITUTE I,PB11V1KH3KV4,PB11V1KH3KV4,SOUTHWEST RESEARCH INSTITUTE,SOUTHWEST RESEARCH INSTITUTE INC,USA,TX,BEXAR,SAN ANTONIO,TX-20,TX-20,782385166,UNITED STATES,TEXAS,BEXAR,TX-20,TX-20,782385166,,,AR94,R&D- SPACE: OTHER (ENGINEERING DEVELOPMENT),541611,ADMINISTRATIVE MANAGEMENT AND GENERAL MANAGEMENT CONSULTING SERVICES,,,https://www.usaspending.gov/award/CONT_AWD_HQTR0200204DNASW02008_8000_-NONE-_-NONE-/,2023-11-03
National Aeronautics and Space Administration,National Aeronautics and Space Administration,FY2024P02,,080,2023,2024,,0120,000,080-2023/2024-0120-000,"Science, National Aeronautics and Space Administration",National Aeronautics and Space Administration,,"General Science, Space, and Technology","Space flight, research, and supporting activities",080-0120,"Science, National Aeronautics and Space Administration",0001,SCIENCE (DIRECT),25.5,Research and development contracts,D,Q,Not Designated Nonemergency/Emergency/Disaster/Wildfire Suppression,,380247.19,,,CONT_AWD_HQTR0200204DNASW02008_8000_-NONE-_-NONE-,HQTR0200204DNASW02008,,,,2002-03-15,2002,2025-07-24,2025,2002-03-15,2029-09-30,,D,DEFINITIVE CONTRACT,,,NEW HORIZON -- PLUTO MISSION PHASE B,080,NATIONAL AERONAUTICS AND SPACE ADMINISTRATION (NASA),8000,NATIONAL AERONAUTICS AND SPACE ADMINISTRATION,80MSFC,NASA MARSHALL SPACE FLIGHT CENTER,080,NATIONAL AERONAUTICS AND SPACE ADMINISTRATION (NASA),8000,NATIONAL AERONAUTICS AND SPACE ADMINISTRATION,80MSFC,NASA MARSHALL SPACE FLIGHT CENTER,PB11V1KH3KV4,,SOUTHWEST RESEARCH INSTITUTE,SOUTHWEST RESEARCH INSTITUTE I,PB11V1KH3KV4,PB11V1KH3KV4,SOUTHWEST RESEARCH INSTITUTE,SOUTHWEST RESEARCH INSTITUTE INC,USA,TX,BEXAR,SAN ANTONIO,TX-20,TX-20,782385166,UNITED STATES,TEXAS,BEXAR,TX-20,TX-20,782385166,,,AR94,R&D- SPACE: OTHER (ENGINEERING DEVELOPMENT),541611,ADMINISTRATIVE MANAGEMENT AND GENERAL MANAGEMENT CONSULTING SERVICES,,,https://www.usaspending.gov/award/CONT_AWD_HQTR0200204DNASW02008_8000_-NONE-_-NONE-/,2024-01-05
National Aeronautics and Space Administration,National Aeronautics and Space Administration,FY2024P02,,080,2022,2023,,0120,000,080-2022/2023-0120-000,"Science, National Aeronautics and Space Administration",National Aeronautics and Space Administration,,"General Science, Space, and Technology","Space flight, research, and supporting activities",080-0120,"Science, National Aeronautics and Space Administration",0001,SCIENCE (DIRECT),25.5,Research and development contracts,D,Q,Not Designated Nonemergency/Emergency/Disaster/Wildfire Suppression,,1048513.83,,,CONT_AWD_HQTR0200204DNASW02008_8000_-NONE-_-NONE-,HQTR0200204DNASW02008,,,,2002-03-15,2002,2025-07-24,2025,2002-03-15,2029-09-30,,D,DEFINITIVE CONTRACT,,,NEW HORIZON -- PLUTO MISSION PHASE B,080,NATIONAL AERONAUTICS AND SPACE ADMINISTRATION (NASA),8000,NATIONAL AERONAUTICS AND SPACE ADMINISTRATION,80MSFC,NASA MARSHALL SPACE FLIGHT CENTER,080,NATIONAL AERONAUTICS AND SPACE ADMINISTRATION (NASA),8000,NATIONAL AERONAUTICS AND SPACE ADMINISTRATION,80MSFC,NASA MARSHALL SPACE FLIGHT CENTER,PB11V1KH3KV4,,SOUTHWEST RESEARCH INSTITUTE,SOUTHWEST RESEARCH INSTITUTE I,PB11V1KH3KV4,PB11V1KH3KV4,SOUTHWEST RESEARCH INSTITUTE,SOUTHWEST RESEARCH INSTITUTE INC,USA,TX,BEXAR,SAN ANTONIO,TX-20,TX-20,782385166,UNITED STATES,TEXAS,BEXAR,TX-20,TX-20,782385166,,,AR94,R&D- SPACE: OTHER (ENGINEERING DEVELOPMENT),541611,ADMINISTRATIVE MANAGEMENT AND GENERAL MANAGEMENT CONSULTING SERVICES,,,https://www.usaspending.gov/award/CONT_AWD_HQTR0200204DNASW02008_8000_-NONE-_-NONE-/,2024-01-05
National Aeronautics and Space Administration,National Aeronautics and Space Administration,FY2024P03,,080,2023,2024,,0120,000,080-2023/2024-0120-000,"Science, National Aeronautics and Space Administration",National Aeronautics and Space Administration,,"General Science, Space, and Technology","Space flight, research, and supporting activities",080-0120,"Science, National Aeronautics and Space Administration",0001,SCIENCE (DIRECT),25.5,Research and development contracts,D,Q,Not Designated Nonemergency/Emergency/Disaster/Wildfire Suppression,,566827.65,,,CONT_AWD_HQTR0200204DNASW02008_8000_-NONE-_-NONE-,HQTR0200204DNASW02008,,,,2002-03-15,2002,2025-07-24,2025,2002-03-15,2029-09-30,,D,DEFINITIVE CONTRACT,,,NEW HORIZON -- PLUTO MISSION PHASE B,080,NATIONAL AERONAUTICS AND SPACE ADMINISTRATION (NASA),8000,NATIONAL AERONAUTICS AND SPACE ADMINISTRATION,80MSFC,NASA MARSHALL SPACE FLIGHT CENTER,080,NATIONAL AERONAUTICS AND SPACE ADMINISTRATION (NASA),8000,NATIONAL AERONAUTICS AND SPACE ADMINISTRATION,80MSFC,NASA MARSHALL SPACE FLIGHT CENTER,PB11V1KH3KV4,,SOUTHWEST RESEARCH INSTITUTE,SOUTHWEST RESEARCH INSTITUTE I,PB11V1KH3KV4,PB11V1KH3KV4,SOUTHWEST RESEARCH INSTITUTE,SOUTHWEST RESEARCH INSTITUTE INC,USA,TX,BEXAR,SAN ANTONIO,TX-20,TX-20,782385166,UNITED STATES,TEXAS,BEXAR,TX-20,TX-20,782385166,,,AR94,R&D- SPACE: OTHER (ENGINEERING DEVELOPMENT),541611,ADMINISTRATIVE MANAGEMENT AND GENERAL MANAGEMENT CONSULTING SERVICES,,,https://www.usaspending.gov/award/CONT_AWD_HQTR0200204DNASW02008_8000_-NONE-_-NONE-/,2024-01-28
National Aeronautics and Space Administration,National Aeronautics and Space Administration,FY2024P03,,080,2022,2023,,0120,000,080-2022/2023-0120-000,"Science, National Aeronautics and Space Administration",National Aeronautics and Space Administration,,"General Science, Space, and Technology","Space flight, research, and supporting activities",080-0120,"Science, National Aeronautics and Space Administration",0001,SCIENCE (DIRECT),25.5,Research and development contracts,D,Q,Not Designated Nonemergency/Emergency/Disaster/Wildfire Suppression,,1048513.83,,,CONT_AWD_HQTR0200204DNASW02008_8000_-NONE-_-NONE-,HQTR0200204DNASW02008,,,,2002-03-15,2002,2025-07-24,2025,2002-03-15,2029-09-30,,D,DEFINITIVE CONTRACT,,,NEW HORIZON -- PLUTO MISSION PHASE B,080,NATIONAL AERONAUTICS AND SPACE ADMINISTRATION (NASA),8000,NATIONAL AERONAUTICS AND SPACE ADMINISTRATION,80MSFC,NASA MARSHALL SPACE FLIGHT CENTER,080,NATIONAL AERONAUTICS AND SPACE ADMINISTRATION (NASA),8000,NATIONAL AERONAUTICS AND SPACE ADMINISTRATION,80MSFC,NASA MARSHALL SPACE FLIGHT CENTER,PB11V1KH3KV4,,SOUTHWEST RESEARCH INSTITUTE,SOUTHWEST RESEARCH INSTITUTE I,PB11V1KH3KV4,PB11V1KH3KV4,SOUTHWEST RESEARCH INSTITUTE,SOUTHWEST RESEARCH INSTITUTE INC,USA,TX,BEXAR,SAN ANTONIO,TX-20,TX-20,782385166,UNITED STATES,TEXAS,BEXAR,TX-20,TX-20,782385166,,,AR94,R&D- SPACE: OTHER (ENGINEERING DEVELOPMENT),541611,ADMINISTRATIVE MANAGEMENT AND GENERAL MANAGEMENT CONSULTING SERVICES,,,https://www.usaspending.gov/award/CONT_AWD_HQTR0200204DNASW02008_8000_-NONE-_-NONE-/,2024-01-28
National Aeronautics and Space Administration,National Aeronautics and Space Administration,FY2024P04,,080,2023,2024,,0120,000,080-2023/2024-0120-000,"Science, National Aeronautics and Space Administration",National Aeronautics and Space Administration,,"General Science, Space, and Technology","Space flight, research, and supporting activities",080-0120,"Science, National Aeronautics and Space Administration",0001,SCIENCE (DIRECT),25.5,Research and development contracts,D,Q,Not Designated Nonemergency/Emergency/Disaster/Wildfire Suppression,,566827.65,,,CONT_AWD_HQTR0200204DNASW02008_8000_-NONE-_-NONE-,HQTR0200204DNASW02008,,,,2002-03-15,2002,2025-07-24,2025,2002-03-15,2029-09-30,,D,DEFINITIVE CONTRACT,,,NEW HORIZON -- PLUTO MISSION PHASE B,080,NATIONAL AERONAUTICS AND SPACE ADMINISTRATION (NASA),8000,NATIONAL AERONAUTICS AND SPACE ADMINISTRATION,80MSFC,NASA MARSHALL SPACE FLIGHT CENTER,080,NATIONAL AERONAUTICS AND SPACE ADMINISTRATION (NASA),8000,NATIONAL AERONAUTICS AND SPACE ADMINISTRATION,80MSFC,NASA MARSHALL SPACE FLIGHT CENTER,PB11V1KH3KV4,,SOUTHWEST RESEARCH INSTITUTE,SOUTHWEST RESEARCH INSTITUTE I,PB11V1KH3KV4,PB11V1KH3KV4,SOUTHWEST RESEARCH INSTITUTE,SOUTHWEST RESEARCH INSTITUTE INC,USA,TX,BEXAR,SAN ANTONIO,TX-20,TX-20,782385166,UNITED STATES,TEXAS,BEXAR,TX-20,TX-20,782385166,,,AR94,R&D- SPACE: OTHER (ENGINEERING DEVELOPMENT),541611,ADMINISTRATIVE MANAGEMENT AND GENERAL MANAGEMENT CONSULTING SERVICES,,,https://www.usaspending.gov/award/CONT_AWD_HQTR0200204DNASW02008_8000_-NONE-_-NONE-/,2024-02-27
National Aeronautics and Space Administration,National Aeronautics and Space Administration,FY2024P04,,080,2022,2023,,0120,000,080-2022/2023-0120-000,"Science, National Aeronautics and Space Administration",National Aeronautics and Space Administration,,"General Science, Space, and Technology","Space flight, research, and supporting activities",080-0120,"Science, National Aeronautics and Space Administration",0001,SCIENCE (DIRECT),25.5,Research and development contracts,D,Q,Not Designated Nonemergency/Emergency/Disaster/Wildfire Suppression,,1048513.83,,,CONT_AWD_HQTR0200204DNASW02008_8000_-NONE-_-NONE-,HQTR0200204DNASW02008,,,,2002-03-15,2002,2025-07-24,2025,2002-03-15,2029-09-30,,D,DEFINITIVE CONTRACT,,,NEW HORIZON -- PLUTO MISSION PHASE B,080,NATIONAL AERONAUTICS AND SPACE ADMINISTRATION (NASA),8000,NATIONAL AERONAUTICS AND SPACE ADMINISTRATION,80MSFC,NASA MARSHALL SPACE FLIGHT CENTER,080,NATIONAL AERONAUTICS AND SPACE ADMINISTRATION (NASA),8000,NATIONAL AERONAUTICS AND SPACE ADMINISTRATION,80MSFC,NASA MARSHALL SPACE FLIGHT CENTER,PB11V1KH3KV4,,SOUTHWEST RESEARCH INSTITUTE,SOUTHWEST RESEARCH INSTITUTE I,PB11V1KH3KV4,PB11V1KH3KV4,SOUTHWEST RESEARCH INSTITUTE,SOUTHWEST RESEARCH INSTITUTE INC,USA,TX,BEXAR,SAN ANTONIO,TX-20,TX-20,782385166,UNITED STATES,TEXAS,BEXAR,TX-20,TX-20,782385166,,,AR94,R&D- SPACE: OTHER (ENGINEERING DEVELOPMENT),541611,ADMINISTRATIVE MANAGEMENT AND GENERAL MANAGEMENT CONSULTING SERVICES,,,https://www.usaspending.gov/award/CONT_AWD_HQTR0200204DNASW02008_8000_-NONE-_-NONE-/,2024-02-27
National Aeronautics and Space Administration,National Aeronautics and Space Administration,FY2024P05,,080,2024,2025,,0120,000,080-2024/2025-0120-000,"Science, National Aeronautics and Space Administration",National Aeronautics and Space Administration,,"General Science, Space, and Technology","Space flight, research, and supporting activities",080-0120,"Science, National Aeronautics and Space Administration",0001,SCIENCE (DIRECT),25.5,Research and development contracts,D,Q,Not Designated Nonemergency/Emergency/Disaster/Wildfire Suppression,575000.00,,,,CONT_AWD_HQTR0200204DNASW02008_8000_-NONE-_-NONE-,HQTR0200204DNASW02008,,,,2002-03-15,2002,2025-07-24,2025,2002-03-15,2029-09-30,,D,DEFINITIVE CONTRACT,,,NEW HORIZON -- PLUTO MISSION PHASE B,080,NATIONAL AERONAUTICS AND SPACE ADMINISTRATION (NASA),8000,NATIONAL AERONAUTICS AND SPACE ADMINISTRATION,80MSFC,NASA MARSHALL SPACE FLIGHT CENTER,080,NATIONAL AERONAUTICS AND SPACE ADMINISTRATION (NASA),8000,NATIONAL AERONAUTICS AND SPACE ADMINISTRATION,80MSFC,NASA MARSHALL SPACE FLIGHT CENTER,PB11V1KH3KV4,,SOUTHWEST RESEARCH INSTITUTE,SOUTHWEST RESEARCH INSTITUTE I,PB11V1KH3KV4,PB11V1KH3KV4,SOUTHWEST RESEARCH INSTITUTE,SOUTHWEST RESEARCH INSTITUTE INC,USA,TX,BEXAR,SAN ANTONIO,TX-20,TX-20,782385166,UNITED STATES,TEXAS,BEXAR,TX-20,TX-20,782385166,,,AR94,R&D- SPACE: OTHER (ENGINEERING DEVELOPMENT),541611,ADMINISTRATIVE MANAGEMENT AND GENERAL MANAGEMENT CONSULTING SERVICES,,,https://www.usaspending.gov/award/CONT_AWD_HQTR0200204DNASW02008_8000_-NONE-_-NONE-/,2024-03-28
National Aeronautics and Space Administration,National Aeronautics and Space Administration,FY2024P05,,080,2023,2024,,0120,000,080-2023/2024-0120-000,"Science, National Aeronautics and Space Administration",National Aeronautics and Space Administration,,"General Science, Space, and Technology","Space flight, research, and supporting activities",080-0120,"Science, National Aeronautics and Space Administration",0001,SCIENCE (DIRECT),25.5,Research and development contracts,D,Q,Not Designated Nonemergency/Emergency/Disaster/Wildfire Suppression,,839307.77,,,CONT_AWD_HQTR0200204DNASW02008_8000_-NONE-_-NONE-,HQTR0200204DNASW02008,,,,2002-03-15,2002,2025-07-24,2025,2002-03-15,2029-09-30,,D,DEFINITIVE CONTRACT,,,NEW HORIZON -- PLUTO MISSION PHASE B,080,NATIONAL AERONAUTICS AND SPACE ADMINISTRATION (NASA),8000,NATIONAL AERONAUTICS AND SPACE ADMINISTRATION,80MSFC,NASA MARSHALL SPACE FLIGHT CENTER,080,NATIONAL AERONAUTICS AND SPACE ADMINISTRATION (NASA),8000,NATIONAL AERONAUTICS AND SPACE ADMINISTRATION,80MSFC,NASA MARSHALL SPACE FLIGHT CENTER,PB11V1KH3KV4,,SOUTHWEST RESEARCH INSTITUTE,SOUTHWEST RESEARCH INSTITUTE I,PB11V1KH3KV4,PB11V1KH3KV4,SOUTHWEST RESEARCH INSTITUTE,SOUTHWEST RESEARCH INSTITUTE INC,USA,TX,BEXAR,SAN ANTONIO,TX-20,TX-20,782385166,UNITED STATES,TEXAS,BEXAR,TX-20,TX-20,782385166,,,AR94,R&D- SPACE: OTHER (ENGINEERING DEVELOPMENT),541611,ADMINISTRATIVE MANAGEMENT AND GENERAL MANAGEMENT CONSULTING SERVICES,,,https://www.usaspending.gov/award/CONT_AWD_HQTR0200204DNASW02008_8000_-NONE-_-NONE-/,2024-03-28
National Aeronautics and Space Administration,National Aeronautics and Space Administration,FY2024P05,,080,2022,2023,,0120,000,080-2022/2023-0120-000,"Science, National Aeronautics and Space Administration",National Aeronautics and Space Administration,,"General Science, Space, and Technology","Space flight, research, and supporting activities",080-0120,"Science, National Aeronautics and Space Administration",0001,SCIENCE (DIRECT),25.5,Research and development contracts,D,Q,Not Designated Nonemergency/Emergency/Disaster/Wildfire Suppression,,1048513.83,,,CONT_AWD_HQTR0200204DNASW02008_8000_-NONE-_-NONE-,HQTR0200204DNASW02008,,,,2002-03-15,2002,2025-07-24,2025,2002-03-15,2029-09-30,,D,DEFINITIVE CONTRACT,,,NEW HORIZON -- PLUTO MISSION PHASE B,080,NATIONAL AERONAUTICS AND SPACE ADMINISTRATION (NASA),8000,NATIONAL AERONAUTICS AND SPACE ADMINISTRATION,80MSFC,NASA MARSHALL SPACE FLIGHT CENTER,080,NATIONAL AERONAUTICS AND SPACE ADMINISTRATION (NASA),8000,NATIONAL AERONAUTICS AND SPACE ADMINISTRATION,80MSFC,NASA MARSHALL SPACE FLIGHT CENTER,PB11V1KH3KV4,,SOUTHWEST RESEARCH INSTITUTE,SOUTHWEST RESEARCH INSTITUTE I,PB11V1KH3KV4,PB11V1KH3KV4,SOUTHWEST RESEARCH INSTITUTE,SOUTHWEST RESEARCH INSTITUTE INC,USA,TX,BEXAR,SAN ANTONIO,TX-20,TX-20,782385166,UNITED STATES,TEXAS,BEXAR,TX-20,TX-20,782385166,,,AR94,R&D- SPACE: OTHER (ENGINEERING DEVELOPMENT),541611,ADMINISTRATIVE MANAGEMENT AND GENERAL MANAGEMENT CONSULTING SERVICES,,,https://www.usaspending.gov/award/CONT_AWD_HQTR0200204DNASW02008_8000_-NONE-_-NONE-/,2024-03-28
National Aeronautics and Space Administration,National Aeronautics and Space Administration,FY2024P06,,080,2023,2024,,0120,000,080-2023/2024-0120-000,"Science, National Aeronautics and Space Administration",National Aeronautics and Space Administration,,"General Science, Space, and Technology","Space flight, research, and supporting activities",080-0120,"Science, National Aeronautics and Space Administration",0001,SCIENCE (DIRECT),25.5,Research and development contracts,D,Q,Not Designated Nonemergency/Emergency/Disaster/Wildfire Suppression,,1116972.05,,,CONT_AWD_HQTR0200204DNASW02008_8000_-NONE-_-NONE-,HQTR0200204DNASW02008,,,,2002-03-15,2002,2025-07-24,2025,2002-03-15,2029-09-30,,D,DEFINITIVE CONTRACT,,,NEW HORIZON -- PLUTO MISSION PHASE B,080,NATIONAL AERONAUTICS AND SPACE ADMINISTRATION (NASA),8000,NATIONAL AERONAUTICS AND SPACE ADMINISTRATION,80MSFC,NASA MARSHALL SPACE FLIGHT CENTER,080,NATIONAL AERONAUTICS AND SPACE ADMINISTRATION (NASA),8000,NATIONAL AERONAUTICS AND SPACE ADMINISTRATION,80MSFC,NASA MARSHALL SPACE FLIGHT CENTER,PB11V1KH3KV4,,SOUTHWEST RESEARCH INSTITUTE,SOUTHWEST RESEARCH INSTITUTE I,PB11V1KH3KV4,PB11V1KH3KV4,SOUTHWEST RESEARCH INSTITUTE,SOUTHWEST RESEARCH INSTITUTE INC,USA,TX,BEXAR,SAN ANTONIO,TX-20,TX-20,782385166,UNITED STATES,TEXAS,BEXAR,TX-20,TX-20,782385166,,,AR94,R&D- SPACE: OTHER (ENGINEERING DEVELOPMENT),541611,ADMINISTRATIVE MANAGEMENT AND GENERAL MANAGEMENT CONSULTING SERVICES,,,https://www.usaspending.gov/award/CONT_AWD_HQTR0200204DNASW02008_8000_-NONE-_-NONE-/,2024-04-25
National Aeronautics and Space Administration,National Aeronautics and Space Administration,FY2024P06,,080,2022,2023,,0120,000,080-2022/2023-0120-000,"Science, National Aeronautics and Space Administration",National Aeronautics and Space Administration,,"General Science, Space, and Technology","Space flight, research, and supporting activities",080-0120,"Science, National Aeronautics and Space Administration",0001,SCIENCE (DIRECT),25.5,Research and development contracts,D,Q,Not Designated Nonemergency/Emergency/Disaster/Wildfire Suppression,,1048513.83,,,CONT_AWD_HQTR0200204DNASW02008_8000_-NONE-_-NONE-,HQTR0200204DNASW02008,,,,2002-03-15,2002,2025-07-24,2025,2002-03-15,2029-09-30,,D,DEFINITIVE CONTRACT,,,NEW HORIZON -- PLUTO MISSION PHASE B,080,NATIONAL AERONAUTICS AND SPACE ADMINISTRATION (NASA),8000,NATIONAL AERONAUTICS AND SPACE ADMINISTRATION,80MSFC,NASA MARSHALL SPACE FLIGHT CENTER,080,NATIONAL AERONAUTICS AND SPACE ADMINISTRATION (NASA),8000,NATIONAL AERONAUTICS AND SPACE ADMINISTRATION,80MSFC,NASA MARSHALL SPACE FLIGHT CENTER,PB11V1KH3KV4,,SOUTHWEST RESEARCH INSTITUTE,SOUTHWEST RESEARCH INSTITUTE I,PB11V1KH3KV4,PB11V1KH3KV4,SOUTHWEST RESEARCH INSTITUTE,SOUTHWEST RESEARCH INSTITUTE INC,USA,TX,BEXAR,SAN ANTONIO,TX-20,TX-20,782385166,UNITED STATES,TEXAS,BEXAR,TX-20,TX-20,782385166,,,AR94,R&D- SPACE: OTHER (ENGINEERING DEVELOPMENT),541611,ADMINISTRATIVE MANAGEMENT AND GENERAL MANAGEMENT CONSULTING SERVICES,,,https://www.usaspending.gov/award/CONT_AWD_HQTR0200204DNASW02008_8000_-NONE-_-NONE-/,2024-04-25
National Aeronautics and Space Administration,National Aeronautics and Space Administration,FY2024P07,,080,2024,2025,,0120,000,080-2024/2025-0120-000,"Science, National Aeronautics and Space Administration",National Aeronautics and Space Administration,,"General Science, Space, and Technology","Space flight, research, and supporting activities",080-0120,"Science, National Aeronautics and Space Administration",0001,SCIENCE (DIRECT),25.5,Research and development contracts,D,Q,Not Designated Nonemergency/Emergency/Disaster/Wildfire Suppression,575000.00,,,,CONT_AWD_HQTR0200204DNASW02008_8000_-NONE-_-NONE-,HQTR0200204DNASW02008,,,,2002-03-15,2002,2025-07-24,2025,2002-03-15,2029-09-30,,D,DEFINITIVE CONTRACT,,,NEW HORIZON -- PLUTO MISSION PHASE B,080,NATIONAL AERONAUTICS AND SPACE ADMINISTRATION (NASA),8000,NATIONAL AERONAUTICS AND SPACE ADMINISTRATION,80MSFC,NASA MARSHALL SPACE FLIGHT CENTER,080,NATIONAL AERONAUTICS AND SPACE ADMINISTRATION (NASA),8000,NATIONAL AERONAUTICS AND SPACE ADMINISTRATION,80MSFC,NASA MARSHALL SPACE FLIGHT CENTER,PB11V1KH3KV4,,SOUTHWEST RESEARCH INSTITUTE,SOUTHWEST RESEARCH INSTITUTE I,PB11V1KH3KV4,PB11V1KH3KV4,SOUTHWEST RESEARCH INSTITUTE,SOUTHWEST RESEARCH INSTITUTE INC,USA,TX,BEXAR,SAN ANTONIO,TX-20,TX-20,782385166,UNITED STATES,TEXAS,BEXAR,TX-20,TX-20,782385166,,,AR94,R&D- SPACE: OTHER (ENGINEERING DEVELOPMENT),541611,ADMINISTRATIVE MANAGEMENT AND GENERAL MANAGEMENT CONSULTING SERVICES,,,https://www.usaspending.gov/award/CONT_AWD_HQTR0200204DNASW02008_8000_-NONE-_-NONE-/,2024-05-22
National Aeronautics and Space Administration,National Aeronautics and Space Administration,FY2024P07,,080,2023,2024,,0120,000,080-2023/2024-0120-000,"Science, National Aeronautics and Space Administration",National Aeronautics and Space Administration,,"General Science, Space, and Technology","Space flight, research, and supporting activities",080-0120,"Science, National Aeronautics and Space Administration",0001,SCIENCE (DIRECT),25.5,Research and development contracts,D,Q,Not Designated Nonemergency/Emergency/Disaster/Wildfire Suppression,,1543244.42,,,CONT_AWD_HQTR0200204DNASW02008_8000_-NONE-_-NONE-,HQTR0200204DNASW02008,,,,2002-03-15,2002,2025-07-24,2025,2002-03-15,2029-09-30,,D,DEFINITIVE CONTRACT,,,NEW HORIZON -- PLUTO MISSION PHASE B,080,NATIONAL AERONAUTICS AND SPACE ADMINISTRATION (NASA),8000,NATIONAL AERONAUTICS AND SPACE ADMINISTRATION,80MSFC,NASA MARSHALL SPACE FLIGHT CENTER,080,NATIONAL AERONAUTICS AND SPACE ADMINISTRATION (NASA),8000,NATIONAL AERONAUTICS AND SPACE ADMINISTRATION,80MSFC,NASA MARSHALL SPACE FLIGHT CENTER,PB11V1KH3KV4,,SOUTHWEST RESEARCH INSTITUTE,SOUTHWEST RESEARCH INSTITUTE I,PB11V1KH3KV4,PB11V1KH3KV4,SOUTHWEST RESEARCH INSTITUTE,SOUTHWEST RESEARCH INSTITUTE INC,USA,TX,BEXAR,SAN ANTONIO,TX-20,TX-20,782385166,UNITED STATES,TEXAS,BEXAR,TX-20,TX-20,782385166,,,AR94,R&D- SPACE: OTHER (ENGINEERING DEVELOPMENT),541611,ADMINISTRATIVE MANAGEMENT AND GENERAL MANAGEMENT CONSULTING SERVICES,,,https://www.usaspending.gov/award/CONT_AWD_HQTR0200204DNASW02008_8000_-NONE-_-NONE-/,2024-05-22
National Aeronautics and Space Administration,National Aeronautics and Space Administration,FY2024P07,,080,2022,2023,,0120,000,080-2022/2023-0120-000,"Science, National Aeronautics and Space Administration",National Aeronautics and Space Administration,,"General Science, Space, and Technology","Space flight, research, and supporting activities",080-0120,"Science, National Aeronautics and Space Administration",0001,SCIENCE (DIRECT),25.5,Research and development contracts,D,Q,Not Designated Nonemergency/Emergency/Disaster/Wildfire Suppression,,1048513.83,,,CONT_AWD_HQTR0200204DNASW02008_8000_-NONE-_-NONE-,HQTR0200204DNASW02008,,,,2002-03-15,2002,2025-07-24,2025,2002-03-15,2029-09-30,,D,DEFINITIVE CONTRACT,,,NEW HORIZON -- PLUTO MISSION PHASE B,080,NATIONAL AERONAUTICS AND SPACE ADMINISTRATION (NASA),8000,NATIONAL AERONAUTICS AND SPACE ADMINISTRATION,80MSFC,NASA MARSHALL SPACE FLIGHT CENTER,080,NATIONAL AERONAUTICS AND SPACE ADMINISTRATION (NASA),8000,NATIONAL AERONAUTICS AND SPACE ADMINISTRATION,80MSFC,NASA MARSHALL SPACE FLIGHT CENTER,PB11V1KH3KV4,,SOUTHWEST RESEARCH INSTITUTE,SOUTHWEST RESEARCH INSTITUTE I,PB11V1KH3KV4,PB11V1KH3KV4,SOUTHWEST RESEARCH INSTITUTE,SOUTHWEST RESEARCH INSTITUTE INC,USA,TX,BEXAR,SAN ANTONIO,TX-20,TX-20,782385166,UNITED STATES,TEXAS,BEXAR,TX-20,TX-20,782385166,,,AR94,R&D- SPACE: OTHER (ENGINEERING DEVELOPMENT),541611,ADMINISTRATIVE MANAGEMENT AND GENERAL MANAGEMENT CONSULTING SERVICES,,,https://www.usaspending.gov/award/CONT_AWD_HQTR0200204DNASW02008_8000_-NONE-_-NONE-/,2024-05-22
National Aeronautics and Space Administration,National Aeronautics and Space Administration,FY2024P08,,080,2024,2025,,0120,000,080-2024/2025-0120-000,"Science, National Aeronautics and Space Administration",National Aeronautics and Space Administration,,"General Science, Space, and Technology","Space flight, research, and supporting activities",080-0120,"Science, National Aeronautics and Space Administration",0001,SCIENCE (DIRECT),25.5,Research and development contracts,D,Q,Not Designated Nonemergency/Emergency/Disaster/Wildfire Suppression,1310226.00,,,,CONT_AWD_HQTR0200204DNASW02008_8000_-NONE-_-NONE-,HQTR0200204DNASW02008,,,,2002-03-15,2002,2025-07-24,2025,2002-03-15,2029-09-30,,D,DEFINITIVE CONTRACT,,,NEW HORIZON -- PLUTO MISSION PHASE B,080,NATIONAL AERONAUTICS AND SPACE ADMINISTRATION (NASA),8000,NATIONAL AERONAUTICS AND SPACE ADMINISTRATION,80MSFC,NASA MARSHALL SPACE FLIGHT CENTER,080,NATIONAL AERONAUTICS AND SPACE ADMINISTRATION (NASA),8000,NATIONAL AERONAUTICS AND SPACE ADMINISTRATION,80MSFC,NASA MARSHALL SPACE FLIGHT CENTER,PB11V1KH3KV4,,SOUTHWEST RESEARCH INSTITUTE,SOUTHWEST RESEARCH INSTITUTE I,PB11V1KH3KV4,PB11V1KH3KV4,SOUTHWEST RESEARCH INSTITUTE,SOUTHWEST RESEARCH INSTITUTE INC,USA,TX,BEXAR,SAN ANTONIO,TX-20,TX-20,782385166,UNITED STATES,TEXAS,BEXAR,TX-20,TX-20,782385166,,,AR94,R&D- SPACE: OTHER (ENGINEERING DEVELOPMENT),541611,ADMINISTRATIVE MANAGEMENT AND GENERAL MANAGEMENT CONSULTING SERVICES,,,https://www.usaspending.gov/award/CONT_AWD_HQTR0200204DNASW02008_8000_-NONE-_-NONE-/,2024-07-01
National Aeronautics and Space Administration,National Aeronautics and Space Administration,FY2024P08,,080,2023,2024,,0120,000,080-2023/2024-0120-000,"Science, National Aeronautics and Space Administration",National Aeronautics and Space Administration,,"General Science, Space, and Technology","Space flight, research, and supporting activities",080-0120,"Science, National Aeronautics and Space Administration",0001,SCIENCE (DIRECT),25.5,Research and development contracts,D,Q,Not Designated Nonemergency/Emergency/Disaster/Wildfire Suppression,,2164268.65,,,CONT_AWD_HQTR0200204DNASW02008_8000_-NONE-_-NONE-,HQTR0200204DNASW02008,,,,2002-03-15,2002,2025-07-24,2025,2002-03-15,2029-09-30,,D,DEFINITIVE CONTRACT,,,NEW HORIZON -- PLUTO MISSION PHASE B,080,NATIONAL AERONAUTICS AND SPACE ADMINISTRATION (NASA),8000,NATIONAL AERONAUTICS AND SPACE ADMINISTRATION,80MSFC,NASA MARSHALL SPACE FLIGHT CENTER,080,NATIONAL AERONAUTICS AND SPACE ADMINISTRATION (NASA),8000,NATIONAL AERONAUTICS AND SPACE ADMINISTRATION,80MSFC,NASA MARSHALL SPACE FLIGHT CENTER,PB11V1KH3KV4,,SOUTHWEST RESEARCH INSTITUTE,SOUTHWEST RESEARCH INSTITUTE I,PB11V1KH3KV4,PB11V1KH3KV4,SOUTHWEST RESEARCH INSTITUTE,SOUTHWEST RESEARCH INSTITUTE INC,USA,TX,BEXAR,SAN ANTONIO,TX-20,TX-20,782385166,UNITED STATES,TEXAS,BEXAR,TX-20,TX-20,782385166,,,AR94,R&D- SPACE: OTHER (ENGINEERING DEVELOPMENT),541611,ADMINISTRATIVE MANAGEMENT AND GENERAL MANAGEMENT CONSULTING SERVICES,,,https://www.usaspending.gov/award/CONT_AWD_HQTR0200204DNASW02008_8000_-NONE-_-NONE-/,2024-07-01
National Aeronautics and Space Administration,National Aeronautics and Space Administration,FY2024P08,,080,2022,2023,,0120,000,080-2022/2023-0120-000,"Science, National Aeronautics and Space Administration",National Aeronautics and Space Administration,,"General Science, Space, and Technology","Space flight, research, and supporting activities",080-0120,"Science, National Aeronautics and Space Administration",0001,SCIENCE (DIRECT),25.5,Research and development contracts,D,Q,Not Designated Nonemergency/Emergency/Disaster/Wildfire Suppression,,1048513.83,,,CONT_AWD_HQTR0200204DNASW02008_8000_-NONE-_-NONE-,HQTR0200204DNASW02008,,,,2002-03-15,2002,2025-07-24,2025,2002-03-15,2029-09-30,,D,DEFINITIVE CONTRACT,,,NEW HORIZON -- PLUTO MISSION PHASE B,080,NATIONAL AERONAUTICS AND SPACE ADMINISTRATION (NASA),8000,NATIONAL AERONAUTICS AND SPACE ADMINISTRATION,80MSFC,NASA MARSHALL SPACE FLIGHT CENTER,080,NATIONAL AERONAUTICS AND SPACE ADMINISTRATION (NASA),8000,NATIONAL AERONAUTICS AND SPACE ADMINISTRATION,80MSFC,NASA MARSHALL SPACE FLIGHT CENTER,PB11V1KH3KV4,,SOUTHWEST RESEARCH INSTITUTE,SOUTHWEST RESEARCH INSTITUTE I,PB11V1KH3KV4,PB11V1KH3KV4,SOUTHWEST RESEARCH INSTITUTE,SOUTHWEST RESEARCH INSTITUTE INC,USA,TX,BEXAR,SAN ANTONIO,TX-20,TX-20,782385166,UNITED STATES,TEXAS,BEXAR,TX-20,TX-20,782385166,,,AR94,R&D- SPACE: OTHER (ENGINEERING DEVELOPMENT),541611,ADMINISTRATIVE MANAGEMENT AND GENERAL MANAGEMENT CONSULTING SERVICES,,,https://www.usaspending.gov/award/CONT_AWD_HQTR0200204DNASW02008_8000_-NONE-_-NONE-/,2024-07-01
National Aeronautics and Space Administration,National Aeronautics and Space Administration,FY2024P09,,080,2023,2024,,0120,000,080-2023/2024-0120-000,"Science, National Aeronautics and Space Administration",National Aeronautics and Space Administration,,"General Science, Space, and Technology","Space flight, research, and supporting activities",080-0120,"Science, National Aeronautics and Space Administration",0001,SCIENCE (DIRECT),25.5,Research and development contracts,D,Q,Not Designated Nonemergency/Emergency/Disaster/Wildfire Suppression,,2521598.44,,,CONT_AWD_HQTR0200204DNASW02008_8000_-NONE-_-NONE-,HQTR0200204DNASW02008,,,,2002-03-15,2002,2025-07-24,2025,2002-03-15,2029-09-30,,D,DEFINITIVE CONTRACT,,,NEW HORIZON -- PLUTO MISSION PHASE B,080,NATIONAL AERONAUTICS AND SPACE ADMINISTRATION (NASA),8000,NATIONAL AERONAUTICS AND SPACE ADMINISTRATION,80MSFC,NASA MARSHALL SPACE FLIGHT CENTER,080,NATIONAL AERONAUTICS AND SPACE ADMINISTRATION (NASA),8000,NATIONAL AERONAUTICS AND SPACE ADMINISTRATION,80MSFC,NASA MARSHALL SPACE FLIGHT CENTER,PB11V1KH3KV4,,SOUTHWEST RESEARCH INSTITUTE,SOUTHWEST RESEARCH INSTITUTE I,PB11V1KH3KV4,PB11V1KH3KV4,SOUTHWEST RESEARCH INSTITUTE,SOUTHWEST RESEARCH INSTITUTE INC,USA,TX,BEXAR,SAN ANTONIO,TX-20,TX-20,782385166,UNITED STATES,TEXAS,BEXAR,TX-20,TX-20,782385166,,,AR94,R&D- SPACE: OTHER (ENGINEERING DEVELOPMENT),541611,ADMINISTRATIVE MANAGEMENT AND GENERAL MANAGEMENT CONSULTING SERVICES,,,https://www.usaspending.gov/award/CONT_AWD_HQTR0200204DNASW02008_8000_-NONE-_-NONE-/,2024-07-29
National Aeronautics and Space Administration,National Aeronautics and Space Administration,FY2024P09,,080,2022,2023,,0120,000,080-2022/2023-0120-000,"Science, National Aeronautics and Space Administration",National Aeronautics and Space Administration,,"General Science, Space, and Technology","Space flight, research, and supporting activities",080-0120,"Science, National Aeronautics and Space Administration",0001,SCIENCE (DIRECT),25.5,Research and development contracts,D,Q,Not Designated Nonemergency/Emergency/Disaster/Wildfire Suppression,,1048513.83,,,CONT_AWD_HQTR0200204DNASW02008_8000_-NONE-_-NONE-,HQTR0200204DNASW02008,,,,2002-03-15,2002,2025-07-24,2025,2002-03-15,2029-09-30,,D,DEFINITIVE CONTRACT,,,NEW HORIZON -- PLUTO MISSION PHASE B,080,NATIONAL AERONAUTICS AND SPACE ADMINISTRATION (NASA),8000,NATIONAL AERONAUTICS AND SPACE ADMINISTRATION,80MSFC,NASA MARSHALL SPACE FLIGHT CENTER,080,NATIONAL AERONAUTICS AND SPACE ADMINISTRATION (NASA),8000,NATIONAL AERONAUTICS AND SPACE ADMINISTRATION,80MSFC,NASA MARSHALL SPACE FLIGHT CENTER,PB11V1KH3KV4,,SOUTHWEST RESEARCH INSTITUTE,SOUTHWEST RESEARCH INSTITUTE I,PB11V1KH3KV4,PB11V1KH3KV4,SOUTHWEST RESEARCH INSTITUTE,SOUTHWEST RESEARCH INSTITUTE INC,USA,TX,BEXAR,SAN ANTONIO,TX-20,TX-20,782385166,UNITED STATES,TEXAS,BEXAR,TX-20,TX-20,782385166,,,AR94,R&D- SPACE: OTHER (ENGINEERING DEVELOPMENT),541611,ADMINISTRATIVE MANAGEMENT AND GENERAL MANAGEMENT CONSULTING SERVICES,,,https://www.usaspending.gov/award/CONT_AWD_HQTR0200204DNASW02008_8000_-NONE-_-NONE-/,2024-07-29
National Aeronautics and Space Administration,National Aeronautics and Space Administration,FY2024P10,,080,2023,2024,,0120,000,080-2023/2024-0120-000,"Science, National Aeronautics and Space Administration",National Aeronautics and Space Administration,,"General Science, Space, and Technology","Space flight, research, and supporting activities",080-0120,"Science, National Aeronautics and Space Administration",0001,SCIENCE (DIRECT),25.5,Research and development contracts,D,Q,Not Designated Nonemergency/Emergency/Disaster/Wildfire Suppression,,2521598.44,,,CONT_AWD_HQTR0200204DNASW02008_8000_-NONE-_-NONE-,HQTR0200204DNASW02008,,,,2002-03-15,2002,2025-07-24,2025,2002-03-15,2029-09-30,,D,DEFINITIVE CONTRACT,,,NEW HORIZON -- PLUTO MISSION PHASE B,080,NATIONAL AERONAUTICS AND SPACE ADMINISTRATION (NASA),8000,NATIONAL AERONAUTICS AND SPACE ADMINISTRATION,80MSFC,NASA MARSHALL SPACE FLIGHT CENTER,080,NATIONAL AERONAUTICS AND SPACE ADMINISTRATION (NASA),8000,NATIONAL AERONAUTICS AND SPACE ADMINISTRATION,80MSFC,NASA MARSHALL SPACE FLIGHT CENTER,PB11V1KH3KV4,,SOUTHWEST RESEARCH INSTITUTE,SOUTHWEST RESEARCH INSTITUTE I,PB11V1KH3KV4,PB11V1KH3KV4,SOUTHWEST RESEARCH INSTITUTE,SOUTHWEST RESEARCH INSTITUTE INC,USA,TX,BEXAR,SAN ANTONIO,TX-20,TX-20,782385166,UNITED STATES,TEXAS,BEXAR,TX-20,TX-20,782385166,,,AR94,R&D- SPACE: OTHER (ENGINEERING DEVELOPMENT),541611,ADMINISTRATIVE MANAGEMENT AND GENERAL MANAGEMENT CONSULTING SERVICES,,,https://www.usaspending.gov/award/CONT_AWD_HQTR0200204DNASW02008_8000_-NONE-_-NONE-/,2024-08-26
National Aeronautics and Space Administration,National Aeronautics and Space Administration,FY2024P10,,080,2022,2023,,0120,000,080-2022/2023-0120-000,"Science, National Aeronautics and Space Administration",National Aeronautics and Space Administration,,"General Science, Space, and Technology","Space flight, research, and supporting activities",080-0120,"Science, National Aeronautics and Space Administration",0001,SCIENCE (DIRECT),25.5,Research and development contracts,D,Q,Not Designated Nonemergency/Emergency/Disaster/Wildfire Suppression,,1048513.83,,,CONT_AWD_HQTR0200204DNASW02008_8000_-NONE-_-NONE-,HQTR0200204DNASW02008,,,,2002-03-15,2002,2025-07-24,2025,2002-03-15,2029-09-30,,D,DEFINITIVE CONTRACT,,,NEW HORIZON -- PLUTO MISSION PHASE B,080,NATIONAL AERONAUTICS AND SPACE ADMINISTRATION (NASA),8000,NATIONAL AERONAUTICS AND SPACE ADMINISTRATION,80MSFC,NASA MARSHALL SPACE FLIGHT CENTER,080,NATIONAL AERONAUTICS AND SPACE ADMINISTRATION (NASA),8000,NATIONAL AERONAUTICS AND SPACE ADMINISTRATION,80MSFC,NASA MARSHALL SPACE FLIGHT CENTER,PB11V1KH3KV4,,SOUTHWEST RESEARCH INSTITUTE,SOUTHWEST RESEARCH INSTITUTE I,PB11V1KH3KV4,PB11V1KH3KV4,SOUTHWEST RESEARCH INSTITUTE,SOUTHWEST RESEARCH INSTITUTE INC,USA,TX,BEXAR,SAN ANTONIO,TX-20,TX-20,782385166,UNITED STATES,TEXAS,BEXAR,TX-20,TX-20,782385166,,,AR94,R&D- SPACE: OTHER (ENGINEERING DEVELOPMENT),541611,ADMINISTRATIVE MANAGEMENT AND GENERAL MANAGEMENT CONSULTING SERVICES,,,https://www.usaspending.gov/award/CONT_AWD_HQTR0200204DNASW02008_8000_-NONE-_-NONE-/,2024-08-26
National Aeronautics and Space Administration,National Aeronautics and Space Administration,FY2024P11,,080,2023,2024,,0120,000,080-2023/2024-0120-000,"Science, National Aeronautics and Space Administration",National Aeronautics and Space Administration,,"General Science, Space, and Technology","Space flight, research, and supporting activities",080-0120,"Science, National Aeronautics and Space Administration",0001,SCIENCE (DIRECT),25.5,Research and development contracts,D,Q,Not Designated Nonemergency/Emergency/Disaster/Wildfire Suppression,,3324119.00,,,CONT_AWD_HQTR0200204DNASW02008_8000_-NONE-_-NONE-,HQTR0200204DNASW02008,,,,2002-03-15,2002,2025-07-24,2025,2002-03-15,2029-09-30,,D,DEFINITIVE CONTRACT,,,NEW HORIZON -- PLUTO MISSION PHASE B,080,NATIONAL AERONAUTICS AND SPACE ADMINISTRATION (NASA),8000,NATIONAL AERONAUTICS AND SPACE ADMINISTRATION,80MSFC,NASA MARSHALL SPACE FLIGHT CENTER,080,NATIONAL AERONAUTICS AND SPACE ADMINISTRATION (NASA),8000,NATIONAL AERONAUTICS AND SPACE ADMINISTRATION,80MSFC,NASA MARSHALL SPACE FLIGHT CENTER,PB11V1KH3KV4,,SOUTHWEST RESEARCH INSTITUTE,SOUTHWEST RESEARCH INSTITUTE I,PB11V1KH3KV4,PB11V1KH3KV4,SOUTHWEST RESEARCH INSTITUTE,SOUTHWEST RESEARCH INSTITUTE INC,USA,TX,BEXAR,SAN ANTONIO,TX-20,TX-20,782385166,UNITED STATES,TEXAS,BEXAR,TX-20,TX-20,782385166,,,AR94,R&D- SPACE: OTHER (ENGINEERING DEVELOPMENT),541611,ADMINISTRATIVE MANAGEMENT AND GENERAL MANAGEMENT CONSULTING SERVICES,,,https://www.usaspending.gov/award/CONT_AWD_HQTR0200204DNASW02008_8000_-NONE-_-NONE-/,2024-09-30
National Aeronautics and Space Administration,National Aeronautics and Space Administration,FY2024P11,,080,2023,2024,,0120,000,080-2023/2024-0120-000,"Science, National Aeronautics and Space Administration",National Aeronautics and Space Administration,,"General Science, Space, and Technology","Space flight, research, and supporting activities",080-0120,"Science, National Aeronautics and Space Administration",0001,SCIENCE (DIRECT),25.5,Research and development contracts,D,Q,Not Designated Nonemergency/Emergency/Disaster/Wildfire Suppression,121260.00,,,,CONT_AWD_HQTR0200204DNASW02008_8000_-NONE-_-NONE-,HQTR0200204DNASW02008,,,,2002-03-15,2002,2025-07-24,2025,2002-03-15,2029-09-30,,D,DEFINITIVE CONTRACT,,,NEW HORIZON -- PLUTO MISSION PHASE B,080,NATIONAL AERONAUTICS AND SPACE ADMINISTRATION (NASA),8000,NATIONAL AERONAUTICS AND SPACE ADMINISTRATION,80MSFC,NASA MARSHALL SPACE FLIGHT CENTER,080,NATIONAL AERONAUTICS AND SPACE ADMINISTRATION (NASA),8000,NATIONAL AERONAUTICS AND SPACE ADMINISTRATION,80MSFC,NASA MARSHALL SPACE FLIGHT CENTER,PB11V1KH3KV4,,SOUTHWEST RESEARCH INSTITUTE,SOUTHWEST RESEARCH INSTITUTE I,PB11V1KH3KV4,PB11V1KH3KV4,SOUTHWEST RESEARCH INSTITUTE,SOUTHWEST RESEARCH INSTITUTE INC,USA,TX,BEXAR,SAN ANTONIO,TX-20,TX-20,782385166,UNITED STATES,TEXAS,BEXAR,TX-20,TX-20,782385166,,,AR94,R&D- SPACE: OTHER (ENGINEERING DEVELOPMENT),541611,ADMINISTRATIVE MANAGEMENT AND GENERAL MANAGEMENT CONSULTING SERVICES,,,https://www.usaspending.gov/award/CONT_AWD_HQTR0200204DNASW02008_8000_-NONE-_-NONE-/,2024-09-30
National Aeronautics and Space Administration,National Aeronautics and Space Administration,FY2024P11,,080,2022,2023,,0120,000,080-2022/2023-0120-000,"Science, National Aeronautics and Space Administration",National Aeronautics and Space Administration,,"General Science, Space, and Technology","Space flight, research, and supporting activities",080-0120,"Science, National Aeronautics and Space Administration",0001,SCIENCE (DIRECT),25.5,Research and development contracts,D,Q,Not Designated Nonemergency/Emergency/Disaster/Wildfire Suppression,,1048513.83,,,CONT_AWD_HQTR0200204DNASW02008_8000_-NONE-_-NONE-,HQTR0200204DNASW02008,,,,2002-03-15,2002,2025-07-24,2025,2002-03-15,2029-09-30,,D,DEFINITIVE CONTRACT,,,NEW HORIZON -- PLUTO MISSION PHASE B,080,NATIONAL AERONAUTICS AND SPACE ADMINISTRATION (NASA),8000,NATIONAL AERONAUTICS AND SPACE ADMINISTRATION,80MSFC,NASA MARSHALL SPACE FLIGHT CENTER,080,NATIONAL AERONAUTICS AND SPACE ADMINISTRATION (NASA),8000,NATIONAL AERONAUTICS AND SPACE ADMINISTRATION,80MSFC,NASA MARSHALL SPACE FLIGHT CENTER,PB11V1KH3KV4,,SOUTHWEST RESEARCH INSTITUTE,SOUTHWEST RESEARCH INSTITUTE I,PB11V1KH3KV4,PB11V1KH3KV4,SOUTHWEST RESEARCH INSTITUTE,SOUTHWEST RESEARCH INSTITUTE INC,USA,TX,BEXAR,SAN ANTONIO,TX-20,TX-20,782385166,UNITED STATES,TEXAS,BEXAR,TX-20,TX-20,782385166,,,AR94,R&D- SPACE: OTHER (ENGINEERING DEVELOPMENT),541611,ADMINISTRATIVE MANAGEMENT AND GENERAL MANAGEMENT CONSULTING SERVICES,,,https://www.usaspending.gov/award/CONT_AWD_HQTR0200204DNASW02008_8000_-NONE-_-NONE-/,2024-09-30
National Aeronautics and Space Administration,National Aeronautics and Space Administration,FY2024P11,,080,2024,2025,,0120,000,080-2024/2025-0120-000,"Science, National Aeronautics and Space Administration",National Aeronautics and Space Administration,,"General Science, Space, and Technology","Space flight, research, and supporting activities",080-0120,"Science, National Aeronautics and Space Administration",0001,SCIENCE (DIRECT),25.5,Research and development contracts,D,Q,Not Designated Nonemergency/Emergency/Disaster/Wildfire Suppression,,59040.80,,,CONT_AWD_HQTR0200204DNASW02008_8000_-NONE-_-NONE-,HQTR0200204DNASW02008,,,,2002-03-15,2002,2025-07-24,2025,2002-03-15,2029-09-30,,D,DEFINITIVE CONTRACT,,,NEW HORIZON -- PLUTO MISSION PHASE B,080,NATIONAL AERONAUTICS AND SPACE ADMINISTRATION (NASA),8000,NATIONAL AERONAUTICS AND SPACE ADMINISTRATION,80MSFC,NASA MARSHALL SPACE FLIGHT CENTER,080,NATIONAL AERONAUTICS AND SPACE ADMINISTRATION (NASA),8000,NATIONAL AERONAUTICS AND SPACE ADMINISTRATION,80MSFC,NASA MARSHALL SPACE FLIGHT CENTER,PB11V1KH3KV4,,SOUTHWEST RESEARCH INSTITUTE,SOUTHWEST RESEARCH INSTITUTE I,PB11V1KH3KV4,PB11V1KH3KV4,SOUTHWEST RESEARCH INSTITUTE,SOUTHWEST RESEARCH INSTITUTE INC,USA,TX,BEXAR,SAN ANTONIO,TX-20,TX-20,782385166,UNITED STATES,TEXAS,BEXAR,TX-20,TX-20,782385166,,,AR94,R&D- SPACE: OTHER (ENGINEERING DEVELOPMENT),541611,ADMINISTRATIVE MANAGEMENT AND GENERAL MANAGEMENT CONSULTING SERVICES,,,https://www.usaspending.gov/award/CONT_AWD_HQTR0200204DNASW02008_8000_-NONE-_-NONE-/,2024-09-30
National Aeronautics and Space Administration,National Aeronautics and Space Administration,FY2024P11,,080,2024,2025,,0120,000,080-2024/2025-0120-000,"Science, National Aeronautics and Space Administration",National Aeronautics and Space Administration,,"General Science, Space, and Technology","Space flight, research, and supporting activities",080-0120,"Science, National Aeronautics and Space Administration",0001,SCIENCE (DIRECT),25.5,Research and development contracts,D,Q,Not Designated Nonemergency/Emergency/Disaster/Wildfire Suppression,245847.00,,,,CONT_AWD_HQTR0200204DNASW02008_8000_-NONE-_-NONE-,HQTR0200204DNASW02008,,,,2002-03-15,2002,2025-07-24,2025,2002-03-15,2029-09-30,,D,DEFINITIVE CONTRACT,,,NEW HORIZON -- PLUTO MISSION PHASE B,080,NATIONAL AERONAUTICS AND SPACE ADMINISTRATION (NASA),8000,NATIONAL AERONAUTICS AND SPACE ADMINISTRATION,80MSFC,NASA MARSHALL SPACE FLIGHT CENTER,080,NATIONAL AERONAUTICS AND SPACE ADMINISTRATION (NASA),8000,NATIONAL AERONAUTICS AND SPACE ADMINISTRATION,80MSFC,NASA MARSHALL SPACE FLIGHT CENTER,PB11V1KH3KV4,,SOUTHWEST RESEARCH INSTITUTE,SOUTHWEST RESEARCH INSTITUTE I,PB11V1KH3KV4,PB11V1KH3KV4,SOUTHWEST RESEARCH INSTITUTE,SOUTHWEST RESEARCH INSTITUTE INC,USA,TX,BEXAR,SAN ANTONIO,TX-20,TX-20,782385166,UNITED STATES,TEXAS,BEXAR,TX-20,TX-20,782385166,,,AR94,R&D- SPACE: OTHER (ENGINEERING DEVELOPMENT),541611,ADMINISTRATIVE MANAGEMENT AND GENERAL MANAGEMENT CONSULTING SERVICES,,,https://www.usaspending.gov/award/CONT_AWD_HQTR0200204DNASW02008_8000_-NONE-_-NONE-/,2024-09-30
National Aeronautics and Space Administration,National Aeronautics and Space Administration,FY2024P11,,080,2024,2025,,0120,000,080-2024/2025-0120-000,"Science, National Aeronautics and Space Administration",National Aeronautics and Space Administration,,"General Science, Space, and Technology","Space flight, research, and supporting activities",080-0120,"Science, National Aeronautics and Space Administration",0001,SCIENCE (DIRECT),25.5,Research and development contracts,D,Q,Not Designated Nonemergency/Emergency/Disaster/Wildfire Suppression,730834.00,,,,CONT_AWD_HQTR0200204DNASW02008_8000_-NONE-_-NONE-,HQTR0200204DNASW02008,,,,2002-03-15,2002,2025-07-24,2025,2002-03-15,2029-09-30,,D,DEFINITIVE CONTRACT,,,NEW HORIZON -- PLUTO MISSION PHASE B,080,NATIONAL AERONAUTICS AND SPACE ADMINISTRATION (NASA),8000,NATIONAL AERONAUTICS AND SPACE ADMINISTRATION,80MSFC,NASA MARSHALL SPACE FLIGHT CENTER,080,NATIONAL AERONAUTICS AND SPACE ADMINISTRATION (NASA),8000,NATIONAL AERONAUTICS AND SPACE ADMINISTRATION,80MSFC,NASA MARSHALL SPACE FLIGHT CENTER,PB11V1KH3KV4,,SOUTHWEST RESEARCH INSTITUTE,SOUTHWEST RESEARCH INSTITUTE I,PB11V1KH3KV4,PB11V1KH3KV4,SOUTHWEST RESEARCH INSTITUTE,SOUTHWEST RESEARCH INSTITUTE INC,USA,TX,BEXAR,SAN ANTONIO,TX-20,TX-20,782385166,UNITED STATES,TEXAS,BEXAR,TX-20,TX-20,782385166,,,AR94,R&D- SPACE: OTHER (ENGINEERING DEVELOPMENT),541611,ADMINISTRATIVE MANAGEMENT AND GENERAL MANAGEMENT CONSULTING SERVICES,,,https://www.usaspending.gov/award/CONT_AWD_HQTR0200204DNASW02008_8000_-NONE-_-NONE-/,2024-09-30
National Aeronautics and Space Administration,National Aeronautics and Space Administration,FY2024P12,,080,2023,2024,,0120,000,080-2023/2024-0120-000,"Science, National Aeronautics and Space Administration",National Aeronautics and Space Administration,,"General Science, Space, and Technology","Space flight, research, and supporting activities",080-0120,"Science, National Aeronautics and Space Administration",0001,SCIENCE (DIRECT),25.5,Research and development contracts,D,Q,Not Designated Nonemergency/Emergency/Disaster/Wildfire Suppression,,3324119.00,,,CONT_AWD_HQTR0200204DNASW02008_8000_-NONE-_-NONE-,HQTR0200204DNASW02008,,,,2002-03-15,2002,2025-07-24,2025,2002-03-15,2029-09-30,,D,DEFINITIVE CONTRACT,,,NEW HORIZON -- PLUTO MISSION PHASE B,080,NATIONAL AERONAUTICS AND SPACE ADMINISTRATION (NASA),8000,NATIONAL AERONAUTICS AND SPACE ADMINISTRATION,80MSFC,NASA MARSHALL SPACE FLIGHT CENTER,080,NATIONAL AERONAUTICS AND SPACE ADMINISTRATION (NASA),8000,NATIONAL AERONAUTICS AND SPACE ADMINISTRATION,80MSFC,NASA MARSHALL SPACE FLIGHT CENTER,PB11V1KH3KV4,,SOUTHWEST RESEARCH INSTITUTE,SOUTHWEST RESEARCH INSTITUTE I,PB11V1KH3KV4,PB11V1KH3KV4,SOUTHWEST RESEARCH INSTITUTE,SOUTHWEST RESEARCH INSTITUTE INC,USA,TX,BEXAR,SAN ANTONIO,TX-20,TX-20,782385166,UNITED STATES,TEXAS,BEXAR,TX-20,TX-20,782385166,,,AR94,R&D- SPACE: OTHER (ENGINEERING DEVELOPMENT),541611,ADMINISTRATIVE MANAGEMENT AND GENERAL MANAGEMENT CONSULTING SERVICES,,,https://www.usaspending.gov/award/CONT_AWD_HQTR0200204DNASW02008_8000_-NONE-_-NONE-/,2024-11-07
National Aeronautics and Space Administration,National Aeronautics and Space Administration,FY2024P12,,080,2024,2025,,0120,000,080-2024/2025-0120-000,"Science, National Aeronautics and Space Administration",National Aeronautics and Space Administration,,"General Science, Space, and Technology","Space flight, research, and supporting activities",080-0120,"Science, National Aeronautics and Space Administration",0001,SCIENCE (DIRECT),25.5,Research and development contracts,D,Q,Not Designated Nonemergency/Emergency/Disaster/Wildfire Suppression,,792676.43,,,CONT_AWD_HQTR0200204DNASW02008_8000_-NONE-_-NONE-,HQTR0200204DNASW02008,,,,2002-03-15,2002,2025-07-24,2025,2002-03-15,2029-09-30,,D,DEFINITIVE CONTRACT,,,NEW HORIZON -- PLUTO MISSION PHASE B,080,NATIONAL AERONAUTICS AND SPACE ADMINISTRATION (NASA),8000,NATIONAL AERONAUTICS AND SPACE ADMINISTRATION,80MSFC,NASA MARSHALL SPACE FLIGHT CENTER,080,NATIONAL AERONAUTICS AND SPACE ADMINISTRATION (NASA),8000,NATIONAL AERONAUTICS AND SPACE ADMINISTRATION,80MSFC,NASA MARSHALL SPACE FLIGHT CENTER,PB11V1KH3KV4,,SOUTHWEST RESEARCH INSTITUTE,SOUTHWEST RESEARCH INSTITUTE I,PB11V1KH3KV4,PB11V1KH3KV4,SOUTHWEST RESEARCH INSTITUTE,SOUTHWEST RESEARCH INSTITUTE INC,USA,TX,BEXAR,SAN ANTONIO,TX-20,TX-20,782385166,UNITED STATES,TEXAS,BEXAR,TX-20,TX-20,782385166,,,AR94,R&D- SPACE: OTHER (ENGINEERING DEVELOPMENT),541611,ADMINISTRATIVE MANAGEMENT AND GENERAL MANAGEMENT CONSULTING SERVICES,,,https://www.usaspending.gov/award/CONT_AWD_HQTR0200204DNASW02008_8000_-NONE-_-NONE-/,2024-11-07
National Aeronautics and Space Administration,National Aeronautics and Space Administration,FY2024P12,,080,2022,2023,,0120,000,080-2022/2023-0120-000,"Science, National Aeronautics and Space Administration",National Aeronautics and Space Administration,,"General Science, Space, and Technology","Space flight, research, and supporting activities",080-0120,"Science, National Aeronautics and Space Administration",0001,SCIENCE (DIRECT),25.5,Research and development contracts,D,Q,Not Designated Nonemergency/Emergency/Disaster/Wildfire Suppression,,1048513.83,,,CONT_AWD_HQTR0200204DNASW02008_8000_-NONE-_-NONE-,HQTR0200204DNASW02008,,,,2002-03-15,2002,2025-07-24,2025,2002-03-15,2029-09-30,,D,DEFINITIVE CONTRACT,,,NEW HORIZON -- PLUTO MISSION PHASE B,080,NATIONAL AERONAUTICS AND SPACE ADMINISTRATION (NASA),8000,NATIONAL AERONAUTICS AND SPACE ADMINISTRATION,80MSFC,NASA MARSHALL SPACE FLIGHT CENTER,080,NATIONAL AERONAUTICS AND SPACE ADMINISTRATION (NASA),8000,NATIONAL AERONAUTICS AND SPACE ADMINISTRATION,80MSFC,NASA MARSHALL SPACE FLIGHT CENTER,PB11V1KH3KV4,,SOUTHWEST RESEARCH INSTITUTE,SOUTHWEST RESEARCH INSTITUTE I,PB11V1KH3KV4,PB11V1KH3KV4,SOUTHWEST RESEARCH INSTITUTE,SOUTHWEST RESEARCH INSTITUTE INC,USA,TX,BEXAR,SAN ANTONIO,TX-20,TX-20,782385166,UNITED STATES,TEXAS,BEXAR,TX-20,TX-20,782385166,,,AR94,R&D- SPACE: OTHER (ENGINEERING DEVELOPMENT),541611,ADMINISTRATIVE MANAGEMENT AND GENERAL MANAGEMENT CONSULTING SERVICES,,,https://www.usaspending.gov/award/CONT_AWD_HQTR0200204DNASW02008_8000_-NONE-_-NONE-/,2024-11-07
National Aeronautics and Space Administration,National Aeronautics and Space Administration,FY2025P02,,080,2024,2025,,0120,000,080-2024/2025-0120-000,"Science, National Aeronautics and Space Administration",National Aeronautics and Space Administration,,"General Science, Space, and Technology","Space flight, research, and supporting activities",080-0120,"Science, National Aeronautics and Space Administration",0001,SCIENCE (DIRECT),25.5,Research and development contracts,D,Q,Not Designated Nonemergency/Emergency/Disaster/Wildfire Suppression,,392378.14,0.00,0.00,CONT_AWD_HQTR0200204DNASW02008_8000_-NONE-_-NONE-,HQTR0200204DNASW02008,,,,2002-03-15,2002,2025-07-24,2025,2002-03-15,2029-09-30,,D,DEFINITIVE CONTRACT,,,NEW HORIZON -- PLUTO MISSION PHASE B,080,NATIONAL AERONAUTICS AND SPACE ADMINISTRATION (NASA),8000,NATIONAL AERONAUTICS AND SPACE ADMINISTRATION,80MSFC,NASA MARSHALL SPACE FLIGHT CENTER,080,NATIONAL AERONAUTICS AND SPACE ADMINISTRATION (NASA),8000,NATIONAL AERONAUTICS AND SPACE ADMINISTRATION,80MSFC,NASA MARSHALL SPACE FLIGHT CENTER,PB11V1KH3KV4,,SOUTHWEST RESEARCH INSTITUTE,SOUTHWEST RESEARCH INSTITUTE I,PB11V1KH3KV4,PB11V1KH3KV4,SOUTHWEST RESEARCH INSTITUTE,SOUTHWEST RESEARCH INSTITUTE INC,USA,TX,BEXAR,SAN ANTONIO,TX-20,TX-20,782385166,UNITED STATES,TEXAS,BEXAR,TX-20,TX-20,782385166,,,AR94,R&D- SPACE: OTHER (ENGINEERING DEVELOPMENT),541611,ADMINISTRATIVE MANAGEMENT AND GENERAL MANAGEMENT CONSULTING SERVICES,,,https://www.usaspending.gov/award/CONT_AWD_HQTR0200204DNASW02008_8000_-NONE-_-NONE-/,2024-12-20
National Aeronautics and Space Administration,National Aeronautics and Space Administration,FY2025P03,,080,2024,2025,,0120,000,080-2024/2025-0120-000,"Science, National Aeronautics and Space Administration",National Aeronautics and Space Administration,,"General Science, Space, and Technology","Space flight, research, and supporting activities",080-0120,"Science, National Aeronautics and Space Administration",0001,SCIENCE (DIRECT),25.5,Research and development contracts,D,Q,Not Designated Nonemergency/Emergency/Disaster/Wildfire Suppression,,574980.05,0.00,0.00,CONT_AWD_HQTR0200204DNASW02008_8000_-NONE-_-NONE-,HQTR0200204DNASW02008,,,,2002-03-15,2002,2025-07-24,2025,2002-03-15,2029-09-30,,D,DEFINITIVE CONTRACT,,,NEW HORIZON -- PLUTO MISSION PHASE B,080,NATIONAL AERONAUTICS AND SPACE ADMINISTRATION (NASA),8000,NATIONAL AERONAUTICS AND SPACE ADMINISTRATION,80MSFC,NASA MARSHALL SPACE FLIGHT CENTER,080,NATIONAL AERONAUTICS AND SPACE ADMINISTRATION (NASA),8000,NATIONAL AERONAUTICS AND SPACE ADMINISTRATION,80MSFC,NASA MARSHALL SPACE FLIGHT CENTER,PB11V1KH3KV4,,SOUTHWEST RESEARCH INSTITUTE,SOUTHWEST RESEARCH INSTITUTE I,PB11V1KH3KV4,PB11V1KH3KV4,SOUTHWEST RESEARCH INSTITUTE,SOUTHWEST RESEARCH INSTITUTE INC,USA,TX,BEXAR,SAN ANTONIO,TX-20,TX-20,782385166,UNITED STATES,TEXAS,BEXAR,TX-20,TX-20,782385166,,,AR94,R&D- SPACE: OTHER (ENGINEERING DEVELOPMENT),541611,ADMINISTRATIVE MANAGEMENT AND GENERAL MANAGEMENT CONSULTING SERVICES,,,https://www.usaspending.gov/award/CONT_AWD_HQTR0200204DNASW02008_8000_-NONE-_-NONE-/,2025-01-29
National Aeronautics and Space Administration,National Aeronautics and Space Administration,FY2025P03,,080,2025,2026,,0120,000,080-2025/2026-0120-000,"Science, National Aeronautics and Space Administration",National Aeronautics and Space Administration,,"General Science, Space, and Technology","Space flight, research, and supporting activities",080-0120,"Science, National Aeronautics and Space Administration",0001,SCIENCE (DIRECT),25.5,Research and development contracts,D,Q,Not Designated Nonemergency/Emergency/Disaster/Wildfire Suppression,282000.00,,,,CONT_AWD_HQTR0200204DNASW02008_8000_-NONE-_-NONE-,HQTR0200204DNASW02008,,,,2002-03-15,2002,2025-07-24,2025,2002-03-15,2029-09-30,,D,DEFINITIVE CONTRACT,,,NEW HORIZON -- PLUTO MISSION PHASE B,080,NATIONAL AERONAUTICS AND SPACE ADMINISTRATION (NASA),8000,NATIONAL AERONAUTICS AND SPACE ADMINISTRATION,80MSFC,NASA MARSHALL SPACE FLIGHT CENTER,080,NATIONAL AERONAUTICS AND SPACE ADMINISTRATION (NASA),8000,NATIONAL AERONAUTICS AND SPACE ADMINISTRATION,80MSFC,NASA MARSHALL SPACE FLIGHT CENTER,PB11V1KH3KV4,,SOUTHWEST RESEARCH INSTITUTE,SOUTHWEST RESEARCH INSTITUTE I,PB11V1KH3KV4,PB11V1KH3KV4,SOUTHWEST RESEARCH INSTITUTE,SOUTHWEST RESEARCH INSTITUTE INC,USA,TX,BEXAR,SAN ANTONIO,TX-20,TX-20,782385166,UNITED STATES,TEXAS,BEXAR,TX-20,TX-20,782385166,,,AR94,R&D- SPACE: OTHER (ENGINEERING DEVELOPMENT),541611,ADMINISTRATIVE MANAGEMENT AND GENERAL MANAGEMENT CONSULTING SERVICES,,,https://www.usaspending.gov/award/CONT_AWD_HQTR0200204DNASW02008_8000_-NONE-_-NONE-/,2025-01-29
National Aeronautics and Space Administration,National Aeronautics and Space Administration,FY2025P03,,080,2023,2024,,0120,000,080-2023/2024-0120-000,"Science, National Aeronautics and Space Administration",National Aeronautics and Space Administration,,"General Science, Space, and Technology","Space flight, research, and supporting activities",080-0120,"Science, National Aeronautics and Space Administration",0001,SCIENCE (DIRECT),25.5,Research and development contracts,D,Q,Not Designated Nonemergency/Emergency/Disaster/Wildfire Suppression,,81773.90,0.00,0.00,CONT_AWD_HQTR0200204DNASW02008_8000_-NONE-_-NONE-,HQTR0200204DNASW02008,,,,2002-03-15,2002,2025-07-24,2025,2002-03-15,2029-09-30,,D,DEFINITIVE CONTRACT,,,NEW HORIZON -- PLUTO MISSION PHASE B,080,NATIONAL AERONAUTICS AND SPACE ADMINISTRATION (NASA),8000,NATIONAL AERONAUTICS AND SPACE ADMINISTRATION,80MSFC,NASA MARSHALL SPACE FLIGHT CENTER,080,NATIONAL AERONAUTICS AND SPACE ADMINISTRATION (NASA),8000,NATIONAL AERONAUTICS AND SPACE ADMINISTRATION,80MSFC,NASA MARSHALL SPACE FLIGHT CENTER,PB11V1KH3KV4,,SOUTHWEST RESEARCH INSTITUTE,SOUTHWEST RESEARCH INSTITUTE I,PB11V1KH3KV4,PB11V1KH3KV4,SOUTHWEST RESEARCH INSTITUTE,SOUTHWEST RESEARCH INSTITUTE INC,USA,TX,BEXAR,SAN ANTONIO,TX-20,TX-20,782385166,UNITED STATES,TEXAS,BEXAR,TX-20,TX-20,782385166,,,AR94,R&D- SPACE: OTHER (ENGINEERING DEVELOPMENT),541611,ADMINISTRATIVE MANAGEMENT AND GENERAL MANAGEMENT CONSULTING SERVICES,,,https://www.usaspending.gov/award/CONT_AWD_HQTR0200204DNASW02008_8000_-NONE-_-NONE-/,2025-01-29
National Aeronautics and Space Administration,National Aeronautics and Space Administration,FY2025P04,,080,2024,2025,,0120,000,080-2024/2025-0120-000,"Science, National Aeronautics and Space Administration",National Aeronautics and Space Administration,,"General Science, Space, and Technology","Space flight, research, and supporting activities",080-0120,"Science, National Aeronautics and Space Administration",0001,SCIENCE (DIRECT),25.5,Research and development contracts,D,Q,Not Designated Nonemergency/Emergency/Disaster/Wildfire Suppression,,805182.88,0.00,0.00,CONT_AWD_HQTR0200204DNASW02008_8000_-NONE-_-NONE-,HQTR0200204DNASW02008,,,,2002-03-15,2002,2025-07-24,2025,2002-03-15,2029-09-30,,D,DEFINITIVE CONTRACT,,,NEW HORIZON -- PLUTO MISSION PHASE B,080,NATIONAL AERONAUTICS AND SPACE ADMINISTRATION (NASA),8000,NATIONAL AERONAUTICS AND SPACE ADMINISTRATION,80MSFC,NASA MARSHALL SPACE FLIGHT CENTER,080,NATIONAL AERONAUTICS AND SPACE ADMINISTRATION (NASA),8000,NATIONAL AERONAUTICS AND SPACE ADMINISTRATION,80MSFC,NASA MARSHALL SPACE FLIGHT CENTER,PB11V1KH3KV4,,SOUTHWEST RESEARCH INSTITUTE,SOUTHWEST RESEARCH INSTITUTE I,PB11V1KH3KV4,PB11V1KH3KV4,SOUTHWEST RESEARCH INSTITUTE,SOUTHWEST RESEARCH INSTITUTE INC,USA,TX,BEXAR,SAN ANTONIO,TX-20,TX-20,782385166,UNITED STATES,TEXAS,BEXAR,TX-20,TX-20,782385166,,,AR94,R&D- SPACE: OTHER (ENGINEERING DEVELOPMENT),541611,ADMINISTRATIVE MANAGEMENT AND GENERAL MANAGEMENT CONSULTING SERVICES,,,https://www.usaspending.gov/award/CONT_AWD_HQTR0200204DNASW02008_8000_-NONE-_-NONE-/,2025-02-28
National Aeronautics and Space Administration,National Aeronautics and Space Administration,FY2025P04,,080,2023,2024,,0120,000,080-2023/2024-0120-000,"Science, National Aeronautics and Space Administration",National Aeronautics and Space Administration,,"General Science, Space, and Technology","Space flight, research, and supporting activities",080-0120,"Science, National Aeronautics and Space Administration",0001,SCIENCE (DIRECT),25.5,Research and development contracts,D,Q,Not Designated Nonemergency/Emergency/Disaster/Wildfire Suppression,,81773.90,0.00,0.00,CONT_AWD_HQTR0200204DNASW02008_8000_-NONE-_-NONE-,HQTR0200204DNASW02008,,,,2002-03-15,2002,2025-07-24,2025,2002-03-15,2029-09-30,,D,DEFINITIVE CONTRACT,,,NEW HORIZON -- PLUTO MISSION PHASE B,080,NATIONAL AERONAUTICS AND SPACE ADMINISTRATION (NASA),8000,NATIONAL AERONAUTICS AND SPACE ADMINISTRATION,80MSFC,NASA MARSHALL SPACE FLIGHT CENTER,080,NATIONAL AERONAUTICS AND SPACE ADMINISTRATION (NASA),8000,NATIONAL AERONAUTICS AND SPACE ADMINISTRATION,80MSFC,NASA MARSHALL SPACE FLIGHT CENTER,PB11V1KH3KV4,,SOUTHWEST RESEARCH INSTITUTE,SOUTHWEST RESEARCH INSTITUTE I,PB11V1KH3KV4,PB11V1KH3KV4,SOUTHWEST RESEARCH INSTITUTE,SOUTHWEST RESEARCH INSTITUTE INC,USA,TX,BEXAR,SAN ANTONIO,TX-20,TX-20,782385166,UNITED STATES,TEXAS,BEXAR,TX-20,TX-20,782385166,,,AR94,R&D- SPACE: OTHER (ENGINEERING DEVELOPMENT),541611,ADMINISTRATIVE MANAGEMENT AND GENERAL MANAGEMENT CONSULTING SERVICES,,,https://www.usaspending.gov/award/CONT_AWD_HQTR0200204DNASW02008_8000_-NONE-_-NONE-/,2025-02-28
National Aeronautics and Space Administration,National Aeronautics and Space Administration,FY2025P05,,080,2024,2025,,0120,000,080-2024/2025-0120-000,"Science, National Aeronautics and Space Administration",National Aeronautics and Space Administration,,"General Science, Space, and Technology","Space flight, research, and supporting activities",080-0120,"Science, National Aeronautics and Space Administration",0001,SCIENCE (DIRECT),25.5,Research and development contracts,D,Q,Not Designated Nonemergency/Emergency/Disaster/Wildfire Suppression,,1176540.08,0.00,0.00,CONT_AWD_HQTR0200204DNASW02008_8000_-NONE-_-NONE-,HQTR0200204DNASW02008,,,,2002-03-15,2002,2025-07-24,2025,2002-03-15,2029-09-30,,D,DEFINITIVE CONTRACT,,,NEW HORIZON -- PLUTO MISSION PHASE B,080,NATIONAL AERONAUTICS AND SPACE ADMINISTRATION (NASA),8000,NATIONAL AERONAUTICS AND SPACE ADMINISTRATION,80MSFC,NASA MARSHALL SPACE FLIGHT CENTER,080,NATIONAL AERONAUTICS AND SPACE ADMINISTRATION (NASA),8000,NATIONAL AERONAUTICS AND SPACE ADMINISTRATION,80MSFC,NASA MARSHALL SPACE FLIGHT CENTER,PB11V1KH3KV4,,SOUTHWEST RESEARCH INSTITUTE,SOUTHWEST RESEARCH INSTITUTE I,PB11V1KH3KV4,PB11V1KH3KV4,SOUTHWEST RESEARCH INSTITUTE,SOUTHWEST RESEARCH INSTITUTE INC,USA,TX,BEXAR,SAN ANTONIO,TX-20,TX-20,782385166,UNITED STATES,TEXAS,BEXAR,TX-20,TX-20,782385166,,,AR94,R&D- SPACE: OTHER (ENGINEERING DEVELOPMENT),541611,ADMINISTRATIVE MANAGEMENT AND GENERAL MANAGEMENT CONSULTING SERVICES,,,https://www.usaspending.gov/award/CONT_AWD_HQTR0200204DNASW02008_8000_-NONE-_-NONE-/,2025-03-31
National Aeronautics and Space Administration,National Aeronautics and Space Administration,FY2025P05,,080,2023,2024,,0120,000,080-2023/2024-0120-000,"Science, National Aeronautics and Space Administration",National Aeronautics and Space Administration,,"General Science, Space, and Technology","Space flight, research, and supporting activities",080-0120,"Science, National Aeronautics and Space Administration",0001,SCIENCE (DIRECT),25.5,Research and development contracts,D,Q,Not Designated Nonemergency/Emergency/Disaster/Wildfire Suppression,,81773.90,0.00,0.00,CONT_AWD_HQTR0200204DNASW02008_8000_-NONE-_-NONE-,HQTR0200204DNASW02008,,,,2002-03-15,2002,2025-07-24,2025,2002-03-15,2029-09-30,,D,DEFINITIVE CONTRACT,,,NEW HORIZON -- PLUTO MISSION PHASE B,080,NATIONAL AERONAUTICS AND SPACE ADMINISTRATION (NASA),8000,NATIONAL AERONAUTICS AND SPACE ADMINISTRATION,80MSFC,NASA MARSHALL SPACE FLIGHT CENTER,080,NATIONAL AERONAUTICS AND SPACE ADMINISTRATION (NASA),8000,NATIONAL AERONAUTICS AND SPACE ADMINISTRATION,80MSFC,NASA MARSHALL SPACE FLIGHT CENTER,PB11V1KH3KV4,,SOUTHWEST RESEARCH INSTITUTE,SOUTHWEST RESEARCH INSTITUTE I,PB11V1KH3KV4,PB11V1KH3KV4,SOUTHWEST RESEARCH INSTITUTE,SOUTHWEST RESEARCH INSTITUTE INC,USA,TX,BEXAR,SAN ANTONIO,TX-20,TX-20,782385166,UNITED STATES,TEXAS,BEXAR,TX-20,TX-20,782385166,,,AR94,R&D- SPACE: OTHER (ENGINEERING DEVELOPMENT),541611,ADMINISTRATIVE MANAGEMENT AND GENERAL MANAGEMENT CONSULTING SERVICES,,,https://www.usaspending.gov/award/CONT_AWD_HQTR0200204DNASW02008_8000_-NONE-_-NONE-/,2025-03-31
National Aeronautics and Space Administration,National Aeronautics and Space Administration,FY2025P05,,080,2025,2026,,0120,000,080-2025/2026-0120-000,"Science, National Aeronautics and Space Administration",National Aeronautics and Space Administration,,"General Science, Space, and Technology","Space flight, research, and supporting activities",080-0120,"Science, National Aeronautics and Space Administration",0001,SCIENCE (DIRECT),25.5,Research and development contracts,D,Q,Not Designated Nonemergency/Emergency/Disaster/Wildfire Suppression,1683600.00,,,,CONT_AWD_HQTR0200204DNASW02008_8000_-NONE-_-NONE-,HQTR0200204DNASW02008,,,,2002-03-15,2002,2025-07-24,2025,2002-03-15,2029-09-30,,D,DEFINITIVE CONTRACT,,,NEW HORIZON -- PLUTO MISSION PHASE B,080,NATIONAL AERONAUTICS AND SPACE ADMINISTRATION (NASA),8000,NATIONAL AERONAUTICS AND SPACE ADMINISTRATION,80MSFC,NASA MARSHALL SPACE FLIGHT CENTER,080,NATIONAL AERONAUTICS AND SPACE ADMINISTRATION (NASA),8000,NATIONAL AERONAUTICS AND SPACE ADMINISTRATION,80MSFC,NASA MARSHALL SPACE FLIGHT CENTER,PB11V1KH3KV4,,SOUTHWEST RESEARCH INSTITUTE,SOUTHWEST RESEARCH INSTITUTE I,PB11V1KH3KV4,PB11V1KH3KV4,SOUTHWEST RESEARCH INSTITUTE,SOUTHWEST RESEARCH INSTITUTE INC,USA,TX,BEXAR,SAN ANTONIO,TX-20,TX-20,782385166,UNITED STATES,TEXAS,BEXAR,TX-20,TX-20,782385166,,,AR94,R&D- SPACE: OTHER (ENGINEERING DEVELOPMENT),541611,ADMINISTRATIVE MANAGEMENT AND GENERAL MANAGEMENT CONSULTING SERVICES,,,https://www.usaspending.gov/award/CONT_AWD_HQTR0200204DNASW02008_8000_-NONE-_-NONE-/,2025-03-31
