owning_agency_name,reporting_agency_name,submission_period,allocation_transfer_agency_identifier_code,agency_identifier_code,beginning_period_of_availability,ending_period_of_availability,availability_type_code,main_account_code,sub_account_code,treasury_account_symbol,treasury_account_name,agency_identifier_name,allocation_transfer_agency_identifier_name,budget_function,budget_subfunction,federal_account_symbol,federal_account_name,program_activity_code,program_activity_name,object_class_code,object_class_name,direct_or_reimbursable_funding_source,disaster_emergency_fund_code,disaster_emergency_fund_name,transaction_obligated_amount,gross_outlay_amount_FYB_to_period_end,USSGL487200_downward_adj_prior_year_prepaid_undeliv_order_oblig,USSGL497200_downward_adj_of_prior_year_paid_deliv_orders_oblig,award_unique_key,award_id_piid,parent_award_id_piid,award_id_fain,award_id_uri,award_base_action_date,award_base_action_date_fiscal_year,award_latest_action_date,award_latest_action_date_fiscal_year,period_of_performance_start_date,period_of_performance_current_end_date,ordering_period_end_date,award_type_code,award_type,idv_type_code,idv_type,prime_award_base_transaction_description,awarding_agency_code,awarding_agency_name,awarding_subagency_code,awarding_subagency_name,awarding_office_code,awarding_office_name,funding_agency_code,funding_agency_name,funding_sub_agency_code,funding_sub_agency_name,funding_office_code,funding_office_name,recipient_uei,recipient_duns,recipient_name,recipient_name_raw,recipient_parent_uei,recipient_parent_duns,recipient_parent_name,recipient_parent_name_raw,recipient_country,recipient_state,recipient_county,recipient_city,prime_award_summary_recipient_cd_original,prime_award_summary_recipient_cd_current,recipient_zip_code,primary_place_of_performance_country,primary_place_of_performance_state,primary_place_of_performance_county,prime_award_summary_place_of_performance_cd_original,prime_award_summary_place_of_performance_cd_current,primary_place_of_performance_zip_code,cfda_number,cfda_title,product_or_service_code,product_or_service_code_description,naics_code,naics_description,national_interest_action_code,national_interest_action,usaspending_permalink,last_modified_date
National Aeronautics and Space Administration,National Aeronautics and Space Administration,FY2020Q2,,080,2020,2021,,0120,000,080-2020/2021-0120-000,"Science, National Aeronautics and Space Administration",National Aeronautics and Space Administration,,"General Science, Space, and Technology","Space flight, research, and supporting activities",080-0120,"Science, National Aeronautics and Space Administration",0001,SCIENCE (DIRECT),25.5,Research and development contracts,D,,,1728000.00,,,,CONT_AWD_80NM0020F0035_8000_80NM0018D0004_8000,80NM0020F0035,80NM0018D0004,,,2020-03-23,2020,2025-11-25,2026,2020-03-23,2026-09-27,,C,DELIVERY ORDER,,,"VERITAS (VENUS EMISSIVITY, RADIO SCIENCE, INSAR, TOPOGRAPHY, AND SPECTROSCOPY) (41-108259)",080,NATIONAL AERONAUTICS AND SPACE ADMINISTRATION (NASA),8000,NATIONAL AERONAUTICS AND SPACE ADMINISTRATION,80NM00,NASA MANAGEMENT OFFICE -- JPL,080,NATIONAL AERONAUTICS AND SPACE ADMINISTRATION (NASA),8000,NATIONAL AERONAUTICS AND SPACE ADMINISTRATION,80NM00,NASA MANAGEMENT OFFICE -- JPL,YC1YP79BFD19,,CALIFORNIA INSTITUTE OF TECHNOLOGY,CALIFORNIA INSTITUTE OF TECHNOLOGY,YC1YP79BFD19,YC1YP79BFD19,CALIFORNIA INSTITUTE OF TECHNOLOGY,CALIFORNIA INSTITUTE OF TECHNOLOGY,USA,CA,LOS ANGELES,PASADENA,CA-28,CA-28,911098001,UNITED STATES,CALIFORNIA,LOS ANGELES,CA-28,CA-28,911098099,,,AR22,R&D- SPACE: SCIENCE/APPLICATIONS (APPLIED RESEARCH/EXPLORATORY DEVELOPMENT),541715,"RESEARCH AND DEVELOPMENT IN THE PHYSICAL, ENGINEERING, AND LIFE SCIENCES (EXCEPT NANOTECHNOLOGY AND BIOTECHNOLOGY)",,,https://www.usaspending.gov/award/CONT_AWD_80NM0020F0035_8000_80NM0018D0004_8000/,2020-05-15
National Aeronautics and Space Administration,National Aeronautics and Space Administration,FY2020P11,,080,2020,2021,,0120,000,080-2020/2021-0120-000,"Science, National Aeronautics and Space Administration",National Aeronautics and Space Administration,,"General Science, Space, and Technology","Space flight, research, and supporting activities",080-0120,"Science, National Aeronautics and Space Administration",0001,SCIENCE (DIRECT),25.5,Research and development contracts,D,Q,Not Designated Nonemergency/Emergency/Disaster/Wildfire Suppression,,426065.68,,,CONT_AWD_80NM0020F0035_8000_80NM0018D0004_8000,80NM0020F0035,80NM0018D0004,,,2020-03-23,2020,2025-11-25,2026,2020-03-23,2026-09-27,,C,DELIVERY ORDER,,,"VERITAS (VENUS EMISSIVITY, RADIO SCIENCE, INSAR, TOPOGRAPHY, AND SPECTROSCOPY) (41-108259)",080,NATIONAL AERONAUTICS AND SPACE ADMINISTRATION (NASA),8000,NATIONAL AERONAUTICS AND SPACE ADMINISTRATION,80NM00,NASA MANAGEMENT OFFICE -- JPL,080,NATIONAL AERONAUTICS AND SPACE ADMINISTRATION (NASA),8000,NATIONAL AERONAUTICS AND SPACE ADMINISTRATION,80NM00,NASA MANAGEMENT OFFICE -- JPL,YC1YP79BFD19,,CALIFORNIA INSTITUTE OF TECHNOLOGY,CALIFORNIA INSTITUTE OF TECHNOLOGY,YC1YP79BFD19,YC1YP79BFD19,CALIFORNIA INSTITUTE OF TECHNOLOGY,CALIFORNIA INSTITUTE OF TECHNOLOGY,USA,CA,LOS ANGELES,PASADENA,CA-28,CA-28,911098001,UNITED STATES,CALIFORNIA,LOS ANGELES,CA-28,CA-28,911098099,,,AR22,R&D- SPACE: SCIENCE/APPLICATIONS (APPLIED RESEARCH/EXPLORATORY DEVELOPMENT),541715,"RESEARCH AND DEVELOPMENT IN THE PHYSICAL, ENGINEERING, AND LIFE SCIENCES (EXCEPT NANOTECHNOLOGY AND BIOTECHNOLOGY)",,,https://www.usaspending.gov/award/CONT_AWD_80NM0020F0035_8000_80NM0018D0004_8000/,2020-09-28
National Aeronautics and Space Administration,National Aeronautics and Space Administration,FY2020P11,,080,2019,2020,,0120,000,080-2019/2020-0120-000,"Science, National Aeronautics and Space Administration",National Aeronautics and Space Administration,,"General Science, Space, and Technology","Space flight, research, and supporting activities",080-0120,"Science, National Aeronautics and Space Administration",0001,SCIENCE (DIRECT),25.5,Research and development contracts,D,Q,Not Designated Nonemergency/Emergency/Disaster/Wildfire Suppression,,75479.00,,,CONT_AWD_80NM0020F0035_8000_80NM0018D0004_8000,80NM0020F0035,80NM0018D0004,,,2020-03-23,2020,2025-11-25,2026,2020-03-23,2026-09-27,,C,DELIVERY ORDER,,,"VERITAS (VENUS EMISSIVITY, RADIO SCIENCE, INSAR, TOPOGRAPHY, AND SPECTROSCOPY) (41-108259)",080,NATIONAL AERONAUTICS AND SPACE ADMINISTRATION (NASA),8000,NATIONAL AERONAUTICS AND SPACE ADMINISTRATION,80NM00,NASA MANAGEMENT OFFICE -- JPL,080,NATIONAL AERONAUTICS AND SPACE ADMINISTRATION (NASA),8000,NATIONAL AERONAUTICS AND SPACE ADMINISTRATION,80NM00,NASA MANAGEMENT OFFICE -- JPL,YC1YP79BFD19,,CALIFORNIA INSTITUTE OF TECHNOLOGY,CALIFORNIA INSTITUTE OF TECHNOLOGY,YC1YP79BFD19,YC1YP79BFD19,CALIFORNIA INSTITUTE OF TECHNOLOGY,CALIFORNIA INSTITUTE OF TECHNOLOGY,USA,CA,LOS ANGELES,PASADENA,CA-28,CA-28,911098001,UNITED STATES,CALIFORNIA,LOS ANGELES,CA-28,CA-28,911098099,,,AR22,R&D- SPACE: SCIENCE/APPLICATIONS (APPLIED RESEARCH/EXPLORATORY DEVELOPMENT),541715,"RESEARCH AND DEVELOPMENT IN THE PHYSICAL, ENGINEERING, AND LIFE SCIENCES (EXCEPT NANOTECHNOLOGY AND BIOTECHNOLOGY)",,,https://www.usaspending.gov/award/CONT_AWD_80NM0020F0035_8000_80NM0018D0004_8000/,2020-09-28
National Aeronautics and Space Administration,National Aeronautics and Space Administration,FY2020P11,,080,2019,2020,,0120,000,080-2019/2020-0120-000,"Science, National Aeronautics and Space Administration",National Aeronautics and Space Administration,,"General Science, Space, and Technology","Space flight, research, and supporting activities",080-0120,"Science, National Aeronautics and Space Administration",0001,SCIENCE (DIRECT),25.5,Research and development contracts,D,Q,Not Designated Nonemergency/Emergency/Disaster/Wildfire Suppression,75479.00,,,,CONT_AWD_80NM0020F0035_8000_80NM0018D0004_8000,80NM0020F0035,80NM0018D0004,,,2020-03-23,2020,2025-11-25,2026,2020-03-23,2026-09-27,,C,DELIVERY ORDER,,,"VERITAS (VENUS EMISSIVITY, RADIO SCIENCE, INSAR, TOPOGRAPHY, AND SPECTROSCOPY) (41-108259)",080,NATIONAL AERONAUTICS AND SPACE ADMINISTRATION (NASA),8000,NATIONAL AERONAUTICS AND SPACE ADMINISTRATION,80NM00,NASA MANAGEMENT OFFICE -- JPL,080,NATIONAL AERONAUTICS AND SPACE ADMINISTRATION (NASA),8000,NATIONAL AERONAUTICS AND SPACE ADMINISTRATION,80NM00,NASA MANAGEMENT OFFICE -- JPL,YC1YP79BFD19,,CALIFORNIA INSTITUTE OF TECHNOLOGY,CALIFORNIA INSTITUTE OF TECHNOLOGY,YC1YP79BFD19,YC1YP79BFD19,CALIFORNIA INSTITUTE OF TECHNOLOGY,CALIFORNIA INSTITUTE OF TECHNOLOGY,USA,CA,LOS ANGELES,PASADENA,CA-28,CA-28,911098001,UNITED STATES,CALIFORNIA,LOS ANGELES,CA-28,CA-28,911098099,,,AR22,R&D- SPACE: SCIENCE/APPLICATIONS (APPLIED RESEARCH/EXPLORATORY DEVELOPMENT),541715,"RESEARCH AND DEVELOPMENT IN THE PHYSICAL, ENGINEERING, AND LIFE SCIENCES (EXCEPT NANOTECHNOLOGY AND BIOTECHNOLOGY)",,,https://www.usaspending.gov/award/CONT_AWD_80NM0020F0035_8000_80NM0018D0004_8000/,2020-09-28
National Aeronautics and Space Administration,National Aeronautics and Space Administration,FY2020P12,,080,2020,2021,,0120,000,080-2020/2021-0120-000,"Science, National Aeronautics and Space Administration",National Aeronautics and Space Administration,,"General Science, Space, and Technology","Space flight, research, and supporting activities",080-0120,"Science, National Aeronautics and Space Administration",0001,SCIENCE (DIRECT),25.5,Research and development contracts,D,Q,Not Designated Nonemergency/Emergency/Disaster/Wildfire Suppression,,976185.61,,,CONT_AWD_80NM0020F0035_8000_80NM0018D0004_8000,80NM0020F0035,80NM0018D0004,,,2020-03-23,2020,2025-11-25,2026,2020-03-23,2026-09-27,,C,DELIVERY ORDER,,,"VERITAS (VENUS EMISSIVITY, RADIO SCIENCE, INSAR, TOPOGRAPHY, AND SPECTROSCOPY) (41-108259)",080,NATIONAL AERONAUTICS AND SPACE ADMINISTRATION (NASA),8000,NATIONAL AERONAUTICS AND SPACE ADMINISTRATION,80NM00,NASA MANAGEMENT OFFICE -- JPL,080,NATIONAL AERONAUTICS AND SPACE ADMINISTRATION (NASA),8000,NATIONAL AERONAUTICS AND SPACE ADMINISTRATION,80NM00,NASA MANAGEMENT OFFICE -- JPL,YC1YP79BFD19,,CALIFORNIA INSTITUTE OF TECHNOLOGY,CALIFORNIA INSTITUTE OF TECHNOLOGY,YC1YP79BFD19,YC1YP79BFD19,CALIFORNIA INSTITUTE OF TECHNOLOGY,CALIFORNIA INSTITUTE OF TECHNOLOGY,USA,CA,LOS ANGELES,PASADENA,CA-28,CA-28,911098001,UNITED STATES,CALIFORNIA,LOS ANGELES,CA-28,CA-28,911098099,,,AR22,R&D- SPACE: SCIENCE/APPLICATIONS (APPLIED RESEARCH/EXPLORATORY DEVELOPMENT),541715,"RESEARCH AND DEVELOPMENT IN THE PHYSICAL, ENGINEERING, AND LIFE SCIENCES (EXCEPT NANOTECHNOLOGY AND BIOTECHNOLOGY)",,,https://www.usaspending.gov/award/CONT_AWD_80NM0020F0035_8000_80NM0018D0004_8000/,2020-10-29
National Aeronautics and Space Administration,National Aeronautics and Space Administration,FY2020P12,,080,2019,2020,,0120,000,080-2019/2020-0120-000,"Science, National Aeronautics and Space Administration",National Aeronautics and Space Administration,,"General Science, Space, and Technology","Space flight, research, and supporting activities",080-0120,"Science, National Aeronautics and Space Administration",0001,SCIENCE (DIRECT),25.5,Research and development contracts,D,Q,Not Designated Nonemergency/Emergency/Disaster/Wildfire Suppression,,75479.00,,,CONT_AWD_80NM0020F0035_8000_80NM0018D0004_8000,80NM0020F0035,80NM0018D0004,,,2020-03-23,2020,2025-11-25,2026,2020-03-23,2026-09-27,,C,DELIVERY ORDER,,,"VERITAS (VENUS EMISSIVITY, RADIO SCIENCE, INSAR, TOPOGRAPHY, AND SPECTROSCOPY) (41-108259)",080,NATIONAL AERONAUTICS AND SPACE ADMINISTRATION (NASA),8000,NATIONAL AERONAUTICS AND SPACE ADMINISTRATION,80NM00,NASA MANAGEMENT OFFICE -- JPL,080,NATIONAL AERONAUTICS AND SPACE ADMINISTRATION (NASA),8000,NATIONAL AERONAUTICS AND SPACE ADMINISTRATION,80NM00,NASA MANAGEMENT OFFICE -- JPL,YC1YP79BFD19,,CALIFORNIA INSTITUTE OF TECHNOLOGY,CALIFORNIA INSTITUTE OF TECHNOLOGY,YC1YP79BFD19,YC1YP79BFD19,CALIFORNIA INSTITUTE OF TECHNOLOGY,CALIFORNIA INSTITUTE OF TECHNOLOGY,USA,CA,LOS ANGELES,PASADENA,CA-28,CA-28,911098001,UNITED STATES,CALIFORNIA,LOS ANGELES,CA-28,CA-28,911098099,,,AR22,R&D- SPACE: SCIENCE/APPLICATIONS (APPLIED RESEARCH/EXPLORATORY DEVELOPMENT),541715,"RESEARCH AND DEVELOPMENT IN THE PHYSICAL, ENGINEERING, AND LIFE SCIENCES (EXCEPT NANOTECHNOLOGY AND BIOTECHNOLOGY)",,,https://www.usaspending.gov/award/CONT_AWD_80NM0020F0035_8000_80NM0018D0004_8000/,2020-10-29
National Aeronautics and Space Administration,National Aeronautics and Space Administration,FY2021P03,,080,2020,2021,,0120,000,080-2020/2021-0120-000,"Science, National Aeronautics and Space Administration",National Aeronautics and Space Administration,,"General Science, Space, and Technology","Space flight, research, and supporting activities",080-0120,"Science, National Aeronautics and Space Administration",0001,SCIENCE (DIRECT),25.5,Research and development contracts,D,Q,Not Designated Nonemergency/Emergency/Disaster/Wildfire Suppression,,751814.39,,,CONT_AWD_80NM0020F0035_8000_80NM0018D0004_8000,80NM0020F0035,80NM0018D0004,,,2020-03-23,2020,2025-11-25,2026,2020-03-23,2026-09-27,,C,DELIVERY ORDER,,,"VERITAS (VENUS EMISSIVITY, RADIO SCIENCE, INSAR, TOPOGRAPHY, AND SPECTROSCOPY) (41-108259)",080,NATIONAL AERONAUTICS AND SPACE ADMINISTRATION (NASA),8000,NATIONAL AERONAUTICS AND SPACE ADMINISTRATION,80NM00,NASA MANAGEMENT OFFICE -- JPL,080,NATIONAL AERONAUTICS AND SPACE ADMINISTRATION (NASA),8000,NATIONAL AERONAUTICS AND SPACE ADMINISTRATION,80NM00,NASA MANAGEMENT OFFICE -- JPL,YC1YP79BFD19,,CALIFORNIA INSTITUTE OF TECHNOLOGY,CALIFORNIA INSTITUTE OF TECHNOLOGY,YC1YP79BFD19,YC1YP79BFD19,CALIFORNIA INSTITUTE OF TECHNOLOGY,CALIFORNIA INSTITUTE OF TECHNOLOGY,USA,CA,LOS ANGELES,PASADENA,CA-28,CA-28,911098001,UNITED STATES,CALIFORNIA,LOS ANGELES,CA-28,CA-28,911098099,,,AR22,R&D- SPACE: SCIENCE/APPLICATIONS (APPLIED RESEARCH/EXPLORATORY DEVELOPMENT),541715,"RESEARCH AND DEVELOPMENT IN THE PHYSICAL, ENGINEERING, AND LIFE SCIENCES (EXCEPT NANOTECHNOLOGY AND BIOTECHNOLOGY)",,,https://www.usaspending.gov/award/CONT_AWD_80NM0020F0035_8000_80NM0018D0004_8000/,2021-02-07
National Aeronautics and Space Administration,National Aeronautics and Space Administration,FY2021P03,,080,2021,2022,,0120,000,080-2021/2022-0120-000,"Science, National Aeronautics and Space Administration",National Aeronautics and Space Administration,,"General Science, Space, and Technology","Space flight, research, and supporting activities",080-0120,"Science, National Aeronautics and Space Administration",0001,SCIENCE (DIRECT),25.5,Research and development contracts,D,Q,Not Designated Nonemergency/Emergency/Disaster/Wildfire Suppression,,434402.08,,,CONT_AWD_80NM0020F0035_8000_80NM0018D0004_8000,80NM0020F0035,80NM0018D0004,,,2020-03-23,2020,2025-11-25,2026,2020-03-23,2026-09-27,,C,DELIVERY ORDER,,,"VERITAS (VENUS EMISSIVITY, RADIO SCIENCE, INSAR, TOPOGRAPHY, AND SPECTROSCOPY) (41-108259)",080,NATIONAL AERONAUTICS AND SPACE ADMINISTRATION (NASA),8000,NATIONAL AERONAUTICS AND SPACE ADMINISTRATION,80NM00,NASA MANAGEMENT OFFICE -- JPL,080,NATIONAL AERONAUTICS AND SPACE ADMINISTRATION (NASA),8000,NATIONAL AERONAUTICS AND SPACE ADMINISTRATION,80NM00,NASA MANAGEMENT OFFICE -- JPL,YC1YP79BFD19,,CALIFORNIA INSTITUTE OF TECHNOLOGY,CALIFORNIA INSTITUTE OF TECHNOLOGY,YC1YP79BFD19,YC1YP79BFD19,CALIFORNIA INSTITUTE OF TECHNOLOGY,CALIFORNIA INSTITUTE OF TECHNOLOGY,USA,CA,LOS ANGELES,PASADENA,CA-28,CA-28,911098001,UNITED STATES,CALIFORNIA,LOS ANGELES,CA-28,CA-28,911098099,,,AR22,R&D- SPACE: SCIENCE/APPLICATIONS (APPLIED RESEARCH/EXPLORATORY DEVELOPMENT),541715,"RESEARCH AND DEVELOPMENT IN THE PHYSICAL, ENGINEERING, AND LIFE SCIENCES (EXCEPT NANOTECHNOLOGY AND BIOTECHNOLOGY)",,,https://www.usaspending.gov/award/CONT_AWD_80NM0020F0035_8000_80NM0018D0004_8000/,2021-02-07
National Aeronautics and Space Administration,National Aeronautics and Space Administration,FY2021P02,,080,2020,2021,,0120,000,080-2020/2021-0120-000,"Science, National Aeronautics and Space Administration",National Aeronautics and Space Administration,,"General Science, Space, and Technology","Space flight, research, and supporting activities",080-0120,"Science, National Aeronautics and Space Administration",0001,SCIENCE (DIRECT),25.5,Research and development contracts,D,Q,Not Designated Nonemergency/Emergency/Disaster/Wildfire Suppression,,429746.51,,,CONT_AWD_80NM0020F0035_8000_80NM0018D0004_8000,80NM0020F0035,80NM0018D0004,,,2020-03-23,2020,2025-11-25,2026,2020-03-23,2026-09-27,,C,DELIVERY ORDER,,,"VERITAS (VENUS EMISSIVITY, RADIO SCIENCE, INSAR, TOPOGRAPHY, AND SPECTROSCOPY) (41-108259)",080,NATIONAL AERONAUTICS AND SPACE ADMINISTRATION (NASA),8000,NATIONAL AERONAUTICS AND SPACE ADMINISTRATION,80NM00,NASA MANAGEMENT OFFICE -- JPL,080,NATIONAL AERONAUTICS AND SPACE ADMINISTRATION (NASA),8000,NATIONAL AERONAUTICS AND SPACE ADMINISTRATION,80NM00,NASA MANAGEMENT OFFICE -- JPL,YC1YP79BFD19,,CALIFORNIA INSTITUTE OF TECHNOLOGY,CALIFORNIA INSTITUTE OF TECHNOLOGY,YC1YP79BFD19,YC1YP79BFD19,CALIFORNIA INSTITUTE OF TECHNOLOGY,CALIFORNIA INSTITUTE OF TECHNOLOGY,USA,CA,LOS ANGELES,PASADENA,CA-28,CA-28,911098001,UNITED STATES,CALIFORNIA,LOS ANGELES,CA-28,CA-28,911098099,,,AR22,R&D- SPACE: SCIENCE/APPLICATIONS (APPLIED RESEARCH/EXPLORATORY DEVELOPMENT),541715,"RESEARCH AND DEVELOPMENT IN THE PHYSICAL, ENGINEERING, AND LIFE SCIENCES (EXCEPT NANOTECHNOLOGY AND BIOTECHNOLOGY)",,,https://www.usaspending.gov/award/CONT_AWD_80NM0020F0035_8000_80NM0018D0004_8000/,2021-02-07
National Aeronautics and Space Administration,National Aeronautics and Space Administration,FY2021P02,,080,2020,2021,,0120,000,080-2020/2021-0120-000,"Science, National Aeronautics and Space Administration",National Aeronautics and Space Administration,,"General Science, Space, and Technology","Space flight, research, and supporting activities",080-0120,"Science, National Aeronautics and Space Administration",0001,SCIENCE (DIRECT),25.5,Research and development contracts,D,Q,Not Designated Nonemergency/Emergency/Disaster/Wildfire Suppression,,751814.39,,,CONT_AWD_80NM0020F0035_8000_80NM0018D0004_8000,80NM0020F0035,80NM0018D0004,,,2020-03-23,2020,2025-11-25,2026,2020-03-23,2026-09-27,,C,DELIVERY ORDER,,,"VERITAS (VENUS EMISSIVITY, RADIO SCIENCE, INSAR, TOPOGRAPHY, AND SPECTROSCOPY) (41-108259)",080,NATIONAL AERONAUTICS AND SPACE ADMINISTRATION (NASA),8000,NATIONAL AERONAUTICS AND SPACE ADMINISTRATION,80NM00,NASA MANAGEMENT OFFICE -- JPL,080,NATIONAL AERONAUTICS AND SPACE ADMINISTRATION (NASA),8000,NATIONAL AERONAUTICS AND SPACE ADMINISTRATION,80NM00,NASA MANAGEMENT OFFICE -- JPL,YC1YP79BFD19,,CALIFORNIA INSTITUTE OF TECHNOLOGY,CALIFORNIA INSTITUTE OF TECHNOLOGY,YC1YP79BFD19,YC1YP79BFD19,CALIFORNIA INSTITUTE OF TECHNOLOGY,CALIFORNIA INSTITUTE OF TECHNOLOGY,USA,CA,LOS ANGELES,PASADENA,CA-28,CA-28,911098001,UNITED STATES,CALIFORNIA,LOS ANGELES,CA-28,CA-28,911098099,,,AR22,R&D- SPACE: SCIENCE/APPLICATIONS (APPLIED RESEARCH/EXPLORATORY DEVELOPMENT),541715,"RESEARCH AND DEVELOPMENT IN THE PHYSICAL, ENGINEERING, AND LIFE SCIENCES (EXCEPT NANOTECHNOLOGY AND BIOTECHNOLOGY)",,,https://www.usaspending.gov/award/CONT_AWD_80NM0020F0035_8000_80NM0018D0004_8000/,2021-02-07
National Aeronautics and Space Administration,National Aeronautics and Space Administration,FY2021P02,,080,2021,2022,,0120,000,080-2021/2022-0120-000,"Science, National Aeronautics and Space Administration",National Aeronautics and Space Administration,,"General Science, Space, and Technology","Space flight, research, and supporting activities",080-0120,"Science, National Aeronautics and Space Administration",0001,SCIENCE (DIRECT),25.5,Research and development contracts,D,Q,Not Designated Nonemergency/Emergency/Disaster/Wildfire Suppression,,117515.70,,,CONT_AWD_80NM0020F0035_8000_80NM0018D0004_8000,80NM0020F0035,80NM0018D0004,,,2020-03-23,2020,2025-11-25,2026,2020-03-23,2026-09-27,,C,DELIVERY ORDER,,,"VERITAS (VENUS EMISSIVITY, RADIO SCIENCE, INSAR, TOPOGRAPHY, AND SPECTROSCOPY) (41-108259)",080,NATIONAL AERONAUTICS AND SPACE ADMINISTRATION (NASA),8000,NATIONAL AERONAUTICS AND SPACE ADMINISTRATION,80NM00,NASA MANAGEMENT OFFICE -- JPL,080,NATIONAL AERONAUTICS AND SPACE ADMINISTRATION (NASA),8000,NATIONAL AERONAUTICS AND SPACE ADMINISTRATION,80NM00,NASA MANAGEMENT OFFICE -- JPL,YC1YP79BFD19,,CALIFORNIA INSTITUTE OF TECHNOLOGY,CALIFORNIA INSTITUTE OF TECHNOLOGY,YC1YP79BFD19,YC1YP79BFD19,CALIFORNIA INSTITUTE OF TECHNOLOGY,CALIFORNIA INSTITUTE OF TECHNOLOGY,USA,CA,LOS ANGELES,PASADENA,CA-28,CA-28,911098001,UNITED STATES,CALIFORNIA,LOS ANGELES,CA-28,CA-28,911098099,,,AR22,R&D- SPACE: SCIENCE/APPLICATIONS (APPLIED RESEARCH/EXPLORATORY DEVELOPMENT),541715,"RESEARCH AND DEVELOPMENT IN THE PHYSICAL, ENGINEERING, AND LIFE SCIENCES (EXCEPT NANOTECHNOLOGY AND BIOTECHNOLOGY)",,,https://www.usaspending.gov/award/CONT_AWD_80NM0020F0035_8000_80NM0018D0004_8000/,2021-02-07
National Aeronautics and Space Administration,National Aeronautics and Space Administration,FY2021P02,,080,2021,2022,,0120,000,080-2021/2022-0120-000,"Science, National Aeronautics and Space Administration",National Aeronautics and Space Administration,,"General Science, Space, and Technology","Space flight, research, and supporting activities",080-0120,"Science, National Aeronautics and Space Administration",0001,SCIENCE (DIRECT),25.5,Research and development contracts,D,Q,Not Designated Nonemergency/Emergency/Disaster/Wildfire Suppression,1151312.00,,,,CONT_AWD_80NM0020F0035_8000_80NM0018D0004_8000,80NM0020F0035,80NM0018D0004,,,2020-03-23,2020,2025-11-25,2026,2020-03-23,2026-09-27,,C,DELIVERY ORDER,,,"VERITAS (VENUS EMISSIVITY, RADIO SCIENCE, INSAR, TOPOGRAPHY, AND SPECTROSCOPY) (41-108259)",080,NATIONAL AERONAUTICS AND SPACE ADMINISTRATION (NASA),8000,NATIONAL AERONAUTICS AND SPACE ADMINISTRATION,80NM00,NASA MANAGEMENT OFFICE -- JPL,080,NATIONAL AERONAUTICS AND SPACE ADMINISTRATION (NASA),8000,NATIONAL AERONAUTICS AND SPACE ADMINISTRATION,80NM00,NASA MANAGEMENT OFFICE -- JPL,YC1YP79BFD19,,CALIFORNIA INSTITUTE OF TECHNOLOGY,CALIFORNIA INSTITUTE OF TECHNOLOGY,YC1YP79BFD19,YC1YP79BFD19,CALIFORNIA INSTITUTE OF TECHNOLOGY,CALIFORNIA INSTITUTE OF TECHNOLOGY,USA,CA,LOS ANGELES,PASADENA,CA-28,CA-28,911098001,UNITED STATES,CALIFORNIA,LOS ANGELES,CA-28,CA-28,911098099,,,AR22,R&D- SPACE: SCIENCE/APPLICATIONS (APPLIED RESEARCH/EXPLORATORY DEVELOPMENT),541715,"RESEARCH AND DEVELOPMENT IN THE PHYSICAL, ENGINEERING, AND LIFE SCIENCES (EXCEPT NANOTECHNOLOGY AND BIOTECHNOLOGY)",,,https://www.usaspending.gov/award/CONT_AWD_80NM0020F0035_8000_80NM0018D0004_8000/,2021-02-07
National Aeronautics and Space Administration,National Aeronautics and Space Administration,FY2021P04,,080,2020,2021,,0120,000,080-2020/2021-0120-000,"Science, National Aeronautics and Space Administration",National Aeronautics and Space Administration,,"General Science, Space, and Technology","Space flight, research, and supporting activities",080-0120,"Science, National Aeronautics and Space Administration",0001,SCIENCE (DIRECT),25.5,Research and development contracts,D,Q,Not Designated Nonemergency/Emergency/Disaster/Wildfire Suppression,,751814.39,,,CONT_AWD_80NM0020F0035_8000_80NM0018D0004_8000,80NM0020F0035,80NM0018D0004,,,2020-03-23,2020,2025-11-25,2026,2020-03-23,2026-09-27,,C,DELIVERY ORDER,,,"VERITAS (VENUS EMISSIVITY, RADIO SCIENCE, INSAR, TOPOGRAPHY, AND SPECTROSCOPY) (41-108259)",080,NATIONAL AERONAUTICS AND SPACE ADMINISTRATION (NASA),8000,NATIONAL AERONAUTICS AND SPACE ADMINISTRATION,80NM00,NASA MANAGEMENT OFFICE -- JPL,080,NATIONAL AERONAUTICS AND SPACE ADMINISTRATION (NASA),8000,NATIONAL AERONAUTICS AND SPACE ADMINISTRATION,80NM00,NASA MANAGEMENT OFFICE -- JPL,YC1YP79BFD19,,CALIFORNIA INSTITUTE OF TECHNOLOGY,CALIFORNIA INSTITUTE OF TECHNOLOGY,YC1YP79BFD19,YC1YP79BFD19,CALIFORNIA INSTITUTE OF TECHNOLOGY,CALIFORNIA INSTITUTE OF TECHNOLOGY,USA,CA,LOS ANGELES,PASADENA,CA-28,CA-28,911098001,UNITED STATES,CALIFORNIA,LOS ANGELES,CA-28,CA-28,911098099,,,AR22,R&D- SPACE: SCIENCE/APPLICATIONS (APPLIED RESEARCH/EXPLORATORY DEVELOPMENT),541715,"RESEARCH AND DEVELOPMENT IN THE PHYSICAL, ENGINEERING, AND LIFE SCIENCES (EXCEPT NANOTECHNOLOGY AND BIOTECHNOLOGY)",,,https://www.usaspending.gov/award/CONT_AWD_80NM0020F0035_8000_80NM0018D0004_8000/,2021-02-26
National Aeronautics and Space Administration,National Aeronautics and Space Administration,FY2021P04,,080,2021,2022,,0120,000,080-2021/2022-0120-000,"Science, National Aeronautics and Space Administration",National Aeronautics and Space Administration,,"General Science, Space, and Technology","Space flight, research, and supporting activities",080-0120,"Science, National Aeronautics and Space Administration",0001,SCIENCE (DIRECT),25.5,Research and development contracts,D,Q,Not Designated Nonemergency/Emergency/Disaster/Wildfire Suppression,,484961.87,,,CONT_AWD_80NM0020F0035_8000_80NM0018D0004_8000,80NM0020F0035,80NM0018D0004,,,2020-03-23,2020,2025-11-25,2026,2020-03-23,2026-09-27,,C,DELIVERY ORDER,,,"VERITAS (VENUS EMISSIVITY, RADIO SCIENCE, INSAR, TOPOGRAPHY, AND SPECTROSCOPY) (41-108259)",080,NATIONAL AERONAUTICS AND SPACE ADMINISTRATION (NASA),8000,NATIONAL AERONAUTICS AND SPACE ADMINISTRATION,80NM00,NASA MANAGEMENT OFFICE -- JPL,080,NATIONAL AERONAUTICS AND SPACE ADMINISTRATION (NASA),8000,NATIONAL AERONAUTICS AND SPACE ADMINISTRATION,80NM00,NASA MANAGEMENT OFFICE -- JPL,YC1YP79BFD19,,CALIFORNIA INSTITUTE OF TECHNOLOGY,CALIFORNIA INSTITUTE OF TECHNOLOGY,YC1YP79BFD19,YC1YP79BFD19,CALIFORNIA INSTITUTE OF TECHNOLOGY,CALIFORNIA INSTITUTE OF TECHNOLOGY,USA,CA,LOS ANGELES,PASADENA,CA-28,CA-28,911098001,UNITED STATES,CALIFORNIA,LOS ANGELES,CA-28,CA-28,911098099,,,AR22,R&D- SPACE: SCIENCE/APPLICATIONS (APPLIED RESEARCH/EXPLORATORY DEVELOPMENT),541715,"RESEARCH AND DEVELOPMENT IN THE PHYSICAL, ENGINEERING, AND LIFE SCIENCES (EXCEPT NANOTECHNOLOGY AND BIOTECHNOLOGY)",,,https://www.usaspending.gov/award/CONT_AWD_80NM0020F0035_8000_80NM0018D0004_8000/,2021-02-26
National Aeronautics and Space Administration,National Aeronautics and Space Administration,FY2021P05,,080,2020,2021,,0120,000,080-2020/2021-0120-000,"Science, National Aeronautics and Space Administration",National Aeronautics and Space Administration,,"General Science, Space, and Technology","Space flight, research, and supporting activities",080-0120,"Science, National Aeronautics and Space Administration",0001,SCIENCE (DIRECT),25.5,Research and development contracts,D,Q,Not Designated Nonemergency/Emergency/Disaster/Wildfire Suppression,,751814.39,,,CONT_AWD_80NM0020F0035_8000_80NM0018D0004_8000,80NM0020F0035,80NM0018D0004,,,2020-03-23,2020,2025-11-25,2026,2020-03-23,2026-09-27,,C,DELIVERY ORDER,,,"VERITAS (VENUS EMISSIVITY, RADIO SCIENCE, INSAR, TOPOGRAPHY, AND SPECTROSCOPY) (41-108259)",080,NATIONAL AERONAUTICS AND SPACE ADMINISTRATION (NASA),8000,NATIONAL AERONAUTICS AND SPACE ADMINISTRATION,80NM00,NASA MANAGEMENT OFFICE -- JPL,080,NATIONAL AERONAUTICS AND SPACE ADMINISTRATION (NASA),8000,NATIONAL AERONAUTICS AND SPACE ADMINISTRATION,80NM00,NASA MANAGEMENT OFFICE -- JPL,YC1YP79BFD19,,CALIFORNIA INSTITUTE OF TECHNOLOGY,CALIFORNIA INSTITUTE OF TECHNOLOGY,YC1YP79BFD19,YC1YP79BFD19,CALIFORNIA INSTITUTE OF TECHNOLOGY,CALIFORNIA INSTITUTE OF TECHNOLOGY,USA,CA,LOS ANGELES,PASADENA,CA-28,CA-28,911098001,UNITED STATES,CALIFORNIA,LOS ANGELES,CA-28,CA-28,911098099,,,AR22,R&D- SPACE: SCIENCE/APPLICATIONS (APPLIED RESEARCH/EXPLORATORY DEVELOPMENT),541715,"RESEARCH AND DEVELOPMENT IN THE PHYSICAL, ENGINEERING, AND LIFE SCIENCES (EXCEPT NANOTECHNOLOGY AND BIOTECHNOLOGY)",,,https://www.usaspending.gov/award/CONT_AWD_80NM0020F0035_8000_80NM0018D0004_8000/,2021-03-26
National Aeronautics and Space Administration,National Aeronautics and Space Administration,FY2021P05,,080,2021,2022,,0120,000,080-2021/2022-0120-000,"Science, National Aeronautics and Space Administration",National Aeronautics and Space Administration,,"General Science, Space, and Technology","Space flight, research, and supporting activities",080-0120,"Science, National Aeronautics and Space Administration",0001,SCIENCE (DIRECT),25.5,Research and development contracts,D,Q,Not Designated Nonemergency/Emergency/Disaster/Wildfire Suppression,,546494.47,,,CONT_AWD_80NM0020F0035_8000_80NM0018D0004_8000,80NM0020F0035,80NM0018D0004,,,2020-03-23,2020,2025-11-25,2026,2020-03-23,2026-09-27,,C,DELIVERY ORDER,,,"VERITAS (VENUS EMISSIVITY, RADIO SCIENCE, INSAR, TOPOGRAPHY, AND SPECTROSCOPY) (41-108259)",080,NATIONAL AERONAUTICS AND SPACE ADMINISTRATION (NASA),8000,NATIONAL AERONAUTICS AND SPACE ADMINISTRATION,80NM00,NASA MANAGEMENT OFFICE -- JPL,080,NATIONAL AERONAUTICS AND SPACE ADMINISTRATION (NASA),8000,NATIONAL AERONAUTICS AND SPACE ADMINISTRATION,80NM00,NASA MANAGEMENT OFFICE -- JPL,YC1YP79BFD19,,CALIFORNIA INSTITUTE OF TECHNOLOGY,CALIFORNIA INSTITUTE OF TECHNOLOGY,YC1YP79BFD19,YC1YP79BFD19,CALIFORNIA INSTITUTE OF TECHNOLOGY,CALIFORNIA INSTITUTE OF TECHNOLOGY,USA,CA,LOS ANGELES,PASADENA,CA-28,CA-28,911098001,UNITED STATES,CALIFORNIA,LOS ANGELES,CA-28,CA-28,911098099,,,AR22,R&D- SPACE: SCIENCE/APPLICATIONS (APPLIED RESEARCH/EXPLORATORY DEVELOPMENT),541715,"RESEARCH AND DEVELOPMENT IN THE PHYSICAL, ENGINEERING, AND LIFE SCIENCES (EXCEPT NANOTECHNOLOGY AND BIOTECHNOLOGY)",,,https://www.usaspending.gov/award/CONT_AWD_80NM0020F0035_8000_80NM0018D0004_8000/,2021-03-26
National Aeronautics and Space Administration,National Aeronautics and Space Administration,FY2021P06,,080,2020,2021,,0120,000,080-2020/2021-0120-000,"Science, National Aeronautics and Space Administration",National Aeronautics and Space Administration,,"General Science, Space, and Technology","Space flight, research, and supporting activities",080-0120,"Science, National Aeronautics and Space Administration",0001,SCIENCE (DIRECT),25.5,Research and development contracts,D,Q,Not Designated Nonemergency/Emergency/Disaster/Wildfire Suppression,,751814.39,,,CONT_AWD_80NM0020F0035_8000_80NM0018D0004_8000,80NM0020F0035,80NM0018D0004,,,2020-03-23,2020,2025-11-25,2026,2020-03-23,2026-09-27,,C,DELIVERY ORDER,,,"VERITAS (VENUS EMISSIVITY, RADIO SCIENCE, INSAR, TOPOGRAPHY, AND SPECTROSCOPY) (41-108259)",080,NATIONAL AERONAUTICS AND SPACE ADMINISTRATION (NASA),8000,NATIONAL AERONAUTICS AND SPACE ADMINISTRATION,80NM00,NASA MANAGEMENT OFFICE -- JPL,080,NATIONAL AERONAUTICS AND SPACE ADMINISTRATION (NASA),8000,NATIONAL AERONAUTICS AND SPACE ADMINISTRATION,80NM00,NASA MANAGEMENT OFFICE -- JPL,YC1YP79BFD19,,CALIFORNIA INSTITUTE OF TECHNOLOGY,CALIFORNIA INSTITUTE OF TECHNOLOGY,YC1YP79BFD19,YC1YP79BFD19,CALIFORNIA INSTITUTE OF TECHNOLOGY,CALIFORNIA INSTITUTE OF TECHNOLOGY,USA,CA,LOS ANGELES,PASADENA,CA-28,CA-28,911098001,UNITED STATES,CALIFORNIA,LOS ANGELES,CA-28,CA-28,911098099,,,AR22,R&D- SPACE: SCIENCE/APPLICATIONS (APPLIED RESEARCH/EXPLORATORY DEVELOPMENT),541715,"RESEARCH AND DEVELOPMENT IN THE PHYSICAL, ENGINEERING, AND LIFE SCIENCES (EXCEPT NANOTECHNOLOGY AND BIOTECHNOLOGY)",,,https://www.usaspending.gov/award/CONT_AWD_80NM0020F0035_8000_80NM0018D0004_8000/,2021-04-25
National Aeronautics and Space Administration,National Aeronautics and Space Administration,FY2021P06,,080,2021,2022,,0120,000,080-2021/2022-0120-000,"Science, National Aeronautics and Space Administration",National Aeronautics and Space Administration,,"General Science, Space, and Technology","Space flight, research, and supporting activities",080-0120,"Science, National Aeronautics and Space Administration",0001,SCIENCE (DIRECT),25.5,Research and development contracts,D,Q,Not Designated Nonemergency/Emergency/Disaster/Wildfire Suppression,,626195.94,,,CONT_AWD_80NM0020F0035_8000_80NM0018D0004_8000,80NM0020F0035,80NM0018D0004,,,2020-03-23,2020,2025-11-25,2026,2020-03-23,2026-09-27,,C,DELIVERY ORDER,,,"VERITAS (VENUS EMISSIVITY, RADIO SCIENCE, INSAR, TOPOGRAPHY, AND SPECTROSCOPY) (41-108259)",080,NATIONAL AERONAUTICS AND SPACE ADMINISTRATION (NASA),8000,NATIONAL AERONAUTICS AND SPACE ADMINISTRATION,80NM00,NASA MANAGEMENT OFFICE -- JPL,080,NATIONAL AERONAUTICS AND SPACE ADMINISTRATION (NASA),8000,NATIONAL AERONAUTICS AND SPACE ADMINISTRATION,80NM00,NASA MANAGEMENT OFFICE -- JPL,YC1YP79BFD19,,CALIFORNIA INSTITUTE OF TECHNOLOGY,CALIFORNIA INSTITUTE OF TECHNOLOGY,YC1YP79BFD19,YC1YP79BFD19,CALIFORNIA INSTITUTE OF TECHNOLOGY,CALIFORNIA INSTITUTE OF TECHNOLOGY,USA,CA,LOS ANGELES,PASADENA,CA-28,CA-28,911098001,UNITED STATES,CALIFORNIA,LOS ANGELES,CA-28,CA-28,911098099,,,AR22,R&D- SPACE: SCIENCE/APPLICATIONS (APPLIED RESEARCH/EXPLORATORY DEVELOPMENT),541715,"RESEARCH AND DEVELOPMENT IN THE PHYSICAL, ENGINEERING, AND LIFE SCIENCES (EXCEPT NANOTECHNOLOGY AND BIOTECHNOLOGY)",,,https://www.usaspending.gov/award/CONT_AWD_80NM0020F0035_8000_80NM0018D0004_8000/,2021-04-25
National Aeronautics and Space Administration,National Aeronautics and Space Administration,FY2021P07,,080,2020,2021,,0120,000,080-2020/2021-0120-000,"Science, National Aeronautics and Space Administration",National Aeronautics and Space Administration,,"General Science, Space, and Technology","Space flight, research, and supporting activities",080-0120,"Science, National Aeronautics and Space Administration",0001,SCIENCE (DIRECT),25.5,Research and development contracts,D,Q,Not Designated Nonemergency/Emergency/Disaster/Wildfire Suppression,,751814.39,,,CONT_AWD_80NM0020F0035_8000_80NM0018D0004_8000,80NM0020F0035,80NM0018D0004,,,2020-03-23,2020,2025-11-25,2026,2020-03-23,2026-09-27,,C,DELIVERY ORDER,,,"VERITAS (VENUS EMISSIVITY, RADIO SCIENCE, INSAR, TOPOGRAPHY, AND SPECTROSCOPY) (41-108259)",080,NATIONAL AERONAUTICS AND SPACE ADMINISTRATION (NASA),8000,NATIONAL AERONAUTICS AND SPACE ADMINISTRATION,80NM00,NASA MANAGEMENT OFFICE -- JPL,080,NATIONAL AERONAUTICS AND SPACE ADMINISTRATION (NASA),8000,NATIONAL AERONAUTICS AND SPACE ADMINISTRATION,80NM00,NASA MANAGEMENT OFFICE -- JPL,YC1YP79BFD19,,CALIFORNIA INSTITUTE OF TECHNOLOGY,CALIFORNIA INSTITUTE OF TECHNOLOGY,YC1YP79BFD19,YC1YP79BFD19,CALIFORNIA INSTITUTE OF TECHNOLOGY,CALIFORNIA INSTITUTE OF TECHNOLOGY,USA,CA,LOS ANGELES,PASADENA,CA-28,CA-28,911098001,UNITED STATES,CALIFORNIA,LOS ANGELES,CA-28,CA-28,911098099,,,AR22,R&D- SPACE: SCIENCE/APPLICATIONS (APPLIED RESEARCH/EXPLORATORY DEVELOPMENT),541715,"RESEARCH AND DEVELOPMENT IN THE PHYSICAL, ENGINEERING, AND LIFE SCIENCES (EXCEPT NANOTECHNOLOGY AND BIOTECHNOLOGY)",,,https://www.usaspending.gov/award/CONT_AWD_80NM0020F0035_8000_80NM0018D0004_8000/,2021-05-26
National Aeronautics and Space Administration,National Aeronautics and Space Administration,FY2021P07,,080,2021,2022,,0120,000,080-2021/2022-0120-000,"Science, National Aeronautics and Space Administration",National Aeronautics and Space Administration,,"General Science, Space, and Technology","Space flight, research, and supporting activities",080-0120,"Science, National Aeronautics and Space Administration",0001,SCIENCE (DIRECT),25.5,Research and development contracts,D,Q,Not Designated Nonemergency/Emergency/Disaster/Wildfire Suppression,,708034.74,,,CONT_AWD_80NM0020F0035_8000_80NM0018D0004_8000,80NM0020F0035,80NM0018D0004,,,2020-03-23,2020,2025-11-25,2026,2020-03-23,2026-09-27,,C,DELIVERY ORDER,,,"VERITAS (VENUS EMISSIVITY, RADIO SCIENCE, INSAR, TOPOGRAPHY, AND SPECTROSCOPY) (41-108259)",080,NATIONAL AERONAUTICS AND SPACE ADMINISTRATION (NASA),8000,NATIONAL AERONAUTICS AND SPACE ADMINISTRATION,80NM00,NASA MANAGEMENT OFFICE -- JPL,080,NATIONAL AERONAUTICS AND SPACE ADMINISTRATION (NASA),8000,NATIONAL AERONAUTICS AND SPACE ADMINISTRATION,80NM00,NASA MANAGEMENT OFFICE -- JPL,YC1YP79BFD19,,CALIFORNIA INSTITUTE OF TECHNOLOGY,CALIFORNIA INSTITUTE OF TECHNOLOGY,YC1YP79BFD19,YC1YP79BFD19,CALIFORNIA INSTITUTE OF TECHNOLOGY,CALIFORNIA INSTITUTE OF TECHNOLOGY,USA,CA,LOS ANGELES,PASADENA,CA-28,CA-28,911098001,UNITED STATES,CALIFORNIA,LOS ANGELES,CA-28,CA-28,911098099,,,AR22,R&D- SPACE: SCIENCE/APPLICATIONS (APPLIED RESEARCH/EXPLORATORY DEVELOPMENT),541715,"RESEARCH AND DEVELOPMENT IN THE PHYSICAL, ENGINEERING, AND LIFE SCIENCES (EXCEPT NANOTECHNOLOGY AND BIOTECHNOLOGY)",,,https://www.usaspending.gov/award/CONT_AWD_80NM0020F0035_8000_80NM0018D0004_8000/,2021-05-26
National Aeronautics and Space Administration,National Aeronautics and Space Administration,FY2021P08,,080,2021,2022,,0120,000,080-2021/2022-0120-000,"Science, National Aeronautics and Space Administration",National Aeronautics and Space Administration,,"General Science, Space, and Technology","Space flight, research, and supporting activities",080-0120,"Science, National Aeronautics and Space Administration",0001,SCIENCE (DIRECT),25.5,Research and development contracts,D,Q,Not Designated Nonemergency/Emergency/Disaster/Wildfire Suppression,,782420.26,,,CONT_AWD_80NM0020F0035_8000_80NM0018D0004_8000,80NM0020F0035,80NM0018D0004,,,2020-03-23,2020,2025-11-25,2026,2020-03-23,2026-09-27,,C,DELIVERY ORDER,,,"VERITAS (VENUS EMISSIVITY, RADIO SCIENCE, INSAR, TOPOGRAPHY, AND SPECTROSCOPY) (41-108259)",080,NATIONAL AERONAUTICS AND SPACE ADMINISTRATION (NASA),8000,NATIONAL AERONAUTICS AND SPACE ADMINISTRATION,80NM00,NASA MANAGEMENT OFFICE -- JPL,080,NATIONAL AERONAUTICS AND SPACE ADMINISTRATION (NASA),8000,NATIONAL AERONAUTICS AND SPACE ADMINISTRATION,80NM00,NASA MANAGEMENT OFFICE -- JPL,YC1YP79BFD19,,CALIFORNIA INSTITUTE OF TECHNOLOGY,CALIFORNIA INSTITUTE OF TECHNOLOGY,YC1YP79BFD19,YC1YP79BFD19,CALIFORNIA INSTITUTE OF TECHNOLOGY,CALIFORNIA INSTITUTE OF TECHNOLOGY,USA,CA,LOS ANGELES,PASADENA,CA-28,CA-28,911098001,UNITED STATES,CALIFORNIA,LOS ANGELES,CA-28,CA-28,911098099,,,AR22,R&D- SPACE: SCIENCE/APPLICATIONS (APPLIED RESEARCH/EXPLORATORY DEVELOPMENT),541715,"RESEARCH AND DEVELOPMENT IN THE PHYSICAL, ENGINEERING, AND LIFE SCIENCES (EXCEPT NANOTECHNOLOGY AND BIOTECHNOLOGY)",,,https://www.usaspending.gov/award/CONT_AWD_80NM0020F0035_8000_80NM0018D0004_8000/,2021-06-25
National Aeronautics and Space Administration,National Aeronautics and Space Administration,FY2021P08,,080,2020,2021,,0120,000,080-2020/2021-0120-000,"Science, National Aeronautics and Space Administration",National Aeronautics and Space Administration,,"General Science, Space, and Technology","Space flight, research, and supporting activities",080-0120,"Science, National Aeronautics and Space Administration",0001,SCIENCE (DIRECT),25.5,Research and development contracts,D,Q,Not Designated Nonemergency/Emergency/Disaster/Wildfire Suppression,,751814.39,,,CONT_AWD_80NM0020F0035_8000_80NM0018D0004_8000,80NM0020F0035,80NM0018D0004,,,2020-03-23,2020,2025-11-25,2026,2020-03-23,2026-09-27,,C,DELIVERY ORDER,,,"VERITAS (VENUS EMISSIVITY, RADIO SCIENCE, INSAR, TOPOGRAPHY, AND SPECTROSCOPY) (41-108259)",080,NATIONAL AERONAUTICS AND SPACE ADMINISTRATION (NASA),8000,NATIONAL AERONAUTICS AND SPACE ADMINISTRATION,80NM00,NASA MANAGEMENT OFFICE -- JPL,080,NATIONAL AERONAUTICS AND SPACE ADMINISTRATION (NASA),8000,NATIONAL AERONAUTICS AND SPACE ADMINISTRATION,80NM00,NASA MANAGEMENT OFFICE -- JPL,YC1YP79BFD19,,CALIFORNIA INSTITUTE OF TECHNOLOGY,CALIFORNIA INSTITUTE OF TECHNOLOGY,YC1YP79BFD19,YC1YP79BFD19,CALIFORNIA INSTITUTE OF TECHNOLOGY,CALIFORNIA INSTITUTE OF TECHNOLOGY,USA,CA,LOS ANGELES,PASADENA,CA-28,CA-28,911098001,UNITED STATES,CALIFORNIA,LOS ANGELES,CA-28,CA-28,911098099,,,AR22,R&D- SPACE: SCIENCE/APPLICATIONS (APPLIED RESEARCH/EXPLORATORY DEVELOPMENT),541715,"RESEARCH AND DEVELOPMENT IN THE PHYSICAL, ENGINEERING, AND LIFE SCIENCES (EXCEPT NANOTECHNOLOGY AND BIOTECHNOLOGY)",,,https://www.usaspending.gov/award/CONT_AWD_80NM0020F0035_8000_80NM0018D0004_8000/,2021-06-25
National Aeronautics and Space Administration,National Aeronautics and Space Administration,FY2021P09,,080,2020,2021,,0120,000,080-2020/2021-0120-000,"Science, National Aeronautics and Space Administration",National Aeronautics and Space Administration,,"General Science, Space, and Technology","Space flight, research, and supporting activities",080-0120,"Science, National Aeronautics and Space Administration",0001,SCIENCE (DIRECT),25.5,Research and development contracts,D,Q,Not Designated Nonemergency/Emergency/Disaster/Wildfire Suppression,,751814.39,,,CONT_AWD_80NM0020F0035_8000_80NM0018D0004_8000,80NM0020F0035,80NM0018D0004,,,2020-03-23,2020,2025-11-25,2026,2020-03-23,2026-09-27,,C,DELIVERY ORDER,,,"VERITAS (VENUS EMISSIVITY, RADIO SCIENCE, INSAR, TOPOGRAPHY, AND SPECTROSCOPY) (41-108259)",080,NATIONAL AERONAUTICS AND SPACE ADMINISTRATION (NASA),8000,NATIONAL AERONAUTICS AND SPACE ADMINISTRATION,80NM00,NASA MANAGEMENT OFFICE -- JPL,080,NATIONAL AERONAUTICS AND SPACE ADMINISTRATION (NASA),8000,NATIONAL AERONAUTICS AND SPACE ADMINISTRATION,80NM00,NASA MANAGEMENT OFFICE -- JPL,YC1YP79BFD19,,CALIFORNIA INSTITUTE OF TECHNOLOGY,CALIFORNIA INSTITUTE OF TECHNOLOGY,YC1YP79BFD19,YC1YP79BFD19,CALIFORNIA INSTITUTE OF TECHNOLOGY,CALIFORNIA INSTITUTE OF TECHNOLOGY,USA,CA,LOS ANGELES,PASADENA,CA-28,CA-28,911098001,UNITED STATES,CALIFORNIA,LOS ANGELES,CA-28,CA-28,911098099,,,AR22,R&D- SPACE: SCIENCE/APPLICATIONS (APPLIED RESEARCH/EXPLORATORY DEVELOPMENT),541715,"RESEARCH AND DEVELOPMENT IN THE PHYSICAL, ENGINEERING, AND LIFE SCIENCES (EXCEPT NANOTECHNOLOGY AND BIOTECHNOLOGY)",,,https://www.usaspending.gov/award/CONT_AWD_80NM0020F0035_8000_80NM0018D0004_8000/,2021-07-27
National Aeronautics and Space Administration,National Aeronautics and Space Administration,FY2021P09,,080,2021,2022,,0120,000,080-2021/2022-0120-000,"Science, National Aeronautics and Space Administration",National Aeronautics and Space Administration,,"General Science, Space, and Technology","Space flight, research, and supporting activities",080-0120,"Science, National Aeronautics and Space Administration",0001,SCIENCE (DIRECT),25.5,Research and development contracts,D,Q,Not Designated Nonemergency/Emergency/Disaster/Wildfire Suppression,,845359.52,,,CONT_AWD_80NM0020F0035_8000_80NM0018D0004_8000,80NM0020F0035,80NM0018D0004,,,2020-03-23,2020,2025-11-25,2026,2020-03-23,2026-09-27,,C,DELIVERY ORDER,,,"VERITAS (VENUS EMISSIVITY, RADIO SCIENCE, INSAR, TOPOGRAPHY, AND SPECTROSCOPY) (41-108259)",080,NATIONAL AERONAUTICS AND SPACE ADMINISTRATION (NASA),8000,NATIONAL AERONAUTICS AND SPACE ADMINISTRATION,80NM00,NASA MANAGEMENT OFFICE -- JPL,080,NATIONAL AERONAUTICS AND SPACE ADMINISTRATION (NASA),8000,NATIONAL AERONAUTICS AND SPACE ADMINISTRATION,80NM00,NASA MANAGEMENT OFFICE -- JPL,YC1YP79BFD19,,CALIFORNIA INSTITUTE OF TECHNOLOGY,CALIFORNIA INSTITUTE OF TECHNOLOGY,YC1YP79BFD19,YC1YP79BFD19,CALIFORNIA INSTITUTE OF TECHNOLOGY,CALIFORNIA INSTITUTE OF TECHNOLOGY,USA,CA,LOS ANGELES,PASADENA,CA-28,CA-28,911098001,UNITED STATES,CALIFORNIA,LOS ANGELES,CA-28,CA-28,911098099,,,AR22,R&D- SPACE: SCIENCE/APPLICATIONS (APPLIED RESEARCH/EXPLORATORY DEVELOPMENT),541715,"RESEARCH AND DEVELOPMENT IN THE PHYSICAL, ENGINEERING, AND LIFE SCIENCES (EXCEPT NANOTECHNOLOGY AND BIOTECHNOLOGY)",,,https://www.usaspending.gov/award/CONT_AWD_80NM0020F0035_8000_80NM0018D0004_8000/,2021-07-27
National Aeronautics and Space Administration,National Aeronautics and Space Administration,FY2021P10,,080,2020,2021,,0120,000,080-2020/2021-0120-000,"Science, National Aeronautics and Space Administration",National Aeronautics and Space Administration,,"General Science, Space, and Technology","Space flight, research, and supporting activities",080-0120,"Science, National Aeronautics and Space Administration",0001,SCIENCE (DIRECT),25.5,Research and development contracts,D,Q,Not Designated Nonemergency/Emergency/Disaster/Wildfire Suppression,,751814.39,,,CONT_AWD_80NM0020F0035_8000_80NM0018D0004_8000,80NM0020F0035,80NM0018D0004,,,2020-03-23,2020,2025-11-25,2026,2020-03-23,2026-09-27,,C,DELIVERY ORDER,,,"VERITAS (VENUS EMISSIVITY, RADIO SCIENCE, INSAR, TOPOGRAPHY, AND SPECTROSCOPY) (41-108259)",080,NATIONAL AERONAUTICS AND SPACE ADMINISTRATION (NASA),8000,NATIONAL AERONAUTICS AND SPACE ADMINISTRATION,80NM00,NASA MANAGEMENT OFFICE -- JPL,080,NATIONAL AERONAUTICS AND SPACE ADMINISTRATION (NASA),8000,NATIONAL AERONAUTICS AND SPACE ADMINISTRATION,80NM00,NASA MANAGEMENT OFFICE -- JPL,YC1YP79BFD19,,CALIFORNIA INSTITUTE OF TECHNOLOGY,CALIFORNIA INSTITUTE OF TECHNOLOGY,YC1YP79BFD19,YC1YP79BFD19,CALIFORNIA INSTITUTE OF TECHNOLOGY,CALIFORNIA INSTITUTE OF TECHNOLOGY,USA,CA,LOS ANGELES,PASADENA,CA-28,CA-28,911098001,UNITED STATES,CALIFORNIA,LOS ANGELES,CA-28,CA-28,911098099,,,AR22,R&D- SPACE: SCIENCE/APPLICATIONS (APPLIED RESEARCH/EXPLORATORY DEVELOPMENT),541715,"RESEARCH AND DEVELOPMENT IN THE PHYSICAL, ENGINEERING, AND LIFE SCIENCES (EXCEPT NANOTECHNOLOGY AND BIOTECHNOLOGY)",,,https://www.usaspending.gov/award/CONT_AWD_80NM0020F0035_8000_80NM0018D0004_8000/,2021-08-27
National Aeronautics and Space Administration,National Aeronautics and Space Administration,FY2021P10,,080,2021,2022,,0120,000,080-2021/2022-0120-000,"Science, National Aeronautics and Space Administration",National Aeronautics and Space Administration,,"General Science, Space, and Technology","Space flight, research, and supporting activities",080-0120,"Science, National Aeronautics and Space Administration",0001,SCIENCE (DIRECT),25.5,Research and development contracts,D,Q,Not Designated Nonemergency/Emergency/Disaster/Wildfire Suppression,3460000.00,,,,CONT_AWD_80NM0020F0035_8000_80NM0018D0004_8000,80NM0020F0035,80NM0018D0004,,,2020-03-23,2020,2025-11-25,2026,2020-03-23,2026-09-27,,C,DELIVERY ORDER,,,"VERITAS (VENUS EMISSIVITY, RADIO SCIENCE, INSAR, TOPOGRAPHY, AND SPECTROSCOPY) (41-108259)",080,NATIONAL AERONAUTICS AND SPACE ADMINISTRATION (NASA),8000,NATIONAL AERONAUTICS AND SPACE ADMINISTRATION,80NM00,NASA MANAGEMENT OFFICE -- JPL,080,NATIONAL AERONAUTICS AND SPACE ADMINISTRATION (NASA),8000,NATIONAL AERONAUTICS AND SPACE ADMINISTRATION,80NM00,NASA MANAGEMENT OFFICE -- JPL,YC1YP79BFD19,,CALIFORNIA INSTITUTE OF TECHNOLOGY,CALIFORNIA INSTITUTE OF TECHNOLOGY,YC1YP79BFD19,YC1YP79BFD19,CALIFORNIA INSTITUTE OF TECHNOLOGY,CALIFORNIA INSTITUTE OF TECHNOLOGY,USA,CA,LOS ANGELES,PASADENA,CA-28,CA-28,911098001,UNITED STATES,CALIFORNIA,LOS ANGELES,CA-28,CA-28,911098099,,,AR22,R&D- SPACE: SCIENCE/APPLICATIONS (APPLIED RESEARCH/EXPLORATORY DEVELOPMENT),541715,"RESEARCH AND DEVELOPMENT IN THE PHYSICAL, ENGINEERING, AND LIFE SCIENCES (EXCEPT NANOTECHNOLOGY AND BIOTECHNOLOGY)",,,https://www.usaspending.gov/award/CONT_AWD_80NM0020F0035_8000_80NM0018D0004_8000/,2021-08-27
National Aeronautics and Space Administration,National Aeronautics and Space Administration,FY2021P10,,080,2021,2022,,0120,000,080-2021/2022-0120-000,"Science, National Aeronautics and Space Administration",National Aeronautics and Space Administration,,"General Science, Space, and Technology","Space flight, research, and supporting activities",080-0120,"Science, National Aeronautics and Space Administration",0001,SCIENCE (DIRECT),25.5,Research and development contracts,D,Q,Not Designated Nonemergency/Emergency/Disaster/Wildfire Suppression,2815000.00,,,,CONT_AWD_80NM0020F0035_8000_80NM0018D0004_8000,80NM0020F0035,80NM0018D0004,,,2020-03-23,2020,2025-11-25,2026,2020-03-23,2026-09-27,,C,DELIVERY ORDER,,,"VERITAS (VENUS EMISSIVITY, RADIO SCIENCE, INSAR, TOPOGRAPHY, AND SPECTROSCOPY) (41-108259)",080,NATIONAL AERONAUTICS AND SPACE ADMINISTRATION (NASA),8000,NATIONAL AERONAUTICS AND SPACE ADMINISTRATION,80NM00,NASA MANAGEMENT OFFICE -- JPL,080,NATIONAL AERONAUTICS AND SPACE ADMINISTRATION (NASA),8000,NATIONAL AERONAUTICS AND SPACE ADMINISTRATION,80NM00,NASA MANAGEMENT OFFICE -- JPL,YC1YP79BFD19,,CALIFORNIA INSTITUTE OF TECHNOLOGY,CALIFORNIA INSTITUTE OF TECHNOLOGY,YC1YP79BFD19,YC1YP79BFD19,CALIFORNIA INSTITUTE OF TECHNOLOGY,CALIFORNIA INSTITUTE OF TECHNOLOGY,USA,CA,LOS ANGELES,PASADENA,CA-28,CA-28,911098001,UNITED STATES,CALIFORNIA,LOS ANGELES,CA-28,CA-28,911098099,,,AR22,R&D- SPACE: SCIENCE/APPLICATIONS (APPLIED RESEARCH/EXPLORATORY DEVELOPMENT),541715,"RESEARCH AND DEVELOPMENT IN THE PHYSICAL, ENGINEERING, AND LIFE SCIENCES (EXCEPT NANOTECHNOLOGY AND BIOTECHNOLOGY)",,,https://www.usaspending.gov/award/CONT_AWD_80NM0020F0035_8000_80NM0018D0004_8000/,2021-08-27
National Aeronautics and Space Administration,National Aeronautics and Space Administration,FY2021P10,,080,2021,2022,,0120,000,080-2021/2022-0120-000,"Science, National Aeronautics and Space Administration",National Aeronautics and Space Administration,,"General Science, Space, and Technology","Space flight, research, and supporting activities",080-0120,"Science, National Aeronautics and Space Administration",0001,SCIENCE (DIRECT),25.5,Research and development contracts,D,Q,Not Designated Nonemergency/Emergency/Disaster/Wildfire Suppression,,854959.01,,,CONT_AWD_80NM0020F0035_8000_80NM0018D0004_8000,80NM0020F0035,80NM0018D0004,,,2020-03-23,2020,2025-11-25,2026,2020-03-23,2026-09-27,,C,DELIVERY ORDER,,,"VERITAS (VENUS EMISSIVITY, RADIO SCIENCE, INSAR, TOPOGRAPHY, AND SPECTROSCOPY) (41-108259)",080,NATIONAL AERONAUTICS AND SPACE ADMINISTRATION (NASA),8000,NATIONAL AERONAUTICS AND SPACE ADMINISTRATION,80NM00,NASA MANAGEMENT OFFICE -- JPL,080,NATIONAL AERONAUTICS AND SPACE ADMINISTRATION (NASA),8000,NATIONAL AERONAUTICS AND SPACE ADMINISTRATION,80NM00,NASA MANAGEMENT OFFICE -- JPL,YC1YP79BFD19,,CALIFORNIA INSTITUTE OF TECHNOLOGY,CALIFORNIA INSTITUTE OF TECHNOLOGY,YC1YP79BFD19,YC1YP79BFD19,CALIFORNIA INSTITUTE OF TECHNOLOGY,CALIFORNIA INSTITUTE OF TECHNOLOGY,USA,CA,LOS ANGELES,PASADENA,CA-28,CA-28,911098001,UNITED STATES,CALIFORNIA,LOS ANGELES,CA-28,CA-28,911098099,,,AR22,R&D- SPACE: SCIENCE/APPLICATIONS (APPLIED RESEARCH/EXPLORATORY DEVELOPMENT),541715,"RESEARCH AND DEVELOPMENT IN THE PHYSICAL, ENGINEERING, AND LIFE SCIENCES (EXCEPT NANOTECHNOLOGY AND BIOTECHNOLOGY)",,,https://www.usaspending.gov/award/CONT_AWD_80NM0020F0035_8000_80NM0018D0004_8000/,2021-08-27
National Aeronautics and Space Administration,National Aeronautics and Space Administration,FY2021P11,,080,2021,2022,,0120,000,080-2021/2022-0120-000,"Science, National Aeronautics and Space Administration",National Aeronautics and Space Administration,,"General Science, Space, and Technology","Space flight, research, and supporting activities",080-0120,"Science, National Aeronautics and Space Administration",0001,SCIENCE (DIRECT),25.5,Research and development contracts,D,Q,Not Designated Nonemergency/Emergency/Disaster/Wildfire Suppression,,1153583.39,,,CONT_AWD_80NM0020F0035_8000_80NM0018D0004_8000,80NM0020F0035,80NM0018D0004,,,2020-03-23,2020,2025-11-25,2026,2020-03-23,2026-09-27,,C,DELIVERY ORDER,,,"VERITAS (VENUS EMISSIVITY, RADIO SCIENCE, INSAR, TOPOGRAPHY, AND SPECTROSCOPY) (41-108259)",080,NATIONAL AERONAUTICS AND SPACE ADMINISTRATION (NASA),8000,NATIONAL AERONAUTICS AND SPACE ADMINISTRATION,80NM00,NASA MANAGEMENT OFFICE -- JPL,080,NATIONAL AERONAUTICS AND SPACE ADMINISTRATION (NASA),8000,NATIONAL AERONAUTICS AND SPACE ADMINISTRATION,80NM00,NASA MANAGEMENT OFFICE -- JPL,YC1YP79BFD19,,CALIFORNIA INSTITUTE OF TECHNOLOGY,CALIFORNIA INSTITUTE OF TECHNOLOGY,YC1YP79BFD19,YC1YP79BFD19,CALIFORNIA INSTITUTE OF TECHNOLOGY,CALIFORNIA INSTITUTE OF TECHNOLOGY,USA,CA,LOS ANGELES,PASADENA,CA-28,CA-28,911098001,UNITED STATES,CALIFORNIA,LOS ANGELES,CA-28,CA-28,911098099,,,AR22,R&D- SPACE: SCIENCE/APPLICATIONS (APPLIED RESEARCH/EXPLORATORY DEVELOPMENT),541715,"RESEARCH AND DEVELOPMENT IN THE PHYSICAL, ENGINEERING, AND LIFE SCIENCES (EXCEPT NANOTECHNOLOGY AND BIOTECHNOLOGY)",,,https://www.usaspending.gov/award/CONT_AWD_80NM0020F0035_8000_80NM0018D0004_8000/,2021-09-22
National Aeronautics and Space Administration,National Aeronautics and Space Administration,FY2021P11,,080,2020,2021,,0120,000,080-2020/2021-0120-000,"Science, National Aeronautics and Space Administration",National Aeronautics and Space Administration,,"General Science, Space, and Technology","Space flight, research, and supporting activities",080-0120,"Science, National Aeronautics and Space Administration",0001,SCIENCE (DIRECT),25.5,Research and development contracts,D,Q,Not Designated Nonemergency/Emergency/Disaster/Wildfire Suppression,,751814.39,,,CONT_AWD_80NM0020F0035_8000_80NM0018D0004_8000,80NM0020F0035,80NM0018D0004,,,2020-03-23,2020,2025-11-25,2026,2020-03-23,2026-09-27,,C,DELIVERY ORDER,,,"VERITAS (VENUS EMISSIVITY, RADIO SCIENCE, INSAR, TOPOGRAPHY, AND SPECTROSCOPY) (41-108259)",080,NATIONAL AERONAUTICS AND SPACE ADMINISTRATION (NASA),8000,NATIONAL AERONAUTICS AND SPACE ADMINISTRATION,80NM00,NASA MANAGEMENT OFFICE -- JPL,080,NATIONAL AERONAUTICS AND SPACE ADMINISTRATION (NASA),8000,NATIONAL AERONAUTICS AND SPACE ADMINISTRATION,80NM00,NASA MANAGEMENT OFFICE -- JPL,YC1YP79BFD19,,CALIFORNIA INSTITUTE OF TECHNOLOGY,CALIFORNIA INSTITUTE OF TECHNOLOGY,YC1YP79BFD19,YC1YP79BFD19,CALIFORNIA INSTITUTE OF TECHNOLOGY,CALIFORNIA INSTITUTE OF TECHNOLOGY,USA,CA,LOS ANGELES,PASADENA,CA-28,CA-28,911098001,UNITED STATES,CALIFORNIA,LOS ANGELES,CA-28,CA-28,911098099,,,AR22,R&D- SPACE: SCIENCE/APPLICATIONS (APPLIED RESEARCH/EXPLORATORY DEVELOPMENT),541715,"RESEARCH AND DEVELOPMENT IN THE PHYSICAL, ENGINEERING, AND LIFE SCIENCES (EXCEPT NANOTECHNOLOGY AND BIOTECHNOLOGY)",,,https://www.usaspending.gov/award/CONT_AWD_80NM0020F0035_8000_80NM0018D0004_8000/,2021-09-22
National Aeronautics and Space Administration,National Aeronautics and Space Administration,FY2021P12,,080,2020,2021,,0120,000,080-2020/2021-0120-000,"Science, National Aeronautics and Space Administration",National Aeronautics and Space Administration,,"General Science, Space, and Technology","Space flight, research, and supporting activities",080-0120,"Science, National Aeronautics and Space Administration",0001,SCIENCE (DIRECT),25.5,Research and development contracts,D,Q,Not Designated Nonemergency/Emergency/Disaster/Wildfire Suppression,,751814.39,,,CONT_AWD_80NM0020F0035_8000_80NM0018D0004_8000,80NM0020F0035,80NM0018D0004,,,2020-03-23,2020,2025-11-25,2026,2020-03-23,2026-09-27,,C,DELIVERY ORDER,,,"VERITAS (VENUS EMISSIVITY, RADIO SCIENCE, INSAR, TOPOGRAPHY, AND SPECTROSCOPY) (41-108259)",080,NATIONAL AERONAUTICS AND SPACE ADMINISTRATION (NASA),8000,NATIONAL AERONAUTICS AND SPACE ADMINISTRATION,80NM00,NASA MANAGEMENT OFFICE -- JPL,080,NATIONAL AERONAUTICS AND SPACE ADMINISTRATION (NASA),8000,NATIONAL AERONAUTICS AND SPACE ADMINISTRATION,80NM00,NASA MANAGEMENT OFFICE -- JPL,YC1YP79BFD19,,CALIFORNIA INSTITUTE OF TECHNOLOGY,CALIFORNIA INSTITUTE OF TECHNOLOGY,YC1YP79BFD19,YC1YP79BFD19,CALIFORNIA INSTITUTE OF TECHNOLOGY,CALIFORNIA INSTITUTE OF TECHNOLOGY,USA,CA,LOS ANGELES,PASADENA,CA-28,CA-28,911098001,UNITED STATES,CALIFORNIA,LOS ANGELES,CA-28,CA-28,911098099,,,AR22,R&D- SPACE: SCIENCE/APPLICATIONS (APPLIED RESEARCH/EXPLORATORY DEVELOPMENT),541715,"RESEARCH AND DEVELOPMENT IN THE PHYSICAL, ENGINEERING, AND LIFE SCIENCES (EXCEPT NANOTECHNOLOGY AND BIOTECHNOLOGY)",,,https://www.usaspending.gov/award/CONT_AWD_80NM0020F0035_8000_80NM0018D0004_8000/,2021-11-06
National Aeronautics and Space Administration,National Aeronautics and Space Administration,FY2021P12,,080,2021,2022,,0120,000,080-2021/2022-0120-000,"Science, National Aeronautics and Space Administration",National Aeronautics and Space Administration,,"General Science, Space, and Technology","Space flight, research, and supporting activities",080-0120,"Science, National Aeronautics and Space Administration",0001,SCIENCE (DIRECT),25.5,Research and development contracts,D,Q,Not Designated Nonemergency/Emergency/Disaster/Wildfire Suppression,,1546408.64,,,CONT_AWD_80NM0020F0035_8000_80NM0018D0004_8000,80NM0020F0035,80NM0018D0004,,,2020-03-23,2020,2025-11-25,2026,2020-03-23,2026-09-27,,C,DELIVERY ORDER,,,"VERITAS (VENUS EMISSIVITY, RADIO SCIENCE, INSAR, TOPOGRAPHY, AND SPECTROSCOPY) (41-108259)",080,NATIONAL AERONAUTICS AND SPACE ADMINISTRATION (NASA),8000,NATIONAL AERONAUTICS AND SPACE ADMINISTRATION,80NM00,NASA MANAGEMENT OFFICE -- JPL,080,NATIONAL AERONAUTICS AND SPACE ADMINISTRATION (NASA),8000,NATIONAL AERONAUTICS AND SPACE ADMINISTRATION,80NM00,NASA MANAGEMENT OFFICE -- JPL,YC1YP79BFD19,,CALIFORNIA INSTITUTE OF TECHNOLOGY,CALIFORNIA INSTITUTE OF TECHNOLOGY,YC1YP79BFD19,YC1YP79BFD19,CALIFORNIA INSTITUTE OF TECHNOLOGY,CALIFORNIA INSTITUTE OF TECHNOLOGY,USA,CA,LOS ANGELES,PASADENA,CA-28,CA-28,911098001,UNITED STATES,CALIFORNIA,LOS ANGELES,CA-28,CA-28,911098099,,,AR22,R&D- SPACE: SCIENCE/APPLICATIONS (APPLIED RESEARCH/EXPLORATORY DEVELOPMENT),541715,"RESEARCH AND DEVELOPMENT IN THE PHYSICAL, ENGINEERING, AND LIFE SCIENCES (EXCEPT NANOTECHNOLOGY AND BIOTECHNOLOGY)",,,https://www.usaspending.gov/award/CONT_AWD_80NM0020F0035_8000_80NM0018D0004_8000/,2021-11-06
National Aeronautics and Space Administration,National Aeronautics and Space Administration,FY2022P02,,080,2021,2022,,0120,000,080-2021/2022-0120-000,"Science, National Aeronautics and Space Administration",National Aeronautics and Space Administration,,"General Science, Space, and Technology","Space flight, research, and supporting activities",080-0120,"Science, National Aeronautics and Space Administration",0001,SCIENCE (DIRECT),25.5,Research and development contracts,D,Q,Not Designated Nonemergency/Emergency/Disaster/Wildfire Suppression,,717407.78,,,CONT_AWD_80NM0020F0035_8000_80NM0018D0004_8000,80NM0020F0035,80NM0018D0004,,,2020-03-23,2020,2025-11-25,2026,2020-03-23,2026-09-27,,C,DELIVERY ORDER,,,"VERITAS (VENUS EMISSIVITY, RADIO SCIENCE, INSAR, TOPOGRAPHY, AND SPECTROSCOPY) (41-108259)",080,NATIONAL AERONAUTICS AND SPACE ADMINISTRATION (NASA),8000,NATIONAL AERONAUTICS AND SPACE ADMINISTRATION,80NM00,NASA MANAGEMENT OFFICE -- JPL,080,NATIONAL AERONAUTICS AND SPACE ADMINISTRATION (NASA),8000,NATIONAL AERONAUTICS AND SPACE ADMINISTRATION,80NM00,NASA MANAGEMENT OFFICE -- JPL,YC1YP79BFD19,,CALIFORNIA INSTITUTE OF TECHNOLOGY,CALIFORNIA INSTITUTE OF TECHNOLOGY,YC1YP79BFD19,YC1YP79BFD19,CALIFORNIA INSTITUTE OF TECHNOLOGY,CALIFORNIA INSTITUTE OF TECHNOLOGY,USA,CA,LOS ANGELES,PASADENA,CA-28,CA-28,911098001,UNITED STATES,CALIFORNIA,LOS ANGELES,CA-28,CA-28,911098099,,,AR22,R&D- SPACE: SCIENCE/APPLICATIONS (APPLIED RESEARCH/EXPLORATORY DEVELOPMENT),541715,"RESEARCH AND DEVELOPMENT IN THE PHYSICAL, ENGINEERING, AND LIFE SCIENCES (EXCEPT NANOTECHNOLOGY AND BIOTECHNOLOGY)",,,https://www.usaspending.gov/award/CONT_AWD_80NM0020F0035_8000_80NM0018D0004_8000/,2021-12-20
National Aeronautics and Space Administration,National Aeronautics and Space Administration,FY2022P02,,080,2022,2023,,0120,000,080-2022/2023-0120-000,"Science, National Aeronautics and Space Administration",National Aeronautics and Space Administration,,"General Science, Space, and Technology","Space flight, research, and supporting activities",080-0120,"Science, National Aeronautics and Space Administration",0001,SCIENCE (DIRECT),25.5,Research and development contracts,D,Q,Not Designated Nonemergency/Emergency/Disaster/Wildfire Suppression,5688446.00,,,,CONT_AWD_80NM0020F0035_8000_80NM0018D0004_8000,80NM0020F0035,80NM0018D0004,,,2020-03-23,2020,2025-11-25,2026,2020-03-23,2026-09-27,,C,DELIVERY ORDER,,,"VERITAS (VENUS EMISSIVITY, RADIO SCIENCE, INSAR, TOPOGRAPHY, AND SPECTROSCOPY) (41-108259)",080,NATIONAL AERONAUTICS AND SPACE ADMINISTRATION (NASA),8000,NATIONAL AERONAUTICS AND SPACE ADMINISTRATION,80NM00,NASA MANAGEMENT OFFICE -- JPL,080,NATIONAL AERONAUTICS AND SPACE ADMINISTRATION (NASA),8000,NATIONAL AERONAUTICS AND SPACE ADMINISTRATION,80NM00,NASA MANAGEMENT OFFICE -- JPL,YC1YP79BFD19,,CALIFORNIA INSTITUTE OF TECHNOLOGY,CALIFORNIA INSTITUTE OF TECHNOLOGY,YC1YP79BFD19,YC1YP79BFD19,CALIFORNIA INSTITUTE OF TECHNOLOGY,CALIFORNIA INSTITUTE OF TECHNOLOGY,USA,CA,LOS ANGELES,PASADENA,CA-28,CA-28,911098001,UNITED STATES,CALIFORNIA,LOS ANGELES,CA-28,CA-28,911098099,,,AR22,R&D- SPACE: SCIENCE/APPLICATIONS (APPLIED RESEARCH/EXPLORATORY DEVELOPMENT),541715,"RESEARCH AND DEVELOPMENT IN THE PHYSICAL, ENGINEERING, AND LIFE SCIENCES (EXCEPT NANOTECHNOLOGY AND BIOTECHNOLOGY)",,,https://www.usaspending.gov/award/CONT_AWD_80NM0020F0035_8000_80NM0018D0004_8000/,2021-12-20
National Aeronautics and Space Administration,National Aeronautics and Space Administration,FY2022P03,,080,2021,2022,,0120,000,080-2021/2022-0120-000,"Science, National Aeronautics and Space Administration",National Aeronautics and Space Administration,,"General Science, Space, and Technology","Space flight, research, and supporting activities",080-0120,"Science, National Aeronautics and Space Administration",0001,SCIENCE (DIRECT),25.5,Research and development contracts,D,Q,Not Designated Nonemergency/Emergency/Disaster/Wildfire Suppression,,1260167.77,,,CONT_AWD_80NM0020F0035_8000_80NM0018D0004_8000,80NM0020F0035,80NM0018D0004,,,2020-03-23,2020,2025-11-25,2026,2020-03-23,2026-09-27,,C,DELIVERY ORDER,,,"VERITAS (VENUS EMISSIVITY, RADIO SCIENCE, INSAR, TOPOGRAPHY, AND SPECTROSCOPY) (41-108259)",080,NATIONAL AERONAUTICS AND SPACE ADMINISTRATION (NASA),8000,NATIONAL AERONAUTICS AND SPACE ADMINISTRATION,80NM00,NASA MANAGEMENT OFFICE -- JPL,080,NATIONAL AERONAUTICS AND SPACE ADMINISTRATION (NASA),8000,NATIONAL AERONAUTICS AND SPACE ADMINISTRATION,80NM00,NASA MANAGEMENT OFFICE -- JPL,YC1YP79BFD19,,CALIFORNIA INSTITUTE OF TECHNOLOGY,CALIFORNIA INSTITUTE OF TECHNOLOGY,YC1YP79BFD19,YC1YP79BFD19,CALIFORNIA INSTITUTE OF TECHNOLOGY,CALIFORNIA INSTITUTE OF TECHNOLOGY,USA,CA,LOS ANGELES,PASADENA,CA-28,CA-28,911098001,UNITED STATES,CALIFORNIA,LOS ANGELES,CA-28,CA-28,911098099,,,AR22,R&D- SPACE: SCIENCE/APPLICATIONS (APPLIED RESEARCH/EXPLORATORY DEVELOPMENT),541715,"RESEARCH AND DEVELOPMENT IN THE PHYSICAL, ENGINEERING, AND LIFE SCIENCES (EXCEPT NANOTECHNOLOGY AND BIOTECHNOLOGY)",,,https://www.usaspending.gov/award/CONT_AWD_80NM0020F0035_8000_80NM0018D0004_8000/,2022-01-25
National Aeronautics and Space Administration,National Aeronautics and Space Administration,FY2022P03,,080,2021,2022,,0120,000,080-2021/2022-0120-000,"Science, National Aeronautics and Space Administration",National Aeronautics and Space Administration,,"General Science, Space, and Technology","Space flight, research, and supporting activities",080-0120,"Science, National Aeronautics and Space Administration",0001,SCIENCE (DIRECT),25.5,Research and development contracts,D,Q,Not Designated Nonemergency/Emergency/Disaster/Wildfire Suppression,37554.00,,,,CONT_AWD_80NM0020F0035_8000_80NM0018D0004_8000,80NM0020F0035,80NM0018D0004,,,2020-03-23,2020,2025-11-25,2026,2020-03-23,2026-09-27,,C,DELIVERY ORDER,,,"VERITAS (VENUS EMISSIVITY, RADIO SCIENCE, INSAR, TOPOGRAPHY, AND SPECTROSCOPY) (41-108259)",080,NATIONAL AERONAUTICS AND SPACE ADMINISTRATION (NASA),8000,NATIONAL AERONAUTICS AND SPACE ADMINISTRATION,80NM00,NASA MANAGEMENT OFFICE -- JPL,080,NATIONAL AERONAUTICS AND SPACE ADMINISTRATION (NASA),8000,NATIONAL AERONAUTICS AND SPACE ADMINISTRATION,80NM00,NASA MANAGEMENT OFFICE -- JPL,YC1YP79BFD19,,CALIFORNIA INSTITUTE OF TECHNOLOGY,CALIFORNIA INSTITUTE OF TECHNOLOGY,YC1YP79BFD19,YC1YP79BFD19,CALIFORNIA INSTITUTE OF TECHNOLOGY,CALIFORNIA INSTITUTE OF TECHNOLOGY,USA,CA,LOS ANGELES,PASADENA,CA-28,CA-28,911098001,UNITED STATES,CALIFORNIA,LOS ANGELES,CA-28,CA-28,911098099,,,AR22,R&D- SPACE: SCIENCE/APPLICATIONS (APPLIED RESEARCH/EXPLORATORY DEVELOPMENT),541715,"RESEARCH AND DEVELOPMENT IN THE PHYSICAL, ENGINEERING, AND LIFE SCIENCES (EXCEPT NANOTECHNOLOGY AND BIOTECHNOLOGY)",,,https://www.usaspending.gov/award/CONT_AWD_80NM0020F0035_8000_80NM0018D0004_8000/,2022-01-25
National Aeronautics and Space Administration,National Aeronautics and Space Administration,FY2022P04,,080,2021,2022,,0120,000,080-2021/2022-0120-000,"Science, National Aeronautics and Space Administration",National Aeronautics and Space Administration,,"General Science, Space, and Technology","Space flight, research, and supporting activities",080-0120,"Science, National Aeronautics and Space Administration",0001,SCIENCE (DIRECT),25.5,Research and development contracts,D,Q,Not Designated Nonemergency/Emergency/Disaster/Wildfire Suppression,,1703099.23,,,CONT_AWD_80NM0020F0035_8000_80NM0018D0004_8000,80NM0020F0035,80NM0018D0004,,,2020-03-23,2020,2025-11-25,2026,2020-03-23,2026-09-27,,C,DELIVERY ORDER,,,"VERITAS (VENUS EMISSIVITY, RADIO SCIENCE, INSAR, TOPOGRAPHY, AND SPECTROSCOPY) (41-108259)",080,NATIONAL AERONAUTICS AND SPACE ADMINISTRATION (NASA),8000,NATIONAL AERONAUTICS AND SPACE ADMINISTRATION,80NM00,NASA MANAGEMENT OFFICE -- JPL,080,NATIONAL AERONAUTICS AND SPACE ADMINISTRATION (NASA),8000,NATIONAL AERONAUTICS AND SPACE ADMINISTRATION,80NM00,NASA MANAGEMENT OFFICE -- JPL,YC1YP79BFD19,,CALIFORNIA INSTITUTE OF TECHNOLOGY,CALIFORNIA INSTITUTE OF TECHNOLOGY,YC1YP79BFD19,YC1YP79BFD19,CALIFORNIA INSTITUTE OF TECHNOLOGY,CALIFORNIA INSTITUTE OF TECHNOLOGY,USA,CA,LOS ANGELES,PASADENA,CA-28,CA-28,911098001,UNITED STATES,CALIFORNIA,LOS ANGELES,CA-28,CA-28,911098099,,,AR22,R&D- SPACE: SCIENCE/APPLICATIONS (APPLIED RESEARCH/EXPLORATORY DEVELOPMENT),541715,"RESEARCH AND DEVELOPMENT IN THE PHYSICAL, ENGINEERING, AND LIFE SCIENCES (EXCEPT NANOTECHNOLOGY AND BIOTECHNOLOGY)",,,https://www.usaspending.gov/award/CONT_AWD_80NM0020F0035_8000_80NM0018D0004_8000/,2022-02-24
National Aeronautics and Space Administration,National Aeronautics and Space Administration,FY2022P05,,080,2021,2022,,0120,000,080-2021/2022-0120-000,"Science, National Aeronautics and Space Administration",National Aeronautics and Space Administration,,"General Science, Space, and Technology","Space flight, research, and supporting activities",080-0120,"Science, National Aeronautics and Space Administration",0001,SCIENCE (DIRECT),25.5,Research and development contracts,D,Q,Not Designated Nonemergency/Emergency/Disaster/Wildfire Suppression,,2569876.15,,,CONT_AWD_80NM0020F0035_8000_80NM0018D0004_8000,80NM0020F0035,80NM0018D0004,,,2020-03-23,2020,2025-11-25,2026,2020-03-23,2026-09-27,,C,DELIVERY ORDER,,,"VERITAS (VENUS EMISSIVITY, RADIO SCIENCE, INSAR, TOPOGRAPHY, AND SPECTROSCOPY) (41-108259)",080,NATIONAL AERONAUTICS AND SPACE ADMINISTRATION (NASA),8000,NATIONAL AERONAUTICS AND SPACE ADMINISTRATION,80NM00,NASA MANAGEMENT OFFICE -- JPL,080,NATIONAL AERONAUTICS AND SPACE ADMINISTRATION (NASA),8000,NATIONAL AERONAUTICS AND SPACE ADMINISTRATION,80NM00,NASA MANAGEMENT OFFICE -- JPL,YC1YP79BFD19,,CALIFORNIA INSTITUTE OF TECHNOLOGY,CALIFORNIA INSTITUTE OF TECHNOLOGY,YC1YP79BFD19,YC1YP79BFD19,CALIFORNIA INSTITUTE OF TECHNOLOGY,CALIFORNIA INSTITUTE OF TECHNOLOGY,USA,CA,LOS ANGELES,PASADENA,CA-28,CA-28,911098001,UNITED STATES,CALIFORNIA,LOS ANGELES,CA-28,CA-28,911098099,,,AR22,R&D- SPACE: SCIENCE/APPLICATIONS (APPLIED RESEARCH/EXPLORATORY DEVELOPMENT),541715,"RESEARCH AND DEVELOPMENT IN THE PHYSICAL, ENGINEERING, AND LIFE SCIENCES (EXCEPT NANOTECHNOLOGY AND BIOTECHNOLOGY)",,,https://www.usaspending.gov/award/CONT_AWD_80NM0020F0035_8000_80NM0018D0004_8000/,2022-03-28
National Aeronautics and Space Administration,National Aeronautics and Space Administration,FY2022P06,,080,2021,2022,,0120,000,080-2021/2022-0120-000,"Science, National Aeronautics and Space Administration",National Aeronautics and Space Administration,,"General Science, Space, and Technology","Space flight, research, and supporting activities",080-0120,"Science, National Aeronautics and Space Administration",0001,SCIENCE (DIRECT),25.5,Research and development contracts,D,Q,Not Designated Nonemergency/Emergency/Disaster/Wildfire Suppression,,3727296.46,,,CONT_AWD_80NM0020F0035_8000_80NM0018D0004_8000,80NM0020F0035,80NM0018D0004,,,2020-03-23,2020,2025-11-25,2026,2020-03-23,2026-09-27,,C,DELIVERY ORDER,,,"VERITAS (VENUS EMISSIVITY, RADIO SCIENCE, INSAR, TOPOGRAPHY, AND SPECTROSCOPY) (41-108259)",080,NATIONAL AERONAUTICS AND SPACE ADMINISTRATION (NASA),8000,NATIONAL AERONAUTICS AND SPACE ADMINISTRATION,80NM00,NASA MANAGEMENT OFFICE -- JPL,080,NATIONAL AERONAUTICS AND SPACE ADMINISTRATION (NASA),8000,NATIONAL AERONAUTICS AND SPACE ADMINISTRATION,80NM00,NASA MANAGEMENT OFFICE -- JPL,YC1YP79BFD19,,CALIFORNIA INSTITUTE OF TECHNOLOGY,CALIFORNIA INSTITUTE OF TECHNOLOGY,YC1YP79BFD19,YC1YP79BFD19,CALIFORNIA INSTITUTE OF TECHNOLOGY,CALIFORNIA INSTITUTE OF TECHNOLOGY,USA,CA,LOS ANGELES,PASADENA,CA-28,CA-28,911098001,UNITED STATES,CALIFORNIA,LOS ANGELES,CA-28,CA-28,911098099,,,AR22,R&D- SPACE: SCIENCE/APPLICATIONS (APPLIED RESEARCH/EXPLORATORY DEVELOPMENT),541715,"RESEARCH AND DEVELOPMENT IN THE PHYSICAL, ENGINEERING, AND LIFE SCIENCES (EXCEPT NANOTECHNOLOGY AND BIOTECHNOLOGY)",,,https://www.usaspending.gov/award/CONT_AWD_80NM0020F0035_8000_80NM0018D0004_8000/,2022-04-25
National Aeronautics and Space Administration,National Aeronautics and Space Administration,FY2022P07,,080,2022,2023,,0120,000,080-2022/2023-0120-000,"Science, National Aeronautics and Space Administration",National Aeronautics and Space Administration,,"General Science, Space, and Technology","Space flight, research, and supporting activities",080-0120,"Science, National Aeronautics and Space Administration",0001,SCIENCE (DIRECT),25.5,Research and development contracts,D,Q,Not Designated Nonemergency/Emergency/Disaster/Wildfire Suppression,8280715.00,,,,CONT_AWD_80NM0020F0035_8000_80NM0018D0004_8000,80NM0020F0035,80NM0018D0004,,,2020-03-23,2020,2025-11-25,2026,2020-03-23,2026-09-27,,C,DELIVERY ORDER,,,"VERITAS (VENUS EMISSIVITY, RADIO SCIENCE, INSAR, TOPOGRAPHY, AND SPECTROSCOPY) (41-108259)",080,NATIONAL AERONAUTICS AND SPACE ADMINISTRATION (NASA),8000,NATIONAL AERONAUTICS AND SPACE ADMINISTRATION,80NM00,NASA MANAGEMENT OFFICE -- JPL,080,NATIONAL AERONAUTICS AND SPACE ADMINISTRATION (NASA),8000,NATIONAL AERONAUTICS AND SPACE ADMINISTRATION,80NM00,NASA MANAGEMENT OFFICE -- JPL,YC1YP79BFD19,,CALIFORNIA INSTITUTE OF TECHNOLOGY,CALIFORNIA INSTITUTE OF TECHNOLOGY,YC1YP79BFD19,YC1YP79BFD19,CALIFORNIA INSTITUTE OF TECHNOLOGY,CALIFORNIA INSTITUTE OF TECHNOLOGY,USA,CA,LOS ANGELES,PASADENA,CA-28,CA-28,911098001,UNITED STATES,CALIFORNIA,LOS ANGELES,CA-28,CA-28,911098099,,,AR22,R&D- SPACE: SCIENCE/APPLICATIONS (APPLIED RESEARCH/EXPLORATORY DEVELOPMENT),541715,"RESEARCH AND DEVELOPMENT IN THE PHYSICAL, ENGINEERING, AND LIFE SCIENCES (EXCEPT NANOTECHNOLOGY AND BIOTECHNOLOGY)",,,https://www.usaspending.gov/award/CONT_AWD_80NM0020F0035_8000_80NM0018D0004_8000/,2022-05-25
National Aeronautics and Space Administration,National Aeronautics and Space Administration,FY2022P07,,080,2021,2022,,0120,000,080-2021/2022-0120-000,"Science, National Aeronautics and Space Administration",National Aeronautics and Space Administration,,"General Science, Space, and Technology","Space flight, research, and supporting activities",080-0120,"Science, National Aeronautics and Space Administration",0001,SCIENCE (DIRECT),25.5,Research and development contracts,D,Q,Not Designated Nonemergency/Emergency/Disaster/Wildfire Suppression,204000.00,,,,CONT_AWD_80NM0020F0035_8000_80NM0018D0004_8000,80NM0020F0035,80NM0018D0004,,,2020-03-23,2020,2025-11-25,2026,2020-03-23,2026-09-27,,C,DELIVERY ORDER,,,"VERITAS (VENUS EMISSIVITY, RADIO SCIENCE, INSAR, TOPOGRAPHY, AND SPECTROSCOPY) (41-108259)",080,NATIONAL AERONAUTICS AND SPACE ADMINISTRATION (NASA),8000,NATIONAL AERONAUTICS AND SPACE ADMINISTRATION,80NM00,NASA MANAGEMENT OFFICE -- JPL,080,NATIONAL AERONAUTICS AND SPACE ADMINISTRATION (NASA),8000,NATIONAL AERONAUTICS AND SPACE ADMINISTRATION,80NM00,NASA MANAGEMENT OFFICE -- JPL,YC1YP79BFD19,,CALIFORNIA INSTITUTE OF TECHNOLOGY,CALIFORNIA INSTITUTE OF TECHNOLOGY,YC1YP79BFD19,YC1YP79BFD19,CALIFORNIA INSTITUTE OF TECHNOLOGY,CALIFORNIA INSTITUTE OF TECHNOLOGY,USA,CA,LOS ANGELES,PASADENA,CA-28,CA-28,911098001,UNITED STATES,CALIFORNIA,LOS ANGELES,CA-28,CA-28,911098099,,,AR22,R&D- SPACE: SCIENCE/APPLICATIONS (APPLIED RESEARCH/EXPLORATORY DEVELOPMENT),541715,"RESEARCH AND DEVELOPMENT IN THE PHYSICAL, ENGINEERING, AND LIFE SCIENCES (EXCEPT NANOTECHNOLOGY AND BIOTECHNOLOGY)",,,https://www.usaspending.gov/award/CONT_AWD_80NM0020F0035_8000_80NM0018D0004_8000/,2022-05-25
National Aeronautics and Space Administration,National Aeronautics and Space Administration,FY2022P07,,080,2021,2022,,0120,000,080-2021/2022-0120-000,"Science, National Aeronautics and Space Administration",National Aeronautics and Space Administration,,"General Science, Space, and Technology","Space flight, research, and supporting activities",080-0120,"Science, National Aeronautics and Space Administration",0001,SCIENCE (DIRECT),25.5,Research and development contracts,D,Q,Not Designated Nonemergency/Emergency/Disaster/Wildfire Suppression,,4883946.45,,,CONT_AWD_80NM0020F0035_8000_80NM0018D0004_8000,80NM0020F0035,80NM0018D0004,,,2020-03-23,2020,2025-11-25,2026,2020-03-23,2026-09-27,,C,DELIVERY ORDER,,,"VERITAS (VENUS EMISSIVITY, RADIO SCIENCE, INSAR, TOPOGRAPHY, AND SPECTROSCOPY) (41-108259)",080,NATIONAL AERONAUTICS AND SPACE ADMINISTRATION (NASA),8000,NATIONAL AERONAUTICS AND SPACE ADMINISTRATION,80NM00,NASA MANAGEMENT OFFICE -- JPL,080,NATIONAL AERONAUTICS AND SPACE ADMINISTRATION (NASA),8000,NATIONAL AERONAUTICS AND SPACE ADMINISTRATION,80NM00,NASA MANAGEMENT OFFICE -- JPL,YC1YP79BFD19,,CALIFORNIA INSTITUTE OF TECHNOLOGY,CALIFORNIA INSTITUTE OF TECHNOLOGY,YC1YP79BFD19,YC1YP79BFD19,CALIFORNIA INSTITUTE OF TECHNOLOGY,CALIFORNIA INSTITUTE OF TECHNOLOGY,USA,CA,LOS ANGELES,PASADENA,CA-28,CA-28,911098001,UNITED STATES,CALIFORNIA,LOS ANGELES,CA-28,CA-28,911098099,,,AR22,R&D- SPACE: SCIENCE/APPLICATIONS (APPLIED RESEARCH/EXPLORATORY DEVELOPMENT),541715,"RESEARCH AND DEVELOPMENT IN THE PHYSICAL, ENGINEERING, AND LIFE SCIENCES (EXCEPT NANOTECHNOLOGY AND BIOTECHNOLOGY)",,,https://www.usaspending.gov/award/CONT_AWD_80NM0020F0035_8000_80NM0018D0004_8000/,2022-05-25
National Aeronautics and Space Administration,National Aeronautics and Space Administration,FY2022P08,,080,2021,2022,,0120,000,080-2021/2022-0120-000,"Science, National Aeronautics and Space Administration",National Aeronautics and Space Administration,,"General Science, Space, and Technology","Space flight, research, and supporting activities",080-0120,"Science, National Aeronautics and Space Administration",0001,SCIENCE (DIRECT),25.5,Research and development contracts,D,Q,Not Designated Nonemergency/Emergency/Disaster/Wildfire Suppression,,5975360.80,,,CONT_AWD_80NM0020F0035_8000_80NM0018D0004_8000,80NM0020F0035,80NM0018D0004,,,2020-03-23,2020,2025-11-25,2026,2020-03-23,2026-09-27,,C,DELIVERY ORDER,,,"VERITAS (VENUS EMISSIVITY, RADIO SCIENCE, INSAR, TOPOGRAPHY, AND SPECTROSCOPY) (41-108259)",080,NATIONAL AERONAUTICS AND SPACE ADMINISTRATION (NASA),8000,NATIONAL AERONAUTICS AND SPACE ADMINISTRATION,80NM00,NASA MANAGEMENT OFFICE -- JPL,080,NATIONAL AERONAUTICS AND SPACE ADMINISTRATION (NASA),8000,NATIONAL AERONAUTICS AND SPACE ADMINISTRATION,80NM00,NASA MANAGEMENT OFFICE -- JPL,YC1YP79BFD19,,CALIFORNIA INSTITUTE OF TECHNOLOGY,CALIFORNIA INSTITUTE OF TECHNOLOGY,YC1YP79BFD19,YC1YP79BFD19,CALIFORNIA INSTITUTE OF TECHNOLOGY,CALIFORNIA INSTITUTE OF TECHNOLOGY,USA,CA,LOS ANGELES,PASADENA,CA-28,CA-28,911098001,UNITED STATES,CALIFORNIA,LOS ANGELES,CA-28,CA-28,911098099,,,AR22,R&D- SPACE: SCIENCE/APPLICATIONS (APPLIED RESEARCH/EXPLORATORY DEVELOPMENT),541715,"RESEARCH AND DEVELOPMENT IN THE PHYSICAL, ENGINEERING, AND LIFE SCIENCES (EXCEPT NANOTECHNOLOGY AND BIOTECHNOLOGY)",,,https://www.usaspending.gov/award/CONT_AWD_80NM0020F0035_8000_80NM0018D0004_8000/,2022-06-27
National Aeronautics and Space Administration,National Aeronautics and Space Administration,FY2022P09,,080,2022,2023,,0120,000,080-2022/2023-0120-000,"Science, National Aeronautics and Space Administration",National Aeronautics and Space Administration,,"General Science, Space, and Technology","Space flight, research, and supporting activities",080-0120,"Science, National Aeronautics and Space Administration",0001,SCIENCE (DIRECT),25.5,Research and development contracts,D,Q,Not Designated Nonemergency/Emergency/Disaster/Wildfire Suppression,,1241194.75,,,CONT_AWD_80NM0020F0035_8000_80NM0018D0004_8000,80NM0020F0035,80NM0018D0004,,,2020-03-23,2020,2025-11-25,2026,2020-03-23,2026-09-27,,C,DELIVERY ORDER,,,"VERITAS (VENUS EMISSIVITY, RADIO SCIENCE, INSAR, TOPOGRAPHY, AND SPECTROSCOPY) (41-108259)",080,NATIONAL AERONAUTICS AND SPACE ADMINISTRATION (NASA),8000,NATIONAL AERONAUTICS AND SPACE ADMINISTRATION,80NM00,NASA MANAGEMENT OFFICE -- JPL,080,NATIONAL AERONAUTICS AND SPACE ADMINISTRATION (NASA),8000,NATIONAL AERONAUTICS AND SPACE ADMINISTRATION,80NM00,NASA MANAGEMENT OFFICE -- JPL,YC1YP79BFD19,,CALIFORNIA INSTITUTE OF TECHNOLOGY,CALIFORNIA INSTITUTE OF TECHNOLOGY,YC1YP79BFD19,YC1YP79BFD19,CALIFORNIA INSTITUTE OF TECHNOLOGY,CALIFORNIA INSTITUTE OF TECHNOLOGY,USA,CA,LOS ANGELES,PASADENA,CA-28,CA-28,911098001,UNITED STATES,CALIFORNIA,LOS ANGELES,CA-28,CA-28,911098099,,,AR22,R&D- SPACE: SCIENCE/APPLICATIONS (APPLIED RESEARCH/EXPLORATORY DEVELOPMENT),541715,"RESEARCH AND DEVELOPMENT IN THE PHYSICAL, ENGINEERING, AND LIFE SCIENCES (EXCEPT NANOTECHNOLOGY AND BIOTECHNOLOGY)",,,https://www.usaspending.gov/award/CONT_AWD_80NM0020F0035_8000_80NM0018D0004_8000/,2022-07-27
National Aeronautics and Space Administration,National Aeronautics and Space Administration,FY2022P09,,080,2021,2022,,0120,000,080-2021/2022-0120-000,"Science, National Aeronautics and Space Administration",National Aeronautics and Space Administration,,"General Science, Space, and Technology","Space flight, research, and supporting activities",080-0120,"Science, National Aeronautics and Space Administration",0001,SCIENCE (DIRECT),25.5,Research and development contracts,D,Q,Not Designated Nonemergency/Emergency/Disaster/Wildfire Suppression,,6121457.36,,,CONT_AWD_80NM0020F0035_8000_80NM0018D0004_8000,80NM0020F0035,80NM0018D0004,,,2020-03-23,2020,2025-11-25,2026,2020-03-23,2026-09-27,,C,DELIVERY ORDER,,,"VERITAS (VENUS EMISSIVITY, RADIO SCIENCE, INSAR, TOPOGRAPHY, AND SPECTROSCOPY) (41-108259)",080,NATIONAL AERONAUTICS AND SPACE ADMINISTRATION (NASA),8000,NATIONAL AERONAUTICS AND SPACE ADMINISTRATION,80NM00,NASA MANAGEMENT OFFICE -- JPL,080,NATIONAL AERONAUTICS AND SPACE ADMINISTRATION (NASA),8000,NATIONAL AERONAUTICS AND SPACE ADMINISTRATION,80NM00,NASA MANAGEMENT OFFICE -- JPL,YC1YP79BFD19,,CALIFORNIA INSTITUTE OF TECHNOLOGY,CALIFORNIA INSTITUTE OF TECHNOLOGY,YC1YP79BFD19,YC1YP79BFD19,CALIFORNIA INSTITUTE OF TECHNOLOGY,CALIFORNIA INSTITUTE OF TECHNOLOGY,USA,CA,LOS ANGELES,PASADENA,CA-28,CA-28,911098001,UNITED STATES,CALIFORNIA,LOS ANGELES,CA-28,CA-28,911098099,,,AR22,R&D- SPACE: SCIENCE/APPLICATIONS (APPLIED RESEARCH/EXPLORATORY DEVELOPMENT),541715,"RESEARCH AND DEVELOPMENT IN THE PHYSICAL, ENGINEERING, AND LIFE SCIENCES (EXCEPT NANOTECHNOLOGY AND BIOTECHNOLOGY)",,,https://www.usaspending.gov/award/CONT_AWD_80NM0020F0035_8000_80NM0018D0004_8000/,2022-07-27
National Aeronautics and Space Administration,National Aeronautics and Space Administration,FY2022P10,,080,2022,2023,,0120,000,080-2022/2023-0120-000,"Science, National Aeronautics and Space Administration",National Aeronautics and Space Administration,,"General Science, Space, and Technology","Space flight, research, and supporting activities",080-0120,"Science, National Aeronautics and Space Administration",0001,SCIENCE (DIRECT),25.5,Research and development contracts,D,Q,Not Designated Nonemergency/Emergency/Disaster/Wildfire Suppression,,2407122.00,,,CONT_AWD_80NM0020F0035_8000_80NM0018D0004_8000,80NM0020F0035,80NM0018D0004,,,2020-03-23,2020,2025-11-25,2026,2020-03-23,2026-09-27,,C,DELIVERY ORDER,,,"VERITAS (VENUS EMISSIVITY, RADIO SCIENCE, INSAR, TOPOGRAPHY, AND SPECTROSCOPY) (41-108259)",080,NATIONAL AERONAUTICS AND SPACE ADMINISTRATION (NASA),8000,NATIONAL AERONAUTICS AND SPACE ADMINISTRATION,80NM00,NASA MANAGEMENT OFFICE -- JPL,080,NATIONAL AERONAUTICS AND SPACE ADMINISTRATION (NASA),8000,NATIONAL AERONAUTICS AND SPACE ADMINISTRATION,80NM00,NASA MANAGEMENT OFFICE -- JPL,YC1YP79BFD19,,CALIFORNIA INSTITUTE OF TECHNOLOGY,CALIFORNIA INSTITUTE OF TECHNOLOGY,YC1YP79BFD19,YC1YP79BFD19,CALIFORNIA INSTITUTE OF TECHNOLOGY,CALIFORNIA INSTITUTE OF TECHNOLOGY,USA,CA,LOS ANGELES,PASADENA,CA-28,CA-28,911098001,UNITED STATES,CALIFORNIA,LOS ANGELES,CA-28,CA-28,911098099,,,AR22,R&D- SPACE: SCIENCE/APPLICATIONS (APPLIED RESEARCH/EXPLORATORY DEVELOPMENT),541715,"RESEARCH AND DEVELOPMENT IN THE PHYSICAL, ENGINEERING, AND LIFE SCIENCES (EXCEPT NANOTECHNOLOGY AND BIOTECHNOLOGY)",,,https://www.usaspending.gov/award/CONT_AWD_80NM0020F0035_8000_80NM0018D0004_8000/,2022-08-24
National Aeronautics and Space Administration,National Aeronautics and Space Administration,FY2022P10,,080,2021,2022,,0120,000,080-2021/2022-0120-000,"Science, National Aeronautics and Space Administration",National Aeronautics and Space Administration,,"General Science, Space, and Technology","Space flight, research, and supporting activities",080-0120,"Science, National Aeronautics and Space Administration",0001,SCIENCE (DIRECT),25.5,Research and development contracts,D,Q,Not Designated Nonemergency/Emergency/Disaster/Wildfire Suppression,,6121457.36,,,CONT_AWD_80NM0020F0035_8000_80NM0018D0004_8000,80NM0020F0035,80NM0018D0004,,,2020-03-23,2020,2025-11-25,2026,2020-03-23,2026-09-27,,C,DELIVERY ORDER,,,"VERITAS (VENUS EMISSIVITY, RADIO SCIENCE, INSAR, TOPOGRAPHY, AND SPECTROSCOPY) (41-108259)",080,NATIONAL AERONAUTICS AND SPACE ADMINISTRATION (NASA),8000,NATIONAL AERONAUTICS AND SPACE ADMINISTRATION,80NM00,NASA MANAGEMENT OFFICE -- JPL,080,NATIONAL AERONAUTICS AND SPACE ADMINISTRATION (NASA),8000,NATIONAL AERONAUTICS AND SPACE ADMINISTRATION,80NM00,NASA MANAGEMENT OFFICE -- JPL,YC1YP79BFD19,,CALIFORNIA INSTITUTE OF TECHNOLOGY,CALIFORNIA INSTITUTE OF TECHNOLOGY,YC1YP79BFD19,YC1YP79BFD19,CALIFORNIA INSTITUTE OF TECHNOLOGY,CALIFORNIA INSTITUTE OF TECHNOLOGY,USA,CA,LOS ANGELES,PASADENA,CA-28,CA-28,911098001,UNITED STATES,CALIFORNIA,LOS ANGELES,CA-28,CA-28,911098099,,,AR22,R&D- SPACE: SCIENCE/APPLICATIONS (APPLIED RESEARCH/EXPLORATORY DEVELOPMENT),541715,"RESEARCH AND DEVELOPMENT IN THE PHYSICAL, ENGINEERING, AND LIFE SCIENCES (EXCEPT NANOTECHNOLOGY AND BIOTECHNOLOGY)",,,https://www.usaspending.gov/award/CONT_AWD_80NM0020F0035_8000_80NM0018D0004_8000/,2022-08-24
National Aeronautics and Space Administration,National Aeronautics and Space Administration,FY2022P11,,080,2022,2023,,0120,000,080-2022/2023-0120-000,"Science, National Aeronautics and Space Administration",National Aeronautics and Space Administration,,"General Science, Space, and Technology","Space flight, research, and supporting activities",080-0120,"Science, National Aeronautics and Space Administration",0001,SCIENCE (DIRECT),25.5,Research and development contracts,D,Q,Not Designated Nonemergency/Emergency/Disaster/Wildfire Suppression,,4260117.35,,,CONT_AWD_80NM0020F0035_8000_80NM0018D0004_8000,80NM0020F0035,80NM0018D0004,,,2020-03-23,2020,2025-11-25,2026,2020-03-23,2026-09-27,,C,DELIVERY ORDER,,,"VERITAS (VENUS EMISSIVITY, RADIO SCIENCE, INSAR, TOPOGRAPHY, AND SPECTROSCOPY) (41-108259)",080,NATIONAL AERONAUTICS AND SPACE ADMINISTRATION (NASA),8000,NATIONAL AERONAUTICS AND SPACE ADMINISTRATION,80NM00,NASA MANAGEMENT OFFICE -- JPL,080,NATIONAL AERONAUTICS AND SPACE ADMINISTRATION (NASA),8000,NATIONAL AERONAUTICS AND SPACE ADMINISTRATION,80NM00,NASA MANAGEMENT OFFICE -- JPL,YC1YP79BFD19,,CALIFORNIA INSTITUTE OF TECHNOLOGY,CALIFORNIA INSTITUTE OF TECHNOLOGY,YC1YP79BFD19,YC1YP79BFD19,CALIFORNIA INSTITUTE OF TECHNOLOGY,CALIFORNIA INSTITUTE OF TECHNOLOGY,USA,CA,LOS ANGELES,PASADENA,CA-28,CA-28,911098001,UNITED STATES,CALIFORNIA,LOS ANGELES,CA-28,CA-28,911098099,,,AR22,R&D- SPACE: SCIENCE/APPLICATIONS (APPLIED RESEARCH/EXPLORATORY DEVELOPMENT),541715,"RESEARCH AND DEVELOPMENT IN THE PHYSICAL, ENGINEERING, AND LIFE SCIENCES (EXCEPT NANOTECHNOLOGY AND BIOTECHNOLOGY)",,,https://www.usaspending.gov/award/CONT_AWD_80NM0020F0035_8000_80NM0018D0004_8000/,2022-09-25
National Aeronautics and Space Administration,National Aeronautics and Space Administration,FY2022P11,,080,2021,2022,,0120,000,080-2021/2022-0120-000,"Science, National Aeronautics and Space Administration",National Aeronautics and Space Administration,,"General Science, Space, and Technology","Space flight, research, and supporting activities",080-0120,"Science, National Aeronautics and Space Administration",0001,SCIENCE (DIRECT),25.5,Research and development contracts,D,Q,Not Designated Nonemergency/Emergency/Disaster/Wildfire Suppression,,6121457.36,,,CONT_AWD_80NM0020F0035_8000_80NM0018D0004_8000,80NM0020F0035,80NM0018D0004,,,2020-03-23,2020,2025-11-25,2026,2020-03-23,2026-09-27,,C,DELIVERY ORDER,,,"VERITAS (VENUS EMISSIVITY, RADIO SCIENCE, INSAR, TOPOGRAPHY, AND SPECTROSCOPY) (41-108259)",080,NATIONAL AERONAUTICS AND SPACE ADMINISTRATION (NASA),8000,NATIONAL AERONAUTICS AND SPACE ADMINISTRATION,80NM00,NASA MANAGEMENT OFFICE -- JPL,080,NATIONAL AERONAUTICS AND SPACE ADMINISTRATION (NASA),8000,NATIONAL AERONAUTICS AND SPACE ADMINISTRATION,80NM00,NASA MANAGEMENT OFFICE -- JPL,YC1YP79BFD19,,CALIFORNIA INSTITUTE OF TECHNOLOGY,CALIFORNIA INSTITUTE OF TECHNOLOGY,YC1YP79BFD19,YC1YP79BFD19,CALIFORNIA INSTITUTE OF TECHNOLOGY,CALIFORNIA INSTITUTE OF TECHNOLOGY,USA,CA,LOS ANGELES,PASADENA,CA-28,CA-28,911098001,UNITED STATES,CALIFORNIA,LOS ANGELES,CA-28,CA-28,911098099,,,AR22,R&D- SPACE: SCIENCE/APPLICATIONS (APPLIED RESEARCH/EXPLORATORY DEVELOPMENT),541715,"RESEARCH AND DEVELOPMENT IN THE PHYSICAL, ENGINEERING, AND LIFE SCIENCES (EXCEPT NANOTECHNOLOGY AND BIOTECHNOLOGY)",,,https://www.usaspending.gov/award/CONT_AWD_80NM0020F0035_8000_80NM0018D0004_8000/,2022-09-25
National Aeronautics and Space Administration,National Aeronautics and Space Administration,FY2022P12,,080,2022,2023,,0120,000,080-2022/2023-0120-000,"Science, National Aeronautics and Space Administration",National Aeronautics and Space Administration,,"General Science, Space, and Technology","Space flight, research, and supporting activities",080-0120,"Science, National Aeronautics and Space Administration",0001,SCIENCE (DIRECT),25.5,Research and development contracts,D,Q,Not Designated Nonemergency/Emergency/Disaster/Wildfire Suppression,,5865728.45,,,CONT_AWD_80NM0020F0035_8000_80NM0018D0004_8000,80NM0020F0035,80NM0018D0004,,,2020-03-23,2020,2025-11-25,2026,2020-03-23,2026-09-27,,C,DELIVERY ORDER,,,"VERITAS (VENUS EMISSIVITY, RADIO SCIENCE, INSAR, TOPOGRAPHY, AND SPECTROSCOPY) (41-108259)",080,NATIONAL AERONAUTICS AND SPACE ADMINISTRATION (NASA),8000,NATIONAL AERONAUTICS AND SPACE ADMINISTRATION,80NM00,NASA MANAGEMENT OFFICE -- JPL,080,NATIONAL AERONAUTICS AND SPACE ADMINISTRATION (NASA),8000,NATIONAL AERONAUTICS AND SPACE ADMINISTRATION,80NM00,NASA MANAGEMENT OFFICE -- JPL,YC1YP79BFD19,,CALIFORNIA INSTITUTE OF TECHNOLOGY,CALIFORNIA INSTITUTE OF TECHNOLOGY,YC1YP79BFD19,YC1YP79BFD19,CALIFORNIA INSTITUTE OF TECHNOLOGY,CALIFORNIA INSTITUTE OF TECHNOLOGY,USA,CA,LOS ANGELES,PASADENA,CA-28,CA-28,911098001,UNITED STATES,CALIFORNIA,LOS ANGELES,CA-28,CA-28,911098099,,,AR22,R&D- SPACE: SCIENCE/APPLICATIONS (APPLIED RESEARCH/EXPLORATORY DEVELOPMENT),541715,"RESEARCH AND DEVELOPMENT IN THE PHYSICAL, ENGINEERING, AND LIFE SCIENCES (EXCEPT NANOTECHNOLOGY AND BIOTECHNOLOGY)",,,https://www.usaspending.gov/award/CONT_AWD_80NM0020F0035_8000_80NM0018D0004_8000/,2022-11-02
National Aeronautics and Space Administration,National Aeronautics and Space Administration,FY2022P12,,080,2021,2022,,0120,000,080-2021/2022-0120-000,"Science, National Aeronautics and Space Administration",National Aeronautics and Space Administration,,"General Science, Space, and Technology","Space flight, research, and supporting activities",080-0120,"Science, National Aeronautics and Space Administration",0001,SCIENCE (DIRECT),25.5,Research and development contracts,D,Q,Not Designated Nonemergency/Emergency/Disaster/Wildfire Suppression,,6121457.36,,,CONT_AWD_80NM0020F0035_8000_80NM0018D0004_8000,80NM0020F0035,80NM0018D0004,,,2020-03-23,2020,2025-11-25,2026,2020-03-23,2026-09-27,,C,DELIVERY ORDER,,,"VERITAS (VENUS EMISSIVITY, RADIO SCIENCE, INSAR, TOPOGRAPHY, AND SPECTROSCOPY) (41-108259)",080,NATIONAL AERONAUTICS AND SPACE ADMINISTRATION (NASA),8000,NATIONAL AERONAUTICS AND SPACE ADMINISTRATION,80NM00,NASA MANAGEMENT OFFICE -- JPL,080,NATIONAL AERONAUTICS AND SPACE ADMINISTRATION (NASA),8000,NATIONAL AERONAUTICS AND SPACE ADMINISTRATION,80NM00,NASA MANAGEMENT OFFICE -- JPL,YC1YP79BFD19,,CALIFORNIA INSTITUTE OF TECHNOLOGY,CALIFORNIA INSTITUTE OF TECHNOLOGY,YC1YP79BFD19,YC1YP79BFD19,CALIFORNIA INSTITUTE OF TECHNOLOGY,CALIFORNIA INSTITUTE OF TECHNOLOGY,USA,CA,LOS ANGELES,PASADENA,CA-28,CA-28,911098001,UNITED STATES,CALIFORNIA,LOS ANGELES,CA-28,CA-28,911098099,,,AR22,R&D- SPACE: SCIENCE/APPLICATIONS (APPLIED RESEARCH/EXPLORATORY DEVELOPMENT),541715,"RESEARCH AND DEVELOPMENT IN THE PHYSICAL, ENGINEERING, AND LIFE SCIENCES (EXCEPT NANOTECHNOLOGY AND BIOTECHNOLOGY)",,,https://www.usaspending.gov/award/CONT_AWD_80NM0020F0035_8000_80NM0018D0004_8000/,2022-11-02
National Aeronautics and Space Administration,National Aeronautics and Space Administration,FY2023P02,,080,2023,2024,,0120,000,080-2023/2024-0120-000,"Science, National Aeronautics and Space Administration",National Aeronautics and Space Administration,,"General Science, Space, and Technology","Space flight, research, and supporting activities",080-0120,"Science, National Aeronautics and Space Administration",0001,SCIENCE (DIRECT),25.5,Research and development contracts,D,Q,Not Designated Nonemergency/Emergency/Disaster/Wildfire Suppression,2000000.00,,,,CONT_AWD_80NM0020F0035_8000_80NM0018D0004_8000,80NM0020F0035,80NM0018D0004,,,2020-03-23,2020,2025-11-25,2026,2020-03-23,2026-09-27,,C,DELIVERY ORDER,,,"VERITAS (VENUS EMISSIVITY, RADIO SCIENCE, INSAR, TOPOGRAPHY, AND SPECTROSCOPY) (41-108259)",080,NATIONAL AERONAUTICS AND SPACE ADMINISTRATION (NASA),8000,NATIONAL AERONAUTICS AND SPACE ADMINISTRATION,80NM00,NASA MANAGEMENT OFFICE -- JPL,080,NATIONAL AERONAUTICS AND SPACE ADMINISTRATION (NASA),8000,NATIONAL AERONAUTICS AND SPACE ADMINISTRATION,80NM00,NASA MANAGEMENT OFFICE -- JPL,YC1YP79BFD19,,CALIFORNIA INSTITUTE OF TECHNOLOGY,CALIFORNIA INSTITUTE OF TECHNOLOGY,YC1YP79BFD19,YC1YP79BFD19,CALIFORNIA INSTITUTE OF TECHNOLOGY,CALIFORNIA INSTITUTE OF TECHNOLOGY,USA,CA,LOS ANGELES,PASADENA,CA-28,CA-28,911098001,UNITED STATES,CALIFORNIA,LOS ANGELES,CA-28,CA-28,911098099,,,AR22,R&D- SPACE: SCIENCE/APPLICATIONS (APPLIED RESEARCH/EXPLORATORY DEVELOPMENT),541715,"RESEARCH AND DEVELOPMENT IN THE PHYSICAL, ENGINEERING, AND LIFE SCIENCES (EXCEPT NANOTECHNOLOGY AND BIOTECHNOLOGY)",,,https://www.usaspending.gov/award/CONT_AWD_80NM0020F0035_8000_80NM0018D0004_8000/,2023-01-06
National Aeronautics and Space Administration,National Aeronautics and Space Administration,FY2023P02,,080,2022,2023,,0120,000,080-2022/2023-0120-000,"Science, National Aeronautics and Space Administration",National Aeronautics and Space Administration,,"General Science, Space, and Technology","Space flight, research, and supporting activities",080-0120,"Science, National Aeronautics and Space Administration",0001,SCIENCE (DIRECT),25.5,Research and development contracts,D,Q,Not Designated Nonemergency/Emergency/Disaster/Wildfire Suppression,10074.00,,,,CONT_AWD_80NM0020F0035_8000_80NM0018D0004_8000,80NM0020F0035,80NM0018D0004,,,2020-03-23,2020,2025-11-25,2026,2020-03-23,2026-09-27,,C,DELIVERY ORDER,,,"VERITAS (VENUS EMISSIVITY, RADIO SCIENCE, INSAR, TOPOGRAPHY, AND SPECTROSCOPY) (41-108259)",080,NATIONAL AERONAUTICS AND SPACE ADMINISTRATION (NASA),8000,NATIONAL AERONAUTICS AND SPACE ADMINISTRATION,80NM00,NASA MANAGEMENT OFFICE -- JPL,080,NATIONAL AERONAUTICS AND SPACE ADMINISTRATION (NASA),8000,NATIONAL AERONAUTICS AND SPACE ADMINISTRATION,80NM00,NASA MANAGEMENT OFFICE -- JPL,YC1YP79BFD19,,CALIFORNIA INSTITUTE OF TECHNOLOGY,CALIFORNIA INSTITUTE OF TECHNOLOGY,YC1YP79BFD19,YC1YP79BFD19,CALIFORNIA INSTITUTE OF TECHNOLOGY,CALIFORNIA INSTITUTE OF TECHNOLOGY,USA,CA,LOS ANGELES,PASADENA,CA-28,CA-28,911098001,UNITED STATES,CALIFORNIA,LOS ANGELES,CA-28,CA-28,911098099,,,AR22,R&D- SPACE: SCIENCE/APPLICATIONS (APPLIED RESEARCH/EXPLORATORY DEVELOPMENT),541715,"RESEARCH AND DEVELOPMENT IN THE PHYSICAL, ENGINEERING, AND LIFE SCIENCES (EXCEPT NANOTECHNOLOGY AND BIOTECHNOLOGY)",,,https://www.usaspending.gov/award/CONT_AWD_80NM0020F0035_8000_80NM0018D0004_8000/,2023-01-06
National Aeronautics and Space Administration,National Aeronautics and Space Administration,FY2023P02,,080,2022,2023,,0120,000,080-2022/2023-0120-000,"Science, National Aeronautics and Space Administration",National Aeronautics and Space Administration,,"General Science, Space, and Technology","Space flight, research, and supporting activities",080-0120,"Science, National Aeronautics and Space Administration",0001,SCIENCE (DIRECT),25.5,Research and development contracts,D,Q,Not Designated Nonemergency/Emergency/Disaster/Wildfire Suppression,,3454564.69,,,CONT_AWD_80NM0020F0035_8000_80NM0018D0004_8000,80NM0020F0035,80NM0018D0004,,,2020-03-23,2020,2025-11-25,2026,2020-03-23,2026-09-27,,C,DELIVERY ORDER,,,"VERITAS (VENUS EMISSIVITY, RADIO SCIENCE, INSAR, TOPOGRAPHY, AND SPECTROSCOPY) (41-108259)",080,NATIONAL AERONAUTICS AND SPACE ADMINISTRATION (NASA),8000,NATIONAL AERONAUTICS AND SPACE ADMINISTRATION,80NM00,NASA MANAGEMENT OFFICE -- JPL,080,NATIONAL AERONAUTICS AND SPACE ADMINISTRATION (NASA),8000,NATIONAL AERONAUTICS AND SPACE ADMINISTRATION,80NM00,NASA MANAGEMENT OFFICE -- JPL,YC1YP79BFD19,,CALIFORNIA INSTITUTE OF TECHNOLOGY,CALIFORNIA INSTITUTE OF TECHNOLOGY,YC1YP79BFD19,YC1YP79BFD19,CALIFORNIA INSTITUTE OF TECHNOLOGY,CALIFORNIA INSTITUTE OF TECHNOLOGY,USA,CA,LOS ANGELES,PASADENA,CA-28,CA-28,911098001,UNITED STATES,CALIFORNIA,LOS ANGELES,CA-28,CA-28,911098099,,,AR22,R&D- SPACE: SCIENCE/APPLICATIONS (APPLIED RESEARCH/EXPLORATORY DEVELOPMENT),541715,"RESEARCH AND DEVELOPMENT IN THE PHYSICAL, ENGINEERING, AND LIFE SCIENCES (EXCEPT NANOTECHNOLOGY AND BIOTECHNOLOGY)",,,https://www.usaspending.gov/award/CONT_AWD_80NM0020F0035_8000_80NM0018D0004_8000/,2023-01-06
National Aeronautics and Space Administration,National Aeronautics and Space Administration,FY2023P03,,080,2022,2023,,0120,000,080-2022/2023-0120-000,"Science, National Aeronautics and Space Administration",National Aeronautics and Space Administration,,"General Science, Space, and Technology","Space flight, research, and supporting activities",080-0120,"Science, National Aeronautics and Space Administration",0001,SCIENCE (DIRECT),25.5,Research and development contracts,D,Q,Not Designated Nonemergency/Emergency/Disaster/Wildfire Suppression,,6008075.40,,,CONT_AWD_80NM0020F0035_8000_80NM0018D0004_8000,80NM0020F0035,80NM0018D0004,,,2020-03-23,2020,2025-11-25,2026,2020-03-23,2026-09-27,,C,DELIVERY ORDER,,,"VERITAS (VENUS EMISSIVITY, RADIO SCIENCE, INSAR, TOPOGRAPHY, AND SPECTROSCOPY) (41-108259)",080,NATIONAL AERONAUTICS AND SPACE ADMINISTRATION (NASA),8000,NATIONAL AERONAUTICS AND SPACE ADMINISTRATION,80NM00,NASA MANAGEMENT OFFICE -- JPL,080,NATIONAL AERONAUTICS AND SPACE ADMINISTRATION (NASA),8000,NATIONAL AERONAUTICS AND SPACE ADMINISTRATION,80NM00,NASA MANAGEMENT OFFICE -- JPL,YC1YP79BFD19,,CALIFORNIA INSTITUTE OF TECHNOLOGY,CALIFORNIA INSTITUTE OF TECHNOLOGY,YC1YP79BFD19,YC1YP79BFD19,CALIFORNIA INSTITUTE OF TECHNOLOGY,CALIFORNIA INSTITUTE OF TECHNOLOGY,USA,CA,LOS ANGELES,PASADENA,CA-28,CA-28,911098001,UNITED STATES,CALIFORNIA,LOS ANGELES,CA-28,CA-28,911098099,,,AR22,R&D- SPACE: SCIENCE/APPLICATIONS (APPLIED RESEARCH/EXPLORATORY DEVELOPMENT),541715,"RESEARCH AND DEVELOPMENT IN THE PHYSICAL, ENGINEERING, AND LIFE SCIENCES (EXCEPT NANOTECHNOLOGY AND BIOTECHNOLOGY)",,,https://www.usaspending.gov/award/CONT_AWD_80NM0020F0035_8000_80NM0018D0004_8000/,2023-01-31
National Aeronautics and Space Administration,National Aeronautics and Space Administration,FY2023P04,,080,2023,2024,,0120,000,080-2023/2024-0120-000,"Science, National Aeronautics and Space Administration",National Aeronautics and Space Administration,,"General Science, Space, and Technology","Space flight, research, and supporting activities",080-0120,"Science, National Aeronautics and Space Administration",0001,SCIENCE (DIRECT),25.5,Research and development contracts,D,Q,Not Designated Nonemergency/Emergency/Disaster/Wildfire Suppression,1200000.00,,,,CONT_AWD_80NM0020F0035_8000_80NM0018D0004_8000,80NM0020F0035,80NM0018D0004,,,2020-03-23,2020,2025-11-25,2026,2020-03-23,2026-09-27,,C,DELIVERY ORDER,,,"VERITAS (VENUS EMISSIVITY, RADIO SCIENCE, INSAR, TOPOGRAPHY, AND SPECTROSCOPY) (41-108259)",080,NATIONAL AERONAUTICS AND SPACE ADMINISTRATION (NASA),8000,NATIONAL AERONAUTICS AND SPACE ADMINISTRATION,80NM00,NASA MANAGEMENT OFFICE -- JPL,080,NATIONAL AERONAUTICS AND SPACE ADMINISTRATION (NASA),8000,NATIONAL AERONAUTICS AND SPACE ADMINISTRATION,80NM00,NASA MANAGEMENT OFFICE -- JPL,YC1YP79BFD19,,CALIFORNIA INSTITUTE OF TECHNOLOGY,CALIFORNIA INSTITUTE OF TECHNOLOGY,YC1YP79BFD19,YC1YP79BFD19,CALIFORNIA INSTITUTE OF TECHNOLOGY,CALIFORNIA INSTITUTE OF TECHNOLOGY,USA,CA,LOS ANGELES,PASADENA,CA-28,CA-28,911098001,UNITED STATES,CALIFORNIA,LOS ANGELES,CA-28,CA-28,911098099,,,AR22,R&D- SPACE: SCIENCE/APPLICATIONS (APPLIED RESEARCH/EXPLORATORY DEVELOPMENT),541715,"RESEARCH AND DEVELOPMENT IN THE PHYSICAL, ENGINEERING, AND LIFE SCIENCES (EXCEPT NANOTECHNOLOGY AND BIOTECHNOLOGY)",,,https://www.usaspending.gov/award/CONT_AWD_80NM0020F0035_8000_80NM0018D0004_8000/,2023-02-23
National Aeronautics and Space Administration,National Aeronautics and Space Administration,FY2023P04,,080,2022,2023,,0120,000,080-2022/2023-0120-000,"Science, National Aeronautics and Space Administration",National Aeronautics and Space Administration,,"General Science, Space, and Technology","Space flight, research, and supporting activities",080-0120,"Science, National Aeronautics and Space Administration",0001,SCIENCE (DIRECT),25.5,Research and development contracts,D,Q,Not Designated Nonemergency/Emergency/Disaster/Wildfire Suppression,,7252893.89,,,CONT_AWD_80NM0020F0035_8000_80NM0018D0004_8000,80NM0020F0035,80NM0018D0004,,,2020-03-23,2020,2025-11-25,2026,2020-03-23,2026-09-27,,C,DELIVERY ORDER,,,"VERITAS (VENUS EMISSIVITY, RADIO SCIENCE, INSAR, TOPOGRAPHY, AND SPECTROSCOPY) (41-108259)",080,NATIONAL AERONAUTICS AND SPACE ADMINISTRATION (NASA),8000,NATIONAL AERONAUTICS AND SPACE ADMINISTRATION,80NM00,NASA MANAGEMENT OFFICE -- JPL,080,NATIONAL AERONAUTICS AND SPACE ADMINISTRATION (NASA),8000,NATIONAL AERONAUTICS AND SPACE ADMINISTRATION,80NM00,NASA MANAGEMENT OFFICE -- JPL,YC1YP79BFD19,,CALIFORNIA INSTITUTE OF TECHNOLOGY,CALIFORNIA INSTITUTE OF TECHNOLOGY,YC1YP79BFD19,YC1YP79BFD19,CALIFORNIA INSTITUTE OF TECHNOLOGY,CALIFORNIA INSTITUTE OF TECHNOLOGY,USA,CA,LOS ANGELES,PASADENA,CA-28,CA-28,911098001,UNITED STATES,CALIFORNIA,LOS ANGELES,CA-28,CA-28,911098099,,,AR22,R&D- SPACE: SCIENCE/APPLICATIONS (APPLIED RESEARCH/EXPLORATORY DEVELOPMENT),541715,"RESEARCH AND DEVELOPMENT IN THE PHYSICAL, ENGINEERING, AND LIFE SCIENCES (EXCEPT NANOTECHNOLOGY AND BIOTECHNOLOGY)",,,https://www.usaspending.gov/award/CONT_AWD_80NM0020F0035_8000_80NM0018D0004_8000/,2023-02-23
National Aeronautics and Space Administration,National Aeronautics and Space Administration,FY2023P05,,080,2023,2024,,0120,000,080-2023/2024-0120-000,"Science, National Aeronautics and Space Administration",National Aeronautics and Space Administration,,"General Science, Space, and Technology","Space flight, research, and supporting activities",080-0120,"Science, National Aeronautics and Space Administration",0001,SCIENCE (DIRECT),25.5,Research and development contracts,D,Q,Not Designated Nonemergency/Emergency/Disaster/Wildfire Suppression,1000000.00,,,,CONT_AWD_80NM0020F0035_8000_80NM0018D0004_8000,80NM0020F0035,80NM0018D0004,,,2020-03-23,2020,2025-11-25,2026,2020-03-23,2026-09-27,,C,DELIVERY ORDER,,,"VERITAS (VENUS EMISSIVITY, RADIO SCIENCE, INSAR, TOPOGRAPHY, AND SPECTROSCOPY) (41-108259)",080,NATIONAL AERONAUTICS AND SPACE ADMINISTRATION (NASA),8000,NATIONAL AERONAUTICS AND SPACE ADMINISTRATION,80NM00,NASA MANAGEMENT OFFICE -- JPL,080,NATIONAL AERONAUTICS AND SPACE ADMINISTRATION (NASA),8000,NATIONAL AERONAUTICS AND SPACE ADMINISTRATION,80NM00,NASA MANAGEMENT OFFICE -- JPL,YC1YP79BFD19,,CALIFORNIA INSTITUTE OF TECHNOLOGY,CALIFORNIA INSTITUTE OF TECHNOLOGY,YC1YP79BFD19,YC1YP79BFD19,CALIFORNIA INSTITUTE OF TECHNOLOGY,CALIFORNIA INSTITUTE OF TECHNOLOGY,USA,CA,LOS ANGELES,PASADENA,CA-28,CA-28,911098001,UNITED STATES,CALIFORNIA,LOS ANGELES,CA-28,CA-28,911098099,,,AR22,R&D- SPACE: SCIENCE/APPLICATIONS (APPLIED RESEARCH/EXPLORATORY DEVELOPMENT),541715,"RESEARCH AND DEVELOPMENT IN THE PHYSICAL, ENGINEERING, AND LIFE SCIENCES (EXCEPT NANOTECHNOLOGY AND BIOTECHNOLOGY)",,,https://www.usaspending.gov/award/CONT_AWD_80NM0020F0035_8000_80NM0018D0004_8000/,2023-03-27
National Aeronautics and Space Administration,National Aeronautics and Space Administration,FY2023P05,,080,2023,2024,,0120,000,080-2023/2024-0120-000,"Science, National Aeronautics and Space Administration",National Aeronautics and Space Administration,,"General Science, Space, and Technology","Space flight, research, and supporting activities",080-0120,"Science, National Aeronautics and Space Administration",0001,SCIENCE (DIRECT),25.5,Research and development contracts,D,Q,Not Designated Nonemergency/Emergency/Disaster/Wildfire Suppression,,749507.12,,,CONT_AWD_80NM0020F0035_8000_80NM0018D0004_8000,80NM0020F0035,80NM0018D0004,,,2020-03-23,2020,2025-11-25,2026,2020-03-23,2026-09-27,,C,DELIVERY ORDER,,,"VERITAS (VENUS EMISSIVITY, RADIO SCIENCE, INSAR, TOPOGRAPHY, AND SPECTROSCOPY) (41-108259)",080,NATIONAL AERONAUTICS AND SPACE ADMINISTRATION (NASA),8000,NATIONAL AERONAUTICS AND SPACE ADMINISTRATION,80NM00,NASA MANAGEMENT OFFICE -- JPL,080,NATIONAL AERONAUTICS AND SPACE ADMINISTRATION (NASA),8000,NATIONAL AERONAUTICS AND SPACE ADMINISTRATION,80NM00,NASA MANAGEMENT OFFICE -- JPL,YC1YP79BFD19,,CALIFORNIA INSTITUTE OF TECHNOLOGY,CALIFORNIA INSTITUTE OF TECHNOLOGY,YC1YP79BFD19,YC1YP79BFD19,CALIFORNIA INSTITUTE OF TECHNOLOGY,CALIFORNIA INSTITUTE OF TECHNOLOGY,USA,CA,LOS ANGELES,PASADENA,CA-28,CA-28,911098001,UNITED STATES,CALIFORNIA,LOS ANGELES,CA-28,CA-28,911098099,,,AR22,R&D- SPACE: SCIENCE/APPLICATIONS (APPLIED RESEARCH/EXPLORATORY DEVELOPMENT),541715,"RESEARCH AND DEVELOPMENT IN THE PHYSICAL, ENGINEERING, AND LIFE SCIENCES (EXCEPT NANOTECHNOLOGY AND BIOTECHNOLOGY)",,,https://www.usaspending.gov/award/CONT_AWD_80NM0020F0035_8000_80NM0018D0004_8000/,2023-03-27
National Aeronautics and Space Administration,National Aeronautics and Space Administration,FY2023P05,,080,2022,2023,,0120,000,080-2022/2023-0120-000,"Science, National Aeronautics and Space Administration",National Aeronautics and Space Administration,,"General Science, Space, and Technology","Space flight, research, and supporting activities",080-0120,"Science, National Aeronautics and Space Administration",0001,SCIENCE (DIRECT),25.5,Research and development contracts,D,Q,Not Designated Nonemergency/Emergency/Disaster/Wildfire Suppression,,8113506.55,,,CONT_AWD_80NM0020F0035_8000_80NM0018D0004_8000,80NM0020F0035,80NM0018D0004,,,2020-03-23,2020,2025-11-25,2026,2020-03-23,2026-09-27,,C,DELIVERY ORDER,,,"VERITAS (VENUS EMISSIVITY, RADIO SCIENCE, INSAR, TOPOGRAPHY, AND SPECTROSCOPY) (41-108259)",080,NATIONAL AERONAUTICS AND SPACE ADMINISTRATION (NASA),8000,NATIONAL AERONAUTICS AND SPACE ADMINISTRATION,80NM00,NASA MANAGEMENT OFFICE -- JPL,080,NATIONAL AERONAUTICS AND SPACE ADMINISTRATION (NASA),8000,NATIONAL AERONAUTICS AND SPACE ADMINISTRATION,80NM00,NASA MANAGEMENT OFFICE -- JPL,YC1YP79BFD19,,CALIFORNIA INSTITUTE OF TECHNOLOGY,CALIFORNIA INSTITUTE OF TECHNOLOGY,YC1YP79BFD19,YC1YP79BFD19,CALIFORNIA INSTITUTE OF TECHNOLOGY,CALIFORNIA INSTITUTE OF TECHNOLOGY,USA,CA,LOS ANGELES,PASADENA,CA-28,CA-28,911098001,UNITED STATES,CALIFORNIA,LOS ANGELES,CA-28,CA-28,911098099,,,AR22,R&D- SPACE: SCIENCE/APPLICATIONS (APPLIED RESEARCH/EXPLORATORY DEVELOPMENT),541715,"RESEARCH AND DEVELOPMENT IN THE PHYSICAL, ENGINEERING, AND LIFE SCIENCES (EXCEPT NANOTECHNOLOGY AND BIOTECHNOLOGY)",,,https://www.usaspending.gov/award/CONT_AWD_80NM0020F0035_8000_80NM0018D0004_8000/,2023-03-27
National Aeronautics and Space Administration,National Aeronautics and Space Administration,FY2023P06,,080,2023,2024,,0120,000,080-2023/2024-0120-000,"Science, National Aeronautics and Space Administration",National Aeronautics and Space Administration,,"General Science, Space, and Technology","Space flight, research, and supporting activities",080-0120,"Science, National Aeronautics and Space Administration",0001,SCIENCE (DIRECT),25.5,Research and development contracts,D,Q,Not Designated Nonemergency/Emergency/Disaster/Wildfire Suppression,5213000.00,,,,CONT_AWD_80NM0020F0035_8000_80NM0018D0004_8000,80NM0020F0035,80NM0018D0004,,,2020-03-23,2020,2025-11-25,2026,2020-03-23,2026-09-27,,C,DELIVERY ORDER,,,"VERITAS (VENUS EMISSIVITY, RADIO SCIENCE, INSAR, TOPOGRAPHY, AND SPECTROSCOPY) (41-108259)",080,NATIONAL AERONAUTICS AND SPACE ADMINISTRATION (NASA),8000,NATIONAL AERONAUTICS AND SPACE ADMINISTRATION,80NM00,NASA MANAGEMENT OFFICE -- JPL,080,NATIONAL AERONAUTICS AND SPACE ADMINISTRATION (NASA),8000,NATIONAL AERONAUTICS AND SPACE ADMINISTRATION,80NM00,NASA MANAGEMENT OFFICE -- JPL,YC1YP79BFD19,,CALIFORNIA INSTITUTE OF TECHNOLOGY,CALIFORNIA INSTITUTE OF TECHNOLOGY,YC1YP79BFD19,YC1YP79BFD19,CALIFORNIA INSTITUTE OF TECHNOLOGY,CALIFORNIA INSTITUTE OF TECHNOLOGY,USA,CA,LOS ANGELES,PASADENA,CA-28,CA-28,911098001,UNITED STATES,CALIFORNIA,LOS ANGELES,CA-28,CA-28,911098099,,,AR22,R&D- SPACE: SCIENCE/APPLICATIONS (APPLIED RESEARCH/EXPLORATORY DEVELOPMENT),541715,"RESEARCH AND DEVELOPMENT IN THE PHYSICAL, ENGINEERING, AND LIFE SCIENCES (EXCEPT NANOTECHNOLOGY AND BIOTECHNOLOGY)",,,https://www.usaspending.gov/award/CONT_AWD_80NM0020F0035_8000_80NM0018D0004_8000/,2023-04-27
National Aeronautics and Space Administration,National Aeronautics and Space Administration,FY2023P06,,080,2023,2024,,0120,000,080-2023/2024-0120-000,"Science, National Aeronautics and Space Administration",National Aeronautics and Space Administration,,"General Science, Space, and Technology","Space flight, research, and supporting activities",080-0120,"Science, National Aeronautics and Space Administration",0001,SCIENCE (DIRECT),25.5,Research and development contracts,D,Q,Not Designated Nonemergency/Emergency/Disaster/Wildfire Suppression,,2115242.35,,,CONT_AWD_80NM0020F0035_8000_80NM0018D0004_8000,80NM0020F0035,80NM0018D0004,,,2020-03-23,2020,2025-11-25,2026,2020-03-23,2026-09-27,,C,DELIVERY ORDER,,,"VERITAS (VENUS EMISSIVITY, RADIO SCIENCE, INSAR, TOPOGRAPHY, AND SPECTROSCOPY) (41-108259)",080,NATIONAL AERONAUTICS AND SPACE ADMINISTRATION (NASA),8000,NATIONAL AERONAUTICS AND SPACE ADMINISTRATION,80NM00,NASA MANAGEMENT OFFICE -- JPL,080,NATIONAL AERONAUTICS AND SPACE ADMINISTRATION (NASA),8000,NATIONAL AERONAUTICS AND SPACE ADMINISTRATION,80NM00,NASA MANAGEMENT OFFICE -- JPL,YC1YP79BFD19,,CALIFORNIA INSTITUTE OF TECHNOLOGY,CALIFORNIA INSTITUTE OF TECHNOLOGY,YC1YP79BFD19,YC1YP79BFD19,CALIFORNIA INSTITUTE OF TECHNOLOGY,CALIFORNIA INSTITUTE OF TECHNOLOGY,USA,CA,LOS ANGELES,PASADENA,CA-28,CA-28,911098001,UNITED STATES,CALIFORNIA,LOS ANGELES,CA-28,CA-28,911098099,,,AR22,R&D- SPACE: SCIENCE/APPLICATIONS (APPLIED RESEARCH/EXPLORATORY DEVELOPMENT),541715,"RESEARCH AND DEVELOPMENT IN THE PHYSICAL, ENGINEERING, AND LIFE SCIENCES (EXCEPT NANOTECHNOLOGY AND BIOTECHNOLOGY)",,,https://www.usaspending.gov/award/CONT_AWD_80NM0020F0035_8000_80NM0018D0004_8000/,2023-04-27
National Aeronautics and Space Administration,National Aeronautics and Space Administration,FY2023P06,,080,2022,2023,,0120,000,080-2022/2023-0120-000,"Science, National Aeronautics and Space Administration",National Aeronautics and Space Administration,,"General Science, Space, and Technology","Space flight, research, and supporting activities",080-0120,"Science, National Aeronautics and Space Administration",0001,SCIENCE (DIRECT),25.5,Research and development contracts,D,Q,Not Designated Nonemergency/Emergency/Disaster/Wildfire Suppression,,8113506.55,,,CONT_AWD_80NM0020F0035_8000_80NM0018D0004_8000,80NM0020F0035,80NM0018D0004,,,2020-03-23,2020,2025-11-25,2026,2020-03-23,2026-09-27,,C,DELIVERY ORDER,,,"VERITAS (VENUS EMISSIVITY, RADIO SCIENCE, INSAR, TOPOGRAPHY, AND SPECTROSCOPY) (41-108259)",080,NATIONAL AERONAUTICS AND SPACE ADMINISTRATION (NASA),8000,NATIONAL AERONAUTICS AND SPACE ADMINISTRATION,80NM00,NASA MANAGEMENT OFFICE -- JPL,080,NATIONAL AERONAUTICS AND SPACE ADMINISTRATION (NASA),8000,NATIONAL AERONAUTICS AND SPACE ADMINISTRATION,80NM00,NASA MANAGEMENT OFFICE -- JPL,YC1YP79BFD19,,CALIFORNIA INSTITUTE OF TECHNOLOGY,CALIFORNIA INSTITUTE OF TECHNOLOGY,YC1YP79BFD19,YC1YP79BFD19,CALIFORNIA INSTITUTE OF TECHNOLOGY,CALIFORNIA INSTITUTE OF TECHNOLOGY,USA,CA,LOS ANGELES,PASADENA,CA-28,CA-28,911098001,UNITED STATES,CALIFORNIA,LOS ANGELES,CA-28,CA-28,911098099,,,AR22,R&D- SPACE: SCIENCE/APPLICATIONS (APPLIED RESEARCH/EXPLORATORY DEVELOPMENT),541715,"RESEARCH AND DEVELOPMENT IN THE PHYSICAL, ENGINEERING, AND LIFE SCIENCES (EXCEPT NANOTECHNOLOGY AND BIOTECHNOLOGY)",,,https://www.usaspending.gov/award/CONT_AWD_80NM0020F0035_8000_80NM0018D0004_8000/,2023-04-27
National Aeronautics and Space Administration,National Aeronautics and Space Administration,FY2023P07,,080,2023,2024,,0120,000,080-2023/2024-0120-000,"Science, National Aeronautics and Space Administration",National Aeronautics and Space Administration,,"General Science, Space, and Technology","Space flight, research, and supporting activities",080-0120,"Science, National Aeronautics and Space Administration",0001,SCIENCE (DIRECT),25.5,Research and development contracts,D,Q,Not Designated Nonemergency/Emergency/Disaster/Wildfire Suppression,,3102339.04,,,CONT_AWD_80NM0020F0035_8000_80NM0018D0004_8000,80NM0020F0035,80NM0018D0004,,,2020-03-23,2020,2025-11-25,2026,2020-03-23,2026-09-27,,C,DELIVERY ORDER,,,"VERITAS (VENUS EMISSIVITY, RADIO SCIENCE, INSAR, TOPOGRAPHY, AND SPECTROSCOPY) (41-108259)",080,NATIONAL AERONAUTICS AND SPACE ADMINISTRATION (NASA),8000,NATIONAL AERONAUTICS AND SPACE ADMINISTRATION,80NM00,NASA MANAGEMENT OFFICE -- JPL,080,NATIONAL AERONAUTICS AND SPACE ADMINISTRATION (NASA),8000,NATIONAL AERONAUTICS AND SPACE ADMINISTRATION,80NM00,NASA MANAGEMENT OFFICE -- JPL,YC1YP79BFD19,,CALIFORNIA INSTITUTE OF TECHNOLOGY,CALIFORNIA INSTITUTE OF TECHNOLOGY,YC1YP79BFD19,YC1YP79BFD19,CALIFORNIA INSTITUTE OF TECHNOLOGY,CALIFORNIA INSTITUTE OF TECHNOLOGY,USA,CA,LOS ANGELES,PASADENA,CA-28,CA-28,911098001,UNITED STATES,CALIFORNIA,LOS ANGELES,CA-28,CA-28,911098099,,,AR22,R&D- SPACE: SCIENCE/APPLICATIONS (APPLIED RESEARCH/EXPLORATORY DEVELOPMENT),541715,"RESEARCH AND DEVELOPMENT IN THE PHYSICAL, ENGINEERING, AND LIFE SCIENCES (EXCEPT NANOTECHNOLOGY AND BIOTECHNOLOGY)",,,https://www.usaspending.gov/award/CONT_AWD_80NM0020F0035_8000_80NM0018D0004_8000/,2023-05-28
National Aeronautics and Space Administration,National Aeronautics and Space Administration,FY2023P07,,080,2022,2023,,0120,000,080-2022/2023-0120-000,"Science, National Aeronautics and Space Administration",National Aeronautics and Space Administration,,"General Science, Space, and Technology","Space flight, research, and supporting activities",080-0120,"Science, National Aeronautics and Space Administration",0001,SCIENCE (DIRECT),25.5,Research and development contracts,D,Q,Not Designated Nonemergency/Emergency/Disaster/Wildfire Suppression,,8113506.55,,,CONT_AWD_80NM0020F0035_8000_80NM0018D0004_8000,80NM0020F0035,80NM0018D0004,,,2020-03-23,2020,2025-11-25,2026,2020-03-23,2026-09-27,,C,DELIVERY ORDER,,,"VERITAS (VENUS EMISSIVITY, RADIO SCIENCE, INSAR, TOPOGRAPHY, AND SPECTROSCOPY) (41-108259)",080,NATIONAL AERONAUTICS AND SPACE ADMINISTRATION (NASA),8000,NATIONAL AERONAUTICS AND SPACE ADMINISTRATION,80NM00,NASA MANAGEMENT OFFICE -- JPL,080,NATIONAL AERONAUTICS AND SPACE ADMINISTRATION (NASA),8000,NATIONAL AERONAUTICS AND SPACE ADMINISTRATION,80NM00,NASA MANAGEMENT OFFICE -- JPL,YC1YP79BFD19,,CALIFORNIA INSTITUTE OF TECHNOLOGY,CALIFORNIA INSTITUTE OF TECHNOLOGY,YC1YP79BFD19,YC1YP79BFD19,CALIFORNIA INSTITUTE OF TECHNOLOGY,CALIFORNIA INSTITUTE OF TECHNOLOGY,USA,CA,LOS ANGELES,PASADENA,CA-28,CA-28,911098001,UNITED STATES,CALIFORNIA,LOS ANGELES,CA-28,CA-28,911098099,,,AR22,R&D- SPACE: SCIENCE/APPLICATIONS (APPLIED RESEARCH/EXPLORATORY DEVELOPMENT),541715,"RESEARCH AND DEVELOPMENT IN THE PHYSICAL, ENGINEERING, AND LIFE SCIENCES (EXCEPT NANOTECHNOLOGY AND BIOTECHNOLOGY)",,,https://www.usaspending.gov/award/CONT_AWD_80NM0020F0035_8000_80NM0018D0004_8000/,2023-05-28
National Aeronautics and Space Administration,National Aeronautics and Space Administration,FY2023P08,,080,2023,2024,,0120,000,080-2023/2024-0120-000,"Science, National Aeronautics and Space Administration",National Aeronautics and Space Administration,,"General Science, Space, and Technology","Space flight, research, and supporting activities",080-0120,"Science, National Aeronautics and Space Administration",0001,SCIENCE (DIRECT),25.5,Research and development contracts,D,Q,Not Designated Nonemergency/Emergency/Disaster/Wildfire Suppression,,3681548.33,,,CONT_AWD_80NM0020F0035_8000_80NM0018D0004_8000,80NM0020F0035,80NM0018D0004,,,2020-03-23,2020,2025-11-25,2026,2020-03-23,2026-09-27,,C,DELIVERY ORDER,,,"VERITAS (VENUS EMISSIVITY, RADIO SCIENCE, INSAR, TOPOGRAPHY, AND SPECTROSCOPY) (41-108259)",080,NATIONAL AERONAUTICS AND SPACE ADMINISTRATION (NASA),8000,NATIONAL AERONAUTICS AND SPACE ADMINISTRATION,80NM00,NASA MANAGEMENT OFFICE -- JPL,080,NATIONAL AERONAUTICS AND SPACE ADMINISTRATION (NASA),8000,NATIONAL AERONAUTICS AND SPACE ADMINISTRATION,80NM00,NASA MANAGEMENT OFFICE -- JPL,YC1YP79BFD19,,CALIFORNIA INSTITUTE OF TECHNOLOGY,CALIFORNIA INSTITUTE OF TECHNOLOGY,YC1YP79BFD19,YC1YP79BFD19,CALIFORNIA INSTITUTE OF TECHNOLOGY,CALIFORNIA INSTITUTE OF TECHNOLOGY,USA,CA,LOS ANGELES,PASADENA,CA-28,CA-28,911098001,UNITED STATES,CALIFORNIA,LOS ANGELES,CA-28,CA-28,911098099,,,AR22,R&D- SPACE: SCIENCE/APPLICATIONS (APPLIED RESEARCH/EXPLORATORY DEVELOPMENT),541715,"RESEARCH AND DEVELOPMENT IN THE PHYSICAL, ENGINEERING, AND LIFE SCIENCES (EXCEPT NANOTECHNOLOGY AND BIOTECHNOLOGY)",,,https://www.usaspending.gov/award/CONT_AWD_80NM0020F0035_8000_80NM0018D0004_8000/,2023-06-28
National Aeronautics and Space Administration,National Aeronautics and Space Administration,FY2023P08,,080,2022,2023,,0120,000,080-2022/2023-0120-000,"Science, National Aeronautics and Space Administration",National Aeronautics and Space Administration,,"General Science, Space, and Technology","Space flight, research, and supporting activities",080-0120,"Science, National Aeronautics and Space Administration",0001,SCIENCE (DIRECT),25.5,Research and development contracts,D,Q,Not Designated Nonemergency/Emergency/Disaster/Wildfire Suppression,,8113506.55,,,CONT_AWD_80NM0020F0035_8000_80NM0018D0004_8000,80NM0020F0035,80NM0018D0004,,,2020-03-23,2020,2025-11-25,2026,2020-03-23,2026-09-27,,C,DELIVERY ORDER,,,"VERITAS (VENUS EMISSIVITY, RADIO SCIENCE, INSAR, TOPOGRAPHY, AND SPECTROSCOPY) (41-108259)",080,NATIONAL AERONAUTICS AND SPACE ADMINISTRATION (NASA),8000,NATIONAL AERONAUTICS AND SPACE ADMINISTRATION,80NM00,NASA MANAGEMENT OFFICE -- JPL,080,NATIONAL AERONAUTICS AND SPACE ADMINISTRATION (NASA),8000,NATIONAL AERONAUTICS AND SPACE ADMINISTRATION,80NM00,NASA MANAGEMENT OFFICE -- JPL,YC1YP79BFD19,,CALIFORNIA INSTITUTE OF TECHNOLOGY,CALIFORNIA INSTITUTE OF TECHNOLOGY,YC1YP79BFD19,YC1YP79BFD19,CALIFORNIA INSTITUTE OF TECHNOLOGY,CALIFORNIA INSTITUTE OF TECHNOLOGY,USA,CA,LOS ANGELES,PASADENA,CA-28,CA-28,911098001,UNITED STATES,CALIFORNIA,LOS ANGELES,CA-28,CA-28,911098099,,,AR22,R&D- SPACE: SCIENCE/APPLICATIONS (APPLIED RESEARCH/EXPLORATORY DEVELOPMENT),541715,"RESEARCH AND DEVELOPMENT IN THE PHYSICAL, ENGINEERING, AND LIFE SCIENCES (EXCEPT NANOTECHNOLOGY AND BIOTECHNOLOGY)",,,https://www.usaspending.gov/award/CONT_AWD_80NM0020F0035_8000_80NM0018D0004_8000/,2023-06-28
National Aeronautics and Space Administration,National Aeronautics and Space Administration,FY2023P09,,080,2023,2024,,0120,000,080-2023/2024-0120-000,"Science, National Aeronautics and Space Administration",National Aeronautics and Space Administration,,"General Science, Space, and Technology","Space flight, research, and supporting activities",080-0120,"Science, National Aeronautics and Space Administration",0001,SCIENCE (DIRECT),25.5,Research and development contracts,D,Q,Not Designated Nonemergency/Emergency/Disaster/Wildfire Suppression,,4408329.71,,,CONT_AWD_80NM0020F0035_8000_80NM0018D0004_8000,80NM0020F0035,80NM0018D0004,,,2020-03-23,2020,2025-11-25,2026,2020-03-23,2026-09-27,,C,DELIVERY ORDER,,,"VERITAS (VENUS EMISSIVITY, RADIO SCIENCE, INSAR, TOPOGRAPHY, AND SPECTROSCOPY) (41-108259)",080,NATIONAL AERONAUTICS AND SPACE ADMINISTRATION (NASA),8000,NATIONAL AERONAUTICS AND SPACE ADMINISTRATION,80NM00,NASA MANAGEMENT OFFICE -- JPL,080,NATIONAL AERONAUTICS AND SPACE ADMINISTRATION (NASA),8000,NATIONAL AERONAUTICS AND SPACE ADMINISTRATION,80NM00,NASA MANAGEMENT OFFICE -- JPL,YC1YP79BFD19,,CALIFORNIA INSTITUTE OF TECHNOLOGY,CALIFORNIA INSTITUTE OF TECHNOLOGY,YC1YP79BFD19,YC1YP79BFD19,CALIFORNIA INSTITUTE OF TECHNOLOGY,CALIFORNIA INSTITUTE OF TECHNOLOGY,USA,CA,LOS ANGELES,PASADENA,CA-28,CA-28,911098001,UNITED STATES,CALIFORNIA,LOS ANGELES,CA-28,CA-28,911098099,,,AR22,R&D- SPACE: SCIENCE/APPLICATIONS (APPLIED RESEARCH/EXPLORATORY DEVELOPMENT),541715,"RESEARCH AND DEVELOPMENT IN THE PHYSICAL, ENGINEERING, AND LIFE SCIENCES (EXCEPT NANOTECHNOLOGY AND BIOTECHNOLOGY)",,,https://www.usaspending.gov/award/CONT_AWD_80NM0020F0035_8000_80NM0018D0004_8000/,2023-07-28
National Aeronautics and Space Administration,National Aeronautics and Space Administration,FY2023P09,,080,2022,2023,,0120,000,080-2022/2023-0120-000,"Science, National Aeronautics and Space Administration",National Aeronautics and Space Administration,,"General Science, Space, and Technology","Space flight, research, and supporting activities",080-0120,"Science, National Aeronautics and Space Administration",0001,SCIENCE (DIRECT),25.5,Research and development contracts,D,Q,Not Designated Nonemergency/Emergency/Disaster/Wildfire Suppression,,8113506.55,,,CONT_AWD_80NM0020F0035_8000_80NM0018D0004_8000,80NM0020F0035,80NM0018D0004,,,2020-03-23,2020,2025-11-25,2026,2020-03-23,2026-09-27,,C,DELIVERY ORDER,,,"VERITAS (VENUS EMISSIVITY, RADIO SCIENCE, INSAR, TOPOGRAPHY, AND SPECTROSCOPY) (41-108259)",080,NATIONAL AERONAUTICS AND SPACE ADMINISTRATION (NASA),8000,NATIONAL AERONAUTICS AND SPACE ADMINISTRATION,80NM00,NASA MANAGEMENT OFFICE -- JPL,080,NATIONAL AERONAUTICS AND SPACE ADMINISTRATION (NASA),8000,NATIONAL AERONAUTICS AND SPACE ADMINISTRATION,80NM00,NASA MANAGEMENT OFFICE -- JPL,YC1YP79BFD19,,CALIFORNIA INSTITUTE OF TECHNOLOGY,CALIFORNIA INSTITUTE OF TECHNOLOGY,YC1YP79BFD19,YC1YP79BFD19,CALIFORNIA INSTITUTE OF TECHNOLOGY,CALIFORNIA INSTITUTE OF TECHNOLOGY,USA,CA,LOS ANGELES,PASADENA,CA-28,CA-28,911098001,UNITED STATES,CALIFORNIA,LOS ANGELES,CA-28,CA-28,911098099,,,AR22,R&D- SPACE: SCIENCE/APPLICATIONS (APPLIED RESEARCH/EXPLORATORY DEVELOPMENT),541715,"RESEARCH AND DEVELOPMENT IN THE PHYSICAL, ENGINEERING, AND LIFE SCIENCES (EXCEPT NANOTECHNOLOGY AND BIOTECHNOLOGY)",,,https://www.usaspending.gov/award/CONT_AWD_80NM0020F0035_8000_80NM0018D0004_8000/,2023-07-28
National Aeronautics and Space Administration,National Aeronautics and Space Administration,FY2023P10,,080,2023,2024,,0120,000,080-2023/2024-0120-000,"Science, National Aeronautics and Space Administration",National Aeronautics and Space Administration,,"General Science, Space, and Technology","Space flight, research, and supporting activities",080-0120,"Science, National Aeronautics and Space Administration",0001,SCIENCE (DIRECT),25.5,Research and development contracts,D,Q,Not Designated Nonemergency/Emergency/Disaster/Wildfire Suppression,,4833773.63,,,CONT_AWD_80NM0020F0035_8000_80NM0018D0004_8000,80NM0020F0035,80NM0018D0004,,,2020-03-23,2020,2025-11-25,2026,2020-03-23,2026-09-27,,C,DELIVERY ORDER,,,"VERITAS (VENUS EMISSIVITY, RADIO SCIENCE, INSAR, TOPOGRAPHY, AND SPECTROSCOPY) (41-108259)",080,NATIONAL AERONAUTICS AND SPACE ADMINISTRATION (NASA),8000,NATIONAL AERONAUTICS AND SPACE ADMINISTRATION,80NM00,NASA MANAGEMENT OFFICE -- JPL,080,NATIONAL AERONAUTICS AND SPACE ADMINISTRATION (NASA),8000,NATIONAL AERONAUTICS AND SPACE ADMINISTRATION,80NM00,NASA MANAGEMENT OFFICE -- JPL,YC1YP79BFD19,,CALIFORNIA INSTITUTE OF TECHNOLOGY,CALIFORNIA INSTITUTE OF TECHNOLOGY,YC1YP79BFD19,YC1YP79BFD19,CALIFORNIA INSTITUTE OF TECHNOLOGY,CALIFORNIA INSTITUTE OF TECHNOLOGY,USA,CA,LOS ANGELES,PASADENA,CA-28,CA-28,911098001,UNITED STATES,CALIFORNIA,LOS ANGELES,CA-28,CA-28,911098099,,,AR22,R&D- SPACE: SCIENCE/APPLICATIONS (APPLIED RESEARCH/EXPLORATORY DEVELOPMENT),541715,"RESEARCH AND DEVELOPMENT IN THE PHYSICAL, ENGINEERING, AND LIFE SCIENCES (EXCEPT NANOTECHNOLOGY AND BIOTECHNOLOGY)",,,https://www.usaspending.gov/award/CONT_AWD_80NM0020F0035_8000_80NM0018D0004_8000/,2023-08-28
National Aeronautics and Space Administration,National Aeronautics and Space Administration,FY2023P10,,080,2022,2023,,0120,000,080-2022/2023-0120-000,"Science, National Aeronautics and Space Administration",National Aeronautics and Space Administration,,"General Science, Space, and Technology","Space flight, research, and supporting activities",080-0120,"Science, National Aeronautics and Space Administration",0001,SCIENCE (DIRECT),25.5,Research and development contracts,D,Q,Not Designated Nonemergency/Emergency/Disaster/Wildfire Suppression,,8313506.55,,,CONT_AWD_80NM0020F0035_8000_80NM0018D0004_8000,80NM0020F0035,80NM0018D0004,,,2020-03-23,2020,2025-11-25,2026,2020-03-23,2026-09-27,,C,DELIVERY ORDER,,,"VERITAS (VENUS EMISSIVITY, RADIO SCIENCE, INSAR, TOPOGRAPHY, AND SPECTROSCOPY) (41-108259)",080,NATIONAL AERONAUTICS AND SPACE ADMINISTRATION (NASA),8000,NATIONAL AERONAUTICS AND SPACE ADMINISTRATION,80NM00,NASA MANAGEMENT OFFICE -- JPL,080,NATIONAL AERONAUTICS AND SPACE ADMINISTRATION (NASA),8000,NATIONAL AERONAUTICS AND SPACE ADMINISTRATION,80NM00,NASA MANAGEMENT OFFICE -- JPL,YC1YP79BFD19,,CALIFORNIA INSTITUTE OF TECHNOLOGY,CALIFORNIA INSTITUTE OF TECHNOLOGY,YC1YP79BFD19,YC1YP79BFD19,CALIFORNIA INSTITUTE OF TECHNOLOGY,CALIFORNIA INSTITUTE OF TECHNOLOGY,USA,CA,LOS ANGELES,PASADENA,CA-28,CA-28,911098001,UNITED STATES,CALIFORNIA,LOS ANGELES,CA-28,CA-28,911098099,,,AR22,R&D- SPACE: SCIENCE/APPLICATIONS (APPLIED RESEARCH/EXPLORATORY DEVELOPMENT),541715,"RESEARCH AND DEVELOPMENT IN THE PHYSICAL, ENGINEERING, AND LIFE SCIENCES (EXCEPT NANOTECHNOLOGY AND BIOTECHNOLOGY)",,,https://www.usaspending.gov/award/CONT_AWD_80NM0020F0035_8000_80NM0018D0004_8000/,2023-08-28
National Aeronautics and Space Administration,National Aeronautics and Space Administration,FY2023P10,,080,2022,2023,,0120,000,080-2022/2023-0120-000,"Science, National Aeronautics and Space Administration",National Aeronautics and Space Administration,,"General Science, Space, and Technology","Space flight, research, and supporting activities",080-0120,"Science, National Aeronautics and Space Administration",0001,SCIENCE (DIRECT),25.5,Research and development contracts,D,Q,Not Designated Nonemergency/Emergency/Disaster/Wildfire Suppression,200000.00,,,,CONT_AWD_80NM0020F0035_8000_80NM0018D0004_8000,80NM0020F0035,80NM0018D0004,,,2020-03-23,2020,2025-11-25,2026,2020-03-23,2026-09-27,,C,DELIVERY ORDER,,,"VERITAS (VENUS EMISSIVITY, RADIO SCIENCE, INSAR, TOPOGRAPHY, AND SPECTROSCOPY) (41-108259)",080,NATIONAL AERONAUTICS AND SPACE ADMINISTRATION (NASA),8000,NATIONAL AERONAUTICS AND SPACE ADMINISTRATION,80NM00,NASA MANAGEMENT OFFICE -- JPL,080,NATIONAL AERONAUTICS AND SPACE ADMINISTRATION (NASA),8000,NATIONAL AERONAUTICS AND SPACE ADMINISTRATION,80NM00,NASA MANAGEMENT OFFICE -- JPL,YC1YP79BFD19,,CALIFORNIA INSTITUTE OF TECHNOLOGY,CALIFORNIA INSTITUTE OF TECHNOLOGY,YC1YP79BFD19,YC1YP79BFD19,CALIFORNIA INSTITUTE OF TECHNOLOGY,CALIFORNIA INSTITUTE OF TECHNOLOGY,USA,CA,LOS ANGELES,PASADENA,CA-28,CA-28,911098001,UNITED STATES,CALIFORNIA,LOS ANGELES,CA-28,CA-28,911098099,,,AR22,R&D- SPACE: SCIENCE/APPLICATIONS (APPLIED RESEARCH/EXPLORATORY DEVELOPMENT),541715,"RESEARCH AND DEVELOPMENT IN THE PHYSICAL, ENGINEERING, AND LIFE SCIENCES (EXCEPT NANOTECHNOLOGY AND BIOTECHNOLOGY)",,,https://www.usaspending.gov/award/CONT_AWD_80NM0020F0035_8000_80NM0018D0004_8000/,2023-08-28
National Aeronautics and Space Administration,National Aeronautics and Space Administration,FY2023P11,,080,2023,2024,,0120,000,080-2023/2024-0120-000,"Science, National Aeronautics and Space Administration",National Aeronautics and Space Administration,,"General Science, Space, and Technology","Space flight, research, and supporting activities",080-0120,"Science, National Aeronautics and Space Administration",0001,SCIENCE (DIRECT),25.5,Research and development contracts,D,Q,Not Designated Nonemergency/Emergency/Disaster/Wildfire Suppression,,5009310.26,,,CONT_AWD_80NM0020F0035_8000_80NM0018D0004_8000,80NM0020F0035,80NM0018D0004,,,2020-03-23,2020,2025-11-25,2026,2020-03-23,2026-09-27,,C,DELIVERY ORDER,,,"VERITAS (VENUS EMISSIVITY, RADIO SCIENCE, INSAR, TOPOGRAPHY, AND SPECTROSCOPY) (41-108259)",080,NATIONAL AERONAUTICS AND SPACE ADMINISTRATION (NASA),8000,NATIONAL AERONAUTICS AND SPACE ADMINISTRATION,80NM00,NASA MANAGEMENT OFFICE -- JPL,080,NATIONAL AERONAUTICS AND SPACE ADMINISTRATION (NASA),8000,NATIONAL AERONAUTICS AND SPACE ADMINISTRATION,80NM00,NASA MANAGEMENT OFFICE -- JPL,YC1YP79BFD19,,CALIFORNIA INSTITUTE OF TECHNOLOGY,CALIFORNIA INSTITUTE OF TECHNOLOGY,YC1YP79BFD19,YC1YP79BFD19,CALIFORNIA INSTITUTE OF TECHNOLOGY,CALIFORNIA INSTITUTE OF TECHNOLOGY,USA,CA,LOS ANGELES,PASADENA,CA-28,CA-28,911098001,UNITED STATES,CALIFORNIA,LOS ANGELES,CA-28,CA-28,911098099,,,AR22,R&D- SPACE: SCIENCE/APPLICATIONS (APPLIED RESEARCH/EXPLORATORY DEVELOPMENT),541715,"RESEARCH AND DEVELOPMENT IN THE PHYSICAL, ENGINEERING, AND LIFE SCIENCES (EXCEPT NANOTECHNOLOGY AND BIOTECHNOLOGY)",,,https://www.usaspending.gov/award/CONT_AWD_80NM0020F0035_8000_80NM0018D0004_8000/,2023-09-28
National Aeronautics and Space Administration,National Aeronautics and Space Administration,FY2023P11,,080,2022,2023,,0120,000,080-2022/2023-0120-000,"Science, National Aeronautics and Space Administration",National Aeronautics and Space Administration,,"General Science, Space, and Technology","Space flight, research, and supporting activities",080-0120,"Science, National Aeronautics and Space Administration",0001,SCIENCE (DIRECT),25.5,Research and development contracts,D,Q,Not Designated Nonemergency/Emergency/Disaster/Wildfire Suppression,408000.00,,,,CONT_AWD_80NM0020F0035_8000_80NM0018D0004_8000,80NM0020F0035,80NM0018D0004,,,2020-03-23,2020,2025-11-25,2026,2020-03-23,2026-09-27,,C,DELIVERY ORDER,,,"VERITAS (VENUS EMISSIVITY, RADIO SCIENCE, INSAR, TOPOGRAPHY, AND SPECTROSCOPY) (41-108259)",080,NATIONAL AERONAUTICS AND SPACE ADMINISTRATION (NASA),8000,NATIONAL AERONAUTICS AND SPACE ADMINISTRATION,80NM00,NASA MANAGEMENT OFFICE -- JPL,080,NATIONAL AERONAUTICS AND SPACE ADMINISTRATION (NASA),8000,NATIONAL AERONAUTICS AND SPACE ADMINISTRATION,80NM00,NASA MANAGEMENT OFFICE -- JPL,YC1YP79BFD19,,CALIFORNIA INSTITUTE OF TECHNOLOGY,CALIFORNIA INSTITUTE OF TECHNOLOGY,YC1YP79BFD19,YC1YP79BFD19,CALIFORNIA INSTITUTE OF TECHNOLOGY,CALIFORNIA INSTITUTE OF TECHNOLOGY,USA,CA,LOS ANGELES,PASADENA,CA-28,CA-28,911098001,UNITED STATES,CALIFORNIA,LOS ANGELES,CA-28,CA-28,911098099,,,AR22,R&D- SPACE: SCIENCE/APPLICATIONS (APPLIED RESEARCH/EXPLORATORY DEVELOPMENT),541715,"RESEARCH AND DEVELOPMENT IN THE PHYSICAL, ENGINEERING, AND LIFE SCIENCES (EXCEPT NANOTECHNOLOGY AND BIOTECHNOLOGY)",,,https://www.usaspending.gov/award/CONT_AWD_80NM0020F0035_8000_80NM0018D0004_8000/,2023-09-28
National Aeronautics and Space Administration,National Aeronautics and Space Administration,FY2023P11,,080,2022,2023,,0120,000,080-2022/2023-0120-000,"Science, National Aeronautics and Space Administration",National Aeronautics and Space Administration,,"General Science, Space, and Technology","Space flight, research, and supporting activities",080-0120,"Science, National Aeronautics and Space Administration",0001,SCIENCE (DIRECT),25.5,Research and development contracts,D,Q,Not Designated Nonemergency/Emergency/Disaster/Wildfire Suppression,,8721506.55,,,CONT_AWD_80NM0020F0035_8000_80NM0018D0004_8000,80NM0020F0035,80NM0018D0004,,,2020-03-23,2020,2025-11-25,2026,2020-03-23,2026-09-27,,C,DELIVERY ORDER,,,"VERITAS (VENUS EMISSIVITY, RADIO SCIENCE, INSAR, TOPOGRAPHY, AND SPECTROSCOPY) (41-108259)",080,NATIONAL AERONAUTICS AND SPACE ADMINISTRATION (NASA),8000,NATIONAL AERONAUTICS AND SPACE ADMINISTRATION,80NM00,NASA MANAGEMENT OFFICE -- JPL,080,NATIONAL AERONAUTICS AND SPACE ADMINISTRATION (NASA),8000,NATIONAL AERONAUTICS AND SPACE ADMINISTRATION,80NM00,NASA MANAGEMENT OFFICE -- JPL,YC1YP79BFD19,,CALIFORNIA INSTITUTE OF TECHNOLOGY,CALIFORNIA INSTITUTE OF TECHNOLOGY,YC1YP79BFD19,YC1YP79BFD19,CALIFORNIA INSTITUTE OF TECHNOLOGY,CALIFORNIA INSTITUTE OF TECHNOLOGY,USA,CA,LOS ANGELES,PASADENA,CA-28,CA-28,911098001,UNITED STATES,CALIFORNIA,LOS ANGELES,CA-28,CA-28,911098099,,,AR22,R&D- SPACE: SCIENCE/APPLICATIONS (APPLIED RESEARCH/EXPLORATORY DEVELOPMENT),541715,"RESEARCH AND DEVELOPMENT IN THE PHYSICAL, ENGINEERING, AND LIFE SCIENCES (EXCEPT NANOTECHNOLOGY AND BIOTECHNOLOGY)",,,https://www.usaspending.gov/award/CONT_AWD_80NM0020F0035_8000_80NM0018D0004_8000/,2023-09-28
National Aeronautics and Space Administration,National Aeronautics and Space Administration,FY2023P12,,080,2023,2024,,0120,000,080-2023/2024-0120-000,"Science, National Aeronautics and Space Administration",National Aeronautics and Space Administration,,"General Science, Space, and Technology","Space flight, research, and supporting activities",080-0120,"Science, National Aeronautics and Space Administration",0001,SCIENCE (DIRECT),25.5,Research and development contracts,D,Q,Not Designated Nonemergency/Emergency/Disaster/Wildfire Suppression,,5313318.69,,,CONT_AWD_80NM0020F0035_8000_80NM0018D0004_8000,80NM0020F0035,80NM0018D0004,,,2020-03-23,2020,2025-11-25,2026,2020-03-23,2026-09-27,,C,DELIVERY ORDER,,,"VERITAS (VENUS EMISSIVITY, RADIO SCIENCE, INSAR, TOPOGRAPHY, AND SPECTROSCOPY) (41-108259)",080,NATIONAL AERONAUTICS AND SPACE ADMINISTRATION (NASA),8000,NATIONAL AERONAUTICS AND SPACE ADMINISTRATION,80NM00,NASA MANAGEMENT OFFICE -- JPL,080,NATIONAL AERONAUTICS AND SPACE ADMINISTRATION (NASA),8000,NATIONAL AERONAUTICS AND SPACE ADMINISTRATION,80NM00,NASA MANAGEMENT OFFICE -- JPL,YC1YP79BFD19,,CALIFORNIA INSTITUTE OF TECHNOLOGY,CALIFORNIA INSTITUTE OF TECHNOLOGY,YC1YP79BFD19,YC1YP79BFD19,CALIFORNIA INSTITUTE OF TECHNOLOGY,CALIFORNIA INSTITUTE OF TECHNOLOGY,USA,CA,LOS ANGELES,PASADENA,CA-28,CA-28,911098001,UNITED STATES,CALIFORNIA,LOS ANGELES,CA-28,CA-28,911098099,,,AR22,R&D- SPACE: SCIENCE/APPLICATIONS (APPLIED RESEARCH/EXPLORATORY DEVELOPMENT),541715,"RESEARCH AND DEVELOPMENT IN THE PHYSICAL, ENGINEERING, AND LIFE SCIENCES (EXCEPT NANOTECHNOLOGY AND BIOTECHNOLOGY)",,,https://www.usaspending.gov/award/CONT_AWD_80NM0020F0035_8000_80NM0018D0004_8000/,2023-11-03
National Aeronautics and Space Administration,National Aeronautics and Space Administration,FY2023P12,,080,2022,2023,,0120,000,080-2022/2023-0120-000,"Science, National Aeronautics and Space Administration",National Aeronautics and Space Administration,,"General Science, Space, and Technology","Space flight, research, and supporting activities",080-0120,"Science, National Aeronautics and Space Administration",0001,SCIENCE (DIRECT),25.5,Research and development contracts,D,Q,Not Designated Nonemergency/Emergency/Disaster/Wildfire Suppression,,8721506.55,,,CONT_AWD_80NM0020F0035_8000_80NM0018D0004_8000,80NM0020F0035,80NM0018D0004,,,2020-03-23,2020,2025-11-25,2026,2020-03-23,2026-09-27,,C,DELIVERY ORDER,,,"VERITAS (VENUS EMISSIVITY, RADIO SCIENCE, INSAR, TOPOGRAPHY, AND SPECTROSCOPY) (41-108259)",080,NATIONAL AERONAUTICS AND SPACE ADMINISTRATION (NASA),8000,NATIONAL AERONAUTICS AND SPACE ADMINISTRATION,80NM00,NASA MANAGEMENT OFFICE -- JPL,080,NATIONAL AERONAUTICS AND SPACE ADMINISTRATION (NASA),8000,NATIONAL AERONAUTICS AND SPACE ADMINISTRATION,80NM00,NASA MANAGEMENT OFFICE -- JPL,YC1YP79BFD19,,CALIFORNIA INSTITUTE OF TECHNOLOGY,CALIFORNIA INSTITUTE OF TECHNOLOGY,YC1YP79BFD19,YC1YP79BFD19,CALIFORNIA INSTITUTE OF TECHNOLOGY,CALIFORNIA INSTITUTE OF TECHNOLOGY,USA,CA,LOS ANGELES,PASADENA,CA-28,CA-28,911098001,UNITED STATES,CALIFORNIA,LOS ANGELES,CA-28,CA-28,911098099,,,AR22,R&D- SPACE: SCIENCE/APPLICATIONS (APPLIED RESEARCH/EXPLORATORY DEVELOPMENT),541715,"RESEARCH AND DEVELOPMENT IN THE PHYSICAL, ENGINEERING, AND LIFE SCIENCES (EXCEPT NANOTECHNOLOGY AND BIOTECHNOLOGY)",,,https://www.usaspending.gov/award/CONT_AWD_80NM0020F0035_8000_80NM0018D0004_8000/,2023-11-03
National Aeronautics and Space Administration,National Aeronautics and Space Administration,FY2024P02,,080,2023,2024,,0120,000,080-2023/2024-0120-000,"Science, National Aeronautics and Space Administration",National Aeronautics and Space Administration,,"General Science, Space, and Technology","Space flight, research, and supporting activities",080-0120,"Science, National Aeronautics and Space Administration",0001,SCIENCE (DIRECT),25.5,Research and development contracts,D,Q,Not Designated Nonemergency/Emergency/Disaster/Wildfire Suppression,,449396.16,,,CONT_AWD_80NM0020F0035_8000_80NM0018D0004_8000,80NM0020F0035,80NM0018D0004,,,2020-03-23,2020,2025-11-25,2026,2020-03-23,2026-09-27,,C,DELIVERY ORDER,,,"VERITAS (VENUS EMISSIVITY, RADIO SCIENCE, INSAR, TOPOGRAPHY, AND SPECTROSCOPY) (41-108259)",080,NATIONAL AERONAUTICS AND SPACE ADMINISTRATION (NASA),8000,NATIONAL AERONAUTICS AND SPACE ADMINISTRATION,80NM00,NASA MANAGEMENT OFFICE -- JPL,080,NATIONAL AERONAUTICS AND SPACE ADMINISTRATION (NASA),8000,NATIONAL AERONAUTICS AND SPACE ADMINISTRATION,80NM00,NASA MANAGEMENT OFFICE -- JPL,YC1YP79BFD19,,CALIFORNIA INSTITUTE OF TECHNOLOGY,CALIFORNIA INSTITUTE OF TECHNOLOGY,YC1YP79BFD19,YC1YP79BFD19,CALIFORNIA INSTITUTE OF TECHNOLOGY,CALIFORNIA INSTITUTE OF TECHNOLOGY,USA,CA,LOS ANGELES,PASADENA,CA-28,CA-28,911098001,UNITED STATES,CALIFORNIA,LOS ANGELES,CA-28,CA-28,911098099,,,AR22,R&D- SPACE: SCIENCE/APPLICATIONS (APPLIED RESEARCH/EXPLORATORY DEVELOPMENT),541715,"RESEARCH AND DEVELOPMENT IN THE PHYSICAL, ENGINEERING, AND LIFE SCIENCES (EXCEPT NANOTECHNOLOGY AND BIOTECHNOLOGY)",,,https://www.usaspending.gov/award/CONT_AWD_80NM0020F0035_8000_80NM0018D0004_8000/,2024-01-05
National Aeronautics and Space Administration,National Aeronautics and Space Administration,FY2024P03,,080,2023,2024,,0120,000,080-2023/2024-0120-000,"Science, National Aeronautics and Space Administration",National Aeronautics and Space Administration,,"General Science, Space, and Technology","Space flight, research, and supporting activities",080-0120,"Science, National Aeronautics and Space Administration",0001,SCIENCE (DIRECT),25.5,Research and development contracts,D,Q,Not Designated Nonemergency/Emergency/Disaster/Wildfire Suppression,,568319.34,,,CONT_AWD_80NM0020F0035_8000_80NM0018D0004_8000,80NM0020F0035,80NM0018D0004,,,2020-03-23,2020,2025-11-25,2026,2020-03-23,2026-09-27,,C,DELIVERY ORDER,,,"VERITAS (VENUS EMISSIVITY, RADIO SCIENCE, INSAR, TOPOGRAPHY, AND SPECTROSCOPY) (41-108259)",080,NATIONAL AERONAUTICS AND SPACE ADMINISTRATION (NASA),8000,NATIONAL AERONAUTICS AND SPACE ADMINISTRATION,80NM00,NASA MANAGEMENT OFFICE -- JPL,080,NATIONAL AERONAUTICS AND SPACE ADMINISTRATION (NASA),8000,NATIONAL AERONAUTICS AND SPACE ADMINISTRATION,80NM00,NASA MANAGEMENT OFFICE -- JPL,YC1YP79BFD19,,CALIFORNIA INSTITUTE OF TECHNOLOGY,CALIFORNIA INSTITUTE OF TECHNOLOGY,YC1YP79BFD19,YC1YP79BFD19,CALIFORNIA INSTITUTE OF TECHNOLOGY,CALIFORNIA INSTITUTE OF TECHNOLOGY,USA,CA,LOS ANGELES,PASADENA,CA-28,CA-28,911098001,UNITED STATES,CALIFORNIA,LOS ANGELES,CA-28,CA-28,911098099,,,AR22,R&D- SPACE: SCIENCE/APPLICATIONS (APPLIED RESEARCH/EXPLORATORY DEVELOPMENT),541715,"RESEARCH AND DEVELOPMENT IN THE PHYSICAL, ENGINEERING, AND LIFE SCIENCES (EXCEPT NANOTECHNOLOGY AND BIOTECHNOLOGY)",,,https://www.usaspending.gov/award/CONT_AWD_80NM0020F0035_8000_80NM0018D0004_8000/,2024-01-28
National Aeronautics and Space Administration,National Aeronautics and Space Administration,FY2024P04,,080,2023,2024,,0120,000,080-2023/2024-0120-000,"Science, National Aeronautics and Space Administration",National Aeronautics and Space Administration,,"General Science, Space, and Technology","Space flight, research, and supporting activities",080-0120,"Science, National Aeronautics and Space Administration",0001,SCIENCE (DIRECT),25.5,Research and development contracts,D,Q,Not Designated Nonemergency/Emergency/Disaster/Wildfire Suppression,,840600.49,,,CONT_AWD_80NM0020F0035_8000_80NM0018D0004_8000,80NM0020F0035,80NM0018D0004,,,2020-03-23,2020,2025-11-25,2026,2020-03-23,2026-09-27,,C,DELIVERY ORDER,,,"VERITAS (VENUS EMISSIVITY, RADIO SCIENCE, INSAR, TOPOGRAPHY, AND SPECTROSCOPY) (41-108259)",080,NATIONAL AERONAUTICS AND SPACE ADMINISTRATION (NASA),8000,NATIONAL AERONAUTICS AND SPACE ADMINISTRATION,80NM00,NASA MANAGEMENT OFFICE -- JPL,080,NATIONAL AERONAUTICS AND SPACE ADMINISTRATION (NASA),8000,NATIONAL AERONAUTICS AND SPACE ADMINISTRATION,80NM00,NASA MANAGEMENT OFFICE -- JPL,YC1YP79BFD19,,CALIFORNIA INSTITUTE OF TECHNOLOGY,CALIFORNIA INSTITUTE OF TECHNOLOGY,YC1YP79BFD19,YC1YP79BFD19,CALIFORNIA INSTITUTE OF TECHNOLOGY,CALIFORNIA INSTITUTE OF TECHNOLOGY,USA,CA,LOS ANGELES,PASADENA,CA-28,CA-28,911098001,UNITED STATES,CALIFORNIA,LOS ANGELES,CA-28,CA-28,911098099,,,AR22,R&D- SPACE: SCIENCE/APPLICATIONS (APPLIED RESEARCH/EXPLORATORY DEVELOPMENT),541715,"RESEARCH AND DEVELOPMENT IN THE PHYSICAL, ENGINEERING, AND LIFE SCIENCES (EXCEPT NANOTECHNOLOGY AND BIOTECHNOLOGY)",,,https://www.usaspending.gov/award/CONT_AWD_80NM0020F0035_8000_80NM0018D0004_8000/,2024-02-27
National Aeronautics and Space Administration,National Aeronautics and Space Administration,FY2024P05,,080,2023,2024,,0120,000,080-2023/2024-0120-000,"Science, National Aeronautics and Space Administration",National Aeronautics and Space Administration,,"General Science, Space, and Technology","Space flight, research, and supporting activities",080-0120,"Science, National Aeronautics and Space Administration",0001,SCIENCE (DIRECT),25.5,Research and development contracts,D,Q,Not Designated Nonemergency/Emergency/Disaster/Wildfire Suppression,,1108056.24,,,CONT_AWD_80NM0020F0035_8000_80NM0018D0004_8000,80NM0020F0035,80NM0018D0004,,,2020-03-23,2020,2025-11-25,2026,2020-03-23,2026-09-27,,C,DELIVERY ORDER,,,"VERITAS (VENUS EMISSIVITY, RADIO SCIENCE, INSAR, TOPOGRAPHY, AND SPECTROSCOPY) (41-108259)",080,NATIONAL AERONAUTICS AND SPACE ADMINISTRATION (NASA),8000,NATIONAL AERONAUTICS AND SPACE ADMINISTRATION,80NM00,NASA MANAGEMENT OFFICE -- JPL,080,NATIONAL AERONAUTICS AND SPACE ADMINISTRATION (NASA),8000,NATIONAL AERONAUTICS AND SPACE ADMINISTRATION,80NM00,NASA MANAGEMENT OFFICE -- JPL,YC1YP79BFD19,,CALIFORNIA INSTITUTE OF TECHNOLOGY,CALIFORNIA INSTITUTE OF TECHNOLOGY,YC1YP79BFD19,YC1YP79BFD19,CALIFORNIA INSTITUTE OF TECHNOLOGY,CALIFORNIA INSTITUTE OF TECHNOLOGY,USA,CA,LOS ANGELES,PASADENA,CA-28,CA-28,911098001,UNITED STATES,CALIFORNIA,LOS ANGELES,CA-28,CA-28,911098099,,,AR22,R&D- SPACE: SCIENCE/APPLICATIONS (APPLIED RESEARCH/EXPLORATORY DEVELOPMENT),541715,"RESEARCH AND DEVELOPMENT IN THE PHYSICAL, ENGINEERING, AND LIFE SCIENCES (EXCEPT NANOTECHNOLOGY AND BIOTECHNOLOGY)",,,https://www.usaspending.gov/award/CONT_AWD_80NM0020F0035_8000_80NM0018D0004_8000/,2024-03-28
National Aeronautics and Space Administration,National Aeronautics and Space Administration,FY2024P06,,080,2023,2024,,0120,000,080-2023/2024-0120-000,"Science, National Aeronautics and Space Administration",National Aeronautics and Space Administration,,"General Science, Space, and Technology","Space flight, research, and supporting activities",080-0120,"Science, National Aeronautics and Space Administration",0001,SCIENCE (DIRECT),25.5,Research and development contracts,D,Q,Not Designated Nonemergency/Emergency/Disaster/Wildfire Suppression,,1332141.95,,,CONT_AWD_80NM0020F0035_8000_80NM0018D0004_8000,80NM0020F0035,80NM0018D0004,,,2020-03-23,2020,2025-11-25,2026,2020-03-23,2026-09-27,,C,DELIVERY ORDER,,,"VERITAS (VENUS EMISSIVITY, RADIO SCIENCE, INSAR, TOPOGRAPHY, AND SPECTROSCOPY) (41-108259)",080,NATIONAL AERONAUTICS AND SPACE ADMINISTRATION (NASA),8000,NATIONAL AERONAUTICS AND SPACE ADMINISTRATION,80NM00,NASA MANAGEMENT OFFICE -- JPL,080,NATIONAL AERONAUTICS AND SPACE ADMINISTRATION (NASA),8000,NATIONAL AERONAUTICS AND SPACE ADMINISTRATION,80NM00,NASA MANAGEMENT OFFICE -- JPL,YC1YP79BFD19,,CALIFORNIA INSTITUTE OF TECHNOLOGY,CALIFORNIA INSTITUTE OF TECHNOLOGY,YC1YP79BFD19,YC1YP79BFD19,CALIFORNIA INSTITUTE OF TECHNOLOGY,CALIFORNIA INSTITUTE OF TECHNOLOGY,USA,CA,LOS ANGELES,PASADENA,CA-28,CA-28,911098001,UNITED STATES,CALIFORNIA,LOS ANGELES,CA-28,CA-28,911098099,,,AR22,R&D- SPACE: SCIENCE/APPLICATIONS (APPLIED RESEARCH/EXPLORATORY DEVELOPMENT),541715,"RESEARCH AND DEVELOPMENT IN THE PHYSICAL, ENGINEERING, AND LIFE SCIENCES (EXCEPT NANOTECHNOLOGY AND BIOTECHNOLOGY)",,,https://www.usaspending.gov/award/CONT_AWD_80NM0020F0035_8000_80NM0018D0004_8000/,2024-04-25
National Aeronautics and Space Administration,National Aeronautics and Space Administration,FY2024P07,,080,2023,2024,,0120,000,080-2023/2024-0120-000,"Science, National Aeronautics and Space Administration",National Aeronautics and Space Administration,,"General Science, Space, and Technology","Space flight, research, and supporting activities",080-0120,"Science, National Aeronautics and Space Administration",0001,SCIENCE (DIRECT),25.5,Research and development contracts,D,Q,Not Designated Nonemergency/Emergency/Disaster/Wildfire Suppression,,1565730.09,,,CONT_AWD_80NM0020F0035_8000_80NM0018D0004_8000,80NM0020F0035,80NM0018D0004,,,2020-03-23,2020,2025-11-25,2026,2020-03-23,2026-09-27,,C,DELIVERY ORDER,,,"VERITAS (VENUS EMISSIVITY, RADIO SCIENCE, INSAR, TOPOGRAPHY, AND SPECTROSCOPY) (41-108259)",080,NATIONAL AERONAUTICS AND SPACE ADMINISTRATION (NASA),8000,NATIONAL AERONAUTICS AND SPACE ADMINISTRATION,80NM00,NASA MANAGEMENT OFFICE -- JPL,080,NATIONAL AERONAUTICS AND SPACE ADMINISTRATION (NASA),8000,NATIONAL AERONAUTICS AND SPACE ADMINISTRATION,80NM00,NASA MANAGEMENT OFFICE -- JPL,YC1YP79BFD19,,CALIFORNIA INSTITUTE OF TECHNOLOGY,CALIFORNIA INSTITUTE OF TECHNOLOGY,YC1YP79BFD19,YC1YP79BFD19,CALIFORNIA INSTITUTE OF TECHNOLOGY,CALIFORNIA INSTITUTE OF TECHNOLOGY,USA,CA,LOS ANGELES,PASADENA,CA-28,CA-28,911098001,UNITED STATES,CALIFORNIA,LOS ANGELES,CA-28,CA-28,911098099,,,AR22,R&D- SPACE: SCIENCE/APPLICATIONS (APPLIED RESEARCH/EXPLORATORY DEVELOPMENT),541715,"RESEARCH AND DEVELOPMENT IN THE PHYSICAL, ENGINEERING, AND LIFE SCIENCES (EXCEPT NANOTECHNOLOGY AND BIOTECHNOLOGY)",,,https://www.usaspending.gov/award/CONT_AWD_80NM0020F0035_8000_80NM0018D0004_8000/,2024-05-22
National Aeronautics and Space Administration,National Aeronautics and Space Administration,FY2024P08,,080,2024,2025,,0120,000,080-2024/2025-0120-000,"Science, National Aeronautics and Space Administration",National Aeronautics and Space Administration,,"General Science, Space, and Technology","Space flight, research, and supporting activities",080-0120,"Science, National Aeronautics and Space Administration",0001,SCIENCE (DIRECT),25.5,Research and development contracts,D,Q,Not Designated Nonemergency/Emergency/Disaster/Wildfire Suppression,1195502.00,,,,CONT_AWD_80NM0020F0035_8000_80NM0018D0004_8000,80NM0020F0035,80NM0018D0004,,,2020-03-23,2020,2025-11-25,2026,2020-03-23,2026-09-27,,C,DELIVERY ORDER,,,"VERITAS (VENUS EMISSIVITY, RADIO SCIENCE, INSAR, TOPOGRAPHY, AND SPECTROSCOPY) (41-108259)",080,NATIONAL AERONAUTICS AND SPACE ADMINISTRATION (NASA),8000,NATIONAL AERONAUTICS AND SPACE ADMINISTRATION,80NM00,NASA MANAGEMENT OFFICE -- JPL,080,NATIONAL AERONAUTICS AND SPACE ADMINISTRATION (NASA),8000,NATIONAL AERONAUTICS AND SPACE ADMINISTRATION,80NM00,NASA MANAGEMENT OFFICE -- JPL,YC1YP79BFD19,,CALIFORNIA INSTITUTE OF TECHNOLOGY,CALIFORNIA INSTITUTE OF TECHNOLOGY,YC1YP79BFD19,YC1YP79BFD19,CALIFORNIA INSTITUTE OF TECHNOLOGY,CALIFORNIA INSTITUTE OF TECHNOLOGY,USA,CA,LOS ANGELES,PASADENA,CA-28,CA-28,911098001,UNITED STATES,CALIFORNIA,LOS ANGELES,CA-28,CA-28,911098099,,,AR22,R&D- SPACE: SCIENCE/APPLICATIONS (APPLIED RESEARCH/EXPLORATORY DEVELOPMENT),541715,"RESEARCH AND DEVELOPMENT IN THE PHYSICAL, ENGINEERING, AND LIFE SCIENCES (EXCEPT NANOTECHNOLOGY AND BIOTECHNOLOGY)",,,https://www.usaspending.gov/award/CONT_AWD_80NM0020F0035_8000_80NM0018D0004_8000/,2024-07-01
National Aeronautics and Space Administration,National Aeronautics and Space Administration,FY2024P08,,080,2023,2024,,0120,000,080-2023/2024-0120-000,"Science, National Aeronautics and Space Administration",National Aeronautics and Space Administration,,"General Science, Space, and Technology","Space flight, research, and supporting activities",080-0120,"Science, National Aeronautics and Space Administration",0001,SCIENCE (DIRECT),25.5,Research and development contracts,D,Q,Not Designated Nonemergency/Emergency/Disaster/Wildfire Suppression,,1790357.17,,,CONT_AWD_80NM0020F0035_8000_80NM0018D0004_8000,80NM0020F0035,80NM0018D0004,,,2020-03-23,2020,2025-11-25,2026,2020-03-23,2026-09-27,,C,DELIVERY ORDER,,,"VERITAS (VENUS EMISSIVITY, RADIO SCIENCE, INSAR, TOPOGRAPHY, AND SPECTROSCOPY) (41-108259)",080,NATIONAL AERONAUTICS AND SPACE ADMINISTRATION (NASA),8000,NATIONAL AERONAUTICS AND SPACE ADMINISTRATION,80NM00,NASA MANAGEMENT OFFICE -- JPL,080,NATIONAL AERONAUTICS AND SPACE ADMINISTRATION (NASA),8000,NATIONAL AERONAUTICS AND SPACE ADMINISTRATION,80NM00,NASA MANAGEMENT OFFICE -- JPL,YC1YP79BFD19,,CALIFORNIA INSTITUTE OF TECHNOLOGY,CALIFORNIA INSTITUTE OF TECHNOLOGY,YC1YP79BFD19,YC1YP79BFD19,CALIFORNIA INSTITUTE OF TECHNOLOGY,CALIFORNIA INSTITUTE OF TECHNOLOGY,USA,CA,LOS ANGELES,PASADENA,CA-28,CA-28,911098001,UNITED STATES,CALIFORNIA,LOS ANGELES,CA-28,CA-28,911098099,,,AR22,R&D- SPACE: SCIENCE/APPLICATIONS (APPLIED RESEARCH/EXPLORATORY DEVELOPMENT),541715,"RESEARCH AND DEVELOPMENT IN THE PHYSICAL, ENGINEERING, AND LIFE SCIENCES (EXCEPT NANOTECHNOLOGY AND BIOTECHNOLOGY)",,,https://www.usaspending.gov/award/CONT_AWD_80NM0020F0035_8000_80NM0018D0004_8000/,2024-07-01
National Aeronautics and Space Administration,National Aeronautics and Space Administration,FY2024P09,,080,2023,2024,,0120,000,080-2023/2024-0120-000,"Science, National Aeronautics and Space Administration",National Aeronautics and Space Administration,,"General Science, Space, and Technology","Space flight, research, and supporting activities",080-0120,"Science, National Aeronautics and Space Administration",0001,SCIENCE (DIRECT),25.5,Research and development contracts,D,Q,Not Designated Nonemergency/Emergency/Disaster/Wildfire Suppression,,2206099.39,,,CONT_AWD_80NM0020F0035_8000_80NM0018D0004_8000,80NM0020F0035,80NM0018D0004,,,2020-03-23,2020,2025-11-25,2026,2020-03-23,2026-09-27,,C,DELIVERY ORDER,,,"VERITAS (VENUS EMISSIVITY, RADIO SCIENCE, INSAR, TOPOGRAPHY, AND SPECTROSCOPY) (41-108259)",080,NATIONAL AERONAUTICS AND SPACE ADMINISTRATION (NASA),8000,NATIONAL AERONAUTICS AND SPACE ADMINISTRATION,80NM00,NASA MANAGEMENT OFFICE -- JPL,080,NATIONAL AERONAUTICS AND SPACE ADMINISTRATION (NASA),8000,NATIONAL AERONAUTICS AND SPACE ADMINISTRATION,80NM00,NASA MANAGEMENT OFFICE -- JPL,YC1YP79BFD19,,CALIFORNIA INSTITUTE OF TECHNOLOGY,CALIFORNIA INSTITUTE OF TECHNOLOGY,YC1YP79BFD19,YC1YP79BFD19,CALIFORNIA INSTITUTE OF TECHNOLOGY,CALIFORNIA INSTITUTE OF TECHNOLOGY,USA,CA,LOS ANGELES,PASADENA,CA-28,CA-28,911098001,UNITED STATES,CALIFORNIA,LOS ANGELES,CA-28,CA-28,911098099,,,AR22,R&D- SPACE: SCIENCE/APPLICATIONS (APPLIED RESEARCH/EXPLORATORY DEVELOPMENT),541715,"RESEARCH AND DEVELOPMENT IN THE PHYSICAL, ENGINEERING, AND LIFE SCIENCES (EXCEPT NANOTECHNOLOGY AND BIOTECHNOLOGY)",,,https://www.usaspending.gov/award/CONT_AWD_80NM0020F0035_8000_80NM0018D0004_8000/,2024-07-29
National Aeronautics and Space Administration,National Aeronautics and Space Administration,FY2024P10,,080,2023,2024,,0120,000,080-2023/2024-0120-000,"Science, National Aeronautics and Space Administration",National Aeronautics and Space Administration,,"General Science, Space, and Technology","Space flight, research, and supporting activities",080-0120,"Science, National Aeronautics and Space Administration",0001,SCIENCE (DIRECT),25.5,Research and development contracts,D,Q,Not Designated Nonemergency/Emergency/Disaster/Wildfire Suppression,,2524649.84,,,CONT_AWD_80NM0020F0035_8000_80NM0018D0004_8000,80NM0020F0035,80NM0018D0004,,,2020-03-23,2020,2025-11-25,2026,2020-03-23,2026-09-27,,C,DELIVERY ORDER,,,"VERITAS (VENUS EMISSIVITY, RADIO SCIENCE, INSAR, TOPOGRAPHY, AND SPECTROSCOPY) (41-108259)",080,NATIONAL AERONAUTICS AND SPACE ADMINISTRATION (NASA),8000,NATIONAL AERONAUTICS AND SPACE ADMINISTRATION,80NM00,NASA MANAGEMENT OFFICE -- JPL,080,NATIONAL AERONAUTICS AND SPACE ADMINISTRATION (NASA),8000,NATIONAL AERONAUTICS AND SPACE ADMINISTRATION,80NM00,NASA MANAGEMENT OFFICE -- JPL,YC1YP79BFD19,,CALIFORNIA INSTITUTE OF TECHNOLOGY,CALIFORNIA INSTITUTE OF TECHNOLOGY,YC1YP79BFD19,YC1YP79BFD19,CALIFORNIA INSTITUTE OF TECHNOLOGY,CALIFORNIA INSTITUTE OF TECHNOLOGY,USA,CA,LOS ANGELES,PASADENA,CA-28,CA-28,911098001,UNITED STATES,CALIFORNIA,LOS ANGELES,CA-28,CA-28,911098099,,,AR22,R&D- SPACE: SCIENCE/APPLICATIONS (APPLIED RESEARCH/EXPLORATORY DEVELOPMENT),541715,"RESEARCH AND DEVELOPMENT IN THE PHYSICAL, ENGINEERING, AND LIFE SCIENCES (EXCEPT NANOTECHNOLOGY AND BIOTECHNOLOGY)",,,https://www.usaspending.gov/award/CONT_AWD_80NM0020F0035_8000_80NM0018D0004_8000/,2024-08-26
National Aeronautics and Space Administration,National Aeronautics and Space Administration,FY2024P11,,080,2023,2024,,0120,000,080-2023/2024-0120-000,"Science, National Aeronautics and Space Administration",National Aeronautics and Space Administration,,"General Science, Space, and Technology","Space flight, research, and supporting activities",080-0120,"Science, National Aeronautics and Space Administration",0001,SCIENCE (DIRECT),25.5,Research and development contracts,D,Q,Not Designated Nonemergency/Emergency/Disaster/Wildfire Suppression,,3095937.97,,,CONT_AWD_80NM0020F0035_8000_80NM0018D0004_8000,80NM0020F0035,80NM0018D0004,,,2020-03-23,2020,2025-11-25,2026,2020-03-23,2026-09-27,,C,DELIVERY ORDER,,,"VERITAS (VENUS EMISSIVITY, RADIO SCIENCE, INSAR, TOPOGRAPHY, AND SPECTROSCOPY) (41-108259)",080,NATIONAL AERONAUTICS AND SPACE ADMINISTRATION (NASA),8000,NATIONAL AERONAUTICS AND SPACE ADMINISTRATION,80NM00,NASA MANAGEMENT OFFICE -- JPL,080,NATIONAL AERONAUTICS AND SPACE ADMINISTRATION (NASA),8000,NATIONAL AERONAUTICS AND SPACE ADMINISTRATION,80NM00,NASA MANAGEMENT OFFICE -- JPL,YC1YP79BFD19,,CALIFORNIA INSTITUTE OF TECHNOLOGY,CALIFORNIA INSTITUTE OF TECHNOLOGY,YC1YP79BFD19,YC1YP79BFD19,CALIFORNIA INSTITUTE OF TECHNOLOGY,CALIFORNIA INSTITUTE OF TECHNOLOGY,USA,CA,LOS ANGELES,PASADENA,CA-28,CA-28,911098001,UNITED STATES,CALIFORNIA,LOS ANGELES,CA-28,CA-28,911098099,,,AR22,R&D- SPACE: SCIENCE/APPLICATIONS (APPLIED RESEARCH/EXPLORATORY DEVELOPMENT),541715,"RESEARCH AND DEVELOPMENT IN THE PHYSICAL, ENGINEERING, AND LIFE SCIENCES (EXCEPT NANOTECHNOLOGY AND BIOTECHNOLOGY)",,,https://www.usaspending.gov/award/CONT_AWD_80NM0020F0035_8000_80NM0018D0004_8000/,2024-09-30
National Aeronautics and Space Administration,National Aeronautics and Space Administration,FY2024P11,,080,2024,2025,,0120,000,080-2024/2025-0120-000,"Science, National Aeronautics and Space Administration",National Aeronautics and Space Administration,,"General Science, Space, and Technology","Space flight, research, and supporting activities",080-0120,"Science, National Aeronautics and Space Administration",0001,SCIENCE (DIRECT),25.5,Research and development contracts,D,Q,Not Designated Nonemergency/Emergency/Disaster/Wildfire Suppression,3500000.00,,,,CONT_AWD_80NM0020F0035_8000_80NM0018D0004_8000,80NM0020F0035,80NM0018D0004,,,2020-03-23,2020,2025-11-25,2026,2020-03-23,2026-09-27,,C,DELIVERY ORDER,,,"VERITAS (VENUS EMISSIVITY, RADIO SCIENCE, INSAR, TOPOGRAPHY, AND SPECTROSCOPY) (41-108259)",080,NATIONAL AERONAUTICS AND SPACE ADMINISTRATION (NASA),8000,NATIONAL AERONAUTICS AND SPACE ADMINISTRATION,80NM00,NASA MANAGEMENT OFFICE -- JPL,080,NATIONAL AERONAUTICS AND SPACE ADMINISTRATION (NASA),8000,NATIONAL AERONAUTICS AND SPACE ADMINISTRATION,80NM00,NASA MANAGEMENT OFFICE -- JPL,YC1YP79BFD19,,CALIFORNIA INSTITUTE OF TECHNOLOGY,CALIFORNIA INSTITUTE OF TECHNOLOGY,YC1YP79BFD19,YC1YP79BFD19,CALIFORNIA INSTITUTE OF TECHNOLOGY,CALIFORNIA INSTITUTE OF TECHNOLOGY,USA,CA,LOS ANGELES,PASADENA,CA-28,CA-28,911098001,UNITED STATES,CALIFORNIA,LOS ANGELES,CA-28,CA-28,911098099,,,AR22,R&D- SPACE: SCIENCE/APPLICATIONS (APPLIED RESEARCH/EXPLORATORY DEVELOPMENT),541715,"RESEARCH AND DEVELOPMENT IN THE PHYSICAL, ENGINEERING, AND LIFE SCIENCES (EXCEPT NANOTECHNOLOGY AND BIOTECHNOLOGY)",,,https://www.usaspending.gov/award/CONT_AWD_80NM0020F0035_8000_80NM0018D0004_8000/,2024-09-30
National Aeronautics and Space Administration,National Aeronautics and Space Administration,FY2024P12,,080,2023,2024,,0120,000,080-2023/2024-0120-000,"Science, National Aeronautics and Space Administration",National Aeronautics and Space Administration,,"General Science, Space, and Technology","Space flight, research, and supporting activities",080-0120,"Science, National Aeronautics and Space Administration",0001,SCIENCE (DIRECT),25.5,Research and development contracts,D,Q,Not Designated Nonemergency/Emergency/Disaster/Wildfire Suppression,,3761970.22,,,CONT_AWD_80NM0020F0035_8000_80NM0018D0004_8000,80NM0020F0035,80NM0018D0004,,,2020-03-23,2020,2025-11-25,2026,2020-03-23,2026-09-27,,C,DELIVERY ORDER,,,"VERITAS (VENUS EMISSIVITY, RADIO SCIENCE, INSAR, TOPOGRAPHY, AND SPECTROSCOPY) (41-108259)",080,NATIONAL AERONAUTICS AND SPACE ADMINISTRATION (NASA),8000,NATIONAL AERONAUTICS AND SPACE ADMINISTRATION,80NM00,NASA MANAGEMENT OFFICE -- JPL,080,NATIONAL AERONAUTICS AND SPACE ADMINISTRATION (NASA),8000,NATIONAL AERONAUTICS AND SPACE ADMINISTRATION,80NM00,NASA MANAGEMENT OFFICE -- JPL,YC1YP79BFD19,,CALIFORNIA INSTITUTE OF TECHNOLOGY,CALIFORNIA INSTITUTE OF TECHNOLOGY,YC1YP79BFD19,YC1YP79BFD19,CALIFORNIA INSTITUTE OF TECHNOLOGY,CALIFORNIA INSTITUTE OF TECHNOLOGY,USA,CA,LOS ANGELES,PASADENA,CA-28,CA-28,911098001,UNITED STATES,CALIFORNIA,LOS ANGELES,CA-28,CA-28,911098099,,,AR22,R&D- SPACE: SCIENCE/APPLICATIONS (APPLIED RESEARCH/EXPLORATORY DEVELOPMENT),541715,"RESEARCH AND DEVELOPMENT IN THE PHYSICAL, ENGINEERING, AND LIFE SCIENCES (EXCEPT NANOTECHNOLOGY AND BIOTECHNOLOGY)",,,https://www.usaspending.gov/award/CONT_AWD_80NM0020F0035_8000_80NM0018D0004_8000/,2024-11-07
National Aeronautics and Space Administration,National Aeronautics and Space Administration,FY2025P02,,080,2024,2025,,0120,000,080-2024/2025-0120-000,"Science, National Aeronautics and Space Administration",National Aeronautics and Space Administration,,"General Science, Space, and Technology","Space flight, research, and supporting activities",080-0120,"Science, National Aeronautics and Space Administration",0001,SCIENCE (DIRECT),25.5,Research and development contracts,D,Q,Not Designated Nonemergency/Emergency/Disaster/Wildfire Suppression,,1571891.79,0.00,0.00,CONT_AWD_80NM0020F0035_8000_80NM0018D0004_8000,80NM0020F0035,80NM0018D0004,,,2020-03-23,2020,2025-11-25,2026,2020-03-23,2026-09-27,,C,DELIVERY ORDER,,,"VERITAS (VENUS EMISSIVITY, RADIO SCIENCE, INSAR, TOPOGRAPHY, AND SPECTROSCOPY) (41-108259)",080,NATIONAL AERONAUTICS AND SPACE ADMINISTRATION (NASA),8000,NATIONAL AERONAUTICS AND SPACE ADMINISTRATION,80NM00,NASA MANAGEMENT OFFICE -- JPL,080,NATIONAL AERONAUTICS AND SPACE ADMINISTRATION (NASA),8000,NATIONAL AERONAUTICS AND SPACE ADMINISTRATION,80NM00,NASA MANAGEMENT OFFICE -- JPL,YC1YP79BFD19,,CALIFORNIA INSTITUTE OF TECHNOLOGY,CALIFORNIA INSTITUTE OF TECHNOLOGY,YC1YP79BFD19,YC1YP79BFD19,CALIFORNIA INSTITUTE OF TECHNOLOGY,CALIFORNIA INSTITUTE OF TECHNOLOGY,USA,CA,LOS ANGELES,PASADENA,CA-28,CA-28,911098001,UNITED STATES,CALIFORNIA,LOS ANGELES,CA-28,CA-28,911098099,,,AR22,R&D- SPACE: SCIENCE/APPLICATIONS (APPLIED RESEARCH/EXPLORATORY DEVELOPMENT),541715,"RESEARCH AND DEVELOPMENT IN THE PHYSICAL, ENGINEERING, AND LIFE SCIENCES (EXCEPT NANOTECHNOLOGY AND BIOTECHNOLOGY)",,,https://www.usaspending.gov/award/CONT_AWD_80NM0020F0035_8000_80NM0018D0004_8000/,2024-12-20
National Aeronautics and Space Administration,National Aeronautics and Space Administration,FY2025P02,,080,2025,2026,,0120,000,080-2025/2026-0120-000,"Science, National Aeronautics and Space Administration",National Aeronautics and Space Administration,,"General Science, Space, and Technology","Space flight, research, and supporting activities",080-0120,"Science, National Aeronautics and Space Administration",0001,SCIENCE (DIRECT),25.5,Research and development contracts,D,Q,Not Designated Nonemergency/Emergency/Disaster/Wildfire Suppression,2060750.00,,,,CONT_AWD_80NM0020F0035_8000_80NM0018D0004_8000,80NM0020F0035,80NM0018D0004,,,2020-03-23,2020,2025-11-25,2026,2020-03-23,2026-09-27,,C,DELIVERY ORDER,,,"VERITAS (VENUS EMISSIVITY, RADIO SCIENCE, INSAR, TOPOGRAPHY, AND SPECTROSCOPY) (41-108259)",080,NATIONAL AERONAUTICS AND SPACE ADMINISTRATION (NASA),8000,NATIONAL AERONAUTICS AND SPACE ADMINISTRATION,80NM00,NASA MANAGEMENT OFFICE -- JPL,080,NATIONAL AERONAUTICS AND SPACE ADMINISTRATION (NASA),8000,NATIONAL AERONAUTICS AND SPACE ADMINISTRATION,80NM00,NASA MANAGEMENT OFFICE -- JPL,YC1YP79BFD19,,CALIFORNIA INSTITUTE OF TECHNOLOGY,CALIFORNIA INSTITUTE OF TECHNOLOGY,YC1YP79BFD19,YC1YP79BFD19,CALIFORNIA INSTITUTE OF TECHNOLOGY,CALIFORNIA INSTITUTE OF TECHNOLOGY,USA,CA,LOS ANGELES,PASADENA,CA-28,CA-28,911098001,UNITED STATES,CALIFORNIA,LOS ANGELES,CA-28,CA-28,911098099,,,AR22,R&D- SPACE: SCIENCE/APPLICATIONS (APPLIED RESEARCH/EXPLORATORY DEVELOPMENT),541715,"RESEARCH AND DEVELOPMENT IN THE PHYSICAL, ENGINEERING, AND LIFE SCIENCES (EXCEPT NANOTECHNOLOGY AND BIOTECHNOLOGY)",,,https://www.usaspending.gov/award/CONT_AWD_80NM0020F0035_8000_80NM0018D0004_8000/,2024-12-20
National Aeronautics and Space Administration,National Aeronautics and Space Administration,FY2025P02,,080,2023,2024,,0120,000,080-2023/2024-0120-000,"Science, National Aeronautics and Space Administration",National Aeronautics and Space Administration,,"General Science, Space, and Technology","Space flight, research, and supporting activities",080-0120,"Science, National Aeronautics and Space Administration",0001,SCIENCE (DIRECT),25.5,Research and development contracts,D,Q,Not Designated Nonemergency/Emergency/Disaster/Wildfire Suppression,,337711.09,0.00,0.00,CONT_AWD_80NM0020F0035_8000_80NM0018D0004_8000,80NM0020F0035,80NM0018D0004,,,2020-03-23,2020,2025-11-25,2026,2020-03-23,2026-09-27,,C,DELIVERY ORDER,,,"VERITAS (VENUS EMISSIVITY, RADIO SCIENCE, INSAR, TOPOGRAPHY, AND SPECTROSCOPY) (41-108259)",080,NATIONAL AERONAUTICS AND SPACE ADMINISTRATION (NASA),8000,NATIONAL AERONAUTICS AND SPACE ADMINISTRATION,80NM00,NASA MANAGEMENT OFFICE -- JPL,080,NATIONAL AERONAUTICS AND SPACE ADMINISTRATION (NASA),8000,NATIONAL AERONAUTICS AND SPACE ADMINISTRATION,80NM00,NASA MANAGEMENT OFFICE -- JPL,YC1YP79BFD19,,CALIFORNIA INSTITUTE OF TECHNOLOGY,CALIFORNIA INSTITUTE OF TECHNOLOGY,YC1YP79BFD19,YC1YP79BFD19,CALIFORNIA INSTITUTE OF TECHNOLOGY,CALIFORNIA INSTITUTE OF TECHNOLOGY,USA,CA,LOS ANGELES,PASADENA,CA-28,CA-28,911098001,UNITED STATES,CALIFORNIA,LOS ANGELES,CA-28,CA-28,911098099,,,AR22,R&D- SPACE: SCIENCE/APPLICATIONS (APPLIED RESEARCH/EXPLORATORY DEVELOPMENT),541715,"RESEARCH AND DEVELOPMENT IN THE PHYSICAL, ENGINEERING, AND LIFE SCIENCES (EXCEPT NANOTECHNOLOGY AND BIOTECHNOLOGY)",,,https://www.usaspending.gov/award/CONT_AWD_80NM0020F0035_8000_80NM0018D0004_8000/,2024-12-20
National Aeronautics and Space Administration,National Aeronautics and Space Administration,FY2025P03,,080,2024,2025,,0120,000,080-2024/2025-0120-000,"Science, National Aeronautics and Space Administration",National Aeronautics and Space Administration,,"General Science, Space, and Technology","Space flight, research, and supporting activities",080-0120,"Science, National Aeronautics and Space Administration",0001,SCIENCE (DIRECT),25.5,Research and development contracts,D,Q,Not Designated Nonemergency/Emergency/Disaster/Wildfire Suppression,,3268936.40,0.00,0.00,CONT_AWD_80NM0020F0035_8000_80NM0018D0004_8000,80NM0020F0035,80NM0018D0004,,,2020-03-23,2020,2025-11-25,2026,2020-03-23,2026-09-27,,C,DELIVERY ORDER,,,"VERITAS (VENUS EMISSIVITY, RADIO SCIENCE, INSAR, TOPOGRAPHY, AND SPECTROSCOPY) (41-108259)",080,NATIONAL AERONAUTICS AND SPACE ADMINISTRATION (NASA),8000,NATIONAL AERONAUTICS AND SPACE ADMINISTRATION,80NM00,NASA MANAGEMENT OFFICE -- JPL,080,NATIONAL AERONAUTICS AND SPACE ADMINISTRATION (NASA),8000,NATIONAL AERONAUTICS AND SPACE ADMINISTRATION,80NM00,NASA MANAGEMENT OFFICE -- JPL,YC1YP79BFD19,,CALIFORNIA INSTITUTE OF TECHNOLOGY,CALIFORNIA INSTITUTE OF TECHNOLOGY,YC1YP79BFD19,YC1YP79BFD19,CALIFORNIA INSTITUTE OF TECHNOLOGY,CALIFORNIA INSTITUTE OF TECHNOLOGY,USA,CA,LOS ANGELES,PASADENA,CA-28,CA-28,911098001,UNITED STATES,CALIFORNIA,LOS ANGELES,CA-28,CA-28,911098099,,,AR22,R&D- SPACE: SCIENCE/APPLICATIONS (APPLIED RESEARCH/EXPLORATORY DEVELOPMENT),541715,"RESEARCH AND DEVELOPMENT IN THE PHYSICAL, ENGINEERING, AND LIFE SCIENCES (EXCEPT NANOTECHNOLOGY AND BIOTECHNOLOGY)",,,https://www.usaspending.gov/award/CONT_AWD_80NM0020F0035_8000_80NM0018D0004_8000/,2025-01-29
National Aeronautics and Space Administration,National Aeronautics and Space Administration,FY2025P03,,080,2023,2024,,0120,000,080-2023/2024-0120-000,"Science, National Aeronautics and Space Administration",National Aeronautics and Space Administration,,"General Science, Space, and Technology","Space flight, research, and supporting activities",080-0120,"Science, National Aeronautics and Space Administration",0001,SCIENCE (DIRECT),25.5,Research and development contracts,D,Q,Not Designated Nonemergency/Emergency/Disaster/Wildfire Suppression,,337711.09,0.00,0.00,CONT_AWD_80NM0020F0035_8000_80NM0018D0004_8000,80NM0020F0035,80NM0018D0004,,,2020-03-23,2020,2025-11-25,2026,2020-03-23,2026-09-27,,C,DELIVERY ORDER,,,"VERITAS (VENUS EMISSIVITY, RADIO SCIENCE, INSAR, TOPOGRAPHY, AND SPECTROSCOPY) (41-108259)",080,NATIONAL AERONAUTICS AND SPACE ADMINISTRATION (NASA),8000,NATIONAL AERONAUTICS AND SPACE ADMINISTRATION,80NM00,NASA MANAGEMENT OFFICE -- JPL,080,NATIONAL AERONAUTICS AND SPACE ADMINISTRATION (NASA),8000,NATIONAL AERONAUTICS AND SPACE ADMINISTRATION,80NM00,NASA MANAGEMENT OFFICE -- JPL,YC1YP79BFD19,,CALIFORNIA INSTITUTE OF TECHNOLOGY,CALIFORNIA INSTITUTE OF TECHNOLOGY,YC1YP79BFD19,YC1YP79BFD19,CALIFORNIA INSTITUTE OF TECHNOLOGY,CALIFORNIA INSTITUTE OF TECHNOLOGY,USA,CA,LOS ANGELES,PASADENA,CA-28,CA-28,911098001,UNITED STATES,CALIFORNIA,LOS ANGELES,CA-28,CA-28,911098099,,,AR22,R&D- SPACE: SCIENCE/APPLICATIONS (APPLIED RESEARCH/EXPLORATORY DEVELOPMENT),541715,"RESEARCH AND DEVELOPMENT IN THE PHYSICAL, ENGINEERING, AND LIFE SCIENCES (EXCEPT NANOTECHNOLOGY AND BIOTECHNOLOGY)",,,https://www.usaspending.gov/award/CONT_AWD_80NM0020F0035_8000_80NM0018D0004_8000/,2025-01-29
National Aeronautics and Space Administration,National Aeronautics and Space Administration,FY2025P04,,080,2024,2025,,0120,000,080-2024/2025-0120-000,"Science, National Aeronautics and Space Administration",National Aeronautics and Space Administration,,"General Science, Space, and Technology","Space flight, research, and supporting activities",080-0120,"Science, National Aeronautics and Space Administration",0001,SCIENCE (DIRECT),25.5,Research and development contracts,D,Q,Not Designated Nonemergency/Emergency/Disaster/Wildfire Suppression,,4372340.84,0.00,0.00,CONT_AWD_80NM0020F0035_8000_80NM0018D0004_8000,80NM0020F0035,80NM0018D0004,,,2020-03-23,2020,2025-11-25,2026,2020-03-23,2026-09-27,,C,DELIVERY ORDER,,,"VERITAS (VENUS EMISSIVITY, RADIO SCIENCE, INSAR, TOPOGRAPHY, AND SPECTROSCOPY) (41-108259)",080,NATIONAL AERONAUTICS AND SPACE ADMINISTRATION (NASA),8000,NATIONAL AERONAUTICS AND SPACE ADMINISTRATION,80NM00,NASA MANAGEMENT OFFICE -- JPL,080,NATIONAL AERONAUTICS AND SPACE ADMINISTRATION (NASA),8000,NATIONAL AERONAUTICS AND SPACE ADMINISTRATION,80NM00,NASA MANAGEMENT OFFICE -- JPL,YC1YP79BFD19,,CALIFORNIA INSTITUTE OF TECHNOLOGY,CALIFORNIA INSTITUTE OF TECHNOLOGY,YC1YP79BFD19,YC1YP79BFD19,CALIFORNIA INSTITUTE OF TECHNOLOGY,CALIFORNIA INSTITUTE OF TECHNOLOGY,USA,CA,LOS ANGELES,PASADENA,CA-28,CA-28,911098001,UNITED STATES,CALIFORNIA,LOS ANGELES,CA-28,CA-28,911098099,,,AR22,R&D- SPACE: SCIENCE/APPLICATIONS (APPLIED RESEARCH/EXPLORATORY DEVELOPMENT),541715,"RESEARCH AND DEVELOPMENT IN THE PHYSICAL, ENGINEERING, AND LIFE SCIENCES (EXCEPT NANOTECHNOLOGY AND BIOTECHNOLOGY)",,,https://www.usaspending.gov/award/CONT_AWD_80NM0020F0035_8000_80NM0018D0004_8000/,2025-02-28
National Aeronautics and Space Administration,National Aeronautics and Space Administration,FY2025P04,,080,2023,2024,,0120,000,080-2023/2024-0120-000,"Science, National Aeronautics and Space Administration",National Aeronautics and Space Administration,,"General Science, Space, and Technology","Space flight, research, and supporting activities",080-0120,"Science, National Aeronautics and Space Administration",0001,SCIENCE (DIRECT),25.5,Research and development contracts,D,Q,Not Designated Nonemergency/Emergency/Disaster/Wildfire Suppression,,337711.09,0.00,0.00,CONT_AWD_80NM0020F0035_8000_80NM0018D0004_8000,80NM0020F0035,80NM0018D0004,,,2020-03-23,2020,2025-11-25,2026,2020-03-23,2026-09-27,,C,DELIVERY ORDER,,,"VERITAS (VENUS EMISSIVITY, RADIO SCIENCE, INSAR, TOPOGRAPHY, AND SPECTROSCOPY) (41-108259)",080,NATIONAL AERONAUTICS AND SPACE ADMINISTRATION (NASA),8000,NATIONAL AERONAUTICS AND SPACE ADMINISTRATION,80NM00,NASA MANAGEMENT OFFICE -- JPL,080,NATIONAL AERONAUTICS AND SPACE ADMINISTRATION (NASA),8000,NATIONAL AERONAUTICS AND SPACE ADMINISTRATION,80NM00,NASA MANAGEMENT OFFICE -- JPL,YC1YP79BFD19,,CALIFORNIA INSTITUTE OF TECHNOLOGY,CALIFORNIA INSTITUTE OF TECHNOLOGY,YC1YP79BFD19,YC1YP79BFD19,CALIFORNIA INSTITUTE OF TECHNOLOGY,CALIFORNIA INSTITUTE OF TECHNOLOGY,USA,CA,LOS ANGELES,PASADENA,CA-28,CA-28,911098001,UNITED STATES,CALIFORNIA,LOS ANGELES,CA-28,CA-28,911098099,,,AR22,R&D- SPACE: SCIENCE/APPLICATIONS (APPLIED RESEARCH/EXPLORATORY DEVELOPMENT),541715,"RESEARCH AND DEVELOPMENT IN THE PHYSICAL, ENGINEERING, AND LIFE SCIENCES (EXCEPT NANOTECHNOLOGY AND BIOTECHNOLOGY)",,,https://www.usaspending.gov/award/CONT_AWD_80NM0020F0035_8000_80NM0018D0004_8000/,2025-02-28
National Aeronautics and Space Administration,National Aeronautics and Space Administration,FY2025P04,,080,2025,2026,,0120,000,080-2025/2026-0120-000,"Science, National Aeronautics and Space Administration",National Aeronautics and Space Administration,,"General Science, Space, and Technology","Space flight, research, and supporting activities",080-0120,"Science, National Aeronautics and Space Administration",0001,SCIENCE (DIRECT),25.5,Research and development contracts,D,Q,Not Designated Nonemergency/Emergency/Disaster/Wildfire Suppression,5042829.00,,,,CONT_AWD_80NM0020F0035_8000_80NM0018D0004_8000,80NM0020F0035,80NM0018D0004,,,2020-03-23,2020,2025-11-25,2026,2020-03-23,2026-09-27,,C,DELIVERY ORDER,,,"VERITAS (VENUS EMISSIVITY, RADIO SCIENCE, INSAR, TOPOGRAPHY, AND SPECTROSCOPY) (41-108259)",080,NATIONAL AERONAUTICS AND SPACE ADMINISTRATION (NASA),8000,NATIONAL AERONAUTICS AND SPACE ADMINISTRATION,80NM00,NASA MANAGEMENT OFFICE -- JPL,080,NATIONAL AERONAUTICS AND SPACE ADMINISTRATION (NASA),8000,NATIONAL AERONAUTICS AND SPACE ADMINISTRATION,80NM00,NASA MANAGEMENT OFFICE -- JPL,YC1YP79BFD19,,CALIFORNIA INSTITUTE OF TECHNOLOGY,CALIFORNIA INSTITUTE OF TECHNOLOGY,YC1YP79BFD19,YC1YP79BFD19,CALIFORNIA INSTITUTE OF TECHNOLOGY,CALIFORNIA INSTITUTE OF TECHNOLOGY,USA,CA,LOS ANGELES,PASADENA,CA-28,CA-28,911098001,UNITED STATES,CALIFORNIA,LOS ANGELES,CA-28,CA-28,911098099,,,AR22,R&D- SPACE: SCIENCE/APPLICATIONS (APPLIED RESEARCH/EXPLORATORY DEVELOPMENT),541715,"RESEARCH AND DEVELOPMENT IN THE PHYSICAL, ENGINEERING, AND LIFE SCIENCES (EXCEPT NANOTECHNOLOGY AND BIOTECHNOLOGY)",,,https://www.usaspending.gov/award/CONT_AWD_80NM0020F0035_8000_80NM0018D0004_8000/,2025-02-28
National Aeronautics and Space Administration,National Aeronautics and Space Administration,FY2025P05,,080,2024,2025,,0120,000,080-2024/2025-0120-000,"Science, National Aeronautics and Space Administration",National Aeronautics and Space Administration,,"General Science, Space, and Technology","Space flight, research, and supporting activities",080-0120,"Science, National Aeronautics and Space Administration",0001,SCIENCE (DIRECT),25.5,Research and development contracts,D,Q,Not Designated Nonemergency/Emergency/Disaster/Wildfire Suppression,,4695502.00,0.00,0.00,CONT_AWD_80NM0020F0035_8000_80NM0018D0004_8000,80NM0020F0035,80NM0018D0004,,,2020-03-23,2020,2025-11-25,2026,2020-03-23,2026-09-27,,C,DELIVERY ORDER,,,"VERITAS (VENUS EMISSIVITY, RADIO SCIENCE, INSAR, TOPOGRAPHY, AND SPECTROSCOPY) (41-108259)",080,NATIONAL AERONAUTICS AND SPACE ADMINISTRATION (NASA),8000,NATIONAL AERONAUTICS AND SPACE ADMINISTRATION,80NM00,NASA MANAGEMENT OFFICE -- JPL,080,NATIONAL AERONAUTICS AND SPACE ADMINISTRATION (NASA),8000,NATIONAL AERONAUTICS AND SPACE ADMINISTRATION,80NM00,NASA MANAGEMENT OFFICE -- JPL,YC1YP79BFD19,,CALIFORNIA INSTITUTE OF TECHNOLOGY,CALIFORNIA INSTITUTE OF TECHNOLOGY,YC1YP79BFD19,YC1YP79BFD19,CALIFORNIA INSTITUTE OF TECHNOLOGY,CALIFORNIA INSTITUTE OF TECHNOLOGY,USA,CA,LOS ANGELES,PASADENA,CA-28,CA-28,911098001,UNITED STATES,CALIFORNIA,LOS ANGELES,CA-28,CA-28,911098099,,,AR22,R&D- SPACE: SCIENCE/APPLICATIONS (APPLIED RESEARCH/EXPLORATORY DEVELOPMENT),541715,"RESEARCH AND DEVELOPMENT IN THE PHYSICAL, ENGINEERING, AND LIFE SCIENCES (EXCEPT NANOTECHNOLOGY AND BIOTECHNOLOGY)",,,https://www.usaspending.gov/award/CONT_AWD_80NM0020F0035_8000_80NM0018D0004_8000/,2025-03-31
National Aeronautics and Space Administration,National Aeronautics and Space Administration,FY2025P05,,080,2023,2024,,0120,000,080-2023/2024-0120-000,"Science, National Aeronautics and Space Administration",National Aeronautics and Space Administration,,"General Science, Space, and Technology","Space flight, research, and supporting activities",080-0120,"Science, National Aeronautics and Space Administration",0001,SCIENCE (DIRECT),25.5,Research and development contracts,D,Q,Not Designated Nonemergency/Emergency/Disaster/Wildfire Suppression,,337711.09,0.00,0.00,CONT_AWD_80NM0020F0035_8000_80NM0018D0004_8000,80NM0020F0035,80NM0018D0004,,,2020-03-23,2020,2025-11-25,2026,2020-03-23,2026-09-27,,C,DELIVERY ORDER,,,"VERITAS (VENUS EMISSIVITY, RADIO SCIENCE, INSAR, TOPOGRAPHY, AND SPECTROSCOPY) (41-108259)",080,NATIONAL AERONAUTICS AND SPACE ADMINISTRATION (NASA),8000,NATIONAL AERONAUTICS AND SPACE ADMINISTRATION,80NM00,NASA MANAGEMENT OFFICE -- JPL,080,NATIONAL AERONAUTICS AND SPACE ADMINISTRATION (NASA),8000,NATIONAL AERONAUTICS AND SPACE ADMINISTRATION,80NM00,NASA MANAGEMENT OFFICE -- JPL,YC1YP79BFD19,,CALIFORNIA INSTITUTE OF TECHNOLOGY,CALIFORNIA INSTITUTE OF TECHNOLOGY,YC1YP79BFD19,YC1YP79BFD19,CALIFORNIA INSTITUTE OF TECHNOLOGY,CALIFORNIA INSTITUTE OF TECHNOLOGY,USA,CA,LOS ANGELES,PASADENA,CA-28,CA-28,911098001,UNITED STATES,CALIFORNIA,LOS ANGELES,CA-28,CA-28,911098099,,,AR22,R&D- SPACE: SCIENCE/APPLICATIONS (APPLIED RESEARCH/EXPLORATORY DEVELOPMENT),541715,"RESEARCH AND DEVELOPMENT IN THE PHYSICAL, ENGINEERING, AND LIFE SCIENCES (EXCEPT NANOTECHNOLOGY AND BIOTECHNOLOGY)",,,https://www.usaspending.gov/award/CONT_AWD_80NM0020F0035_8000_80NM0018D0004_8000/,2025-03-31
National Aeronautics and Space Administration,National Aeronautics and Space Administration,FY2025P05,,080,2025,2026,,0120,000,080-2025/2026-0120-000,"Science, National Aeronautics and Space Administration",National Aeronautics and Space Administration,,"General Science, Space, and Technology","Space flight, research, and supporting activities",080-0120,"Science, National Aeronautics and Space Administration",0001,SCIENCE (DIRECT),25.5,Research and development contracts,D,Q,Not Designated Nonemergency/Emergency/Disaster/Wildfire Suppression,,1362153.27,0.00,0.00,CONT_AWD_80NM0020F0035_8000_80NM0018D0004_8000,80NM0020F0035,80NM0018D0004,,,2020-03-23,2020,2025-11-25,2026,2020-03-23,2026-09-27,,C,DELIVERY ORDER,,,"VERITAS (VENUS EMISSIVITY, RADIO SCIENCE, INSAR, TOPOGRAPHY, AND SPECTROSCOPY) (41-108259)",080,NATIONAL AERONAUTICS AND SPACE ADMINISTRATION (NASA),8000,NATIONAL AERONAUTICS AND SPACE ADMINISTRATION,80NM00,NASA MANAGEMENT OFFICE -- JPL,080,NATIONAL AERONAUTICS AND SPACE ADMINISTRATION (NASA),8000,NATIONAL AERONAUTICS AND SPACE ADMINISTRATION,80NM00,NASA MANAGEMENT OFFICE -- JPL,YC1YP79BFD19,,CALIFORNIA INSTITUTE OF TECHNOLOGY,CALIFORNIA INSTITUTE OF TECHNOLOGY,YC1YP79BFD19,YC1YP79BFD19,CALIFORNIA INSTITUTE OF TECHNOLOGY,CALIFORNIA INSTITUTE OF TECHNOLOGY,USA,CA,LOS ANGELES,PASADENA,CA-28,CA-28,911098001,UNITED STATES,CALIFORNIA,LOS ANGELES,CA-28,CA-28,911098099,,,AR22,R&D- SPACE: SCIENCE/APPLICATIONS (APPLIED RESEARCH/EXPLORATORY DEVELOPMENT),541715,"RESEARCH AND DEVELOPMENT IN THE PHYSICAL, ENGINEERING, AND LIFE SCIENCES (EXCEPT NANOTECHNOLOGY AND BIOTECHNOLOGY)",,,https://www.usaspending.gov/award/CONT_AWD_80NM0020F0035_8000_80NM0018D0004_8000/,2025-03-31
National Aeronautics and Space Administration,National Aeronautics and Space Administration,FY2025P05,,080,2025,2026,,0120,000,080-2025/2026-0120-000,"Science, National Aeronautics and Space Administration",National Aeronautics and Space Administration,,"General Science, Space, and Technology","Space flight, research, and supporting activities",080-0120,"Science, National Aeronautics and Space Administration",0001,SCIENCE (DIRECT),25.5,Research and development contracts,D,Q,Not Designated Nonemergency/Emergency/Disaster/Wildfire Suppression,230501.00,,,,CONT_AWD_80NM0020F0035_8000_80NM0018D0004_8000,80NM0020F0035,80NM0018D0004,,,2020-03-23,2020,2025-11-25,2026,2020-03-23,2026-09-27,,C,DELIVERY ORDER,,,"VERITAS (VENUS EMISSIVITY, RADIO SCIENCE, INSAR, TOPOGRAPHY, AND SPECTROSCOPY) (41-108259)",080,NATIONAL AERONAUTICS AND SPACE ADMINISTRATION (NASA),8000,NATIONAL AERONAUTICS AND SPACE ADMINISTRATION,80NM00,NASA MANAGEMENT OFFICE -- JPL,080,NATIONAL AERONAUTICS AND SPACE ADMINISTRATION (NASA),8000,NATIONAL AERONAUTICS AND SPACE ADMINISTRATION,80NM00,NASA MANAGEMENT OFFICE -- JPL,YC1YP79BFD19,,CALIFORNIA INSTITUTE OF TECHNOLOGY,CALIFORNIA INSTITUTE OF TECHNOLOGY,YC1YP79BFD19,YC1YP79BFD19,CALIFORNIA INSTITUTE OF TECHNOLOGY,CALIFORNIA INSTITUTE OF TECHNOLOGY,USA,CA,LOS ANGELES,PASADENA,CA-28,CA-28,911098001,UNITED STATES,CALIFORNIA,LOS ANGELES,CA-28,CA-28,911098099,,,AR22,R&D- SPACE: SCIENCE/APPLICATIONS (APPLIED RESEARCH/EXPLORATORY DEVELOPMENT),541715,"RESEARCH AND DEVELOPMENT IN THE PHYSICAL, ENGINEERING, AND LIFE SCIENCES (EXCEPT NANOTECHNOLOGY AND BIOTECHNOLOGY)",,,https://www.usaspending.gov/award/CONT_AWD_80NM0020F0035_8000_80NM0018D0004_8000/,2025-03-31
National Aeronautics and Space Administration,National Aeronautics and Space Administration,FY2025P06,,080,2025,2026,,0120,000,080-2025/2026-0120-000,"Science, National Aeronautics and Space Administration",National Aeronautics and Space Administration,,"General Science, Space, and Technology","Space flight, research, and supporting activities",080-0120,"Science, National Aeronautics and Space Administration",0001,SCIENCE (DIRECT),25.5,Research and development contracts,D,Q,Not Designated Nonemergency/Emergency/Disaster/Wildfire Suppression,,3614858.06,0.00,0.00,CONT_AWD_80NM0020F0035_8000_80NM0018D0004_8000,80NM0020F0035,80NM0018D0004,,,2020-03-23,2020,2025-11-25,2026,2020-03-23,2026-09-27,,C,DELIVERY ORDER,,,"VERITAS (VENUS EMISSIVITY, RADIO SCIENCE, INSAR, TOPOGRAPHY, AND SPECTROSCOPY) (41-108259)",080,NATIONAL AERONAUTICS AND SPACE ADMINISTRATION (NASA),8000,NATIONAL AERONAUTICS AND SPACE ADMINISTRATION,80NM00,NASA MANAGEMENT OFFICE -- JPL,080,NATIONAL AERONAUTICS AND SPACE ADMINISTRATION (NASA),8000,NATIONAL AERONAUTICS AND SPACE ADMINISTRATION,80NM00,NASA MANAGEMENT OFFICE -- JPL,YC1YP79BFD19,,CALIFORNIA INSTITUTE OF TECHNOLOGY,CALIFORNIA INSTITUTE OF TECHNOLOGY,YC1YP79BFD19,YC1YP79BFD19,CALIFORNIA INSTITUTE OF TECHNOLOGY,CALIFORNIA INSTITUTE OF TECHNOLOGY,USA,CA,LOS ANGELES,PASADENA,CA-28,CA-28,911098001,UNITED STATES,CALIFORNIA,LOS ANGELES,CA-28,CA-28,911098099,,,AR22,R&D- SPACE: SCIENCE/APPLICATIONS (APPLIED RESEARCH/EXPLORATORY DEVELOPMENT),541715,"RESEARCH AND DEVELOPMENT IN THE PHYSICAL, ENGINEERING, AND LIFE SCIENCES (EXCEPT NANOTECHNOLOGY AND BIOTECHNOLOGY)",,,https://www.usaspending.gov/award/CONT_AWD_80NM0020F0035_8000_80NM0018D0004_8000/,2025-04-24
National Aeronautics and Space Administration,National Aeronautics and Space Administration,FY2025P06,,080,2024,2025,,0120,000,080-2024/2025-0120-000,"Science, National Aeronautics and Space Administration",National Aeronautics and Space Administration,,"General Science, Space, and Technology","Space flight, research, and supporting activities",080-0120,"Science, National Aeronautics and Space Administration",0001,SCIENCE (DIRECT),25.5,Research and development contracts,D,Q,Not Designated Nonemergency/Emergency/Disaster/Wildfire Suppression,,4695502.00,0.00,0.00,CONT_AWD_80NM0020F0035_8000_80NM0018D0004_8000,80NM0020F0035,80NM0018D0004,,,2020-03-23,2020,2025-11-25,2026,2020-03-23,2026-09-27,,C,DELIVERY ORDER,,,"VERITAS (VENUS EMISSIVITY, RADIO SCIENCE, INSAR, TOPOGRAPHY, AND SPECTROSCOPY) (41-108259)",080,NATIONAL AERONAUTICS AND SPACE ADMINISTRATION (NASA),8000,NATIONAL AERONAUTICS AND SPACE ADMINISTRATION,80NM00,NASA MANAGEMENT OFFICE -- JPL,080,NATIONAL AERONAUTICS AND SPACE ADMINISTRATION (NASA),8000,NATIONAL AERONAUTICS AND SPACE ADMINISTRATION,80NM00,NASA MANAGEMENT OFFICE -- JPL,YC1YP79BFD19,,CALIFORNIA INSTITUTE OF TECHNOLOGY,CALIFORNIA INSTITUTE OF TECHNOLOGY,YC1YP79BFD19,YC1YP79BFD19,CALIFORNIA INSTITUTE OF TECHNOLOGY,CALIFORNIA INSTITUTE OF TECHNOLOGY,USA,CA,LOS ANGELES,PASADENA,CA-28,CA-28,911098001,UNITED STATES,CALIFORNIA,LOS ANGELES,CA-28,CA-28,911098099,,,AR22,R&D- SPACE: SCIENCE/APPLICATIONS (APPLIED RESEARCH/EXPLORATORY DEVELOPMENT),541715,"RESEARCH AND DEVELOPMENT IN THE PHYSICAL, ENGINEERING, AND LIFE SCIENCES (EXCEPT NANOTECHNOLOGY AND BIOTECHNOLOGY)",,,https://www.usaspending.gov/award/CONT_AWD_80NM0020F0035_8000_80NM0018D0004_8000/,2025-04-24
National Aeronautics and Space Administration,National Aeronautics and Space Administration,FY2025P06,,080,2023,2024,,0120,000,080-2023/2024-0120-000,"Science, National Aeronautics and Space Administration",National Aeronautics and Space Administration,,"General Science, Space, and Technology","Space flight, research, and supporting activities",080-0120,"Science, National Aeronautics and Space Administration",0001,SCIENCE (DIRECT),25.5,Research and development contracts,D,Q,Not Designated Nonemergency/Emergency/Disaster/Wildfire Suppression,,337711.09,0.00,0.00,CONT_AWD_80NM0020F0035_8000_80NM0018D0004_8000,80NM0020F0035,80NM0018D0004,,,2020-03-23,2020,2025-11-25,2026,2020-03-23,2026-09-27,,C,DELIVERY ORDER,,,"VERITAS (VENUS EMISSIVITY, RADIO SCIENCE, INSAR, TOPOGRAPHY, AND SPECTROSCOPY) (41-108259)",080,NATIONAL AERONAUTICS AND SPACE ADMINISTRATION (NASA),8000,NATIONAL AERONAUTICS AND SPACE ADMINISTRATION,80NM00,NASA MANAGEMENT OFFICE -- JPL,080,NATIONAL AERONAUTICS AND SPACE ADMINISTRATION (NASA),8000,NATIONAL AERONAUTICS AND SPACE ADMINISTRATION,80NM00,NASA MANAGEMENT OFFICE -- JPL,YC1YP79BFD19,,CALIFORNIA INSTITUTE OF TECHNOLOGY,CALIFORNIA INSTITUTE OF TECHNOLOGY,YC1YP79BFD19,YC1YP79BFD19,CALIFORNIA INSTITUTE OF TECHNOLOGY,CALIFORNIA INSTITUTE OF TECHNOLOGY,USA,CA,LOS ANGELES,PASADENA,CA-28,CA-28,911098001,UNITED STATES,CALIFORNIA,LOS ANGELES,CA-28,CA-28,911098099,,,AR22,R&D- SPACE: SCIENCE/APPLICATIONS (APPLIED RESEARCH/EXPLORATORY DEVELOPMENT),541715,"RESEARCH AND DEVELOPMENT IN THE PHYSICAL, ENGINEERING, AND LIFE SCIENCES (EXCEPT NANOTECHNOLOGY AND BIOTECHNOLOGY)",,,https://www.usaspending.gov/award/CONT_AWD_80NM0020F0035_8000_80NM0018D0004_8000/,2025-04-24
National Aeronautics and Space Administration,National Aeronautics and Space Administration,FY2025P07,,080,2025,2026,,0120,000,080-2025/2026-0120-000,"Science, National Aeronautics and Space Administration",National Aeronautics and Space Administration,,"General Science, Space, and Technology","Space flight, research, and supporting activities",080-0120,"Science, National Aeronautics and Space Administration",0001,SCIENCE (DIRECT),25.5,Research and development contracts,D,Q,Not Designated Nonemergency/Emergency/Disaster/Wildfire Suppression,,5935374.96,0.00,0.00,CONT_AWD_80NM0020F0035_8000_80NM0018D0004_8000,80NM0020F0035,80NM0018D0004,,,2020-03-23,2020,2025-11-25,2026,2020-03-23,2026-09-27,,C,DELIVERY ORDER,,,"VERITAS (VENUS EMISSIVITY, RADIO SCIENCE, INSAR, TOPOGRAPHY, AND SPECTROSCOPY) (41-108259)",080,NATIONAL AERONAUTICS AND SPACE ADMINISTRATION (NASA),8000,NATIONAL AERONAUTICS AND SPACE ADMINISTRATION,80NM00,NASA MANAGEMENT OFFICE -- JPL,080,NATIONAL AERONAUTICS AND SPACE ADMINISTRATION (NASA),8000,NATIONAL AERONAUTICS AND SPACE ADMINISTRATION,80NM00,NASA MANAGEMENT OFFICE -- JPL,YC1YP79BFD19,,CALIFORNIA INSTITUTE OF TECHNOLOGY,CALIFORNIA INSTITUTE OF TECHNOLOGY,YC1YP79BFD19,YC1YP79BFD19,CALIFORNIA INSTITUTE OF TECHNOLOGY,CALIFORNIA INSTITUTE OF TECHNOLOGY,USA,CA,LOS ANGELES,PASADENA,CA-28,CA-28,911098001,UNITED STATES,CALIFORNIA,LOS ANGELES,CA-28,CA-28,911098099,,,AR22,R&D- SPACE: SCIENCE/APPLICATIONS (APPLIED RESEARCH/EXPLORATORY DEVELOPMENT),541715,"RESEARCH AND DEVELOPMENT IN THE PHYSICAL, ENGINEERING, AND LIFE SCIENCES (EXCEPT NANOTECHNOLOGY AND BIOTECHNOLOGY)",,,https://www.usaspending.gov/award/CONT_AWD_80NM0020F0035_8000_80NM0018D0004_8000/,2025-05-23
National Aeronautics and Space Administration,National Aeronautics and Space Administration,FY2025P07,,080,2025,2026,,0120,000,080-2025/2026-0120-000,"Science, National Aeronautics and Space Administration",National Aeronautics and Space Administration,,"General Science, Space, and Technology","Space flight, research, and supporting activities",080-0120,"Science, National Aeronautics and Space Administration",0001,SCIENCE (DIRECT),25.5,Research and development contracts,D,Q,Not Designated Nonemergency/Emergency/Disaster/Wildfire Suppression,2200000.00,,,,CONT_AWD_80NM0020F0035_8000_80NM0018D0004_8000,80NM0020F0035,80NM0018D0004,,,2020-03-23,2020,2025-11-25,2026,2020-03-23,2026-09-27,,C,DELIVERY ORDER,,,"VERITAS (VENUS EMISSIVITY, RADIO SCIENCE, INSAR, TOPOGRAPHY, AND SPECTROSCOPY) (41-108259)",080,NATIONAL AERONAUTICS AND SPACE ADMINISTRATION (NASA),8000,NATIONAL AERONAUTICS AND SPACE ADMINISTRATION,80NM00,NASA MANAGEMENT OFFICE -- JPL,080,NATIONAL AERONAUTICS AND SPACE ADMINISTRATION (NASA),8000,NATIONAL AERONAUTICS AND SPACE ADMINISTRATION,80NM00,NASA MANAGEMENT OFFICE -- JPL,YC1YP79BFD19,,CALIFORNIA INSTITUTE OF TECHNOLOGY,CALIFORNIA INSTITUTE OF TECHNOLOGY,YC1YP79BFD19,YC1YP79BFD19,CALIFORNIA INSTITUTE OF TECHNOLOGY,CALIFORNIA INSTITUTE OF TECHNOLOGY,USA,CA,LOS ANGELES,PASADENA,CA-28,CA-28,911098001,UNITED STATES,CALIFORNIA,LOS ANGELES,CA-28,CA-28,911098099,,,AR22,R&D- SPACE: SCIENCE/APPLICATIONS (APPLIED RESEARCH/EXPLORATORY DEVELOPMENT),541715,"RESEARCH AND DEVELOPMENT IN THE PHYSICAL, ENGINEERING, AND LIFE SCIENCES (EXCEPT NANOTECHNOLOGY AND BIOTECHNOLOGY)",,,https://www.usaspending.gov/award/CONT_AWD_80NM0020F0035_8000_80NM0018D0004_8000/,2025-05-23
National Aeronautics and Space Administration,National Aeronautics and Space Administration,FY2025P07,,080,2025,2026,,0120,000,080-2025/2026-0120-000,"Science, National Aeronautics and Space Administration",National Aeronautics and Space Administration,,"General Science, Space, and Technology","Space flight, research, and supporting activities",080-0120,"Science, National Aeronautics and Space Administration",0001,SCIENCE (DIRECT),25.5,Research and development contracts,D,Q,Not Designated Nonemergency/Emergency/Disaster/Wildfire Suppression,2300000.00,,,,CONT_AWD_80NM0020F0035_8000_80NM0018D0004_8000,80NM0020F0035,80NM0018D0004,,,2020-03-23,2020,2025-11-25,2026,2020-03-23,2026-09-27,,C,DELIVERY ORDER,,,"VERITAS (VENUS EMISSIVITY, RADIO SCIENCE, INSAR, TOPOGRAPHY, AND SPECTROSCOPY) (41-108259)",080,NATIONAL AERONAUTICS AND SPACE ADMINISTRATION (NASA),8000,NATIONAL AERONAUTICS AND SPACE ADMINISTRATION,80NM00,NASA MANAGEMENT OFFICE -- JPL,080,NATIONAL AERONAUTICS AND SPACE ADMINISTRATION (NASA),8000,NATIONAL AERONAUTICS AND SPACE ADMINISTRATION,80NM00,NASA MANAGEMENT OFFICE -- JPL,YC1YP79BFD19,,CALIFORNIA INSTITUTE OF TECHNOLOGY,CALIFORNIA INSTITUTE OF TECHNOLOGY,YC1YP79BFD19,YC1YP79BFD19,CALIFORNIA INSTITUTE OF TECHNOLOGY,CALIFORNIA INSTITUTE OF TECHNOLOGY,USA,CA,LOS ANGELES,PASADENA,CA-28,CA-28,911098001,UNITED STATES,CALIFORNIA,LOS ANGELES,CA-28,CA-28,911098099,,,AR22,R&D- SPACE: SCIENCE/APPLICATIONS (APPLIED RESEARCH/EXPLORATORY DEVELOPMENT),541715,"RESEARCH AND DEVELOPMENT IN THE PHYSICAL, ENGINEERING, AND LIFE SCIENCES (EXCEPT NANOTECHNOLOGY AND BIOTECHNOLOGY)",,,https://www.usaspending.gov/award/CONT_AWD_80NM0020F0035_8000_80NM0018D0004_8000/,2025-05-23
National Aeronautics and Space Administration,National Aeronautics and Space Administration,FY2025P07,,080,2024,2025,,0120,000,080-2024/2025-0120-000,"Science, National Aeronautics and Space Administration",National Aeronautics and Space Administration,,"General Science, Space, and Technology","Space flight, research, and supporting activities",080-0120,"Science, National Aeronautics and Space Administration",0001,SCIENCE (DIRECT),25.5,Research and development contracts,D,Q,Not Designated Nonemergency/Emergency/Disaster/Wildfire Suppression,,4695502.00,0.00,0.00,CONT_AWD_80NM0020F0035_8000_80NM0018D0004_8000,80NM0020F0035,80NM0018D0004,,,2020-03-23,2020,2025-11-25,2026,2020-03-23,2026-09-27,,C,DELIVERY ORDER,,,"VERITAS (VENUS EMISSIVITY, RADIO SCIENCE, INSAR, TOPOGRAPHY, AND SPECTROSCOPY) (41-108259)",080,NATIONAL AERONAUTICS AND SPACE ADMINISTRATION (NASA),8000,NATIONAL AERONAUTICS AND SPACE ADMINISTRATION,80NM00,NASA MANAGEMENT OFFICE -- JPL,080,NATIONAL AERONAUTICS AND SPACE ADMINISTRATION (NASA),8000,NATIONAL AERONAUTICS AND SPACE ADMINISTRATION,80NM00,NASA MANAGEMENT OFFICE -- JPL,YC1YP79BFD19,,CALIFORNIA INSTITUTE OF TECHNOLOGY,CALIFORNIA INSTITUTE OF TECHNOLOGY,YC1YP79BFD19,YC1YP79BFD19,CALIFORNIA INSTITUTE OF TECHNOLOGY,CALIFORNIA INSTITUTE OF TECHNOLOGY,USA,CA,LOS ANGELES,PASADENA,CA-28,CA-28,911098001,UNITED STATES,CALIFORNIA,LOS ANGELES,CA-28,CA-28,911098099,,,AR22,R&D- SPACE: SCIENCE/APPLICATIONS (APPLIED RESEARCH/EXPLORATORY DEVELOPMENT),541715,"RESEARCH AND DEVELOPMENT IN THE PHYSICAL, ENGINEERING, AND LIFE SCIENCES (EXCEPT NANOTECHNOLOGY AND BIOTECHNOLOGY)",,,https://www.usaspending.gov/award/CONT_AWD_80NM0020F0035_8000_80NM0018D0004_8000/,2025-05-23
National Aeronautics and Space Administration,National Aeronautics and Space Administration,FY2025P07,,080,2023,2024,,0120,000,080-2023/2024-0120-000,"Science, National Aeronautics and Space Administration",National Aeronautics and Space Administration,,"General Science, Space, and Technology","Space flight, research, and supporting activities",080-0120,"Science, National Aeronautics and Space Administration",0001,SCIENCE (DIRECT),25.5,Research and development contracts,D,Q,Not Designated Nonemergency/Emergency/Disaster/Wildfire Suppression,,337711.09,0.00,0.00,CONT_AWD_80NM0020F0035_8000_80NM0018D0004_8000,80NM0020F0035,80NM0018D0004,,,2020-03-23,2020,2025-11-25,2026,2020-03-23,2026-09-27,,C,DELIVERY ORDER,,,"VERITAS (VENUS EMISSIVITY, RADIO SCIENCE, INSAR, TOPOGRAPHY, AND SPECTROSCOPY) (41-108259)",080,NATIONAL AERONAUTICS AND SPACE ADMINISTRATION (NASA),8000,NATIONAL AERONAUTICS AND SPACE ADMINISTRATION,80NM00,NASA MANAGEMENT OFFICE -- JPL,080,NATIONAL AERONAUTICS AND SPACE ADMINISTRATION (NASA),8000,NATIONAL AERONAUTICS AND SPACE ADMINISTRATION,80NM00,NASA MANAGEMENT OFFICE -- JPL,YC1YP79BFD19,,CALIFORNIA INSTITUTE OF TECHNOLOGY,CALIFORNIA INSTITUTE OF TECHNOLOGY,YC1YP79BFD19,YC1YP79BFD19,CALIFORNIA INSTITUTE OF TECHNOLOGY,CALIFORNIA INSTITUTE OF TECHNOLOGY,USA,CA,LOS ANGELES,PASADENA,CA-28,CA-28,911098001,UNITED STATES,CALIFORNIA,LOS ANGELES,CA-28,CA-28,911098099,,,AR22,R&D- SPACE: SCIENCE/APPLICATIONS (APPLIED RESEARCH/EXPLORATORY DEVELOPMENT),541715,"RESEARCH AND DEVELOPMENT IN THE PHYSICAL, ENGINEERING, AND LIFE SCIENCES (EXCEPT NANOTECHNOLOGY AND BIOTECHNOLOGY)",,,https://www.usaspending.gov/award/CONT_AWD_80NM0020F0035_8000_80NM0018D0004_8000/,2025-05-23
National Aeronautics and Space Administration,National Aeronautics and Space Administration,FY2025P08,,080,2025,2026,,0120,000,080-2025/2026-0120-000,"Science, National Aeronautics and Space Administration",National Aeronautics and Space Administration,,"General Science, Space, and Technology","Space flight, research, and supporting activities",080-0120,"Science, National Aeronautics and Space Administration",0001,SCIENCE (DIRECT),25.5,Research and development contracts,D,Q,Not Designated Nonemergency/Emergency/Disaster/Wildfire Suppression,,8524444.95,0.00,0.00,CONT_AWD_80NM0020F0035_8000_80NM0018D0004_8000,80NM0020F0035,80NM0018D0004,,,2020-03-23,2020,2025-11-25,2026,2020-03-23,2026-09-27,,C,DELIVERY ORDER,,,"VERITAS (VENUS EMISSIVITY, RADIO SCIENCE, INSAR, TOPOGRAPHY, AND SPECTROSCOPY) (41-108259)",080,NATIONAL AERONAUTICS AND SPACE ADMINISTRATION (NASA),8000,NATIONAL AERONAUTICS AND SPACE ADMINISTRATION,80NM00,NASA MANAGEMENT OFFICE -- JPL,080,NATIONAL AERONAUTICS AND SPACE ADMINISTRATION (NASA),8000,NATIONAL AERONAUTICS AND SPACE ADMINISTRATION,80NM00,NASA MANAGEMENT OFFICE -- JPL,YC1YP79BFD19,,CALIFORNIA INSTITUTE OF TECHNOLOGY,CALIFORNIA INSTITUTE OF TECHNOLOGY,YC1YP79BFD19,YC1YP79BFD19,CALIFORNIA INSTITUTE OF TECHNOLOGY,CALIFORNIA INSTITUTE OF TECHNOLOGY,USA,CA,LOS ANGELES,PASADENA,CA-28,CA-28,911098001,UNITED STATES,CALIFORNIA,LOS ANGELES,CA-28,CA-28,911098099,,,AR22,R&D- SPACE: SCIENCE/APPLICATIONS (APPLIED RESEARCH/EXPLORATORY DEVELOPMENT),541715,"RESEARCH AND DEVELOPMENT IN THE PHYSICAL, ENGINEERING, AND LIFE SCIENCES (EXCEPT NANOTECHNOLOGY AND BIOTECHNOLOGY)",,,https://www.usaspending.gov/award/CONT_AWD_80NM0020F0035_8000_80NM0018D0004_8000/,2025-06-25
National Aeronautics and Space Administration,National Aeronautics and Space Administration,FY2025P08,,080,2025,2026,,0120,000,080-2025/2026-0120-000,"Science, National Aeronautics and Space Administration",National Aeronautics and Space Administration,,"General Science, Space, and Technology","Space flight, research, and supporting activities",080-0120,"Science, National Aeronautics and Space Administration",0001,SCIENCE (DIRECT),25.5,Research and development contracts,D,Q,Not Designated Nonemergency/Emergency/Disaster/Wildfire Suppression,3500000.00,,,,CONT_AWD_80NM0020F0035_8000_80NM0018D0004_8000,80NM0020F0035,80NM0018D0004,,,2020-03-23,2020,2025-11-25,2026,2020-03-23,2026-09-27,,C,DELIVERY ORDER,,,"VERITAS (VENUS EMISSIVITY, RADIO SCIENCE, INSAR, TOPOGRAPHY, AND SPECTROSCOPY) (41-108259)",080,NATIONAL AERONAUTICS AND SPACE ADMINISTRATION (NASA),8000,NATIONAL AERONAUTICS AND SPACE ADMINISTRATION,80NM00,NASA MANAGEMENT OFFICE -- JPL,080,NATIONAL AERONAUTICS AND SPACE ADMINISTRATION (NASA),8000,NATIONAL AERONAUTICS AND SPACE ADMINISTRATION,80NM00,NASA MANAGEMENT OFFICE -- JPL,YC1YP79BFD19,,CALIFORNIA INSTITUTE OF TECHNOLOGY,CALIFORNIA INSTITUTE OF TECHNOLOGY,YC1YP79BFD19,YC1YP79BFD19,CALIFORNIA INSTITUTE OF TECHNOLOGY,CALIFORNIA INSTITUTE OF TECHNOLOGY,USA,CA,LOS ANGELES,PASADENA,CA-28,CA-28,911098001,UNITED STATES,CALIFORNIA,LOS ANGELES,CA-28,CA-28,911098099,,,AR22,R&D- SPACE: SCIENCE/APPLICATIONS (APPLIED RESEARCH/EXPLORATORY DEVELOPMENT),541715,"RESEARCH AND DEVELOPMENT IN THE PHYSICAL, ENGINEERING, AND LIFE SCIENCES (EXCEPT NANOTECHNOLOGY AND BIOTECHNOLOGY)",,,https://www.usaspending.gov/award/CONT_AWD_80NM0020F0035_8000_80NM0018D0004_8000/,2025-06-25
National Aeronautics and Space Administration,National Aeronautics and Space Administration,FY2025P08,,080,2024,2025,,0120,000,080-2024/2025-0120-000,"Science, National Aeronautics and Space Administration",National Aeronautics and Space Administration,,"General Science, Space, and Technology","Space flight, research, and supporting activities",080-0120,"Science, National Aeronautics and Space Administration",0001,SCIENCE (DIRECT),25.5,Research and development contracts,D,Q,Not Designated Nonemergency/Emergency/Disaster/Wildfire Suppression,,4695502.00,0.00,0.00,CONT_AWD_80NM0020F0035_8000_80NM0018D0004_8000,80NM0020F0035,80NM0018D0004,,,2020-03-23,2020,2025-11-25,2026,2020-03-23,2026-09-27,,C,DELIVERY ORDER,,,"VERITAS (VENUS EMISSIVITY, RADIO SCIENCE, INSAR, TOPOGRAPHY, AND SPECTROSCOPY) (41-108259)",080,NATIONAL AERONAUTICS AND SPACE ADMINISTRATION (NASA),8000,NATIONAL AERONAUTICS AND SPACE ADMINISTRATION,80NM00,NASA MANAGEMENT OFFICE -- JPL,080,NATIONAL AERONAUTICS AND SPACE ADMINISTRATION (NASA),8000,NATIONAL AERONAUTICS AND SPACE ADMINISTRATION,80NM00,NASA MANAGEMENT OFFICE -- JPL,YC1YP79BFD19,,CALIFORNIA INSTITUTE OF TECHNOLOGY,CALIFORNIA INSTITUTE OF TECHNOLOGY,YC1YP79BFD19,YC1YP79BFD19,CALIFORNIA INSTITUTE OF TECHNOLOGY,CALIFORNIA INSTITUTE OF TECHNOLOGY,USA,CA,LOS ANGELES,PASADENA,CA-28,CA-28,911098001,UNITED STATES,CALIFORNIA,LOS ANGELES,CA-28,CA-28,911098099,,,AR22,R&D- SPACE: SCIENCE/APPLICATIONS (APPLIED RESEARCH/EXPLORATORY DEVELOPMENT),541715,"RESEARCH AND DEVELOPMENT IN THE PHYSICAL, ENGINEERING, AND LIFE SCIENCES (EXCEPT NANOTECHNOLOGY AND BIOTECHNOLOGY)",,,https://www.usaspending.gov/award/CONT_AWD_80NM0020F0035_8000_80NM0018D0004_8000/,2025-06-25
National Aeronautics and Space Administration,National Aeronautics and Space Administration,FY2025P08,,080,2023,2024,,0120,000,080-2023/2024-0120-000,"Science, National Aeronautics and Space Administration",National Aeronautics and Space Administration,,"General Science, Space, and Technology","Space flight, research, and supporting activities",080-0120,"Science, National Aeronautics and Space Administration",0001,SCIENCE (DIRECT),25.5,Research and development contracts,D,Q,Not Designated Nonemergency/Emergency/Disaster/Wildfire Suppression,,337711.09,0.00,0.00,CONT_AWD_80NM0020F0035_8000_80NM0018D0004_8000,80NM0020F0035,80NM0018D0004,,,2020-03-23,2020,2025-11-25,2026,2020-03-23,2026-09-27,,C,DELIVERY ORDER,,,"VERITAS (VENUS EMISSIVITY, RADIO SCIENCE, INSAR, TOPOGRAPHY, AND SPECTROSCOPY) (41-108259)",080,NATIONAL AERONAUTICS AND SPACE ADMINISTRATION (NASA),8000,NATIONAL AERONAUTICS AND SPACE ADMINISTRATION,80NM00,NASA MANAGEMENT OFFICE -- JPL,080,NATIONAL AERONAUTICS AND SPACE ADMINISTRATION (NASA),8000,NATIONAL AERONAUTICS AND SPACE ADMINISTRATION,80NM00,NASA MANAGEMENT OFFICE -- JPL,YC1YP79BFD19,,CALIFORNIA INSTITUTE OF TECHNOLOGY,CALIFORNIA INSTITUTE OF TECHNOLOGY,YC1YP79BFD19,YC1YP79BFD19,CALIFORNIA INSTITUTE OF TECHNOLOGY,CALIFORNIA INSTITUTE OF TECHNOLOGY,USA,CA,LOS ANGELES,PASADENA,CA-28,CA-28,911098001,UNITED STATES,CALIFORNIA,LOS ANGELES,CA-28,CA-28,911098099,,,AR22,R&D- SPACE: SCIENCE/APPLICATIONS (APPLIED RESEARCH/EXPLORATORY DEVELOPMENT),541715,"RESEARCH AND DEVELOPMENT IN THE PHYSICAL, ENGINEERING, AND LIFE SCIENCES (EXCEPT NANOTECHNOLOGY AND BIOTECHNOLOGY)",,,https://www.usaspending.gov/award/CONT_AWD_80NM0020F0035_8000_80NM0018D0004_8000/,2025-06-25
National Aeronautics and Space Administration,National Aeronautics and Space Administration,FY2025P09,,080,2025,2026,,0120,000,080-2025/2026-0120-000,"Science, National Aeronautics and Space Administration",National Aeronautics and Space Administration,,"General Science, Space, and Technology","Space flight, research, and supporting activities",080-0120,"Science, National Aeronautics and Space Administration",0001,SCIENCE (DIRECT),25.5,Research and development contracts,D,Q,Not Designated Nonemergency/Emergency/Disaster/Wildfire Suppression,,10701921.15,0.00,0.00,CONT_AWD_80NM0020F0035_8000_80NM0018D0004_8000,80NM0020F0035,80NM0018D0004,,,2020-03-23,2020,2025-11-25,2026,2020-03-23,2026-09-27,,C,DELIVERY ORDER,,,"VERITAS (VENUS EMISSIVITY, RADIO SCIENCE, INSAR, TOPOGRAPHY, AND SPECTROSCOPY) (41-108259)",080,NATIONAL AERONAUTICS AND SPACE ADMINISTRATION (NASA),8000,NATIONAL AERONAUTICS AND SPACE ADMINISTRATION,80NM00,NASA MANAGEMENT OFFICE -- JPL,080,NATIONAL AERONAUTICS AND SPACE ADMINISTRATION (NASA),8000,NATIONAL AERONAUTICS AND SPACE ADMINISTRATION,80NM00,NASA MANAGEMENT OFFICE -- JPL,YC1YP79BFD19,,CALIFORNIA INSTITUTE OF TECHNOLOGY,CALIFORNIA INSTITUTE OF TECHNOLOGY,YC1YP79BFD19,YC1YP79BFD19,CALIFORNIA INSTITUTE OF TECHNOLOGY,CALIFORNIA INSTITUTE OF TECHNOLOGY,USA,CA,LOS ANGELES,PASADENA,CA-28,CA-28,911098001,UNITED STATES,CALIFORNIA,LOS ANGELES,CA-28,CA-28,911098099,,,AR22,R&D- SPACE: SCIENCE/APPLICATIONS (APPLIED RESEARCH/EXPLORATORY DEVELOPMENT),541715,"RESEARCH AND DEVELOPMENT IN THE PHYSICAL, ENGINEERING, AND LIFE SCIENCES (EXCEPT NANOTECHNOLOGY AND BIOTECHNOLOGY)",,,https://www.usaspending.gov/award/CONT_AWD_80NM0020F0035_8000_80NM0018D0004_8000/,2025-07-31
National Aeronautics and Space Administration,National Aeronautics and Space Administration,FY2025P09,,080,2025,2026,,0120,000,080-2025/2026-0120-000,"Science, National Aeronautics and Space Administration",National Aeronautics and Space Administration,,"General Science, Space, and Technology","Space flight, research, and supporting activities",080-0120,"Science, National Aeronautics and Space Administration",0001,SCIENCE (DIRECT),25.5,Research and development contracts,D,Q,Not Designated Nonemergency/Emergency/Disaster/Wildfire Suppression,4463226.00,,,,CONT_AWD_80NM0020F0035_8000_80NM0018D0004_8000,80NM0020F0035,80NM0018D0004,,,2020-03-23,2020,2025-11-25,2026,2020-03-23,2026-09-27,,C,DELIVERY ORDER,,,"VERITAS (VENUS EMISSIVITY, RADIO SCIENCE, INSAR, TOPOGRAPHY, AND SPECTROSCOPY) (41-108259)",080,NATIONAL AERONAUTICS AND SPACE ADMINISTRATION (NASA),8000,NATIONAL AERONAUTICS AND SPACE ADMINISTRATION,80NM00,NASA MANAGEMENT OFFICE -- JPL,080,NATIONAL AERONAUTICS AND SPACE ADMINISTRATION (NASA),8000,NATIONAL AERONAUTICS AND SPACE ADMINISTRATION,80NM00,NASA MANAGEMENT OFFICE -- JPL,YC1YP79BFD19,,CALIFORNIA INSTITUTE OF TECHNOLOGY,CALIFORNIA INSTITUTE OF TECHNOLOGY,YC1YP79BFD19,YC1YP79BFD19,CALIFORNIA INSTITUTE OF TECHNOLOGY,CALIFORNIA INSTITUTE OF TECHNOLOGY,USA,CA,LOS ANGELES,PASADENA,CA-28,CA-28,911098001,UNITED STATES,CALIFORNIA,LOS ANGELES,CA-28,CA-28,911098099,,,AR22,R&D- SPACE: SCIENCE/APPLICATIONS (APPLIED RESEARCH/EXPLORATORY DEVELOPMENT),541715,"RESEARCH AND DEVELOPMENT IN THE PHYSICAL, ENGINEERING, AND LIFE SCIENCES (EXCEPT NANOTECHNOLOGY AND BIOTECHNOLOGY)",,,https://www.usaspending.gov/award/CONT_AWD_80NM0020F0035_8000_80NM0018D0004_8000/,2025-07-31
National Aeronautics and Space Administration,National Aeronautics and Space Administration,FY2025P09,,080,2024,2025,,0120,000,080-2024/2025-0120-000,"Science, National Aeronautics and Space Administration",National Aeronautics and Space Administration,,"General Science, Space, and Technology","Space flight, research, and supporting activities",080-0120,"Science, National Aeronautics and Space Administration",0001,SCIENCE (DIRECT),25.5,Research and development contracts,D,Q,Not Designated Nonemergency/Emergency/Disaster/Wildfire Suppression,,4695502.00,0.00,0.00,CONT_AWD_80NM0020F0035_8000_80NM0018D0004_8000,80NM0020F0035,80NM0018D0004,,,2020-03-23,2020,2025-11-25,2026,2020-03-23,2026-09-27,,C,DELIVERY ORDER,,,"VERITAS (VENUS EMISSIVITY, RADIO SCIENCE, INSAR, TOPOGRAPHY, AND SPECTROSCOPY) (41-108259)",080,NATIONAL AERONAUTICS AND SPACE ADMINISTRATION (NASA),8000,NATIONAL AERONAUTICS AND SPACE ADMINISTRATION,80NM00,NASA MANAGEMENT OFFICE -- JPL,080,NATIONAL AERONAUTICS AND SPACE ADMINISTRATION (NASA),8000,NATIONAL AERONAUTICS AND SPACE ADMINISTRATION,80NM00,NASA MANAGEMENT OFFICE -- JPL,YC1YP79BFD19,,CALIFORNIA INSTITUTE OF TECHNOLOGY,CALIFORNIA INSTITUTE OF TECHNOLOGY,YC1YP79BFD19,YC1YP79BFD19,CALIFORNIA INSTITUTE OF TECHNOLOGY,CALIFORNIA INSTITUTE OF TECHNOLOGY,USA,CA,LOS ANGELES,PASADENA,CA-28,CA-28,911098001,UNITED STATES,CALIFORNIA,LOS ANGELES,CA-28,CA-28,911098099,,,AR22,R&D- SPACE: SCIENCE/APPLICATIONS (APPLIED RESEARCH/EXPLORATORY DEVELOPMENT),541715,"RESEARCH AND DEVELOPMENT IN THE PHYSICAL, ENGINEERING, AND LIFE SCIENCES (EXCEPT NANOTECHNOLOGY AND BIOTECHNOLOGY)",,,https://www.usaspending.gov/award/CONT_AWD_80NM0020F0035_8000_80NM0018D0004_8000/,2025-07-31
National Aeronautics and Space Administration,National Aeronautics and Space Administration,FY2025P09,,080,2023,2024,,0120,000,080-2023/2024-0120-000,"Science, National Aeronautics and Space Administration",National Aeronautics and Space Administration,,"General Science, Space, and Technology","Space flight, research, and supporting activities",080-0120,"Science, National Aeronautics and Space Administration",0001,SCIENCE (DIRECT),25.5,Research and development contracts,D,Q,Not Designated Nonemergency/Emergency/Disaster/Wildfire Suppression,,337711.09,0.00,0.00,CONT_AWD_80NM0020F0035_8000_80NM0018D0004_8000,80NM0020F0035,80NM0018D0004,,,2020-03-23,2020,2025-11-25,2026,2020-03-23,2026-09-27,,C,DELIVERY ORDER,,,"VERITAS (VENUS EMISSIVITY, RADIO SCIENCE, INSAR, TOPOGRAPHY, AND SPECTROSCOPY) (41-108259)",080,NATIONAL AERONAUTICS AND SPACE ADMINISTRATION (NASA),8000,NATIONAL AERONAUTICS AND SPACE ADMINISTRATION,80NM00,NASA MANAGEMENT OFFICE -- JPL,080,NATIONAL AERONAUTICS AND SPACE ADMINISTRATION (NASA),8000,NATIONAL AERONAUTICS AND SPACE ADMINISTRATION,80NM00,NASA MANAGEMENT OFFICE -- JPL,YC1YP79BFD19,,CALIFORNIA INSTITUTE OF TECHNOLOGY,CALIFORNIA INSTITUTE OF TECHNOLOGY,YC1YP79BFD19,YC1YP79BFD19,CALIFORNIA INSTITUTE OF TECHNOLOGY,CALIFORNIA INSTITUTE OF TECHNOLOGY,USA,CA,LOS ANGELES,PASADENA,CA-28,CA-28,911098001,UNITED STATES,CALIFORNIA,LOS ANGELES,CA-28,CA-28,911098099,,,AR22,R&D- SPACE: SCIENCE/APPLICATIONS (APPLIED RESEARCH/EXPLORATORY DEVELOPMENT),541715,"RESEARCH AND DEVELOPMENT IN THE PHYSICAL, ENGINEERING, AND LIFE SCIENCES (EXCEPT NANOTECHNOLOGY AND BIOTECHNOLOGY)",,,https://www.usaspending.gov/award/CONT_AWD_80NM0020F0035_8000_80NM0018D0004_8000/,2025-07-31
National Aeronautics and Space Administration,National Aeronautics and Space Administration,FY2025P10,,080,2024,2025,,0120,000,080-2024/2025-0120-000,"Science, National Aeronautics and Space Administration",National Aeronautics and Space Administration,,"General Science, Space, and Technology","Space flight, research, and supporting activities",080-0120,"Science, National Aeronautics and Space Administration",0001,SCIENCE (DIRECT),25.5,Research and development contracts,D,Q,Not Designated Nonemergency/Emergency/Disaster/Wildfire Suppression,,4695502.00,0.00,0.00,CONT_AWD_80NM0020F0035_8000_80NM0018D0004_8000,80NM0020F0035,80NM0018D0004,,,2020-03-23,2020,2025-11-25,2026,2020-03-23,2026-09-27,,C,DELIVERY ORDER,,,"VERITAS (VENUS EMISSIVITY, RADIO SCIENCE, INSAR, TOPOGRAPHY, AND SPECTROSCOPY) (41-108259)",080,NATIONAL AERONAUTICS AND SPACE ADMINISTRATION (NASA),8000,NATIONAL AERONAUTICS AND SPACE ADMINISTRATION,80NM00,NASA MANAGEMENT OFFICE -- JPL,080,NATIONAL AERONAUTICS AND SPACE ADMINISTRATION (NASA),8000,NATIONAL AERONAUTICS AND SPACE ADMINISTRATION,80NM00,NASA MANAGEMENT OFFICE -- JPL,YC1YP79BFD19,,CALIFORNIA INSTITUTE OF TECHNOLOGY,CALIFORNIA INSTITUTE OF TECHNOLOGY,YC1YP79BFD19,YC1YP79BFD19,CALIFORNIA INSTITUTE OF TECHNOLOGY,CALIFORNIA INSTITUTE OF TECHNOLOGY,USA,CA,LOS ANGELES,PASADENA,CA-28,CA-28,911098001,UNITED STATES,CALIFORNIA,LOS ANGELES,CA-28,CA-28,911098099,,,AR22,R&D- SPACE: SCIENCE/APPLICATIONS (APPLIED RESEARCH/EXPLORATORY DEVELOPMENT),541715,"RESEARCH AND DEVELOPMENT IN THE PHYSICAL, ENGINEERING, AND LIFE SCIENCES (EXCEPT NANOTECHNOLOGY AND BIOTECHNOLOGY)",,,https://www.usaspending.gov/award/CONT_AWD_80NM0020F0035_8000_80NM0018D0004_8000/,2025-09-12
National Aeronautics and Space Administration,National Aeronautics and Space Administration,FY2025P10,,080,2025,2026,,0120,000,080-2025/2026-0120-000,"Science, National Aeronautics and Space Administration",National Aeronautics and Space Administration,,"General Science, Space, and Technology","Space flight, research, and supporting activities",080-0120,"Science, National Aeronautics and Space Administration",0001,SCIENCE (DIRECT),25.5,Research and development contracts,D,Q,Not Designated Nonemergency/Emergency/Disaster/Wildfire Suppression,,12767624.90,0.00,0.00,CONT_AWD_80NM0020F0035_8000_80NM0018D0004_8000,80NM0020F0035,80NM0018D0004,,,2020-03-23,2020,2025-11-25,2026,2020-03-23,2026-09-27,,C,DELIVERY ORDER,,,"VERITAS (VENUS EMISSIVITY, RADIO SCIENCE, INSAR, TOPOGRAPHY, AND SPECTROSCOPY) (41-108259)",080,NATIONAL AERONAUTICS AND SPACE ADMINISTRATION (NASA),8000,NATIONAL AERONAUTICS AND SPACE ADMINISTRATION,80NM00,NASA MANAGEMENT OFFICE -- JPL,080,NATIONAL AERONAUTICS AND SPACE ADMINISTRATION (NASA),8000,NATIONAL AERONAUTICS AND SPACE ADMINISTRATION,80NM00,NASA MANAGEMENT OFFICE -- JPL,YC1YP79BFD19,,CALIFORNIA INSTITUTE OF TECHNOLOGY,CALIFORNIA INSTITUTE OF TECHNOLOGY,YC1YP79BFD19,YC1YP79BFD19,CALIFORNIA INSTITUTE OF TECHNOLOGY,CALIFORNIA INSTITUTE OF TECHNOLOGY,USA,CA,LOS ANGELES,PASADENA,CA-28,CA-28,911098001,UNITED STATES,CALIFORNIA,LOS ANGELES,CA-28,CA-28,911098099,,,AR22,R&D- SPACE: SCIENCE/APPLICATIONS (APPLIED RESEARCH/EXPLORATORY DEVELOPMENT),541715,"RESEARCH AND DEVELOPMENT IN THE PHYSICAL, ENGINEERING, AND LIFE SCIENCES (EXCEPT NANOTECHNOLOGY AND BIOTECHNOLOGY)",,,https://www.usaspending.gov/award/CONT_AWD_80NM0020F0035_8000_80NM0018D0004_8000/,2025-09-12
National Aeronautics and Space Administration,National Aeronautics and Space Administration,FY2025P10,,080,2025,2026,,0120,000,080-2025/2026-0120-000,"Science, National Aeronautics and Space Administration",National Aeronautics and Space Administration,,"General Science, Space, and Technology","Space flight, research, and supporting activities",080-0120,"Science, National Aeronautics and Space Administration",0001,SCIENCE (DIRECT),25.5,Research and development contracts,D,Q,Not Designated Nonemergency/Emergency/Disaster/Wildfire Suppression,5082199.00,,,,CONT_AWD_80NM0020F0035_8000_80NM0018D0004_8000,80NM0020F0035,80NM0018D0004,,,2020-03-23,2020,2025-11-25,2026,2020-03-23,2026-09-27,,C,DELIVERY ORDER,,,"VERITAS (VENUS EMISSIVITY, RADIO SCIENCE, INSAR, TOPOGRAPHY, AND SPECTROSCOPY) (41-108259)",080,NATIONAL AERONAUTICS AND SPACE ADMINISTRATION (NASA),8000,NATIONAL AERONAUTICS AND SPACE ADMINISTRATION,80NM00,NASA MANAGEMENT OFFICE -- JPL,080,NATIONAL AERONAUTICS AND SPACE ADMINISTRATION (NASA),8000,NATIONAL AERONAUTICS AND SPACE ADMINISTRATION,80NM00,NASA MANAGEMENT OFFICE -- JPL,YC1YP79BFD19,,CALIFORNIA INSTITUTE OF TECHNOLOGY,CALIFORNIA INSTITUTE OF TECHNOLOGY,YC1YP79BFD19,YC1YP79BFD19,CALIFORNIA INSTITUTE OF TECHNOLOGY,CALIFORNIA INSTITUTE OF TECHNOLOGY,USA,CA,LOS ANGELES,PASADENA,CA-28,CA-28,911098001,UNITED STATES,CALIFORNIA,LOS ANGELES,CA-28,CA-28,911098099,,,AR22,R&D- SPACE: SCIENCE/APPLICATIONS (APPLIED RESEARCH/EXPLORATORY DEVELOPMENT),541715,"RESEARCH AND DEVELOPMENT IN THE PHYSICAL, ENGINEERING, AND LIFE SCIENCES (EXCEPT NANOTECHNOLOGY AND BIOTECHNOLOGY)",,,https://www.usaspending.gov/award/CONT_AWD_80NM0020F0035_8000_80NM0018D0004_8000/,2025-09-12
National Aeronautics and Space Administration,National Aeronautics and Space Administration,FY2025P10,,080,2023,2024,,0120,000,080-2023/2024-0120-000,"Science, National Aeronautics and Space Administration",National Aeronautics and Space Administration,,"General Science, Space, and Technology","Space flight, research, and supporting activities",080-0120,"Science, National Aeronautics and Space Administration",0001,SCIENCE (DIRECT),25.5,Research and development contracts,D,Q,Not Designated Nonemergency/Emergency/Disaster/Wildfire Suppression,,337711.09,0.00,0.00,CONT_AWD_80NM0020F0035_8000_80NM0018D0004_8000,80NM0020F0035,80NM0018D0004,,,2020-03-23,2020,2025-11-25,2026,2020-03-23,2026-09-27,,C,DELIVERY ORDER,,,"VERITAS (VENUS EMISSIVITY, RADIO SCIENCE, INSAR, TOPOGRAPHY, AND SPECTROSCOPY) (41-108259)",080,NATIONAL AERONAUTICS AND SPACE ADMINISTRATION (NASA),8000,NATIONAL AERONAUTICS AND SPACE ADMINISTRATION,80NM00,NASA MANAGEMENT OFFICE -- JPL,080,NATIONAL AERONAUTICS AND SPACE ADMINISTRATION (NASA),8000,NATIONAL AERONAUTICS AND SPACE ADMINISTRATION,80NM00,NASA MANAGEMENT OFFICE -- JPL,YC1YP79BFD19,,CALIFORNIA INSTITUTE OF TECHNOLOGY,CALIFORNIA INSTITUTE OF TECHNOLOGY,YC1YP79BFD19,YC1YP79BFD19,CALIFORNIA INSTITUTE OF TECHNOLOGY,CALIFORNIA INSTITUTE OF TECHNOLOGY,USA,CA,LOS ANGELES,PASADENA,CA-28,CA-28,911098001,UNITED STATES,CALIFORNIA,LOS ANGELES,CA-28,CA-28,911098099,,,AR22,R&D- SPACE: SCIENCE/APPLICATIONS (APPLIED RESEARCH/EXPLORATORY DEVELOPMENT),541715,"RESEARCH AND DEVELOPMENT IN THE PHYSICAL, ENGINEERING, AND LIFE SCIENCES (EXCEPT NANOTECHNOLOGY AND BIOTECHNOLOGY)",,,https://www.usaspending.gov/award/CONT_AWD_80NM0020F0035_8000_80NM0018D0004_8000/,2025-09-12
National Aeronautics and Space Administration,National Aeronautics and Space Administration,FY2025P11,,080,2025,2026,,0120,000,080-2025/2026-0120-000,"Science, National Aeronautics and Space Administration",National Aeronautics and Space Administration,,"General Science, Space, and Technology","Space flight, research, and supporting activities",080-0120,"Science, National Aeronautics and Space Administration",0001,SCIENCE (DIRECT),25.5,Research and development contracts,D,Q,Not Designated Nonemergency/Emergency/Disaster/Wildfire Suppression,,15725191.16,0.00,0.00,CONT_AWD_80NM0020F0035_8000_80NM0018D0004_8000,80NM0020F0035,80NM0018D0004,,,2020-03-23,2020,2025-11-25,2026,2020-03-23,2026-09-27,,C,DELIVERY ORDER,,,"VERITAS (VENUS EMISSIVITY, RADIO SCIENCE, INSAR, TOPOGRAPHY, AND SPECTROSCOPY) (41-108259)",080,NATIONAL AERONAUTICS AND SPACE ADMINISTRATION (NASA),8000,NATIONAL AERONAUTICS AND SPACE ADMINISTRATION,80NM00,NASA MANAGEMENT OFFICE -- JPL,080,NATIONAL AERONAUTICS AND SPACE ADMINISTRATION (NASA),8000,NATIONAL AERONAUTICS AND SPACE ADMINISTRATION,80NM00,NASA MANAGEMENT OFFICE -- JPL,YC1YP79BFD19,,CALIFORNIA INSTITUTE OF TECHNOLOGY,CALIFORNIA INSTITUTE OF TECHNOLOGY,YC1YP79BFD19,YC1YP79BFD19,CALIFORNIA INSTITUTE OF TECHNOLOGY,CALIFORNIA INSTITUTE OF TECHNOLOGY,USA,CA,LOS ANGELES,PASADENA,CA-28,CA-28,911098001,UNITED STATES,CALIFORNIA,LOS ANGELES,CA-28,CA-28,911098099,,,AR22,R&D- SPACE: SCIENCE/APPLICATIONS (APPLIED RESEARCH/EXPLORATORY DEVELOPMENT),541715,"RESEARCH AND DEVELOPMENT IN THE PHYSICAL, ENGINEERING, AND LIFE SCIENCES (EXCEPT NANOTECHNOLOGY AND BIOTECHNOLOGY)",,,https://www.usaspending.gov/award/CONT_AWD_80NM0020F0035_8000_80NM0018D0004_8000/,2025-09-29
National Aeronautics and Space Administration,National Aeronautics and Space Administration,FY2025P11,,080,2025,2026,,0120,000,080-2025/2026-0120-000,"Science, National Aeronautics and Space Administration",National Aeronautics and Space Administration,,"General Science, Space, and Technology","Space flight, research, and supporting activities",080-0120,"Science, National Aeronautics and Space Administration",0001,SCIENCE (DIRECT),25.5,Research and development contracts,D,Q,Not Designated Nonemergency/Emergency/Disaster/Wildfire Suppression,3626002.00,,,,CONT_AWD_80NM0020F0035_8000_80NM0018D0004_8000,80NM0020F0035,80NM0018D0004,,,2020-03-23,2020,2025-11-25,2026,2020-03-23,2026-09-27,,C,DELIVERY ORDER,,,"VERITAS (VENUS EMISSIVITY, RADIO SCIENCE, INSAR, TOPOGRAPHY, AND SPECTROSCOPY) (41-108259)",080,NATIONAL AERONAUTICS AND SPACE ADMINISTRATION (NASA),8000,NATIONAL AERONAUTICS AND SPACE ADMINISTRATION,80NM00,NASA MANAGEMENT OFFICE -- JPL,080,NATIONAL AERONAUTICS AND SPACE ADMINISTRATION (NASA),8000,NATIONAL AERONAUTICS AND SPACE ADMINISTRATION,80NM00,NASA MANAGEMENT OFFICE -- JPL,YC1YP79BFD19,,CALIFORNIA INSTITUTE OF TECHNOLOGY,CALIFORNIA INSTITUTE OF TECHNOLOGY,YC1YP79BFD19,YC1YP79BFD19,CALIFORNIA INSTITUTE OF TECHNOLOGY,CALIFORNIA INSTITUTE OF TECHNOLOGY,USA,CA,LOS ANGELES,PASADENA,CA-28,CA-28,911098001,UNITED STATES,CALIFORNIA,LOS ANGELES,CA-28,CA-28,911098099,,,AR22,R&D- SPACE: SCIENCE/APPLICATIONS (APPLIED RESEARCH/EXPLORATORY DEVELOPMENT),541715,"RESEARCH AND DEVELOPMENT IN THE PHYSICAL, ENGINEERING, AND LIFE SCIENCES (EXCEPT NANOTECHNOLOGY AND BIOTECHNOLOGY)",,,https://www.usaspending.gov/award/CONT_AWD_80NM0020F0035_8000_80NM0018D0004_8000/,2025-09-29
National Aeronautics and Space Administration,National Aeronautics and Space Administration,FY2025P11,,080,2024,2025,,0120,000,080-2024/2025-0120-000,"Science, National Aeronautics and Space Administration",National Aeronautics and Space Administration,,"General Science, Space, and Technology","Space flight, research, and supporting activities",080-0120,"Science, National Aeronautics and Space Administration",0001,SCIENCE (DIRECT),25.5,Research and development contracts,D,Q,Not Designated Nonemergency/Emergency/Disaster/Wildfire Suppression,,4695502.00,0.00,0.00,CONT_AWD_80NM0020F0035_8000_80NM0018D0004_8000,80NM0020F0035,80NM0018D0004,,,2020-03-23,2020,2025-11-25,2026,2020-03-23,2026-09-27,,C,DELIVERY ORDER,,,"VERITAS (VENUS EMISSIVITY, RADIO SCIENCE, INSAR, TOPOGRAPHY, AND SPECTROSCOPY) (41-108259)",080,NATIONAL AERONAUTICS AND SPACE ADMINISTRATION (NASA),8000,NATIONAL AERONAUTICS AND SPACE ADMINISTRATION,80NM00,NASA MANAGEMENT OFFICE -- JPL,080,NATIONAL AERONAUTICS AND SPACE ADMINISTRATION (NASA),8000,NATIONAL AERONAUTICS AND SPACE ADMINISTRATION,80NM00,NASA MANAGEMENT OFFICE -- JPL,YC1YP79BFD19,,CALIFORNIA INSTITUTE OF TECHNOLOGY,CALIFORNIA INSTITUTE OF TECHNOLOGY,YC1YP79BFD19,YC1YP79BFD19,CALIFORNIA INSTITUTE OF TECHNOLOGY,CALIFORNIA INSTITUTE OF TECHNOLOGY,USA,CA,LOS ANGELES,PASADENA,CA-28,CA-28,911098001,UNITED STATES,CALIFORNIA,LOS ANGELES,CA-28,CA-28,911098099,,,AR22,R&D- SPACE: SCIENCE/APPLICATIONS (APPLIED RESEARCH/EXPLORATORY DEVELOPMENT),541715,"RESEARCH AND DEVELOPMENT IN THE PHYSICAL, ENGINEERING, AND LIFE SCIENCES (EXCEPT NANOTECHNOLOGY AND BIOTECHNOLOGY)",,,https://www.usaspending.gov/award/CONT_AWD_80NM0020F0035_8000_80NM0018D0004_8000/,2025-09-29
National Aeronautics and Space Administration,National Aeronautics and Space Administration,FY2025P11,,080,2023,2024,,0120,000,080-2023/2024-0120-000,"Science, National Aeronautics and Space Administration",National Aeronautics and Space Administration,,"General Science, Space, and Technology","Space flight, research, and supporting activities",080-0120,"Science, National Aeronautics and Space Administration",0001,SCIENCE (DIRECT),25.5,Research and development contracts,D,Q,Not Designated Nonemergency/Emergency/Disaster/Wildfire Suppression,,337711.09,0.00,0.00,CONT_AWD_80NM0020F0035_8000_80NM0018D0004_8000,80NM0020F0035,80NM0018D0004,,,2020-03-23,2020,2025-11-25,2026,2020-03-23,2026-09-27,,C,DELIVERY ORDER,,,"VERITAS (VENUS EMISSIVITY, RADIO SCIENCE, INSAR, TOPOGRAPHY, AND SPECTROSCOPY) (41-108259)",080,NATIONAL AERONAUTICS AND SPACE ADMINISTRATION (NASA),8000,NATIONAL AERONAUTICS AND SPACE ADMINISTRATION,80NM00,NASA MANAGEMENT OFFICE -- JPL,080,NATIONAL AERONAUTICS AND SPACE ADMINISTRATION (NASA),8000,NATIONAL AERONAUTICS AND SPACE ADMINISTRATION,80NM00,NASA MANAGEMENT OFFICE -- JPL,YC1YP79BFD19,,CALIFORNIA INSTITUTE OF TECHNOLOGY,CALIFORNIA INSTITUTE OF TECHNOLOGY,YC1YP79BFD19,YC1YP79BFD19,CALIFORNIA INSTITUTE OF TECHNOLOGY,CALIFORNIA INSTITUTE OF TECHNOLOGY,USA,CA,LOS ANGELES,PASADENA,CA-28,CA-28,911098001,UNITED STATES,CALIFORNIA,LOS ANGELES,CA-28,CA-28,911098099,,,AR22,R&D- SPACE: SCIENCE/APPLICATIONS (APPLIED RESEARCH/EXPLORATORY DEVELOPMENT),541715,"RESEARCH AND DEVELOPMENT IN THE PHYSICAL, ENGINEERING, AND LIFE SCIENCES (EXCEPT NANOTECHNOLOGY AND BIOTECHNOLOGY)",,,https://www.usaspending.gov/award/CONT_AWD_80NM0020F0035_8000_80NM0018D0004_8000/,2025-09-29
National Aeronautics and Space Administration,National Aeronautics and Space Administration,FY2025P12,,080,2025,2026,,0120,000,080-2025/2026-0120-000,"Science, National Aeronautics and Space Administration",National Aeronautics and Space Administration,,"General Science, Space, and Technology","Space flight, research, and supporting activities",080-0120,"Science, National Aeronautics and Space Administration",0001,SCIENCE (DIRECT),25.5,Research and development contracts,D,Q,Not Designated Nonemergency/Emergency/Disaster/Wildfire Suppression,,18395161.50,0.00,0.00,CONT_AWD_80NM0020F0035_8000_80NM0018D0004_8000,80NM0020F0035,80NM0018D0004,,,2020-03-23,2020,2025-11-25,2026,2020-03-23,2026-09-27,,C,DELIVERY ORDER,,,"VERITAS (VENUS EMISSIVITY, RADIO SCIENCE, INSAR, TOPOGRAPHY, AND SPECTROSCOPY) (41-108259)",080,NATIONAL AERONAUTICS AND SPACE ADMINISTRATION (NASA),8000,NATIONAL AERONAUTICS AND SPACE ADMINISTRATION,80NM00,NASA MANAGEMENT OFFICE -- JPL,080,NATIONAL AERONAUTICS AND SPACE ADMINISTRATION (NASA),8000,NATIONAL AERONAUTICS AND SPACE ADMINISTRATION,80NM00,NASA MANAGEMENT OFFICE -- JPL,YC1YP79BFD19,,CALIFORNIA INSTITUTE OF TECHNOLOGY,CALIFORNIA INSTITUTE OF TECHNOLOGY,YC1YP79BFD19,YC1YP79BFD19,CALIFORNIA INSTITUTE OF TECHNOLOGY,CALIFORNIA INSTITUTE OF TECHNOLOGY,USA,CA,LOS ANGELES,PASADENA,CA-28,CA-28,911098001,UNITED STATES,CALIFORNIA,LOS ANGELES,CA-28,CA-28,911098099,,,AR22,R&D- SPACE: SCIENCE/APPLICATIONS (APPLIED RESEARCH/EXPLORATORY DEVELOPMENT),541715,"RESEARCH AND DEVELOPMENT IN THE PHYSICAL, ENGINEERING, AND LIFE SCIENCES (EXCEPT NANOTECHNOLOGY AND BIOTECHNOLOGY)",,,https://www.usaspending.gov/award/CONT_AWD_80NM0020F0035_8000_80NM0018D0004_8000/,2025-12-29
National Aeronautics and Space Administration,National Aeronautics and Space Administration,FY2025P12,,080,2024,2025,,0120,000,080-2024/2025-0120-000,"Science, National Aeronautics and Space Administration",National Aeronautics and Space Administration,,"General Science, Space, and Technology","Space flight, research, and supporting activities",080-0120,"Science, National Aeronautics and Space Administration",0001,SCIENCE (DIRECT),25.5,Research and development contracts,D,Q,Not Designated Nonemergency/Emergency/Disaster/Wildfire Suppression,,4695502.00,0.00,0.00,CONT_AWD_80NM0020F0035_8000_80NM0018D0004_8000,80NM0020F0035,80NM0018D0004,,,2020-03-23,2020,2025-11-25,2026,2020-03-23,2026-09-27,,C,DELIVERY ORDER,,,"VERITAS (VENUS EMISSIVITY, RADIO SCIENCE, INSAR, TOPOGRAPHY, AND SPECTROSCOPY) (41-108259)",080,NATIONAL AERONAUTICS AND SPACE ADMINISTRATION (NASA),8000,NATIONAL AERONAUTICS AND SPACE ADMINISTRATION,80NM00,NASA MANAGEMENT OFFICE -- JPL,080,NATIONAL AERONAUTICS AND SPACE ADMINISTRATION (NASA),8000,NATIONAL AERONAUTICS AND SPACE ADMINISTRATION,80NM00,NASA MANAGEMENT OFFICE -- JPL,YC1YP79BFD19,,CALIFORNIA INSTITUTE OF TECHNOLOGY,CALIFORNIA INSTITUTE OF TECHNOLOGY,YC1YP79BFD19,YC1YP79BFD19,CALIFORNIA INSTITUTE OF TECHNOLOGY,CALIFORNIA INSTITUTE OF TECHNOLOGY,USA,CA,LOS ANGELES,PASADENA,CA-28,CA-28,911098001,UNITED STATES,CALIFORNIA,LOS ANGELES,CA-28,CA-28,911098099,,,AR22,R&D- SPACE: SCIENCE/APPLICATIONS (APPLIED RESEARCH/EXPLORATORY DEVELOPMENT),541715,"RESEARCH AND DEVELOPMENT IN THE PHYSICAL, ENGINEERING, AND LIFE SCIENCES (EXCEPT NANOTECHNOLOGY AND BIOTECHNOLOGY)",,,https://www.usaspending.gov/award/CONT_AWD_80NM0020F0035_8000_80NM0018D0004_8000/,2025-12-29
National Aeronautics and Space Administration,National Aeronautics and Space Administration,FY2025P12,,080,2023,2024,,0120,000,080-2023/2024-0120-000,"Science, National Aeronautics and Space Administration",National Aeronautics and Space Administration,,"General Science, Space, and Technology","Space flight, research, and supporting activities",080-0120,"Science, National Aeronautics and Space Administration",0001,SCIENCE (DIRECT),25.5,Research and development contracts,D,Q,Not Designated Nonemergency/Emergency/Disaster/Wildfire Suppression,,337711.09,0.00,0.00,CONT_AWD_80NM0020F0035_8000_80NM0018D0004_8000,80NM0020F0035,80NM0018D0004,,,2020-03-23,2020,2025-11-25,2026,2020-03-23,2026-09-27,,C,DELIVERY ORDER,,,"VERITAS (VENUS EMISSIVITY, RADIO SCIENCE, INSAR, TOPOGRAPHY, AND SPECTROSCOPY) (41-108259)",080,NATIONAL AERONAUTICS AND SPACE ADMINISTRATION (NASA),8000,NATIONAL AERONAUTICS AND SPACE ADMINISTRATION,80NM00,NASA MANAGEMENT OFFICE -- JPL,080,NATIONAL AERONAUTICS AND SPACE ADMINISTRATION (NASA),8000,NATIONAL AERONAUTICS AND SPACE ADMINISTRATION,80NM00,NASA MANAGEMENT OFFICE -- JPL,YC1YP79BFD19,,CALIFORNIA INSTITUTE OF TECHNOLOGY,CALIFORNIA INSTITUTE OF TECHNOLOGY,YC1YP79BFD19,YC1YP79BFD19,CALIFORNIA INSTITUTE OF TECHNOLOGY,CALIFORNIA INSTITUTE OF TECHNOLOGY,USA,CA,LOS ANGELES,PASADENA,CA-28,CA-28,911098001,UNITED STATES,CALIFORNIA,LOS ANGELES,CA-28,CA-28,911098099,,,AR22,R&D- SPACE: SCIENCE/APPLICATIONS (APPLIED RESEARCH/EXPLORATORY DEVELOPMENT),541715,"RESEARCH AND DEVELOPMENT IN THE PHYSICAL, ENGINEERING, AND LIFE SCIENCES (EXCEPT NANOTECHNOLOGY AND BIOTECHNOLOGY)",,,https://www.usaspending.gov/award/CONT_AWD_80NM0020F0035_8000_80NM0018D0004_8000/,2025-12-29
