Division,Full Name,Short Title,image_url,url,Mission Type,# of spacecraft,Program,LCC (M$),Formulation Start Date,Implementation Start Date,Mission Launch Date,Prime Mission Start Date,Prime Mission End Date,Mission End Date,Mission Status,Mission Target,Mission Objective,Scientific Instruments,Nation,Launch Vehicle,Mass (kg),"Dry Mass (total, kg)","Launch Mass (total, kg)",COSPAR ID,Wikipedia URL,Refereed Articles List
Planetary Science,Able 1,Pioneer 0,,https://science.nasa.gov/mission/pioneer-0-able1/,Orbiter,1,,,,,1958-08-17,,,1958-08-17,Failure,Moon,Orbit Earth's Moon,1. Magnetometer 2. Micrometeoroid Detector 3. Two Temperature Sensors 4. TV Camera,United States,,,,38.5,,,
Planetary Science,Able 2,Pioneer 1,,https://science.nasa.gov/mission/pioneer-1-able-2/,Orbiter,1,,,,,1958-10-11,,,1958-10-12,Failure,Moon,Study the Moon,1. Ion Chamber 2. Magnetometer 3. Micrometeoroid Detector 4. TV Camera 5. Two Temperature Sensors,United States,Thor-Able,34.2,,38.3,1958-007A,,
Planetary Science,Pioneer 2,Pioneer 2,,https://science.nasa.gov/mission/pioneer-2/,Orbiter,1,,,,,1958-11-08,,,1958-11-08,Failure,Moon,Orbit Earth's Moon,Ionization Chamber Magnetometer Temperature Sensors Micrometeoroid Sensor Proportional Counter Telescope TV system,United States,Thor-Able,39.2,,39.6,PION2,,
Planetary Science,Able 4B,Pioneer P-3,,https://science.nasa.gov/mission/pioneer-p-3-able-4b/,Orbiter,1,,,,,1958-12-06,,,1959-11-26,Completed,Moon,Orbit the Moon,1. High-Energy Radiation Counter 2. Ionization Chamber 3. Geiger-Mueller Tube 4. Low-Energy Radiation Counter 5. Two Magnetometers 6. P hoto-Scanning Device 7. Micrometeoroid Detector 8. Aspect Indicator 9. Radio Receiver (to detect natural radio waves) 10. Transponder (to measure electron densities),United States,Juno 2 (Juno II),5.9,,168.7,1958-008A,,
Planetary Science,Pioneer 3,Pioneer 3,,https://science.nasa.gov/mission/pioneer-3/,Flyby,1,,,,,1958-12-06,,,1958-12-07,Failure,Moon,Fly by Earth's Moon,Photoelectric Sensor Trigger Two Geiger-Mueller Counters,United States,Juno 2 (Juno II),5.9,,5.87,1958-008A,,
Planetary Science,Pioneer 4,Pioneer 4,,https://science.nasa.gov/mission/pioneer-4/,Flyby,1,,,,,1959-03-03,,,1959-03-05,Failure,Moon,Fly by Earth's Moon,Photoelectric Sensor Trigger Two Geiger-Mueller Counters,United States,Juno 2 (Juno II),6.1,,6.08,1959-013A,,
Planetary Science,Pioneer 5,Pioneer 5,,https://science.nasa.gov/mission/pioneer-5/,Orbiter,1,,,,,1960-03-11,,,1960-06-26,Completed,Deep Space,Demonstrate deep space technologies,"1. Magnetometer 2. I onization C hamber 3, Geiger-Mueller T ube 4. Micrometeoroid M omentum S pectrometer 5. Photoelectric C ell A spect I ndicator 6. Proportional C ounter T elescope",United States,Thor-Able,43.0,,43.2,1960-001A,,
Planetary Science,Able 5A,Pioneer P-30,,https://science.nasa.gov/mission/pioneer-p-30-able-5a/,Orbiter,1,,,,,1960-09-25,,,1960-09-25,Failure,Moon,Orbit the Moon,1. High-Energy Radiation Counter 2. Ionization Chamber 3. Geiger-Mueller Tube 4. Low-Energy Radiation Counter 5. Two Magnetometers 6. S cintillation Spectrometer 7. Micrometeoroid Detector 8. P lasma Probe 9. Sun Scanner,United States,Atlas-Able,175.5,,175.5,PIONY,,
Planetary Science,Able 5B,Pioneer P-31,,https://science.nasa.gov/mission/pioneer-p-31-able-5b/,Orbiter,1,,,,,1960-12-15,,,1960-12-15,Failure,Moon,Orbit the Moon,Micrometeoroid Detector High-Energy Radiation Counter Ionization Chamber Geiger-Mueller Tube Low-Energy Radiation Counter Flux-Gate Magnetometer and a Spinsearch Coil Magnetometer Sun Scanner Plasma Probe Scintillation Spectrometer Solid State Detector,United States,Atlas-Able,175.0,,176,PIONZ,,
Planetary Science,Ranger 1,Ranger 1,,https://science.nasa.gov/mission/ranger-1/,Orbiter,1,,,,,1961-08-23,,,1961-08-30,Completed,Highly Elliptical Earth Orbit,Test new technologies,1. Electrostatic Analyzer 2. Photoconductive Particle Detectors 3. Rubidium Vapor Magnetometer 4. Triple Coincidence Cosmic-Ray Telescope 5. Cosmic Ray Integrating Ionization Chamber 6. X-Ray Scintillation Detectors 7. Micrometeoroid Dust Particle Detectors 8. Lyman Alpha Scanning Telescope,United States,Atlas-Agena B,306.2,,306.18,1961-021A,,
Planetary Science,Ranger 2,Ranger 2,,https://science.nasa.gov/mission/ranger-2/,Orbiter,1,,,,,1961-11-18,,,1961-11-20,Failure,Highly Elliptical Earth Orbit,Test new technologies,1. Electrostatic Analyzer for Solar Plasma 2. Photoconductive Particle Detectors 3. Rubidium Vapor Magnetometer 4. Triple Coincidence Cosmic Ray Telescope 5. Cosmic Ray Integrating Ionization Chamber 6. X-ray Scintillation Detectors 7. Micrometeoroid Dust Particle Detectors 8. Lyman Alpha Scanning Telescope,United States,Atlas-Agena B,304.0,,306.18,1961-032A,,
Planetary Science,Ranger 3,Ranger 3,,https://science.nasa.gov/mission/ranger-3/,Impactor,1,,,,,1962-01-26,,,1962-01-28,Failure,Moon,Impact the Moon,1. Vidicon TV Camera 2. Gamma Ray spectrometer 3. Radar Altimeter 4. Single-Axis Seismometer,United States,Atlas-Agena B,329.8,,330,1962-001A,,
Planetary Science,Ranger 4,Ranger 4,,https://science.nasa.gov/mission/ranger-4/,Impactor,1,,,,,1962-04-23,,,1962-04-26,Failure,Moon,Impact the Moon,1. Vidicon TV Camera 2. Gamma-Ray Spectrometer 3. Radar Altimeter 4. Single-Axis Seismometer,United States,Atlas-Agena B,331.1,,331.12,1962-012A,,
Planetary Science,Mariner 1,Mariner 1,,https://science.nasa.gov/mission/mariner-1/,Flyby,1,,,,,1962-07-22,,,1962-07-22,Failure,Venus,,1. Microwave Radiometer 2. Infrared Radiometer 3. Fluxgate Magnetometer 4. Cosmic Dust Detector 5. Solar Plasma Spectrometer 6. Energetic Particle Detectors 7. Ionization Chamber,United States,Atlas-Agena B,202.8,,202.8,MARIN1,,
Planetary Science,Mariner 2,Mariner 2,,https://science.nasa.gov/mission/mariner-2/,Flyby,1,,,,,1962-08-27,,,1963-01-03,Completed,Venus,,1. Microwave Radiometer 2. Infrared Radiometer 3. Fluxgate Magnetometer 4. Cosmic Dust Detector 5. Solar Plasma Spectrometer 6. Energetic Particle Detectors 7. Ionization Chamber,United States,Atlas-Agena B,202.8,,203.6,1962-041A,,
Planetary Science,Ranger 5,Ranger 5,,https://science.nasa.gov/mission/ranger-5/,Impactor,1,,,,,1962-10-18,,,1962-10-21,Failure,Moon,Impact the Moon,1. Imaging System 2. Gamma-Ray Spectrometer 3. Single-Axis Seismometer 4. Surface-Scanning Pulse Radio Experiment,United States,Atlas-Agena B,342.5,,342.46,1962-055A,,
Planetary Science,Ranger 6,Ranger 6,,https://science.nasa.gov/mission/ranger-6/,Impactor,1,,,,,1964-01-30,,,1964-02-02,Failure,Moon,Impact the Moon,1. Imaging System (Six TV Cameras),United States,Atlas-Agena B,381.0,,364.69,1964-007A,,
Planetary Science,Ranger 7,Ranger 7,,https://science.nasa.gov/mission/ranger-7/,Impactor,1,,,,,1964-07-28,,,1964-07-31,Failure,Moon,Photograph and then impact the Moon,,United States,Atlas-Agena B,365.7,,365.6,1964-041A,,
Earth Science,Nimbus Program (Nimbus 1-7),Nimbus,,https://science.nasa.gov/mission/nimbus/,Orbiter,1,,,,,1964-08-08,,,1905-06-16,Failure,Earth,Improve weather observations and predictions,,United States,,,,,,,
Planetary Science,Mariner 3,Mariner 3,,https://science.nasa.gov/mission/mariner-3/,Flyby,1,,,,,1964-11-05,,,1964-11-05,Failure,Mars,,1. Imaging System 2. Cosmic Dust Detector 3. Cosmic Ray Telescope 4. Ionization Chamber 5. Helium Magnetometer 6. Trapped Radiation Detector 7. Solar Plasma Probe,United States,Atlas-Agena D,260.8,,260.8,1964-073A,,
Planetary Science,Mariner 4,Mariner 4,,https://science.nasa.gov/mission/mariner-4/,Flyby,1,,,,,1964-11-28,,,1967-12-21,Completed,Mars,,1. Imaging System 2. Cosmic Dust Detector 3. Cosmic Ray Telescope 4. Ionization Chamber 5. Helium Magnetometer 6. Trapped Radiation Detector 7. Solar Plasma Probe,United States,Atlas-Agena D,260.7,,260.8,1964-077A,,
Planetary Science,Ranger 8,Ranger 8,,https://science.nasa.gov/mission/ranger-8/,Impactor,1,,,,,1965-02-17,,,1965-02-20,Failure,Moon,Photograph and then impact the Moon,1. Imaging System (Six TV Cameras),United States,Atlas-Agena B,367.0,,366.87,1965-010A,,
Planetary Science,Surveyor Model SD-1,Surveyor Model SD-1,,https://science.nasa.gov/mission/surveyor-model-sd-1/,Tech Demo,1,,,,,1965-03-02,,,1965-03-02,Failure,Earth orbit,Rehearse an Atlas Centaur 5 upper stage burn,,United States,Atlas Centaur (AC-5 / Atlas C no. 156D / Centaur C),,,951,,,
Planetary Science,Ranger 9,Ranger 9,,https://science.nasa.gov/mission/ranger-9/,Impactor,1,,,,,1965-03-21,,,1965-03-24,Failure,Moon,Photograph and then impact the Moon,1. Imaging System (Six TV Cameras),United States,Atlas-Agena B,367.0,,366.87,1965-023A,,
Planetary Science,Surveyor Model 1,Surveyor Test Article-1,,https://science.nasa.gov/mission/surveyor-model-1/,Tech Demo,1,,,,,1965-08-11,,,1965-09-11,Completed,Earth orbit,Launch a test Surveyor spacecraft into orbit,,United States,Atlas-Centaur,952.6,,950,1965-064A,,
Planetary Science,Pioneer 6,Pioneer A,,https://science.nasa.gov/mission/pioneer-6/,Orbiter,1,,,,,1965-12-16,,,1995-12-01,Completed,Sun-Earth Interaction,Study interplanetary phenomena,1. Single-Axis Fluxgate Magnetometer 2. Plasma Faraday Cup 3. Electrostatic Analyzer 4. Cosmic Ray Telescope 5. Cosmic Ray Anisotropy Detector 6. Two-Frequency Beacon Receiver,United States,Thrust Augmented Delta (Thor Delta E no. 35 / Thor no. 460/DSV-3E),,,62.14,,,
Earth Science,Environmental Science Services Administration Satellite Program,ESSA,,https://science.nasa.gov/mission/essa/,Orbiter,1,,,,,1966-02-03,,,1972-11-15,Completed,Earth,Cloud cover photography for the American National Meteorological Center,,United States,,,,,,,
Planetary Science,Surveyor Model ,Surveyor Test Article-2,,https://science.nasa.gov/mission/surveyor-model-2/,Tech Demo,1,,,,,1966-04-08,,,1966-04-08,Failure,Earth orbit,Test to launch a dummy Surveyor lunar lander,,United States,Atlas Centaur (AC-8 / Atlas no. 184D / Centaur D),,,951,,,
Planetary Science,Surveyor 1,Surveyor 1,,https://science.nasa.gov/mission/surveyor-1/,Lander,1,,,,,1966-05-30,,,1967-01-07,Completed,Moon,Make a soft landing on the Moon,1. TV Camera,United States,Atlas-Centaur,294.3,,995.2,1966-045A,,
Planetary Science,Explorer 33,AIMP-D,,https://science.nasa.gov/mission/explorer-33/,Orbiter,1,,,,,1966-07-01,,,1971-09-21,Completed,Moon,Orbit Earth's Moon,1. Ionizing Radiation Experiment 2. Three-Grid Faraday Cup / Thermal Ion Experiment 3. Three GM Tubes and a PN Junction Semiconductor / Energetic Particle Experiment 4. Plasma Probe Experiment 5. Magnetometer (from Ames) 6. Magnetometer (from GSFC) 7. Solar Cell Damage Experiment,United States,Delta,93.4,,93.4,1966-058A,,
Planetary Science,Lunar Orbiter 1,Lunar Orbiter 1,,https://science.nasa.gov/mission/lunar-orbiter-1/,Orbiter,1,,,,,1966-08-10,,,1966-10-29,Completed,Moon,Photograph potential Apollo landing sites,Imaging System Micrometeoroid Detectors Radiation Dosimeters,United States,Atlas-Agena D,385.6,,386.9,1966-073A,,
Planetary Science,Pioneer 7,Pioneer B,,https://science.nasa.gov/mission/pioneer-7/,Orbiter,1,,,,,1966-08-17,,,1995-03-31,Completed,Sun-Earth Interaction,"Study Earth’s magnetic tail, approach Halley's comet",1. Single-Axis Fluxgate Magnetometer 2. Plasma Faraday Cup 3. Electrostatic Analyzer 4. Cosmic Ray Telescope 5. Cosmic Ray Anisotropy Detector 6. Two-Frequency Beacon Receiver,United States,Delta,138.0,,62.75,1966-075A,,
Planetary Science,Surveyor 2,Surveyor 2,,https://science.nasa.gov/mission/surveyor-2/,Lander,1,,,,,1966-09-20,,,1966-09-22,Failure,Moon,Make a soft landing on the Moon,Imaging System,United States,Atlas-Centaur,292.0,,995.2,1966-084A,,
Planetary Science,Lunar Orbiter 2,Lunar Orbiter 2,,https://science.nasa.gov/mission/lunar-orbiter-2/,Orbiter,1,,,,,1966-11-06,,,1967-10-11,Completed,Moon,Photograph potential Apollo landing sites,1. Imaging System 2. Micrometeoroid Detectors 3. Radiation Dosimeters,United States,Atlas-Agena D,385.6,,385.6,1966-100A,,
Planetary Science,Lunar Orbiter 3,Lunar Orbiter 3,,https://science.nasa.gov/mission/lunar-orbiter-3/,Orbiter,1,,,,,1967-02-05,,,1967-10-09,Completed,Moon,Photograph potential Apollo landing sites,1. Imaging System 2. Micrometeoroid Detectors 3. Radiation Dosimeters,United States,Atlas-Agena D,385.6,,385.6,1967-008A,,
Planetary Science,Surveyor 3,Surveyor 3,,https://science.nasa.gov/mission/surveyor-3/,Lander,1,,,,,1967-04-17,,,1967-05-03,Completed,Moon,Make a soft landing on the Moon,1. TV Camera 2. Surface Sampler,United States,Atlas-Centaur,296.0,,997.9,1967-035A,,
Planetary Science,Lunar Orbiter 4,Lunar Orbiter 4,,https://science.nasa.gov/mission/lunar-orbiter-4/,Orbiter,1,,,,,1967-05-04,,,1967-10-31,Completed,Moon,Photograph the Moon,1. Imaging System 2. Micrometeoroid Detectors 3. Radiation Dosimeters,United States,Atlas-Agena D,385.6,,385.6,1967-041A,,
Planetary Science,Mariner 5,Mariner 5,,https://science.nasa.gov/mission/mariner-5/,Flyby,1,,,,,1967-06-14,,,1967-11-01,Completed,Venus,,1.Ultraviolet Photometer 2. S-band Occultation Experiment 3. Dual Frequency Occultation Experiment 4. Solar Plasma Probe 5 Magnetometer 6. Trapped Radiation Detector 7. Celestial Mechanics Experiment,United States,Atlas-Agena D,244.9,,244.9,1967-060A,,
Planetary Science,Surveyor 4,Surveyor 4,,https://science.nasa.gov/mission/surveyor-4/,Lander,1,,,,,1967-07-14,,,1967-07-17,Failure,Moon,Make a soft landing on the Moon,1. TV Camera 2. Surface Sampler,United States,Atlas-Centaur,283.0,,1037.4,1967-068A,,
Planetary Science,Explorer 35,AIMP-E,,https://science.nasa.gov/mission/explorer-35/,Orbiter,1,,,,,1967-07-19,,,1973-06-24,Completed,Moon,Orbit and study Earth's Moon,1. Magnetometers 2. Thermal Ion Detector 3. Ion Chambers and Geiger Tubes 4. Geiger Tubes and P-on-N Junction 5. Micrometeoroid Detector 6. Faraday Cup,United States,Thrust Augmented Delta,93.5,,104.3,1967-070A,,
Planetary Science,Lunar Orbiter 5,Lunar Orbiter 5,,https://science.nasa.gov/mission/lunar-orbiter-5/,Orbiter,1,,,,,1967-08-01,,,1968-01-31,Completed,Moon,Photograph the Moon,1. Imaging System 2. Micrometeoroid Detectors 3. Radiation Dosimeters,United States,Atlas-Agena D,385.6,,385.6,1967-075A,,
Planetary Science,Surveyor 5,Surveyor 5,,https://science.nasa.gov/mission/surveyor-5/,Lander,1,,,,,1967-09-08,,,1967-12-17,Completed,Moon,Do a soil analysis on the Moon,1. TV Camera 2. Alpha-Scattering Instrument 3. Footpad Magnet,United States,Atlas-Centaur,303.0,,1006,1967-084A,,
Planetary Science,Surveyor 6,Surveyor 6,,https://science.nasa.gov/mission/surveyor-6/,Lander,1,,,,,1967-11-07,,,1967-11-24,Completed,Moon,Make a soft landing on the Moon,1. TV Camera 2. Alpha-Scattering Instrument 3. Footpad Magnets,United States,Atlas-Centaur,299.6,,1008.3,1967-112A,,
Planetary Science,Pioneer 8,Pioneer C,,https://science.nasa.gov/mission/pioneer-8/,Orbiter,1,,,,,1967-12-13,,,1996-08-22,Completed,Sun-Earth Interaction,Study interplanetary space,1. Single-Axis Fluxgate Magnetometer 2. Plasma Analyzer 3. Cosmic Ray Telescope 4. Radio-Wave Propagation Experiment 5. Cosmic Ray Gradient Detector 6. Electric Field Detector 7. Cosmic Dust detector 8. Celestial Mechanics Experiment,United States,Delta,146.0,,65.36,1967-123A,,
Planetary Science,Surveyor 7,Surveyor 7,,https://science.nasa.gov/mission/surveyor-7/,Lander,1,,,,,1968-01-07,,,1968-02-21,Completed,Moon,Study the Moon,1. TV Camera 2. Alpha-Scattering Instrument 3. Surface Sampler 4. Footpad Magnets 5. Stereoscopic and Dust Detection Mirrors,United States,Atlas-Centaur,305.7,,1040.1,1968-001A,,
Planetary Science,Pioneer 9,Pioneer 9,,https://science.nasa.gov/mission/pioneer-9/,Orbiter,1,,,,,1968-11-08,,,1987-03-03,Completed,Sun-Earth Interaction,Study interplanetary space,1. Triaxial Fluxgate Magnetometer 2. Plasma Analyzer 3. Cosmic Ray-Anesotropy Detector 4. Cosmic Ray Gradient Detector 5. Radio Wave Propagation Experiment 6. Electric Field Detector 7. Cosmic Dust Detector 8. Celestial Mechanics Experiment,United States,Delta,147.0,,65.36,1968-100A,,
Astrophysics,Orbiting Astronomical Observatory 2 (Stargazer),OAO 2,,https://nssdc.gsfc.nasa.gov/nmc/spacecraft/display.action?id=1972-001A,Pointed Observatory,1,,,,,1968-12-07,,,1973-02-01,Completed,Universe,Study X-ray sources,X-ray telescope,United States,Atlas-Centaur,"2,150.0",,,1968-110A,,
Planetary Science,Mariner 6,Mariner 6,,https://science.nasa.gov/mission/mariner-6/,Flyby,1,,,,,1969-02-25,,,1969-08-01,Completed,Mars,,1. Imaging System (Two TV cameras) 2. Infrared Spectrometer 3. Ultraviolet Spectrometer 4. Infrared Radiometer 5. Celestial Mechanics Experiment 6. S-Band Occultation Experiment 7. Conical Radiometer,United States,Atlas-Centaur,411.8,,381,1969-014A,,
Planetary Science,Mariner 7,Mariner 7,,https://science.nasa.gov/mission/mariner-7/,Flyby,1,,,,,1969-03-27,,,1969-08-01,Completed,Mars,Mars Flyby,1. Imaging System (Two TV cameras) 2. Infrared Spectrometer 3. Ultraviolet Spectrometer 4. Infrared Radiometer 5. Celestial Mechanics Experiment 6. S-Band Occultation Experiment 7. Conical Radiometer,United States,Atlas-Centaur,411.8,,381,1969-030A,,
Planetary Science,Pioneer-E,Pioneer-E,,https://science.nasa.gov/mission/pioneer-e/,Orbiter,1,,,,,1969-08-27,,,1969-08-27,Failure,Solar System,Study interplanetary space,1. Three-Axis Magnetometer 2. Cosmic Ray Telescope 3. Radio Propagation Detector 4. Electric Field Detector 5. Quadrispherical Plasma Analyzer 6. Cosmic Ray Anisotropy Detector 7. Cosmic Dust Detector 8. Celestial Mechanics Experiment,United States,Delta,148.0,,65.4,PIONE,,
Earth Science,Aquarius/SAC-D,Aquarius,,https://science.nasa.gov/mission/aquarius/,Orbiter,1,,,,,1970-04-11,,,2015-06-08,Completed,Earth,Observe sea surface salinity,,United States,Saturn 5,"15,196.0",,,1970-029C,,
Planetary Science,Mariner 8,Mariner 8,,https://science.nasa.gov/mission/mariner-8/,Orbiter,1,,,,,1971-05-09,,,1971-05-09,Failure,Mars,Orbit Mars,1. Imaging System 2. Ultraviolet Spectrometer 3. Infrared Spectrometer 4. Infrared Radiometer,United States,Atlas-Centaur,558.8,,997.9,MARINH,,
Planetary Science,Mariner 9,Mariner 9,,https://science.nasa.gov/mission/mariner-9/,Orbiter,1,,,,,1971-05-30,,,1972-10-27,Completed,Mars,,1. Imaging System 2. Ultraviolet Spectrometer 3. Infrared Spectrometer 4. Infrared Radiometer,United States,Atlas-Centaur,558.8,,997.9,1971-051A,,
Planetary Science,Pioneer 10,Pioneer 10,,https://science.nasa.gov/mission/pioneer-10/,Flyby,1,,,,,1972-03-03,,,2003-01-23,Completed,Jupiter,Jupiter Flyby,Imaging Photopolarimeter Helium Vector Magnetometer (HVM) Infrared Adiometer Quadrispherical Plasma Analyzer Ultraviolet Photometer Charged Particle Instrument (CPI) Cosmic Ray Telescope (CRT) Geiger Tube Telescope (GTT) Sisyphus Asteroid/Meteoroid Detector (AMD) Meteoroid Detectors Trapped Radiation Detector (TRD),United States,Atlas-Centaur,258.0,,258,1972-012A,,
Astrophysics,Orbiting Astronomical Observatory 3 (Copernicus),OAO 3,,https://nssdc.gsfc.nasa.gov/nmc/spacecraft/display.action?id=1975-001A,Pointed Observatory,1,,,,,1972-08-21,,,1981-02-01,Completed,X-ray astronomy,Study X-ray sources,X-ray telescope,United States,Atlas-Centaur,"2,150.0",,,1972-065A,,
Planetary Science,Pioneer 11,Pioneer 11,,https://science.nasa.gov/mission/pioneer-11/,Flyby,1,,,,,1973-04-06,,,1995-11-24,Completed,Jupiter and Saturn,"Jupiter Flyby, Saturn Flyby",1. Imaging Photopolarimeter 2. Helium Vector Magnetometer (HVM) 3. Infrared Radiometer 4. Quadrispherical Plasma Analyzer 5. Ultraviolet Photometer 6. Charged Particle Instrument (CPI) 7. Cosmic Ray Telescope (CRT) 8. Geiger Tube Telescope (GTT) 9. Sisyphus Asteroid/Meteoroid Detector (AMD) 10. Meteoroid Detectors 11. Trapped Radiation Detector (TRD) 12. Triaxial Fluxgate Magnetometer,United States,Atlas-Centaur,259.0,,258.5,1973-019A,,
Planetary Science,"Explorer 49 (Radio Astronomy Explorer-B, RAE-B)",Explorer 49,,https://science.nasa.gov/mission/explorer-49/,Orbiter,1,,,,,1973-06-10,,,1977-08-01,Completed,Moon,Study low-frequency radio emissions,1. Galactic Studies Experiment 2. Sporadic Low-Frequency Solar Radio Bursts Experiment 3. Sporadic Jovian Bursts Experiment 4. Radio Emission From Terrestrial Magnetosphere Experiment 5. Cosmic Source Observation Experiment,United States,Delta,328.0,,330.2,1973-039A,,
Heliophysics,Interplanetary Monitoring Platform 8 (Explorer 50),IMP-8,,https://science.nasa.gov/mission/imp-8/,In-Situ Probe,1,,,,,1973-10-26,,,2006-10-28,Completed,Space Environment,Study the boundary between Earth’s magnetic environment and interplanetary space,,United States,Delta,371.0,,,1973-078A,,
Planetary Science,Mariner 10,Mariner 10,,https://science.nasa.gov/mission/mariner-10/,Flyby,1,,,,,1973-11-03,,,1975-03-24,Completed,"Mercury, Venus",,1. Two Telescopes/Cameras 2. Infrared Radiometer 3. Ultraviolet Airglow Spectrometer 4. Ultraviolet Occultation Spectrometer 5. Magnetometer 6. Charged Particle Telescope 7. Plasma Analyzer,United States,Atlas-Centaur,473.9,,502.9,1973-085A,,
Heliophysics,Helios 1 (Helios-A),Helios 1,,https://science.nasa.gov/mission/helios-1/,In-Situ Probe,1,,,,,1974-12-10,,,1986-01-01,Completed,Sun-Earth Interaction,Study solar processes,,United States,Titan IIIE-Centaur,371.2,,370,1974-097A,,
Planetary Science,Viking 1,Viking 1,,https://science.nasa.gov/mission/viking-1/,Lander,1,,,,,1975-08-20,,,1982-11-11,Completed,Mars,,"Orbiter s 1. Imaging System (2 Vidicon Cameras) (VIS) 2. infrared Spectrometer for Water Vapor Mapping (MAWD) 3. Infrared Radiometer for Thermal Mapping (IRTM) Lander s 1. Imaging System (2 facsimile cameras) 2. Gas Chromatograph Mass Spectrometer (GCMS) 3. Seismometer 4. X-Ray Fluorescence Spectrometer 5. Biological Laboratory 6. Weather Instrument Package (Temperature, Pressure, Wind Velocity) 7. Remote Sampler Arm Aeroshell s 1. Retarding Potential Analyzer 2. Upper-Atmosphere Mass Spectrometer 3. Pressure, Temperature, and Density Sensors",United States,Titan IIIE-Centaur,883.0,,3527,1975-075A,,
Planetary Science,Viking 2,Viking 2,,https://science.nasa.gov/mission/viking-2/,Lander,1,,,,,1975-09-09,,,1980-04-11,Completed,Mars,,"Orbiter 1. Imaging System (2 Vidicon Cameras) (VIS) 2. infrared Spectrometer for Water Vapor Mapping (MAWD) 3. Infrared Radiometer for Thermal Mapping (IRTM) Lander 1. Imaging System (2 facsimile cameras) 2. Gas Chromatograph Mass Spectrometer (GCMS) 3. Seismometer 4. X-Ray Fluorescence Spectrometer 5. Biological Laboratory 6. Weather Instrument Package (Temperature, Pressure, Wind Velocity) 7. Remote Sampler Arm Aeroshell 1. Retarding Potential Analyzer 2. Upper-Atmosphere Mass Spectrometer 3. Pressure, Temperature, and Density Sensors",United States,Titan IIIE-Centaur,883.0,,3527,1975-083A,,
Earth Science,Synchronous Meteorological Satellite-1 & 2,SMS,,https://science.nasa.gov/mission/sms/,Orbiter,1,,,,,1975-10-16,,,1981-08-01,Completed,Earth,Demonstrate the ability to put two weather satellites in geosynchronous orbit,,United States,Delta,631.0,,,1975-100A,,
Heliophysics,Helios 2 (Helios-B),Helios 2,,https://science.nasa.gov/mission/helios-2/,In-Situ Probe,1,,,,,1976-01-15,,,1984-03-01,Completed,Sun-Earth Interaction,Investigate the Sun and the solar environment,,United States,Titan IIIE-Centaur,371.2,,370,1976-003A,,
Earth Science,Laser Geodynamics Satellite-1,LAGEOS,,https://science.nasa.gov/mission/lageos/,Orbiter,1,,,,,1976-05-04,,,,Active,Earth,"Enable precise laser measurements of Earth's shape, rotation and gravity field",,United States,Delta,411.0,,,1976-039A,,
Planetary Science,Voyager 2,Voyager 2,,https://science.nasa.gov/mission/voyager/voyager-2/,Flyby,1,,$217.3,1971-06-01,,1977-08-20,,,,Active,Outer Planets,,1. Imaging Science System (ISS) 2. Ultraviolet Spectrometer (UVS) 3. Infrared Interferometer Spectrometer (IRIS) 4. Planetary Radio Astronomy Experiment (PRA) 5. Photopolarimeter (PPS) 6. Triaxial Fluxgate Magnetometer (MAG) 7. Plasma Spectrometer (PLS) 8. Low-Energy Charged Particles Experiment (LECP) 9. Plasma Waves Experiment (PWS) 10. Cosmic Ray Telescope (CRS) 11. Radio Science System (RSS),United States,Titan IIIE-Centaur,721.9,,721.9,1977-076A,,
Planetary Science,Voyager 1,Voyager 1,,https://science.nasa.gov/mission/voyager/voyager-1/,Flyby,1,,$217.3,1971-06-01,,1977-09-05,,,,Active,Outer Planets,,1. Imaging Science System (ISS) 2. Ultraviolet Spectrometer (UVS) 3. Infrared Interferometer Spectrometer (IRIS) 4. Planetary Radio Astronomy Experiment (PRA) 5. Photopolarimeter (PPS) 6. Triaxial Fluxgate Magnetometer (MAG) 7. Plasma Spectrometer (PLS) 8. Low-Energy Charged Particles Experiment (LECP) 9. Plasma Waves Experiment (PWS) 10. Cosmic Ray Telescope (CRS) 11. Radio Science System (RSS),United States,Titan IIIE-Centaur,721.9,,721.9,1977-084A,,
Astrophysics,International Ultraviolet Explorer,IUE,,https://science.nasa.gov/mission/iue/,Pointed Observatory,1,,,,,1978-01-26,,,1996-09-30,Completed,,,,United States / Europe / UK,Delta,669.0,,,1978-012A,,
Planetary Science,Pioneer Venus 1,Pioneer Venus 1,,https://science.nasa.gov/mission/pioneer-venus-1/,Orbiter,1,,,,,1978-05-20,,,1992-10-08,Completed,Venus,,1. Charged Particle Retarding Potential Analyzer (ORPA) 2. Ion Mass Spectrometer (OIMS) 3. Thermal Electron Temperature Langmuir Probe (OETP) 4. Neutral Particle Mass Spectrometer (ONMS) 5. Cloud Photopolarimeter (OCPP) 6. Temperature Sounding Infrared Radiometer (OIR) 7. Magnetic Field Fluxgate Magnetometer (OMAG) 8. Solar Wind Plasma Analyzer (OPA) 9. Surface Radar Mapper (ORAD) 10. Electric Field Detector (OEFD) 11. Transient Gamma Ray Burst Detector (OGBD) 12. Radio Occultation Experiment 13. Atmospheric and Solar Corona Turbulence Experiment 14. Drag Measurements Experiment 15. Two Radio Science Experiments to Determine Gravity Field 16. Ultraviolet Spectrometer (OUVS),United States,Atlas-Centaur,374.0,,582,1978-051A,,
Earth Science,Seasat 1,Seasat 1,,https://science.nasa.gov/mission/seasat/,Orbiter,1,,,,,1978-06-27,,,1978-10-10,Completed,Earth,Test oceanographic sensors and monitor Earth's seas,,United States,Atlas-Agena,"1,800.0",,,1978-064A,,
Planetary Science,Pioneer Venus 2,Pioneer Venus 2,,https://science.nasa.gov/mission/pioneer-venus-2/,Atmospheric Probe,1,,,,,1978-08-08,,,1992-08-01,Completed,Venus,Collect data as the probes descended to Venus,"Main Spacecraft: 1. Neutral Mass Spectrometer (BNMS) 2. Ion Mass Spectrometer (BIMS) Large Probe: 1. Neutral Mass Spectrometer 2. Solar Flux Radiometer 3. Gas Chromatograph 4. Infrared Radiometer 5. Cloud Particle Size Spectrometer 6. Nephelometer Small Probes (each): 1. Neutral Mass Spectrometer 2. Gas Chromatograph 3. Solar Flux Radiometer 4. Infrared Radiometer 5. Cloud Particle Size Spectrometer 6. Temperature, Pressure, Acceleration Sensors 7. Nephelometer",United States,Atlas-Centaur,380.0,,904,1978-078A,,
Heliophysics,International Sun-Earth Explorer-3 / International Cometary Explorer,ISEE-3/ICE,https://assets.science.nasa.gov/dynamicimage/assets/science/psd/solar/2023/07/isee-3_0.jpeg,https://science.nasa.gov/mission/isee-3-ice/,In-Situ Probe,1,International Sun-Earth Explorer,,,,1978-08-12,,,1997-05-05,Completed,Sun-Earth Interaction,"Measure energetic particles, electric and magnetic fields, and plasma parameters",1. Solar Wind Plasma Detector 2. Vector Helium Magnetometer 3. Low Energy Cosmic Ray Experiment 4. Medium Energy Cosmic Ray Experiment 5. High Energy Cosmic Ray Experiment 6. Plasma Waves Spectrum Analyzer 7. Energetic Particle Anisotropy Spectrometer (EPAS) 8. Interplanetary and Solar Electrons Experiment 9. Radio Mapping of Solar Disturbances Experiment 10. Solar Wind Ion Composition Experiment 11. Cosmic Ray Isotope Spectrometer 12. X-rays and Gamma-ray Bursts Experiment 13. Gamma-Ray Bursts Experiment 14. Cosmic-ray Energy Spectrum Charged-Particle Telescope,United States,Delta 2914,,,,,,
Earth Science,Dynamics Explorer 1 and 2,Dynamics Explorer,,https://science.nasa.gov/mission/dynamics-explorer/,Orbiter,1,,,,,1981-08-03,,,1991-02-28,Completed,Earth,Plasma waves investigation,,United States,Delta,424.0,,,1981-070A,,
Earth Science,Earth Radiation Budget Satellite,ERBS,,https://science.nasa.gov/mission/erbs/,Orbiter,1,,,,,1984-10-05,,,2005-10-25,Completed,Earth,Study Earth's ozone layer,,United States,Shuttle,"2,449.0",,,1984-108B,,
Planetary Science,Sakigake (MS-T5),Sakigake,,https://science.nasa.gov/mission/sakigake/,Flyby,1,,,,,1985-01-08,,,1995-11-15,Completed,Comet 1P/Halley,Flyby of Comet Halley,,Japan,M-3SII,138.1,,138.1,1985-001A,,
Earth Science,Geodetic Satellite,Geosat,,https://science.nasa.gov/mission/geosat/,Orbiter,1,,,,,1985-03-12,,,1990-01-01,Completed,Earth,Measure sea surface heights,,United States,Atlas E,635.0,,,1985-021A,,
Planetary Science,Giotto,Giotto,,https://science.nasa.gov/mission/giotto/,Flyby,1,,,,,1985-07-02,,,1992-07-23,Completed,Halley's comet and comet Grigg-Skjellerup,Encounter comets Halley and Grigg–Skjellerup,,International,Ariane,582.7,,960,1985-056A,,
Earth Science,Marine Observation Satellite,MOS,,https://science.nasa.gov/mission/mos/,Orbiter,1,,,,,1987-02-19,,,1996-04-01,Completed,Earth,Environmental and Coastal Protection,,Japan,N-2,750.0,,,1987-018A,,
Planetary Science,Magellan,Magellan,,https://science.nasa.gov/mission/magellan/,Orbiter,1,,,,,1989-05-04,,,1994-10-13,Completed,Venus,Image the entire surface of Venus,Synthetic Aperture Radar (RDRS),France,Shuttle-Inertial Upper Stage,"1,035.0",,3445,1989-033B,,
Astrophysics,High Precision Parallax Collecting Satellite,Hipparcos,,https://science.nasa.gov/mission/hipparcos/,Survey Observatory,1,,,,,1989-08-08,,,1993-08-01,Completed,Universe,"Measure the positions, distances, motions, brightness and colors of stars",,International,Ariane 44LP,"1,025.0",,,1989-062B,,
Planetary Science,Galileo,Galileo,https://assets.science.nasa.gov/dynamicimage/assets/science/psd/solar/bosf/images/galileo-400w.jpg?w=400&h=322&fit=clip&crop=faces%2Cfocalpoint,https://science.nasa.gov/mission/galileo/,Orbiter,1,Outer Planets,"$1,354.0",1977-10-01,,1989-10-18,1991-10-29,1997-12-08,2003-09-21,Completed,Jupiter System,,,United States,Shuttle-Inertial Upper Stage,"2,380.0",,2380,1989-084B,,
Astrophysics,Cosmic Background Explorer,COBE,,https://science.nasa.gov/mission/cobe/,Survey Observatory,1,,,,,1989-11-18,,,1993-12-23,Completed,,,,United States,Delta,"2,206.0",2204,2206,1989-089A,,
Planetary Science,Hiten / Hagoromo (MUSES-A),Hiten / Hagoromo,,https://science.nasa.gov/mission/hiten-hagoromo/,Orbiter,1,,,,,1990-01-24,,,1993-04-10,Completed,Moon,Test technologies for future missions,Hiten: Cosmic dust detector,Japan,M-3SII-5,,,185,,,
Astrophysics,Hubble Space Telescope,HST,,https://science.nasa.gov/mission/hubble/,Pointed Observatory,1,Great Observatories,"$2,100.0",1977-10-01,,1990-04-25,,,,Active,Universe,Understand the Universe,,United States,Shuttle,"10,880.0",8432,"11,110",1990-037B,,https://ui.adsabs.harvard.edu/search/q=bibgroup%3AHST%20property%3Arefereed%20year%3A1990-2040&sort=date%20desc%2C%20bibcode%20desc&p_=0
Astrophysics,Röntgensatellit,ROSAT,,https://science.nasa.gov/mission/rosat/,Survey Observatory,1,,,,,1990-06-01,,,1999-02-12,Completed,,,,Germany,Delta II,"2,421.1",,,1990-049A,,
Heliophysics,Ulysses,Ulysses,,https://science.nasa.gov/mission/ulysses/,In-Situ Probe,1,Flagship,,,,1990-10-06,,,2009-06-30,Completed,Sun,Survey the space environment above and below the poles of the Sun,BAM solar wind plasma experiment GLG solar wind ion composition experiment HED magnetic fields experiment KEP energetic-particle composition/neutral gas experiment LAN low-energy charged-particle composition/anisotropy experiment SIM cosmic rays and solar particles experiment STO radio/plasma waves experiment HUS solar x-rays and cosmic gamma-ray bursts experiment GRU cosmic dust experiment,International,Shuttle-Centaur G-Prime,370.0,,371,1990-090B,,
Astrophysics,Compton Gamma Ray Observatory,CGRO,,https://science.nasa.gov/mission/cgro/,Survey Observatory,1,Great Observatories,,,,1991-04-05,,,2000-06-04,Completed,,,,United States,Shuttle,"16,329.0",,,1991-027B,,
Heliophysics,Yohkoh (Solar-A),Yohkoh,,https://science.nasa.gov/mission/yohkoh/,Remote Sensing Observatory,1,,,,,1991-08-30,,,2001-12-14,Completed,Sun,Study the high-energy radiations from solar flares (hard and soft X-rays and energetic neutrons) as well as quiet structures and pre-flare conditions,,Japan,M-3SII,390.0,,,1991-062A,,
Earth Science,Upper Atmosphere Research Satellite,UARS,,https://science.nasa.gov/mission/uars/,Orbiter,1,,,,,1991-09-12,,,2005-12-14,Completed,,Study Earth's upper atmosphere,,United States,Shuttle,"6,540.0",,,1991-063B,,
Astrophysics,Extreme Ultraviolet Explorer,EUVE,,https://science.nasa.gov/mission/euve/,Survey Observatory,1,,,,,1992-06-07,,,2001-01-31,Completed,,,,United States,Delta II,"3,275.0",,,1992-031A,,
Heliophysics,Solar Anomalous and Magnetospheric Particle Explorer,SAMPEX,,https://science.nasa.gov/mission/sampex/,In-Situ Probe,1,Small-class Explorers (SMEX),,1989-04-04,1990-07-01,1992-07-03,1992-10-01,1993-09-30,2004-06-30,Completed,,Study charged particles affecting Earth's magnetic environment,,United States,Scout,158.0,157.3,,1992-038A,https://en.wikipedia.org/wiki/Solar_Anomalous_and_Magnetospheric_Particle_Explorer,
Heliophysics,Geotail,Geotail,,https://science.nasa.gov/mission/geotail/,In-Situ Probe,1,,,,,1992-07-24,,,2022-11-28,Completed,Sun-Earth Interaction,Study the tail region of the magnetosphere,1. Magnetic Fields Measurement Monitor (MGF) 2. Low Energy Particles Experiment (LEP) 3. Electric field monitor (EFD) 4. Energetic Particles and Ion Composition Experiment (EPIC) 5. High-Energy Particle Monitors (HEP) 6. Plasma Wave Instrument (PWI) 7. Comprehensive Plasma Instrument (CPI),Japan,Delta II,980.0,,1009,1992-044A,,
Earth Science,Ocean TOPography EXperiment/Poseidon,TOPEX/Poseidon,,https://science.nasa.gov/mission/topex-poseidon/,Orbiter,1,,,,,1992-08-10,,,2005-10-09,Completed,Earth,Obtain global measurements of sea-surface heights using radar altimetry,,France,Ariane 42P,"2,402.0",,,1992-052A,,
Planetary Science,Mars Observer,Mars Observer,,https://science.nasa.gov/mission/mars-observer/,Orbiter,1,Observer,$904.0,,,1992-09-25,,,1993-08-21,Failure,Mars,Take high-resolution photos of Mars,1. Mars Observer Camera (MOC) 2. Thermal Emission Spectrometer (TES) 3. Pressure Modulator Infrared Radiometer (PMIRR) 4. Mars Observer Laser Altimeter (MOLA) 5. Magnetometer/Electron Reflectometer (MAG/ER) 6. Gamma Ray Spectrometer (GRS) 7. Radio Science Experiment (RS) 8. Mars Balloon Relay Receiver (MBR),France,Titan III,"1,018.0",1018,2500,1992-063A,https://en.wikipedia.org/wiki/Mars_Observer,
Astrophysics,Advanced Satellite for Cosmology and Astrophysics,ASCA,,https://science.nasa.gov/mission/asca/,Pointed Observatory,1,,,,,1993-02-20,,,2001-03-02,Completed,,,,Japan / United States,M-3SII,420.0,,,1993-011A,https://en.wikipedia.org/wiki/Advanced_Satellite_for_Cosmology_and_Astrophysics,
Planetary Science,Clementine (Deep Space Program Science Experiment),Clementine,,https://science.nasa.gov/mission/clementine/,Orbiter,1,Deep Space Program Science Experiment (DSPSE),$80.0,1992-01-01,,1994-01-25,1994-02-26,,1994-08-08,Completed,Moon/Asteroid 1620 Geographos,Test sensors and spacecraft components,Ultraviolet/Visible Camera (UV/Vis) Near-Infrared Camera (NIR) Laser Image Detection and Ranging System (LIDAR) Long-Wave Infrared Camera (LWIR) High-Resolution Camera (HIRES) Two Star Tracker Cameras Bistatic Radar Experiment S-Band Transponder Doppler Gravity Experiment Charged Particle Telescope (CPT),United States,Titan II-G,227.0,227,424,1994-004A,https://en.wikipedia.org/wiki/Clementine_(spacecraft),https://ui.adsabs.harvard.edu/search/q=(abs%3Aclementine%20AND%20(abs%3AMoon%20OR%20abs%3Alunar)%20)%20AND%20property%3Arefereed%20AND%20year%3A1994-2040%20AND%20(collection%3Aastronomy%20OR%20collection%3Aphysics)&sort=citation_count%20desc%2C%20bibcode%20desc&p_=0
Heliophysics,Comprehensive Solar Wind Laboratory for Long-Term Solar Wind Measurements,WIND,,https://science.nasa.gov/mission/wind/,In-Situ Probe,1,Global Geospace Science Program (GGS),$550.0,1988-10-01,,1994-11-01,,,,Active,Sun-Earth Interaction,Measure the incoming solar wind,"1. Radio and Plasma Wave Experiment (WAVES) 2. Energetic Particle Acceleration, Composition, and Transport Experiment (EPACT) 3. Solar Wind and Suprathermal Ion Composition Experiment (SMS) -solar wind ion composition spectrometer (SWICS) -high mass resolution spectrometer (MASS) -suprathermal ion composition spectrometer (STICS) 4. Solar Wind Experiment (SWE) 5. Two Triaxial Fluxgate Magnetometers (MFI magnetic field investigation) 6. Three-Dimensional Plasma and Energetic Particle Investigation (3DP) 7. Transient Gamma Ray Spectrometer (TGRS) 8. Konus Gamma Ray Burst Studies Experiment",United States,Delta II 7925,"1,250.0",950,1250,1994-071A,https://en.wikipedia.org/wiki/Wind_(spacecraft),
Earth Science,Radar Satellite-1,RADARSAT-1,,https://science.nasa.gov/mission/radarsat-1/,Orbiter,1,,,,,1995-11-04,,,2013-03-29,Completed,Earth,Obtain detailed images of Earth,Synthetic Aperture Radar (SAR),Canada / United States,Delta II 7920,"2,750.0",,,1995-059A,https://en.wikipedia.org/wiki/Radarsat-1,
Astrophysics,Infrared Space Observatory,ISO,,https://science.nasa.gov/mission/infrared-space-observatory/,Pointed Observatory,1,,,,,1995-11-17,,,1998-05-16,Completed,Universe,Make scientific observations in infrared,,International,Ariane 2,"1,800.0",,,1995-062A,,
Heliophysics,Solar and Heliospheric Observatory,SOHO,https://assets.science.nasa.gov/dynamicimage/assets/science/psd/solar/2023/07/SOHO_20151202_1600.jpg?w=1600&h=1130&fit=crop&crop=faces%2Cfocalpoint,https://science.nasa.gov/mission/soho/,Remote Sensing Observatory,1,International Solar Terrestrial Physics Program (ISTP),,,,1995-12-02,,,,Active,Sun,Study the Sun from its deep core to the outer corona and the solar wind,"1. Solar-Ultraviolet Measurements of Emitted Radiation Experiment (SUMER) 2. Coronal Diagnostic Spectrometer (CDS) 3. Extreme Ultraviolet Imaging Telescope (EIT) 4. Ultraviolet Coronograph Spectrometer (UVCS) 5. Large Angle and Spectrometric Coronograph (LASCO) 6. Solar Wind Anisotropies Experiment (SWAN) 7. Charge, Element, and Isotope Analysis Experiment (CELIAS) 8. Comprehensive Suprathermal and Energetic Particle Analyzer (COSTEP) 9. Energetic and Relativistic Nuclei and Electron Experiment (ERNE) 10. Global Oscillations at Low Frequencies Experiment (GOLF) 11. Variability of Solar Irradiance and Gravity Oscillations Experiment (VIRGO) 12. Michelson Doppler Imager/Solar Oscillations Investigation (MDI/SOI)",International,Atlas-2 AS,"1,350.0",,1864,1995-065A,https://en.wikipedia.org/wiki/Solar_and_Heliospheric_Observatory,https://ui.adsabs.harvard.edu/search/q=bibgroup%3ASOHO%20year%3A1995-2040%20property%3Arefereed&sort=date%20desc%2C%20bibcode%20desc&p_=0
Astrophysics,Rossi X-ray Timing Explorer,RXTE,"https://science.nasa.gov/wp-content/uploads/2023/06/416240main-rxte-full.jpg?resize=2000,1922",https://science.nasa.gov/mission/rxte/,Survey Observatory,1,Medium-class Explorers (MIDEX),$210.0,,,1995-12-30,1996-01-30,,2012-01-05,Completed,Universe,Study the temporal and broad-band spectral phenomena associated with stellar and galactic systems containing compact objects,,United States,Delta II 7920,"3,200.0",,"3,200",1995-074A,https://en.wikipedia.org/wiki/Rossi_X-ray_Timing_Explorer,https://ui.adsabs.harvard.edu/search/fq=%7B!type%3Daqp%20v%3D%24fq_database%7D&fq_database=(database%3Aastronomy%20OR%20database%3Aphysics)&q=(facility%3ARXTE%20OR%20ack%3ARXTE%20OR%20abs%3ARXTE%20OR%20abs%3A%22Rossi%20X-Ray%20Timing%20Explorer%22)%20AND%20property%3Arefereed&sort=date%20desc%2C%20bibcode%20desc&p_=0
Planetary Science,Near Earth Asteroid Rendezvous - Shoemaker,NEAR Shoemaker,https://assets.science.nasa.gov/dynamicimage/assets/science/psd/solar/2023/07/nearspacecraft.jpg?w=1350&h=1024&fit=crop&crop=faces%2Cfocalpoint,https://science.nasa.gov/mission/near-shoemaker/,Orbiter,1,Discovery,$220.5,1993-10-01,1994-11-30,1996-02-17,2000-02-14,2001-02-12,2001-02-28,Completed,Asteroid Eros,"Fly by asteroid Mathilde, orbit asteroid Eros and land on Eros",1. Multi-Spectral Imager (MSI) 2. Magnetometer (MAG) 3. Near Infrared Spectrometer (NIS) 4. X-Ray/Gamma-Ray Spectrometer (XGRS) 5. Laser Rangefinder (NLR) 6. Radio Science and Gravimetry Experiment,United States,Delta II 7925,487.0,468,805,1996-008A,https://en.wikipedia.org/wiki/NEAR_Shoemaker,https://ui.adsabs.harvard.edu/search/q=(%20%20%20citations(bibcode%3A1997JGR...10223695C)%20OR%20%20%20citations(bibcode%3A2000Sci...289.2088V)%20OR%20%20%20citations(bibcode%3A2000Sci...289.2101T)%20OR%20%20%20citations(bibcode%3A2000Sci...289.2097Z)%20OR%20%20%20title%3A%22NEAR%20Shoemaker%22%20OR%20%20%20abs%3A%22NEAR%20Shoemaker%22%20OR%20%20%20(abs%3A%22Near%20Earth%20Asteroid%20Rendezvous%22%20AND%20abs%3A%22NEAR%22%20AND%20abs%3Aasteroid)%20OR%20%20%20(abs%3A%22NEAR%22%20AND%20(abs%3A%22spacecraft%22%20OR%20abs%3A%22mission%22%20OR%20abs%3A%22probe%22)%20AND%20(abs%3A%22Eros%22%20OR%20abs%3A%22Mathilde%22))%20OR%20%20%20(abs%3A%22NEAR%22%20AND%20(abs%3A%22NLR%22%20OR%20abs%3A%22XGRS%22%20OR%20abs%3A%22MSI%22%20AND%20abs%3A%22camera%22))%20)%20AND%20property%3Arefereed%20AND%20year%3A1996-2030%20AND%20(%20%20%20abs%3A%22Eros%22%20OR%20%20%20%20abs%3A%22Mathilde%22%20OR%20%20%20%20abs%3A%22asteroid%22%20OR%20%20%20%20abs%3A%22regolith%22%20OR%20%20%20%20abs%3A%22crater%22%20OR%20%20%20%20abs%3A%22gravity%22%20OR%20%20%20%20abs%3A%22shape%20model%22%20)&sort=date%20desc%2C%20bibcode%20desc&p_=0
Heliophysics,Polar,POLAR,https://science.nasa.gov/wp-content/uploads/2023/06/polar_spacecraft_small-jpg.webp,https://science.nasa.gov/mission/polar/,Remote Sensing Observatory,1,Global Geospace Science Program (GGS),$324.5,1988-10-01,,1996-02-24,,,2008-04-28,Completed,Earth,Auroral Observations,,United States,Delta II,"1,300.0",,,1996-013A,https://en.wikipedia.org/wiki/Polar_(satellite),https://ui.adsabs.harvard.edu/search/q=(%3Dabs%3A%22GGS%2FPOLAR%22%20OR%20%3Dabs%3A%22Global%20Geospace%20Science%20Polar%22%20OR%20%3Dabs%3A%22NASA%20Polar%20Spacecraft%22%20OR%20%3Dabs%3A%22GGS%20Polar%22%20OR%20%3Dack%3A%22NASA%20Polar%20Spacecraft%22%20OR%20%3Dack%3A%22NASA%20Polar%20mission%22%20OR%20%3Dabs%3A%22NASA%20Polar%20mission%22)%20AND%20property%3Arefereed&sort=citation_count%20desc%2C%20bibcode%20desc&p_=0
Earth Science,Advanced Earth Observing Satellite / Midori,ADEOS / Midori,,https://science.nasa.gov/mission/adeos-midori/,Orbiter,1,,,,,1996-08-17,,,1997-06-30,Completed,Earth,Earth environmental research,,Japan,H-2,"3,500.0",,,1996-046A,,
Heliophysics,Fast Auroral Snapshot Explorer,FAST,https://science.nasa.gov/wp-content/uploads/2023/06/fast-jpg.webp,https://science.nasa.gov/mission/fast/,In-Situ Probe,1,Small-class Explorers (SMEX),$35.0,1989-04-04,,1996-08-21,,,2009-05-04,Completed,Earth,Investigate the behavior of plasma and particles during auroras,,United States,Pegasus XL,187.0,191,191,1996-049A,https://en.wikipedia.org/wiki/Fast_Auroral_SnapshoT_Explorer,https://ui.adsabs.harvard.edu/search/fq=%7B!type%3Daqp%20v%3D%24fq_database%7D&fq_database=(database%3Aastronomy%20OR%20database%3Aphysics)&q=(%3Dack%3A%22Fast%20Auroral%20SnapshoT%22%20OR%20%3Dabs%3A%22Fast%20Auroral%20SnapshoT%22%20or%20(%3Dabs%3A%22FAST%20Satellite%22%20AND%20full%3A%22aurora%22))%20AND%20property%3Arefereed%20year%3A%201996-2040&sort=citation_count%20desc%2C%20bibcode%20desc&p_=0
Heliophysics,Satelite de Aplicaciones Cientificas-B,SAC-B,,https://science.nasa.gov/mission/sac-b/,Remote Sensing Observatory,1,,,,,1996-11-04,,,1996-11-05,Failure,,Heliophysics and astrophysics,,Argentina / United States,Pegasus XL,181.0,,,1996-061B,https://es.wikipedia.org/wiki/SAC-B,
Astrophysics,High Energy Transient Explorer 1,HETE 1,,https://science.nasa.gov/mission/hete-1/,Survey Observatory,1,University-class Explorers (UNEX),$55.0,1992-01-01,,1996-11-04,,,1996-11-05,Failure,Gamma Ray Bursts,Determine the origin and nature of cosmic gamma-ray bursts (GRBs) by simultaneous observation of soft and medium X-rays and gamma-rays in order to provide precise localization of GRBs.,,United States / Japan / France / Italy,Pegasus XL,128.0,,128,1996-061A,https://en.wikipedia.org/wiki/High_Energy_Transient_Explorer_1,
Planetary Science,Mars Global Surveyor,MGS,https://assets.science.nasa.gov/dynamicimage/assets/science/psd/solar/2023/07/mgs_768.jpg?w=768&h=650&fit=crop&crop=faces%2Cfocalpoint,https://science.nasa.gov/mission/mars-global-surveyor/,Orbiter,1,Mars Surveyor,$249.6,1993-10-01,,1996-11-07,1999-03-09,,2006-11-05,Completed,Mars,,1. Mars Orbital Camera (MOC) 2. Mars Orbital Laser Altimeter (MOLA) 3. Thermal Emission Spectrometer (TES) 4. Magnetometer/Electron Reflectometer (MAG/ER) 5. Radio Science Experiment (RS) 6. Mars Relay Antenna (MR),United States,Delta II 7925,"1,030.5",620,1030.5,1996-062A,https://en.wikipedia.org/wiki/Mars_Global_Surveyor,https://ui.adsabs.harvard.edu/search/q=(%3Dtitle%3A%22Mars%20Global%20Surveyor%22%20OR%20%3Dabs%3A%22Mars%20Global%20Surveyor%22%20OR%20(abs%3A%22MGS%22%20AND%20(abs%3A%22Mars%22%20OR%20abs%3A%22spacecraft%22))%20OR%20((%3Dack%3A%22Mars%20Global%20Surveyor%22%20OR%20ack%3A%22MGS%20project%22%20OR%20ack%3A%22MGS%20team%22)%20AND%20full%3AMars)%20OR%20(abs%3A%22MOLA%22%20AND%20(abs%3A%22Mars%22%20OR%20abs%3A%22topography%22%20OR%20abs%3A%22elevation%22%20OR%20abs%3A%22altimetry%22))%20OR%20(abs%3A%22MOC%22%20AND%20(abs%3A%22Mars%22%20OR%20abs%3A%22camera%22%20OR%20abs%3A%22narrow%20angle%22%20OR%20abs%3A%22wide%20angle%22))%20OR%20(abs%3A%22TES%22%20AND%20(abs%3A%22Mars%22%20OR%20abs%3A%22thermal%20emission%22%20OR%20abs%3A%22hematite%22))%20OR%20(abs%3A%22MAG%2FER%22%20AND%20abs%3A%22Mars%22)%20)%20%20AND%20property%3Arefereed%20%20AND%20year%3A1997-2030%20%20AND%20bibstem%3A(%22JGR%22%20OR%20%22JGRE%22%20OR%20%22JGRA%22%20OR%20%22GeoRL%22%20OR%20%22Icar%22%20OR%20%22P%26SS%22%20OR%20%22Sci%22%20OR%20%22Natur%22%20OR%20%22M%26PS%22%20OR%20%22SSRv%22%20OR%20%22AdSpR%22%20OR%20%22AnGeo%22%20OR%20%22ApJ%22%20OR%20%22ApJL%22%20OR%20%22A%26A%22%20OR%20%22MNRAS%22%20OR%20%22GeCoA%22%20OR%20%22E%26PSL%22%20OR%20%22Geo%22%20OR%20%22NatGe%22%20OR%20%22NatCo%22%20OR%20%22PNAS%22)&sort=date%20desc%2C%20bibcode%20desc
Planetary Science,Mars Pathfinder,Mars Pathfinder,https://assets.science.nasa.gov/dynamicimage/assets/science/psd/solar/2023/09/p/i/a/0/PIA01551-1.jpg?w=1099&h=572&fit=clip&crop=faces%2Cfocalpoint,https://science.nasa.gov/mission/mars-pathfinder/,Lander,1,Discovery,$265.6,1993-10-01,1994-09-01,1996-12-04,1997-07-04,,1997-09-27,Completed,Mars,Land a rover on Mars,"Imager for Mars Pathfinder (IMP), Atmospheric Structure Instrument/Meteorology Package (ASI/MET), Alpha Proton X-ray Spectrometer (APXS), Rover CCD Cameras",United States,Delta II 7925,463.0,570,870,1996-068A,https://en.wikipedia.org/wiki/Mars_Pathfinder,https://ui.adsabs.harvard.edu/search/q=(%3Dabs%3A%22Mars%20Pathfinder%22%20OR%20%3Dack%3A%22Mars%20Pathfinder%22%20OR%20((abs%3A%22Sojourner%22%20OR%20%3Dabs%3A%22Pathfinder%20microrover%22)%20AND%20(abs%3A%22rover%22%20OR%20abs%3A%22Mars%22))%20%20)%20AND%20property%3Arefereed%20AND%20year%3A1996-2030&sort=citation_count%20desc%2C%20bibcode%20desc&p_=0
Astrophysics,Highly Advanced Laboratory for Communications and Astronomy,HALCA,,https://science.nasa.gov/mission/halca/,Pointed Observatory,1,,,,,1997-02-12,,,2005-11-30,Completed,Universe,Image astronomical radio sources,8m Mesh Antenna,Japan,M-5,830.0,,830,1997-005A,https://en.wikipedia.org/wiki/HALCA,
Heliophysics,Advanced Composition Explorer,ACE,,https://science.nasa.gov/mission/ace/,In-Situ Probe,1,Medium-class Explorers (MIDEX),$234.0,1993-10-01,,1997-08-25,,2002-09-01,,Active,Sun-Earth Interaction,Study spaceborne energetic particles,"1. Solar Wind Ion Mass Spectrometer (SWIMS) 2. Solar Wind Ion Composition Spectrometer (SWICS) 3. Ultra-Low Energy Isotope Spectrometer (ULEIS) 4. Solar Energetic Particle Ionic Charge Analyzer (SEPICA) 5. Solar Isotope Spectrometer (SIS) 6. Cosmic Ray Isotope Spectrometer (CRIS) 7. Solar Wind Electron, Proton, and Alpha Monitor (SWEPAM) 8. Electron, Proton, and Alpha-Particle Monitor (EPAM) 9. Magnetometer (MAG)",United States,Delta II 7920,596.0,562,752,1997-045A,https://en.wikipedia.org/wiki/Advanced_Composition_Explorer,https://ui.adsabs.harvard.edu/search/q=(%3Dtitle%3A%22Advanced%20Composition%20Explorer%22%20OR%20%3Dabs%3A%22Advanced%20Composition%20Explorer%22%20OR%20%3Dack%3A%22Advanced%20Composition%20Explorer%22)%20AND%20property%3Arefereed%20AND%20year%3A%201998-2040&sort=date%20desc%2C%20bibcode%20desc&p_=0
Planetary Science,Cassini-Huygens,Cassini,,https://science.nasa.gov/mission/cassini/,Orbiter,1,Outer Planets,"$3,300.0",1990-10-01,1992-10-01,1997-10-15,2004-03-14,2008-06-30,2017-09-15,Completed,Saturn,,"Radar, Radar Altimeter, Radiometer, Radio Science Subsystem (RSS), VIMS-V, VIMS Infrared Counterpart",United States,Titan IV-Centaur,"2,523.0",2523,5655,1997-061A,https://en.wikipedia.org/wiki/Cassini%E2%80%93Huygens,https://ui.adsabs.harvard.edu/search/fq=%7B!type%3Daqp%20v%3D%24fq_database%7D&fq_database=(database%3Aastronomy%20OR%20database%3Aphysics)&q=(%20citations(2008JGRA..113.7208S%20OR%20%202010JGRA..11510220T%20OR%20%202005JGRA..110.2201C%20OR%20%202008JGRA..113.5222K%20OR%20%202013RvGeo..51....1C%20OR%20%202006JGRE..111.5004V%20OR%20%202011JGRE..116.3003H%20OR%20%202008JGRE..113.7009B%20OR%20%202008JGRE..11312003T%20OR%20%202008JGRE..11310003Y%20OR%20%202008JGRE..11310005M%20OR%20%202012JGRE..11711006C%20OR%20%202010JGRE..11512006N%20OR%20%202012JGRE..11710006M%20OR%20%202012JGRE..117.1003W%20OR%20%202008JGRE..113.5007V%20OR%20%202008JGRE..11310006H%20OR%20%202007JGRE..11211006B%20OR%20%202008JGRE..113.4003L%20OR%20%202010JGRE..11510002M)%20OR%20bibgroup%3ACassini%20OR%20%3Dtitle%3A%22Cassini-Huygens%22%20OR%20(abs%3ACassini%20AND%20(abs%3ASaturn%20OR%20abs%3ATitan%20OR%20abs%3AEnceladus%20OR%20abs%3AIcy))%20OR%20(abs%3A%22Enceladus%22%20AND%20ack%3A%22Cassini%22)%20%20OR%20(abs%3AHuygens%20AND%20(abs%3ATitan%20OR%20abs%3AProbe%20OR%20abs%3ALanding))%20OR%20%3Dack%3A%22Cassini-Huygens%22%20OR%20ack%3A%22Cassini%22%20OR%20ack%3A%22Huygens%22)%20AND%20year%3A2004-2030%20AND%20property%3Arefereed%20AND%20NOT%20title%3A(%22Giovanni%22%20OR%20%22Domenico%22%20OR%20%22history%22%20OR%20%22biography%22%20OR%20%2217th%20century%22)%20AND%20NOT%20title%3A(%22principle%22%20OR%20%22wavelet%22%20OR%20%22Fresnel%22%20OR%20%22diffraction%22%20OR%20%22microscope%22%20OR%20%22eyepiece%22)%20AND%20NOT%20title%3A(%22oval%22%20OR%20%22curve%22%20OR%20%22mathematics%22%20OR%20%22geometry%22)%20AND%20NOT%20title%3A(%22trajectory%22%20OR%20%22RTG%22%20OR%20%22propulsion%22%20OR%20%22deep%20space%20network%22)%20AND%20NOT%20doi%3A%2210.1016%2Fj.jqsrt.2021.107949%22%20AND%20NOT%20bibstem%3APhPl&sort=date%20desc%2C%20bibcode%20desc&p_=0
Earth Science,Tropical Rainfall Measuring Mission,TRMM,,https://science.nasa.gov/mission/trmm/,Orbiter,1,,,,,1997-11-27,,,2015-04-15,Completed,Earth,Measure monthly and seasonal rainfall over the global tropics and subtropics,,United States,H-2,"2,394.0",,,1997-074A,,
Heliophysics,Equator-S,Equator-S,,https://science.nasa.gov/mission/equator-s/,In-Situ Probe,1,,,,,1997-12-02,,,1998-05-01,Completed,Sun-Earth Interaction,"Study behavior of particles, electric currents, and magnetic fields at the boundary between near-Earth and interplanetary space",,Germany,Ariane 4,250.0,,,1997-075B,,
Planetary Science,Lunar Prospector,Lunar Prospector,https://assets.science.nasa.gov/dynamicimage/assets/science/psd/solar/2023/07/78777main_befcras.jpg?w=2000&h=1359&fit=crop&crop=faces%2Cfocalpoint,https://science.nasa.gov/mission/lunar-prospector/,Orbiter,1,Discovery,$63.5,1995-05-01,1997-06-01,1998-01-07,1998-01-15,,1999-07-31,Completed,Moon,"Map the Moon's surface composition, and look for polar ice",Electron Reflectometer and Magnetometer (MAG/ER) Gamma-Ray Spectrometer (GRS) Neutron Spectrometer (NS) Alpha Particle Spectrometer (APS) Doppler Gravity Experiment (using S-band antenna) (DGE),United States,Athena 2,158.7,126,296.4,1998-001A,https://en.wikipedia.org/wiki/Lunar_Prospector,https://ui.adsabs.harvard.edu/search/q=(abs%3A%22Lunar%20Prospector%22%20OR%20ack%3A%22Lunar%20Prospector%22)%20AND%20property%3Arefereed%20AND%20year%3A1998-2030&sort=citation_count%20desc%2C%20bibcode%20desc&p_=0
Heliophysics,Student Nitric Oxide Explorer,SNOE,https://science.nasa.gov/wp-content/uploads/2023/06/snoe-badge.png,https://science.nasa.gov/mission/snoe/,Remote Sensing Observatory,1,Student Explorer Demonstration Initiative (STEDI),$4.3,1995-02-23,,1998-02-26,1998-03-01,1999-03-01,2003-09-30,Completed,Earth,Measure changes from Sun energy and other factors on Earth's upper atmosphere,,United States,Pegasus XL,120.0,,120,1998-012A,https://en.wikipedia.org/wiki/Student_Nitric_Oxide_Explorer,https://ui.adsabs.harvard.edu/search/q=(facility%3ASNOE%20OR%20abs%3ASNOE%20or%20abs%3A%22Student%20Nitric%20Oxide%20Explorer%22%20or%20ack%3A%22SNOE%22)%20AND%20property%3Arefereed%20AND%20year%3A1998-2040&sort=date%20desc%2C%20bibcode%20desc&p_=0
Heliophysics,Transition Region And Coronal Explorer,TRACE,https://science.nasa.gov/wp-content/uploads/2023/06/spacelg-jpg.webp,https://science.nasa.gov/mission/trace/,Remote Sensing Observatory,1,Small-class Explorers (SMEX),$35.0,1994-09-01,,1998-04-02,1998-05-01,1999-04-01,2010-06-21,Completed,Sun,Examine the three-dimensional magnetic structures that emerge through the Sun's photosphere,,United States,Pegasus XL,250.0,241,250,1998-020A,https://en.wikipedia.org/wiki/TRACE,https://ui.adsabs.harvard.edu/search/q=((facility%3ATRACE%20OR%20facility%3A%22Transition%20Region%20and%20Coronal%20Explorer%22)%20OR%20%3Dabs%3A%22TRACE%20Imaging%20Telescope%22%20OR%20((%3Dtitle%3A%22TRACE%20data%22%20OR%20%3Dtitle%3A%22TRACE%20Observation%22%20OR%20%3Dtitle%3A%22Observed%20by%20TRACE%22)%20AND%20(abs%3A%22solar%22%20OR%20abs%3A%22corona%22%20OR%20abs%3Aflare))%20OR%20%3Dabs%3A%22Transition%20Region%20and%20Coronal%20Explorer%22)%20AND%20property%3Arefereed%20year%3A1998-2040&sort=date%20desc%2C%20bibcode%20desc&p_=0
Planetary Science,Nozomi (Planet-B),Nozomi,,https://science.nasa.gov/mission/nozomi/,Orbiter,1,,,,,1998-07-03,,,2003-12-09,Completed,Mars,Study the upper atmosphere of Mars,1. Mars imaging camera (MIC) 2. magnetic field measurement instrument (magnetometer) (MGF) 3. electron spectrum analyzer (ESA) 4. ion spectrum analyzer (ISA) 5. ion mass imager (IMI) 6. electron and ion spectrometer (EIS) 7. thermal plasma analyzer (TPA) 8. probe for electron temperature (PET) 9. plasma wave and sounder (PWS) 10. neutral mass spectrometer (NMS) 11. Mars dust counter (MDC) 12. extra ultraviolet scanner (XUV) 13. ultraviolet imaging spectrometer (UVS) 14. low frequency plasma wave analyzer (LFA),Japan,M-5,258.0,,536,1998-041A,,
Planetary Science,Deep Space 1,DS-1,https://assets.science.nasa.gov/dynamicimage/assets/science/psd/solar/2023/07/deep_space_1.jpg?w=1277&h=1024&fit=crop&crop=faces%2Cfocalpoint,https://science.nasa.gov/mission/deep-space-1/,Flyby,1,New Millennium Program (NMP),$152.0,1995-10-01,,1998-10-24,1998-10-24,,2001-12-18,Completed,Near-Earth Asteroid 9660 Braille,"Technology testing, comet flyby",,United States,Delta II 7326,373.7,369,486,1998-061A,https://en.wikipedia.org/wiki/Deep_Space_1,https://ui.adsabs.harvard.edu/search/q=(%3Dabs%3A%22Deep%20Space%201%22%20OR%20%3Dabs%3A%22Deep%20Space-1%22%20OR%20%3Dack%3A%22Deep%20Space%201%22%20OR%20citations(bibcode%3A2002EM%26P...89..301B%20OR%20bibcode%3A2004Icar..167..129B))%20AND%20property%3Arefereed%20AND%20year%3A1999-2030%20AND%20doctype%3Aarticle&sort=citation_count%20desc%2C%20bibcode%20desc&p_=0
Human Spaceflight,International Space Station,ISS,https://www.nasa.gov/wp-content/uploads/2023/02/International-Space-Station-in-2021.jpg,https://www.nasa.gov/international-space-station/,Space Station,1,International Space Station Program (ISS),"$150,000.0",1984-01-25,1993-09-02,1998-11-20,2000-11-02,,2030-12-31,Active,Low Earth Orbit,Serve as a permanently crewed microgravity and space environment research laboratory.,"Pressurized research modules (U.S. Destiny, European Columbus, Japanese Kibo) hosting International Standard Payload Racks (ISPRs) for multidisciplinary science; external exposure platforms (JAXA Exposed Facility, ESA EuTEF); and specialized airlocks (Nanoracks Bishop) for satellite deployment.",United States / Belgium / Canada / Denmark / France / Germany / Italy / Japan / Netherlands / Norway / Russia / Spain / Sweden / Switzerland / United Kingdom,Proton-K / Space Shuttle,"444,615.0","444,615.0","444,615.0",1998-067A,https://en.wikipedia.org/wiki/International_Space_Station,https://www.nasa.gov/mission_pages/station/research/experiments/explorer/All_Publications_Report.xlsx
Astrophysics,Submillimeter Wave Astronomy Satellite,SWAS,https://science.nasa.gov/wp-content/uploads/2023/06/swas-1-jpg.webp,https://science.nasa.gov/mission/swas/,Survey Observatory,1,Small-class Explorers (SMEX),$60.0,1992-02-01,1993-02-23,1998-12-06,1999-01-23,2001-01-31,2004-07-21,Completed,Universe,Study the chemical composition of interstellar gas clouds,"Submillimeter Wave Telescope, Schottky diode receivers, Acousto-optical spectrometer (AOS)",United States,Pegasus XL,288.0,282,288,1998-071A,https://en.wikipedia.org/wiki/Submillimeter_Wave_Astronomy_Satellite,https://ui.adsabs.harvard.edu/search/q=(abs%3A%22Submillimeter%20Wave%20Astronomy%20Satellite%22%20OR%20facility%3ASWAS%20OR%20(%3Dabs%3A%22SWAS%22%20AND%20(abs%3A%22observation%22%20OR%20abs%3A%22submillimeter%22))%20OR%20facility%3A%22Submillimeter%20Wave%20Astronomy%20Satellite%22)%20AND%20property%3Arefereed%20AND%20collection%3Aastronomy%20AND%20year%3A2000-2030&sort=citation_count%20desc%2C%20bibcode%20desc&p_=0
Planetary Science,Mars Climate Orbiter,MCO,https://mars.nasa.gov/system/content_pages/main_images/375_mco_mapping.jpg,https://science.nasa.gov/mission/mars-climate-orbiter/,Orbiter,1,Mars Surveyor,$148.0,1995-02-01,1997-01-01,1998-12-11,,,1999-09-23,Failure,Mars,,,United States,Delta II 7425,338.0,338,638,1998-073A,https://en.wikipedia.org/wiki/Mars_Climate_Orbiter,
Planetary Science,Mars Polar Lander / Deep Space 2,MPL,https://assets.science.nasa.gov/dynamicimage/assets/science/psd/solar/2023/07/1699_mpl_768.jpg?w=768&h=554&fit=crop&crop=faces%2Cfocalpoint,https://science.nasa.gov/mission/mars-polar-lander-deep-space-2/,Lander,2,Mars Surveyor,$148.0,1995-02-01,1997-01-01,1999-01-03,,,1999-12-03,Failure,Mars,Land near the polar regions of Mars,,United States,Delta II 7425,290.0,290,576,1999-001A,https://en.wikipedia.org/wiki/Mars_Polar_Lander,
Planetary Science,Deep Space 2,DS-2,https://upload.wikimedia.org/wikipedia/commons/4/49/Deep_Space_2.jpg,,Impactor,2,New Millennium Program (NMP),$28.0,,,1999-01-03,,,1999-12-03,Failure,Mars,Engineering validation of a planetary surface penetrator probe.,,United States,Delta II 7425,2.4,2.4,2.4,,https://en.wikipedia.org/wiki/Deep_Space_2,
Planetary Science,Stardust / Stardust NExT,Stardust,https://assets.science.nasa.gov/dynamicimage/assets/science/psd/solar/2023/07/Stardust_768.jpg?w=768&h=546&fit=crop&crop=faces%2Cfocalpoint,https://science.nasa.gov/mission/stardust/,Sample Return,1,Discovery,$208.5,1995-11-22,1996-10-10,1999-02-07,2004-01-02,,2011-03-24,Completed,"Asteroids, Comets","Comet Sample Return, Comet and Asteroid Flybys",1. Dust Flux Monitor Instrument (DFMI) 2. Cometary and Interstellar Dust Analyzer (CIDA) 3. Navigation Camera (NC) 4. Stardust Sample Collection (SSC) 5. Dynamic Science Experiment (DSE),United States,Delta II 7426,300.0,299,385,1999-003A,https://en.wikipedia.org/wiki/Stardust_(spacecraft),https://ui.adsabs.harvard.edu/search/fq=%7B!type%3Daqp%20v%3D%24fq_database%7D&fq_database=(database%3Aastronomy%20OR%20database%3Aphysics)&q=(%20%20%20citations(bibcode%3A2003JGRE..108.8116B)%20OR%20%20%20citations(bibcode%3A2004JGRE..10912S01T)%20OR%20%20%20citations(bibcode%3A2006Sci...314.1711B)%20OR%20%20%20citations(bibcode%3A2013Icar..222..424V)%20OR%20%20%20bibgroup%3AStardust%20OR%20%20%20(abs%3A%22Stardust%22%20AND%20(abs%3A%22Wild%202%22%20OR%20abs%3A%22Tempel%201%22%20OR%20abs%3A%22aerogel%22%20OR%20abs%3A%22sample%20return%22%20OR%20abs%3A%22coma%22))%20OR%20%20%20(abs%3A%22Stardust-NExT%22%20OR%20title%3A%22Stardust-NExT%22)%20OR%20%20%20(abs%3A%22CIDA%22%20AND%20abs%3A%22Stardust%22)%20OR%20%20%20(abs%3A%22Dust%20Flux%20Monitor%22%20AND%20abs%3A%22Stardust%22)%20)%20property%3Arefereed%20AND%20year%3A%201999-2030%20AND%20(%20%20%20abs%3A%22comet%22%20OR%20%20%20%20abs%3A%22dust%22)%20NOT%20title%3A(%22galaxy%22%20OR%20%22interstellar%20medium%22%20OR%20%22ISM%22%20OR%20%22star%20formation%22%20OR%20%22reddening%22%20OR%20%22supernova%22)%20NOT%20title%3A(%22David%20Bowie%22%20OR%20%22Ziggy%22%20OR%20%22movie%22%20OR%20%22entertainment%22)&sort=date%20desc%2C%20bibcode%20desc&p_=0
Astrophysics,Wide-Field Infrared Explorer,WIRE,https://science.nasa.gov/wp-content/uploads/2023/06/wire.jpg,https://science.nasa.gov/mission/wire/,Survey Observatory,1,Small-class Explorers (SMEX),$72.0,1995-10-01,1997-10-01,1999-03-05,,,2000-09-30,Failure,Universe,Long-term monitoring of bright stars,"Infrared Imaging Telescope, Star Tracker",United States,Pegasus XL,250.0,253,253,1999-011A,https://en.wikipedia.org/wiki/Wide_Field_Infrared_Explorer,
Earth Science,Tomographic Experiment using Radiative Recombinative Ionospheric EUV and Radio Sources,Terriers,,https://science.nasa.gov/mission/terriers/,Orbiter,1,,,,,1999-05-18,,,1999-10-13,Completed,Ionosophere,Monitor Earth's ionosphere to better predict space weather,,United States,Pegasus,120.0,,,1999-026A,,
Earth Science,Quick Scatterometer Mission,QuikSCAT,https://science.nasa.gov/wp-content/uploads/2023/06/missionswebquickscat-l4ad92d.height-1024-jpg.webp,https://science.nasa.gov/mission/quikscat/,Orbiter,1,,$93.0,,,1999-06-20,,2002-06-01,2018-10-02,Completed,Earth,Study ocean winds to enhance environmental predictions and weather forecasting,SeaWinds scatterometer,United States,Titan II,970.0,,,1999-034A,https://en.wikipedia.org/wiki/QuikSCAT,
Astrophysics,Far Ultraviolet Spectroscopic Explorer,FUSE,"https://science.nasa.gov/wp-content/uploads/2023/06/192794main-fuse-20071018-hi.jpg?resize=2000,1350",https://science.nasa.gov/mission/fuse/,Pointed Observatory,1,Medium-class Explorers (MIDEX),,,,1999-06-24,,,2007-10-18,Completed,Universe,,,Canada,Delta II 7320,"1,400.0",,,1999-035A,,
Astrophysics,Chandra X-ray Observatory,Chandra,https://www.nasa.gov/wp-content/uploads/2023/03/chandra.png?w=1041,https://science.nasa.gov/mission/chandra/,Pointed Observatory,1,Great Observatories,"$1,500.0",1977-10-01,1988-10-01,1999-07-23,1999-08-12,2004-07-01,,Active,Universe,"To perform high angular resolution X-ray astronomy, observing sources 100 times fainter than previous X-ray telescopes.","ACIS (Advanced CCD Imaging Spectrometer), HRC (High Resolution Camera), HETG (High Energy Transmission Grating), LETG (Low Energy Transmission Grating)",United States,Shuttle,"4,790.0","4,790","5,860",1999-040B,https://en.wikipedia.org/wiki/Chandra_X-ray_Observatory,https://ui.adsabs.harvard.edu/search/q=bibgroup%3AChandra%20property%3Arefereed%20year%3A1999-2040&sort=date%20desc%2C%20bibcode%20desc&p_=0
Astrophysics,X-ray Multi-Mirror Mission-Newton,XMM-Newton,https://science.nasa.gov/wp-content/uploads/2023/06/xmm-jpg.webp,https://science.nasa.gov/mission/xmm-newton/,Pointed Observatory,1,,,,,1999-12-10,1999-12-10,,,Active,Universe,,,Europe,Ariane 5,"2,400.0",,,1999-066A,,https://ui.adsabs.harvard.edu/search/filter_property_fq_property=AND&filter_property_fq_property=property%3A%22refereed%22&fq=%7B!type%3Daqp%20v%3D%24fq_database%7D&fq=%7B!type%3Daqp%20v%3D%24fq_property%7D&fq_database=((database%3Aastronomy%20OR%20database%3Aphysics))&fq_property=(property%3A%22refereed%22)&q=(facility%3AXMM)%20OR%20(abs%3AXMM)%20property%3Arefereed%20year%3A1999-2030&sort=date%20desc%2C%20bibcode%20desc&p_=0
Earth Science,Terra,Terra,https://science.nasa.gov/wp-content/uploads/2023/06/terra-auto11-jpeg.webp,https://science.nasa.gov/mission/terra/,Orbiter,1,Earth Observing System (EOS),"$1,420.0",,,1999-12-18,2000-02-04,2006-01-01,,Active,Earth,"Gain an understanding of the interactions between Earth's land, atmosphere, oceans, and biology",ASTER,United States,Atlas-2 AS,"4,864.0",,,1999-068A,https://en.wikipedia.org/wiki/Terra_(satellite),
Earth Science,Active Cavity Radiometer Irradiance Monitor Satellite,ACRIMSAT,,https://science.nasa.gov/mission/acrimsat/,Orbiter,1,Earth Observing System (EOS),$17.5,,,1999-12-21,1999-12-21,2005-01-01,2013-12-14,Completed,Sun,Study total solar irradiance,Active Cavity Radiometer Irradiance Monitor-3 (ACRIM-3),United States,Taurus,115.0,,,1999-070B,https://en.wikipedia.org/wiki/ACRIMSAT,
Heliophysics,Imager for Magnetopause-to-Aurora Global Exploration,IMAGE,https://assets.science.nasa.gov/dynamicimage/assets/science/psd/solar-system/images/IMAGE_spacecraft.jpg?w=1245&h=701&fit=clip&crop=faces%2Cfocalpoint,https://science.nasa.gov/mission/image/,Remote Sensing Observatory,1,Medium-class Explorers (MIDEX),$132.0,1996-03-01,,2000-03-25,2000-03-25,,2018-08-05,Completed,Sun-Earth Interaction,Studied the response of Earth’s global magnetic environment,,United States,Delta II 7326,536.0,493,536,2000-017A,https://en.wikipedia.org/wiki/IMAGE_(spacecraft),https://ui.adsabs.harvard.edu/search/fl=identifier%2C%5Bcitations%5D%2Cabstract%2Cauthor%2Cauthor_count%2Cbook_author%2Corcid_pub%2Cpublisher%2Corcid_user%2Corcid_other%2Cbibcode%2Ccitation_count%2Ccomment%2Cdoi%2Cid%2Ckeyword%2Cpage%2Cproperty%2Cpub%2Cpub_raw%2Cpubdate%2Cpubnote%2Cread_count%2Ctitle%2Cvolume%2Cdatabase%2Clinks_data%2Cesources%2Cdata%2Ccitation_count_norm%2Cemail%2Cdoctype%2C%5Bfields%20author%3D3%5D%2C%5Bfields%20aff%3D3%5D%2C%5Bfields%20orcid_pub%3D3%5D%2C%5Bfields%20orcid_user%3D3%5D%2C%5Bfields%20orcid_other%3D3%5D&p_=0&q=(abs%3A%22Imager%20for%20Magnetopause-to-Aurora%20Global%20Exploration%22%20OR%20abs%3A%22Imager%20for%20Magnetopause%20to%20Aurora%20Global%20Exploration%22%20OR%20ack%3A%22Imager%20for%20Magnetopause-to-Aurora%20Global%20Exploration%22%20OR%20(abs%3A%22IMAGE%20mission%22)%20)property%3Arefereed%20&rows=25&sort=date%20desc%2C%20bibcode%20desc&start=0&ui_tag=results%2Fprimary
Earth Science,Challenging Minisatellite Payload,CHAMP,,https://science.nasa.gov/mission/champ/,Orbiter,1,,,,,2000-07-15,2001-04-11,,2010-09-19,Completed,Earth,Measure Earth's gravity and magnetic field,,Germany,Kosmos-3M,500.0,,,2000-039B,,
Heliophysics,Cluster II,Cluster-II,https://science.nasa.gov/wp-content/uploads/2023/06/cluster-II-mission-jpg.webp,https://science.nasa.gov/mission/cluster/,Constellation,4,,,,,2000-08-09,2000-08-09,,2024-09-01,Completed,Sun-Earth Interaction,Study Earth's magnetic environment,,Europe / United States,Soyuz-Fregat,550.0,,,2000-045A,,
Astrophysics,High Energy Transient Explorer 2,HETE 2,https://science.nasa.gov/wp-content/uploads/2023/06/hete-nasa.jpg,https://science.nasa.gov/mission/hete-2/,Survey Observatory,1,University-class Explorers (UNEX),$276.1,1997-07-01,,2000-10-09,2001-02-06,,2008-03-15,Completed,Gamma Ray Bursts,Determine the origin and nature of cosmic gamma-ray bursts (GRBs) by simultaneous observation of soft and medium X-rays and gamma-rays in order to provide precise localization of GRBs.,,United States / Japan / France / Italy,Pegasus-H,124.0,,,2000-061A,https://en.wikipedia.org/wiki/HETE_2,https://ui.adsabs.harvard.edu/search/q=(abs%3A%22HETE-2%22%20or%20abs%3A%22HETE-II%22%20or%20ack%3A%22HETE-2%22%20or%20ack%3A%22HETE-II%22%20OR%20%3Dfull%3A%22HETE-2%22%20OR%20%3Dfull%3A%22HETE-II%22)%20AND%20property%3Arefereed%20AND%20collection%3Aastronomy%20AND%20year%3A2001-2040&sort=citation_count%20desc%2C%20bibcode%20desc&p_=0
Earth Science,Earth Observing-1,EO-1,,https://science.nasa.gov/mission/eo-1/,Orbiter,1,,,,1998-10-01,2000-11-21,2000-11-21,,2017-03-30,Completed,Earth,Demonstrate new technologies and strategies for Earth observations,,United States,Delta II,573.0,,,2000-075A,,
Planetary Science,Mars Odyssey,ODY,https://science.nasa.gov/wp-content/uploads/2017/12/mars-odyssey-pia04244.jpg,https://science.nasa.gov/mission/odyssey/,Orbiter,1,Mars Exploration Program (MEP),$218.0,1996-10-01,1998-10-01,2001-04-07,2002-02-19,2004-08-25,,Active,Mars,Mapping the chemical elements and minerals that make up the Martian surface,"GRS, MARIE",United States,Delta II 7425,376.3,376.3,725,2001-013A,https://en.wikipedia.org/wiki/2001_Mars_Odyssey,https://ui.adsabs.harvard.edu/search/fq=%7B!type%3Daqp%20v%3D%24fq_database%7D&fq_database=(database%3Aastronomy%20OR%20database%3Aphysics)&q=(abs%3A%222001%20Mars%20Odyssey%22%20OR%20%20%20abs%3A%22Mars%20Odyssey%22%20OR%20%20%20(abs%3AODY%20AND%20(abs%3AMars))%20OR%20%20%20(abs%3ATHEMIS%20AND%20(abs%3AMars%20OR%20abs%3AMartian))%20OR%20%20%20(abs%3AHEND%20AND%20(abs%3AMars%20OR%20abs%3AOdyssey))%20OR%20%20%20ack%3A%22Mars%20Odyssey%22%20OR%20citations(doi%3A10.1126%2Fscience.1073722)%20)%20AND%20property%3Arefereed%20AND%20year%3A2002-2030%20AND%20NOT%20doi%3A%22%20%2010.1023%2FB%3ASPAC.0000021008.16305.94%22&sort=citation_count%20desc%2C%20bibcode%20desc&p_=0
Astrophysics,Wilkinson Microwave Anisotropy Probe,WMAP,"https://science.nasa.gov/wp-content/uploads/2023/06/wmap-mission-9a656de-jpeg.webp?resize=2000,1333",https://science.nasa.gov/mission/wmap/,Survey Observatory,1,Medium-class Explorers (MIDEX),$150.0,1996-04-01,,2001-06-30,2001-08-01,,2010-10-28,Completed,Cosmic Microwave Background,Measure the temperature differences across the sky in the cosmic microwave background.,Pseudo-Correlation Radiometer,United States,Delta II-7425-10,840.0,763,840,2001-027A,https://en.wikipedia.org/wiki/Wilkinson_Microwave_Anisotropy_Probe,https://ui.adsabs.harvard.edu/search/fq=%7B!type%3Daqp%20v%3D%24fq_database%7D&fq_database=(database%3Aastronomy%20OR%20database%3Aphysics)&q=(facility%3AWMAP%20OR%20citations(bibcode%3A2013ApJS..208...19H)%20OR%20citations(bibcode%3A2003ApJS..148..175S)%20OR%20abs%3AWMAP%20OR%20title%3AWMAP%20OR%20ack%3AWMAP%20OR%20abs%3A%22Microwave%20Anisotropy%20Probe%22%20)%20property%3Arefereed%20NOT%20title%3A(%22radiometer%22%20OR%20%22beam%22%20OR%20%22sidelobe%22%20OR%20%22passband%22%20OR%20%22calibration%22%20OR%20%22thermal%22)%20AND%20property%3Arefereed%20AND%20year%3A2002-2040&sort=date%20desc%2C%20bibcode%20desc&p_=0
Planetary Science,Genesis,Genesis,https://assets.science.nasa.gov/dynamicimage/assets/science/psd/solar/2023/07/63076main_genesis_artist_concept_med.jpg?w=1500&h=1118&fit=crop&crop=faces%2Cfocalpoint,https://science.nasa.gov/mission/genesis/,Sample Return,1,Discovery,$211.7,1997-10-01,1999-05-01,2001-08-08,2001-11-16,,2004-09-08,Completed,Sun-Earth Interaction,Collect solar wind samples and bring them to Earth,Solar Wind Ion Monitor Electron Monitor,United States,Delta II 7326,494.0,494,636,2001-034A,https://en.wikipedia.org/wiki/Genesis_(spacecraft),https://ui.adsabs.harvard.edu/search/p_=0&q=(%20%20%20citations(bibcode%3A2003SSRv..105..509B)%20%20%20%20OR%20citations(bibcode%3A2011Sci...332.1528M)%20%20%20%20OR%20abs%3A(%22Genesis%20mission%22%20AND%20%22solar%20wind%22)%20%20%20OR%20(ack%3A%22Genesis%20mission%22%20AND%20(full%3A%22solar%20wind%22%20OR%20full%3A%22isotope%22))%20)%20property%3Arefereed%20NOT%20title%3A(%22pre-launch%22%20OR%20%22calibration%22%20OR%20%22engineering%22%20OR%20%22operations%22)%20NOT%20title%3A(%22galaxy%22%20OR%20%22simulation%22%20OR%20%22cosmology%22)&sort=date%20desc%2C%20bibcode%20desc
Earth Science,Jason-1,Jason-1,https://science.nasa.gov/wp-content/uploads/2023/06/jason-1-jpg.webp,https://science.nasa.gov/mission/jason-1/,Orbiter,1,,$175.0,,,2001-12-07,2001-12-07,2005-01-01,2013-07-01,Completed,Earth,Monitor sea surface level and wave heights,Poseidon-2 altimeter,France / United States,Delta II 7920,500.0,,,2001-055A,https://en.wikipedia.org/wiki/Jason-1,
Heliophysics,Thermosphere Ionosphere Mesosphere Energetics and Dynamics,TIMED,https://science.nasa.gov/wp-content/uploads/2023/06/101101-timed-0-jpg.webp,https://science.nasa.gov/mission/timed/,Remote Sensing Observatory,1,Solar Terrestrial Probes (STP),$237.0,,,2001-12-07,2002-01-22,,,Active,Earth,Study a little-examined region of Earth's atmosphere,SABER,United States,Delta II,660.0,591,660,2001-055B,https://en.wikipedia.org/wiki/TIMED,https://ui.adsabs.harvard.edu/search/q=(%20%20%20citations(bibcode%3A2003JGRA..108.1451C)%20OR%20%20%20%20citations(bibcode%3A1999SPIE.3756..277R)%20OR%20%20%20%20citations(bibcode%3A2006JGRA..11110S01K)%20OR%20%20%20%20citations(bibcode%3A2005JGRA..110.1312W)%20OR%20%20%20%20abs%3A%22Thermosphere-Ionosphere-Mesosphere%20Energetics%20and%20Dynamics%22%20OR%20%20%20title%3A%22TIMED%22%20OR%20%20%20abs%3A%22TIMED%20mission%22%20OR%20%20%20%20abs%3A%22TIMED%20spacecraft%22%20OR%20%20%20%20abs%3A%22TIMED%20satellite%22%20OR%20%20%20(abs%3A%22SABER%22%20AND%20abs%3A%22TIMED%22)%20OR%20%20%20%20(abs%3A%22GUVI%22%20AND%20abs%3A%22TIMED%22)%20OR%20%20%20%20(abs%3A%22TIDI%22%20AND%20abs%3A%22TIMED%22)%20OR%20%20%20%20(abs%3A%22SEE%20instrument%22%20AND%20abs%3A%22TIMED%22)%20)%20%20property%3Arefereed%20%20year%3A2002-2030%20AND%20NOT%20title%3A(%22automata%22%20OR%20%22petri%20nets%22%20OR%20%22drug%22%20OR%20%22release%22%20OR%20%22exposure%22%20OR%20%22up%20and%20go%22)%20AND%20NOT%20abs%3A%22timed%20observations%22%20AND%20NOT%20abs%3A%22timed%20exposures%22%20AND%20NOT%20title%3A(%22Cassini%22%20OR%20%22Saturn%22%20OR%20%22Titan%22%20OR%20%22Enceladus%22%20OR%20%22Jupiter%22%20OR%20%22Mars%22%20OR%20%22Rover%22)&sort=date%20desc%2C%20bibcode%20desc&p_=0
Earth Science,Stratospheric Aerosol and Gas Experiment III,SAGE-III Meteor 3M,https://science.nasa.gov/wp-content/uploads/2023/06/sage3m3mzoom-jpg.webp,https://science.nasa.gov/mission/sage-3-meteor-3m/,Hosted Instrument,1,Earth Observing System (EOS),,1994-10-01,,2001-12-10,2001-12-10,,2006-03-06,Completed,Earth,"Observe stratospheric ozone, aerosols, and water vapor from space",,United States,Zenit,,521,,2001-056A,,
Heliophysics,Reuven Ramaty High Energy Solar Spectroscopic Imager,RHESSI,https://science.nasa.gov/wp-content/uploads/2023/06/rhessi-jpg.webp,https://science.nasa.gov/mission/rhessi/,Remote Sensing Observatory,1,Small-class Explorers (SMEX),$85.0,1997-10-01,,2002-02-05,2002-03-20,,2018-08-16,Completed,,Explore the basic physics of particle acceleration and energy release in solar flares,Reuven Ramaty High-Energy Solar Spectroscopic Imager (RHESSI),United States,Pegasus XL,230.0,291,291,2002-004A,https://en.wikipedia.org/wiki/Reuven_Ramaty_High_Energy_Solar_Spectroscopic_Imager,https://ui.adsabs.harvard.edu/search/fq=%7B!type%3Daqp%20v%3D%24fq_database%7D&fq_database=(database%3Aastronomy%20OR%20database%3Aphysics)&q=(%20%20%20citations(bibcode%3A2002SoPh..210....3L)%20OR%20%20%20bibgroup%3ARHESSI%20OR%20%20%20title%3ARHESSI%20OR%20%20%20abs%3ARHESSI%20OR%20%20%20ack%3ARHESSI%20OR%20%20%20(abs%3AHESSI%20AND%20abs%3ASolar)%20OR%20%20%20abs%3A%22Reuven%20Ramaty%20High%20Energy%20Solar%20Spectroscopic%20Imager%22%20)%20property%3Arefereed%20year%3A2002-2030%20NOT%20title%3A(%22Cherenkov%22%20OR%20%22Stereoscopic%22%20OR%20%22TeV%22%20OR%20%22H.E.S.S.%22%20OR%20%22Blazar%22%20OR%20%22Pulsar%22%20OR%20%22Galaxy%22)%20NOT%20title%3A(%22calibration%22%20OR%20%22annealing%22%20OR%20%22cryocooler%22%20OR%20%22grid%22%20OR%20%22modulation%22%20OR%20%22germanium%20detector%22)%20NOT%20abs%3A%22HESS%20I%22&sort=date%20desc%2C%20bibcode%20desc&p_=0
Earth Science,Gravity Recovery and Climate Experiment,GRACE,https://encrypted-tbn0.gstatic.com/images?q=tbn:ANd9GcQjE-knPGHLDjEan2Y1_gzkBA8uipOg3RODAg&s,https://science.nasa.gov/mission/grace/,Orbiter,2,Earth System Science Pathfinder (ESSP),$85.0,1997-05-01,,2002-03-17,2002-03-17,,2017-10-27,Completed,Earth,Measure Earth's gravity,,United States,Rokot,500.0,450,,2002-012A,,
Earth Science,Aqua,Aqua,https://science.nasa.gov/wp-content/uploads/2023/06/aqua.jpg,https://science.nasa.gov/mission/aqua/,Orbiter,1,Earth Observing System (EOS),$952.0,1991-10-01,,2002-05-04,2002-05-12,,,Active,Earth,Study Earth's water cycle,,United States,Delta II,"3,117.0",,3117,2002-022A,,
Planetary Science,Comet Nucleus Tour,CONTOUR,https://science.nasa.gov/wp-content/uploads/2008/02/contour-comet.jpg,https://science.nasa.gov/mission/contour/,Flyby,1,Discovery,$158.4,1997-08-01,2000-12-01,2002-07-03,,,2002-08-15,Failure,2-3 Comets,"To image, spectrally map, and analyze the composition of multiple comet nuclei during flybys.","Comet Impact Dust Analyzer (CIDA), CONTOUR Remote Imager/Spectrograph (CRISP), CONTOUR Aft Imager (CAI), Neutral Gas Ion Mass Spectrometer (NGIMS)",United States,Delta II 7425,328.0,384,970,2002-034A,https://en.wikipedia.org/wiki/CONTOUR,
Astrophysics,International Gamma-ray Astrophysics Laboratory,INTEGRAL,https://assets.science.nasa.gov/dynamicimage/assets/science/cds/general/images/2023/06/i/integral-vue02biswback.jpg?w=2000&h=1500&fit=crop&crop=faces%2Cfocalpoint,https://science.nasa.gov/mission/integral/,Survey Observatory,1,Horizon 2000,,,,2002-10-17,2002-12-20,,2025-02-28,Completed,Cosmic Sources,Observing gamma rays to provide imaging and spectroscopy of cosmic sources.,"ACS (AntiCoincidence Shield), IBIS (Imager on-Board the INTEGRAL Satellite), IREM (INTEGRAL Radiation Environment Monitor), JEM-X (Joint European X-Ray Monitor), OMC (Optical Monitor Camera), SPI (SPectrometer for INTEGRAL)",International,Proton-K,"3,500.0",,3500,2002-048A,https://en.wikipedia.org/wiki/INTEGRAL,
Earth Science,"Ice, Clouds and Land Elevation Satellite",ICESat,https://upload.wikimedia.org/wikipedia/commons/f/ff/Icesat.jpg,https://science.nasa.gov/mission/icesat/,Orbiter,1,Earth Observing System (EOS),$200.0,1998-01-26,,2003-01-13,2003-01-13,,2010-08-14,Completed,Earth,"Measure Earth's polar ice sheets, clouds, mountains and forests",Geoscience Laser Altimeter System (GLAS),United States,Delta II,970.0,880,,2003-002A,https://en.wikipedia.org/wiki/ICESat,
Astrophysics,Cosmic Hot Interstellar Plasma Spectrometer,CHIPS,https://science.nasa.gov/wp-content/uploads/2023/06/CHIPS-jpg.webp,https://science.nasa.gov/mission/chips/,Survey Observatory,1,University-Class Explorers (UNEX),$14.5,1997-10-01,,2003-01-13,2003-01-13,,2008-04-14,Completed,Universe,Study the hot gas between the stars,CHIPS spectrograph,United States,Delta II,60.0,40,60,2003-002B,https://en.wikipedia.org/wiki/CHIPS_(satellite),https://ui.adsabs.harvard.edu/search/fq=%7B!type%3Daqp%20v%3D%24fq_database%7D&fq_database=(database%3Aastronomy%20OR%20database%3Aphysics)&q=(%20%20%20citations(bibcode%3A2005ApJ...623..911H%20OR%20bibcode%3A2010SoPh..264..287S%20OR%20bibcode%3A2002SPIE.4854..319H)%20OR%20%20%20title%3A%22CHIPSat%22%20OR%20%20%20abs%3A%22Cosmic%20Hot%20Interstellar%20Plasma%20Spectrometer%22%20OR%20%20%20(abs%3A%22CHIPS%22%20AND%20(abs%3A%22Local%20Bubble%22%20OR%20abs%3A%22diffuse%20EUV%22%20OR%20abs%3A%22soft%20X-ray%22%20OR%20abs%3A%22hot%20plasma%22%20OR%20abs%3A%22interstellar%20medium%22%20OR%20abs%3A%22diffuse%20background%22%20OR%20abs%3A%22iron%20line%22%20OR%20abs%3A%22Fe%20lines%22%20OR%20abs%3A%22Fe%20emission%22))%20)%20property%3Arefereed%20year%3A2003-2030%20NOT%20title%3A(%22microchip%22%20OR%20%22fluidic%22%20OR%20%22biomedical%22%20OR%20%22gene%22%20OR%20%22DNA%22%20OR%20%22semiconductor%22%20OR%20%22wafer%22%20OR%20%22circuit%22%20OR%20%22packaging%22)%20NOT%20title%3A(%22CHIPS%20Act%22%20OR%20%22policy%22%20OR%20%22legislative%22)%20NOT%20(title%3A%22chipsat%22%20AND%20(abs%3A%22femto%22%20OR%20abs%3A%22swarm%22%20OR%20abs%3A%22pcb%22%20OR%20abs%3A%22sprite%22%20OR%20abs%3A%22gram-scale%22))&sort=date%20desc%2C%20bibcode%20desc&p_=0
Earth Science,Solar Radiation and Climate Experiment,SORCE,https://science.nasa.gov/wp-content/uploads/2023/06/sorce-image-jpg.webp,https://science.nasa.gov/mission/sorce/,Orbiter,1,Earth Observing System (EOS),$122.0,1998-10-01,,2003-01-25,2003-01-25,,2020-02-25,Completed,Sun-Earth interaction,"Measure incoming X-ray, ultraviolet, visible, near-infrared, and total solar radiation","TIM (Total Irradiance Monitor), SOLSTICE (Solar Stellar Irradiance Comparison Experiment), SIM (Spectral Irradiance Monitor), XPS (XUV Photometer System)",United States,Pegasus XL,287.0,,,2003-004A,https://en.wikipedia.org/wiki/Solar_Radiation_and_Climate_Experiment,https://ui.adsabs.harvard.edu/search/p_=0&q=abs%3A%22Solar%20Radiation%20and%20Climate%20Experiment%22%20doctype%3Aarticle%20property%3Arefereed&sort=date%20desc%2C%20bibcode%20desc
Astrophysics,Galaxy Evolution Explorer,GALEX,https://science.nasa.gov/wp-content/uploads/2023/06/glx2004-01r-img01-small-jpg.webp,https://science.nasa.gov/mission/galex/,Survey Observatory,1,Small-class Explorers (SMEX),$75.0,1998-01-08,,2003-04-28,2003-08-02,2006-01-03,2013-06-28,Completed,Universe,Measure the history of star formation by observing the universe in ultraviolet wavelengths,"Ultraviolet telescope, Near UV microchannel plate detector, Far UV microchannel plate detector",United States,Pegasus XL,280.0,287,287,2003-017A,https://en.wikipedia.org/wiki/GALEX,https://ui.adsabs.harvard.edu/search/p_=0&q=(%20bibgroup%3AGALEX%20OR%20ack%3AGALEX%20OR%20title%3AGALEX%20OR%20abs%3AGALEX%20OR%20%3Dabs%3A%22Galaxy%20Evolution%20Explorer%22%20)%20AND%20property%3Arefereed%20AND%20year%3A2004-2030%20AND%20collection%3Aastronomy%20AND%20NOT%20title%3A(%22calibration%22%20OR%20%22detector%22%20OR%20%22engineering%22%20OR%20%22pipeline%22%20OR%20%22telescope%20performance%22)&sort=citation_count%20desc%2C%20bibcode%20desc
Planetary Science,Hayabusa,Hayabusa,https://assets.science.nasa.gov/dynamicimage/assets/science/psd/solar/2023/07/hayabusa2_835.jpg?w=835&h=435&fit=crop&crop=faces%2Cfocalpoint,https://science.nasa.gov/mission/hayabusa/,Sample Return,1,,,,,2003-05-09,2005-09-15,,2010-06-13,Completed,Asteroid 25143 Itokawa,Collect a sample of asteroid 25143 Itokawa,,Japan,M-5,415.0,,510,2003-019A,,
Planetary Science,Mars Express,MEx,https://www.esa.int/var/esa/storage/images/esa_multimedia/images/2007/02/mars_express/9246210-5-eng-GB/Mars_Express.jpg,https://science.nasa.gov/mission/mars-express/,Orbiter,1,Horizon 2000,,,,2003-06-02,2004-01-01,2005-12-01,,Active,Mars,"Study the interior, subsurface, surface, atmosphere, and environment of Mars, focusing on the mystery of missing water.","High Resolution Stereo Camera (HRSC), Visible and Infrared Mineralogical, Mapping Spectrometer (OMEGA), Sub-surface Sounding Radar Altimeter (MARSIS), Planetary Fourier Spectrometer (PFS), Ultraviolet and Infrared Atmospheric Spectrometer (SPICAM), Energetic Neutral Atoms Analyser (ASPERA), Mars Radio Science Experiment (MaRS), Visual Monitoring Camera (VMC)",Europe / United States,Soyuz,666.0,,1186,2003-022A,https://en.wikipedia.org/wiki/Mars_Express,
Planetary Science,Mars Exploration Rovers Spirit,Spirit,https://photojournal.jpl.nasa.gov/jpeg/PIA04413.jpg,https://science.nasa.gov/mission/mer-spirit/,Rover,1,Mars Exploration Program (MEP),$410.0,2000-05-01,2002-01-01,2003-06-10,2004-01-04,2004-03-06,2011-05-25,Completed,Mars,Clues of Past Water,1. Panoramic Mast Assembly a. panoramic cameras (Pancam) b. navigation cameras (Navcam) c. miniature thermal emission spectrometer (Mini-TES) 2. Mössbauer Spectrometer (MB) 3. Alpha Particle X-ray Spectrometer (APXS) 4. Magnets (to collect dust particles) 5. Microscopic Imager (MI) 6. Rock Abrasion Tool (RAT),United States,Delta II 7925,185.0,1010,1062,2003-027A,https://en.wikipedia.org/wiki/Spirit_(rover),https://ui.adsabs.harvard.edu/search/q=(%20%20%20citations(bibcode%3A2003JGRE..108.8062S)%20OR%20%20%20citations(bibcode%3A2004Sci...305..794S)%20OR%20%20%20citations(bibcode%3A2004Sci...306.1698S)%20OR%20%20%20title%3A%22Mars%20Exploration%20Rover%22%20OR%20%20%20abs%3A%22Mars%20Exploration%20Rover%22%20OR%20%20%20(abs%3A%22Spirit%22%20AND%20abs%3A%22Gusev%22)%20OR%20%20%20(abs%3A%22Opportunity%22%20AND%20abs%3A%22Meridiani%22)%20OR%20ack%3A%22Mars%20Exploration%20Rover%22)%20abs%3A%22Mars%22%20property%3Arefereed%20NOT%20title%3A(%22mobility%22%20OR%20%22locomotion%22%20OR%20%22wheel%22%20OR%20%22motor%22%20OR%20%22telecommunications%22%20OR%20%22software%22%20OR%20%22entry%20descent%22%20OR%20%22EDL%22)%20%20NOT%20title%3A(%22algorithm%22%20OR%20%22recognition%22%20OR%20%22classifier%22%20OR%20%22training%22%20OR%20%22neural%22)%20NOT%20abs%3A(%22bacteria%22%20OR%20%22enzyme%22%20OR%20%22mercury%22%20OR%20%22protein%22%20OR%20%22gene%22)&sort=date%20desc%2C%20bibcode%20desc&p_=0
Planetary Science,Mars Exploration Rovers Opportunity,Opportunity,https://photojournal.jpl.nasa.gov/jpeg/PIA04413.jpg,https://science.nasa.gov/mission/mer-opportunity/,Rover,1,Mars Exploration Program (MEP),$410.0,2000-05-01,2002-01-01,2003-07-08,2004-01-25,2004-03-28,2019-02-13,Completed,Martian Surface,Determine if water ever existed on Mars and characterize Martian climate and geology.,1. Panoramic Mast Assembly a. panoramic cameras (Pancam) b. navigation cameras (Navcam) c. miniature thermal emission spectrometer (Mini-TES) 2. Mössbauer Spectrometer (MB) 3. Alpha Particle X-ray Spectrometer (APXS) 4. Magnets (to collect dust particles) 5. Microscopic Imager (MI) 6. Rock Abrasion Tool (RAT),United States,Delta II 7925,185.0,1010,1062,2003-032A,https://en.wikipedia.org/wiki/Opportunity_(rover),https://ui.adsabs.harvard.edu/search/q=(%20%20%20citations(bibcode%3A2003JGRE..108.8062S)%20OR%20%20%20citations(bibcode%3A2004Sci...305..794S)%20OR%20%20%20citations(bibcode%3A2004Sci...306.1698S)%20OR%20%20%20title%3A%22Mars%20Exploration%20Rover%22%20OR%20%20%20abs%3A%22Mars%20Exploration%20Rover%22%20OR%20%20%20(abs%3A%22Spirit%22%20AND%20abs%3A%22Gusev%22)%20OR%20%20%20(abs%3A%22Opportunity%22%20AND%20abs%3A%22Meridiani%22)%20OR%20ack%3A%22Mars%20Exploration%20Rover%22)%20abs%3A%22Mars%22%20property%3Arefereed%20NOT%20title%3A(%22mobility%22%20OR%20%22locomotion%22%20OR%20%22wheel%22%20OR%20%22motor%22%20OR%20%22telecommunications%22%20OR%20%22software%22%20OR%20%22entry%20descent%22%20OR%20%22EDL%22)%20%20NOT%20title%3A(%22algorithm%22%20OR%20%22recognition%22%20OR%20%22classifier%22%20OR%20%22training%22%20OR%20%22neural%22)%20NOT%20abs%3A(%22bacteria%22%20OR%20%22enzyme%22%20OR%20%22mercury%22%20OR%20%22protein%22%20OR%20%22gene%22)&sort=date%20desc%2C%20bibcode%20desc&p_=0
Astrophysics,Spitzer Space Telescope,SIRTF,https://assets.science.nasa.gov/dynamicimage/assets/science/psd/solar/2023/07/spitzer20171013-768.jpg?w=768&h=528&fit=crop&crop=faces%2Cfocalpoint,https://science.nasa.gov/mission/spitzer/,Pointed Observatory,1,Great Observatories,$776.0,1996-11-12,1998-04-01,2003-08-25,2003-12-18,,2020-01-30,Completed,Universe,Study the universe in infrared,Infrared Array Camera (IRAC) Infrared Spectrograph (IRS) Multiband Imaging Photometer for Spitzer (MIPS),United States,Delta 7920H ELV,865.0,785,950,2003-038A,https://en.wikipedia.org/wiki/Spitzer_Space_Telescope,https://ui.adsabs.harvard.edu/search/p_=0&q=bibgroup%3ASpitzer%20property%3Arefereed%20year%3A2004-2030&sort=date%20desc%2C%20bibcode%20desc
Planetary Science,Small Missions for Advanced Research in Technology-1,SMART-1,https://assets.science.nasa.gov/dynamicimage/assets/science/psd/solar/2023/07/SMART-1_768.jpg?w=768&h=961&fit=crop&crop=faces%2Cfocalpoint,https://science.nasa.gov/mission/smart-1/,Impactor,1,Small Missions for Advanced Research in Technology,,,,2003-09-27,2005-01-01,,2006-09-03,Completed,Moon,Test deep space technologies,"1. Advanced Moon Micro-Imager Experiment (AMIE) 2. Demonstration of a Compact X-ray Spectrometer (D-CIXS) 3. X-ray Solar Monitor 4. SMART-1 Infrared Spectrometer (XSM) 5. Electric Propulsion Diagnostic Package (EPDP) 6. Spacecraft Potential, Electron and Dust Experiment (SPEDE) 7. Ka Band TT&C Experiment (KATE)",Europe,Ariane 5G (no. V162) (L516),287.0,,367,2003-043C,https://en.wikipedia.org/wiki/SMART-1,
Planetary Science,Rosetta-Philae,Rosetta-Philae,https://assets.science.nasa.gov/dynamicimage/assets/science/psd/solar/2023/07/philae.jpg?w=1429&h=1126&fit=crop&crop=faces%2Cfocalpoint,https://science.nasa.gov/mission/rosetta-philae/,Orbiter,2,Horizon 2000,,,,2004-03-02,2014-08-06,,2016-09-30,Completed,Comet 67P/Churyumov-Gerasimenko,Comet Orbit and Landing,"Alice, CONSERT, COSIMA, GIADA, MIDAS, MIRO, OSIRIS, ROSINA, RPC, RSI, VIRTIS",International,Ariane 5G,100.0,,,2004-006C,https://en.wikipedia.org/wiki/Rosetta_(spacecraft),
Astrophysics,Gravity Probe B,GP-B,https://science.nasa.gov/wp-content/uploads/2023/06/artist-concept-of-gravity-probe-b-jpg.webp,https://science.nasa.gov/mission/gravity-probe-b/,Pointed Observatory,1,Flagship,$709.0,1992-10-01,1998-03-01,2004-04-20,2004-08-28,,2010-12-08,Completed,Spacetime,Measure two key predictions of Einstein's general theory of relativity,Four gyroscopes,United States,Delta II,"3,100.0",,3100,2004-014A,https://en.wikipedia.org/wiki/Gravity_Probe_B,https://ui.adsabs.harvard.edu/search/fq=%7B!type%3Daqp%20v%3D%24fq_database%7D&fq_database=(database%3Aastronomy%20OR%20database%3Aphysics)&q=year%3A2010-2030%20AND%20property%3Arefereed%20AND%20(abs%3A(%22Gravity%20Probe%20B%22%20OR%20%22GP-B%22)%20OR%20citations(2011PhRvL.106v1101E)%20)&sort=date%20desc%2C%20bibcode%20desc&p_=0
Earth Science,Aura (EOS CH-1),Aura,https://photojournal.jpl.nasa.gov/jpeg/PIA18178.jpg,https://science.nasa.gov/mission/aura/,Orbiter,1,Earth Observing System (EOS),$765.0,1990-10-01,,2004-07-15,2004-08-15,2010-10-01,,Active,Earth,Measure trace gases in Earth's atmosphere,,United States,Delta II,"2,970.0",,,2004-026A,https://en.wikipedia.org/wiki/Aura_(satellite),
Planetary Science,"MErcury Surface, Space ENvironment, GEochemistry, and Ranging",MESSENGER,https://photojournal.jpl.nasa.gov/jpeg/PIA18145.jpg,https://science.nasa.gov/mission/messenger/,Orbiter,1,Discovery,$427.0,1999-07-01,2001-06-01,2004-08-03,2011-04-04,2012-03-17,2015-04-30,Completed,Mercury,Mapping and Science Discoveries,Mercury Dual Imaging System (MDIS) Gamma-ray Spectrometer (GRS) Neutron Spectrometer (NS) X-ray Spectrometer (XRS) Magnetometer (MAG) Mercury Laser Altimeter (MLA) Mercury Atmospheric and Surface Composition Spectrometer (MASCS) Energetic Particle and Plasma Spectrometer (EPPS) Radio Science Experiment (RS),United States,Delta II 7925,485.2,506,"1,107.90",2004-030A,https://en.wikipedia.org/wiki/MESSENGER,https://ui.adsabs.harvard.edu/search/q=(%20%20%20facility%3A%22MESSENGER%22%20OR%20%20%20abs%3A%22Mercury%20Surface%2C%20Space%20Environment%2C%20Geochemistry%2C%20and%20Ranging%22%20OR%20%20%20(abs%3AMESSENGER%20AND%20(abs%3AMercury%20OR%20abs%3Ahermean))%20OR%20%20%20(ack%3A%22MESSENGER%20mission%22%20OR%20ack%3A%22MESSENGER%20team%22)%20)%20AND%20property%3Arefereed%20AND%20year%3A2005-2030&sort=date%20desc%2C%20bibcode%20desc&p_=0
Astrophysics,Neil Gehrels Swift Observatory,Swift,https://assets.science.nasa.gov/dynamicimage/assets/science/missions/swift-observatory/homepage/swift_view_update.jpg?w=3840&h=2160&fit=crop&crop=faces%2Cfocalpoint,https://science.nasa.gov/mission/swift/,Pointed Observatory,1,Medium-class Explorers (MIDEX),$250.0,1999-10-14,2001-02-16,2004-11-20,2005-04-05,2007-01-01,,Active,Gamma Ray Bursts,Determine the origin of gamma-ray bursts,"Burst Alert Telescope (BAT), X-ray Telescope (XRT), Ultraviolet/Optical Telescope (UVOT)",United States,Delta II,"1,470.0",1456,1470,2004-047A,https://en.wikipedia.org/wiki/Neil_Gehrels_Swift_Observatory,https://ui.adsabs.harvard.edu/search/fq=%7B!type%3Daqp%20v%3D%24fq_database%7D&fq_database=(database%3Aastronomy%20OR%20database%3Aphysics)&q=(facility%3Aswift)%20OR%20(abs%3Aswift%20AND%20(full%3AGRB%20OR%20full%3ANASA%20OR%20full%3AAGN%20OR%20full%3AXRT))%20property%3Arefereed%20collection%3Aastronomy&sort=date%20desc%2C%20bibcode%20desc&p_=0
Planetary Science,Deep Impact (EPOXI - Extrasolar Planet Observation and Deep Impact Extended Investigation),Deep Impact (EPOXI),https://assets.science.nasa.gov/dynamicimage/assets/science/psd/solar/2023/07/deep_impact.jpg?w=768&h=512&fit=crop&crop=faces%2Cfocalpoint,https://science.nasa.gov/mission/deep-impact-epoxi/,Impactor,1,Discovery,$342.0,1999-11-01,2001-06-01,2005-01-12,2005-06-01,2005-08-01,2013-09-20,Completed,Comet 9P/Tempel 1,Probe beneath the surface of a comet,Flyby Spacecraft : 1. High-Resolution Instrument (HRI) 2. Medium Resolution Instrument (MRI) Impactor: 1. Impact or Targeting Sensor (ITS),United States,Delta II,650.0,879,973,2005-001A,https://en.wikipedia.org/wiki/Deep_Impact_(spacecraft),https://ui.adsabs.harvard.edu/search/fl=identifier%2C%5Bcitations%5D%2Cabstract%2Cauthor%2Cauthor_count%2Cbook_author%2Corcid_pub%2Cpublisher%2Corcid_user%2Corcid_other%2Cbibcode%2Ccitation_count%2Ccomment%2Cdoi%2Cid%2Ckeyword%2Cpage%2Cproperty%2Cpub%2Cpub_raw%2Cpubdate%2Cpubnote%2Cread_count%2Ctitle%2Cvolume%2Cdatabase%2Clinks_data%2Cesources%2Cdata%2Ccitation_count_norm%2Cemail%2Cdoctype%2C%5Bfields%20author%3D3%5D%2C%5Bfields%20aff%3D3%5D%2C%5Bfields%20orcid_pub%3D3%5D%2C%5Bfields%20orcid_user%3D3%5D%2C%5Bfields%20orcid_other%3D3%5D&fq=%7B!type%3Daqp%20v%3D%24fq_database%7D&fq_database=(database%3Aastronomy%20OR%20database%3Aphysics)&q=(abs%3A('Deep%20Impact'%20'Tempel%201')%20OR%20abs%3A%22EPOXI%22%20OR%20(ack%3A%22Deep%20Impact%20project%22%20OR%20ack%3A%22EPOXI%20project%22%20OR%20ack%3A%22EPOXI%20team%22)%20OR%20citations(2005Sci...310..258A))%20property%3Arefereed%20year%3A2005-2030%20doctype%3Aarticle&rows=25&sort=date%20desc%2C%20bibcode%20desc&start=0&ui_tag=results%2Fprimary&p_=0
Astrophysics,Suzaku (ASTRO-EII),Suzaku,"https://science.nasa.gov/wp-content/uploads/2023/06/suzaku-print-jpg.webp?resize=2000,1600",https://science.nasa.gov/mission/suzaku/,Pointed Observatory,1,Mission of Opportunity (MO),,,,2005-07-10,2005-07-10,,2015-09-02,Completed,,,,Japan,M-5,"1,600.0",,,2005-025A,,
Planetary Science,Mars Reconnaissance Orbiter,MRO,https://science.nasa.gov/wp-content/uploads/2017/12/mars-reconnaissance-orbiter-pia04916.jpg,https://science.nasa.gov/mission/mars-reconnaissance-orbiter/,Orbiter,1,Mars Exploration Program (MEP),$720.0,2001-10-03,2002-07-01,2005-08-12,2006-11-08,2010-09-01,,Active,Mars,Gain better knowledge of the distribution and history of water on Mars,"three cameras, two spectrometers, subsurface radar",United States,Atlas V 401,"1,031.0",981.0,2180,2005-029A,https://en.wikipedia.org/wiki/Mars_Reconnaissance_Orbiter,https://mropd.psi.edu/browse.php
Planetary Science,Venus Express,Venus Express,https://assets.science.nasa.gov/dynamicimage/assets/science/psd/solar/2023/07/venusexpress.jpg?w=700&h=593&fit=crop&crop=faces%2Cfocalpoint,https://science.nasa.gov/mission/venus-express/,Orbiter,1,,,,,2005-11-09,2006-04-11,,2014-12-16,Completed,Venus,"Study the atmosphere of Venus, its plasma environment, and surface",1. Analyzer of Space Plasma and Energetic Atoms (ASPERA) 2. Venus Express Magnetometer (MAG) 3. Planetary Fourier Spectrometer (PFS) 4. Ultraviolet and Infrared Atmospheric Spectrometer (SPICAV/SOIR) 5. Venus Radio Science Experiment (VeRa) 6. Visible and Infrared Thermal Imaging Spectrometer (VIRTIS) 7. Venus Monitoring Camera (VMC),International,Soyuz-Fregat,670.0,,1270,2005-045A,https://en.wikipedia.org/wiki/Venus_Express,
Planetary Science,New Horizons,New Horizons,https://www.jhuapl.edu/sites/default/files/2022-12/IMG_Projects_New-Horizons.jpg,https://science.nasa.gov/mission/new-horizons/,Flyby,1,New Frontiers,$720.0,2001-11-29,2003-03-01,2006-01-19,2015-01-15,2016-10-01,,Active,Pluto,"Pluto Flyby, Kuiper Belt Object Flyby",Ralph-Visible and Infrared Imager/Spectrometer Alice-Ultraviolet Imaging Spectrometer Radio-Science Experiment (REX) Long-Range Reconnaissance Imager (LORRI) Solar Wind and Plasma Spectrometer (SWAP) Pluto Energetic Particle Spectrometer Science Investigation (PEPSSI) Student Dust Counter (SDC),United States,Atlas V 551,385.0,401,478,2006-001A,https://en.wikipedia.org/wiki/New_Horizons,https://ui.adsabs.harvard.edu/search/p_=0&q=((abs%3A%22New%20Horizons%22%20and%20(full%3A%22Pluto%22%20OR%20full%3A%22Kuiper%20belt%22))%20OR%20ack%3A%22New%20Horizons%20project%22)%20AND%20property%3Arefereed%20AND%20NOT%20abs%3A%22builds%20on%20the%20heritage%22&sort=date%20desc%2C%20bibcode%20desc
Earth Science,Cloud-Aerosol Lidar and Infrared Pathfinder Satellite Observations,CALIPSO,https://earthdata.nasa.gov/s3fs-public/2024-12/asdc-calipso-data-tool-th.jpg?VersionId=YjSSkc4hnrSeoOFzmlieuO1O4p1jh0C6,https://science.nasa.gov/mission/calipso/,Orbiter,1,Earth System Science Pathfinder (ESSP),$223.0,1998-12-22,,2006-04-28,2006-04-28,,2023-08-01,Completed,Earth,Probe the properties of Earth's thin clouds and aerosols,,United States / France,Delta II 7420,587.0,533,,2006-016B,https://en.wikipedia.org/wiki/CALIPSO,
Earth Science,Cloudsat,Cloudsat,https://photojournal.jpl.nasa.gov/jpeg/PIA03013.jpg,https://science.nasa.gov/mission/cloudsat/,Orbiter,1,Earth System Science Pathfinder (ESSP),$185.0,1999-03-30,,2006-04-28,2006-04-28,,2023-12-15,Completed,Earth,Observe Earth's clouds,Cloud Profiling Radar (CPR),United States,Delta II 7420,700.0,500,,2006-016A,https://en.wikipedia.org/wiki/CloudSat,
Heliophysics,Hinode,Solar-B,https://science.nasa.gov/wp-content/uploads/2023/06/Hinode_SQUARE-jpg.webp,https://science.nasa.gov/mission/hinode/,Remote Sensing Observatory,1,Solar Terrestrial Probes (STP),,,,2006-09-22,2006-09-22,,,Active,Sun,Observe the Sun,"Solar Optical Telescope (SOT), X-ray Telescope (XRT), Extreme-Ultraviolet Imaging Spectrometer (EIS)",Japan,ISAS MV,700.0,,,2006-041A,https://en.wikipedia.org/wiki/Hinode_(satellite),
Heliophysics,Solar Terrestrial Relations Observatory A & B,STEREO,https://assets.science.nasa.gov/dynamicimage/assets/science/psd/solar/2023/07/512101main_stereo-orig_768.jpg?w=768&h=597&fit=crop&crop=faces%2Cfocalpoint,https://science.nasa.gov/mission/stereo/,Remote Sensing Observatory,2,Solar Terrestrial Probes (STP),$550.0,1999-11-29,2002-03-01,2006-10-26,2006-10-26,2009-01-01,,Active,Sun,Study the Sun-Earth system,"Sun Earth Connection Coronal and Heliospheric Investigation (SECCHI), In-situ Measurements of Particles and CME Transients (IMPACT), Plasma and Suprathermal Ion Composition (PLASTIC), STEREO/WAVES (S/WAVES)",United States,Delta II,"1,240.0",1070,1240,"2006-047A, 2006-047B",https://en.wikipedia.org/wiki/STEREO,https://ui.adsabs.harvard.edu/search/fq=%7B!type%3Daqp%20v%3D%24fq_database%7D&fq_database=(database%3Aastronomy%20OR%20database%3Aphysics)&q=bibgroup%3ASTEREO%20property%3Arefereed%20year%3A2006-2040&sort=date%20desc%2C%20bibcode%20desc&p_=0
Heliophysics,"Time History of Events and Macroscale Magnetospheric Processes / Acceleration, Reconnection, Turbulence and Electrodynamics of the Moon’s Interaction with the Sun",THEMIS-ARTEMIS,https://science.nasa.gov/wp-content/uploads/2017/11/512124main-themis-full.jpg,https://science.nasa.gov/mission/themis-artemis/,Constellation,5,Medium-class Explorers (MIDEX),$180.0,2003-03-20,2004-04-01,2007-02-17,2007-02-17,,,Active,Sun-Earth interaction,How mass and energy move through the near-Earth space environment,Electric Field Instruments (EFI) Fluxgate Magnetometer (FGM) Search Coil Magnetometer (SCM) Electrostatic Analyzer (ESA) Solid State Telescope (SST),United States,Delta II 7925,385.0,513,630,2007-004A,https://en.wikipedia.org/wiki/THEMIS,https://ui.adsabs.harvard.edu/search/fq=%7B!type%3Daqp%20v%3D%24fq_database%7D&fq_database=(database%3Aastronomy%20OR%20database%3Aphysics)&p_=0&q=(%20%20%20citations(bibcode%3A2008SSRv..141....5A)%20OR%20%20%20citations(bibcode%3A2011SSRv..165....3A)%20OR%20%20%20bibgroup%3ATHEMIS%20OR%20%20%20(title%3ATHEMIS%20AND%20title%3Asubstorm)%20OR%20%20%20(abs%3A%22THEMIS%20mission%22%20AND%20(abs%3A%22substorm%22%20OR%20abs%3A%22magnetosphere%22%20OR%20abs%3A%22reconnection%22%20OR%20abs%3A%22aurora%22))%20OR%20%20%20(abs%3A%22ARTEMIS%20mission%22%20AND%20(abs%3A%22P1%22%20OR%20abs%3A%22P2%22%20OR%20abs%3A%22probes%22%20OR%20abs%3A%22libration%22%20OR%20abs%3A%22magnetotail%22))%20OR%20%20%20(abs%3A%22Fluxgate%20Magnetometer%22%20AND%20(abs%3ATHEMIS%20OR%20abs%3AARTEMIS))%20OR%20%20%20(abs%3A%22Electrostatic%20Analyzer%22%20AND%20(abs%3ATHEMIS%20OR%20abs%3AARTEMIS))%20)%20property%3Arefereed%20AND%20(%20%20%20abs%3A%22plasma%22%20OR%20%20%20%20abs%3A%22magnetic%20field%22%20OR%20%20%20%20abs%3A%22dipolarization%22%20OR%20%20%20%20abs%3A%22ion%22%20OR%20%20%20%20abs%3A%22electron%22%20)%20NOT%20title%3A(%22Mars%22%20OR%20%22Thermal%20Emission%22%20OR%20%22Odyssey%22%20OR%20%22infrared%22%20OR%20%22geology%22%20OR%20%22crater%22)%20NOT%20title%3A(%22Artemis%20I%22%20OR%20%22Artemis%20II%22%20OR%20%22Artemis%20III%22%20OR%20%22human%22%20OR%20%22crew%22%20OR%20%22landing%20system%22%20OR%20%22Gateway%22%20OR%20%22SLS%22%20OR%20%22Orion%22%20OR%20%22astronaut%22)&sort=date%20desc%2C%20bibcode%20desc
Heliophysics,Aeronomy of Ice in Mesosphere,AIM,https://science.nasa.gov/wp-content/uploads/2023/06/aim-auto18-jpeg.webp,https://science.nasa.gov/mission/aim/,Remote Sensing Observatory,1,Small-class Explorers (SMEX),$140.0,2002-07-11,2004-04-01,2007-04-25,2007-05-22,,2023-03-13,Completed,Earth,Study night-shining clouds,"Cosmic Dust Experiment (CDE), Cloud Imaging and Particle Size (CIPS), Solar Occultation for Ice Experiment (SOFIE)",United States,Pegasus XL,197.0,190,197,2007-015A,https://en.wikipedia.org/wiki/Aeronomy_of_Ice_in_the_Mesosphere,https://ui.adsabs.harvard.edu/search/fq=%7B!type%3Daqp%20v%3D%24fq_database%7D&fq_database=(database%3Aastronomy%20OR%20database%3Aphysics)&p_=0&q=property%3Arefereed%20AND%20(%20%20%20abs%3A(%22Aeronomy%20of%20Ice%20in%20Mesophere%22)%20%20%20OR%20ack%3A%22Aeronomy%20of%20Ice%20in%20Mesophere%22%20OR%20%20%20abs%3A(AIM%20AND%20(%22noctilucent%20cloud%22%20OR%20%22noctilucent%20clouds%22%20OR%20%22polar%20mesospheric%20cloud%22%20OR%20%22polar%20mesospheric%20clouds%22))%20%20%20OR%20%20%20abs%3A((CIPS%20OR%20SOFIE%20OR%20CDE)%20AND%20(%22noctilucent%20cloud%22%20OR%20%22noctilucent%20clouds%22%20OR%20%22polar%20mesospheric%20cloud%22%20OR%20%22polar%20mesospheric%20clouds%22))%20)&sort=date%20desc%2C%20bibcode%20desc
Planetary Science,Mars Phoenix,PHX,https://photojournal.jpl.nasa.gov/jpeg/PIA07247.jpg,https://science.nasa.gov/mission/mars-phoenix/,Lander,1,Mars Scout,$420.0,2003-01-15,2005-03-01,2007-08-04,2008-05-25,2008-08-30,2008-11-02,Completed,Mars,Uncover the mysteries of the Martian arctic.,"Robotic arm (RA), Robotic Arm Camera (RAC), Thermal and Evolved Gas Analyzer (TEGA), Mars Descent Imager (MARDI), Meteorological station (MET), Surface Stereo Imager (SSI), Microscopy, Electrochemistry, and Conductivity Analyzer (MECA)",United States,Delta II 7925,670.0,597,664,2007-034A,https://en.wikipedia.org/wiki/Phoenix_(spacecraft),https://ui.adsabs.harvard.edu/search/q=((ack%3APhoenix%20AND%20ack%3AMars)%20OR%20(title%3APhoenix%20AND%20title%3AMars)%20OR%20(abs%3APhoenix%20AND%20abs%3AMars)%20OR%20citations(2009Sci...325...64H%20OR%202009JGRE..114.0E02A%20OR%20%202010JGRE..115.0E21N%20OR%20%202010JGRE..115.0E16E%20OR%20%202010JGRE..115.0E13D%20OR%20%202010JGRE..115.0E23D%20OR%20%202010JGRE..115.0E10K%20OR%20%202009JGRE..114.0E07M%20OR%20%202010JGRE..115.0E14Z%20OR%20%202010JGRE..115.0E20S%20OR%20%202010JGRE..115.0E24S%20OR%20%202009JGRE..114.0E06M%20OR%20%202010JGRE..115.0E18H%20OR%20%202009JGRE..114.0E03R%20OR%20%202010JGRE..115.0E22G%20OR%20%202009JGRE..114.0E04H%20OR%20%202010JGRE..115.0E09S%20OR%20%202010JGRE..115.0E17T%20OR%20%202009JGRE..114.0E05S%20OR%20%202010JGRE..115.0E12F)%20)%20AND%20property%3Arefereed%20AND%20doctype%3Aarticle%20AND%20year%3A2007-2040&sort=citation_count%20desc%2C%20bibcode%20desc&p_=0
Planetary Science,Kaguya,Kaguya,https://assets.science.nasa.gov/dynamicimage/assets/science/psd/solar/2023/07/kaguya_main-1280.jpg?w=1280&h=900&fit=crop&crop=faces%2Cfocalpoint,https://science.nasa.gov/mission/kaguya/,Orbiter,1,,,,,2007-09-14,2007-12-21,,2009-06-10,Completed,Moon,Obtain scientific data on lunar origins and evolution,1. X-ray Spectrometer (XRS) 2. Gamma-ray Spectrometer (GRS) 3. Multi-band Imager (MI) 4. Spectral Profiler (SP) 5. Terrain Camera (TC) 6. Lunar Radar Sounder (LRS) 7. Laser Altimeter (LALT) 8. Lunar Magnetometer (LMAG) 9. Charged Particle Spectrometer (CPS) 10. Plasma Energy Angle And Composition Experiment (PACE) 11. Radio Science Experiment (RS) 12. Upper Atmosphere And Plasma Imager (UPI) 13. Four-way Doppler Measurements By Relay Satellite And Main Orbiter Transponder (RSAT) 14. Differential VLBI Radio Source Experiment (VRAD) 15. High-definition Television (HDTV),Japan,H-2A,"1,984.0",,2900,2007-039A,https://en.wikipedia.org/wiki/SELENE,
Planetary Science,Dawn,Dawn,https://d2pn8kiwq2w21t.cloudfront.net/original_images/imagesdawn20150717pia19598-16.jpg,https://science.nasa.gov/mission/dawn/,Orbiter,1,Discovery,$472.0,2002-09-01,2003-12-01,2007-09-27,2011-07-16,,2018-10-31,Completed,Vesta and Ceres,Study the protoplanets Vesta and Ceres to understand the formation of the Solar System.,"Framing Camera (FC), Visible and Infrared Spectrometer (VIR), Gamma Ray and Neutron Detector (GRaND)",United States,Delta II 7925,725.0,565,"1,218.00",2007-043A,https://en.wikipedia.org/wiki/Dawn_(spacecraft),https://ui.adsabs.harvard.edu/search/fl=identifier%2C%5Bcitations%5D%2Cabstract%2Cauthor%2Cauthor_count%2Cbook_author%2Corcid_pub%2Cpublisher%2Corcid_user%2Corcid_other%2Cbibcode%2Ccitation_count%2Ccomment%2Cdoi%2Cid%2Ckeyword%2Cpage%2Cproperty%2Cpub%2Cpub_raw%2Cpubdate%2Cpubnote%2Cread_count%2Ctitle%2Cvolume%2Cdatabase%2Clinks_data%2Cesources%2Cdata%2Ccitation_count_norm%2Cemail%2Cdoctype%2C%5Bfields%20author%3D3%5D%2C%5Bfields%20aff%3D3%5D%2C%5Bfields%20orcid_pub%3D3%5D%2C%5Bfields%20orcid_user%3D3%5D%2C%5Bfields%20orcid_other%3D3%5D&q=(abs%3A(%22Dawn%20mission%22%20OR%20%22Dawn%20spacecraft%22%20OR%20%22Dawn%20at%20Vesta%22%20OR%20%22Dawn%20at%20Ceres%22)%20OR%20(abs%3A(Dawn%20AND%20(Vesta%20OR%20Ceres)))%20OR%20(abs%3A((VIR%20OR%20%22Framing%20Camera%22%20OR%20GRaND)%20AND%20(Vesta%20OR%20Ceres)))%20)%20AND%20property%3Arefereed%20AND%20year%3A2011-2040%20AND%20NOT%20abs%3A(%22dawn-dusk%22%20OR%20%22auroral%20dawn%22%20OR%20%22early-type%22)&rows=25&sort=date%20desc%2C%20bibcode%20desc&start=0&ui_tag=results%2Fprimary&p_=0
Heliophysics,Coupled Ion Neutral Dynamic Investigation,CINDI/CNOFS,https://upload.wikimedia.org/wikipedia/commons/0/00/606338main_CNOFS-orig_full.jpg,https://science.nasa.gov/mission/cindi/,Hosted Instrument,1,Mission of Opportunity (MO),$11.2,2000-12-15,,2008-04-16,2008-04-16,,2015-11-28,Completed,Sun-Earth Interaction,Study the elements that influence space weather near the Earth’s equator in the ionosphere and thermosphere in outer space.,,United States,Pegasus,,,,2008-017A,,https://ui.adsabs.harvard.edu/search/fl=identifier%2C%5Bcitations%5D%2Cabstract%2Cauthor%2Cauthor_count%2Cbook_author%2Corcid_pub%2Cpublisher%2Corcid_user%2Corcid_other%2Cbibcode%2Ccitation_count%2Ccomment%2Cdoi%2Cid%2Ckeyword%2Cpage%2Cproperty%2Cpub%2Cpub_raw%2Cpubdate%2Cpubnote%2Cread_count%2Ctitle%2Cvolume%2Cdatabase%2Clinks_data%2Cesources%2Cdata%2Ccitation_count_norm%2Cemail%2Cdoctype%2C%5Bfields%20author%3D3%5D%2C%5Bfields%20aff%3D3%5D%2C%5Bfields%20orcid_pub%3D3%5D%2C%5Bfields%20orcid_user%3D3%5D%2C%5Bfields%20orcid_other%3D3%5D&q=(abs%3A%22Coupled%20Ion-Neutral%20Dynamics%20Investigation%22%20OR%20(abs%3A%22CINDI%22%20AND%20abs%3A%22C%2FNOFS%22)%20OR%20ack%3A%22CINDI%20team%22%20or%20ack%3A%22CINDI%20project%22)%20AND%20property%3Arefereed%20AND%20year%3A2008-2030&rows=25&sort=citation_count%20desc%2C%20bibcode%20desc&start=0&ui_tag=results%2Fprimary&p_=0
Astrophysics,Fermi Gamma-ray Space Telescope,Fermi,https://science.nasa.gov/wp-content/uploads/2023/05/screenshot-2023-06-06-at-2.57.05-pm.png,https://science.nasa.gov/mission/fermi/,Survey Observatory,1,GLAST,$690.0,1999-01-01,2003-12-01,2008-06-11,2008-08-04,2013-08-11,,Active,Universe,Perform an all-sky survey studying astrophysical and cosmological phenomena using gamma-ray astronomy observations.,"Large Area Telescope (LAT), Gamma-ray Burst Monitor (GBM)",United States,Delta II,"4,303.0",3947,4303,2008-029A,https://en.wikipedia.org/wiki/Fermi_Gamma-ray_Space_Telescope,https://ui.adsabs.harvard.edu/search/fq=%7B!type%3Daqp%20v%3D%24fq_database%7D&fq_database=(database%3Aastronomy%20OR%20database%3Aphysics)&q=(facility%3AFermi)%20OR%20(abs%3AFermi%20AND%20(full%3AGRB%20OR%20full%3A%22Fermi%20LAT%22%20OR%20full%3A%22FERMI%2FLAT%22%20OR%20full%3A%22Fermi%20GBM%22%20OR%20full%3A%22Fermi%2FGBM%22))%20property%3Arefereed%20collection%3Aastronomy%20year%3A2008-2030&sort=date%20desc%2C%20bibcode%20desc&p_=0
Earth Science,Ocean Surface Topography Mission/Jason-2,OSTM / Jason-2,https://science.nasa.gov/wp-content/uploads/2023/06/artists-concept-of-ostm-above-earth-jpeg.webp,https://science.nasa.gov/mission/jason-2-ostm/,Orbiter,1,,,,,2008-06-20,2008-06-20,,2019-10-01,Completed,Earth,Mapping ocean height,"Poseidon-3 altimeter, T2L2 (Time Transfer by Laser Link), DORIS, Microwave Radiometer",France,Delta II,510.0,,,2008-032A,https://en.wikipedia.org/wiki/OSTM/Jason-2,
Heliophysics,Interstellar Boundary Explorer,IBEX,https://science.nasa.gov/wp-content/uploads/2017/12/263071main-ibex-illustration.jpg,https://science.nasa.gov/mission/ibex/,In-Situ Probe,1,Small-class Explorers (SMEX),$134.0,2005-01-27,2006-03-01,2008-10-19,2009-02-01,2010-03-02,,Active,Heliophere,Map the boundary of the solar system,"Two Very Large Aperture Single Pixel ""Cameras"" : IBEX–Hi and IBEX–Lo",United States,Pegasus XL,80.0,160,485,2008-051A,https://en.wikipedia.org/wiki/Interstellar_Boundary_Explorer,https://ui.adsabs.harvard.edu/search/q=(%20%20%20facility%3A%22IBEX%22%20OR%20%20%20abs%3A%22Interstellar%20Boundary%20Explorer%22%20OR%20%20%20(ack%3A%22IBEX%20mission%22%20OR%20ack%3A%22IBEX%20project%22)%20OR%20%20%20(%20%20%20%20%20abs%3AIBEX%20AND%20(%20%20%20%20%20%20%20citations(bibcode%3A2009Sci...326..959M)%20OR%20%20%20%20%20%20%20citations(bibcode%3A2009Sci...326..962F)%20OR%20%20%20%20%20%20%20citations(bibcode%3A2009Sci...326..964F)%20OR%20%20%20%20%20%20%20citations(bibcode%3A2009Sci...326..966S)%20OR%20%20%20%20%20%20%20citations(bibcode%3A2009Sci...326..969M)%20%20%20%20%20)%20%20%20)%20)%20AND%20property%3Arefereed%20AND%20year%3A2009-2030&sort=date%20desc%2C%20bibcode%20desc&p_=0
Planetary Science,Chandrayaan-1 / Moon Impact Probe,Chandrayaan-1,,https://science.nasa.gov/mission/chandrayaan-1/,Impactor,2,,,,,2008-10-22,,,2009-08-28,Completed,Moon,"Orbit, then impact Earth's Moon",Main Satellite 1. Terrain Mapping Camera (TMC) 2. Hyper Spectral Imager (HySI) 3. Lunar Laser Ranging Instrument (LLRI) 4. High Energy X-ray Spectrometer (HEX) 6. Chandrayaan-1 X-ray Spectrometer (CIXS) 7. Near Infrared Spectrometer (SIR-2) 8. Sub Kev Atom Reflecting Analyzer (SARA) 9. Miniature Synthetic Aperture Radar (Mini SAR) 10. NASA’s Moon Mineralogy Mapper (M3) 11. Radiation Dose Monitor (RADOM) Moon Impact Probe (MIP) 1. Radar Altimeter 2. Video Imaging System 3. Chandra’s Altitudinal Composition Explorer (Mass Spectrometer) (CHASE),India,PSLV-XL,523.0,,1380,2008-052A,https://en.wikipedia.org/wiki/Chandrayaan-1,
Earth Science,Orbiting Carbon Observatory,OCO,https://photojournal.jpl.nasa.gov/jpeg/PIA11449.jpg,https://science.nasa.gov/mission/oco/,Orbiter,1,Earth System Science Pathfinder (ESSP),$273.0,2023-12-01,,2009-02-24,,,2009-02-24,Failure,Earth,Measure carbon dioxide in Earth's atmosphere,Three parallel high-resolution spectrometers,United States,Taurus XL,530.0,,,,https://en.wikipedia.org/wiki/Orbiting_Carbon_Observatory,
Astrophysics,Kepler,Kepler,https://upload.wikimedia.org/wikipedia/commons/6/69/Kepler_Space_Telescope_spacecraft_model.png,https://science.nasa.gov/mission/kepler/,Survey Observatory,1,Discovery,$692.0,2001-12-20,2005-05-01,2009-03-06,2009-05-13,2012-11-15,2018-10-30,Completed,Exoplanets,Search for exoplanets,Photometer (Schmidt Telescope),United States,Delta II 7925-10L,"1,041.0",1040.7,1052.4,2009-011A,https://en.wikipedia.org/wiki/Kepler_space_telescope,https://ui.adsabs.harvard.edu/search/fl=identifier%2C%5Bcitations%5D%2Cabstract%2Cauthor%2Cauthor_count%2Cbook_author%2Corcid_pub%2Cpublisher%2Corcid_user%2Corcid_other%2Cbibcode%2Ccitation_count%2Ccomment%2Cdoi%2Cid%2Ckeyword%2Cpage%2Cproperty%2Cpub%2Cpub_raw%2Cpubdate%2Cpubnote%2Cread_count%2Ctitle%2Cvolume%2Cdatabase%2Clinks_data%2Cesources%2Cdata%2Ccitation_count_norm%2Cemail%2Cdoctype%2C%5Bfields%20author%3D3%5D%2C%5Bfields%20aff%3D3%5D%2C%5Bfields%20orcid_pub%3D3%5D%2C%5Bfields%20orcid_user%3D3%5D%2C%5Bfields%20orcid_other%3D3%5D&fq=%7B!type%3Daqp%20v%3D%24fq_database%7D&fq_database=(database%3Aastronomy%20OR%20database%3Aphysics)&q=(bibgroup%3AKepler%20OR%20facility%3AKepler%20OR%20ack%3A%22K2%20mission%22%20OR%20ack%3A%22Kepler%20mission%22)%20AND%20property%3Arefereed%20AND%20year%3A2009-2030%20AND%20doctype%3Aarticle&rows=25&sort=date%20desc%2C%20bibcode%20desc&start=0&ui_tag=results%2Fprimary&p_=0
Astrophysics,Herschel Space Observatory,HSO,https://assets.science.nasa.gov/dynamicimage/assets/science/psd/solar/2023/07/HerschelBeautyShot2_768.jpg?w=768&h=432&fit=crop&crop=faces%2Cfocalpoint,https://science.nasa.gov/mission/herschel-space-observatory/,Pointed Observatory,1,,,,,2009-05-14,2009-10-01,,2013-07-17,Completed,Universe,Study the universe in far-infrared and sub-millimeter wavelengths,1. Infrared Telescope 2. Heterodyne Instrument for the Far Infrared (HIFI) 3. Photoconductor Array Camera and Spectrometer (PACS) 4. Spectral and Photometric Imaging Receiver (SPIRE),International,Ariane 5 ECA,"3,300.0",,3400,2009-026A,https://en.wikipedia.org/wiki/Herschel_(spacecraft),
Astrophysics,Planck,Planck,https://science.nasa.gov/wp-content/uploads/2023/06/planck-concept-1042-jpg.webp,https://science.nasa.gov/mission/planck/,Survey Observatory,1,Horizon 2000,,,,2009-05-14,2009-07-03,,2013-10-23,Completed,Universe,Observe radiation from the beginnings of the universe,"High Frequency Instrument (HFI), Low Frequency Instrument (LFI)",International,Ariane 5 ECA,"1,800.0",,1950,2009-026B,https://en.wikipedia.org/wiki/Planck_(spacecraft),
Planetary Science,Lunar CRater Observation and Sensing Satellite,LCROSS,https://assets.science.nasa.gov/dynamicimage/assets/science/psd/solar/2023/07/226580main_2007-08-02_On_Way_In.jpg?w=1280&h=1280&fit=crop&crop=faces%2Cfocalpoint,https://science.nasa.gov/mission/lcross/,Impactor,1,Lunar Precursor Robotic Program,$79.0,2006-04-01,2006-12-01,2009-06-18,2009-10-09,2009-10-09,2009-10-09,Completed,Moon,Confirm the presence of water ice on the Moon,Visible Camera Two Near Infrared Cameras Two Mid-Infrared Cameras Visible Spectrometer Two Near-Infrared Spectrometers Total Luminescence Photometer (TLP),United States,Atlas V 401,534.0,621,621,2009-031B,https://en.wikipedia.org/wiki/LCROSS,https://ui.adsabs.harvard.edu/search/filter_doctype_facet_hier_fq_doctype=AND&filter_doctype_facet_hier_fq_doctype=doctype_facet_hier%3A%220%2FArticle%22&fq=%7B!type%3Daqp%20v%3D%24fq_doctype%7D&fq_doctype=(doctype_facet_hier%3A%220%2FArticle%22)&p_=0&q=abs%3ALCROSS%20property%3Arefereed%20year%3A2009-2030&sort=date%20desc%2C%20bibcode%20desc
Planetary Science,Lunar Reconnaissance Orbiter,LRO,https://science.nasa.gov/wp-content/uploads/2017/11/174593main-lro-rendering.jpg,https://science.nasa.gov/mission/lro/,Orbiter,1,Lunar Precursor Robotic Program,$504.0,2004-12-22,2006-05-01,2009-06-18,2009-09-15,2010-09-14,,Active,Moon,Exploration and Science,"CRaTER, DLRE, LAMP, LEND, LOLA, LROC, Mini-RF",United States,Atlas V 401,500.0,1018,1916,2009-031A,https://en.wikipedia.org/wiki/Lunar_Reconnaissance_Orbiter,https://ui.adsabs.harvard.edu/search/filter_doctype_facet_hier_fq_doctype=AND&filter_doctype_facet_hier_fq_doctype=doctype_facet_hier%3A%220%2FArticle%22&fq=%7B!type%3Daqp%20v%3D%24fq_database%7D&fq=%7B!type%3Daqp%20v%3D%24fq_doctype%7D&fq_database=(database%3Aastronomy%20OR%20database%3Aphysics)&fq_doctype=(doctype_facet_hier%3A%220%2FArticle%22)&q=(abs%3A%22Lunar%20Reconnaissance%20Orbiter%22%20OR%20(abs%3ALRO%20AND%20(abs%3AMoon%20OR%20abs%3Alunar))%20OR%20(ack%3A%22LRO%20mission%22%20OR%20ack%3A%22LRO%20team%22%20OR%20ack%3A%22Lunar%20Reconnaissance%20Orbiter%22%20OR%20ack%3A%22LRO%20project%22)%20)%20AND%20property%3Arefereed%20AND%20year%3A2009-2030&sort=date%20desc%2C%20bibcode%20desc&p_=0
Astrophysics,Wide-field Infrared Survey Explorer,WISE/NEOWISE,https://images.www.caltech.edu/main/images/01-NEOWISE-Holda-1-neowise-e.985a0011.fill-1600x810-c100.jpg,https://science.nasa.gov/mission/neowise/,Survey Observatory,1,Medium-class Explorers (MIDEX),$310.0,2003-03-01,2006-10-01,2009-12-14,2010-01-07,2010-10-01,2024-07-31,Completed,Universe/NEOs,Search for near-Earth asteroids and comets,Cryogenic Telescope with Four Megapixel Infrared Cameras,United States,Delta II,661.0,645,661,2009-071A,https://en.wikipedia.org/wiki/Wide-field_Infrared_Survey_Explorer,https://ui.adsabs.harvard.edu/search/fq=%7B!type%3Daqp%20v%3D%24fq_database%7D&fq_database=(database%3Aastronomy%20OR%20database%3Aphysics)&q=((facility%3Awise)%20OR%20(abs%3Awise)%20OR%20(abs%3ANEOWISE))%20property%3Arefereed%20collection%3Aastronomy%20year%3A2010-2030&sort=date%20desc%2C%20bibcode%20desc&p_=0
Heliophysics,Solar Dynamics Observatory,SDO,https://photojournal.jpl.nasa.gov/jpeg/PIA18169.jpg,https://science.nasa.gov/mission/sdo/,Remote Sensing Observatory,1,Living With a Star (LWS),$870.0,2002-09-01,2004-07-01,2010-02-11,2010-05-01,,,Active,Sun,Study how solar activity is created and drives space weather,Helioseismic and Magnetic Imager (HMI),United States,Atlas V,270.0,1542,3100,2010-005A,https://en.wikipedia.org/wiki/Solar_Dynamics_Observatory,https://ui.adsabs.harvard.edu/search/fl=identifier%2C%5Bcitations%5D%2Cabstract%2Cauthor%2Cauthor_count%2Cbook_author%2Corcid_pub%2Cpublisher%2Corcid_user%2Corcid_other%2Cbibcode%2Ccitation_count%2Ccomment%2Cdoi%2Cid%2Ckeyword%2Cpage%2Cproperty%2Cpub%2Cpub_raw%2Cpubdate%2Cpubnote%2Cread_count%2Ctitle%2Cvolume%2Cdatabase%2Clinks_data%2Cesources%2Cdata%2Ccitation_count_norm%2Cemail%2Cdoctype%2C%5Bfields%20author%3D3%5D%2C%5Bfields%20aff%3D3%5D%2C%5Bfields%20orcid_pub%3D3%5D%2C%5Bfields%20orcid_user%3D3%5D%2C%5Bfields%20orcid_other%3D3%5D&fq=%7B!type%3Daqp%20v%3D%24fq_database%7D&fq_database=(database%3Aastronomy%20OR%20database%3Aphysics)&q=(facility%3ASDO%20OR%20abs%3A%22Solar%20Dynamics%20Observatory%22%20OR%20(abs%3ASDO%20AND%20(abs%3Asolar%20OR%20abs%3ASun%20OR%20abs%3Acorona))%20OR%20(ack%3A%22SDO%20Project%22%20OR%20ack%3A%22SDO%20mission%22%20OR%20ack%3A%22Solar%20Dynamics%20Observatory%22)%20)%20AND%20property%3Arefereed%20AND%20year%3A2010-2030%20AND%20NOT%20abs%3A%22SDO%20method%22&rows=25&sort=date%20desc%2C%20bibcode%20desc&start=0&ui_tag=results%2Fprimary&p_=0
Planetary Science,Akatsuki,Akatsuki,https://assets.science.nasa.gov/dynamicimage/assets/science/psd/solar/2023/07/akatsuki_main.jpg?w=1500&h=723&fit=crop&crop=faces%2Cfocalpoint,https://science.nasa.gov/mission/akatsuki/,Orbiter,1,PLANET,$290.0,,,2010-05-20,2015-12-05,,2024-05-29,Completed,Venus,"Study weather patterns on Venus, confirm lightning in thick clouds, search for signs of active volcanism",,Japan,H-2A,320.0,,517.6,2010-020D,,
Planetary Science,Juno,Juno,https://d2pn8kiwq2w21t.cloudfront.net/original_images/spaceimagesimageslargesizePIA13746_hires_jm52uUh.jpg,https://science.nasa.gov/mission/juno/,Orbiter,1,New Frontiers,"$1,107.0",2005-06-01,2008-08-01,2011-08-05,2016-08-27,2021-07-01,,Active,Jupiter,Explore the Jovian system,"MWR (Microwave Radiometer), JIRAM (Jovian Infrared Auroral Mapper), MAG (Magnetometer), GRAV (Gravity Science), JADE (Jovian Auroral Distributions Experiment), JEDI (Jovian Energetic Particle Detector Instrument), Waves (Radio and Plasma Wave Sensor), UVS (Ultraviolet Imaging Spectrograph)",United States,Atlas V,"1,500.0","1,593",3625,2011-040A,https://en.wikipedia.org/wiki/Juno_(spacecraft),https://ui.adsabs.harvard.edu/search/fq=%7B!type%3Daqp%20v%3D%24fq_database%7D&fq_database=database%3Aphysics&q=docs(library%2FBAistsINTI2G89xSiNomNw)%20AND%20year%3A2011-2030%20AND%20NOT%20(bibcode%3A2017SSRv..213..507B%20OR%20bibcode%3A2017SSRv..213..507B%20OR%20bibcode%3A2017SSRv..213..347K%20OR%20bibcode%3A2017SSRv..213..547M%20OR%20bibcode%3A2021AJ....161..105P%20OR%20bibcode%3A2017SSRv..213...39C%20OR%20bibcode%3A2017SSRv..213..289M)&sort=date%20desc%2C%20bibcode%20desc&p_=0
Planetary Science,Gravity Recovery and Interior Laboratory,GRAIL,https://assets.science.nasa.gov/dynamicimage/assets/science/psd/solar/2023/07/grail.jpg?w=730&h=456&fit=crop&crop=faces%2Cfocalpoint,https://science.nasa.gov/mission/grail/,Orbiter,2,Discovery,$496.2,2007-12-11,2009-03-01,2011-09-10,2012-03-07,2012-08-29,2012-12-17,Completed,Moon,Map the Moon’s gravitational field,Lunar Gravity Ranging System (LGRS) MoonKAM L unar-Imaging system (Moon Knowledge Acquired by Middle School Student) Radio Science Beacon (RSB),United States,Delta II,132.6,193,404.8,2011-046A,https://en.wikipedia.org/wiki/GRAIL,https://ui.adsabs.harvard.edu/search/fq=%7B!type%3Daqp%20v%3D%24fq_database%7D&fq_database=(database%3Aastronomy%20OR%20database%3Aphysics)&q=(abs%3A%22Gravity%20Recovery%20and%20Interior%20Laboratory%22%20OR%20(abs%3AGRAIL%20AND%20(abs%3AMoon%20OR%20abs%3Alunar%20OR%20abs%3Agravity))%20OR%20(ack%3A%22GRAIL%20mission%22%20OR%20ack%3A%22GRAIL%20team%22)%20)%20AND%20property%3Arefereed%20AND%20year%3A2012-2030&sort=date%20desc%2C%20bibcode%20desc&p_=0
Heliophysics,Dynamic Ionosphere Cubesat Experiment,DICE,https://www.eoportal.org/api/cms/documents/163813/6584772/DICE.jpg/86b55f37-8492-6722-db6b-79b0590a12a2?t=1670480438215,,In-Situ Probe,2,ELaNA,$5.0,2009-10-01,,2011-10-28,2011-10-28,,,Active,Earth,To map the geomagnetic Storm Enhanced Density (SED) plasma bulge and plume formations in Earth’s ionosphere,"Electric Field Probe sensors, DC Langmuir probes, three-axis magnetometer",United States,Delta II 7920,2.0,2.0,2.0,,https://en.wikipedia.org/wiki/Dynamic_Ionosphere_CubeSat_Experiment,https://ui.adsabs.harvard.edu/search/fl=identifier%2C%5Bcitations%5D%2Cabstract%2Cauthor%2Cauthor_count%2Cbook_author%2Corcid_pub%2Cpublisher%2Corcid_user%2Corcid_other%2Cbibcode%2Ccitation_count%2Ccomment%2Cdoi%2Cid%2Ckeyword%2Cpage%2Cproperty%2Cpub%2Cpub_raw%2Cpubdate%2Cpubnote%2Cread_count%2Ctitle%2Cvolume%2Cdatabase%2Clinks_data%2Cesources%2Cdata%2Ccitation_count_norm%2Cemail%2Cdoctype%2C%5Bfields%20author%3D3%5D%2C%5Bfields%20aff%3D3%5D%2C%5Bfields%20orcid_pub%3D3%5D%2C%5Bfields%20orcid_user%3D3%5D%2C%5Bfields%20orcid_other%3D3%5D&fq=%7B!type%3Daqp%20v%3D%24fq_database%7D&fq_database=(database%3Aastronomy%20OR%20database%3Aphysics)&q=(%3Dabs%3A%22Dynamic%20Ionosphere%20CubeSat%20Experiment%22%20OR%20%3Dack%3A%22Dynamic%20Ionosphere%20CubeSat%20Experiment%22)%20AND%20doctype%3Aarticle%20AND%20year%3A2012-2030%20AND%20property%3Arefereed%20&rows=25&sort=date%20desc%2C%20bibcode%20desc&start=0&ui_tag=results%2Fprimary&p_=0
Earth Science,Nuclear Spectroscopic Telescope Array,Suomi NPP,https://science.nasa.gov/wp-content/uploads/2023/06/img-press-140106-suomi-npp-jpg.webp,https://science.nasa.gov/mission/suomi-npp/,Orbiter,1,Earth Observation System,$864.0,1998-11-01,,2011-10-28,2014-05-01,,,Active,Earth,"Monitor land, sea, and air for weather and climate changes",,United States,Delta II 7920,"1,976.0",,,2011-061A,,
Planetary Science,Mars Science Laboratory Curiosity,MSL,https://assets.science.nasa.gov/dynamicimage/assets/science/psd/mars/resources/detail_files/3/3511_msl20110526_MSL_Artist_Concept_PIA14164-full2.jpg?w=1238&h=1547&fit=clip&crop=faces%2Cfocalpoint,https://science.nasa.gov/mission/msl-curiosity/,Rover,1,Mars Exploration Program (MEP),"$2,476.0",2003-09-01,2006-08-01,2011-11-26,2012-08-06,2014-06-26,,Active,Mars,"Investigate Mars's habitability, study its climate and geology, and prepare for future human missions.",Radiation assessment detector (RAD),United States,Atlas V,750.0,3493,3893,2011-070A,https://en.wikipedia.org/wiki/Mars_Science_Laboratory,https://ui.adsabs.harvard.edu/search/q=((abs%3A%22MSL%22%20OR%20facility%3A%22MSL%22%20OR%20abs%3A%22Curiosity%20rover%22%20OR%20abs%3A%22Mars%20Science%20Laboratory%20Curiosity%22)%20AND%20full%3A%22Mars%22)%20AND%20property%3Arefereed%20AND%20year%3A2011-2030&sort=citation_count%20desc%2C%20bibcode%20desc&p_=0
Astrophysics,Nuclear Spectroscopic Telescope Array,NuSTAR,https://science.nasa.gov/wp-content/uploads/2023/06/nustar-jpegpia15265.jpg,https://science.nasa.gov/mission/nustar/,Pointed Observatory,1,Small-class Explorers (SMEX),$170.0,2008-02-25,2009-11-01,2012-06-13,2012-08-01,2014-07-31,,Active,Universe,Map Selected Regions of the Sky,Dual X-ray telescope,United States,Pegasus XL,350.0,348,350,2012-031A,https://en.wikipedia.org/wiki/NuSTAR,https://ui.adsabs.harvard.edu/search/p_=0&q=docs(library%2FOBKL9p9iSHy4UJ-UNpS7aw)&sort=date%20desc%2C%20bibcode%20desc
Heliophysics,Van Allen Probes,RBSP,"https://science.nasa.gov/wp-content/uploads/2023/06/arraydeployment-orig-full-jpg.webp?resize=2000,1126",https://science.nasa.gov/mission/van-allen-probes/,In-Situ Probe,2,Living With a Star (LWS),$686.0,2006-06-01,2008-12-01,2012-08-30,2012-10-28,2015-11-01,2019-10-18,Completed,Earth,Study the Van Allen Belts,,United States,Atlas V 401,"1,500.0",1210,1330.8,2012-046A,https://en.wikipedia.org/wiki/Van_Allen_Probes,https://ui.adsabs.harvard.edu/search/fq=%7B!type%3Daqp%20v%3D%24fq_database%7D&fq_database=(database%3Aastronomy%20OR%20database%3Aphysics)&q=(facility%3ARBSP%20OR%20abs%3A%22Van%20Allen%20Probes%22%20OR%20abs%3A%22Radiation%20Belt%20Storm%20Probes%22%20OR%20(abs%3ARBSP%20AND%20(abs%3AMagnetic%20OR%20abs%3Aplasma%20OR%20abs%3A%22radiation%20belt%22))%20OR%20(ack%3A%22Van%20Allen%20Probes%22%20OR%20ack%3ARBSP%20OR%20ack%3A%22RBSP%20mission%22%20OR%20ack%3A%22Van%20Allen%20Probes%20team%22))%20AND%20property%3Arefereed%20AND%20year%3A2012-2040&sort=date%20desc%2C%20bibcode%20desc&p_=0
Heliophysics,Interface Region Imaging Spectrograph,IRIS,https://svs.gsfc.nasa.gov/vis/a010000/a011300/a011314/IRIS_opens_img.png,https://science.nasa.gov/mission/iris/,Remote Sensing Observatory,1,Small-class Explorers (SMEX),$120.0,2009-06-19,2010-07-01,2013-06-28,2013-07-17,2016-12-01,,Active,Sun-Earth Interaction,Observe solar material,Interface Region Imaging Spectrograph (IRIS),United States,M-5,955.0,,,2006-005A,https://en.wikipedia.org/wiki/Interface_Region_Imaging_Spectrograph,https://ui.adsabs.harvard.edu/search/q=docs(library%2F30bDOCvOTJiAgacWhJxkmA)%20year%3A2013-2040%20property%3Arefereed&sort=date%20desc%2C%20bibcode%20desc&p_=0
Planetary Science,Lunar Atmosphere and Dust Environment Explorer,LADEE,https://images-assets.nasa.gov/image/GSFC_20171208_Archive_e001394/GSFC_20171208_Archive_e001394~large.jpg?w=1920&h=1088&fit=clip&crop=faces%2Cfocalpoint,https://science.nasa.gov/mission/ladee/,Orbiter,1,Lunar Quest,$263.0,2008-03-01,2010-08-23,2013-09-07,2013-11-20,2024-03-01,2014-04-17,Completed,Moon,Study Earth’s Moon,"dust detector, neutral mass spectrometer, ultraviolet-visible spectrometer, laser communications terminal",United States,Minotaur V,248.2,243,383,2013-047A,https://en.wikipedia.org/wiki/LADEE,https://ui.adsabs.harvard.edu/search/fl=identifier%2C%5Bcitations%5D%2Cabstract%2Cauthor%2Cauthor_count%2Cbook_author%2Corcid_pub%2Cpublisher%2Corcid_user%2Corcid_other%2Cbibcode%2Ccitation_count%2Ccomment%2Cdoi%2Cid%2Ckeyword%2Cpage%2Cproperty%2Cpub%2Cpub_raw%2Cpubdate%2Cpubnote%2Cread_count%2Ctitle%2Cvolume%2Cdatabase%2Clinks_data%2Cesources%2Cdata%2Ccitation_count_norm%2Cemail%2Cdoctype%2C%5Bfields%20author%3D3%5D%2C%5Bfields%20aff%3D3%5D%2C%5Bfields%20orcid_pub%3D3%5D%2C%5Bfields%20orcid_user%3D3%5D%2C%5Bfields%20orcid_other%3D3%5D&q=((abs%3A%22Lunar%20Atmosphere%20and%20Dust%20Environment%20Explorer%22)%20OR%20(abs%3A%22LADEE%22)%20OR%20ack%3A%22LADEE%22%20OR%20facility%3A%22LADEE%22)%20AND%20property%3Arefereed%20AND%20year%3A2014-2030&rows=25&sort=date%20desc%2C%20bibcode%20desc&start=0&ui_tag=results%2Fprimary&p_=0
Planetary Science,Mars Orbiter Mission,MOM,https://assets.science.nasa.gov/dynamicimage/assets/science/psd/solar/2023/07/mom.jpg?w=787&h=787&fit=crop&crop=faces%2Cfocalpoint,https://science.nasa.gov/mission/mom/,Orbiter,1,,,,,2013-11-05,2024-09-14,,2022-04-01,Completed,Mars,Study Mars from orbit,"Mars Colour Camera (MCC), Thermal Infrared Imaging Spectrometer (TIS), Methane Sensor for Mars (MSM), Mars Exospheric Neutral Composition Analyser (MENCA), Lyman Alpha Photometer (LAP)",India,PSLV,488.0,,1337,2013-060A,https://en.wikipedia.org/wiki/Mars_Orbiter_Mission,
Planetary Science,Mars Atmosphere & Volatile EvolutioN,MAVEN,https://astrobiology.nasa.gov/uploads/filer_public_thumbnails/filer_public/ed/01/ed0162df-6d61-477c-b036-af32d3a2b3f4/maven_mars_arrival_1.jpg__930x580_q85_crop_subject_location-580%2C243_subsampling-2.jpg,https://science.nasa.gov/mission/maven/,Orbiter,1,Mars Scout,$671.0,2008-09-01,2010-10-04,2013-11-18,2014-11-16,2016-10-03,,Active,Mars,Understanding the Martian upper atmosphere,,United States,Atlas V 401,"2,454.0",805,2455,2013-063A,https://en.wikipedia.org/wiki/MAVEN,https://ui.adsabs.harvard.edu/search/p_=0&q=(abs%3A%22Mars%20Atmosphere%20and%20Volatile%20Evolution%20Mission%22%20OR%20(abs%3AMAVEN%20AND%20abs%3AMars)%20OR%20(ack%3AMAVEN%20and%20ack%3AMars))%20property%3Arefereed%20AND%20year%3A2014-2030&sort=date%20desc%2C%20bibcode%20desc
Astrophysics,Gaia,Gaia,https://assets.science.nasa.gov/dynamicimage/assets/science/psd/solar/2023/07/Gaia_mapping_the_stars_of_the_Milky_Way-900x597-1.jpg?w=900&h=597&fit=crop&crop=faces%2Cfocalpoint,https://science.nasa.gov/mission/gaia/,Survey Observatory,1,Horizon 2000 Plus,,,,2013-12-19,2014-07-25,,2025-03-17,Completed,Universe,Create the largest 3D map of the Milky Way​,Astrometric Instrument (ASTRO) Photometric Instrument Radial Velocity Spectrometer (RVS),International,Soyuz-Fregat,"1,630.0",,2029,2013-074A,https://en.wikipedia.org/wiki/Gaia_(spacecraft),https://ui.adsabs.harvard.edu/search/q=((facility%3AGaia%20OR%20abs%3AGaia%20OR%20title%3AGaia)%20year%3A2014-2030%20property%3Arefereed%20collection%3Aastronomy)&sort=date%20desc%2C%20bibcode%20desc&p_=0
Earth Science,Global Precipitation Measurement,GPM,https://science.nasa.gov/wp-content/uploads/2023/06/gpm-space-default-jpg.webp,https://science.nasa.gov/mission/gpm/,Orbiter,1,Earth Systematic Missions,$945.8,2002-07-01,2009-12-01,2014-02-27,2014-03-08,2017-06-01,,Active,Earth,Measure Earth's precipitation,"Dual frequency Precipitation Radar (DPR), GPM Microwave Imager (GMI)",United States/Japan,H-2A,"3,850.0",,,2014-009C,https://en.wikipedia.org/wiki/Global_Precipitation_Measurement,
Earth Science,Orbiting Carbon Observatory-2,OCO-2,https://www.nasa.gov/wp-content/uploads/2023/03/oco2_0.jpg?w=1041,https://science.nasa.gov/mission/oco-2/,Orbiter,1,Earth System Science Pathfinder (ESSP),$477.2,2010-03-01,2010-09-01,2014-07-02,2014-08-06,2016-10-16,,Active,Earth,Study Earth's atmospheric carbon dioxide from space,3 grating spectrometers,United States,Delta II 7320,407.0,,,2014-035A,https://en.wikipedia.org/wiki/Orbiting_Carbon_Observatory_2,
Planetary Science,Hayabusa2,Hayabusa2,https://planetary.s3.amazonaws.com/web/assets/pictures/_1200x630_crop_center-center_82_none/hayabusa2-artists-concept.jpg?mtime=1753480583,https://science.nasa.gov/mission/hayabusa-2/,Sample Return,1,,,,,2014-12-03,2018-06-01,,,Active,"Asteroid Ryugu, Asteroid 1998 KY26",Collect samples from asteroid Ryugu,1. Near-infrared spectrometer (NIRS3) 2. Thermal infrared imager (TIR) 3. Multiband imager (ONC-T) 4. Laser altimeter (LIDAR) 5. Microscopic Imager (MI) 6. Separation camera (DCAM) MASCOT Lander 1. MicrOmega infrared microscope 2. Magnetometer (MAG) 3. Radiometer (MARA) 4. Wide-angle camera (CAM),Japan,H-2A,600.0,,600,2014-076A,,
Earth Science,Soil Moisture Active and Passive,SMAP,https://photojournal.jpl.nasa.gov/jpeg/PIA17898.jpg,https://science.nasa.gov/mission/smap/,Orbiter,1,Earth Systematic Missions,$916.0,2008-09-01,,2015-01-31,2015-03-09,2018-06-01,,Active,Earth,"Measure and map Earth's soil moisture and freeze/thaw state to better understand water, carbon, and energy cycles","Radiometer, Synthetic-aperture radar",United States,Delta II 7320,944.0,,,2015-003A,https://en.wikipedia.org/wiki/Soil_Moisture_Active_Passive,
Heliophysics,Magnetospheric Multiscale Mission,MMS,https://science.nasa.gov/wp-content/uploads/2023/06/artist-depiction-of-mms-spacecraft-svs12239.png,https://science.nasa.gov/mission/mms/,Constellation,4,Solar Terrestrial Probes (STP),"$1,100.0",2002-11-01,2009-06-01,2015-03-13,2015-09-01,2017-09-01,,Active,Sun-Earth Interaction,"Astrophysics, Space Weather","Hot Plasma Suite, Energetic Particles Detector Suite, Fields Suite",United States,Atlas V 421,"5,440.0",3751.6,5398,"2015-011A,2015-011B,2015-011C,2015-011D",https://en.wikipedia.org/wiki/Magnetospheric_Multiscale_Mission,https://ui.adsabs.harvard.edu/search/fl=identifier%2C%5Bcitations%5D%2Cabstract%2Cauthor%2Cauthor_count%2Cbook_author%2Corcid_pub%2Cpublisher%2Corcid_user%2Corcid_other%2Cbibcode%2Ccitation_count%2Ccomment%2Cdoi%2Cid%2Ckeyword%2Cpage%2Cproperty%2Cpub%2Cpub_raw%2Cpubdate%2Cpubnote%2Cread_count%2Ctitle%2Cvolume%2Cdatabase%2Clinks_data%2Cesources%2Cdata%2Ccitation_count_norm%2Cemail%2Cdoctype%2C%5Bfields%20author%3D3%5D%2C%5Bfields%20aff%3D3%5D%2C%5Bfields%20orcid_pub%3D3%5D%2C%5Bfields%20orcid_user%3D3%5D%2C%5Bfields%20orcid_other%3D3%5D&q=((abs%3AMMS%20AND%20(abs%3Areconnection%20OR%20abs%3Amagnetosph*%20OR%20abs%3Aturbulence))%20OR%20(abs%3A%22Magnetospheric%20Multiscale%20Mission%22))%20property%3Arefereed%20year%3A2015-2040&rows=25&sort=date%20desc%2C%20bibcode%20desc&start=0&ui_tag=results%2Fprimary&p_=0
Astrophysics,Laser Interferometer Space Antenna Pathfinder,LISA Pathfinder,https://www.nasa.gov/wp-content/uploads/2016/06/lpf_artist_impression_2015-11-24.jpg,https://science.nasa.gov/mission/lisa-pathfinder/,Orbiter,3,,,2002-05-01,,2015-12-03,2016-03-01,,2017-07-18,Completed,,,,Europe / United States,Vega,"1,910.0",,1910,2015-070A,,
Astrophysics,Hitomi,ASTRO-H,https://science.nasa.gov/wp-content/uploads/2023/06/astro-h-art-1590-jpg.webp,https://science.nasa.gov/mission/hitomi/,Pointed Observatory,1,Mission of Opportunity (MO),,,,2016-02-17,,,2016-03-26,Completed,Universe,"Studying extremely energetic processes, dark matter distribution, and structure evolution using X-ray astronomy.","Soft X-ray Spectrometer (SXS), Hard X-ray Imager (HXI), Soft X-ray Imager (SXI), Soft Gamma-ray Detector (SGD), Soft X-ray Telescopes (SXT-S, SXT-I), Hard X-ray Telescopes (HXT), Canadian ASTRO-H Metrology System (CAMS)",Japan,H-2A,"2,600.0",,,2016-012A,https://en.wikipedia.org/wiki/Hitomi_(satellite),
Planetary Science,"Origins, Spectral Interpretation, Resource Identification, Security-Regolith Explorer",OSIRIS-REx,https://science.nasa.gov/wp-content/uploads/2023/10/230924-osiris-apex-0001.jpg,https://science.nasa.gov/mission/osiris-rex/,Sample Return,1,New Frontiers,"$1,057.0",2011-05-25,2013-05-01,2016-09-08,2018-08-13,2023-10-01,,Active,Asteroid Bennu,Collect asteroid sample and deliver it to Earth,"OCAMS (OSIRIS-REx Camera Suite), OLA (OSIRIS-REx Laser Altimeter), OTES (OSIRIS-REx Thermal Emission Spectrometer), OVIRS (OSIRIS-REx Visible and Infrared Spectrometer), REXIS (Regolith X-ray Imaging Spectrometer), TAGSAM (Touch-And-Go Sample Acquisition Mechanism)",United States,Atlas V,"1,528.0",880,2110,2016-055A,https://en.wikipedia.org/wiki/OSIRIS-REx,https://ui.adsabs.harvard.edu/search/fl=identifier%2C%5Bcitations%5D%2Cabstract%2Cauthor%2Cauthor_count%2Cbook_author%2Corcid_pub%2Cpublisher%2Corcid_user%2Corcid_other%2Cbibcode%2Ccitation_count%2Ccomment%2Cdoi%2Cid%2Ckeyword%2Cpage%2Cproperty%2Cpub%2Cpub_raw%2Cpubdate%2Cpubnote%2Cread_count%2Ctitle%2Cvolume%2Cdatabase%2Clinks_data%2Cesources%2Cdata%2Ccitation_count_norm%2Cemail%2Cdoctype%2C%5Bfields%20author%3D3%5D%2C%5Bfields%20aff%3D3%5D%2C%5Bfields%20orcid_pub%3D3%5D%2C%5Bfields%20orcid_user%3D3%5D%2C%5Bfields%20orcid_other%3D3%5D&q=(abs%3AOSIRIS-REx%20OR%20ack%3AOSIRIS-REx)%20property%3Arefereed%20year%3A2018-2040&rows=25&sort=citation_count%20desc%2C%20bibcode%20desc&start=0&ui_tag=results%2Fprimary&p_=0
Earth Science,Cyclone Global Navigation Satellite System,CYGNSS,https://science.nasa.gov/wp-content/uploads/2023/06/cygnss-0-jpg.webp,https://science.nasa.gov/mission/cygnss/,Orbiter,8,Earth Venture Mission,$157.0,2012-12-01,,2016-12-15,2016-12-15,2020-11-09,,Active,Earth,Measure wind speeds over Earth's oceans,Delay Doppler Mapping Instrument (DDMI),United States,Pegasus XL,231.0,,,"2016-078A, 2016-078B, 2016-078C, 2016-078D, 2016-078E, 2016-078F, 2016-078G, 2016-078H",https://en.wikipedia.org/wiki/Cyclone_Global_Navigation_Satellite_System,
Astrophysics,Neutron Star Interior Composition Explorer Mission,NICER,https://heasarc.gsfc.nasa.gov/docs/nicer/gallery/pics/iss/iss057e055451.jpg,https://science.nasa.gov/mission/nicer/,Hosted Instrument,1,Mission of Opportunity (MO),$55.0,2013-04-05,2014-02-01,2017-06-03,2017-07-13,2019-03-13,,Active,Universe,To resolve the nature of ultradense matter at the threshold of collapse to a black hole.,,United States,Falcon 9 CRS-11,,372,372,,https://en.wikipedia.org/wiki/Neutron_Star_Interior_Composition_Explorer,https://ui.adsabs.harvard.edu/search/q=docs(library%2F9qNzvbWNRJC3E-6c0p64Rw)%20property%3Arefereed&sort=date%20desc
Heliophysics,Total and Spectral Solar Irradiance Sensor-1,TSIS-1,https://science.nasa.gov/mission/tsis-1/,https://lasp.colorado.edu/tsis/files/2017/11/TSIS-1.png,Hosted Instrument,1,,,,,2017-12-15,2018-03-24,2023-03-23,,Active,Sun,,"Total Irradiance Monitor (TIM), Spectral Irradiance Monitor (SIM)",United States,Falcon 9 SpX-13,,363,363,,,
Heliophysics,Global-scale Observations of the Limb and Disk,GOLD,https://gold.cs.ucf.edu/wp-content/uploads/2016/10/GOLD_graphic.jpg,https://science.nasa.gov/mission/gold/,Hosted Instrument,1,Mission of Opportunity (MO),$65.0,2013-04-12,2015-03-01,2018-01-25,2018-10-15,2020-10-01,,Active,Earth's Upper Atmosphere,Study Earth’s thermosphere and ionosphere,Far-ultraviolet (FUV) imaging spectrograph,United States,Ariane 5 ECA,,36.8,36.8,2018-012B,https://en.wikipedia.org/wiki/Global-scale_Observations_of_the_Limb_and_Disk,https://gold.cs.ucf.edu/publications/
Astrophysics,Transiting Exoplanet Survey Satellite,TESS,https://science.nasa.gov/wp-content/uploads/2023/06/tessinspacerender16by9.jpg,https://science.nasa.gov/mission/tess/,Survey Observatory,1,Medium-class Explorers (MIDEX),$287.0,2013-04-13,2014-11-01,2018-04-18,2018-07-25,2020-07-01,,Active,Exoplanets,Survey the brightest stars near Earth for transiting exoplanets using the transit method.,"Wide-angle telescopes, Charge-coupled device (CCD) detectors",United States,Falcon 9 Block 4,362.0,,362,2018-038A,https://en.wikipedia.org/wiki/Transiting_Exoplanet_Survey_Satellite,https://heasarc.gsfc.nasa.gov/docs/tess/tpub.html
Planetary Science,"Interior Exploration using Seismic Investigations, Geodesy and Heat Transport",InSight,https://photojournal.jpl.nasa.gov/jpeg/PIA22571.jpg,https://science.nasa.gov/mission/insight/,Lander,1,Discovery,$813.8,2012-08-20,2013-12-01,2018-05-05,2018-11-26,2021-01-21,2022-12-21,Completed,Mars,Study Mars' interior structure,"Seismic Experiment for Interior Structure (SEIS), Heat Flow and Physical Properties Package (HP3), Rotation and Interior Structure Experiment (RISE), Temperature and Winds for InSight (TWINS)",United States / France / Germany,Atlas V 401,360.0,360,694,2018-042A,https://en.wikipedia.org/wiki/InSight,https://ui.adsabs.harvard.edu/search/q=(%20%20%20abs%3A%22Interior%20Exploration%20using%20Seismic%20Investigations%2C%20Geodesy%20and%20Heat%20Transport%22%20OR%20abs%3A%22InSight%20lander%22%20OR%20%20%20abs%3A%22InSight%20mission%22%20OR%20(abs%3AInSight%20AND%20abs%3AMars%20AND%20(abs%3Aseismic%20OR%20abs%3Aseismology%20OR%20abs%3A%22heat%20flow%22%20OR%20abs%3Amarsquake))%20OR%20(ack%3A%22InSight%20mission%22%20OR%20ack%3A%22InSight%20team%22%20OR%20ack%3A%22InSight%20lander%22)%20OR%20(abs%3A%22Rotation%20and%20Interior%20Structure%20Experiment%22%20AND%20abs%3AMars)%20)%20AND%20property%3Arefereed%20AND%20year%3A2018-2030&sort=date%20desc%2C%20bibcode%20desc&p_=0
Planetary Science,Mars Cubesat One,MarCo,https://photojournal.jpl.nasa.gov/jpeg/PIA19388.jpg,https://science.nasa.gov/mission/marco/,Flyby,2,Mars Exploration Program (MEP),$18.5,2015-12-17,,2018-05-05,2018-11-26,,2019-01-04,Completed,Mars,"Technology Demonstration, CubeSat/SmallSat",1. UHF Radio Receiver 2. X Band Radio Transmitter,United States,Atlas V 401,27.0,18,29.4,"2018-042B, 2018-042C",https://en.wikipedia.org/wiki/Mars_Cube_One,https://ui.adsabs.harvard.edu/search/fq=%7B!type%3Daqp%20v%3D%24fq_database%7D&fq_database=(database%3Aastronomy%20OR%20database%3Aphysics)&q=(facility%3AMARCO)%20OR%20(abs%3A%22MarCO%22%20AND%20(full%3Acubesat%20OR%20full%3Ananosat%20OR%20full%3A%22nano%20sat%22))%20AND%20year%3A2018-2030%20AND%20property%3Arefereed%20AND%20NOT%20(bibcode%3A2022ExA....53..945G%20OR%20bibcode%3A2020JPS...44927544K%20OR%20bibcode%3A2020CEAS...12..491F%20OR%20bibcode%3A2018FrP.....6..115L)&sort=date%20desc%2C%20bibcode%20desc&p_=0
Earth Science,Gravity Recovery and Climate Experiment-Follow On,GRACE-FO,https://photojournal.jpl.nasa.gov/jpegMod/PIA22440_modest.jpg,https://science.nasa.gov/mission/grace-fo/,Orbiter,2,Earth Systmatic Missions,$430.0,2012-01-01,2015-08-01,2018-05-22,2018-05-30,2023-11-01,,Active,Earth,Tracking Earth's water movement,,United States / Germany,Falcon 9 Full Thrust,"1,200.0",,1200,"2018-047A, 2018-047B",https://en.wikipedia.org/wiki/GRACE_and_GRACE-FO,
Astrophysics,HaloSat,HaloSat,"https://science.nasa.gov/wp-content/uploads/2023/06/iss056e095243.jpg?resize=2000,1333",https://science.nasa.gov/mission/halosat/,Survey Observatory,1,Astrophysics R&A Program (APRA),$4.0,2016-02-01,,2018-07-13,2018-10-15,,2020-09-29,Completed,Galactic halo,Map oxygen spectral lines across the sky to constrain the characteristics and mass of the galactic halo.,Silicon drift detectors,United States,,6.0,6.0,6.0,1998-067NX,https://fr.wikipedia.org/wiki/HaloSat,https://ui.adsabs.harvard.edu/search/fl=identifier%2C%5Bcitations%5D%2Cabstract%2Cauthor%2Cauthor_count%2Cbook_author%2Corcid_pub%2Cpublisher%2Corcid_user%2Corcid_other%2Cbibcode%2Ccitation_count%2Ccomment%2Cdoi%2Cid%2Ckeyword%2Cpage%2Cproperty%2Cpub%2Cpub_raw%2Cpubdate%2Cpubnote%2Cread_count%2Ctitle%2Cvolume%2Cdatabase%2Clinks_data%2Cesources%2Cdata%2Ccitation_count_norm%2Cemail%2Cdoctype%2C%5Bfields%20author%3D3%5D%2C%5Bfields%20aff%3D3%5D%2C%5Bfields%20orcid_pub%3D3%5D%2C%5Bfields%20orcid_user%3D3%5D%2C%5Bfields%20orcid_other%3D3%5D&p_=0&q=(facility%3Ahalosat)%20OR%20(abs%3Ahalosat%20AND%20(full%3Acubesat%20OR%20full%3Ananosat%20OR%20full%3A%22nano%20sat%22))%20OR%20(full%3A%22data%20were%20obtained%20with%20HaloSat%22)%20AND%20year%3A2018-2040%20AND%20property%3Arefereed%20AND%20collection%3Aastronomy%20&rows=25&sort=date%20desc%2C%20bibcode%20desc&start=0&ui_tag=results%2Fprimary
Heliophysics,Parker Solar Probe,PSP,https://assets.science.nasa.gov/dynamicimage/assets/science/psd/solar/internal_resources/5657/Parker_Swingby-1.jpeg?w=1600&h=900&fit=clip&crop=faces%2Cfocalpoint,https://science.nasa.gov/mission/parker-solar-probe/,In-Situ Probe,1,Living With a Star (LWS),"$1,500.0",2009-12-01,,2018-08-12,2018-09-18,2025-06-19,,Active,Sun,"Make observations of the Sun's outer corona, approaching within 9.86 solar radii.",1. Fields Experiment (FIELDS) 2. Integrated Science Investigation of the Sun (IS☉IS ) 3. Wide Field Imager for Solar Probe (WISPR) 4. Solar Wind Electrons Alphas and Protons (SWEAP),United States,Delta IV,685.0,555,685,2018-065A,https://en.wikipedia.org/wiki/Parker_Solar_Probe,https://psp-gateway.jhuapl.edu/website/Bibliography/BiblioEntryGET_JSON.php
Earth Science,"Ice, Cloud, and Land Elevation Satellite 2",ICESat-2,https://science.nasa.gov/wp-content/uploads/2023/06/icesat2-hqprint-print.jpg,https://science.nasa.gov/mission/icesat-2/,Orbiter,1,Earth Systematic Missions,"$1,063.6",2009-12011,2012-05-01,2018-09-15,2018-09-15,2021-12-01,,Active,Earth,"Measure the elevation of ice sheets, glaciers, sea ice and more",Advanced Topographic Laser Altimeter System (ATLAS),United States,Delta II,"1,580.0",1230,1514,2018-070A,https://en.wikipedia.org/wiki/ICESat-2,
Heliophysics,Electron Losses and Fields Investigation,ELFIN,https://images.squarespace-cdn.com/content/v1/5b3bd5a9266c077a5bdfcafd/1535699276943-VYT7OBU7KS5S4YOICCXD/ELFIN-space-poster-nologos.jpg?format=2500w,https://science.nasa.gov/mission/elfin/,In-Situ Probe,2,CubeSat,$4.0,2013-09-30,,2018-09-15,2018-09-15,,2022-09-30,Completed,Earth,Student-led investigation of a process that allows energetic electrons to escape Van Allen Belts and fall into Earth,"fluxgate magnetometer, energetic particle detector (ions), energetic particle detector (electrons)",United States,Delta II,3.5,3.5,3.5,,https://en.wikipedia.org/wiki/ELFIN,https://elfin.igpp.ucla.edu/publications
Planetary Science,BepiColombo,BepiColombo,https://assets.science.nasa.gov/dynamicimage/assets/science/psd/solar/2023/07/BepiColombo_Cruise_configuration_1280.jpg?w=1280&h=720&fit=crop&crop=faces%2Cfocalpoint,https://science.nasa.gov/mission/bepicolombo/,Orbiter,2,Horizon 2000 Plus,,,,2018-10-20,2027-05-01,,,Active,Mercury,Orbit and study Mercury,"Mercury Planetary Orbiter (MPO): 2,540 pounds (1,150 kilograms) 1. BELA–BepiColombo Laser Altimeter 2. ISA–Italian Spring Accelerometer 3. MPO-MAG–Magnetic Field Investigation 4. MERTIS–Mercury Radiometer and Thermal Imaging Spectrometer 5. MGNS–Mercury Gamma-Ray and Neutron Spectrometer 6. MIXS–Mercury Imaging X-ray Spectrometer 7. MORE–Mercury Orbiter Radio Science Experiment 8. PHEBUS–Probing of Hermean Exosphere by Ultraviolet Spectroscopy 9. SERENA–Search for Exosphere Refilling and Emitted Neutral Abundances (neutral and ionized particle analyzer) 10. SIMBIO-SYS–Spectrometers and Imagers for MPO BepiColombo Integrated Observatory 11. SIXS–Solar Intensity X-ray and Particle Spectrometer Mercury Magnetospheric Orbiter (MMO): 606 pounds (275 kilograms): 1. MMO-MGF–Mercury Magnetometer 2. MPPE–Mercury Plasma Particle Experiment 3. PWI–Mercury Plasma Wave Instrument 4. MSASI–Mercury Sodium Atmospheric Spectral Imager 5. MDM–Mercury Dust Monitor",Europe/Japan,Ariane 5,"4,100.0",2700,4100,2018-080A,https://en.wikipedia.org/wiki/BepiColombo,
Heliophysics,Compact Radiation belt Explorer (formerly CeREs),CeREs,https://smallsat.wff.nasa.gov/content/missions/ceres-fig2.jpg,https://science.nasa.gov/mission/compact-radiation-belt-explorer/,In-Situ Probe,1,CubeSat,$1.2,2013-07-08,,2018-12-16,,,2018-12-21,Failure,Sun-Earth Interaction,Study charged particle dynamics in Earth’s radiation belts,,United States,Electron,3.5,3.5,3.5,,,
Planetary Science,Beresheet,Beresheet,,https://science.nasa.gov/mission/beresheet/,Lander,1,,,,,2019-02-22,,,2019-04-11,Failure,Moon,Lunar landing,1. Magnetometer 2. Laser Retroreflector,Israel,Falcon 9 Full Thrust,150.0,,,2019-009B,https://en.wikipedia.org/wiki/Beresheet,
Heliophysics,Enhanced Tandem Beacon Experiment,E-TBEx: Enhanced Tandem Beacon Experiment,https://science.nasa.gov/wp-content/uploads/2023/06/ionosphere-signals.png,https://science.nasa.gov/mission/e-tbex/,In-Situ Probe,2,CubeSat,$1.9,2014-07-31,,2019-06-25,2019-06-25,,2021-03-10,Completed,Earth,Study how the dynamics and processes in the troposphere can act to cause variability in the behavior of the upper atmosphere and ionosphere,,United States,Falcon Heavy,4.0,4.0,4.0,"2019-036T,2019-036W       ",,https://ui.adsabs.harvard.edu/search/fl=identifier%2C%5Bcitations%5D%2Cabstract%2Cauthor%2Cauthor_count%2Cbook_author%2Corcid_pub%2Cpublisher%2Corcid_user%2Corcid_other%2Cbibcode%2Ccitation_count%2Ccomment%2Cdoi%2Cid%2Ckeyword%2Cpage%2Cproperty%2Cpub%2Cpub_raw%2Cpubdate%2Cpubnote%2Cread_count%2Ctitle%2Cvolume%2Cdatabase%2Clinks_data%2Cesources%2Cdata%2Ccitation_count_norm%2Cemail%2Cdoctype%2C%5Bfields%20author%3D3%5D%2C%5Bfields%20aff%3D3%5D%2C%5Bfields%20orcid_pub%3D3%5D%2C%5Bfields%20orcid_user%3D3%5D%2C%5Bfields%20orcid_other%3D3%5D&q=(%20%20%20abs%3A%22Tandem%20Beacon%20Experiment%22%20OR%20%20%20((abs%3A%22E-TBEx%22%20OR%20abs%3A%22TBEx%22)%20AND%20(abs%3Aionosphere%20OR%20abs%3Aionospheric))%20OR%20%20%20(ack%3A%22Tandem%20Beacon%20Experiment%22%20OR%20ack%3A%22TBEx%20mission%22)%20)%20AND%20property%3Arefereed%20AND%20year%3A2018-2040&rows=25&sort=date%20desc%2C%20bibcode%20desc&start=0&ui_tag=results%2Fprimary&p_=0
Planetary Science,Chandrayaan-2,Chandrayaan-2,,https://science.nasa.gov/mission/chandrayaan-2/,Rover,2,,,,,2019-07-22,,,,Active,Moon,Land a rover on the Moon,,India,LVM 3,"3,850.0",,,2019-042A,https://en.wikipedia.org/wiki/Chandrayaan-2,
Heliophysics,Ionospheric Connection Explorer,ICON,https://science.nasa.gov/wp-content/uploads/2023/06/ICON.png,https://science.nasa.gov/mission/icon/,Remote Sensing Observatory,1,Medium-class Explorers (MIDEX),$252.7,2013-04-12,2014-10-01,2019-10-11,2019-12-15,2021-12-01,2022-11-25,Completed,Earth,Explore Earth's ionosphere,"Michelson Interferometer for Global High-resolution Thermospheric Imaging (MIGHTI), Extreme Ultraviolet spectrometer (EUV), Far Ultraviolet spectrometer (FUV), Ion Velocity Meter (IVM)",United States,Pegasus XL,288.0,,288,2019-068A,https://en.wikipedia.org/wiki/Ionospheric_Connection_Explorer,https://icon.ssl.berkeley.edu/Publications/Papers
Heliophysics,Scintillation Observations & Response of the Ionosphere to Electrodynamics,SORTIE,https://science.nasa.gov/wp-content/uploads/2023/06/sortie-auto4-jpeg.webp,https://science.nasa.gov/mission/sortie/,In-Situ Probe,1,CubeSat,$4.0,2017-11-17,,2019-12-05,2019-12-05,,2024-12-05,Completed,Earth,Study causes of irregularities in Earth's ionosphere,,United States,,12.0,12,12,1998-067RH,,https://ui.adsabs.harvard.edu/search/fq=%7B!type%3Daqp%20v%3D%24fq_database%7D&fq_database=(database%3Aastronomy%20OR%20database%3Aphysics)&q=(%20%20%20abs%3A%22Scintillation%20Observations%20and%20Response%20of%20The%20Ionosphere%20to%20Electrodynamics%22%20OR%20%20%20(abs%3ASORTIE%20AND%20(abs%3Aionosphere%20OR%20abs%3Aionospheric%20OR%20abs%3Ascintillation%20OR%20abs%3Aelectrodynamics))%20OR%20%20%20(ack%3A%22SORTIE%20mission%22%20OR%20ack%3A%22SORTIE%20team%22)%20)%20AND%20property%3Arefereed%20AND%20year%3A2020-2030&sort=date%20desc%2C%20bibcode%20desc&p_=0
Heliophysics,Solar Orbiter,Solar Orbiter,https://science.nasa.gov/wp-content/uploads/2023/06/solar-orbiter-0.jpg,https://science.nasa.gov/mission/solar-orbiter/,In-Situ Probe,1,Cosmic Vision,$386.0,2009-07-01,,2020-02-10,2020-06-01,,,Active,Sun,"Take close-up images of the Sun, observe solar wind and the Sun's polar regions","Energetic Particle Detector (EPD), Extreme Ultraviolet Imager (EUI), Magnetometer (MAG), Multi Element Telescope for Imaging and Spectroscopy Coronagraph (METIS), Polarimetric and Helioseismic Imager (PHI), Radio and Plasma Waves (RPW), Solar Orbiter Heliospheric Imager (SolOHI), Spectral Imaging of the Coronal Environment (SPICE), X-ray Spectrometer/Telescope (STIX), Solar Wind Plasma Analyser (SWPA)",Europe / United States,Atlas V,"1,800.0",,"1,800.0",2020-010A,https://en.wikipedia.org/wiki/Solar_Orbiter,
Planetary Science,Mars Perseverance Rover,Mars 2020,https://science.nasa.gov/wp-content/uploads/2017/12/pia26344-perseverance-selfie-at-cheyava-mars2020home-1920x640-1.jpg,https://science.nasa.gov/mission/mars-2020-perseverance/,Rover,1,Mars Exploration Program (MEP),"$2,726.0",2013-11-01,2016-06-01,2020-07-30,2021-06-01,,,Active,Mars,Seek signs of ancient life and collect samples of rock and regolith for possible Earth return,"Cachecam, EDLC, Hazcam, Mastcam-Z, MEDA, Microphones, MOXIE, Navcam, PIXL, RIMFAX, SHERLOC, SuperCam",United States,Atlas V,"1,050.0","3,660.50","4,060.50",2020-052A,https://en.wikipedia.org/wiki/Perseverance_(rover),https://ui.adsabs.harvard.edu/search/q=((abs%3A%22Mars%202020%22%20OR%20(abs%3A%22Perseverance%22%20AND%20%22Mars%22))%20OR%20(abs%3A%22Ingenuity%22%20AND%20abs%3A%22Mars%22))%20AND%20property%3Arefereed%20AND%20pubdate%3A%5B2021-07%20TO%202030-01%5D%20AND%20NOT%20(bibstem%3A%22SSRv%22%20AND%20volume%3A217)&sort=date%20desc%2C%20bibcode%20desc&p_=0
Earth Science,Sentinel-6 Michael Freilich/Sentinel-6B,Jason-CS,https://assets.science.nasa.gov/dynamicimage/assets/science/missions/sentinel-6-b/Sentinel-6B%20in%20orbit%20-%20artists%20concept--key%20art_V2_16x9_Final.jpg,https://science.nasa.gov/mission/jason-cs-sentinel-6/,Orbiter,2,Copernicus Programme,$500.0,2015-10-01,,2020-11-21,2020-11-21,,,Active,Earth,Measure ocean surface topography,"Radar altimeter, Advanced Microwave Radiometer (AMR-C), GNSS Precise Orbit Determination (POD) Receiver, DORIS Receiver, Laser Reflector Array (LRA), Radio-occultation instrument",Europe / United States,Falcon 9,"1,362.0",1039,"1,362.0",2020-086A,https://en.wikipedia.org/wiki/Sentinel-6_Michael_Freilich,
Planetary Science,CubeSat Particle Aggregation and Collision Experiment,Q-PACE,https://science.nasa.gov/wp-content/uploads/2023/06/q-pace-jpg.webp,https://science.nasa.gov/mission/q-pace/,Orbiter,1,SIMPLEx,$0.5,2015-09-08,,2021-01-17,,,2021-01-17,Failure,,Simulate Planet-Forming Processes,"Collision test chamber, On-board video system",United States,LauncherOne,3.0,3.0,3.0,Q-PACE,https://en.wikipedia.org/wiki/Q-PACE,
Astrophysics,Colorado Ultraviolet Transit Experiment,CUTE,https://science.nasa.gov/wp-content/uploads/2024/02/cute-orbit031218.jpg,https://science.nasa.gov/science-research/science-enabling-technology/the-cute-mission-innovative-design-enablesobservations-of-extreme-exoplanets-from-a-smallpackage/,Pointed Observatory,1,Astrophysics R&A Program (ARPA),$5.0,2017-08-01,,2021-09-27,2021-10-01,2022-10-01,,Active,Exoplanets,To characterize the composition and mass-loss rates of exoplanet atmospheres in Near-UV.,,United States,Atlas V 401 (rideshare),7.5,7.5,7.5,,,https://ui.adsabs.harvard.edu/search/p_=0&q=(abs%3A%22Colorado%20Ultraviolet%20Transit%20Experiment%22%20OR%20ack%3A%22Colorado%20Ultraviolet%20Transit%20Experiment%22)%20AND%20property%3Arefereed%20AND%20year%3A2021-2030&sort=date%20desc%2C%20bibcode%20desc
Heliophysics,Cusp Plasma Imaging Detector,CuPID,https://science.nasa.gov/wp-content/uploads/2023/06/cupid-flight-20180725-1-636x636-1-jpg.webp,https://science.nasa.gov/mission/cupid/,Remote Sensing Observatory,1,Heliophysics Technology and Instrument Development for Science (HTIDS),$7.0,2017-07-28,,2021-09-27,,,,Failure,Earth's Magnetopause,Measure soft X-rays,,United States,Atlas V 401 (rideshare),7.5,7.5,7.5,2021-088E,,https://ui.adsabs.harvard.edu/search/q=abs%3A%22Cusp%20Plasma%20Imaging%20Detector%22%20OR%20(abs%3A%22CuPID%22%20AND%20%22cubesat%22)&sort=date%20desc%2C%20bibcode%20desc&p_=0
Planetary Science,Lucy,Lucy,https://assets.science.nasa.gov/dynamicimage/assets/science/psd/solar/2023/06/Lucy_Flyby_CILab_Preview_1600.jpg?w=1248&h=720&fit=clip&crop=faces%2Cfocalpoint,https://science.nasa.gov/mission/lucy/,Flyby,1,Discovery,$989.1,2017-01-04,2018-11-01,2021-10-16,2023-11-01,2033-10-31,,Active,Trojan Asteroids,Study the Trojan asteroids,"High-resolution visible imager (L'LORRI), Optical and near-infrared imaging spectrometer (L'Ralph), Thermal infrared spectrometer (L'TES)",United States,Atlas V 401,821.0,821,1550,2021-093A,https://en.wikipedia.org/wiki/Lucy_(spacecraft),https://ui.adsabs.harvard.edu/search/q=(abs%3A%22Lucy%22%20AND%20(abs%3A%22asteroid%22%20OR%20abs%3A%22trojan%22))%20year%3A2021-2030%20property%3Arefereed&sort=date%20desc%2C%20bibcode%20desc&p_=0
Planetary Science,Double Asteroid Redirection Test,DART,https://science.nasa.gov/wp-content/uploads/2023/10/pdco-dart.jpg?w=2048,https://science.nasa.gov/mission/dart/,Impactor,1,Planetary Defense,$315.4,2017-06-23,2018-08-01,2021-11-24,2022-08-01,,2022-09-26,Completed,Dimporphos,Demonstrate asteroid deflection with a kinetic impactor,Didymos Reconnaissance and Asteroid Camera for Optical navigation (DRACO),United States,Falcon 9,670.0,580,610,2021-110A,https://en.wikipedia.org/wiki/Double_Asteroid_Redirection_Test,https://ui.adsabs.harvard.edu/search/q=(abs%3A%22Double%20Asteroid%20Redirection%20Test%22%20OR%20(abs%3ADART%20AND%20(abs%3Aasteroid%20OR%20abs%3ADidymos%20OR%20abs%3ADimorphos))%20OR%20(ack%3A%22DART%20mission%22%20OR%20ack%3A%22DART%20team%22))%20AND%20property%3Arefereed%20AND%20year%3A2022-2030&sort=date%20desc%2C%20bibcode%20desc&p_=0
Astrophysics,Imaging X-ray Polarimetry Explorer,IXPE,https://science.nasa.gov/wp-content/uploads/2023/06/ixpe-003-jpg.webp,https://science.nasa.gov/mission/ixpe/,Pointed Observatory,1,Small-class Explorers (SMEX),$188.0,2017-01-03,2018-11-01,2021-12-09,2021-01-10,2024-02-01,,Active,Universe,"Study targets including active galactic nuclei, microquasars, pulsars and more","Mirror Module Assembly, Polarization-sensitive Imaging Detector",United States/Italy,Falcon 9 Full Thrust,330.0,311,330,2021-121A,https://en.wikipedia.org/wiki/IXPE,https://ui.adsabs.harvard.edu/search/q=abs%3AIXPE%20OR%20facility%3AIXPE%20property%3Arefereed%20year%3A2022-2030&sort=date%20desc%2C%20bibcode%20desc&p_=0
Heliophysics,Daily Atmospheric Ionospheric Limb Imager Mission,DAILI,https://aerospace.org/sites/default/files/inline-images/DAILI%20press%20release%20image.png,,Remote Sensing Observatory,1,Heliophysics Technology and Instrument Development for Science (HTIDS),$3.2,2018-05-23,,2021-12-21,,,2022-06-22,Failure,Earth,Study dynamic changes in Earth's neutral/ionosphere density in the ~140 km - 290 km altitude region.,,United States,Falcon 9 Full Thrust (rideshare),7.5,7.5,7.5,,,
Astrophysics,James Webb Space Telescope,JWST,https://science.nasa.gov/wp-content/uploads/2023/06/jwst-spacecraftpotentialtargetsmontageflip-1200px-4-jpg.webp,https://science.nasa.gov/mission/webb/,Pointed Observatory,1,Flagship,"$8,800.0",1999-03-01,2008-03-01,2021-12-25,2022-07-12,2027-06-05,,Active,Universe,"Conduct infrared astronomy to observe the first stars, galaxy formation, and characterize exoplanet atmospheres.","FGS-NIRISS, MIRI, NIRCam, NIRSpec",United States/Europe,Ariane 5,"6,500.0",5861.4,6161.4,2021-130A,https://en.wikipedia.org/wiki/James_Webb_Space_Telescope,https://ui.adsabs.harvard.edu/search/q=bibgroup%3AJWST%20property%3Arefereed%20year%3A2022-2040&sort=date%20desc%2C%20bibcode%20desc&p_=0
Heliophysics,Miniature X-ray Solar Spectrometer,MinXSS-3,https://science.nasa.gov/wp-content/uploads/2023/06/minxss-cubesats-deployed-from-iss-jpg.webp,https://science.nasa.gov/mission/minxss/,Remote Sensing Observatory,1,Heliophysics Technology and Instrument Development for Science (HTIDS),$3.3,2017-04-01,,2022-02-14,2022-02-14,,,Active,Sun,Measure the solar soft X-ray spectrum to probe the solar corona and improve models of Earth's upper atmosphere.,"Modified Amptek X123 silicon drift detector, Sun Position Sensor (SPS), X-ray Photometer (XP)",International,PSLV-XL,3.5,3.5,3.5,2022-013B,https://en.wikipedia.org/wiki/Miniature_X-ray_Solar_Spectrometer_CubeSat,https://ui.adsabs.harvard.edu/search/p_=0&q=(facility%3AminXSS)%20OR%20((abs%3AminXSS%20OR%20abs%3A%22Miniature%20X-ray%20Solar%22)%20%20)%20year%3A2015-2030%20property%3Arefereed%20&sort=date%20desc%2C%20bibcode%20desc
Planetary Science,Danuri,KPLO,https://planetary.s3.amazonaws.com/web/assets/pictures/_1200x630_crop_center-center_82_none/kplo-in-lunar-orbit.jpg?mtime=1753481029,,Orbiter,1,Korean Lunar Exploration Program (KLEP),,,,2022-08-04,2023-02-01,,,Active,Moon,"To develop indigenous lunar exploration technologies, demonstrate a ""space internet"", and conduct scientific investigations of the lunar environment, topography, and resources, as well as identify potential landing sites for future missions","Lunar Terrain Imager (LUTI), a Wide-Angle Polarimetric Camera (PolCam), a Magnetometer (KMAG), a Gamma-Ray Spectrometer (KGRS), and a high-sensitivity camera developed by NASA (ShadowCam).",Korea,Falcon 9,550.0,,,2022-094A,https://en.wikipedia.org/wiki/Danuri,
Planetary Science,Near-Earth Asteroid Scout,NEA Scout,https://science.nasa.gov/wp-content/uploads/2023/06/nea-scout-sail-fully-deployed-jpg.webp,https://science.nasa.gov/mission/nea-scout/,Orbiter,1,SIMPLEx,$20.0,2015-08-12,,2022-11-16,,,2022-12-01,Failure,Asteroid 2020 GE,Study and photograph an asteroid,14 megapixel camera,United States,SLS Block 1,14.0,10.0,10.0,2022-156H,https://en.wikipedia.org/wiki/Near-Earth_Asteroid_Scout,
Planetary Science,Lunar Polar Hydrogen Mapper,LunaH-Map,https://science.nasa.gov/wp-content/uploads/2023/04/planetary_exploration_2-jpg.webp,https://science.nasa.gov/mission/lunah-map/,Orbiter,1,SIMPLEx,$15.5,2016-02-02,,2022-11-16,,,2023-08-03,Failure,Moon,To measure the distribution and amount of hydrogen throughout the Moon’s South Pole.,Neutron spectrometer,United States,SLS Block 1,14.0,12.5,14,2022-156J,https://en.wikipedia.org/wiki/Lunar_Polar_Hydrogen_Mapper,https://ui.adsabs.harvard.edu/search/q=(abs%3A%22Lunar%20Polar%20Hydrogen%20Mapper%22%20OR%20abs%3A%22LunaH-Map%22%20OR%20ack%3A%22LunaH-Map%22)%20AND%20pubdate%3A%5B2022-11-15%20TO%202040-01-01%5D%20AND%20property%3Arefereed&sort=date%20desc%2C%20bibcode%20desc&p_=0
Heliophysics,CubeSat mission to study Solar Particles,CuSP,https://science.nasa.gov/wp-content/uploads/2023/06/cusp_0.png,,In-Situ Probe,1,Heliophysics Technology and Instrument Development for Science (HTIDS),$5.2,2014-08-14,,2022-11-16,,,2022-11-16,Failure,Earth,First protype of an interplanetary CubeSat space weather station to study solar particles.,,United States,SLS Block 1,7.5,7.5,7.5,,,https://ui.adsabs.harvard.edu/search/q=(abs%3A%22CubeSat%20mission%20to%20study%20Solar%20Particles%22%20OR%20(%3Dabs%3A%22CuSP%22%20AND%20abs%3A%22solar%20particles%22%20AND%20(abs%3Aspacecraft%20OR%20abs%3Acubesat))%20AND%20NOT%20%3Dabs%3A%22cusp%20region%22)%20AND%20property%3Arefereed&sort=date%20desc%2C%20bibcode%20desc&p_=0
Earth Science,Surface Water and Ocean Topography,SWOT,https://science.nasa.gov/wp-content/uploads/2023/06/swot-artist-eos-800-jpg.webp,https://science.nasa.gov/mission/swot/,Orbiter,1,Earth Systematic Missions,$755.0,2012-11-01,2016-05-01,2022-12-16,2022-12-16,2026-06-01,,Active,Earth,Collect detailed measurements of how water bodies on Earth change over time,"KaRIn (Ka-band Radar Interferometer), AMR-C (Advanced Microwave Radiometer-C), Nadir Altimeter, DORIS (Doppler Orbitography and Radiopositioning Integrated by Satellites), GPSP (Global Positioning System Payload), LRA (Laser Retro-reflector Assembly)",United States / France / Canada / United Kingdom,Falcon 9 Full Thrust,"2,200.0",,,2022-173A,https://en.wikipedia.org/wiki/Surface_Water_and_Ocean_Topography,
Planetary Science,Jupiter Icy Moons Explorer,JUICE,https://assets.science.nasa.gov/dynamicimage/assets/science/psd/solar/2023/07/JUICE_exploring_Jupiter_1280.jpg?w=1280&h=723&fit=crop&crop=faces%2Cfocalpoint,https://science.nasa.gov/mission/juice/,Orbiter,1,Cosmic Vision,,,,2023-04-14,,,,Active,Jupiter,"Study Jupiter and its moons Ganymede, Callisto, and Europa","GALA (GAnymede Laser Altimeter), JANUS (Jovis, Amorum ac Natorum Undique Scrutator), J-MAG (Juice-MAGnetometer), MAJIS (Moons And Jupiter Imaging Spectrometer), PEP (Particle Environment Package), RIME (Radar for Icy Moons Exploration), RPWI (Radio and Plasma Wave Investigation), SWI (Sub-millimeter Wave Instrument), UVS (UV imaging Spectrograph), 3GM (Gravity and Geophysics of Jupiter and Galilean Moons), PRIDE, RADEM",Europe,Ariane 5,"2,420.0",,,2023-053A,https://en.wikipedia.org/wiki/Jupiter_Icy_Moons_Explorer,
Heliophysics,Colorado Inner Radiation Belt Experiment,CIRBE,https://lasp.colorado.edu/wp-content/uploads/2022/04/CIRBE-1520-1080.jpg,,In-Situ Probe,1,Heliophysics Technology and Instrument Development for Science (HTIDS),$4.7,2018-06-06,,2023-04-15,,,,Active,Earth,To provide state-of-the-art measurements of .25-5 MeV electrons (and 6.5-100 MeV protons) in the Earth’s radiation belt in a highly inclined Low Earth Orbit.,,United States,Falcon 9 Full Thrust (rideshare),4.0,4.0,4.0,,,https://ui.adsabs.harvard.edu/search/p_=0&q=(%3Dabs%3ACIRBE%20or%20abs%3A%22Colorado%20Inner%20Radiation%20Belt%20Experiment%22%20OR%20%3Dack%3ACIRBE)%20and%20property%3Arefereed&sort=date%20desc%2C%20bibcode%20desc
Earth Science,Time-Resolved Observations of Precipitation structure and storm Intensity with a Constellation of Smallsats,TROPICS,https://science.nasa.gov/wp-content/uploads/2023/06/tropics-jpg.webp,https://science.nasa.gov/mission/tropics/,Orbiter,6,Earth Venture Instrument,$45.0,2016-03-10,2021-08-07,2023-05-26,2023-06-01,,,Active,Earth,Improve forecasting for hurricanes and typhoons,Microwave radiometer,United States,Electron,31.0,,,2023-073B,https://en.wikipedia.org/wiki/TROPICS_(spacecraft_constellation),https://ui.adsabs.harvard.edu/search/q=(abs%3A%22TROPICS%22%20AND%20%22smallsat%22)%20OR%20abs%3A%22Time-Resolved%20Observations%20of%20Precipitation%20structure%20and%20storm%20Intensity%20with%20a%20Constellation%20of%20Smallsats%22%20year%3A2023-2040%20property%3Arefereed&sort=date%20desc%2C%20bibcode%20desc&p_=0
Astrophysics,Euclid,Euclid,https://science.nasa.gov/wp-content/uploads/2023/06/euclid20170509-full.jpeg,https://science.nasa.gov/mission/euclid/,Survey Observatory,1,Medium-class,,2011-10-01,,2023-07-01,2024-02-14,,,Active,Universe,Explore the composition and evolution of the dark universe,,International,Falcon 9 Full Thrust,"2,160.0",,,2023-092A,https://en.wikipedia.org/wiki/Euclid,
Planetary Science,Chandrayaan-3,Chandrayaan-3,https://science.nasa.gov/wp-content/uploads/2023/06/chandrayaan-3-lander-rover-isro-jpg.webp,https://science.nasa.gov/mission/chandrayaan-3/,Rover,3,,,,,2023-07-14,2023-08-23,,2024-08-22,Completed,Moon,Land a rover on the Moon,Laser Retroreflector Array (LRA),India,LVM 3,"3,895.0",,,2023-098A,https://en.wikipedia.org/wiki/Chandrayaan-3,
Astrophysics,X-Ray Imaging and Spectroscopy Mission,XRISM,https://science.nasa.gov/wp-content/uploads/2023/06/xrism-mission-thumbnail-v01.jpg,https://science.nasa.gov/mission/xrism/,Pointed Observatory,1,Mission of Opportunity (MO),,2016-06-14,2018-01-01,2023-09-06,2023-12-01,,,Active,Universe,"Study galaxy clusters, galaxy nuclei outflows, and dark matter using X-ray spectroscopy.","Resolve (Soft X-ray Spectrometer), Xtend (Soft X-ray Imager)",Japan / United States,H-2A,"2,300.0",2300,2300,2023-137A,https://en.wikipedia.org/wiki/X-Ray_Imaging_and_Spectroscopy_Mission,
Planetary Science,Psyche,Psyche,https://photojournal.jpl.nasa.gov/jpeg/PIA25138.jpg,https://science.nasa.gov/mission/psyche/,Orbiter,1,Discovery,$975.7,2017-01-04,2019-05-01,2023-10-13,2029-08-01,,,Active,Asteroid Psyche,Visit a metal-rich asteroid called Psyche,"Psyche Multispectral Imager, Gamma Ray and Neutron Spectrometer, Magnetometer, X-band Gravity Science Investigation",United States,Falcon 9 Heavy,"1,400.0","1,616","2,747",2023-157A,https://en.wikipedia.org/wiki/Psyche_(spacecraft),https://ui.adsabs.harvard.edu/search/q=(abs%3A%22Psyche%22%20AND%20(abs%3A%22asteroid%22%20OR%20%22mission%22))%20year%3A2023-2040%20property%3Arefereed&sort=date%20desc%2C%20bibcode%20desc&p_=0
Heliophysics,Atmospheric Waves Experiment,AWE,https://science.nasa.gov/wp-content/uploads/2020/09/awe-high-res-1.jpg,https://science.nasa.gov/mission/awe/,Hosted Instrument,1,Mission of Opportunity (MO),$59.0,2019-05-01,2020-02-01,2023-11-09,2024-01-05,2026-01-05,,,Earth,To provide global analysis of atmospheric gravity waves (AGWs) that originate in Earth’s lower atmosphere and affect space weather.,Advanced Mesospheric Temperature Mapper (AMTM),United States,Falcon 9 CRS-29,58.0,58,58,,https://en.wikipedia.org/wiki/Atmospheric_Waves_Experiment,
Planetary Science,Peregrine Mission One,Peregrine,https://science.nasa.gov/wp-content/uploads/2024/01/peregrine-mission-one-patch.png,https://www.astrobotic.com/peregrine/,Lander,1,Commercial Lunar Payload Services (CLPS),$117.0,2019-05-31,,2024-01-08,,2024-01-18,2024-01-18,Failure,Moon,Deliver 14 NASA payloads to the lunar surface (Gruithuisen Domes),"Linear Energy Transfer Spectrometer (LETS), Near-Infrared Volatile Spectrometer System (NIRVSS), Neutron Spectrometer System (NSS), Peregrine Ion-Trap Mass Spectrometer (PITMS), Laser Retroreflector Array (LRA)",United States,Vulcan Centaur,285.0,,,2024-006A,https://en.wikipedia.org/wiki/Peregrine_Mission_One,
Earth Science,"Plankton, Aerosol, Cloud, ocean Ecosystem",PACE,https://science.nasa.gov/wp-content/uploads/2023/06/pace-spacecraft-beauty2-jpg.webp,https://science.nasa.gov/mission/pace/,Orbiter,1,Earth Systematic Missions,$948.1,2016-06-16,,2024-02-08,2024-04-17,,,Active,Earth,Study the health of Earth's climate and ocean,"Ocean Color Instrument (OCI), Spectro-Polarimeter for Planetary Exploration (SPEXone), Hyper-Angular Rainbow Polarimeter 2 (HARP2)",United States,Falcon 9 Full Thrust,"1,694.0",,,2024-025A,"https://en.wikipedia.org/wiki/Plankton,_Aerosol,_Cloud,_ocean_Ecosystem",
Planetary Science,Intuitive Machines-1,IM-1 Odysseus,https://science.nasa.gov/wp-content/uploads/2024/02/im-1-mission-patch.png,https://www.intuitivemachines.com/im-1,Lander,1,Commercial Lunar Payload Services (CLPS),$118.0,2019-05-31,,2024-02-15,2024-02-22,2024-02-29,2024-03-23,Completed,Moon,Deliver 6 NASA payloads to the lunar South Pole region (Malapert A),"Radio wave Observations at the Lunar Surface of the photoElectron Sheath (ROLSES), Laser Retroreflector Array (LRA), Navigation Doppler Lidar for Precise Velocity and Range Sensing (NDL), Stereo Cameras for Lunar Plume-Surface Studies (SCALPSS), Lunar Node 1 Navigation Demonstrator (LN-1), Radio Frequency Mass Gauge (RFMG)",United States,Falcon 9,777.0,,,2024-030A,https://en.wikipedia.org/wiki/IM-1,
Astrophysics,BurstCube,BurstCube,https://science.nasa.gov/wp-content/uploads/2023/06/solar-orbiter-0-jpg,https://science.nasa.gov/mission/burstcube/,Survey Observatory,1,Astrophysics R&A Program (APRA),$10.0,2018-06-01,2019-10-01,2024-03-21,2024-04-18,,2024-09-26,Completed,Gamma Ray Bursts,To detect gamma-ray burst events to send rapid alerts and provide initial detection for events.,,United States,Falcon 9,7.5,7.5,7.5,,,https://ui.adsabs.harvard.edu/search/q=abs%3A%22BurstCube%22%20year%3A2024-2040%20property%3Arefereed&sort=date%20desc%2C%20bibcode%20desc&p_=0
Earth Science,Polar Radiant Energy in the Far Infrared Experiment,PREFIRE,https://science.nasa.gov/wp-content/uploads/2023/06/cubesat2-1.png,https://science.nasa.gov/mission/prefire/,Orbiter,2,Earth Venture Instrument,$35.6,2018-02-05,,2024-05-25,2024-07-01,2025-08-19,,Active,Earth,Study Arctic Heat Emissions,,United States,Electron,,,,2024-099A,,
Planetary Science,Europa Clipper,Europa Clipper,"https://science.nasa.gov/wp-content/uploads/2024/05/europa-clipper-19c754.jpg?resize=1536,1024",https://science.nasa.gov/mission/europa-clipper/,Orbiter,1,Flagship,"$5,200.0",2015-04-01,2019-08-01,2024-10-14,2030-04-11,,,Active,Europa,Determine if Europa has conditions suitable to support life,"PIMS (Plasma Instrument for Magnetic Sounding), ECM (Europa Clipper Magnetometer), MISE (Mapping Imaging Spectrometer for Europa), EIS (Europa Imaging System), REASON (Radar for Europa Assessment and Sounding: Ocean to Near-surface), E-THEMIS (Europa Thermal Emission Imaging System), MASPEX (MAss SPectrometer for Planetary EXploration), Europa-UVS (Europa-Ultraviolet Spectrograph), SUDA (SUrface Dust Analyzer)",United States,Falcon 9 Heavy,"3,241.0",3315,6065,2024-182A,https://en.wikipedia.org/wiki/Europa_Clipper,
Planetary Science,Blue Ghost Mission 1,TO19D,https://science.nasa.gov/wp-content/uploads/2022/09/firefly-blue-ghost-1-on-moon.png,https://science.nasa.gov/lunar-science/clps-deliveries/to19d-firefly/,Lander,1,Commercial Lunar Payload Services (CLPS),$155.0,2021-02-04,,2025-01-15,2025-03-02,2025-03-16,2025-03-16,Completed,Moon,Deliver 10 NASA payloads to Mare Crisium,"Lunar Interior Temperature and Heat Flow Probe (LISTER), Lunar GNSS Receiver Experiment (LuGRE), Lunar Environment heliospheric X-ray Imager (LEXI), Lunar Magnetotelluric Sounder (LMS), Stereo Cameras for Lunar Plume-Surface Studies (SCALPSS), Electrodynamic Dust Shield (EDS), Lunar PlanetVac (LPV), Laser Retroreflector Array (LRA)",United States,Falcon 9,469.0,,,2025-010A,https://en.wikipedia.org/wiki/Blue_Ghost_Mission_1,
Planetary Science,Lunar Trailblazer,Lunar Trailblazer,https://assets.science.nasa.gov/dynamicimage/assets/science/psd/photojournal/pia/pia24/pia24161/jpeg/PIA24161.jpg?w=1536&h=864&fit=crop&crop=faces%2Cfocalpoint,https://science.nasa.gov/mission/lunar-trailblazer/,Orbiter,1,SIMPLEx,$68.9,2019-06-20,2020-11-24,2025-02-26,,2025-08-04,2025-08-04,Failure,Moon,Study Water on the Moon,,United States,Falcon 9,200.0,,,2025-038C,https://en.wikipedia.org/wiki/Lunar_Trailblazer,
Planetary Science,Intuitive Machines-2,IM-2 Athena,https://www.nasa.gov/wp-content/uploads/2025/01/im-2-clean-3-center.jpg,https://www.intuitivemachines.com/im-2,Lander,1,Commercial Lunar Payload Services (CLPS),$47.0,2020-10-16,,2025-02-27,,2025-03-01,2025-03-01,Failure,Moon,Drill for ice at the lunar South Pole (Mons Mouton),"Polar Resources Ice Mining Experiment-1 (PRIME-1) [consists of The Regolith and Ice Drill for Exploring New Terrain (TRIDENT) and Mass Spectrometer for Observing Lunar Operations (MSOLO)], Laser Retroreflector Array (LRA)",United States,Falcon 9,777.0,,,2025-038A,https://en.wikipedia.org/wiki/IM-2,
Astrophysics,"Spectro-Photometer for the History of the Universe, Epoch of Reionization and Ices Explorer",SPHEREx,https://science.nasa.gov/wp-content/uploads/2023/06/spherex-march2022-update-still01-r08-spacebackground-5760x3240-1.jpg,https://science.nasa.gov/mission/spherex/,Survey Observatory,1,Medium-class Explorers (MIDEX),$451.0,2019-02-13,2020-12-01,2025-03-11,2025-05-01,,,Active,Universe,Survey the sky in optical as well as near-infrared light,Spectrophotometer,United States,Falcon 9 Full Thrust,178.0,375,502,2025-047E,https://en.wikipedia.org/wiki/SPHEREx,
Heliophysics,Polarimeter to Unify the Corona and Heliosphere,PUNCH,https://science.nasa.gov/wp-content/uploads/2023/06/cubesat2-1.png,https://science.nasa.gov/mission/punch/,Constellation,4,Small-class Explorers (SMEX),$165.0,2019-06-20,2020-02-01,2025-03-12,2025-08-07,,,Active,Sun,,,United States,Falcon 9 Full Thrust,160.0,,,2025-047A,,
Heliophysics,Electrojet Zeeman Imaging Explorer,EZIE,https://science.nasa.gov/wp-content/uploads/2023/06/EZIE_Square-jpg.webp,https://science.nasa.gov/mission/ezie/,Constellation,3,Mission of Opportunity (MO),$53.5,2021-09-01,2022-05-01,2025-03-15,,,,Active,Sun-Earth Interaction,Further understanding of the Sun and Earth as an interconnected system,Microwave Electrojet Magnetogram (MEM),United States,Falcon 9 Full Thrust,12.0,,,"2025-052AP, 2025-052AS, 2025-052AR",https://en.wikipedia.org/wiki/Electrojet_Zeeman_Imaging_Explorer,
Heliophysics,Tandem Reconnection and Cusp Electrodynamics Reconnaissance Satellites,TRACERS,https://assets.science.nasa.gov/dynamicimage/assets/science/cds/general/images/2024/09/tracers-w-aurora-high-qual-0.jpg,https://science.nasa.gov/mission/tracers/,In-Situ Probe,2,Small-class Explorers (SMEX),$115.0,2019-06-20,2021-05-01,2025-07-23,,,,Active,Earth,Observe fields and particles at the magnetic cusp region encircling the Earth’s north pole,,United States,Falcon 9,400.0,,,"2025-154B,2025-154E",https://en.wikipedia.org/wiki/Tandem_Reconnection_and_Cusp_Electrodynamics_Reconnaissance_Satellites,
Earth Science,NASA-ISRO Synthetic Aperture Radar,NISAR,https://photojournal.jpl.nasa.gov/jpeg/PIA26285.jpg,https://science.nasa.gov/mission/nisar/,Orbiter,1,Earth Systematic Missions,"$1,148.4",2014-03-19,2016-08-01,2025-07-30,2025-11-28,,,Active,Earth,Observe and measure Earth's surface,"L-band (24-cm wavelength) Polarimetric Synthetic Aperture Radar, S-band (12-cm wavelength) Polarimetric Synthetic Aperture Radar",United States/India,GSLV-MkII,"2,380.0",,,2025-163A,https://en.wikipedia.org/wiki/NISAR_(satellite),
Heliophysics,Interstellar Mapping and Acceleration Probe,IMAP,https://science.nasa.gov/wp-content/uploads/2023/06/imap-spacecraft-still-03292023.png,https://science.nasa.gov/mission/imap/,In-Situ Probe,1,Solar Terrestrial Probes (STP),$781.8,2018-06-01,2021-07-01,2025-09-25,2026-02-01,,,Active,Sun-Earth Interaction,Study solar wind boundary,"IMAP–Lo, IMAP–Hi, IMAP–Ultra, Solar Wind and Pick-up Ion (SWAPI), Solar Wind Electron (SWE), Compact Dual Ion Composition Experiment (CoDICE), High-energy Ion Telescope (HIT), Magnetometer (MAG), Interstellar Dust Experiment (IDEX), Global Solar Wind Structure (GLOWS)",United States,Falcon 9 Block 5,900.0,,,2025-215A,https://en.wikipedia.org/wiki/Interstellar_Mapping_and_Acceleration_Probe,
Heliophysics,Carruthers Geocorona Observatory,GLIDE,https://science.nasa.gov/wp-content/uploads/2023/06/glide-1-jpg.webp,https://science.nasa.gov/mission/carruthers-geocorona-observatory/,Remote Sensing Observatory,1,Mission of Opportunity (MO),$75.0,2020-12-14,,2025-09-25,,,,Active,Sun-Earth Interaction,Survey Earth's exosphere,,United States,Falcon 9 Block 5,241.0,,,2025-215C,https://en.wikipedia.org/wiki/Carruthers_Geocorona_Observatory,
Planetary Science,Escape and Plasma Acceleration and Dynamics Explorers,EscaPADE,https://science.nasa.gov/wp-content/uploads/2023/06/rl-escapade-beauty-shot001-0000239.jpg,https://science.nasa.gov/mission/escapade/,Orbiter,2,SIMPLEx,$80.0,2019-06-20,,2025-11-13,,,,Active,Mars,Study the magnetosphere of Mars,"ESCAPADE magnetometer (EMAG), ElectroStatic Analyzer (EESA), Langmuir Probe (ELP)",United States,New Glenn,209.0,,,ESCAPADE,https://en.wikipedia.org/wiki/ESCAPADE,
Planetary Science,Martian Moons eXploration,MMX,https://science.nasa.gov/wp-content/uploads/2017/12/3b7c6d4a3f498f10a573f4e8fcc0cca1.png,https://science.nasa.gov/mission/mmx/,Sample Return,1,,,,,2026-01-01,,,,Active,Deimos and Phobos,"Clarify the origin of the two Martian moons and the evolution process of Mars, Phobos and Deimos","TElescopic Nadir imager for GeOmOrphology (TENGOO), Optical RadiOmeter composed of CHromatic Imagers (OROCHI), Light Detection and Ranging (LIDAR), MMX InfraRed Spectrometer (MIRS), Mars-moon Exploration with GAmma rays and NEutrons (MEGANE), Circum-Martian Dust Monitor (CMDM), Mass Spectrum Analyzer (MSA), Near IR Spectrometer (NIRS4/MacrOmega)",Japan,,"3,400.0",,,MMX-MARS,https://en.wikipedia.org/wiki/Martian_Moons_eXploration,
Heliophysics,EUV High-Throughput Spectroscopic Telescope,EUVST,https://science.nasa.gov/wp-content/uploads/2023/06/EUVST_SQUARE.jpg,https://science.nasa.gov/mission/euvst/,Remote Sensing Observatory,1,Mission of Opportunity (MO),$55.0,2019-10-01,2022-09-01,2026-01-01,,,,Active,Sun-Earth Interaction,"Expand how NASA studies the Sun, space, and Earth as an interconnected system",,United States / Japan / Europe,,,,,,,
Astrophysics,Pandora,Pandora,https://assets.science.nasa.gov/dynamicimage/assets/science/missions/pandora/Pandora_peers_at_a_transit_alt.jpg?w=6000&h=2657&fit=crop&crop=faces%2Cfocalpoint,https://science.nasa.gov/mission/pandora/,Orbiter,1,Pioneers,$20.0,2021-01-01,2023-10-01,2026-01-11,2026-02-11,2027-01-10,,Active,Exoplanets,Characterize exoplanet atmospheres and their host stars.,,United States,Falcon 9 (Rideshare),325.0,325,325,,https://en.wikipedia.org/wiki/Pandora_(spacecraft),
Astrophysics,Star-Planet Activity Research CubeSat,SPARCS,https://sparcs.asu.edu/sites/g/files/litvpz1881/files/2026-01/image%20%281%29.png,https://science.nasa.gov/mission/pandora/,Survey Observatory,1,ARPA,$5.3,2018-02-21,2021-07-07,2026-01-11,2026-02-11,2027-01-10,,Active,Universe,To monitor the flares and sunspot activity of low-mass stars of K and M spectral type in the far- and near-ultraviolet to assess how habitable the space environment is for planets orbiting them,,United States,Falcon 9 (Rideshare),7.5,,7.5,,https://en.wikipedia.org/wiki/SPARCS,
Heliophysics,Sun Radio Interferometer Space Experiment,SunRISE,https://science.nasa.gov/wp-content/uploads/2023/06/sunrise-ust.jpg,https://science.nasa.gov/mission/sunrise/,Constellation,6,Mission of Opportunity (MO),,2020-03-30,2021-08-01,2026-03-01,,,,In Development,Sun,Examine how the Sun releases particles into space,,United States,Vulcan-Centaur,,,,SUNRISE,https://en.wikipedia.org/wiki/Sun_Radio_Interferometer_Space_Experiment,https://ui.adsabs.harvard.edu/search/q=(abs%3A%22Sun%20Radio%20Interferometer%20Space%20Experiment%22%20OR%20(%3Dabs%3A%22SunRISE%22%20AND%20%22cubesat%22))%20year%3A2026-2040%20property%3Arefereed&sort=date%20desc%2C%20bibcode%20desc&p_=0
Astrophysics,Supernova Remnants and Proxies for ReIonization Testbed Experiment,SPRITE,https://lasp.colorado.edu/wp-content/uploads/2022/04/SPRITE.jpg,,Survey Observatory,1,ARPA,$5.0,2021-07-07,2021-07-07,2026-03-01,,,,In Development,Universe,"To map shock emission in supernova remnants in the Milky Way and Magellanic Clouds, and to determine the escape fraction of hydrogen ionizing radiation from 100 low-redshift star-forming galaxies.",,United States,,24.0,,,,https://fr.wikipedia.org/wiki/SPRITE_(CubeSat),
Astrophysics,Black Hole Coded Aperture Telescope,BlackCAT,,,Survey Observatory,1,,,,,2026-06-01,,,,In Development,,,,United States,,,,,,,
Earth Science,Investigation of Convective Updrafts,INCUS,https://incus.colostate.edu/static/8298dfa0b3561bd5af95a72eaa881b02/d5c83/INCUS_rendering.jpg,https://science.nasa.gov/mission/incus/,Orbiter,3,Earth Venture Mission,$177.0,2021-11-05,,2027-01-01,,,,In Development,Earth,Study storms,,United States,,,,,,,
Heliophysics,Multi-slit Solar Explorer,MUSE,https://science.nasa.gov/wp-content/uploads/2023/06/MUSE_SQUARE-jpg.webp,https://science.nasa.gov/mission/muse/,Remote Sensing Observatory,1,Medium-class Explorers (MIDEX),$350.0,2022-02-10,,2027-01-01,,,,In Development,"Dynamics of the Sun, and the Sun-Earth connection","Study the physics of the solar atmosphere, and capture the clearest images of the corona","Multi-slit Spectrograph, EUV Context Imager",United States,,291.0,,,,https://en.wikipedia.org/wiki/Multi-slit_Solar_Explorer,
Astrophysics,Nancy Grace Roman Space Telescope,Roman,https://science.nasa.gov/wp-content/uploads/2023/06/edu-stem-stars-nancy-grace-roman-space-telescope-jpg.webp,https://science.nasa.gov/mission/roman-space-telescope/,Survey Observatory,1,Flagship,"$4,316.0",2016-02-01,2020-02-01,2027-05-01,,,,In Development,"Universe, Exoplanets","Settle essential questions in the areas of dark energy, exoplanets, and astrophysics","Wide-Field Instrument (WFI), Coronagraph Instrument (CGI)",United States,Falcon 9 Heavy,"4,059.0",,,ROMAN,https://en.wikipedia.org/wiki/Nancy_Grace_Roman_Space_Telescope,
Astrophysics,Compton Spectrometer and Imager,COSI,https://assets.science.nasa.gov/dynamicimage/assets/science/missions/cosi-(compton-spectrometer-and-imager)/COSI_graphic_b_image_landscape_16_9_ratio_crop.png?w=2351&h=1305&fit=crop&crop=faces%2Cfocalpoint,https://science.nasa.gov/mission/cosi/,Survey Observatory,1,Small-class Explorers (SMEX),$293.5,2021-10-18,2024-04-17,2027-08-01,,,,In Development,Milky Way Galaxy,Investigate the MeV gap and origin of chemical elements in the Milky Way galaxy.,"Compton Spectrometer and Imager (COSI), Compton telescope, Germanium detectors",United States,Falcon 9,,,,COSI,https://en.wikipedia.org/wiki/Compton_Spectrometer_and_Imager,
Planetary Science,Near-Earth Object Surveyor,NEO Surveyor,https://assets.science.nasa.gov/dynamicimage/assets/science/missions/neo-surveyor/Mission_NEO_Surveyor-16x9.jpg?w=2159&h=1215&fit=crop&crop=faces%2Cfocalpoint,https://science.nasa.gov/mission/neo-surveyor/,Observatory,1,Planetary Defense,"$1,595.0",2021-06-11,2022-12-06,2027-09-01,,,,In Development,"Asteroids, Comets",Hunt asteroids and comets that may be potential hazards to Earth,,United States,,,,,,,
Planetary Science,Volatiles Investigating Polar Exploration Rover,VIPER,,https://science.nasa.gov/mission/viper/,Rover,1,LDEP,$505.4,2019-10-01,,2027-10-01,,,,In Development,Lunar surface,Map the location of water ice and other potential resources,,United States,,,386,,,,
Astrophysics,Atmospheric Remote-sensing Infrared Exoplanet Large-survey,ARIEL,,https://science.nasa.gov/mission/ariel/,Survey Observatory,1,,,,,2028-01-01,,,,In Development,Universe,Explore the atmospheres of hundreds of exoplanets (planets orbiting stars beyond our Sun) for the first time,,Europe,,,,,,,
Planetary Science,Rosalind Franklin Rover,Rosalind Franklin Rover,https://assets.science.nasa.gov/dynamicimage/assets/science/psd/solar/2023/07/Exomars_Rover_201403_1280.jpg?w=1280&h=720&fit=crop&crop=faces%2Cfocalpoint,https://science.nasa.gov/mission/rosalind-franklin/,Rover,1,ExoMars programme,,2009-12-17,,2028-01-01,,,,In Development,Mars,Provide clues about the potential for life on Mars,,Europe,,310.0,,,EXOMARS22,https://en.wikipedia.org/wiki/Rosalind_Franklin_(rover),
Planetary Science,Dragonfly,Dragonfly,https://assets.science.nasa.gov/dynamicimage/assets/science/psd/planetary-science-division/2025/Dragonfly-BannerFactSheet_2024.png?w=7500&h=3048&fit=crop&crop=faces%2Cfocalpoint,https://science.nasa.gov/mission/dragonfly/,Lander,1,New Frontiers,"$3,350.0",2019-06-17,2024-04-01,2028-07-01,,,,In Development,Titan,Explore diverse locations to characterize the habitability of Titan's environment,,United States,,420.0,,,DRAGONFLY,,
Heliophysics,HelioSwarm,HelioSwarm,,https://science.nasa.gov/mission/helioswarm/,Constellation,9,Medium-class Explorers (MIDEX),$550.0,2022-02-10,,2029-01-01,,,,In Development,Sun-Earth Interaction,Study solar wind turbulence,,United States,,,,,,,
Earth Science,Gravity Recovery and Climate Experiment-Continuity,GRACE-Continuity,https://science.nasa.gov/wp-content/uploads/2024/11/gc-web-stub-image2-1.jpg,https://science.nasa.gov/mission/grace-c/,Orbiter,2,Earth Systmatic Missions,$617.8,2023-03-01,,2029-01-01,,,,In Development,Earth,Tracking Earth's water movement,,United States,,,,,,,
Astrophysics,UltraViolet EXplorer,UVEX,https://www.uvex.caltech.edu/,,Survey Observatory,1,Medium-class Explorers (MIDEX),$300.0,2024-02-13,,2030-01-01,,,,In Development,Universe,"Observe local, low-mass galaxies in ultraviolet light, their close distance allowing for very detailed study of their properties.",,United States,,,,,,https://en.wikipedia.org/wiki/UVEX,
Planetary Science,EnVision,EnVision,https://science.nasa.gov/wp-content/uploads/2023/06/envision-understanding-why-earth-s-closest-neighbour-is-so-different-pillars-jpg.webp,https://science.nasa.gov/mission/envision/,Instrument,1,Mission of Opportunity (MO),,,,2030-01-01,,,,In Development,Venus,Study Venus from its inner core to its upper atmosphere,,Europe/United States,Ariane 6,,,,ENVISION,,
Planetary Science,"Venus Emissivity, Radio Science, InSAR, Topography, and Spectroscopy",VERITAS,,https://science.nasa.gov/mission/veritas/,Orbiter,1,Discovery,"$1,100.0",2021-06-02,,2031-01-01,,,,In Development,Venus,Study Venus,,United States,,,,,VERITAS,,
Planetary Science,"Deep Atmosphere Venus Investigation of Noble gases, Chemistry, and Imaging",DAVINCI,,https://science.nasa.gov/mission/davinci/,Flyby,1,Discovery,"$1,100.0",2021-06-02,,2031-01-01,,,,In Development,Venus,Study Venus from above its clouds to its surface,,United States,Electron,,,,DAVINCI,,
Astrophysics,Laser Interferometer Space Antenna,LISA,https://science.nasa.gov/wp-content/uploads/2024/01/lisa-2arms-gws-red2.png?w=1024,https://science.nasa.gov/mission/lisa/,Survey Observatory,3,,,2023-10-27,,2035-01-01,,,,In Development,,,,Europe / United States,,,,,,,
Astrophysics,Ultraviolet Transient Astronomy Satellite,ULTRASAT,https://assets.science.nasa.gov/dynamicimage/assets/science/missions/ultrasat/ultrasatbanner.png?w=1609&h=657&fit=crop&crop=faces%2Cfocalpoint,https://science.nasa.gov/mission/ultrasat/,Survey Observatory,1,Mission of Opportunity (MO),,2023-07-31,,,,,,In Development,,,,Israel,,,,,,,
Planetary Science,Mars Sample Return,MSR,,https://science.nasa.gov/mission/mars-sample-return/,Sample Return,3,Flagship,,2020-12-01,,,,,,In Development,Mars and Earth,Bring Mars samples collected by the Perseverance rover to Earth,,United States,,,,,,,
Planetary Science,Janus,Janus,,https://science.nasa.gov/mission/janus/,Flyby,1,SIMPLEx,$41.2,2019-06-20,2020-09-01,,,,,In Development,Asteroids,Study different orbits of two different binary asteroids systems,,United States,,36.0,,,JANUS,,
Heliophysics,Heliophysics Environmental and Radiation Measurement Experiment Suite,HERMES,https://science.nasa.gov/wp-content/uploads/2020/08/hermes-01orig.png,https://science.nasa.gov/mission/hermes/,Hosted Instrument,1,,,,2022-01-07,2027-01-01,,,,In Development,Space Weather,Study space weather from cis-lunar space.,"NEMISIS, or the Noise Eliminating Magnetometer Instrument in a Small Integrated System, which measures the magnetic fields around Gateway; the Miniaturized Electron pRoton Telescope, or MERiT, which measures ions and electrons; the Electron Electrostatic Analyzer, or EEA, which measures the lower energy electrons that make up most of the solar wind; and the Solar Probe Analyzer for Ions, or SPAN-I.",United States,Falcon Heavy (Rideshare),,33,33,,,
Heliophysics,Geospace Dynamics Constellation,GDC,,https://science.nasa.gov/mission/gdc/,Constellation,1,Living With a Star (LWS),,2021-06-30,,,,,,In Development,Sun-Earth Interaction,Study Earth’s upper atmosphere,,United States,,,,,,,
Earth Science,,ATS,,https://science.nasa.gov/mission/ats/,Orbiter,1,,,,,,,,,In Development,,"Weather observations, investigation of the space environment",,United States,,,,,,,
Heliophysics,Cross-scale Investigation of Earth’s Magnetotail and Aurora,CINEMA,,,,1,,,,,,,,,,,,,,,,,,,,
