owning_agency_name,reporting_agency_name,submission_period,allocation_transfer_agency_identifier_code,agency_identifier_code,beginning_period_of_availability,ending_period_of_availability,availability_type_code,main_account_code,sub_account_code,treasury_account_symbol,treasury_account_name,agency_identifier_name,allocation_transfer_agency_identifier_name,budget_function,budget_subfunction,federal_account_symbol,federal_account_name,program_activity_code,program_activity_name,object_class_code,object_class_name,direct_or_reimbursable_funding_source,disaster_emergency_fund_code,disaster_emergency_fund_name,transaction_obligated_amount,gross_outlay_amount_FYB_to_period_end,USSGL487200_downward_adj_prior_year_prepaid_undeliv_order_oblig,USSGL497200_downward_adj_of_prior_year_paid_deliv_orders_oblig,award_unique_key,award_id_piid,parent_award_id_piid,award_id_fain,award_id_uri,award_base_action_date,award_base_action_date_fiscal_year,award_latest_action_date,award_latest_action_date_fiscal_year,period_of_performance_start_date,period_of_performance_current_end_date,ordering_period_end_date,award_type_code,award_type,idv_type_code,idv_type,prime_award_base_transaction_description,awarding_agency_code,awarding_agency_name,awarding_subagency_code,awarding_subagency_name,awarding_office_code,awarding_office_name,funding_agency_code,funding_agency_name,funding_sub_agency_code,funding_sub_agency_name,funding_office_code,funding_office_name,recipient_uei,recipient_duns,recipient_name,recipient_name_raw,recipient_parent_uei,recipient_parent_duns,recipient_parent_name,recipient_parent_name_raw,recipient_country,recipient_state,recipient_county,recipient_city,prime_award_summary_recipient_cd_original,prime_award_summary_recipient_cd_current,recipient_zip_code,primary_place_of_performance_country,primary_place_of_performance_state,primary_place_of_performance_county,prime_award_summary_place_of_performance_cd_original,prime_award_summary_place_of_performance_cd_current,primary_place_of_performance_zip_code,cfda_number,cfda_title,product_or_service_code,product_or_service_code_description,naics_code,naics_description,national_interest_action_code,national_interest_action,usaspending_permalink,last_modified_date
National Aeronautics and Space Administration,National Aeronautics and Space Administration,FY2020P10,,080,2020,2021,,0120,000,080-2020/2021-0120-000,"Science, National Aeronautics and Space Administration",National Aeronautics and Space Administration,,"General Science, Space, and Technology","Space flight, research, and supporting activities",080-0120,"Science, National Aeronautics and Space Administration",0001,SCIENCE (DIRECT),25.5,Research and development contracts,D,Q,Not Designated Nonemergency/Emergency/Disaster/Wildfire Suppression,518329.00,,,,CONT_AWD_80MSFC20F0178_8000_80MSFC20D0004_8000,80MSFC20F0178,80MSFC20D0004,,,2020-07-23,2020,2025-12-17,2026,2020-08-01,2028-09-30,,C,DELIVERY ORDER,,,THERMOSPHERE IONOSPHERE MESOSPHERE ENERGETICS AND DYNAMICS (TIMED) MISSION PHASE E (FOLLOW ON FROM ARDES I BASIC NNN06AA01C TASK ORDER NNN13AA06C),080,NATIONAL AERONAUTICS AND SPACE ADMINISTRATION (NASA),8000,NATIONAL AERONAUTICS AND SPACE ADMINISTRATION,80MSFC,NASA MARSHALL SPACE FLIGHT CENTER,080,NATIONAL AERONAUTICS AND SPACE ADMINISTRATION (NASA),8000,NATIONAL AERONAUTICS AND SPACE ADMINISTRATION,80MSFC,NASA MARSHALL SPACE FLIGHT CENTER,C1HBCJ9RMBV3,,THE JOHNS HOPKINS UNIVERSITY APPLIED PHYSICS LABORATORY LLC,"JOHNS HOPKINS UNIVERSITY APPLIED PHYSICS LABORATORY LLC, THE",C1HBCJ9RMBV3,C1HBCJ9RMBV3,THE JOHNS HOPKINS UNIVERSITY APPLIED PHYSICS LABORATORY LLC,JOHNS HOPKINS UNIVERSITY,USA,MD,HOWARD,LAUREL,MD-03,MD-03,207236005,UNITED STATES,MARYLAND,HOWARD,MD-03,MD-03,207236099,,,AR11,"SPACE R&D SERVICES; SPACE FLIGHT, RESEARCH AND SUPPORTING ACTIVITIES; BASIC RESEARCH",541715,"RESEARCH AND DEVELOPMENT IN THE PHYSICAL, ENGINEERING, AND LIFE SCIENCES (EXCEPT NANOTECHNOLOGY AND BIOTECHNOLOGY)",,,https://www.usaspending.gov/award/CONT_AWD_80MSFC20F0178_8000_80MSFC20D0004_8000/,2020-08-27
National Aeronautics and Space Administration,National Aeronautics and Space Administration,FY2020P12,,080,2020,2021,,0120,000,080-2020/2021-0120-000,"Science, National Aeronautics and Space Administration",National Aeronautics and Space Administration,,"General Science, Space, and Technology","Space flight, research, and supporting activities",080-0120,"Science, National Aeronautics and Space Administration",0001,SCIENCE (DIRECT),25.5,Research and development contracts,D,Q,Not Designated Nonemergency/Emergency/Disaster/Wildfire Suppression,580.00,,,,CONT_AWD_80MSFC20F0178_8000_80MSFC20D0004_8000,80MSFC20F0178,80MSFC20D0004,,,2020-07-23,2020,2025-12-17,2026,2020-08-01,2028-09-30,,C,DELIVERY ORDER,,,THERMOSPHERE IONOSPHERE MESOSPHERE ENERGETICS AND DYNAMICS (TIMED) MISSION PHASE E (FOLLOW ON FROM ARDES I BASIC NNN06AA01C TASK ORDER NNN13AA06C),080,NATIONAL AERONAUTICS AND SPACE ADMINISTRATION (NASA),8000,NATIONAL AERONAUTICS AND SPACE ADMINISTRATION,80MSFC,NASA MARSHALL SPACE FLIGHT CENTER,080,NATIONAL AERONAUTICS AND SPACE ADMINISTRATION (NASA),8000,NATIONAL AERONAUTICS AND SPACE ADMINISTRATION,80MSFC,NASA MARSHALL SPACE FLIGHT CENTER,C1HBCJ9RMBV3,,THE JOHNS HOPKINS UNIVERSITY APPLIED PHYSICS LABORATORY LLC,"JOHNS HOPKINS UNIVERSITY APPLIED PHYSICS LABORATORY LLC, THE",C1HBCJ9RMBV3,C1HBCJ9RMBV3,THE JOHNS HOPKINS UNIVERSITY APPLIED PHYSICS LABORATORY LLC,JOHNS HOPKINS UNIVERSITY,USA,MD,HOWARD,LAUREL,MD-03,MD-03,207236005,UNITED STATES,MARYLAND,HOWARD,MD-03,MD-03,207236099,,,AR11,"SPACE R&D SERVICES; SPACE FLIGHT, RESEARCH AND SUPPORTING ACTIVITIES; BASIC RESEARCH",541715,"RESEARCH AND DEVELOPMENT IN THE PHYSICAL, ENGINEERING, AND LIFE SCIENCES (EXCEPT NANOTECHNOLOGY AND BIOTECHNOLOGY)",,,https://www.usaspending.gov/award/CONT_AWD_80MSFC20F0178_8000_80MSFC20D0004_8000/,2020-10-29
National Aeronautics and Space Administration,National Aeronautics and Space Administration,FY2021P03,,080,2020,2021,,0120,000,080-2020/2021-0120-000,"Science, National Aeronautics and Space Administration",National Aeronautics and Space Administration,,"General Science, Space, and Technology","Space flight, research, and supporting activities",080-0120,"Science, National Aeronautics and Space Administration",0001,SCIENCE (DIRECT),25.5,Research and development contracts,D,Q,Not Designated Nonemergency/Emergency/Disaster/Wildfire Suppression,,253014.95,,,CONT_AWD_80MSFC20F0178_8000_80MSFC20D0004_8000,80MSFC20F0178,80MSFC20D0004,,,2020-07-23,2020,2025-12-17,2026,2020-08-01,2028-09-30,,C,DELIVERY ORDER,,,THERMOSPHERE IONOSPHERE MESOSPHERE ENERGETICS AND DYNAMICS (TIMED) MISSION PHASE E (FOLLOW ON FROM ARDES I BASIC NNN06AA01C TASK ORDER NNN13AA06C),080,NATIONAL AERONAUTICS AND SPACE ADMINISTRATION (NASA),8000,NATIONAL AERONAUTICS AND SPACE ADMINISTRATION,80MSFC,NASA MARSHALL SPACE FLIGHT CENTER,080,NATIONAL AERONAUTICS AND SPACE ADMINISTRATION (NASA),8000,NATIONAL AERONAUTICS AND SPACE ADMINISTRATION,80MSFC,NASA MARSHALL SPACE FLIGHT CENTER,C1HBCJ9RMBV3,,THE JOHNS HOPKINS UNIVERSITY APPLIED PHYSICS LABORATORY LLC,"JOHNS HOPKINS UNIVERSITY APPLIED PHYSICS LABORATORY LLC, THE",C1HBCJ9RMBV3,C1HBCJ9RMBV3,THE JOHNS HOPKINS UNIVERSITY APPLIED PHYSICS LABORATORY LLC,JOHNS HOPKINS UNIVERSITY,USA,MD,HOWARD,LAUREL,MD-03,MD-03,207236005,UNITED STATES,MARYLAND,HOWARD,MD-03,MD-03,207236099,,,AR11,"SPACE R&D SERVICES; SPACE FLIGHT, RESEARCH AND SUPPORTING ACTIVITIES; BASIC RESEARCH",541715,"RESEARCH AND DEVELOPMENT IN THE PHYSICAL, ENGINEERING, AND LIFE SCIENCES (EXCEPT NANOTECHNOLOGY AND BIOTECHNOLOGY)",,,https://www.usaspending.gov/award/CONT_AWD_80MSFC20F0178_8000_80MSFC20D0004_8000/,2021-02-07
National Aeronautics and Space Administration,National Aeronautics and Space Administration,FY2021P02,,080,2020,2021,,0120,000,080-2020/2021-0120-000,"Science, National Aeronautics and Space Administration",National Aeronautics and Space Administration,,"General Science, Space, and Technology","Space flight, research, and supporting activities",080-0120,"Science, National Aeronautics and Space Administration",0001,SCIENCE (DIRECT),25.5,Research and development contracts,D,Q,Not Designated Nonemergency/Emergency/Disaster/Wildfire Suppression,,83596.34,,,CONT_AWD_80MSFC20F0178_8000_80MSFC20D0004_8000,80MSFC20F0178,80MSFC20D0004,,,2020-07-23,2020,2025-12-17,2026,2020-08-01,2028-09-30,,C,DELIVERY ORDER,,,THERMOSPHERE IONOSPHERE MESOSPHERE ENERGETICS AND DYNAMICS (TIMED) MISSION PHASE E (FOLLOW ON FROM ARDES I BASIC NNN06AA01C TASK ORDER NNN13AA06C),080,NATIONAL AERONAUTICS AND SPACE ADMINISTRATION (NASA),8000,NATIONAL AERONAUTICS AND SPACE ADMINISTRATION,80MSFC,NASA MARSHALL SPACE FLIGHT CENTER,080,NATIONAL AERONAUTICS AND SPACE ADMINISTRATION (NASA),8000,NATIONAL AERONAUTICS AND SPACE ADMINISTRATION,80MSFC,NASA MARSHALL SPACE FLIGHT CENTER,C1HBCJ9RMBV3,,THE JOHNS HOPKINS UNIVERSITY APPLIED PHYSICS LABORATORY LLC,"JOHNS HOPKINS UNIVERSITY APPLIED PHYSICS LABORATORY LLC, THE",C1HBCJ9RMBV3,C1HBCJ9RMBV3,THE JOHNS HOPKINS UNIVERSITY APPLIED PHYSICS LABORATORY LLC,JOHNS HOPKINS UNIVERSITY,USA,MD,HOWARD,LAUREL,MD-03,MD-03,207236005,UNITED STATES,MARYLAND,HOWARD,MD-03,MD-03,207236099,,,AR11,"SPACE R&D SERVICES; SPACE FLIGHT, RESEARCH AND SUPPORTING ACTIVITIES; BASIC RESEARCH",541715,"RESEARCH AND DEVELOPMENT IN THE PHYSICAL, ENGINEERING, AND LIFE SCIENCES (EXCEPT NANOTECHNOLOGY AND BIOTECHNOLOGY)",,,https://www.usaspending.gov/award/CONT_AWD_80MSFC20F0178_8000_80MSFC20D0004_8000/,2021-02-07
National Aeronautics and Space Administration,National Aeronautics and Space Administration,FY2021P02,,080,2020,2021,,0120,000,080-2020/2021-0120-000,"Science, National Aeronautics and Space Administration",National Aeronautics and Space Administration,,"General Science, Space, and Technology","Space flight, research, and supporting activities",080-0120,"Science, National Aeronautics and Space Administration",0001,SCIENCE (DIRECT),25.5,Research and development contracts,D,Q,Not Designated Nonemergency/Emergency/Disaster/Wildfire Suppression,150000.00,,,,CONT_AWD_80MSFC20F0178_8000_80MSFC20D0004_8000,80MSFC20F0178,80MSFC20D0004,,,2020-07-23,2020,2025-12-17,2026,2020-08-01,2028-09-30,,C,DELIVERY ORDER,,,THERMOSPHERE IONOSPHERE MESOSPHERE ENERGETICS AND DYNAMICS (TIMED) MISSION PHASE E (FOLLOW ON FROM ARDES I BASIC NNN06AA01C TASK ORDER NNN13AA06C),080,NATIONAL AERONAUTICS AND SPACE ADMINISTRATION (NASA),8000,NATIONAL AERONAUTICS AND SPACE ADMINISTRATION,80MSFC,NASA MARSHALL SPACE FLIGHT CENTER,080,NATIONAL AERONAUTICS AND SPACE ADMINISTRATION (NASA),8000,NATIONAL AERONAUTICS AND SPACE ADMINISTRATION,80MSFC,NASA MARSHALL SPACE FLIGHT CENTER,C1HBCJ9RMBV3,,THE JOHNS HOPKINS UNIVERSITY APPLIED PHYSICS LABORATORY LLC,"JOHNS HOPKINS UNIVERSITY APPLIED PHYSICS LABORATORY LLC, THE",C1HBCJ9RMBV3,C1HBCJ9RMBV3,THE JOHNS HOPKINS UNIVERSITY APPLIED PHYSICS LABORATORY LLC,JOHNS HOPKINS UNIVERSITY,USA,MD,HOWARD,LAUREL,MD-03,MD-03,207236005,UNITED STATES,MARYLAND,HOWARD,MD-03,MD-03,207236099,,,AR11,"SPACE R&D SERVICES; SPACE FLIGHT, RESEARCH AND SUPPORTING ACTIVITIES; BASIC RESEARCH",541715,"RESEARCH AND DEVELOPMENT IN THE PHYSICAL, ENGINEERING, AND LIFE SCIENCES (EXCEPT NANOTECHNOLOGY AND BIOTECHNOLOGY)",,,https://www.usaspending.gov/award/CONT_AWD_80MSFC20F0178_8000_80MSFC20D0004_8000/,2021-02-07
National Aeronautics and Space Administration,National Aeronautics and Space Administration,FY2021P02,,080,2020,2021,,0120,000,080-2020/2021-0120-000,"Science, National Aeronautics and Space Administration",National Aeronautics and Space Administration,,"General Science, Space, and Technology","Space flight, research, and supporting activities",080-0120,"Science, National Aeronautics and Space Administration",0001,SCIENCE (DIRECT),25.5,Research and development contracts,D,Q,Not Designated Nonemergency/Emergency/Disaster/Wildfire Suppression,,166717.99,,,CONT_AWD_80MSFC20F0178_8000_80MSFC20D0004_8000,80MSFC20F0178,80MSFC20D0004,,,2020-07-23,2020,2025-12-17,2026,2020-08-01,2028-09-30,,C,DELIVERY ORDER,,,THERMOSPHERE IONOSPHERE MESOSPHERE ENERGETICS AND DYNAMICS (TIMED) MISSION PHASE E (FOLLOW ON FROM ARDES I BASIC NNN06AA01C TASK ORDER NNN13AA06C),080,NATIONAL AERONAUTICS AND SPACE ADMINISTRATION (NASA),8000,NATIONAL AERONAUTICS AND SPACE ADMINISTRATION,80MSFC,NASA MARSHALL SPACE FLIGHT CENTER,080,NATIONAL AERONAUTICS AND SPACE ADMINISTRATION (NASA),8000,NATIONAL AERONAUTICS AND SPACE ADMINISTRATION,80MSFC,NASA MARSHALL SPACE FLIGHT CENTER,C1HBCJ9RMBV3,,THE JOHNS HOPKINS UNIVERSITY APPLIED PHYSICS LABORATORY LLC,"JOHNS HOPKINS UNIVERSITY APPLIED PHYSICS LABORATORY LLC, THE",C1HBCJ9RMBV3,C1HBCJ9RMBV3,THE JOHNS HOPKINS UNIVERSITY APPLIED PHYSICS LABORATORY LLC,JOHNS HOPKINS UNIVERSITY,USA,MD,HOWARD,LAUREL,MD-03,MD-03,207236005,UNITED STATES,MARYLAND,HOWARD,MD-03,MD-03,207236099,,,AR11,"SPACE R&D SERVICES; SPACE FLIGHT, RESEARCH AND SUPPORTING ACTIVITIES; BASIC RESEARCH",541715,"RESEARCH AND DEVELOPMENT IN THE PHYSICAL, ENGINEERING, AND LIFE SCIENCES (EXCEPT NANOTECHNOLOGY AND BIOTECHNOLOGY)",,,https://www.usaspending.gov/award/CONT_AWD_80MSFC20F0178_8000_80MSFC20D0004_8000/,2021-02-07
National Aeronautics and Space Administration,National Aeronautics and Space Administration,FY2021P02,,080,2021,2022,,0120,000,080-2021/2022-0120-000,"Science, National Aeronautics and Space Administration",National Aeronautics and Space Administration,,"General Science, Space, and Technology","Space flight, research, and supporting activities",080-0120,"Science, National Aeronautics and Space Administration",0001,SCIENCE (DIRECT),25.5,Research and development contracts,D,Q,Not Designated Nonemergency/Emergency/Disaster/Wildfire Suppression,150000.00,,,,CONT_AWD_80MSFC20F0178_8000_80MSFC20D0004_8000,80MSFC20F0178,80MSFC20D0004,,,2020-07-23,2020,2025-12-17,2026,2020-08-01,2028-09-30,,C,DELIVERY ORDER,,,THERMOSPHERE IONOSPHERE MESOSPHERE ENERGETICS AND DYNAMICS (TIMED) MISSION PHASE E (FOLLOW ON FROM ARDES I BASIC NNN06AA01C TASK ORDER NNN13AA06C),080,NATIONAL AERONAUTICS AND SPACE ADMINISTRATION (NASA),8000,NATIONAL AERONAUTICS AND SPACE ADMINISTRATION,80MSFC,NASA MARSHALL SPACE FLIGHT CENTER,080,NATIONAL AERONAUTICS AND SPACE ADMINISTRATION (NASA),8000,NATIONAL AERONAUTICS AND SPACE ADMINISTRATION,80MSFC,NASA MARSHALL SPACE FLIGHT CENTER,C1HBCJ9RMBV3,,THE JOHNS HOPKINS UNIVERSITY APPLIED PHYSICS LABORATORY LLC,"JOHNS HOPKINS UNIVERSITY APPLIED PHYSICS LABORATORY LLC, THE",C1HBCJ9RMBV3,C1HBCJ9RMBV3,THE JOHNS HOPKINS UNIVERSITY APPLIED PHYSICS LABORATORY LLC,JOHNS HOPKINS UNIVERSITY,USA,MD,HOWARD,LAUREL,MD-03,MD-03,207236005,UNITED STATES,MARYLAND,HOWARD,MD-03,MD-03,207236099,,,AR11,"SPACE R&D SERVICES; SPACE FLIGHT, RESEARCH AND SUPPORTING ACTIVITIES; BASIC RESEARCH",541715,"RESEARCH AND DEVELOPMENT IN THE PHYSICAL, ENGINEERING, AND LIFE SCIENCES (EXCEPT NANOTECHNOLOGY AND BIOTECHNOLOGY)",,,https://www.usaspending.gov/award/CONT_AWD_80MSFC20F0178_8000_80MSFC20D0004_8000/,2021-02-07
National Aeronautics and Space Administration,National Aeronautics and Space Administration,FY2021P04,,080,2020,2021,,0120,000,080-2020/2021-0120-000,"Science, National Aeronautics and Space Administration",National Aeronautics and Space Administration,,"General Science, Space, and Technology","Space flight, research, and supporting activities",080-0120,"Science, National Aeronautics and Space Administration",0001,SCIENCE (DIRECT),25.5,Research and development contracts,D,Q,Not Designated Nonemergency/Emergency/Disaster/Wildfire Suppression,,332436.18,,,CONT_AWD_80MSFC20F0178_8000_80MSFC20D0004_8000,80MSFC20F0178,80MSFC20D0004,,,2020-07-23,2020,2025-12-17,2026,2020-08-01,2028-09-30,,C,DELIVERY ORDER,,,THERMOSPHERE IONOSPHERE MESOSPHERE ENERGETICS AND DYNAMICS (TIMED) MISSION PHASE E (FOLLOW ON FROM ARDES I BASIC NNN06AA01C TASK ORDER NNN13AA06C),080,NATIONAL AERONAUTICS AND SPACE ADMINISTRATION (NASA),8000,NATIONAL AERONAUTICS AND SPACE ADMINISTRATION,80MSFC,NASA MARSHALL SPACE FLIGHT CENTER,080,NATIONAL AERONAUTICS AND SPACE ADMINISTRATION (NASA),8000,NATIONAL AERONAUTICS AND SPACE ADMINISTRATION,80MSFC,NASA MARSHALL SPACE FLIGHT CENTER,C1HBCJ9RMBV3,,THE JOHNS HOPKINS UNIVERSITY APPLIED PHYSICS LABORATORY LLC,"JOHNS HOPKINS UNIVERSITY APPLIED PHYSICS LABORATORY LLC, THE",C1HBCJ9RMBV3,C1HBCJ9RMBV3,THE JOHNS HOPKINS UNIVERSITY APPLIED PHYSICS LABORATORY LLC,JOHNS HOPKINS UNIVERSITY,USA,MD,HOWARD,LAUREL,MD-03,MD-03,207236005,UNITED STATES,MARYLAND,HOWARD,MD-03,MD-03,207236099,,,AR11,"SPACE R&D SERVICES; SPACE FLIGHT, RESEARCH AND SUPPORTING ACTIVITIES; BASIC RESEARCH",541715,"RESEARCH AND DEVELOPMENT IN THE PHYSICAL, ENGINEERING, AND LIFE SCIENCES (EXCEPT NANOTECHNOLOGY AND BIOTECHNOLOGY)",,,https://www.usaspending.gov/award/CONT_AWD_80MSFC20F0178_8000_80MSFC20D0004_8000/,2021-02-26
National Aeronautics and Space Administration,National Aeronautics and Space Administration,FY2021P05,,080,2020,2021,,0120,000,080-2020/2021-0120-000,"Science, National Aeronautics and Space Administration",National Aeronautics and Space Administration,,"General Science, Space, and Technology","Space flight, research, and supporting activities",080-0120,"Science, National Aeronautics and Space Administration",0001,SCIENCE (DIRECT),25.5,Research and development contracts,D,Q,Not Designated Nonemergency/Emergency/Disaster/Wildfire Suppression,,413553.98,,,CONT_AWD_80MSFC20F0178_8000_80MSFC20D0004_8000,80MSFC20F0178,80MSFC20D0004,,,2020-07-23,2020,2025-12-17,2026,2020-08-01,2028-09-30,,C,DELIVERY ORDER,,,THERMOSPHERE IONOSPHERE MESOSPHERE ENERGETICS AND DYNAMICS (TIMED) MISSION PHASE E (FOLLOW ON FROM ARDES I BASIC NNN06AA01C TASK ORDER NNN13AA06C),080,NATIONAL AERONAUTICS AND SPACE ADMINISTRATION (NASA),8000,NATIONAL AERONAUTICS AND SPACE ADMINISTRATION,80MSFC,NASA MARSHALL SPACE FLIGHT CENTER,080,NATIONAL AERONAUTICS AND SPACE ADMINISTRATION (NASA),8000,NATIONAL AERONAUTICS AND SPACE ADMINISTRATION,80MSFC,NASA MARSHALL SPACE FLIGHT CENTER,C1HBCJ9RMBV3,,THE JOHNS HOPKINS UNIVERSITY APPLIED PHYSICS LABORATORY LLC,"JOHNS HOPKINS UNIVERSITY APPLIED PHYSICS LABORATORY LLC, THE",C1HBCJ9RMBV3,C1HBCJ9RMBV3,THE JOHNS HOPKINS UNIVERSITY APPLIED PHYSICS LABORATORY LLC,JOHNS HOPKINS UNIVERSITY,USA,MD,HOWARD,LAUREL,MD-03,MD-03,207236005,UNITED STATES,MARYLAND,HOWARD,MD-03,MD-03,207236099,,,AR11,"SPACE R&D SERVICES; SPACE FLIGHT, RESEARCH AND SUPPORTING ACTIVITIES; BASIC RESEARCH",541715,"RESEARCH AND DEVELOPMENT IN THE PHYSICAL, ENGINEERING, AND LIFE SCIENCES (EXCEPT NANOTECHNOLOGY AND BIOTECHNOLOGY)",,,https://www.usaspending.gov/award/CONT_AWD_80MSFC20F0178_8000_80MSFC20D0004_8000/,2021-03-26
National Aeronautics and Space Administration,National Aeronautics and Space Administration,FY2021P05,,080,2020,2021,,0120,000,080-2020/2021-0120-000,"Science, National Aeronautics and Space Administration",National Aeronautics and Space Administration,,"General Science, Space, and Technology","Space flight, research, and supporting activities",080-0120,"Science, National Aeronautics and Space Administration",0001,SCIENCE (DIRECT),25.5,Research and development contracts,D,Q,Not Designated Nonemergency/Emergency/Disaster/Wildfire Suppression,52520.00,,,,CONT_AWD_80MSFC20F0178_8000_80MSFC20D0004_8000,80MSFC20F0178,80MSFC20D0004,,,2020-07-23,2020,2025-12-17,2026,2020-08-01,2028-09-30,,C,DELIVERY ORDER,,,THERMOSPHERE IONOSPHERE MESOSPHERE ENERGETICS AND DYNAMICS (TIMED) MISSION PHASE E (FOLLOW ON FROM ARDES I BASIC NNN06AA01C TASK ORDER NNN13AA06C),080,NATIONAL AERONAUTICS AND SPACE ADMINISTRATION (NASA),8000,NATIONAL AERONAUTICS AND SPACE ADMINISTRATION,80MSFC,NASA MARSHALL SPACE FLIGHT CENTER,080,NATIONAL AERONAUTICS AND SPACE ADMINISTRATION (NASA),8000,NATIONAL AERONAUTICS AND SPACE ADMINISTRATION,80MSFC,NASA MARSHALL SPACE FLIGHT CENTER,C1HBCJ9RMBV3,,THE JOHNS HOPKINS UNIVERSITY APPLIED PHYSICS LABORATORY LLC,"JOHNS HOPKINS UNIVERSITY APPLIED PHYSICS LABORATORY LLC, THE",C1HBCJ9RMBV3,C1HBCJ9RMBV3,THE JOHNS HOPKINS UNIVERSITY APPLIED PHYSICS LABORATORY LLC,JOHNS HOPKINS UNIVERSITY,USA,MD,HOWARD,LAUREL,MD-03,MD-03,207236005,UNITED STATES,MARYLAND,HOWARD,MD-03,MD-03,207236099,,,AR11,"SPACE R&D SERVICES; SPACE FLIGHT, RESEARCH AND SUPPORTING ACTIVITIES; BASIC RESEARCH",541715,"RESEARCH AND DEVELOPMENT IN THE PHYSICAL, ENGINEERING, AND LIFE SCIENCES (EXCEPT NANOTECHNOLOGY AND BIOTECHNOLOGY)",,,https://www.usaspending.gov/award/CONT_AWD_80MSFC20F0178_8000_80MSFC20D0004_8000/,2021-03-26
National Aeronautics and Space Administration,National Aeronautics and Space Administration,FY2021P06,,080,2020,2021,,0120,000,080-2020/2021-0120-000,"Science, National Aeronautics and Space Administration",National Aeronautics and Space Administration,,"General Science, Space, and Technology","Space flight, research, and supporting activities",080-0120,"Science, National Aeronautics and Space Administration",0001,SCIENCE (DIRECT),25.5,Research and development contracts,D,Q,Not Designated Nonemergency/Emergency/Disaster/Wildfire Suppression,,505519.88,,,CONT_AWD_80MSFC20F0178_8000_80MSFC20D0004_8000,80MSFC20F0178,80MSFC20D0004,,,2020-07-23,2020,2025-12-17,2026,2020-08-01,2028-09-30,,C,DELIVERY ORDER,,,THERMOSPHERE IONOSPHERE MESOSPHERE ENERGETICS AND DYNAMICS (TIMED) MISSION PHASE E (FOLLOW ON FROM ARDES I BASIC NNN06AA01C TASK ORDER NNN13AA06C),080,NATIONAL AERONAUTICS AND SPACE ADMINISTRATION (NASA),8000,NATIONAL AERONAUTICS AND SPACE ADMINISTRATION,80MSFC,NASA MARSHALL SPACE FLIGHT CENTER,080,NATIONAL AERONAUTICS AND SPACE ADMINISTRATION (NASA),8000,NATIONAL AERONAUTICS AND SPACE ADMINISTRATION,80MSFC,NASA MARSHALL SPACE FLIGHT CENTER,C1HBCJ9RMBV3,,THE JOHNS HOPKINS UNIVERSITY APPLIED PHYSICS LABORATORY LLC,"JOHNS HOPKINS UNIVERSITY APPLIED PHYSICS LABORATORY LLC, THE",C1HBCJ9RMBV3,C1HBCJ9RMBV3,THE JOHNS HOPKINS UNIVERSITY APPLIED PHYSICS LABORATORY LLC,JOHNS HOPKINS UNIVERSITY,USA,MD,HOWARD,LAUREL,MD-03,MD-03,207236005,UNITED STATES,MARYLAND,HOWARD,MD-03,MD-03,207236099,,,AR11,"SPACE R&D SERVICES; SPACE FLIGHT, RESEARCH AND SUPPORTING ACTIVITIES; BASIC RESEARCH",541715,"RESEARCH AND DEVELOPMENT IN THE PHYSICAL, ENGINEERING, AND LIFE SCIENCES (EXCEPT NANOTECHNOLOGY AND BIOTECHNOLOGY)",,,https://www.usaspending.gov/award/CONT_AWD_80MSFC20F0178_8000_80MSFC20D0004_8000/,2021-04-25
National Aeronautics and Space Administration,National Aeronautics and Space Administration,FY2021P07,,080,2020,2021,,0120,000,080-2020/2021-0120-000,"Science, National Aeronautics and Space Administration",National Aeronautics and Space Administration,,"General Science, Space, and Technology","Space flight, research, and supporting activities",080-0120,"Science, National Aeronautics and Space Administration",0001,SCIENCE (DIRECT),25.5,Research and development contracts,D,Q,Not Designated Nonemergency/Emergency/Disaster/Wildfire Suppression,,606823.74,,,CONT_AWD_80MSFC20F0178_8000_80MSFC20D0004_8000,80MSFC20F0178,80MSFC20D0004,,,2020-07-23,2020,2025-12-17,2026,2020-08-01,2028-09-30,,C,DELIVERY ORDER,,,THERMOSPHERE IONOSPHERE MESOSPHERE ENERGETICS AND DYNAMICS (TIMED) MISSION PHASE E (FOLLOW ON FROM ARDES I BASIC NNN06AA01C TASK ORDER NNN13AA06C),080,NATIONAL AERONAUTICS AND SPACE ADMINISTRATION (NASA),8000,NATIONAL AERONAUTICS AND SPACE ADMINISTRATION,80MSFC,NASA MARSHALL SPACE FLIGHT CENTER,080,NATIONAL AERONAUTICS AND SPACE ADMINISTRATION (NASA),8000,NATIONAL AERONAUTICS AND SPACE ADMINISTRATION,80MSFC,NASA MARSHALL SPACE FLIGHT CENTER,C1HBCJ9RMBV3,,THE JOHNS HOPKINS UNIVERSITY APPLIED PHYSICS LABORATORY LLC,"JOHNS HOPKINS UNIVERSITY APPLIED PHYSICS LABORATORY LLC, THE",C1HBCJ9RMBV3,C1HBCJ9RMBV3,THE JOHNS HOPKINS UNIVERSITY APPLIED PHYSICS LABORATORY LLC,JOHNS HOPKINS UNIVERSITY,USA,MD,HOWARD,LAUREL,MD-03,MD-03,207236005,UNITED STATES,MARYLAND,HOWARD,MD-03,MD-03,207236099,,,AR11,"SPACE R&D SERVICES; SPACE FLIGHT, RESEARCH AND SUPPORTING ACTIVITIES; BASIC RESEARCH",541715,"RESEARCH AND DEVELOPMENT IN THE PHYSICAL, ENGINEERING, AND LIFE SCIENCES (EXCEPT NANOTECHNOLOGY AND BIOTECHNOLOGY)",,,https://www.usaspending.gov/award/CONT_AWD_80MSFC20F0178_8000_80MSFC20D0004_8000/,2021-05-26
National Aeronautics and Space Administration,National Aeronautics and Space Administration,FY2021P07,,080,2020,2021,,0120,000,080-2020/2021-0120-000,"Science, National Aeronautics and Space Administration",National Aeronautics and Space Administration,,"General Science, Space, and Technology","Space flight, research, and supporting activities",080-0120,"Science, National Aeronautics and Space Administration",0001,SCIENCE (DIRECT),25.5,Research and development contracts,D,Q,Not Designated Nonemergency/Emergency/Disaster/Wildfire Suppression,1097480.00,,,,CONT_AWD_80MSFC20F0178_8000_80MSFC20D0004_8000,80MSFC20F0178,80MSFC20D0004,,,2020-07-23,2020,2025-12-17,2026,2020-08-01,2028-09-30,,C,DELIVERY ORDER,,,THERMOSPHERE IONOSPHERE MESOSPHERE ENERGETICS AND DYNAMICS (TIMED) MISSION PHASE E (FOLLOW ON FROM ARDES I BASIC NNN06AA01C TASK ORDER NNN13AA06C),080,NATIONAL AERONAUTICS AND SPACE ADMINISTRATION (NASA),8000,NATIONAL AERONAUTICS AND SPACE ADMINISTRATION,80MSFC,NASA MARSHALL SPACE FLIGHT CENTER,080,NATIONAL AERONAUTICS AND SPACE ADMINISTRATION (NASA),8000,NATIONAL AERONAUTICS AND SPACE ADMINISTRATION,80MSFC,NASA MARSHALL SPACE FLIGHT CENTER,C1HBCJ9RMBV3,,THE JOHNS HOPKINS UNIVERSITY APPLIED PHYSICS LABORATORY LLC,"JOHNS HOPKINS UNIVERSITY APPLIED PHYSICS LABORATORY LLC, THE",C1HBCJ9RMBV3,C1HBCJ9RMBV3,THE JOHNS HOPKINS UNIVERSITY APPLIED PHYSICS LABORATORY LLC,JOHNS HOPKINS UNIVERSITY,USA,MD,HOWARD,LAUREL,MD-03,MD-03,207236005,UNITED STATES,MARYLAND,HOWARD,MD-03,MD-03,207236099,,,AR11,"SPACE R&D SERVICES; SPACE FLIGHT, RESEARCH AND SUPPORTING ACTIVITIES; BASIC RESEARCH",541715,"RESEARCH AND DEVELOPMENT IN THE PHYSICAL, ENGINEERING, AND LIFE SCIENCES (EXCEPT NANOTECHNOLOGY AND BIOTECHNOLOGY)",,,https://www.usaspending.gov/award/CONT_AWD_80MSFC20F0178_8000_80MSFC20D0004_8000/,2021-05-26
National Aeronautics and Space Administration,National Aeronautics and Space Administration,FY2021P08,,080,2021,2022,,0120,000,080-2021/2022-0120-000,"Science, National Aeronautics and Space Administration",National Aeronautics and Space Administration,,"General Science, Space, and Technology","Space flight, research, and supporting activities",080-0120,"Science, National Aeronautics and Space Administration",0001,SCIENCE (DIRECT),25.5,Research and development contracts,D,Q,Not Designated Nonemergency/Emergency/Disaster/Wildfire Suppression,,51118.68,,,CONT_AWD_80MSFC20F0178_8000_80MSFC20D0004_8000,80MSFC20F0178,80MSFC20D0004,,,2020-07-23,2020,2025-12-17,2026,2020-08-01,2028-09-30,,C,DELIVERY ORDER,,,THERMOSPHERE IONOSPHERE MESOSPHERE ENERGETICS AND DYNAMICS (TIMED) MISSION PHASE E (FOLLOW ON FROM ARDES I BASIC NNN06AA01C TASK ORDER NNN13AA06C),080,NATIONAL AERONAUTICS AND SPACE ADMINISTRATION (NASA),8000,NATIONAL AERONAUTICS AND SPACE ADMINISTRATION,80MSFC,NASA MARSHALL SPACE FLIGHT CENTER,080,NATIONAL AERONAUTICS AND SPACE ADMINISTRATION (NASA),8000,NATIONAL AERONAUTICS AND SPACE ADMINISTRATION,80MSFC,NASA MARSHALL SPACE FLIGHT CENTER,C1HBCJ9RMBV3,,THE JOHNS HOPKINS UNIVERSITY APPLIED PHYSICS LABORATORY LLC,"JOHNS HOPKINS UNIVERSITY APPLIED PHYSICS LABORATORY LLC, THE",C1HBCJ9RMBV3,C1HBCJ9RMBV3,THE JOHNS HOPKINS UNIVERSITY APPLIED PHYSICS LABORATORY LLC,JOHNS HOPKINS UNIVERSITY,USA,MD,HOWARD,LAUREL,MD-03,MD-03,207236005,UNITED STATES,MARYLAND,HOWARD,MD-03,MD-03,207236099,,,AR11,"SPACE R&D SERVICES; SPACE FLIGHT, RESEARCH AND SUPPORTING ACTIVITIES; BASIC RESEARCH",541715,"RESEARCH AND DEVELOPMENT IN THE PHYSICAL, ENGINEERING, AND LIFE SCIENCES (EXCEPT NANOTECHNOLOGY AND BIOTECHNOLOGY)",,,https://www.usaspending.gov/award/CONT_AWD_80MSFC20F0178_8000_80MSFC20D0004_8000/,2021-06-25
National Aeronautics and Space Administration,National Aeronautics and Space Administration,FY2021P08,,080,2020,2021,,0120,000,080-2020/2021-0120-000,"Science, National Aeronautics and Space Administration",National Aeronautics and Space Administration,,"General Science, Space, and Technology","Space flight, research, and supporting activities",080-0120,"Science, National Aeronautics and Space Administration",0001,SCIENCE (DIRECT),25.5,Research and development contracts,D,Q,Not Designated Nonemergency/Emergency/Disaster/Wildfire Suppression,,668909.00,,,CONT_AWD_80MSFC20F0178_8000_80MSFC20D0004_8000,80MSFC20F0178,80MSFC20D0004,,,2020-07-23,2020,2025-12-17,2026,2020-08-01,2028-09-30,,C,DELIVERY ORDER,,,THERMOSPHERE IONOSPHERE MESOSPHERE ENERGETICS AND DYNAMICS (TIMED) MISSION PHASE E (FOLLOW ON FROM ARDES I BASIC NNN06AA01C TASK ORDER NNN13AA06C),080,NATIONAL AERONAUTICS AND SPACE ADMINISTRATION (NASA),8000,NATIONAL AERONAUTICS AND SPACE ADMINISTRATION,80MSFC,NASA MARSHALL SPACE FLIGHT CENTER,080,NATIONAL AERONAUTICS AND SPACE ADMINISTRATION (NASA),8000,NATIONAL AERONAUTICS AND SPACE ADMINISTRATION,80MSFC,NASA MARSHALL SPACE FLIGHT CENTER,C1HBCJ9RMBV3,,THE JOHNS HOPKINS UNIVERSITY APPLIED PHYSICS LABORATORY LLC,"JOHNS HOPKINS UNIVERSITY APPLIED PHYSICS LABORATORY LLC, THE",C1HBCJ9RMBV3,C1HBCJ9RMBV3,THE JOHNS HOPKINS UNIVERSITY APPLIED PHYSICS LABORATORY LLC,JOHNS HOPKINS UNIVERSITY,USA,MD,HOWARD,LAUREL,MD-03,MD-03,207236005,UNITED STATES,MARYLAND,HOWARD,MD-03,MD-03,207236099,,,AR11,"SPACE R&D SERVICES; SPACE FLIGHT, RESEARCH AND SUPPORTING ACTIVITIES; BASIC RESEARCH",541715,"RESEARCH AND DEVELOPMENT IN THE PHYSICAL, ENGINEERING, AND LIFE SCIENCES (EXCEPT NANOTECHNOLOGY AND BIOTECHNOLOGY)",,,https://www.usaspending.gov/award/CONT_AWD_80MSFC20F0178_8000_80MSFC20D0004_8000/,2021-06-25
National Aeronautics and Space Administration,National Aeronautics and Space Administration,FY2021P09,,080,2020,2021,,0120,000,080-2020/2021-0120-000,"Science, National Aeronautics and Space Administration",National Aeronautics and Space Administration,,"General Science, Space, and Technology","Space flight, research, and supporting activities",080-0120,"Science, National Aeronautics and Space Administration",0001,SCIENCE (DIRECT),25.5,Research and development contracts,D,Q,Not Designated Nonemergency/Emergency/Disaster/Wildfire Suppression,,675874.26,,,CONT_AWD_80MSFC20F0178_8000_80MSFC20D0004_8000,80MSFC20F0178,80MSFC20D0004,,,2020-07-23,2020,2025-12-17,2026,2020-08-01,2028-09-30,,C,DELIVERY ORDER,,,THERMOSPHERE IONOSPHERE MESOSPHERE ENERGETICS AND DYNAMICS (TIMED) MISSION PHASE E (FOLLOW ON FROM ARDES I BASIC NNN06AA01C TASK ORDER NNN13AA06C),080,NATIONAL AERONAUTICS AND SPACE ADMINISTRATION (NASA),8000,NATIONAL AERONAUTICS AND SPACE ADMINISTRATION,80MSFC,NASA MARSHALL SPACE FLIGHT CENTER,080,NATIONAL AERONAUTICS AND SPACE ADMINISTRATION (NASA),8000,NATIONAL AERONAUTICS AND SPACE ADMINISTRATION,80MSFC,NASA MARSHALL SPACE FLIGHT CENTER,C1HBCJ9RMBV3,,THE JOHNS HOPKINS UNIVERSITY APPLIED PHYSICS LABORATORY LLC,"JOHNS HOPKINS UNIVERSITY APPLIED PHYSICS LABORATORY LLC, THE",C1HBCJ9RMBV3,C1HBCJ9RMBV3,THE JOHNS HOPKINS UNIVERSITY APPLIED PHYSICS LABORATORY LLC,JOHNS HOPKINS UNIVERSITY,USA,MD,HOWARD,LAUREL,MD-03,MD-03,207236005,UNITED STATES,MARYLAND,HOWARD,MD-03,MD-03,207236099,,,AR11,"SPACE R&D SERVICES; SPACE FLIGHT, RESEARCH AND SUPPORTING ACTIVITIES; BASIC RESEARCH",541715,"RESEARCH AND DEVELOPMENT IN THE PHYSICAL, ENGINEERING, AND LIFE SCIENCES (EXCEPT NANOTECHNOLOGY AND BIOTECHNOLOGY)",,,https://www.usaspending.gov/award/CONT_AWD_80MSFC20F0178_8000_80MSFC20D0004_8000/,2021-07-27
National Aeronautics and Space Administration,National Aeronautics and Space Administration,FY2021P09,,080,2021,2022,,0120,000,080-2021/2022-0120-000,"Science, National Aeronautics and Space Administration",National Aeronautics and Space Administration,,"General Science, Space, and Technology","Space flight, research, and supporting activities",080-0120,"Science, National Aeronautics and Space Administration",0001,SCIENCE (DIRECT),25.5,Research and development contracts,D,Q,Not Designated Nonemergency/Emergency/Disaster/Wildfire Suppression,,150000.00,,,CONT_AWD_80MSFC20F0178_8000_80MSFC20D0004_8000,80MSFC20F0178,80MSFC20D0004,,,2020-07-23,2020,2025-12-17,2026,2020-08-01,2028-09-30,,C,DELIVERY ORDER,,,THERMOSPHERE IONOSPHERE MESOSPHERE ENERGETICS AND DYNAMICS (TIMED) MISSION PHASE E (FOLLOW ON FROM ARDES I BASIC NNN06AA01C TASK ORDER NNN13AA06C),080,NATIONAL AERONAUTICS AND SPACE ADMINISTRATION (NASA),8000,NATIONAL AERONAUTICS AND SPACE ADMINISTRATION,80MSFC,NASA MARSHALL SPACE FLIGHT CENTER,080,NATIONAL AERONAUTICS AND SPACE ADMINISTRATION (NASA),8000,NATIONAL AERONAUTICS AND SPACE ADMINISTRATION,80MSFC,NASA MARSHALL SPACE FLIGHT CENTER,C1HBCJ9RMBV3,,THE JOHNS HOPKINS UNIVERSITY APPLIED PHYSICS LABORATORY LLC,"JOHNS HOPKINS UNIVERSITY APPLIED PHYSICS LABORATORY LLC, THE",C1HBCJ9RMBV3,C1HBCJ9RMBV3,THE JOHNS HOPKINS UNIVERSITY APPLIED PHYSICS LABORATORY LLC,JOHNS HOPKINS UNIVERSITY,USA,MD,HOWARD,LAUREL,MD-03,MD-03,207236005,UNITED STATES,MARYLAND,HOWARD,MD-03,MD-03,207236099,,,AR11,"SPACE R&D SERVICES; SPACE FLIGHT, RESEARCH AND SUPPORTING ACTIVITIES; BASIC RESEARCH",541715,"RESEARCH AND DEVELOPMENT IN THE PHYSICAL, ENGINEERING, AND LIFE SCIENCES (EXCEPT NANOTECHNOLOGY AND BIOTECHNOLOGY)",,,https://www.usaspending.gov/award/CONT_AWD_80MSFC20F0178_8000_80MSFC20D0004_8000/,2021-07-27
National Aeronautics and Space Administration,National Aeronautics and Space Administration,FY2021P10,,080,2020,2021,,0120,000,080-2020/2021-0120-000,"Science, National Aeronautics and Space Administration",National Aeronautics and Space Administration,,"General Science, Space, and Technology","Space flight, research, and supporting activities",080-0120,"Science, National Aeronautics and Space Administration",0001,SCIENCE (DIRECT),25.5,Research and development contracts,D,Q,Not Designated Nonemergency/Emergency/Disaster/Wildfire Suppression,,770655.37,,,CONT_AWD_80MSFC20F0178_8000_80MSFC20D0004_8000,80MSFC20F0178,80MSFC20D0004,,,2020-07-23,2020,2025-12-17,2026,2020-08-01,2028-09-30,,C,DELIVERY ORDER,,,THERMOSPHERE IONOSPHERE MESOSPHERE ENERGETICS AND DYNAMICS (TIMED) MISSION PHASE E (FOLLOW ON FROM ARDES I BASIC NNN06AA01C TASK ORDER NNN13AA06C),080,NATIONAL AERONAUTICS AND SPACE ADMINISTRATION (NASA),8000,NATIONAL AERONAUTICS AND SPACE ADMINISTRATION,80MSFC,NASA MARSHALL SPACE FLIGHT CENTER,080,NATIONAL AERONAUTICS AND SPACE ADMINISTRATION (NASA),8000,NATIONAL AERONAUTICS AND SPACE ADMINISTRATION,80MSFC,NASA MARSHALL SPACE FLIGHT CENTER,C1HBCJ9RMBV3,,THE JOHNS HOPKINS UNIVERSITY APPLIED PHYSICS LABORATORY LLC,"JOHNS HOPKINS UNIVERSITY APPLIED PHYSICS LABORATORY LLC, THE",C1HBCJ9RMBV3,C1HBCJ9RMBV3,THE JOHNS HOPKINS UNIVERSITY APPLIED PHYSICS LABORATORY LLC,JOHNS HOPKINS UNIVERSITY,USA,MD,HOWARD,LAUREL,MD-03,MD-03,207236005,UNITED STATES,MARYLAND,HOWARD,MD-03,MD-03,207236099,,,AR11,"SPACE R&D SERVICES; SPACE FLIGHT, RESEARCH AND SUPPORTING ACTIVITIES; BASIC RESEARCH",541715,"RESEARCH AND DEVELOPMENT IN THE PHYSICAL, ENGINEERING, AND LIFE SCIENCES (EXCEPT NANOTECHNOLOGY AND BIOTECHNOLOGY)",,,https://www.usaspending.gov/award/CONT_AWD_80MSFC20F0178_8000_80MSFC20D0004_8000/,2021-08-27
National Aeronautics and Space Administration,National Aeronautics and Space Administration,FY2021P10,,080,2020,2021,,0120,000,080-2020/2021-0120-000,"Science, National Aeronautics and Space Administration",National Aeronautics and Space Administration,,"General Science, Space, and Technology","Space flight, research, and supporting activities",080-0120,"Science, National Aeronautics and Space Administration",0001,SCIENCE (DIRECT),25.5,Research and development contracts,D,Q,Not Designated Nonemergency/Emergency/Disaster/Wildfire Suppression,120000.00,,,,CONT_AWD_80MSFC20F0178_8000_80MSFC20D0004_8000,80MSFC20F0178,80MSFC20D0004,,,2020-07-23,2020,2025-12-17,2026,2020-08-01,2028-09-30,,C,DELIVERY ORDER,,,THERMOSPHERE IONOSPHERE MESOSPHERE ENERGETICS AND DYNAMICS (TIMED) MISSION PHASE E (FOLLOW ON FROM ARDES I BASIC NNN06AA01C TASK ORDER NNN13AA06C),080,NATIONAL AERONAUTICS AND SPACE ADMINISTRATION (NASA),8000,NATIONAL AERONAUTICS AND SPACE ADMINISTRATION,80MSFC,NASA MARSHALL SPACE FLIGHT CENTER,080,NATIONAL AERONAUTICS AND SPACE ADMINISTRATION (NASA),8000,NATIONAL AERONAUTICS AND SPACE ADMINISTRATION,80MSFC,NASA MARSHALL SPACE FLIGHT CENTER,C1HBCJ9RMBV3,,THE JOHNS HOPKINS UNIVERSITY APPLIED PHYSICS LABORATORY LLC,"JOHNS HOPKINS UNIVERSITY APPLIED PHYSICS LABORATORY LLC, THE",C1HBCJ9RMBV3,C1HBCJ9RMBV3,THE JOHNS HOPKINS UNIVERSITY APPLIED PHYSICS LABORATORY LLC,JOHNS HOPKINS UNIVERSITY,USA,MD,HOWARD,LAUREL,MD-03,MD-03,207236005,UNITED STATES,MARYLAND,HOWARD,MD-03,MD-03,207236099,,,AR11,"SPACE R&D SERVICES; SPACE FLIGHT, RESEARCH AND SUPPORTING ACTIVITIES; BASIC RESEARCH",541715,"RESEARCH AND DEVELOPMENT IN THE PHYSICAL, ENGINEERING, AND LIFE SCIENCES (EXCEPT NANOTECHNOLOGY AND BIOTECHNOLOGY)",,,https://www.usaspending.gov/award/CONT_AWD_80MSFC20F0178_8000_80MSFC20D0004_8000/,2021-08-27
National Aeronautics and Space Administration,National Aeronautics and Space Administration,FY2021P10,,080,2021,2022,,0120,000,080-2021/2022-0120-000,"Science, National Aeronautics and Space Administration",National Aeronautics and Space Administration,,"General Science, Space, and Technology","Space flight, research, and supporting activities",080-0120,"Science, National Aeronautics and Space Administration",0001,SCIENCE (DIRECT),25.5,Research and development contracts,D,Q,Not Designated Nonemergency/Emergency/Disaster/Wildfire Suppression,,150000.00,,,CONT_AWD_80MSFC20F0178_8000_80MSFC20D0004_8000,80MSFC20F0178,80MSFC20D0004,,,2020-07-23,2020,2025-12-17,2026,2020-08-01,2028-09-30,,C,DELIVERY ORDER,,,THERMOSPHERE IONOSPHERE MESOSPHERE ENERGETICS AND DYNAMICS (TIMED) MISSION PHASE E (FOLLOW ON FROM ARDES I BASIC NNN06AA01C TASK ORDER NNN13AA06C),080,NATIONAL AERONAUTICS AND SPACE ADMINISTRATION (NASA),8000,NATIONAL AERONAUTICS AND SPACE ADMINISTRATION,80MSFC,NASA MARSHALL SPACE FLIGHT CENTER,080,NATIONAL AERONAUTICS AND SPACE ADMINISTRATION (NASA),8000,NATIONAL AERONAUTICS AND SPACE ADMINISTRATION,80MSFC,NASA MARSHALL SPACE FLIGHT CENTER,C1HBCJ9RMBV3,,THE JOHNS HOPKINS UNIVERSITY APPLIED PHYSICS LABORATORY LLC,"JOHNS HOPKINS UNIVERSITY APPLIED PHYSICS LABORATORY LLC, THE",C1HBCJ9RMBV3,C1HBCJ9RMBV3,THE JOHNS HOPKINS UNIVERSITY APPLIED PHYSICS LABORATORY LLC,JOHNS HOPKINS UNIVERSITY,USA,MD,HOWARD,LAUREL,MD-03,MD-03,207236005,UNITED STATES,MARYLAND,HOWARD,MD-03,MD-03,207236099,,,AR11,"SPACE R&D SERVICES; SPACE FLIGHT, RESEARCH AND SUPPORTING ACTIVITIES; BASIC RESEARCH",541715,"RESEARCH AND DEVELOPMENT IN THE PHYSICAL, ENGINEERING, AND LIFE SCIENCES (EXCEPT NANOTECHNOLOGY AND BIOTECHNOLOGY)",,,https://www.usaspending.gov/award/CONT_AWD_80MSFC20F0178_8000_80MSFC20D0004_8000/,2021-08-27
National Aeronautics and Space Administration,National Aeronautics and Space Administration,FY2021P11,,080,2021,2022,,0120,000,080-2021/2022-0120-000,"Science, National Aeronautics and Space Administration",National Aeronautics and Space Administration,,"General Science, Space, and Technology","Space flight, research, and supporting activities",080-0120,"Science, National Aeronautics and Space Administration",0001,SCIENCE (DIRECT),25.5,Research and development contracts,D,Q,Not Designated Nonemergency/Emergency/Disaster/Wildfire Suppression,,150000.00,,,CONT_AWD_80MSFC20F0178_8000_80MSFC20D0004_8000,80MSFC20F0178,80MSFC20D0004,,,2020-07-23,2020,2025-12-17,2026,2020-08-01,2028-09-30,,C,DELIVERY ORDER,,,THERMOSPHERE IONOSPHERE MESOSPHERE ENERGETICS AND DYNAMICS (TIMED) MISSION PHASE E (FOLLOW ON FROM ARDES I BASIC NNN06AA01C TASK ORDER NNN13AA06C),080,NATIONAL AERONAUTICS AND SPACE ADMINISTRATION (NASA),8000,NATIONAL AERONAUTICS AND SPACE ADMINISTRATION,80MSFC,NASA MARSHALL SPACE FLIGHT CENTER,080,NATIONAL AERONAUTICS AND SPACE ADMINISTRATION (NASA),8000,NATIONAL AERONAUTICS AND SPACE ADMINISTRATION,80MSFC,NASA MARSHALL SPACE FLIGHT CENTER,C1HBCJ9RMBV3,,THE JOHNS HOPKINS UNIVERSITY APPLIED PHYSICS LABORATORY LLC,"JOHNS HOPKINS UNIVERSITY APPLIED PHYSICS LABORATORY LLC, THE",C1HBCJ9RMBV3,C1HBCJ9RMBV3,THE JOHNS HOPKINS UNIVERSITY APPLIED PHYSICS LABORATORY LLC,JOHNS HOPKINS UNIVERSITY,USA,MD,HOWARD,LAUREL,MD-03,MD-03,207236005,UNITED STATES,MARYLAND,HOWARD,MD-03,MD-03,207236099,,,AR11,"SPACE R&D SERVICES; SPACE FLIGHT, RESEARCH AND SUPPORTING ACTIVITIES; BASIC RESEARCH",541715,"RESEARCH AND DEVELOPMENT IN THE PHYSICAL, ENGINEERING, AND LIFE SCIENCES (EXCEPT NANOTECHNOLOGY AND BIOTECHNOLOGY)",,,https://www.usaspending.gov/award/CONT_AWD_80MSFC20F0178_8000_80MSFC20D0004_8000/,2021-09-22
National Aeronautics and Space Administration,National Aeronautics and Space Administration,FY2021P11,,080,2020,2021,,0120,000,080-2020/2021-0120-000,"Science, National Aeronautics and Space Administration",National Aeronautics and Space Administration,,"General Science, Space, and Technology","Space flight, research, and supporting activities",080-0120,"Science, National Aeronautics and Space Administration",0001,SCIENCE (DIRECT),25.5,Research and development contracts,D,Q,Not Designated Nonemergency/Emergency/Disaster/Wildfire Suppression,,871065.86,,,CONT_AWD_80MSFC20F0178_8000_80MSFC20D0004_8000,80MSFC20F0178,80MSFC20D0004,,,2020-07-23,2020,2025-12-17,2026,2020-08-01,2028-09-30,,C,DELIVERY ORDER,,,THERMOSPHERE IONOSPHERE MESOSPHERE ENERGETICS AND DYNAMICS (TIMED) MISSION PHASE E (FOLLOW ON FROM ARDES I BASIC NNN06AA01C TASK ORDER NNN13AA06C),080,NATIONAL AERONAUTICS AND SPACE ADMINISTRATION (NASA),8000,NATIONAL AERONAUTICS AND SPACE ADMINISTRATION,80MSFC,NASA MARSHALL SPACE FLIGHT CENTER,080,NATIONAL AERONAUTICS AND SPACE ADMINISTRATION (NASA),8000,NATIONAL AERONAUTICS AND SPACE ADMINISTRATION,80MSFC,NASA MARSHALL SPACE FLIGHT CENTER,C1HBCJ9RMBV3,,THE JOHNS HOPKINS UNIVERSITY APPLIED PHYSICS LABORATORY LLC,"JOHNS HOPKINS UNIVERSITY APPLIED PHYSICS LABORATORY LLC, THE",C1HBCJ9RMBV3,C1HBCJ9RMBV3,THE JOHNS HOPKINS UNIVERSITY APPLIED PHYSICS LABORATORY LLC,JOHNS HOPKINS UNIVERSITY,USA,MD,HOWARD,LAUREL,MD-03,MD-03,207236005,UNITED STATES,MARYLAND,HOWARD,MD-03,MD-03,207236099,,,AR11,"SPACE R&D SERVICES; SPACE FLIGHT, RESEARCH AND SUPPORTING ACTIVITIES; BASIC RESEARCH",541715,"RESEARCH AND DEVELOPMENT IN THE PHYSICAL, ENGINEERING, AND LIFE SCIENCES (EXCEPT NANOTECHNOLOGY AND BIOTECHNOLOGY)",,,https://www.usaspending.gov/award/CONT_AWD_80MSFC20F0178_8000_80MSFC20D0004_8000/,2021-09-22
National Aeronautics and Space Administration,National Aeronautics and Space Administration,FY2021P12,,080,2020,2021,,0120,000,080-2020/2021-0120-000,"Science, National Aeronautics and Space Administration",National Aeronautics and Space Administration,,"General Science, Space, and Technology","Space flight, research, and supporting activities",080-0120,"Science, National Aeronautics and Space Administration",0001,SCIENCE (DIRECT),25.5,Research and development contracts,D,Q,Not Designated Nonemergency/Emergency/Disaster/Wildfire Suppression,,992263.78,,,CONT_AWD_80MSFC20F0178_8000_80MSFC20D0004_8000,80MSFC20F0178,80MSFC20D0004,,,2020-07-23,2020,2025-12-17,2026,2020-08-01,2028-09-30,,C,DELIVERY ORDER,,,THERMOSPHERE IONOSPHERE MESOSPHERE ENERGETICS AND DYNAMICS (TIMED) MISSION PHASE E (FOLLOW ON FROM ARDES I BASIC NNN06AA01C TASK ORDER NNN13AA06C),080,NATIONAL AERONAUTICS AND SPACE ADMINISTRATION (NASA),8000,NATIONAL AERONAUTICS AND SPACE ADMINISTRATION,80MSFC,NASA MARSHALL SPACE FLIGHT CENTER,080,NATIONAL AERONAUTICS AND SPACE ADMINISTRATION (NASA),8000,NATIONAL AERONAUTICS AND SPACE ADMINISTRATION,80MSFC,NASA MARSHALL SPACE FLIGHT CENTER,C1HBCJ9RMBV3,,THE JOHNS HOPKINS UNIVERSITY APPLIED PHYSICS LABORATORY LLC,"JOHNS HOPKINS UNIVERSITY APPLIED PHYSICS LABORATORY LLC, THE",C1HBCJ9RMBV3,C1HBCJ9RMBV3,THE JOHNS HOPKINS UNIVERSITY APPLIED PHYSICS LABORATORY LLC,JOHNS HOPKINS UNIVERSITY,USA,MD,HOWARD,LAUREL,MD-03,MD-03,207236005,UNITED STATES,MARYLAND,HOWARD,MD-03,MD-03,207236099,,,AR11,"SPACE R&D SERVICES; SPACE FLIGHT, RESEARCH AND SUPPORTING ACTIVITIES; BASIC RESEARCH",541715,"RESEARCH AND DEVELOPMENT IN THE PHYSICAL, ENGINEERING, AND LIFE SCIENCES (EXCEPT NANOTECHNOLOGY AND BIOTECHNOLOGY)",,,https://www.usaspending.gov/award/CONT_AWD_80MSFC20F0178_8000_80MSFC20D0004_8000/,2021-11-06
National Aeronautics and Space Administration,National Aeronautics and Space Administration,FY2021P12,,080,2021,2022,,0120,000,080-2021/2022-0120-000,"Science, National Aeronautics and Space Administration",National Aeronautics and Space Administration,,"General Science, Space, and Technology","Space flight, research, and supporting activities",080-0120,"Science, National Aeronautics and Space Administration",0001,SCIENCE (DIRECT),25.5,Research and development contracts,D,Q,Not Designated Nonemergency/Emergency/Disaster/Wildfire Suppression,,150000.00,,,CONT_AWD_80MSFC20F0178_8000_80MSFC20D0004_8000,80MSFC20F0178,80MSFC20D0004,,,2020-07-23,2020,2025-12-17,2026,2020-08-01,2028-09-30,,C,DELIVERY ORDER,,,THERMOSPHERE IONOSPHERE MESOSPHERE ENERGETICS AND DYNAMICS (TIMED) MISSION PHASE E (FOLLOW ON FROM ARDES I BASIC NNN06AA01C TASK ORDER NNN13AA06C),080,NATIONAL AERONAUTICS AND SPACE ADMINISTRATION (NASA),8000,NATIONAL AERONAUTICS AND SPACE ADMINISTRATION,80MSFC,NASA MARSHALL SPACE FLIGHT CENTER,080,NATIONAL AERONAUTICS AND SPACE ADMINISTRATION (NASA),8000,NATIONAL AERONAUTICS AND SPACE ADMINISTRATION,80MSFC,NASA MARSHALL SPACE FLIGHT CENTER,C1HBCJ9RMBV3,,THE JOHNS HOPKINS UNIVERSITY APPLIED PHYSICS LABORATORY LLC,"JOHNS HOPKINS UNIVERSITY APPLIED PHYSICS LABORATORY LLC, THE",C1HBCJ9RMBV3,C1HBCJ9RMBV3,THE JOHNS HOPKINS UNIVERSITY APPLIED PHYSICS LABORATORY LLC,JOHNS HOPKINS UNIVERSITY,USA,MD,HOWARD,LAUREL,MD-03,MD-03,207236005,UNITED STATES,MARYLAND,HOWARD,MD-03,MD-03,207236099,,,AR11,"SPACE R&D SERVICES; SPACE FLIGHT, RESEARCH AND SUPPORTING ACTIVITIES; BASIC RESEARCH",541715,"RESEARCH AND DEVELOPMENT IN THE PHYSICAL, ENGINEERING, AND LIFE SCIENCES (EXCEPT NANOTECHNOLOGY AND BIOTECHNOLOGY)",,,https://www.usaspending.gov/award/CONT_AWD_80MSFC20F0178_8000_80MSFC20D0004_8000/,2021-11-06
National Aeronautics and Space Administration,National Aeronautics and Space Administration,FY2022P02,,080,2020,2021,,0120,000,080-2020/2021-0120-000,"Science, National Aeronautics and Space Administration",National Aeronautics and Space Administration,,"General Science, Space, and Technology","Space flight, research, and supporting activities",080-0120,"Science, National Aeronautics and Space Administration",0001,SCIENCE (DIRECT),25.5,Research and development contracts,D,Q,Not Designated Nonemergency/Emergency/Disaster/Wildfire Suppression,,159721.05,,,CONT_AWD_80MSFC20F0178_8000_80MSFC20D0004_8000,80MSFC20F0178,80MSFC20D0004,,,2020-07-23,2020,2025-12-17,2026,2020-08-01,2028-09-30,,C,DELIVERY ORDER,,,THERMOSPHERE IONOSPHERE MESOSPHERE ENERGETICS AND DYNAMICS (TIMED) MISSION PHASE E (FOLLOW ON FROM ARDES I BASIC NNN06AA01C TASK ORDER NNN13AA06C),080,NATIONAL AERONAUTICS AND SPACE ADMINISTRATION (NASA),8000,NATIONAL AERONAUTICS AND SPACE ADMINISTRATION,80MSFC,NASA MARSHALL SPACE FLIGHT CENTER,080,NATIONAL AERONAUTICS AND SPACE ADMINISTRATION (NASA),8000,NATIONAL AERONAUTICS AND SPACE ADMINISTRATION,80MSFC,NASA MARSHALL SPACE FLIGHT CENTER,C1HBCJ9RMBV3,,THE JOHNS HOPKINS UNIVERSITY APPLIED PHYSICS LABORATORY LLC,"JOHNS HOPKINS UNIVERSITY APPLIED PHYSICS LABORATORY LLC, THE",C1HBCJ9RMBV3,C1HBCJ9RMBV3,THE JOHNS HOPKINS UNIVERSITY APPLIED PHYSICS LABORATORY LLC,JOHNS HOPKINS UNIVERSITY,USA,MD,HOWARD,LAUREL,MD-03,MD-03,207236005,UNITED STATES,MARYLAND,HOWARD,MD-03,MD-03,207236099,,,AR11,"SPACE R&D SERVICES; SPACE FLIGHT, RESEARCH AND SUPPORTING ACTIVITIES; BASIC RESEARCH",541715,"RESEARCH AND DEVELOPMENT IN THE PHYSICAL, ENGINEERING, AND LIFE SCIENCES (EXCEPT NANOTECHNOLOGY AND BIOTECHNOLOGY)",,,https://www.usaspending.gov/award/CONT_AWD_80MSFC20F0178_8000_80MSFC20D0004_8000/,2021-12-20
National Aeronautics and Space Administration,National Aeronautics and Space Administration,FY2022P02,,080,2022,2023,,0120,000,080-2022/2023-0120-000,"Science, National Aeronautics and Space Administration",National Aeronautics and Space Administration,,"General Science, Space, and Technology","Space flight, research, and supporting activities",080-0120,"Science, National Aeronautics and Space Administration",0001,SCIENCE (DIRECT),25.5,Research and development contracts,D,Q,Not Designated Nonemergency/Emergency/Disaster/Wildfire Suppression,300000.00,,,,CONT_AWD_80MSFC20F0178_8000_80MSFC20D0004_8000,80MSFC20F0178,80MSFC20D0004,,,2020-07-23,2020,2025-12-17,2026,2020-08-01,2028-09-30,,C,DELIVERY ORDER,,,THERMOSPHERE IONOSPHERE MESOSPHERE ENERGETICS AND DYNAMICS (TIMED) MISSION PHASE E (FOLLOW ON FROM ARDES I BASIC NNN06AA01C TASK ORDER NNN13AA06C),080,NATIONAL AERONAUTICS AND SPACE ADMINISTRATION (NASA),8000,NATIONAL AERONAUTICS AND SPACE ADMINISTRATION,80MSFC,NASA MARSHALL SPACE FLIGHT CENTER,080,NATIONAL AERONAUTICS AND SPACE ADMINISTRATION (NASA),8000,NATIONAL AERONAUTICS AND SPACE ADMINISTRATION,80MSFC,NASA MARSHALL SPACE FLIGHT CENTER,C1HBCJ9RMBV3,,THE JOHNS HOPKINS UNIVERSITY APPLIED PHYSICS LABORATORY LLC,"JOHNS HOPKINS UNIVERSITY APPLIED PHYSICS LABORATORY LLC, THE",C1HBCJ9RMBV3,C1HBCJ9RMBV3,THE JOHNS HOPKINS UNIVERSITY APPLIED PHYSICS LABORATORY LLC,JOHNS HOPKINS UNIVERSITY,USA,MD,HOWARD,LAUREL,MD-03,MD-03,207236005,UNITED STATES,MARYLAND,HOWARD,MD-03,MD-03,207236099,,,AR11,"SPACE R&D SERVICES; SPACE FLIGHT, RESEARCH AND SUPPORTING ACTIVITIES; BASIC RESEARCH",541715,"RESEARCH AND DEVELOPMENT IN THE PHYSICAL, ENGINEERING, AND LIFE SCIENCES (EXCEPT NANOTECHNOLOGY AND BIOTECHNOLOGY)",,,https://www.usaspending.gov/award/CONT_AWD_80MSFC20F0178_8000_80MSFC20D0004_8000/,2021-12-20
National Aeronautics and Space Administration,National Aeronautics and Space Administration,FY2022P03,,080,2020,2021,,0120,000,080-2020/2021-0120-000,"Science, National Aeronautics and Space Administration",National Aeronautics and Space Administration,,"General Science, Space, and Technology","Space flight, research, and supporting activities",080-0120,"Science, National Aeronautics and Space Administration",0001,SCIENCE (DIRECT),25.5,Research and development contracts,D,Q,Not Designated Nonemergency/Emergency/Disaster/Wildfire Suppression,,252829.20,,,CONT_AWD_80MSFC20F0178_8000_80MSFC20D0004_8000,80MSFC20F0178,80MSFC20D0004,,,2020-07-23,2020,2025-12-17,2026,2020-08-01,2028-09-30,,C,DELIVERY ORDER,,,THERMOSPHERE IONOSPHERE MESOSPHERE ENERGETICS AND DYNAMICS (TIMED) MISSION PHASE E (FOLLOW ON FROM ARDES I BASIC NNN06AA01C TASK ORDER NNN13AA06C),080,NATIONAL AERONAUTICS AND SPACE ADMINISTRATION (NASA),8000,NATIONAL AERONAUTICS AND SPACE ADMINISTRATION,80MSFC,NASA MARSHALL SPACE FLIGHT CENTER,080,NATIONAL AERONAUTICS AND SPACE ADMINISTRATION (NASA),8000,NATIONAL AERONAUTICS AND SPACE ADMINISTRATION,80MSFC,NASA MARSHALL SPACE FLIGHT CENTER,C1HBCJ9RMBV3,,THE JOHNS HOPKINS UNIVERSITY APPLIED PHYSICS LABORATORY LLC,"JOHNS HOPKINS UNIVERSITY APPLIED PHYSICS LABORATORY LLC, THE",C1HBCJ9RMBV3,C1HBCJ9RMBV3,THE JOHNS HOPKINS UNIVERSITY APPLIED PHYSICS LABORATORY LLC,JOHNS HOPKINS UNIVERSITY,USA,MD,HOWARD,LAUREL,MD-03,MD-03,207236005,UNITED STATES,MARYLAND,HOWARD,MD-03,MD-03,207236099,,,AR11,"SPACE R&D SERVICES; SPACE FLIGHT, RESEARCH AND SUPPORTING ACTIVITIES; BASIC RESEARCH",541715,"RESEARCH AND DEVELOPMENT IN THE PHYSICAL, ENGINEERING, AND LIFE SCIENCES (EXCEPT NANOTECHNOLOGY AND BIOTECHNOLOGY)",,,https://www.usaspending.gov/award/CONT_AWD_80MSFC20F0178_8000_80MSFC20D0004_8000/,2022-01-25
National Aeronautics and Space Administration,National Aeronautics and Space Administration,FY2022P03,,080,2021,2022,,0120,000,080-2021/2022-0120-000,"Science, National Aeronautics and Space Administration",National Aeronautics and Space Administration,,"General Science, Space, and Technology","Space flight, research, and supporting activities",080-0120,"Science, National Aeronautics and Space Administration",0001,SCIENCE (DIRECT),25.5,Research and development contracts,D,Q,Not Designated Nonemergency/Emergency/Disaster/Wildfire Suppression,34000.00,,,,CONT_AWD_80MSFC20F0178_8000_80MSFC20D0004_8000,80MSFC20F0178,80MSFC20D0004,,,2020-07-23,2020,2025-12-17,2026,2020-08-01,2028-09-30,,C,DELIVERY ORDER,,,THERMOSPHERE IONOSPHERE MESOSPHERE ENERGETICS AND DYNAMICS (TIMED) MISSION PHASE E (FOLLOW ON FROM ARDES I BASIC NNN06AA01C TASK ORDER NNN13AA06C),080,NATIONAL AERONAUTICS AND SPACE ADMINISTRATION (NASA),8000,NATIONAL AERONAUTICS AND SPACE ADMINISTRATION,80MSFC,NASA MARSHALL SPACE FLIGHT CENTER,080,NATIONAL AERONAUTICS AND SPACE ADMINISTRATION (NASA),8000,NATIONAL AERONAUTICS AND SPACE ADMINISTRATION,80MSFC,NASA MARSHALL SPACE FLIGHT CENTER,C1HBCJ9RMBV3,,THE JOHNS HOPKINS UNIVERSITY APPLIED PHYSICS LABORATORY LLC,"JOHNS HOPKINS UNIVERSITY APPLIED PHYSICS LABORATORY LLC, THE",C1HBCJ9RMBV3,C1HBCJ9RMBV3,THE JOHNS HOPKINS UNIVERSITY APPLIED PHYSICS LABORATORY LLC,JOHNS HOPKINS UNIVERSITY,USA,MD,HOWARD,LAUREL,MD-03,MD-03,207236005,UNITED STATES,MARYLAND,HOWARD,MD-03,MD-03,207236099,,,AR11,"SPACE R&D SERVICES; SPACE FLIGHT, RESEARCH AND SUPPORTING ACTIVITIES; BASIC RESEARCH",541715,"RESEARCH AND DEVELOPMENT IN THE PHYSICAL, ENGINEERING, AND LIFE SCIENCES (EXCEPT NANOTECHNOLOGY AND BIOTECHNOLOGY)",,,https://www.usaspending.gov/award/CONT_AWD_80MSFC20F0178_8000_80MSFC20D0004_8000/,2022-01-25
National Aeronautics and Space Administration,National Aeronautics and Space Administration,FY2022P04,,080,2020,2021,,0120,000,080-2020/2021-0120-000,"Science, National Aeronautics and Space Administration",National Aeronautics and Space Administration,,"General Science, Space, and Technology","Space flight, research, and supporting activities",080-0120,"Science, National Aeronautics and Space Administration",0001,SCIENCE (DIRECT),25.5,Research and development contracts,D,Q,Not Designated Nonemergency/Emergency/Disaster/Wildfire Suppression,,338750.30,,,CONT_AWD_80MSFC20F0178_8000_80MSFC20D0004_8000,80MSFC20F0178,80MSFC20D0004,,,2020-07-23,2020,2025-12-17,2026,2020-08-01,2028-09-30,,C,DELIVERY ORDER,,,THERMOSPHERE IONOSPHERE MESOSPHERE ENERGETICS AND DYNAMICS (TIMED) MISSION PHASE E (FOLLOW ON FROM ARDES I BASIC NNN06AA01C TASK ORDER NNN13AA06C),080,NATIONAL AERONAUTICS AND SPACE ADMINISTRATION (NASA),8000,NATIONAL AERONAUTICS AND SPACE ADMINISTRATION,80MSFC,NASA MARSHALL SPACE FLIGHT CENTER,080,NATIONAL AERONAUTICS AND SPACE ADMINISTRATION (NASA),8000,NATIONAL AERONAUTICS AND SPACE ADMINISTRATION,80MSFC,NASA MARSHALL SPACE FLIGHT CENTER,C1HBCJ9RMBV3,,THE JOHNS HOPKINS UNIVERSITY APPLIED PHYSICS LABORATORY LLC,"JOHNS HOPKINS UNIVERSITY APPLIED PHYSICS LABORATORY LLC, THE",C1HBCJ9RMBV3,C1HBCJ9RMBV3,THE JOHNS HOPKINS UNIVERSITY APPLIED PHYSICS LABORATORY LLC,JOHNS HOPKINS UNIVERSITY,USA,MD,HOWARD,LAUREL,MD-03,MD-03,207236005,UNITED STATES,MARYLAND,HOWARD,MD-03,MD-03,207236099,,,AR11,"SPACE R&D SERVICES; SPACE FLIGHT, RESEARCH AND SUPPORTING ACTIVITIES; BASIC RESEARCH",541715,"RESEARCH AND DEVELOPMENT IN THE PHYSICAL, ENGINEERING, AND LIFE SCIENCES (EXCEPT NANOTECHNOLOGY AND BIOTECHNOLOGY)",,,https://www.usaspending.gov/award/CONT_AWD_80MSFC20F0178_8000_80MSFC20D0004_8000/,2022-02-24
National Aeronautics and Space Administration,National Aeronautics and Space Administration,FY2022P05,,080,2020,2021,,0120,000,080-2020/2021-0120-000,"Science, National Aeronautics and Space Administration",National Aeronautics and Space Administration,,"General Science, Space, and Technology","Space flight, research, and supporting activities",080-0120,"Science, National Aeronautics and Space Administration",0001,SCIENCE (DIRECT),25.5,Research and development contracts,D,Q,Not Designated Nonemergency/Emergency/Disaster/Wildfire Suppression,,434394.03,,,CONT_AWD_80MSFC20F0178_8000_80MSFC20D0004_8000,80MSFC20F0178,80MSFC20D0004,,,2020-07-23,2020,2025-12-17,2026,2020-08-01,2028-09-30,,C,DELIVERY ORDER,,,THERMOSPHERE IONOSPHERE MESOSPHERE ENERGETICS AND DYNAMICS (TIMED) MISSION PHASE E (FOLLOW ON FROM ARDES I BASIC NNN06AA01C TASK ORDER NNN13AA06C),080,NATIONAL AERONAUTICS AND SPACE ADMINISTRATION (NASA),8000,NATIONAL AERONAUTICS AND SPACE ADMINISTRATION,80MSFC,NASA MARSHALL SPACE FLIGHT CENTER,080,NATIONAL AERONAUTICS AND SPACE ADMINISTRATION (NASA),8000,NATIONAL AERONAUTICS AND SPACE ADMINISTRATION,80MSFC,NASA MARSHALL SPACE FLIGHT CENTER,C1HBCJ9RMBV3,,THE JOHNS HOPKINS UNIVERSITY APPLIED PHYSICS LABORATORY LLC,"JOHNS HOPKINS UNIVERSITY APPLIED PHYSICS LABORATORY LLC, THE",C1HBCJ9RMBV3,C1HBCJ9RMBV3,THE JOHNS HOPKINS UNIVERSITY APPLIED PHYSICS LABORATORY LLC,JOHNS HOPKINS UNIVERSITY,USA,MD,HOWARD,LAUREL,MD-03,MD-03,207236005,UNITED STATES,MARYLAND,HOWARD,MD-03,MD-03,207236099,,,AR11,"SPACE R&D SERVICES; SPACE FLIGHT, RESEARCH AND SUPPORTING ACTIVITIES; BASIC RESEARCH",541715,"RESEARCH AND DEVELOPMENT IN THE PHYSICAL, ENGINEERING, AND LIFE SCIENCES (EXCEPT NANOTECHNOLOGY AND BIOTECHNOLOGY)",,,https://www.usaspending.gov/award/CONT_AWD_80MSFC20F0178_8000_80MSFC20D0004_8000/,2022-03-28
National Aeronautics and Space Administration,National Aeronautics and Space Administration,FY2022P06,,080,2022,2023,,0120,000,080-2022/2023-0120-000,"Science, National Aeronautics and Space Administration",National Aeronautics and Space Administration,,"General Science, Space, and Technology","Space flight, research, and supporting activities",080-0120,"Science, National Aeronautics and Space Administration",0001,SCIENCE (DIRECT),25.5,Research and development contracts,D,Q,Not Designated Nonemergency/Emergency/Disaster/Wildfire Suppression,275290.00,,,,CONT_AWD_80MSFC20F0178_8000_80MSFC20D0004_8000,80MSFC20F0178,80MSFC20D0004,,,2020-07-23,2020,2025-12-17,2026,2020-08-01,2028-09-30,,C,DELIVERY ORDER,,,THERMOSPHERE IONOSPHERE MESOSPHERE ENERGETICS AND DYNAMICS (TIMED) MISSION PHASE E (FOLLOW ON FROM ARDES I BASIC NNN06AA01C TASK ORDER NNN13AA06C),080,NATIONAL AERONAUTICS AND SPACE ADMINISTRATION (NASA),8000,NATIONAL AERONAUTICS AND SPACE ADMINISTRATION,80MSFC,NASA MARSHALL SPACE FLIGHT CENTER,080,NATIONAL AERONAUTICS AND SPACE ADMINISTRATION (NASA),8000,NATIONAL AERONAUTICS AND SPACE ADMINISTRATION,80MSFC,NASA MARSHALL SPACE FLIGHT CENTER,C1HBCJ9RMBV3,,THE JOHNS HOPKINS UNIVERSITY APPLIED PHYSICS LABORATORY LLC,"JOHNS HOPKINS UNIVERSITY APPLIED PHYSICS LABORATORY LLC, THE",C1HBCJ9RMBV3,C1HBCJ9RMBV3,THE JOHNS HOPKINS UNIVERSITY APPLIED PHYSICS LABORATORY LLC,JOHNS HOPKINS UNIVERSITY,USA,MD,HOWARD,LAUREL,MD-03,MD-03,207236005,UNITED STATES,MARYLAND,HOWARD,MD-03,MD-03,207236099,,,AR11,"SPACE R&D SERVICES; SPACE FLIGHT, RESEARCH AND SUPPORTING ACTIVITIES; BASIC RESEARCH",541715,"RESEARCH AND DEVELOPMENT IN THE PHYSICAL, ENGINEERING, AND LIFE SCIENCES (EXCEPT NANOTECHNOLOGY AND BIOTECHNOLOGY)",,,https://www.usaspending.gov/award/CONT_AWD_80MSFC20F0178_8000_80MSFC20D0004_8000/,2022-04-25
National Aeronautics and Space Administration,National Aeronautics and Space Administration,FY2022P06,,080,2020,2021,,0120,000,080-2020/2021-0120-000,"Science, National Aeronautics and Space Administration",National Aeronautics and Space Administration,,"General Science, Space, and Technology","Space flight, research, and supporting activities",080-0120,"Science, National Aeronautics and Space Administration",0001,SCIENCE (DIRECT),25.5,Research and development contracts,D,Q,Not Designated Nonemergency/Emergency/Disaster/Wildfire Suppression,,528877.88,,,CONT_AWD_80MSFC20F0178_8000_80MSFC20D0004_8000,80MSFC20F0178,80MSFC20D0004,,,2020-07-23,2020,2025-12-17,2026,2020-08-01,2028-09-30,,C,DELIVERY ORDER,,,THERMOSPHERE IONOSPHERE MESOSPHERE ENERGETICS AND DYNAMICS (TIMED) MISSION PHASE E (FOLLOW ON FROM ARDES I BASIC NNN06AA01C TASK ORDER NNN13AA06C),080,NATIONAL AERONAUTICS AND SPACE ADMINISTRATION (NASA),8000,NATIONAL AERONAUTICS AND SPACE ADMINISTRATION,80MSFC,NASA MARSHALL SPACE FLIGHT CENTER,080,NATIONAL AERONAUTICS AND SPACE ADMINISTRATION (NASA),8000,NATIONAL AERONAUTICS AND SPACE ADMINISTRATION,80MSFC,NASA MARSHALL SPACE FLIGHT CENTER,C1HBCJ9RMBV3,,THE JOHNS HOPKINS UNIVERSITY APPLIED PHYSICS LABORATORY LLC,"JOHNS HOPKINS UNIVERSITY APPLIED PHYSICS LABORATORY LLC, THE",C1HBCJ9RMBV3,C1HBCJ9RMBV3,THE JOHNS HOPKINS UNIVERSITY APPLIED PHYSICS LABORATORY LLC,JOHNS HOPKINS UNIVERSITY,USA,MD,HOWARD,LAUREL,MD-03,MD-03,207236005,UNITED STATES,MARYLAND,HOWARD,MD-03,MD-03,207236099,,,AR11,"SPACE R&D SERVICES; SPACE FLIGHT, RESEARCH AND SUPPORTING ACTIVITIES; BASIC RESEARCH",541715,"RESEARCH AND DEVELOPMENT IN THE PHYSICAL, ENGINEERING, AND LIFE SCIENCES (EXCEPT NANOTECHNOLOGY AND BIOTECHNOLOGY)",,,https://www.usaspending.gov/award/CONT_AWD_80MSFC20F0178_8000_80MSFC20D0004_8000/,2022-04-25
National Aeronautics and Space Administration,National Aeronautics and Space Administration,FY2022P07,,080,2020,2021,,0120,000,080-2020/2021-0120-000,"Science, National Aeronautics and Space Administration",National Aeronautics and Space Administration,,"General Science, Space, and Technology","Space flight, research, and supporting activities",080-0120,"Science, National Aeronautics and Space Administration",0001,SCIENCE (DIRECT),25.5,Research and development contracts,D,Q,Not Designated Nonemergency/Emergency/Disaster/Wildfire Suppression,,619795.13,,,CONT_AWD_80MSFC20F0178_8000_80MSFC20D0004_8000,80MSFC20F0178,80MSFC20D0004,,,2020-07-23,2020,2025-12-17,2026,2020-08-01,2028-09-30,,C,DELIVERY ORDER,,,THERMOSPHERE IONOSPHERE MESOSPHERE ENERGETICS AND DYNAMICS (TIMED) MISSION PHASE E (FOLLOW ON FROM ARDES I BASIC NNN06AA01C TASK ORDER NNN13AA06C),080,NATIONAL AERONAUTICS AND SPACE ADMINISTRATION (NASA),8000,NATIONAL AERONAUTICS AND SPACE ADMINISTRATION,80MSFC,NASA MARSHALL SPACE FLIGHT CENTER,080,NATIONAL AERONAUTICS AND SPACE ADMINISTRATION (NASA),8000,NATIONAL AERONAUTICS AND SPACE ADMINISTRATION,80MSFC,NASA MARSHALL SPACE FLIGHT CENTER,C1HBCJ9RMBV3,,THE JOHNS HOPKINS UNIVERSITY APPLIED PHYSICS LABORATORY LLC,"JOHNS HOPKINS UNIVERSITY APPLIED PHYSICS LABORATORY LLC, THE",C1HBCJ9RMBV3,C1HBCJ9RMBV3,THE JOHNS HOPKINS UNIVERSITY APPLIED PHYSICS LABORATORY LLC,JOHNS HOPKINS UNIVERSITY,USA,MD,HOWARD,LAUREL,MD-03,MD-03,207236005,UNITED STATES,MARYLAND,HOWARD,MD-03,MD-03,207236099,,,AR11,"SPACE R&D SERVICES; SPACE FLIGHT, RESEARCH AND SUPPORTING ACTIVITIES; BASIC RESEARCH",541715,"RESEARCH AND DEVELOPMENT IN THE PHYSICAL, ENGINEERING, AND LIFE SCIENCES (EXCEPT NANOTECHNOLOGY AND BIOTECHNOLOGY)",,,https://www.usaspending.gov/award/CONT_AWD_80MSFC20F0178_8000_80MSFC20D0004_8000/,2022-05-25
National Aeronautics and Space Administration,National Aeronautics and Space Administration,FY2022P08,,080,2020,2021,,0120,000,080-2020/2021-0120-000,"Science, National Aeronautics and Space Administration",National Aeronautics and Space Administration,,"General Science, Space, and Technology","Space flight, research, and supporting activities",080-0120,"Science, National Aeronautics and Space Administration",0001,SCIENCE (DIRECT),25.5,Research and development contracts,D,Q,Not Designated Nonemergency/Emergency/Disaster/Wildfire Suppression,,727973.98,,,CONT_AWD_80MSFC20F0178_8000_80MSFC20D0004_8000,80MSFC20F0178,80MSFC20D0004,,,2020-07-23,2020,2025-12-17,2026,2020-08-01,2028-09-30,,C,DELIVERY ORDER,,,THERMOSPHERE IONOSPHERE MESOSPHERE ENERGETICS AND DYNAMICS (TIMED) MISSION PHASE E (FOLLOW ON FROM ARDES I BASIC NNN06AA01C TASK ORDER NNN13AA06C),080,NATIONAL AERONAUTICS AND SPACE ADMINISTRATION (NASA),8000,NATIONAL AERONAUTICS AND SPACE ADMINISTRATION,80MSFC,NASA MARSHALL SPACE FLIGHT CENTER,080,NATIONAL AERONAUTICS AND SPACE ADMINISTRATION (NASA),8000,NATIONAL AERONAUTICS AND SPACE ADMINISTRATION,80MSFC,NASA MARSHALL SPACE FLIGHT CENTER,C1HBCJ9RMBV3,,THE JOHNS HOPKINS UNIVERSITY APPLIED PHYSICS LABORATORY LLC,"JOHNS HOPKINS UNIVERSITY APPLIED PHYSICS LABORATORY LLC, THE",C1HBCJ9RMBV3,C1HBCJ9RMBV3,THE JOHNS HOPKINS UNIVERSITY APPLIED PHYSICS LABORATORY LLC,JOHNS HOPKINS UNIVERSITY,USA,MD,HOWARD,LAUREL,MD-03,MD-03,207236005,UNITED STATES,MARYLAND,HOWARD,MD-03,MD-03,207236099,,,AR11,"SPACE R&D SERVICES; SPACE FLIGHT, RESEARCH AND SUPPORTING ACTIVITIES; BASIC RESEARCH",541715,"RESEARCH AND DEVELOPMENT IN THE PHYSICAL, ENGINEERING, AND LIFE SCIENCES (EXCEPT NANOTECHNOLOGY AND BIOTECHNOLOGY)",,,https://www.usaspending.gov/award/CONT_AWD_80MSFC20F0178_8000_80MSFC20D0004_8000/,2022-06-27
National Aeronautics and Space Administration,National Aeronautics and Space Administration,FY2022P09,,080,2020,2021,,0120,000,080-2020/2021-0120-000,"Science, National Aeronautics and Space Administration",National Aeronautics and Space Administration,,"General Science, Space, and Technology","Space flight, research, and supporting activities",080-0120,"Science, National Aeronautics and Space Administration",0001,SCIENCE (DIRECT),25.5,Research and development contracts,D,Q,Not Designated Nonemergency/Emergency/Disaster/Wildfire Suppression,,827392.51,,,CONT_AWD_80MSFC20F0178_8000_80MSFC20D0004_8000,80MSFC20F0178,80MSFC20D0004,,,2020-07-23,2020,2025-12-17,2026,2020-08-01,2028-09-30,,C,DELIVERY ORDER,,,THERMOSPHERE IONOSPHERE MESOSPHERE ENERGETICS AND DYNAMICS (TIMED) MISSION PHASE E (FOLLOW ON FROM ARDES I BASIC NNN06AA01C TASK ORDER NNN13AA06C),080,NATIONAL AERONAUTICS AND SPACE ADMINISTRATION (NASA),8000,NATIONAL AERONAUTICS AND SPACE ADMINISTRATION,80MSFC,NASA MARSHALL SPACE FLIGHT CENTER,080,NATIONAL AERONAUTICS AND SPACE ADMINISTRATION (NASA),8000,NATIONAL AERONAUTICS AND SPACE ADMINISTRATION,80MSFC,NASA MARSHALL SPACE FLIGHT CENTER,C1HBCJ9RMBV3,,THE JOHNS HOPKINS UNIVERSITY APPLIED PHYSICS LABORATORY LLC,"JOHNS HOPKINS UNIVERSITY APPLIED PHYSICS LABORATORY LLC, THE",C1HBCJ9RMBV3,C1HBCJ9RMBV3,THE JOHNS HOPKINS UNIVERSITY APPLIED PHYSICS LABORATORY LLC,JOHNS HOPKINS UNIVERSITY,USA,MD,HOWARD,LAUREL,MD-03,MD-03,207236005,UNITED STATES,MARYLAND,HOWARD,MD-03,MD-03,207236099,,,AR11,"SPACE R&D SERVICES; SPACE FLIGHT, RESEARCH AND SUPPORTING ACTIVITIES; BASIC RESEARCH",541715,"RESEARCH AND DEVELOPMENT IN THE PHYSICAL, ENGINEERING, AND LIFE SCIENCES (EXCEPT NANOTECHNOLOGY AND BIOTECHNOLOGY)",,,https://www.usaspending.gov/award/CONT_AWD_80MSFC20F0178_8000_80MSFC20D0004_8000/,2022-07-27
National Aeronautics and Space Administration,National Aeronautics and Space Administration,FY2022P10,,080,2020,2021,,0120,000,080-2020/2021-0120-000,"Science, National Aeronautics and Space Administration",National Aeronautics and Space Administration,,"General Science, Space, and Technology","Space flight, research, and supporting activities",080-0120,"Science, National Aeronautics and Space Administration",0001,SCIENCE (DIRECT),25.5,Research and development contracts,D,Q,Not Designated Nonemergency/Emergency/Disaster/Wildfire Suppression,,930260.08,,,CONT_AWD_80MSFC20F0178_8000_80MSFC20D0004_8000,80MSFC20F0178,80MSFC20D0004,,,2020-07-23,2020,2025-12-17,2026,2020-08-01,2028-09-30,,C,DELIVERY ORDER,,,THERMOSPHERE IONOSPHERE MESOSPHERE ENERGETICS AND DYNAMICS (TIMED) MISSION PHASE E (FOLLOW ON FROM ARDES I BASIC NNN06AA01C TASK ORDER NNN13AA06C),080,NATIONAL AERONAUTICS AND SPACE ADMINISTRATION (NASA),8000,NATIONAL AERONAUTICS AND SPACE ADMINISTRATION,80MSFC,NASA MARSHALL SPACE FLIGHT CENTER,080,NATIONAL AERONAUTICS AND SPACE ADMINISTRATION (NASA),8000,NATIONAL AERONAUTICS AND SPACE ADMINISTRATION,80MSFC,NASA MARSHALL SPACE FLIGHT CENTER,C1HBCJ9RMBV3,,THE JOHNS HOPKINS UNIVERSITY APPLIED PHYSICS LABORATORY LLC,"JOHNS HOPKINS UNIVERSITY APPLIED PHYSICS LABORATORY LLC, THE",C1HBCJ9RMBV3,C1HBCJ9RMBV3,THE JOHNS HOPKINS UNIVERSITY APPLIED PHYSICS LABORATORY LLC,JOHNS HOPKINS UNIVERSITY,USA,MD,HOWARD,LAUREL,MD-03,MD-03,207236005,UNITED STATES,MARYLAND,HOWARD,MD-03,MD-03,207236099,,,AR11,"SPACE R&D SERVICES; SPACE FLIGHT, RESEARCH AND SUPPORTING ACTIVITIES; BASIC RESEARCH",541715,"RESEARCH AND DEVELOPMENT IN THE PHYSICAL, ENGINEERING, AND LIFE SCIENCES (EXCEPT NANOTECHNOLOGY AND BIOTECHNOLOGY)",,,https://www.usaspending.gov/award/CONT_AWD_80MSFC20F0178_8000_80MSFC20D0004_8000/,2022-08-24
National Aeronautics and Space Administration,National Aeronautics and Space Administration,FY2022P11,,080,2022,2023,,0120,000,080-2022/2023-0120-000,"Science, National Aeronautics and Space Administration",National Aeronautics and Space Administration,,"General Science, Space, and Technology","Space flight, research, and supporting activities",080-0120,"Science, National Aeronautics and Space Administration",0001,SCIENCE (DIRECT),25.5,Research and development contracts,D,Q,Not Designated Nonemergency/Emergency/Disaster/Wildfire Suppression,,90586.73,,,CONT_AWD_80MSFC20F0178_8000_80MSFC20D0004_8000,80MSFC20F0178,80MSFC20D0004,,,2020-07-23,2020,2025-12-17,2026,2020-08-01,2028-09-30,,C,DELIVERY ORDER,,,THERMOSPHERE IONOSPHERE MESOSPHERE ENERGETICS AND DYNAMICS (TIMED) MISSION PHASE E (FOLLOW ON FROM ARDES I BASIC NNN06AA01C TASK ORDER NNN13AA06C),080,NATIONAL AERONAUTICS AND SPACE ADMINISTRATION (NASA),8000,NATIONAL AERONAUTICS AND SPACE ADMINISTRATION,80MSFC,NASA MARSHALL SPACE FLIGHT CENTER,080,NATIONAL AERONAUTICS AND SPACE ADMINISTRATION (NASA),8000,NATIONAL AERONAUTICS AND SPACE ADMINISTRATION,80MSFC,NASA MARSHALL SPACE FLIGHT CENTER,C1HBCJ9RMBV3,,THE JOHNS HOPKINS UNIVERSITY APPLIED PHYSICS LABORATORY LLC,"JOHNS HOPKINS UNIVERSITY APPLIED PHYSICS LABORATORY LLC, THE",C1HBCJ9RMBV3,C1HBCJ9RMBV3,THE JOHNS HOPKINS UNIVERSITY APPLIED PHYSICS LABORATORY LLC,JOHNS HOPKINS UNIVERSITY,USA,MD,HOWARD,LAUREL,MD-03,MD-03,207236005,UNITED STATES,MARYLAND,HOWARD,MD-03,MD-03,207236099,,,AR11,"SPACE R&D SERVICES; SPACE FLIGHT, RESEARCH AND SUPPORTING ACTIVITIES; BASIC RESEARCH",541715,"RESEARCH AND DEVELOPMENT IN THE PHYSICAL, ENGINEERING, AND LIFE SCIENCES (EXCEPT NANOTECHNOLOGY AND BIOTECHNOLOGY)",,,https://www.usaspending.gov/award/CONT_AWD_80MSFC20F0178_8000_80MSFC20D0004_8000/,2022-09-25
National Aeronautics and Space Administration,National Aeronautics and Space Administration,FY2022P11,,080,2022,2023,,0120,000,080-2022/2023-0120-000,"Science, National Aeronautics and Space Administration",National Aeronautics and Space Administration,,"General Science, Space, and Technology","Space flight, research, and supporting activities",080-0120,"Science, National Aeronautics and Space Administration",0001,SCIENCE (DIRECT),25.5,Research and development contracts,D,Q,Not Designated Nonemergency/Emergency/Disaster/Wildfire Suppression,571710.00,,,,CONT_AWD_80MSFC20F0178_8000_80MSFC20D0004_8000,80MSFC20F0178,80MSFC20D0004,,,2020-07-23,2020,2025-12-17,2026,2020-08-01,2028-09-30,,C,DELIVERY ORDER,,,THERMOSPHERE IONOSPHERE MESOSPHERE ENERGETICS AND DYNAMICS (TIMED) MISSION PHASE E (FOLLOW ON FROM ARDES I BASIC NNN06AA01C TASK ORDER NNN13AA06C),080,NATIONAL AERONAUTICS AND SPACE ADMINISTRATION (NASA),8000,NATIONAL AERONAUTICS AND SPACE ADMINISTRATION,80MSFC,NASA MARSHALL SPACE FLIGHT CENTER,080,NATIONAL AERONAUTICS AND SPACE ADMINISTRATION (NASA),8000,NATIONAL AERONAUTICS AND SPACE ADMINISTRATION,80MSFC,NASA MARSHALL SPACE FLIGHT CENTER,C1HBCJ9RMBV3,,THE JOHNS HOPKINS UNIVERSITY APPLIED PHYSICS LABORATORY LLC,"JOHNS HOPKINS UNIVERSITY APPLIED PHYSICS LABORATORY LLC, THE",C1HBCJ9RMBV3,C1HBCJ9RMBV3,THE JOHNS HOPKINS UNIVERSITY APPLIED PHYSICS LABORATORY LLC,JOHNS HOPKINS UNIVERSITY,USA,MD,HOWARD,LAUREL,MD-03,MD-03,207236005,UNITED STATES,MARYLAND,HOWARD,MD-03,MD-03,207236099,,,AR11,"SPACE R&D SERVICES; SPACE FLIGHT, RESEARCH AND SUPPORTING ACTIVITIES; BASIC RESEARCH",541715,"RESEARCH AND DEVELOPMENT IN THE PHYSICAL, ENGINEERING, AND LIFE SCIENCES (EXCEPT NANOTECHNOLOGY AND BIOTECHNOLOGY)",,,https://www.usaspending.gov/award/CONT_AWD_80MSFC20F0178_8000_80MSFC20D0004_8000/,2022-09-25
National Aeronautics and Space Administration,National Aeronautics and Space Administration,FY2022P11,,080,2020,2021,,0120,000,080-2020/2021-0120-000,"Science, National Aeronautics and Space Administration",National Aeronautics and Space Administration,,"General Science, Space, and Technology","Space flight, research, and supporting activities",080-0120,"Science, National Aeronautics and Space Administration",0001,SCIENCE (DIRECT),25.5,Research and development contracts,D,Q,Not Designated Nonemergency/Emergency/Disaster/Wildfire Suppression,,946645.22,,,CONT_AWD_80MSFC20F0178_8000_80MSFC20D0004_8000,80MSFC20F0178,80MSFC20D0004,,,2020-07-23,2020,2025-12-17,2026,2020-08-01,2028-09-30,,C,DELIVERY ORDER,,,THERMOSPHERE IONOSPHERE MESOSPHERE ENERGETICS AND DYNAMICS (TIMED) MISSION PHASE E (FOLLOW ON FROM ARDES I BASIC NNN06AA01C TASK ORDER NNN13AA06C),080,NATIONAL AERONAUTICS AND SPACE ADMINISTRATION (NASA),8000,NATIONAL AERONAUTICS AND SPACE ADMINISTRATION,80MSFC,NASA MARSHALL SPACE FLIGHT CENTER,080,NATIONAL AERONAUTICS AND SPACE ADMINISTRATION (NASA),8000,NATIONAL AERONAUTICS AND SPACE ADMINISTRATION,80MSFC,NASA MARSHALL SPACE FLIGHT CENTER,C1HBCJ9RMBV3,,THE JOHNS HOPKINS UNIVERSITY APPLIED PHYSICS LABORATORY LLC,"JOHNS HOPKINS UNIVERSITY APPLIED PHYSICS LABORATORY LLC, THE",C1HBCJ9RMBV3,C1HBCJ9RMBV3,THE JOHNS HOPKINS UNIVERSITY APPLIED PHYSICS LABORATORY LLC,JOHNS HOPKINS UNIVERSITY,USA,MD,HOWARD,LAUREL,MD-03,MD-03,207236005,UNITED STATES,MARYLAND,HOWARD,MD-03,MD-03,207236099,,,AR11,"SPACE R&D SERVICES; SPACE FLIGHT, RESEARCH AND SUPPORTING ACTIVITIES; BASIC RESEARCH",541715,"RESEARCH AND DEVELOPMENT IN THE PHYSICAL, ENGINEERING, AND LIFE SCIENCES (EXCEPT NANOTECHNOLOGY AND BIOTECHNOLOGY)",,,https://www.usaspending.gov/award/CONT_AWD_80MSFC20F0178_8000_80MSFC20D0004_8000/,2022-09-25
National Aeronautics and Space Administration,National Aeronautics and Space Administration,FY2022P12,,080,2022,2023,,0120,000,080-2022/2023-0120-000,"Science, National Aeronautics and Space Administration",National Aeronautics and Space Administration,,"General Science, Space, and Technology","Space flight, research, and supporting activities",080-0120,"Science, National Aeronautics and Space Administration",0001,SCIENCE (DIRECT),25.5,Research and development contracts,D,Q,Not Designated Nonemergency/Emergency/Disaster/Wildfire Suppression,,184391.03,,,CONT_AWD_80MSFC20F0178_8000_80MSFC20D0004_8000,80MSFC20F0178,80MSFC20D0004,,,2020-07-23,2020,2025-12-17,2026,2020-08-01,2028-09-30,,C,DELIVERY ORDER,,,THERMOSPHERE IONOSPHERE MESOSPHERE ENERGETICS AND DYNAMICS (TIMED) MISSION PHASE E (FOLLOW ON FROM ARDES I BASIC NNN06AA01C TASK ORDER NNN13AA06C),080,NATIONAL AERONAUTICS AND SPACE ADMINISTRATION (NASA),8000,NATIONAL AERONAUTICS AND SPACE ADMINISTRATION,80MSFC,NASA MARSHALL SPACE FLIGHT CENTER,080,NATIONAL AERONAUTICS AND SPACE ADMINISTRATION (NASA),8000,NATIONAL AERONAUTICS AND SPACE ADMINISTRATION,80MSFC,NASA MARSHALL SPACE FLIGHT CENTER,C1HBCJ9RMBV3,,THE JOHNS HOPKINS UNIVERSITY APPLIED PHYSICS LABORATORY LLC,"JOHNS HOPKINS UNIVERSITY APPLIED PHYSICS LABORATORY LLC, THE",C1HBCJ9RMBV3,C1HBCJ9RMBV3,THE JOHNS HOPKINS UNIVERSITY APPLIED PHYSICS LABORATORY LLC,JOHNS HOPKINS UNIVERSITY,USA,MD,HOWARD,LAUREL,MD-03,MD-03,207236005,UNITED STATES,MARYLAND,HOWARD,MD-03,MD-03,207236099,,,AR11,"SPACE R&D SERVICES; SPACE FLIGHT, RESEARCH AND SUPPORTING ACTIVITIES; BASIC RESEARCH",541715,"RESEARCH AND DEVELOPMENT IN THE PHYSICAL, ENGINEERING, AND LIFE SCIENCES (EXCEPT NANOTECHNOLOGY AND BIOTECHNOLOGY)",,,https://www.usaspending.gov/award/CONT_AWD_80MSFC20F0178_8000_80MSFC20D0004_8000/,2022-11-02
National Aeronautics and Space Administration,National Aeronautics and Space Administration,FY2022P12,,080,2020,2021,,0120,000,080-2020/2021-0120-000,"Science, National Aeronautics and Space Administration",National Aeronautics and Space Administration,,"General Science, Space, and Technology","Space flight, research, and supporting activities",080-0120,"Science, National Aeronautics and Space Administration",0001,SCIENCE (DIRECT),25.5,Research and development contracts,D,Q,Not Designated Nonemergency/Emergency/Disaster/Wildfire Suppression,,946645.22,,,CONT_AWD_80MSFC20F0178_8000_80MSFC20D0004_8000,80MSFC20F0178,80MSFC20D0004,,,2020-07-23,2020,2025-12-17,2026,2020-08-01,2028-09-30,,C,DELIVERY ORDER,,,THERMOSPHERE IONOSPHERE MESOSPHERE ENERGETICS AND DYNAMICS (TIMED) MISSION PHASE E (FOLLOW ON FROM ARDES I BASIC NNN06AA01C TASK ORDER NNN13AA06C),080,NATIONAL AERONAUTICS AND SPACE ADMINISTRATION (NASA),8000,NATIONAL AERONAUTICS AND SPACE ADMINISTRATION,80MSFC,NASA MARSHALL SPACE FLIGHT CENTER,080,NATIONAL AERONAUTICS AND SPACE ADMINISTRATION (NASA),8000,NATIONAL AERONAUTICS AND SPACE ADMINISTRATION,80MSFC,NASA MARSHALL SPACE FLIGHT CENTER,C1HBCJ9RMBV3,,THE JOHNS HOPKINS UNIVERSITY APPLIED PHYSICS LABORATORY LLC,"JOHNS HOPKINS UNIVERSITY APPLIED PHYSICS LABORATORY LLC, THE",C1HBCJ9RMBV3,C1HBCJ9RMBV3,THE JOHNS HOPKINS UNIVERSITY APPLIED PHYSICS LABORATORY LLC,JOHNS HOPKINS UNIVERSITY,USA,MD,HOWARD,LAUREL,MD-03,MD-03,207236005,UNITED STATES,MARYLAND,HOWARD,MD-03,MD-03,207236099,,,AR11,"SPACE R&D SERVICES; SPACE FLIGHT, RESEARCH AND SUPPORTING ACTIVITIES; BASIC RESEARCH",541715,"RESEARCH AND DEVELOPMENT IN THE PHYSICAL, ENGINEERING, AND LIFE SCIENCES (EXCEPT NANOTECHNOLOGY AND BIOTECHNOLOGY)",,,https://www.usaspending.gov/award/CONT_AWD_80MSFC20F0178_8000_80MSFC20D0004_8000/,2022-11-02
National Aeronautics and Space Administration,National Aeronautics and Space Administration,FY2023P02,,080,2023,2024,,0120,000,080-2023/2024-0120-000,"Science, National Aeronautics and Space Administration",National Aeronautics and Space Administration,,"General Science, Space, and Technology","Space flight, research, and supporting activities",080-0120,"Science, National Aeronautics and Space Administration",0001,SCIENCE (DIRECT),25.5,Research and development contracts,D,Q,Not Designated Nonemergency/Emergency/Disaster/Wildfire Suppression,327000.00,,,,CONT_AWD_80MSFC20F0178_8000_80MSFC20D0004_8000,80MSFC20F0178,80MSFC20D0004,,,2020-07-23,2020,2025-12-17,2026,2020-08-01,2028-09-30,,C,DELIVERY ORDER,,,THERMOSPHERE IONOSPHERE MESOSPHERE ENERGETICS AND DYNAMICS (TIMED) MISSION PHASE E (FOLLOW ON FROM ARDES I BASIC NNN06AA01C TASK ORDER NNN13AA06C),080,NATIONAL AERONAUTICS AND SPACE ADMINISTRATION (NASA),8000,NATIONAL AERONAUTICS AND SPACE ADMINISTRATION,80MSFC,NASA MARSHALL SPACE FLIGHT CENTER,080,NATIONAL AERONAUTICS AND SPACE ADMINISTRATION (NASA),8000,NATIONAL AERONAUTICS AND SPACE ADMINISTRATION,80MSFC,NASA MARSHALL SPACE FLIGHT CENTER,C1HBCJ9RMBV3,,THE JOHNS HOPKINS UNIVERSITY APPLIED PHYSICS LABORATORY LLC,"JOHNS HOPKINS UNIVERSITY APPLIED PHYSICS LABORATORY LLC, THE",C1HBCJ9RMBV3,C1HBCJ9RMBV3,THE JOHNS HOPKINS UNIVERSITY APPLIED PHYSICS LABORATORY LLC,JOHNS HOPKINS UNIVERSITY,USA,MD,HOWARD,LAUREL,MD-03,MD-03,207236005,UNITED STATES,MARYLAND,HOWARD,MD-03,MD-03,207236099,,,AR11,"SPACE R&D SERVICES; SPACE FLIGHT, RESEARCH AND SUPPORTING ACTIVITIES; BASIC RESEARCH",541715,"RESEARCH AND DEVELOPMENT IN THE PHYSICAL, ENGINEERING, AND LIFE SCIENCES (EXCEPT NANOTECHNOLOGY AND BIOTECHNOLOGY)",,,https://www.usaspending.gov/award/CONT_AWD_80MSFC20F0178_8000_80MSFC20D0004_8000/,2023-01-06
National Aeronautics and Space Administration,National Aeronautics and Space Administration,FY2023P02,,080,2022,2023,,0120,000,080-2022/2023-0120-000,"Science, National Aeronautics and Space Administration",National Aeronautics and Space Administration,,"General Science, Space, and Technology","Space flight, research, and supporting activities",080-0120,"Science, National Aeronautics and Space Administration",0001,SCIENCE (DIRECT),25.5,Research and development contracts,D,Q,Not Designated Nonemergency/Emergency/Disaster/Wildfire Suppression,,203022.72,,,CONT_AWD_80MSFC20F0178_8000_80MSFC20D0004_8000,80MSFC20F0178,80MSFC20D0004,,,2020-07-23,2020,2025-12-17,2026,2020-08-01,2028-09-30,,C,DELIVERY ORDER,,,THERMOSPHERE IONOSPHERE MESOSPHERE ENERGETICS AND DYNAMICS (TIMED) MISSION PHASE E (FOLLOW ON FROM ARDES I BASIC NNN06AA01C TASK ORDER NNN13AA06C),080,NATIONAL AERONAUTICS AND SPACE ADMINISTRATION (NASA),8000,NATIONAL AERONAUTICS AND SPACE ADMINISTRATION,80MSFC,NASA MARSHALL SPACE FLIGHT CENTER,080,NATIONAL AERONAUTICS AND SPACE ADMINISTRATION (NASA),8000,NATIONAL AERONAUTICS AND SPACE ADMINISTRATION,80MSFC,NASA MARSHALL SPACE FLIGHT CENTER,C1HBCJ9RMBV3,,THE JOHNS HOPKINS UNIVERSITY APPLIED PHYSICS LABORATORY LLC,"JOHNS HOPKINS UNIVERSITY APPLIED PHYSICS LABORATORY LLC, THE",C1HBCJ9RMBV3,C1HBCJ9RMBV3,THE JOHNS HOPKINS UNIVERSITY APPLIED PHYSICS LABORATORY LLC,JOHNS HOPKINS UNIVERSITY,USA,MD,HOWARD,LAUREL,MD-03,MD-03,207236005,UNITED STATES,MARYLAND,HOWARD,MD-03,MD-03,207236099,,,AR11,"SPACE R&D SERVICES; SPACE FLIGHT, RESEARCH AND SUPPORTING ACTIVITIES; BASIC RESEARCH",541715,"RESEARCH AND DEVELOPMENT IN THE PHYSICAL, ENGINEERING, AND LIFE SCIENCES (EXCEPT NANOTECHNOLOGY AND BIOTECHNOLOGY)",,,https://www.usaspending.gov/award/CONT_AWD_80MSFC20F0178_8000_80MSFC20D0004_8000/,2023-01-06
National Aeronautics and Space Administration,National Aeronautics and Space Administration,FY2023P02,,080,2021,2022,,0120,000,080-2021/2022-0120-000,"Science, National Aeronautics and Space Administration",National Aeronautics and Space Administration,,"General Science, Space, and Technology","Space flight, research, and supporting activities",080-0120,"Science, National Aeronautics and Space Administration",0001,SCIENCE (DIRECT),25.5,Research and development contracts,D,Q,Not Designated Nonemergency/Emergency/Disaster/Wildfire Suppression,,34000.00,,,CONT_AWD_80MSFC20F0178_8000_80MSFC20D0004_8000,80MSFC20F0178,80MSFC20D0004,,,2020-07-23,2020,2025-12-17,2026,2020-08-01,2028-09-30,,C,DELIVERY ORDER,,,THERMOSPHERE IONOSPHERE MESOSPHERE ENERGETICS AND DYNAMICS (TIMED) MISSION PHASE E (FOLLOW ON FROM ARDES I BASIC NNN06AA01C TASK ORDER NNN13AA06C),080,NATIONAL AERONAUTICS AND SPACE ADMINISTRATION (NASA),8000,NATIONAL AERONAUTICS AND SPACE ADMINISTRATION,80MSFC,NASA MARSHALL SPACE FLIGHT CENTER,080,NATIONAL AERONAUTICS AND SPACE ADMINISTRATION (NASA),8000,NATIONAL AERONAUTICS AND SPACE ADMINISTRATION,80MSFC,NASA MARSHALL SPACE FLIGHT CENTER,C1HBCJ9RMBV3,,THE JOHNS HOPKINS UNIVERSITY APPLIED PHYSICS LABORATORY LLC,"JOHNS HOPKINS UNIVERSITY APPLIED PHYSICS LABORATORY LLC, THE",C1HBCJ9RMBV3,C1HBCJ9RMBV3,THE JOHNS HOPKINS UNIVERSITY APPLIED PHYSICS LABORATORY LLC,JOHNS HOPKINS UNIVERSITY,USA,MD,HOWARD,LAUREL,MD-03,MD-03,207236005,UNITED STATES,MARYLAND,HOWARD,MD-03,MD-03,207236099,,,AR11,"SPACE R&D SERVICES; SPACE FLIGHT, RESEARCH AND SUPPORTING ACTIVITIES; BASIC RESEARCH",541715,"RESEARCH AND DEVELOPMENT IN THE PHYSICAL, ENGINEERING, AND LIFE SCIENCES (EXCEPT NANOTECHNOLOGY AND BIOTECHNOLOGY)",,,https://www.usaspending.gov/award/CONT_AWD_80MSFC20F0178_8000_80MSFC20D0004_8000/,2023-01-06
National Aeronautics and Space Administration,National Aeronautics and Space Administration,FY2023P03,,080,2022,2023,,0120,000,080-2022/2023-0120-000,"Science, National Aeronautics and Space Administration",National Aeronautics and Space Administration,,"General Science, Space, and Technology","Space flight, research, and supporting activities",080-0120,"Science, National Aeronautics and Space Administration",0001,SCIENCE (DIRECT),25.5,Research and development contracts,D,Q,Not Designated Nonemergency/Emergency/Disaster/Wildfire Suppression,,327483.84,,,CONT_AWD_80MSFC20F0178_8000_80MSFC20D0004_8000,80MSFC20F0178,80MSFC20D0004,,,2020-07-23,2020,2025-12-17,2026,2020-08-01,2028-09-30,,C,DELIVERY ORDER,,,THERMOSPHERE IONOSPHERE MESOSPHERE ENERGETICS AND DYNAMICS (TIMED) MISSION PHASE E (FOLLOW ON FROM ARDES I BASIC NNN06AA01C TASK ORDER NNN13AA06C),080,NATIONAL AERONAUTICS AND SPACE ADMINISTRATION (NASA),8000,NATIONAL AERONAUTICS AND SPACE ADMINISTRATION,80MSFC,NASA MARSHALL SPACE FLIGHT CENTER,080,NATIONAL AERONAUTICS AND SPACE ADMINISTRATION (NASA),8000,NATIONAL AERONAUTICS AND SPACE ADMINISTRATION,80MSFC,NASA MARSHALL SPACE FLIGHT CENTER,C1HBCJ9RMBV3,,THE JOHNS HOPKINS UNIVERSITY APPLIED PHYSICS LABORATORY LLC,"JOHNS HOPKINS UNIVERSITY APPLIED PHYSICS LABORATORY LLC, THE",C1HBCJ9RMBV3,C1HBCJ9RMBV3,THE JOHNS HOPKINS UNIVERSITY APPLIED PHYSICS LABORATORY LLC,JOHNS HOPKINS UNIVERSITY,USA,MD,HOWARD,LAUREL,MD-03,MD-03,207236005,UNITED STATES,MARYLAND,HOWARD,MD-03,MD-03,207236099,,,AR11,"SPACE R&D SERVICES; SPACE FLIGHT, RESEARCH AND SUPPORTING ACTIVITIES; BASIC RESEARCH",541715,"RESEARCH AND DEVELOPMENT IN THE PHYSICAL, ENGINEERING, AND LIFE SCIENCES (EXCEPT NANOTECHNOLOGY AND BIOTECHNOLOGY)",,,https://www.usaspending.gov/award/CONT_AWD_80MSFC20F0178_8000_80MSFC20D0004_8000/,2023-01-31
National Aeronautics and Space Administration,National Aeronautics and Space Administration,FY2023P03,,080,2021,2022,,0120,000,080-2021/2022-0120-000,"Science, National Aeronautics and Space Administration",National Aeronautics and Space Administration,,"General Science, Space, and Technology","Space flight, research, and supporting activities",080-0120,"Science, National Aeronautics and Space Administration",0001,SCIENCE (DIRECT),25.5,Research and development contracts,D,Q,Not Designated Nonemergency/Emergency/Disaster/Wildfire Suppression,,34000.00,,,CONT_AWD_80MSFC20F0178_8000_80MSFC20D0004_8000,80MSFC20F0178,80MSFC20D0004,,,2020-07-23,2020,2025-12-17,2026,2020-08-01,2028-09-30,,C,DELIVERY ORDER,,,THERMOSPHERE IONOSPHERE MESOSPHERE ENERGETICS AND DYNAMICS (TIMED) MISSION PHASE E (FOLLOW ON FROM ARDES I BASIC NNN06AA01C TASK ORDER NNN13AA06C),080,NATIONAL AERONAUTICS AND SPACE ADMINISTRATION (NASA),8000,NATIONAL AERONAUTICS AND SPACE ADMINISTRATION,80MSFC,NASA MARSHALL SPACE FLIGHT CENTER,080,NATIONAL AERONAUTICS AND SPACE ADMINISTRATION (NASA),8000,NATIONAL AERONAUTICS AND SPACE ADMINISTRATION,80MSFC,NASA MARSHALL SPACE FLIGHT CENTER,C1HBCJ9RMBV3,,THE JOHNS HOPKINS UNIVERSITY APPLIED PHYSICS LABORATORY LLC,"JOHNS HOPKINS UNIVERSITY APPLIED PHYSICS LABORATORY LLC, THE",C1HBCJ9RMBV3,C1HBCJ9RMBV3,THE JOHNS HOPKINS UNIVERSITY APPLIED PHYSICS LABORATORY LLC,JOHNS HOPKINS UNIVERSITY,USA,MD,HOWARD,LAUREL,MD-03,MD-03,207236005,UNITED STATES,MARYLAND,HOWARD,MD-03,MD-03,207236099,,,AR11,"SPACE R&D SERVICES; SPACE FLIGHT, RESEARCH AND SUPPORTING ACTIVITIES; BASIC RESEARCH",541715,"RESEARCH AND DEVELOPMENT IN THE PHYSICAL, ENGINEERING, AND LIFE SCIENCES (EXCEPT NANOTECHNOLOGY AND BIOTECHNOLOGY)",,,https://www.usaspending.gov/award/CONT_AWD_80MSFC20F0178_8000_80MSFC20D0004_8000/,2023-01-31
National Aeronautics and Space Administration,National Aeronautics and Space Administration,FY2023P04,,080,2023,2024,,0120,000,080-2023/2024-0120-000,"Science, National Aeronautics and Space Administration",National Aeronautics and Space Administration,,"General Science, Space, and Technology","Space flight, research, and supporting activities",080-0120,"Science, National Aeronautics and Space Administration",0001,SCIENCE (DIRECT),25.5,Research and development contracts,D,Q,Not Designated Nonemergency/Emergency/Disaster/Wildfire Suppression,931000.00,,,,CONT_AWD_80MSFC20F0178_8000_80MSFC20D0004_8000,80MSFC20F0178,80MSFC20D0004,,,2020-07-23,2020,2025-12-17,2026,2020-08-01,2028-09-30,,C,DELIVERY ORDER,,,THERMOSPHERE IONOSPHERE MESOSPHERE ENERGETICS AND DYNAMICS (TIMED) MISSION PHASE E (FOLLOW ON FROM ARDES I BASIC NNN06AA01C TASK ORDER NNN13AA06C),080,NATIONAL AERONAUTICS AND SPACE ADMINISTRATION (NASA),8000,NATIONAL AERONAUTICS AND SPACE ADMINISTRATION,80MSFC,NASA MARSHALL SPACE FLIGHT CENTER,080,NATIONAL AERONAUTICS AND SPACE ADMINISTRATION (NASA),8000,NATIONAL AERONAUTICS AND SPACE ADMINISTRATION,80MSFC,NASA MARSHALL SPACE FLIGHT CENTER,C1HBCJ9RMBV3,,THE JOHNS HOPKINS UNIVERSITY APPLIED PHYSICS LABORATORY LLC,"JOHNS HOPKINS UNIVERSITY APPLIED PHYSICS LABORATORY LLC, THE",C1HBCJ9RMBV3,C1HBCJ9RMBV3,THE JOHNS HOPKINS UNIVERSITY APPLIED PHYSICS LABORATORY LLC,JOHNS HOPKINS UNIVERSITY,USA,MD,HOWARD,LAUREL,MD-03,MD-03,207236005,UNITED STATES,MARYLAND,HOWARD,MD-03,MD-03,207236099,,,AR11,"SPACE R&D SERVICES; SPACE FLIGHT, RESEARCH AND SUPPORTING ACTIVITIES; BASIC RESEARCH",541715,"RESEARCH AND DEVELOPMENT IN THE PHYSICAL, ENGINEERING, AND LIFE SCIENCES (EXCEPT NANOTECHNOLOGY AND BIOTECHNOLOGY)",,,https://www.usaspending.gov/award/CONT_AWD_80MSFC20F0178_8000_80MSFC20D0004_8000/,2023-02-23
National Aeronautics and Space Administration,National Aeronautics and Space Administration,FY2023P04,,080,2022,2023,,0120,000,080-2022/2023-0120-000,"Science, National Aeronautics and Space Administration",National Aeronautics and Space Administration,,"General Science, Space, and Technology","Space flight, research, and supporting activities",080-0120,"Science, National Aeronautics and Space Administration",0001,SCIENCE (DIRECT),25.5,Research and development contracts,D,Q,Not Designated Nonemergency/Emergency/Disaster/Wildfire Suppression,,467623.69,,,CONT_AWD_80MSFC20F0178_8000_80MSFC20D0004_8000,80MSFC20F0178,80MSFC20D0004,,,2020-07-23,2020,2025-12-17,2026,2020-08-01,2028-09-30,,C,DELIVERY ORDER,,,THERMOSPHERE IONOSPHERE MESOSPHERE ENERGETICS AND DYNAMICS (TIMED) MISSION PHASE E (FOLLOW ON FROM ARDES I BASIC NNN06AA01C TASK ORDER NNN13AA06C),080,NATIONAL AERONAUTICS AND SPACE ADMINISTRATION (NASA),8000,NATIONAL AERONAUTICS AND SPACE ADMINISTRATION,80MSFC,NASA MARSHALL SPACE FLIGHT CENTER,080,NATIONAL AERONAUTICS AND SPACE ADMINISTRATION (NASA),8000,NATIONAL AERONAUTICS AND SPACE ADMINISTRATION,80MSFC,NASA MARSHALL SPACE FLIGHT CENTER,C1HBCJ9RMBV3,,THE JOHNS HOPKINS UNIVERSITY APPLIED PHYSICS LABORATORY LLC,"JOHNS HOPKINS UNIVERSITY APPLIED PHYSICS LABORATORY LLC, THE",C1HBCJ9RMBV3,C1HBCJ9RMBV3,THE JOHNS HOPKINS UNIVERSITY APPLIED PHYSICS LABORATORY LLC,JOHNS HOPKINS UNIVERSITY,USA,MD,HOWARD,LAUREL,MD-03,MD-03,207236005,UNITED STATES,MARYLAND,HOWARD,MD-03,MD-03,207236099,,,AR11,"SPACE R&D SERVICES; SPACE FLIGHT, RESEARCH AND SUPPORTING ACTIVITIES; BASIC RESEARCH",541715,"RESEARCH AND DEVELOPMENT IN THE PHYSICAL, ENGINEERING, AND LIFE SCIENCES (EXCEPT NANOTECHNOLOGY AND BIOTECHNOLOGY)",,,https://www.usaspending.gov/award/CONT_AWD_80MSFC20F0178_8000_80MSFC20D0004_8000/,2023-02-23
National Aeronautics and Space Administration,National Aeronautics and Space Administration,FY2023P04,,080,2021,2022,,0120,000,080-2021/2022-0120-000,"Science, National Aeronautics and Space Administration",National Aeronautics and Space Administration,,"General Science, Space, and Technology","Space flight, research, and supporting activities",080-0120,"Science, National Aeronautics and Space Administration",0001,SCIENCE (DIRECT),25.5,Research and development contracts,D,Q,Not Designated Nonemergency/Emergency/Disaster/Wildfire Suppression,,34000.00,,,CONT_AWD_80MSFC20F0178_8000_80MSFC20D0004_8000,80MSFC20F0178,80MSFC20D0004,,,2020-07-23,2020,2025-12-17,2026,2020-08-01,2028-09-30,,C,DELIVERY ORDER,,,THERMOSPHERE IONOSPHERE MESOSPHERE ENERGETICS AND DYNAMICS (TIMED) MISSION PHASE E (FOLLOW ON FROM ARDES I BASIC NNN06AA01C TASK ORDER NNN13AA06C),080,NATIONAL AERONAUTICS AND SPACE ADMINISTRATION (NASA),8000,NATIONAL AERONAUTICS AND SPACE ADMINISTRATION,80MSFC,NASA MARSHALL SPACE FLIGHT CENTER,080,NATIONAL AERONAUTICS AND SPACE ADMINISTRATION (NASA),8000,NATIONAL AERONAUTICS AND SPACE ADMINISTRATION,80MSFC,NASA MARSHALL SPACE FLIGHT CENTER,C1HBCJ9RMBV3,,THE JOHNS HOPKINS UNIVERSITY APPLIED PHYSICS LABORATORY LLC,"JOHNS HOPKINS UNIVERSITY APPLIED PHYSICS LABORATORY LLC, THE",C1HBCJ9RMBV3,C1HBCJ9RMBV3,THE JOHNS HOPKINS UNIVERSITY APPLIED PHYSICS LABORATORY LLC,JOHNS HOPKINS UNIVERSITY,USA,MD,HOWARD,LAUREL,MD-03,MD-03,207236005,UNITED STATES,MARYLAND,HOWARD,MD-03,MD-03,207236099,,,AR11,"SPACE R&D SERVICES; SPACE FLIGHT, RESEARCH AND SUPPORTING ACTIVITIES; BASIC RESEARCH",541715,"RESEARCH AND DEVELOPMENT IN THE PHYSICAL, ENGINEERING, AND LIFE SCIENCES (EXCEPT NANOTECHNOLOGY AND BIOTECHNOLOGY)",,,https://www.usaspending.gov/award/CONT_AWD_80MSFC20F0178_8000_80MSFC20D0004_8000/,2023-02-23
National Aeronautics and Space Administration,National Aeronautics and Space Administration,FY2023P05,,080,2022,2023,,0120,000,080-2022/2023-0120-000,"Science, National Aeronautics and Space Administration",National Aeronautics and Space Administration,,"General Science, Space, and Technology","Space flight, research, and supporting activities",080-0120,"Science, National Aeronautics and Space Administration",0001,SCIENCE (DIRECT),25.5,Research and development contracts,D,Q,Not Designated Nonemergency/Emergency/Disaster/Wildfire Suppression,,569925.69,,,CONT_AWD_80MSFC20F0178_8000_80MSFC20D0004_8000,80MSFC20F0178,80MSFC20D0004,,,2020-07-23,2020,2025-12-17,2026,2020-08-01,2028-09-30,,C,DELIVERY ORDER,,,THERMOSPHERE IONOSPHERE MESOSPHERE ENERGETICS AND DYNAMICS (TIMED) MISSION PHASE E (FOLLOW ON FROM ARDES I BASIC NNN06AA01C TASK ORDER NNN13AA06C),080,NATIONAL AERONAUTICS AND SPACE ADMINISTRATION (NASA),8000,NATIONAL AERONAUTICS AND SPACE ADMINISTRATION,80MSFC,NASA MARSHALL SPACE FLIGHT CENTER,080,NATIONAL AERONAUTICS AND SPACE ADMINISTRATION (NASA),8000,NATIONAL AERONAUTICS AND SPACE ADMINISTRATION,80MSFC,NASA MARSHALL SPACE FLIGHT CENTER,C1HBCJ9RMBV3,,THE JOHNS HOPKINS UNIVERSITY APPLIED PHYSICS LABORATORY LLC,"JOHNS HOPKINS UNIVERSITY APPLIED PHYSICS LABORATORY LLC, THE",C1HBCJ9RMBV3,C1HBCJ9RMBV3,THE JOHNS HOPKINS UNIVERSITY APPLIED PHYSICS LABORATORY LLC,JOHNS HOPKINS UNIVERSITY,USA,MD,HOWARD,LAUREL,MD-03,MD-03,207236005,UNITED STATES,MARYLAND,HOWARD,MD-03,MD-03,207236099,,,AR11,"SPACE R&D SERVICES; SPACE FLIGHT, RESEARCH AND SUPPORTING ACTIVITIES; BASIC RESEARCH",541715,"RESEARCH AND DEVELOPMENT IN THE PHYSICAL, ENGINEERING, AND LIFE SCIENCES (EXCEPT NANOTECHNOLOGY AND BIOTECHNOLOGY)",,,https://www.usaspending.gov/award/CONT_AWD_80MSFC20F0178_8000_80MSFC20D0004_8000/,2023-03-27
National Aeronautics and Space Administration,National Aeronautics and Space Administration,FY2023P05,,080,2021,2022,,0120,000,080-2021/2022-0120-000,"Science, National Aeronautics and Space Administration",National Aeronautics and Space Administration,,"General Science, Space, and Technology","Space flight, research, and supporting activities",080-0120,"Science, National Aeronautics and Space Administration",0001,SCIENCE (DIRECT),25.5,Research and development contracts,D,Q,Not Designated Nonemergency/Emergency/Disaster/Wildfire Suppression,,34000.00,,,CONT_AWD_80MSFC20F0178_8000_80MSFC20D0004_8000,80MSFC20F0178,80MSFC20D0004,,,2020-07-23,2020,2025-12-17,2026,2020-08-01,2028-09-30,,C,DELIVERY ORDER,,,THERMOSPHERE IONOSPHERE MESOSPHERE ENERGETICS AND DYNAMICS (TIMED) MISSION PHASE E (FOLLOW ON FROM ARDES I BASIC NNN06AA01C TASK ORDER NNN13AA06C),080,NATIONAL AERONAUTICS AND SPACE ADMINISTRATION (NASA),8000,NATIONAL AERONAUTICS AND SPACE ADMINISTRATION,80MSFC,NASA MARSHALL SPACE FLIGHT CENTER,080,NATIONAL AERONAUTICS AND SPACE ADMINISTRATION (NASA),8000,NATIONAL AERONAUTICS AND SPACE ADMINISTRATION,80MSFC,NASA MARSHALL SPACE FLIGHT CENTER,C1HBCJ9RMBV3,,THE JOHNS HOPKINS UNIVERSITY APPLIED PHYSICS LABORATORY LLC,"JOHNS HOPKINS UNIVERSITY APPLIED PHYSICS LABORATORY LLC, THE",C1HBCJ9RMBV3,C1HBCJ9RMBV3,THE JOHNS HOPKINS UNIVERSITY APPLIED PHYSICS LABORATORY LLC,JOHNS HOPKINS UNIVERSITY,USA,MD,HOWARD,LAUREL,MD-03,MD-03,207236005,UNITED STATES,MARYLAND,HOWARD,MD-03,MD-03,207236099,,,AR11,"SPACE R&D SERVICES; SPACE FLIGHT, RESEARCH AND SUPPORTING ACTIVITIES; BASIC RESEARCH",541715,"RESEARCH AND DEVELOPMENT IN THE PHYSICAL, ENGINEERING, AND LIFE SCIENCES (EXCEPT NANOTECHNOLOGY AND BIOTECHNOLOGY)",,,https://www.usaspending.gov/award/CONT_AWD_80MSFC20F0178_8000_80MSFC20D0004_8000/,2023-03-27
National Aeronautics and Space Administration,National Aeronautics and Space Administration,FY2023P06,,080,2022,2023,,0120,000,080-2022/2023-0120-000,"Science, National Aeronautics and Space Administration",National Aeronautics and Space Administration,,"General Science, Space, and Technology","Space flight, research, and supporting activities",080-0120,"Science, National Aeronautics and Space Administration",0001,SCIENCE (DIRECT),25.5,Research and development contracts,D,Q,Not Designated Nonemergency/Emergency/Disaster/Wildfire Suppression,,718356.08,,,CONT_AWD_80MSFC20F0178_8000_80MSFC20D0004_8000,80MSFC20F0178,80MSFC20D0004,,,2020-07-23,2020,2025-12-17,2026,2020-08-01,2028-09-30,,C,DELIVERY ORDER,,,THERMOSPHERE IONOSPHERE MESOSPHERE ENERGETICS AND DYNAMICS (TIMED) MISSION PHASE E (FOLLOW ON FROM ARDES I BASIC NNN06AA01C TASK ORDER NNN13AA06C),080,NATIONAL AERONAUTICS AND SPACE ADMINISTRATION (NASA),8000,NATIONAL AERONAUTICS AND SPACE ADMINISTRATION,80MSFC,NASA MARSHALL SPACE FLIGHT CENTER,080,NATIONAL AERONAUTICS AND SPACE ADMINISTRATION (NASA),8000,NATIONAL AERONAUTICS AND SPACE ADMINISTRATION,80MSFC,NASA MARSHALL SPACE FLIGHT CENTER,C1HBCJ9RMBV3,,THE JOHNS HOPKINS UNIVERSITY APPLIED PHYSICS LABORATORY LLC,"JOHNS HOPKINS UNIVERSITY APPLIED PHYSICS LABORATORY LLC, THE",C1HBCJ9RMBV3,C1HBCJ9RMBV3,THE JOHNS HOPKINS UNIVERSITY APPLIED PHYSICS LABORATORY LLC,JOHNS HOPKINS UNIVERSITY,USA,MD,HOWARD,LAUREL,MD-03,MD-03,207236005,UNITED STATES,MARYLAND,HOWARD,MD-03,MD-03,207236099,,,AR11,"SPACE R&D SERVICES; SPACE FLIGHT, RESEARCH AND SUPPORTING ACTIVITIES; BASIC RESEARCH",541715,"RESEARCH AND DEVELOPMENT IN THE PHYSICAL, ENGINEERING, AND LIFE SCIENCES (EXCEPT NANOTECHNOLOGY AND BIOTECHNOLOGY)",,,https://www.usaspending.gov/award/CONT_AWD_80MSFC20F0178_8000_80MSFC20D0004_8000/,2023-04-27
National Aeronautics and Space Administration,National Aeronautics and Space Administration,FY2023P06,,080,2021,2022,,0120,000,080-2021/2022-0120-000,"Science, National Aeronautics and Space Administration",National Aeronautics and Space Administration,,"General Science, Space, and Technology","Space flight, research, and supporting activities",080-0120,"Science, National Aeronautics and Space Administration",0001,SCIENCE (DIRECT),25.5,Research and development contracts,D,Q,Not Designated Nonemergency/Emergency/Disaster/Wildfire Suppression,,34000.00,,,CONT_AWD_80MSFC20F0178_8000_80MSFC20D0004_8000,80MSFC20F0178,80MSFC20D0004,,,2020-07-23,2020,2025-12-17,2026,2020-08-01,2028-09-30,,C,DELIVERY ORDER,,,THERMOSPHERE IONOSPHERE MESOSPHERE ENERGETICS AND DYNAMICS (TIMED) MISSION PHASE E (FOLLOW ON FROM ARDES I BASIC NNN06AA01C TASK ORDER NNN13AA06C),080,NATIONAL AERONAUTICS AND SPACE ADMINISTRATION (NASA),8000,NATIONAL AERONAUTICS AND SPACE ADMINISTRATION,80MSFC,NASA MARSHALL SPACE FLIGHT CENTER,080,NATIONAL AERONAUTICS AND SPACE ADMINISTRATION (NASA),8000,NATIONAL AERONAUTICS AND SPACE ADMINISTRATION,80MSFC,NASA MARSHALL SPACE FLIGHT CENTER,C1HBCJ9RMBV3,,THE JOHNS HOPKINS UNIVERSITY APPLIED PHYSICS LABORATORY LLC,"JOHNS HOPKINS UNIVERSITY APPLIED PHYSICS LABORATORY LLC, THE",C1HBCJ9RMBV3,C1HBCJ9RMBV3,THE JOHNS HOPKINS UNIVERSITY APPLIED PHYSICS LABORATORY LLC,JOHNS HOPKINS UNIVERSITY,USA,MD,HOWARD,LAUREL,MD-03,MD-03,207236005,UNITED STATES,MARYLAND,HOWARD,MD-03,MD-03,207236099,,,AR11,"SPACE R&D SERVICES; SPACE FLIGHT, RESEARCH AND SUPPORTING ACTIVITIES; BASIC RESEARCH",541715,"RESEARCH AND DEVELOPMENT IN THE PHYSICAL, ENGINEERING, AND LIFE SCIENCES (EXCEPT NANOTECHNOLOGY AND BIOTECHNOLOGY)",,,https://www.usaspending.gov/award/CONT_AWD_80MSFC20F0178_8000_80MSFC20D0004_8000/,2023-04-27
National Aeronautics and Space Administration,National Aeronautics and Space Administration,FY2023P07,,080,2022,2023,,0120,000,080-2022/2023-0120-000,"Science, National Aeronautics and Space Administration",National Aeronautics and Space Administration,,"General Science, Space, and Technology","Space flight, research, and supporting activities",080-0120,"Science, National Aeronautics and Space Administration",0001,SCIENCE (DIRECT),25.5,Research and development contracts,D,Q,Not Designated Nonemergency/Emergency/Disaster/Wildfire Suppression,,919799.19,,,CONT_AWD_80MSFC20F0178_8000_80MSFC20D0004_8000,80MSFC20F0178,80MSFC20D0004,,,2020-07-23,2020,2025-12-17,2026,2020-08-01,2028-09-30,,C,DELIVERY ORDER,,,THERMOSPHERE IONOSPHERE MESOSPHERE ENERGETICS AND DYNAMICS (TIMED) MISSION PHASE E (FOLLOW ON FROM ARDES I BASIC NNN06AA01C TASK ORDER NNN13AA06C),080,NATIONAL AERONAUTICS AND SPACE ADMINISTRATION (NASA),8000,NATIONAL AERONAUTICS AND SPACE ADMINISTRATION,80MSFC,NASA MARSHALL SPACE FLIGHT CENTER,080,NATIONAL AERONAUTICS AND SPACE ADMINISTRATION (NASA),8000,NATIONAL AERONAUTICS AND SPACE ADMINISTRATION,80MSFC,NASA MARSHALL SPACE FLIGHT CENTER,C1HBCJ9RMBV3,,THE JOHNS HOPKINS UNIVERSITY APPLIED PHYSICS LABORATORY LLC,"JOHNS HOPKINS UNIVERSITY APPLIED PHYSICS LABORATORY LLC, THE",C1HBCJ9RMBV3,C1HBCJ9RMBV3,THE JOHNS HOPKINS UNIVERSITY APPLIED PHYSICS LABORATORY LLC,JOHNS HOPKINS UNIVERSITY,USA,MD,HOWARD,LAUREL,MD-03,MD-03,207236005,UNITED STATES,MARYLAND,HOWARD,MD-03,MD-03,207236099,,,AR11,"SPACE R&D SERVICES; SPACE FLIGHT, RESEARCH AND SUPPORTING ACTIVITIES; BASIC RESEARCH",541715,"RESEARCH AND DEVELOPMENT IN THE PHYSICAL, ENGINEERING, AND LIFE SCIENCES (EXCEPT NANOTECHNOLOGY AND BIOTECHNOLOGY)",,,https://www.usaspending.gov/award/CONT_AWD_80MSFC20F0178_8000_80MSFC20D0004_8000/,2023-05-28
National Aeronautics and Space Administration,National Aeronautics and Space Administration,FY2023P07,,080,2021,2022,,0120,000,080-2021/2022-0120-000,"Science, National Aeronautics and Space Administration",National Aeronautics and Space Administration,,"General Science, Space, and Technology","Space flight, research, and supporting activities",080-0120,"Science, National Aeronautics and Space Administration",0001,SCIENCE (DIRECT),25.5,Research and development contracts,D,Q,Not Designated Nonemergency/Emergency/Disaster/Wildfire Suppression,,34000.00,,,CONT_AWD_80MSFC20F0178_8000_80MSFC20D0004_8000,80MSFC20F0178,80MSFC20D0004,,,2020-07-23,2020,2025-12-17,2026,2020-08-01,2028-09-30,,C,DELIVERY ORDER,,,THERMOSPHERE IONOSPHERE MESOSPHERE ENERGETICS AND DYNAMICS (TIMED) MISSION PHASE E (FOLLOW ON FROM ARDES I BASIC NNN06AA01C TASK ORDER NNN13AA06C),080,NATIONAL AERONAUTICS AND SPACE ADMINISTRATION (NASA),8000,NATIONAL AERONAUTICS AND SPACE ADMINISTRATION,80MSFC,NASA MARSHALL SPACE FLIGHT CENTER,080,NATIONAL AERONAUTICS AND SPACE ADMINISTRATION (NASA),8000,NATIONAL AERONAUTICS AND SPACE ADMINISTRATION,80MSFC,NASA MARSHALL SPACE FLIGHT CENTER,C1HBCJ9RMBV3,,THE JOHNS HOPKINS UNIVERSITY APPLIED PHYSICS LABORATORY LLC,"JOHNS HOPKINS UNIVERSITY APPLIED PHYSICS LABORATORY LLC, THE",C1HBCJ9RMBV3,C1HBCJ9RMBV3,THE JOHNS HOPKINS UNIVERSITY APPLIED PHYSICS LABORATORY LLC,JOHNS HOPKINS UNIVERSITY,USA,MD,HOWARD,LAUREL,MD-03,MD-03,207236005,UNITED STATES,MARYLAND,HOWARD,MD-03,MD-03,207236099,,,AR11,"SPACE R&D SERVICES; SPACE FLIGHT, RESEARCH AND SUPPORTING ACTIVITIES; BASIC RESEARCH",541715,"RESEARCH AND DEVELOPMENT IN THE PHYSICAL, ENGINEERING, AND LIFE SCIENCES (EXCEPT NANOTECHNOLOGY AND BIOTECHNOLOGY)",,,https://www.usaspending.gov/award/CONT_AWD_80MSFC20F0178_8000_80MSFC20D0004_8000/,2023-05-28
National Aeronautics and Space Administration,National Aeronautics and Space Administration,FY2023P08,,080,2023,2024,,0120,000,080-2023/2024-0120-000,"Science, National Aeronautics and Space Administration",National Aeronautics and Space Administration,,"General Science, Space, and Technology","Space flight, research, and supporting activities",080-0120,"Science, National Aeronautics and Space Administration",0001,SCIENCE (DIRECT),25.5,Research and development contracts,D,Q,Not Designated Nonemergency/Emergency/Disaster/Wildfire Suppression,,132751.44,,,CONT_AWD_80MSFC20F0178_8000_80MSFC20D0004_8000,80MSFC20F0178,80MSFC20D0004,,,2020-07-23,2020,2025-12-17,2026,2020-08-01,2028-09-30,,C,DELIVERY ORDER,,,THERMOSPHERE IONOSPHERE MESOSPHERE ENERGETICS AND DYNAMICS (TIMED) MISSION PHASE E (FOLLOW ON FROM ARDES I BASIC NNN06AA01C TASK ORDER NNN13AA06C),080,NATIONAL AERONAUTICS AND SPACE ADMINISTRATION (NASA),8000,NATIONAL AERONAUTICS AND SPACE ADMINISTRATION,80MSFC,NASA MARSHALL SPACE FLIGHT CENTER,080,NATIONAL AERONAUTICS AND SPACE ADMINISTRATION (NASA),8000,NATIONAL AERONAUTICS AND SPACE ADMINISTRATION,80MSFC,NASA MARSHALL SPACE FLIGHT CENTER,C1HBCJ9RMBV3,,THE JOHNS HOPKINS UNIVERSITY APPLIED PHYSICS LABORATORY LLC,"JOHNS HOPKINS UNIVERSITY APPLIED PHYSICS LABORATORY LLC, THE",C1HBCJ9RMBV3,C1HBCJ9RMBV3,THE JOHNS HOPKINS UNIVERSITY APPLIED PHYSICS LABORATORY LLC,JOHNS HOPKINS UNIVERSITY,USA,MD,HOWARD,LAUREL,MD-03,MD-03,207236005,UNITED STATES,MARYLAND,HOWARD,MD-03,MD-03,207236099,,,AR11,"SPACE R&D SERVICES; SPACE FLIGHT, RESEARCH AND SUPPORTING ACTIVITIES; BASIC RESEARCH",541715,"RESEARCH AND DEVELOPMENT IN THE PHYSICAL, ENGINEERING, AND LIFE SCIENCES (EXCEPT NANOTECHNOLOGY AND BIOTECHNOLOGY)",,,https://www.usaspending.gov/award/CONT_AWD_80MSFC20F0178_8000_80MSFC20D0004_8000/,2023-06-28
National Aeronautics and Space Administration,National Aeronautics and Space Administration,FY2023P08,,080,2022,2023,,0120,000,080-2022/2023-0120-000,"Science, National Aeronautics and Space Administration",National Aeronautics and Space Administration,,"General Science, Space, and Technology","Space flight, research, and supporting activities",080-0120,"Science, National Aeronautics and Space Administration",0001,SCIENCE (DIRECT),25.5,Research and development contracts,D,Q,Not Designated Nonemergency/Emergency/Disaster/Wildfire Suppression,,962608.97,,,CONT_AWD_80MSFC20F0178_8000_80MSFC20D0004_8000,80MSFC20F0178,80MSFC20D0004,,,2020-07-23,2020,2025-12-17,2026,2020-08-01,2028-09-30,,C,DELIVERY ORDER,,,THERMOSPHERE IONOSPHERE MESOSPHERE ENERGETICS AND DYNAMICS (TIMED) MISSION PHASE E (FOLLOW ON FROM ARDES I BASIC NNN06AA01C TASK ORDER NNN13AA06C),080,NATIONAL AERONAUTICS AND SPACE ADMINISTRATION (NASA),8000,NATIONAL AERONAUTICS AND SPACE ADMINISTRATION,80MSFC,NASA MARSHALL SPACE FLIGHT CENTER,080,NATIONAL AERONAUTICS AND SPACE ADMINISTRATION (NASA),8000,NATIONAL AERONAUTICS AND SPACE ADMINISTRATION,80MSFC,NASA MARSHALL SPACE FLIGHT CENTER,C1HBCJ9RMBV3,,THE JOHNS HOPKINS UNIVERSITY APPLIED PHYSICS LABORATORY LLC,"JOHNS HOPKINS UNIVERSITY APPLIED PHYSICS LABORATORY LLC, THE",C1HBCJ9RMBV3,C1HBCJ9RMBV3,THE JOHNS HOPKINS UNIVERSITY APPLIED PHYSICS LABORATORY LLC,JOHNS HOPKINS UNIVERSITY,USA,MD,HOWARD,LAUREL,MD-03,MD-03,207236005,UNITED STATES,MARYLAND,HOWARD,MD-03,MD-03,207236099,,,AR11,"SPACE R&D SERVICES; SPACE FLIGHT, RESEARCH AND SUPPORTING ACTIVITIES; BASIC RESEARCH",541715,"RESEARCH AND DEVELOPMENT IN THE PHYSICAL, ENGINEERING, AND LIFE SCIENCES (EXCEPT NANOTECHNOLOGY AND BIOTECHNOLOGY)",,,https://www.usaspending.gov/award/CONT_AWD_80MSFC20F0178_8000_80MSFC20D0004_8000/,2023-06-28
National Aeronautics and Space Administration,National Aeronautics and Space Administration,FY2023P08,,080,2021,2022,,0120,000,080-2021/2022-0120-000,"Science, National Aeronautics and Space Administration",National Aeronautics and Space Administration,,"General Science, Space, and Technology","Space flight, research, and supporting activities",080-0120,"Science, National Aeronautics and Space Administration",0001,SCIENCE (DIRECT),25.5,Research and development contracts,D,Q,Not Designated Nonemergency/Emergency/Disaster/Wildfire Suppression,,34000.00,,,CONT_AWD_80MSFC20F0178_8000_80MSFC20D0004_8000,80MSFC20F0178,80MSFC20D0004,,,2020-07-23,2020,2025-12-17,2026,2020-08-01,2028-09-30,,C,DELIVERY ORDER,,,THERMOSPHERE IONOSPHERE MESOSPHERE ENERGETICS AND DYNAMICS (TIMED) MISSION PHASE E (FOLLOW ON FROM ARDES I BASIC NNN06AA01C TASK ORDER NNN13AA06C),080,NATIONAL AERONAUTICS AND SPACE ADMINISTRATION (NASA),8000,NATIONAL AERONAUTICS AND SPACE ADMINISTRATION,80MSFC,NASA MARSHALL SPACE FLIGHT CENTER,080,NATIONAL AERONAUTICS AND SPACE ADMINISTRATION (NASA),8000,NATIONAL AERONAUTICS AND SPACE ADMINISTRATION,80MSFC,NASA MARSHALL SPACE FLIGHT CENTER,C1HBCJ9RMBV3,,THE JOHNS HOPKINS UNIVERSITY APPLIED PHYSICS LABORATORY LLC,"JOHNS HOPKINS UNIVERSITY APPLIED PHYSICS LABORATORY LLC, THE",C1HBCJ9RMBV3,C1HBCJ9RMBV3,THE JOHNS HOPKINS UNIVERSITY APPLIED PHYSICS LABORATORY LLC,JOHNS HOPKINS UNIVERSITY,USA,MD,HOWARD,LAUREL,MD-03,MD-03,207236005,UNITED STATES,MARYLAND,HOWARD,MD-03,MD-03,207236099,,,AR11,"SPACE R&D SERVICES; SPACE FLIGHT, RESEARCH AND SUPPORTING ACTIVITIES; BASIC RESEARCH",541715,"RESEARCH AND DEVELOPMENT IN THE PHYSICAL, ENGINEERING, AND LIFE SCIENCES (EXCEPT NANOTECHNOLOGY AND BIOTECHNOLOGY)",,,https://www.usaspending.gov/award/CONT_AWD_80MSFC20F0178_8000_80MSFC20D0004_8000/,2023-06-28
National Aeronautics and Space Administration,National Aeronautics and Space Administration,FY2023P09,,080,2023,2024,,0120,000,080-2023/2024-0120-000,"Science, National Aeronautics and Space Administration",National Aeronautics and Space Administration,,"General Science, Space, and Technology","Space flight, research, and supporting activities",080-0120,"Science, National Aeronautics and Space Administration",0001,SCIENCE (DIRECT),25.5,Research and development contracts,D,Q,Not Designated Nonemergency/Emergency/Disaster/Wildfire Suppression,,267671.65,,,CONT_AWD_80MSFC20F0178_8000_80MSFC20D0004_8000,80MSFC20F0178,80MSFC20D0004,,,2020-07-23,2020,2025-12-17,2026,2020-08-01,2028-09-30,,C,DELIVERY ORDER,,,THERMOSPHERE IONOSPHERE MESOSPHERE ENERGETICS AND DYNAMICS (TIMED) MISSION PHASE E (FOLLOW ON FROM ARDES I BASIC NNN06AA01C TASK ORDER NNN13AA06C),080,NATIONAL AERONAUTICS AND SPACE ADMINISTRATION (NASA),8000,NATIONAL AERONAUTICS AND SPACE ADMINISTRATION,80MSFC,NASA MARSHALL SPACE FLIGHT CENTER,080,NATIONAL AERONAUTICS AND SPACE ADMINISTRATION (NASA),8000,NATIONAL AERONAUTICS AND SPACE ADMINISTRATION,80MSFC,NASA MARSHALL SPACE FLIGHT CENTER,C1HBCJ9RMBV3,,THE JOHNS HOPKINS UNIVERSITY APPLIED PHYSICS LABORATORY LLC,"JOHNS HOPKINS UNIVERSITY APPLIED PHYSICS LABORATORY LLC, THE",C1HBCJ9RMBV3,C1HBCJ9RMBV3,THE JOHNS HOPKINS UNIVERSITY APPLIED PHYSICS LABORATORY LLC,JOHNS HOPKINS UNIVERSITY,USA,MD,HOWARD,LAUREL,MD-03,MD-03,207236005,UNITED STATES,MARYLAND,HOWARD,MD-03,MD-03,207236099,,,AR11,"SPACE R&D SERVICES; SPACE FLIGHT, RESEARCH AND SUPPORTING ACTIVITIES; BASIC RESEARCH",541715,"RESEARCH AND DEVELOPMENT IN THE PHYSICAL, ENGINEERING, AND LIFE SCIENCES (EXCEPT NANOTECHNOLOGY AND BIOTECHNOLOGY)",,,https://www.usaspending.gov/award/CONT_AWD_80MSFC20F0178_8000_80MSFC20D0004_8000/,2023-07-28
National Aeronautics and Space Administration,National Aeronautics and Space Administration,FY2023P09,,080,2022,2023,,0120,000,080-2022/2023-0120-000,"Science, National Aeronautics and Space Administration",National Aeronautics and Space Administration,,"General Science, Space, and Technology","Space flight, research, and supporting activities",080-0120,"Science, National Aeronautics and Space Administration",0001,SCIENCE (DIRECT),25.5,Research and development contracts,D,Q,Not Designated Nonemergency/Emergency/Disaster/Wildfire Suppression,,962608.97,,,CONT_AWD_80MSFC20F0178_8000_80MSFC20D0004_8000,80MSFC20F0178,80MSFC20D0004,,,2020-07-23,2020,2025-12-17,2026,2020-08-01,2028-09-30,,C,DELIVERY ORDER,,,THERMOSPHERE IONOSPHERE MESOSPHERE ENERGETICS AND DYNAMICS (TIMED) MISSION PHASE E (FOLLOW ON FROM ARDES I BASIC NNN06AA01C TASK ORDER NNN13AA06C),080,NATIONAL AERONAUTICS AND SPACE ADMINISTRATION (NASA),8000,NATIONAL AERONAUTICS AND SPACE ADMINISTRATION,80MSFC,NASA MARSHALL SPACE FLIGHT CENTER,080,NATIONAL AERONAUTICS AND SPACE ADMINISTRATION (NASA),8000,NATIONAL AERONAUTICS AND SPACE ADMINISTRATION,80MSFC,NASA MARSHALL SPACE FLIGHT CENTER,C1HBCJ9RMBV3,,THE JOHNS HOPKINS UNIVERSITY APPLIED PHYSICS LABORATORY LLC,"JOHNS HOPKINS UNIVERSITY APPLIED PHYSICS LABORATORY LLC, THE",C1HBCJ9RMBV3,C1HBCJ9RMBV3,THE JOHNS HOPKINS UNIVERSITY APPLIED PHYSICS LABORATORY LLC,JOHNS HOPKINS UNIVERSITY,USA,MD,HOWARD,LAUREL,MD-03,MD-03,207236005,UNITED STATES,MARYLAND,HOWARD,MD-03,MD-03,207236099,,,AR11,"SPACE R&D SERVICES; SPACE FLIGHT, RESEARCH AND SUPPORTING ACTIVITIES; BASIC RESEARCH",541715,"RESEARCH AND DEVELOPMENT IN THE PHYSICAL, ENGINEERING, AND LIFE SCIENCES (EXCEPT NANOTECHNOLOGY AND BIOTECHNOLOGY)",,,https://www.usaspending.gov/award/CONT_AWD_80MSFC20F0178_8000_80MSFC20D0004_8000/,2023-07-28
National Aeronautics and Space Administration,National Aeronautics and Space Administration,FY2023P09,,080,2021,2022,,0120,000,080-2021/2022-0120-000,"Science, National Aeronautics and Space Administration",National Aeronautics and Space Administration,,"General Science, Space, and Technology","Space flight, research, and supporting activities",080-0120,"Science, National Aeronautics and Space Administration",0001,SCIENCE (DIRECT),25.5,Research and development contracts,D,Q,Not Designated Nonemergency/Emergency/Disaster/Wildfire Suppression,,34000.00,,,CONT_AWD_80MSFC20F0178_8000_80MSFC20D0004_8000,80MSFC20F0178,80MSFC20D0004,,,2020-07-23,2020,2025-12-17,2026,2020-08-01,2028-09-30,,C,DELIVERY ORDER,,,THERMOSPHERE IONOSPHERE MESOSPHERE ENERGETICS AND DYNAMICS (TIMED) MISSION PHASE E (FOLLOW ON FROM ARDES I BASIC NNN06AA01C TASK ORDER NNN13AA06C),080,NATIONAL AERONAUTICS AND SPACE ADMINISTRATION (NASA),8000,NATIONAL AERONAUTICS AND SPACE ADMINISTRATION,80MSFC,NASA MARSHALL SPACE FLIGHT CENTER,080,NATIONAL AERONAUTICS AND SPACE ADMINISTRATION (NASA),8000,NATIONAL AERONAUTICS AND SPACE ADMINISTRATION,80MSFC,NASA MARSHALL SPACE FLIGHT CENTER,C1HBCJ9RMBV3,,THE JOHNS HOPKINS UNIVERSITY APPLIED PHYSICS LABORATORY LLC,"JOHNS HOPKINS UNIVERSITY APPLIED PHYSICS LABORATORY LLC, THE",C1HBCJ9RMBV3,C1HBCJ9RMBV3,THE JOHNS HOPKINS UNIVERSITY APPLIED PHYSICS LABORATORY LLC,JOHNS HOPKINS UNIVERSITY,USA,MD,HOWARD,LAUREL,MD-03,MD-03,207236005,UNITED STATES,MARYLAND,HOWARD,MD-03,MD-03,207236099,,,AR11,"SPACE R&D SERVICES; SPACE FLIGHT, RESEARCH AND SUPPORTING ACTIVITIES; BASIC RESEARCH",541715,"RESEARCH AND DEVELOPMENT IN THE PHYSICAL, ENGINEERING, AND LIFE SCIENCES (EXCEPT NANOTECHNOLOGY AND BIOTECHNOLOGY)",,,https://www.usaspending.gov/award/CONT_AWD_80MSFC20F0178_8000_80MSFC20D0004_8000/,2023-07-28
National Aeronautics and Space Administration,National Aeronautics and Space Administration,FY2023P10,,080,2023,2024,,0120,000,080-2023/2024-0120-000,"Science, National Aeronautics and Space Administration",National Aeronautics and Space Administration,,"General Science, Space, and Technology","Space flight, research, and supporting activities",080-0120,"Science, National Aeronautics and Space Administration",0001,SCIENCE (DIRECT),25.5,Research and development contracts,D,Q,Not Designated Nonemergency/Emergency/Disaster/Wildfire Suppression,,380547.80,,,CONT_AWD_80MSFC20F0178_8000_80MSFC20D0004_8000,80MSFC20F0178,80MSFC20D0004,,,2020-07-23,2020,2025-12-17,2026,2020-08-01,2028-09-30,,C,DELIVERY ORDER,,,THERMOSPHERE IONOSPHERE MESOSPHERE ENERGETICS AND DYNAMICS (TIMED) MISSION PHASE E (FOLLOW ON FROM ARDES I BASIC NNN06AA01C TASK ORDER NNN13AA06C),080,NATIONAL AERONAUTICS AND SPACE ADMINISTRATION (NASA),8000,NATIONAL AERONAUTICS AND SPACE ADMINISTRATION,80MSFC,NASA MARSHALL SPACE FLIGHT CENTER,080,NATIONAL AERONAUTICS AND SPACE ADMINISTRATION (NASA),8000,NATIONAL AERONAUTICS AND SPACE ADMINISTRATION,80MSFC,NASA MARSHALL SPACE FLIGHT CENTER,C1HBCJ9RMBV3,,THE JOHNS HOPKINS UNIVERSITY APPLIED PHYSICS LABORATORY LLC,"JOHNS HOPKINS UNIVERSITY APPLIED PHYSICS LABORATORY LLC, THE",C1HBCJ9RMBV3,C1HBCJ9RMBV3,THE JOHNS HOPKINS UNIVERSITY APPLIED PHYSICS LABORATORY LLC,JOHNS HOPKINS UNIVERSITY,USA,MD,HOWARD,LAUREL,MD-03,MD-03,207236005,UNITED STATES,MARYLAND,HOWARD,MD-03,MD-03,207236099,,,AR11,"SPACE R&D SERVICES; SPACE FLIGHT, RESEARCH AND SUPPORTING ACTIVITIES; BASIC RESEARCH",541715,"RESEARCH AND DEVELOPMENT IN THE PHYSICAL, ENGINEERING, AND LIFE SCIENCES (EXCEPT NANOTECHNOLOGY AND BIOTECHNOLOGY)",,,https://www.usaspending.gov/award/CONT_AWD_80MSFC20F0178_8000_80MSFC20D0004_8000/,2023-08-28
National Aeronautics and Space Administration,National Aeronautics and Space Administration,FY2023P10,,080,2022,2023,,0120,000,080-2022/2023-0120-000,"Science, National Aeronautics and Space Administration",National Aeronautics and Space Administration,,"General Science, Space, and Technology","Space flight, research, and supporting activities",080-0120,"Science, National Aeronautics and Space Administration",0001,SCIENCE (DIRECT),25.5,Research and development contracts,D,Q,Not Designated Nonemergency/Emergency/Disaster/Wildfire Suppression,,962608.97,,,CONT_AWD_80MSFC20F0178_8000_80MSFC20D0004_8000,80MSFC20F0178,80MSFC20D0004,,,2020-07-23,2020,2025-12-17,2026,2020-08-01,2028-09-30,,C,DELIVERY ORDER,,,THERMOSPHERE IONOSPHERE MESOSPHERE ENERGETICS AND DYNAMICS (TIMED) MISSION PHASE E (FOLLOW ON FROM ARDES I BASIC NNN06AA01C TASK ORDER NNN13AA06C),080,NATIONAL AERONAUTICS AND SPACE ADMINISTRATION (NASA),8000,NATIONAL AERONAUTICS AND SPACE ADMINISTRATION,80MSFC,NASA MARSHALL SPACE FLIGHT CENTER,080,NATIONAL AERONAUTICS AND SPACE ADMINISTRATION (NASA),8000,NATIONAL AERONAUTICS AND SPACE ADMINISTRATION,80MSFC,NASA MARSHALL SPACE FLIGHT CENTER,C1HBCJ9RMBV3,,THE JOHNS HOPKINS UNIVERSITY APPLIED PHYSICS LABORATORY LLC,"JOHNS HOPKINS UNIVERSITY APPLIED PHYSICS LABORATORY LLC, THE",C1HBCJ9RMBV3,C1HBCJ9RMBV3,THE JOHNS HOPKINS UNIVERSITY APPLIED PHYSICS LABORATORY LLC,JOHNS HOPKINS UNIVERSITY,USA,MD,HOWARD,LAUREL,MD-03,MD-03,207236005,UNITED STATES,MARYLAND,HOWARD,MD-03,MD-03,207236099,,,AR11,"SPACE R&D SERVICES; SPACE FLIGHT, RESEARCH AND SUPPORTING ACTIVITIES; BASIC RESEARCH",541715,"RESEARCH AND DEVELOPMENT IN THE PHYSICAL, ENGINEERING, AND LIFE SCIENCES (EXCEPT NANOTECHNOLOGY AND BIOTECHNOLOGY)",,,https://www.usaspending.gov/award/CONT_AWD_80MSFC20F0178_8000_80MSFC20D0004_8000/,2023-08-28
National Aeronautics and Space Administration,National Aeronautics and Space Administration,FY2023P10,,080,2021,2022,,0120,000,080-2021/2022-0120-000,"Science, National Aeronautics and Space Administration",National Aeronautics and Space Administration,,"General Science, Space, and Technology","Space flight, research, and supporting activities",080-0120,"Science, National Aeronautics and Space Administration",0001,SCIENCE (DIRECT),25.5,Research and development contracts,D,Q,Not Designated Nonemergency/Emergency/Disaster/Wildfire Suppression,,34000.00,,,CONT_AWD_80MSFC20F0178_8000_80MSFC20D0004_8000,80MSFC20F0178,80MSFC20D0004,,,2020-07-23,2020,2025-12-17,2026,2020-08-01,2028-09-30,,C,DELIVERY ORDER,,,THERMOSPHERE IONOSPHERE MESOSPHERE ENERGETICS AND DYNAMICS (TIMED) MISSION PHASE E (FOLLOW ON FROM ARDES I BASIC NNN06AA01C TASK ORDER NNN13AA06C),080,NATIONAL AERONAUTICS AND SPACE ADMINISTRATION (NASA),8000,NATIONAL AERONAUTICS AND SPACE ADMINISTRATION,80MSFC,NASA MARSHALL SPACE FLIGHT CENTER,080,NATIONAL AERONAUTICS AND SPACE ADMINISTRATION (NASA),8000,NATIONAL AERONAUTICS AND SPACE ADMINISTRATION,80MSFC,NASA MARSHALL SPACE FLIGHT CENTER,C1HBCJ9RMBV3,,THE JOHNS HOPKINS UNIVERSITY APPLIED PHYSICS LABORATORY LLC,"JOHNS HOPKINS UNIVERSITY APPLIED PHYSICS LABORATORY LLC, THE",C1HBCJ9RMBV3,C1HBCJ9RMBV3,THE JOHNS HOPKINS UNIVERSITY APPLIED PHYSICS LABORATORY LLC,JOHNS HOPKINS UNIVERSITY,USA,MD,HOWARD,LAUREL,MD-03,MD-03,207236005,UNITED STATES,MARYLAND,HOWARD,MD-03,MD-03,207236099,,,AR11,"SPACE R&D SERVICES; SPACE FLIGHT, RESEARCH AND SUPPORTING ACTIVITIES; BASIC RESEARCH",541715,"RESEARCH AND DEVELOPMENT IN THE PHYSICAL, ENGINEERING, AND LIFE SCIENCES (EXCEPT NANOTECHNOLOGY AND BIOTECHNOLOGY)",,,https://www.usaspending.gov/award/CONT_AWD_80MSFC20F0178_8000_80MSFC20D0004_8000/,2023-08-28
National Aeronautics and Space Administration,National Aeronautics and Space Administration,FY2023P11,,080,2023,2024,,0120,000,080-2023/2024-0120-000,"Science, National Aeronautics and Space Administration",National Aeronautics and Space Administration,,"General Science, Space, and Technology","Space flight, research, and supporting activities",080-0120,"Science, National Aeronautics and Space Administration",0001,SCIENCE (DIRECT),25.5,Research and development contracts,D,Q,Not Designated Nonemergency/Emergency/Disaster/Wildfire Suppression,,509031.48,,,CONT_AWD_80MSFC20F0178_8000_80MSFC20D0004_8000,80MSFC20F0178,80MSFC20D0004,,,2020-07-23,2020,2025-12-17,2026,2020-08-01,2028-09-30,,C,DELIVERY ORDER,,,THERMOSPHERE IONOSPHERE MESOSPHERE ENERGETICS AND DYNAMICS (TIMED) MISSION PHASE E (FOLLOW ON FROM ARDES I BASIC NNN06AA01C TASK ORDER NNN13AA06C),080,NATIONAL AERONAUTICS AND SPACE ADMINISTRATION (NASA),8000,NATIONAL AERONAUTICS AND SPACE ADMINISTRATION,80MSFC,NASA MARSHALL SPACE FLIGHT CENTER,080,NATIONAL AERONAUTICS AND SPACE ADMINISTRATION (NASA),8000,NATIONAL AERONAUTICS AND SPACE ADMINISTRATION,80MSFC,NASA MARSHALL SPACE FLIGHT CENTER,C1HBCJ9RMBV3,,THE JOHNS HOPKINS UNIVERSITY APPLIED PHYSICS LABORATORY LLC,"JOHNS HOPKINS UNIVERSITY APPLIED PHYSICS LABORATORY LLC, THE",C1HBCJ9RMBV3,C1HBCJ9RMBV3,THE JOHNS HOPKINS UNIVERSITY APPLIED PHYSICS LABORATORY LLC,JOHNS HOPKINS UNIVERSITY,USA,MD,HOWARD,LAUREL,MD-03,MD-03,207236005,UNITED STATES,MARYLAND,HOWARD,MD-03,MD-03,207236099,,,AR11,"SPACE R&D SERVICES; SPACE FLIGHT, RESEARCH AND SUPPORTING ACTIVITIES; BASIC RESEARCH",541715,"RESEARCH AND DEVELOPMENT IN THE PHYSICAL, ENGINEERING, AND LIFE SCIENCES (EXCEPT NANOTECHNOLOGY AND BIOTECHNOLOGY)",,,https://www.usaspending.gov/award/CONT_AWD_80MSFC20F0178_8000_80MSFC20D0004_8000/,2023-09-28
National Aeronautics and Space Administration,National Aeronautics and Space Administration,FY2023P11,,080,2023,2024,,0120,000,080-2023/2024-0120-000,"Science, National Aeronautics and Space Administration",National Aeronautics and Space Administration,,"General Science, Space, and Technology","Space flight, research, and supporting activities",080-0120,"Science, National Aeronautics and Space Administration",0001,SCIENCE (DIRECT),25.5,Research and development contracts,D,Q,Not Designated Nonemergency/Emergency/Disaster/Wildfire Suppression,19000.00,,,,CONT_AWD_80MSFC20F0178_8000_80MSFC20D0004_8000,80MSFC20F0178,80MSFC20D0004,,,2020-07-23,2020,2025-12-17,2026,2020-08-01,2028-09-30,,C,DELIVERY ORDER,,,THERMOSPHERE IONOSPHERE MESOSPHERE ENERGETICS AND DYNAMICS (TIMED) MISSION PHASE E (FOLLOW ON FROM ARDES I BASIC NNN06AA01C TASK ORDER NNN13AA06C),080,NATIONAL AERONAUTICS AND SPACE ADMINISTRATION (NASA),8000,NATIONAL AERONAUTICS AND SPACE ADMINISTRATION,80MSFC,NASA MARSHALL SPACE FLIGHT CENTER,080,NATIONAL AERONAUTICS AND SPACE ADMINISTRATION (NASA),8000,NATIONAL AERONAUTICS AND SPACE ADMINISTRATION,80MSFC,NASA MARSHALL SPACE FLIGHT CENTER,C1HBCJ9RMBV3,,THE JOHNS HOPKINS UNIVERSITY APPLIED PHYSICS LABORATORY LLC,"JOHNS HOPKINS UNIVERSITY APPLIED PHYSICS LABORATORY LLC, THE",C1HBCJ9RMBV3,C1HBCJ9RMBV3,THE JOHNS HOPKINS UNIVERSITY APPLIED PHYSICS LABORATORY LLC,JOHNS HOPKINS UNIVERSITY,USA,MD,HOWARD,LAUREL,MD-03,MD-03,207236005,UNITED STATES,MARYLAND,HOWARD,MD-03,MD-03,207236099,,,AR11,"SPACE R&D SERVICES; SPACE FLIGHT, RESEARCH AND SUPPORTING ACTIVITIES; BASIC RESEARCH",541715,"RESEARCH AND DEVELOPMENT IN THE PHYSICAL, ENGINEERING, AND LIFE SCIENCES (EXCEPT NANOTECHNOLOGY AND BIOTECHNOLOGY)",,,https://www.usaspending.gov/award/CONT_AWD_80MSFC20F0178_8000_80MSFC20D0004_8000/,2023-09-28
National Aeronautics and Space Administration,National Aeronautics and Space Administration,FY2023P11,,080,2022,2023,,0120,000,080-2022/2023-0120-000,"Science, National Aeronautics and Space Administration",National Aeronautics and Space Administration,,"General Science, Space, and Technology","Space flight, research, and supporting activities",080-0120,"Science, National Aeronautics and Space Administration",0001,SCIENCE (DIRECT),25.5,Research and development contracts,D,Q,Not Designated Nonemergency/Emergency/Disaster/Wildfire Suppression,,962608.97,,,CONT_AWD_80MSFC20F0178_8000_80MSFC20D0004_8000,80MSFC20F0178,80MSFC20D0004,,,2020-07-23,2020,2025-12-17,2026,2020-08-01,2028-09-30,,C,DELIVERY ORDER,,,THERMOSPHERE IONOSPHERE MESOSPHERE ENERGETICS AND DYNAMICS (TIMED) MISSION PHASE E (FOLLOW ON FROM ARDES I BASIC NNN06AA01C TASK ORDER NNN13AA06C),080,NATIONAL AERONAUTICS AND SPACE ADMINISTRATION (NASA),8000,NATIONAL AERONAUTICS AND SPACE ADMINISTRATION,80MSFC,NASA MARSHALL SPACE FLIGHT CENTER,080,NATIONAL AERONAUTICS AND SPACE ADMINISTRATION (NASA),8000,NATIONAL AERONAUTICS AND SPACE ADMINISTRATION,80MSFC,NASA MARSHALL SPACE FLIGHT CENTER,C1HBCJ9RMBV3,,THE JOHNS HOPKINS UNIVERSITY APPLIED PHYSICS LABORATORY LLC,"JOHNS HOPKINS UNIVERSITY APPLIED PHYSICS LABORATORY LLC, THE",C1HBCJ9RMBV3,C1HBCJ9RMBV3,THE JOHNS HOPKINS UNIVERSITY APPLIED PHYSICS LABORATORY LLC,JOHNS HOPKINS UNIVERSITY,USA,MD,HOWARD,LAUREL,MD-03,MD-03,207236005,UNITED STATES,MARYLAND,HOWARD,MD-03,MD-03,207236099,,,AR11,"SPACE R&D SERVICES; SPACE FLIGHT, RESEARCH AND SUPPORTING ACTIVITIES; BASIC RESEARCH",541715,"RESEARCH AND DEVELOPMENT IN THE PHYSICAL, ENGINEERING, AND LIFE SCIENCES (EXCEPT NANOTECHNOLOGY AND BIOTECHNOLOGY)",,,https://www.usaspending.gov/award/CONT_AWD_80MSFC20F0178_8000_80MSFC20D0004_8000/,2023-09-28
National Aeronautics and Space Administration,National Aeronautics and Space Administration,FY2023P11,,080,2021,2022,,0120,000,080-2021/2022-0120-000,"Science, National Aeronautics and Space Administration",National Aeronautics and Space Administration,,"General Science, Space, and Technology","Space flight, research, and supporting activities",080-0120,"Science, National Aeronautics and Space Administration",0001,SCIENCE (DIRECT),25.5,Research and development contracts,D,Q,Not Designated Nonemergency/Emergency/Disaster/Wildfire Suppression,,34000.00,,,CONT_AWD_80MSFC20F0178_8000_80MSFC20D0004_8000,80MSFC20F0178,80MSFC20D0004,,,2020-07-23,2020,2025-12-17,2026,2020-08-01,2028-09-30,,C,DELIVERY ORDER,,,THERMOSPHERE IONOSPHERE MESOSPHERE ENERGETICS AND DYNAMICS (TIMED) MISSION PHASE E (FOLLOW ON FROM ARDES I BASIC NNN06AA01C TASK ORDER NNN13AA06C),080,NATIONAL AERONAUTICS AND SPACE ADMINISTRATION (NASA),8000,NATIONAL AERONAUTICS AND SPACE ADMINISTRATION,80MSFC,NASA MARSHALL SPACE FLIGHT CENTER,080,NATIONAL AERONAUTICS AND SPACE ADMINISTRATION (NASA),8000,NATIONAL AERONAUTICS AND SPACE ADMINISTRATION,80MSFC,NASA MARSHALL SPACE FLIGHT CENTER,C1HBCJ9RMBV3,,THE JOHNS HOPKINS UNIVERSITY APPLIED PHYSICS LABORATORY LLC,"JOHNS HOPKINS UNIVERSITY APPLIED PHYSICS LABORATORY LLC, THE",C1HBCJ9RMBV3,C1HBCJ9RMBV3,THE JOHNS HOPKINS UNIVERSITY APPLIED PHYSICS LABORATORY LLC,JOHNS HOPKINS UNIVERSITY,USA,MD,HOWARD,LAUREL,MD-03,MD-03,207236005,UNITED STATES,MARYLAND,HOWARD,MD-03,MD-03,207236099,,,AR11,"SPACE R&D SERVICES; SPACE FLIGHT, RESEARCH AND SUPPORTING ACTIVITIES; BASIC RESEARCH",541715,"RESEARCH AND DEVELOPMENT IN THE PHYSICAL, ENGINEERING, AND LIFE SCIENCES (EXCEPT NANOTECHNOLOGY AND BIOTECHNOLOGY)",,,https://www.usaspending.gov/award/CONT_AWD_80MSFC20F0178_8000_80MSFC20D0004_8000/,2023-09-28
National Aeronautics and Space Administration,National Aeronautics and Space Administration,FY2023P12,,080,2023,2024,,0120,000,080-2023/2024-0120-000,"Science, National Aeronautics and Space Administration",National Aeronautics and Space Administration,,"General Science, Space, and Technology","Space flight, research, and supporting activities",080-0120,"Science, National Aeronautics and Space Administration",0001,SCIENCE (DIRECT),25.5,Research and development contracts,D,Q,Not Designated Nonemergency/Emergency/Disaster/Wildfire Suppression,,626266.23,,,CONT_AWD_80MSFC20F0178_8000_80MSFC20D0004_8000,80MSFC20F0178,80MSFC20D0004,,,2020-07-23,2020,2025-12-17,2026,2020-08-01,2028-09-30,,C,DELIVERY ORDER,,,THERMOSPHERE IONOSPHERE MESOSPHERE ENERGETICS AND DYNAMICS (TIMED) MISSION PHASE E (FOLLOW ON FROM ARDES I BASIC NNN06AA01C TASK ORDER NNN13AA06C),080,NATIONAL AERONAUTICS AND SPACE ADMINISTRATION (NASA),8000,NATIONAL AERONAUTICS AND SPACE ADMINISTRATION,80MSFC,NASA MARSHALL SPACE FLIGHT CENTER,080,NATIONAL AERONAUTICS AND SPACE ADMINISTRATION (NASA),8000,NATIONAL AERONAUTICS AND SPACE ADMINISTRATION,80MSFC,NASA MARSHALL SPACE FLIGHT CENTER,C1HBCJ9RMBV3,,THE JOHNS HOPKINS UNIVERSITY APPLIED PHYSICS LABORATORY LLC,"JOHNS HOPKINS UNIVERSITY APPLIED PHYSICS LABORATORY LLC, THE",C1HBCJ9RMBV3,C1HBCJ9RMBV3,THE JOHNS HOPKINS UNIVERSITY APPLIED PHYSICS LABORATORY LLC,JOHNS HOPKINS UNIVERSITY,USA,MD,HOWARD,LAUREL,MD-03,MD-03,207236005,UNITED STATES,MARYLAND,HOWARD,MD-03,MD-03,207236099,,,AR11,"SPACE R&D SERVICES; SPACE FLIGHT, RESEARCH AND SUPPORTING ACTIVITIES; BASIC RESEARCH",541715,"RESEARCH AND DEVELOPMENT IN THE PHYSICAL, ENGINEERING, AND LIFE SCIENCES (EXCEPT NANOTECHNOLOGY AND BIOTECHNOLOGY)",,,https://www.usaspending.gov/award/CONT_AWD_80MSFC20F0178_8000_80MSFC20D0004_8000/,2023-11-03
National Aeronautics and Space Administration,National Aeronautics and Space Administration,FY2023P12,,080,2022,2023,,0120,000,080-2022/2023-0120-000,"Science, National Aeronautics and Space Administration",National Aeronautics and Space Administration,,"General Science, Space, and Technology","Space flight, research, and supporting activities",080-0120,"Science, National Aeronautics and Space Administration",0001,SCIENCE (DIRECT),25.5,Research and development contracts,D,Q,Not Designated Nonemergency/Emergency/Disaster/Wildfire Suppression,,962608.97,,,CONT_AWD_80MSFC20F0178_8000_80MSFC20D0004_8000,80MSFC20F0178,80MSFC20D0004,,,2020-07-23,2020,2025-12-17,2026,2020-08-01,2028-09-30,,C,DELIVERY ORDER,,,THERMOSPHERE IONOSPHERE MESOSPHERE ENERGETICS AND DYNAMICS (TIMED) MISSION PHASE E (FOLLOW ON FROM ARDES I BASIC NNN06AA01C TASK ORDER NNN13AA06C),080,NATIONAL AERONAUTICS AND SPACE ADMINISTRATION (NASA),8000,NATIONAL AERONAUTICS AND SPACE ADMINISTRATION,80MSFC,NASA MARSHALL SPACE FLIGHT CENTER,080,NATIONAL AERONAUTICS AND SPACE ADMINISTRATION (NASA),8000,NATIONAL AERONAUTICS AND SPACE ADMINISTRATION,80MSFC,NASA MARSHALL SPACE FLIGHT CENTER,C1HBCJ9RMBV3,,THE JOHNS HOPKINS UNIVERSITY APPLIED PHYSICS LABORATORY LLC,"JOHNS HOPKINS UNIVERSITY APPLIED PHYSICS LABORATORY LLC, THE",C1HBCJ9RMBV3,C1HBCJ9RMBV3,THE JOHNS HOPKINS UNIVERSITY APPLIED PHYSICS LABORATORY LLC,JOHNS HOPKINS UNIVERSITY,USA,MD,HOWARD,LAUREL,MD-03,MD-03,207236005,UNITED STATES,MARYLAND,HOWARD,MD-03,MD-03,207236099,,,AR11,"SPACE R&D SERVICES; SPACE FLIGHT, RESEARCH AND SUPPORTING ACTIVITIES; BASIC RESEARCH",541715,"RESEARCH AND DEVELOPMENT IN THE PHYSICAL, ENGINEERING, AND LIFE SCIENCES (EXCEPT NANOTECHNOLOGY AND BIOTECHNOLOGY)",,,https://www.usaspending.gov/award/CONT_AWD_80MSFC20F0178_8000_80MSFC20D0004_8000/,2023-11-03
National Aeronautics and Space Administration,National Aeronautics and Space Administration,FY2023P12,,080,2021,2022,,0120,000,080-2021/2022-0120-000,"Science, National Aeronautics and Space Administration",National Aeronautics and Space Administration,,"General Science, Space, and Technology","Space flight, research, and supporting activities",080-0120,"Science, National Aeronautics and Space Administration",0001,SCIENCE (DIRECT),25.5,Research and development contracts,D,Q,Not Designated Nonemergency/Emergency/Disaster/Wildfire Suppression,,34000.00,,,CONT_AWD_80MSFC20F0178_8000_80MSFC20D0004_8000,80MSFC20F0178,80MSFC20D0004,,,2020-07-23,2020,2025-12-17,2026,2020-08-01,2028-09-30,,C,DELIVERY ORDER,,,THERMOSPHERE IONOSPHERE MESOSPHERE ENERGETICS AND DYNAMICS (TIMED) MISSION PHASE E (FOLLOW ON FROM ARDES I BASIC NNN06AA01C TASK ORDER NNN13AA06C),080,NATIONAL AERONAUTICS AND SPACE ADMINISTRATION (NASA),8000,NATIONAL AERONAUTICS AND SPACE ADMINISTRATION,80MSFC,NASA MARSHALL SPACE FLIGHT CENTER,080,NATIONAL AERONAUTICS AND SPACE ADMINISTRATION (NASA),8000,NATIONAL AERONAUTICS AND SPACE ADMINISTRATION,80MSFC,NASA MARSHALL SPACE FLIGHT CENTER,C1HBCJ9RMBV3,,THE JOHNS HOPKINS UNIVERSITY APPLIED PHYSICS LABORATORY LLC,"JOHNS HOPKINS UNIVERSITY APPLIED PHYSICS LABORATORY LLC, THE",C1HBCJ9RMBV3,C1HBCJ9RMBV3,THE JOHNS HOPKINS UNIVERSITY APPLIED PHYSICS LABORATORY LLC,JOHNS HOPKINS UNIVERSITY,USA,MD,HOWARD,LAUREL,MD-03,MD-03,207236005,UNITED STATES,MARYLAND,HOWARD,MD-03,MD-03,207236099,,,AR11,"SPACE R&D SERVICES; SPACE FLIGHT, RESEARCH AND SUPPORTING ACTIVITIES; BASIC RESEARCH",541715,"RESEARCH AND DEVELOPMENT IN THE PHYSICAL, ENGINEERING, AND LIFE SCIENCES (EXCEPT NANOTECHNOLOGY AND BIOTECHNOLOGY)",,,https://www.usaspending.gov/award/CONT_AWD_80MSFC20F0178_8000_80MSFC20D0004_8000/,2023-11-03
National Aeronautics and Space Administration,National Aeronautics and Space Administration,FY2024P02,,080,2024,2025,,0120,000,080-2024/2025-0120-000,"Science, National Aeronautics and Space Administration",National Aeronautics and Space Administration,,"General Science, Space, and Technology","Space flight, research, and supporting activities",080-0120,"Science, National Aeronautics and Space Administration",0001,SCIENCE (DIRECT),25.5,Research and development contracts,D,Q,Not Designated Nonemergency/Emergency/Disaster/Wildfire Suppression,303000.00,,,,CONT_AWD_80MSFC20F0178_8000_80MSFC20D0004_8000,80MSFC20F0178,80MSFC20D0004,,,2020-07-23,2020,2025-12-17,2026,2020-08-01,2028-09-30,,C,DELIVERY ORDER,,,THERMOSPHERE IONOSPHERE MESOSPHERE ENERGETICS AND DYNAMICS (TIMED) MISSION PHASE E (FOLLOW ON FROM ARDES I BASIC NNN06AA01C TASK ORDER NNN13AA06C),080,NATIONAL AERONAUTICS AND SPACE ADMINISTRATION (NASA),8000,NATIONAL AERONAUTICS AND SPACE ADMINISTRATION,80MSFC,NASA MARSHALL SPACE FLIGHT CENTER,080,NATIONAL AERONAUTICS AND SPACE ADMINISTRATION (NASA),8000,NATIONAL AERONAUTICS AND SPACE ADMINISTRATION,80MSFC,NASA MARSHALL SPACE FLIGHT CENTER,C1HBCJ9RMBV3,,THE JOHNS HOPKINS UNIVERSITY APPLIED PHYSICS LABORATORY LLC,"JOHNS HOPKINS UNIVERSITY APPLIED PHYSICS LABORATORY LLC, THE",C1HBCJ9RMBV3,C1HBCJ9RMBV3,THE JOHNS HOPKINS UNIVERSITY APPLIED PHYSICS LABORATORY LLC,JOHNS HOPKINS UNIVERSITY,USA,MD,HOWARD,LAUREL,MD-03,MD-03,207236005,UNITED STATES,MARYLAND,HOWARD,MD-03,MD-03,207236099,,,AR11,"SPACE R&D SERVICES; SPACE FLIGHT, RESEARCH AND SUPPORTING ACTIVITIES; BASIC RESEARCH",541715,"RESEARCH AND DEVELOPMENT IN THE PHYSICAL, ENGINEERING, AND LIFE SCIENCES (EXCEPT NANOTECHNOLOGY AND BIOTECHNOLOGY)",,,https://www.usaspending.gov/award/CONT_AWD_80MSFC20F0178_8000_80MSFC20D0004_8000/,2024-01-05
National Aeronautics and Space Administration,National Aeronautics and Space Administration,FY2024P02,,080,2023,2024,,0120,000,080-2023/2024-0120-000,"Science, National Aeronautics and Space Administration",National Aeronautics and Space Administration,,"General Science, Space, and Technology","Space flight, research, and supporting activities",080-0120,"Science, National Aeronautics and Space Administration",0001,SCIENCE (DIRECT),25.5,Research and development contracts,D,Q,Not Designated Nonemergency/Emergency/Disaster/Wildfire Suppression,,234985.97,,,CONT_AWD_80MSFC20F0178_8000_80MSFC20D0004_8000,80MSFC20F0178,80MSFC20D0004,,,2020-07-23,2020,2025-12-17,2026,2020-08-01,2028-09-30,,C,DELIVERY ORDER,,,THERMOSPHERE IONOSPHERE MESOSPHERE ENERGETICS AND DYNAMICS (TIMED) MISSION PHASE E (FOLLOW ON FROM ARDES I BASIC NNN06AA01C TASK ORDER NNN13AA06C),080,NATIONAL AERONAUTICS AND SPACE ADMINISTRATION (NASA),8000,NATIONAL AERONAUTICS AND SPACE ADMINISTRATION,80MSFC,NASA MARSHALL SPACE FLIGHT CENTER,080,NATIONAL AERONAUTICS AND SPACE ADMINISTRATION (NASA),8000,NATIONAL AERONAUTICS AND SPACE ADMINISTRATION,80MSFC,NASA MARSHALL SPACE FLIGHT CENTER,C1HBCJ9RMBV3,,THE JOHNS HOPKINS UNIVERSITY APPLIED PHYSICS LABORATORY LLC,"JOHNS HOPKINS UNIVERSITY APPLIED PHYSICS LABORATORY LLC, THE",C1HBCJ9RMBV3,C1HBCJ9RMBV3,THE JOHNS HOPKINS UNIVERSITY APPLIED PHYSICS LABORATORY LLC,JOHNS HOPKINS UNIVERSITY,USA,MD,HOWARD,LAUREL,MD-03,MD-03,207236005,UNITED STATES,MARYLAND,HOWARD,MD-03,MD-03,207236099,,,AR11,"SPACE R&D SERVICES; SPACE FLIGHT, RESEARCH AND SUPPORTING ACTIVITIES; BASIC RESEARCH",541715,"RESEARCH AND DEVELOPMENT IN THE PHYSICAL, ENGINEERING, AND LIFE SCIENCES (EXCEPT NANOTECHNOLOGY AND BIOTECHNOLOGY)",,,https://www.usaspending.gov/award/CONT_AWD_80MSFC20F0178_8000_80MSFC20D0004_8000/,2024-01-05
National Aeronautics and Space Administration,National Aeronautics and Space Administration,FY2024P03,,080,2024,2025,,0120,000,080-2024/2025-0120-000,"Science, National Aeronautics and Space Administration",National Aeronautics and Space Administration,,"General Science, Space, and Technology","Space flight, research, and supporting activities",080-0120,"Science, National Aeronautics and Space Administration",0001,SCIENCE (DIRECT),25.5,Research and development contracts,D,Q,Not Designated Nonemergency/Emergency/Disaster/Wildfire Suppression,300000.00,,,,CONT_AWD_80MSFC20F0178_8000_80MSFC20D0004_8000,80MSFC20F0178,80MSFC20D0004,,,2020-07-23,2020,2025-12-17,2026,2020-08-01,2028-09-30,,C,DELIVERY ORDER,,,THERMOSPHERE IONOSPHERE MESOSPHERE ENERGETICS AND DYNAMICS (TIMED) MISSION PHASE E (FOLLOW ON FROM ARDES I BASIC NNN06AA01C TASK ORDER NNN13AA06C),080,NATIONAL AERONAUTICS AND SPACE ADMINISTRATION (NASA),8000,NATIONAL AERONAUTICS AND SPACE ADMINISTRATION,80MSFC,NASA MARSHALL SPACE FLIGHT CENTER,080,NATIONAL AERONAUTICS AND SPACE ADMINISTRATION (NASA),8000,NATIONAL AERONAUTICS AND SPACE ADMINISTRATION,80MSFC,NASA MARSHALL SPACE FLIGHT CENTER,C1HBCJ9RMBV3,,THE JOHNS HOPKINS UNIVERSITY APPLIED PHYSICS LABORATORY LLC,"JOHNS HOPKINS UNIVERSITY APPLIED PHYSICS LABORATORY LLC, THE",C1HBCJ9RMBV3,C1HBCJ9RMBV3,THE JOHNS HOPKINS UNIVERSITY APPLIED PHYSICS LABORATORY LLC,JOHNS HOPKINS UNIVERSITY,USA,MD,HOWARD,LAUREL,MD-03,MD-03,207236005,UNITED STATES,MARYLAND,HOWARD,MD-03,MD-03,207236099,,,AR11,"SPACE R&D SERVICES; SPACE FLIGHT, RESEARCH AND SUPPORTING ACTIVITIES; BASIC RESEARCH",541715,"RESEARCH AND DEVELOPMENT IN THE PHYSICAL, ENGINEERING, AND LIFE SCIENCES (EXCEPT NANOTECHNOLOGY AND BIOTECHNOLOGY)",,,https://www.usaspending.gov/award/CONT_AWD_80MSFC20F0178_8000_80MSFC20D0004_8000/,2024-01-28
National Aeronautics and Space Administration,National Aeronautics and Space Administration,FY2024P03,,080,2023,2024,,0120,000,080-2023/2024-0120-000,"Science, National Aeronautics and Space Administration",National Aeronautics and Space Administration,,"General Science, Space, and Technology","Space flight, research, and supporting activities",080-0120,"Science, National Aeronautics and Space Administration",0001,SCIENCE (DIRECT),25.5,Research and development contracts,D,Q,Not Designated Nonemergency/Emergency/Disaster/Wildfire Suppression,,368710.89,,,CONT_AWD_80MSFC20F0178_8000_80MSFC20D0004_8000,80MSFC20F0178,80MSFC20D0004,,,2020-07-23,2020,2025-12-17,2026,2020-08-01,2028-09-30,,C,DELIVERY ORDER,,,THERMOSPHERE IONOSPHERE MESOSPHERE ENERGETICS AND DYNAMICS (TIMED) MISSION PHASE E (FOLLOW ON FROM ARDES I BASIC NNN06AA01C TASK ORDER NNN13AA06C),080,NATIONAL AERONAUTICS AND SPACE ADMINISTRATION (NASA),8000,NATIONAL AERONAUTICS AND SPACE ADMINISTRATION,80MSFC,NASA MARSHALL SPACE FLIGHT CENTER,080,NATIONAL AERONAUTICS AND SPACE ADMINISTRATION (NASA),8000,NATIONAL AERONAUTICS AND SPACE ADMINISTRATION,80MSFC,NASA MARSHALL SPACE FLIGHT CENTER,C1HBCJ9RMBV3,,THE JOHNS HOPKINS UNIVERSITY APPLIED PHYSICS LABORATORY LLC,"JOHNS HOPKINS UNIVERSITY APPLIED PHYSICS LABORATORY LLC, THE",C1HBCJ9RMBV3,C1HBCJ9RMBV3,THE JOHNS HOPKINS UNIVERSITY APPLIED PHYSICS LABORATORY LLC,JOHNS HOPKINS UNIVERSITY,USA,MD,HOWARD,LAUREL,MD-03,MD-03,207236005,UNITED STATES,MARYLAND,HOWARD,MD-03,MD-03,207236099,,,AR11,"SPACE R&D SERVICES; SPACE FLIGHT, RESEARCH AND SUPPORTING ACTIVITIES; BASIC RESEARCH",541715,"RESEARCH AND DEVELOPMENT IN THE PHYSICAL, ENGINEERING, AND LIFE SCIENCES (EXCEPT NANOTECHNOLOGY AND BIOTECHNOLOGY)",,,https://www.usaspending.gov/award/CONT_AWD_80MSFC20F0178_8000_80MSFC20D0004_8000/,2024-01-28
National Aeronautics and Space Administration,National Aeronautics and Space Administration,FY2024P04,,080,2023,2024,,0120,000,080-2023/2024-0120-000,"Science, National Aeronautics and Space Administration",National Aeronautics and Space Administration,,"General Science, Space, and Technology","Space flight, research, and supporting activities",080-0120,"Science, National Aeronautics and Space Administration",0001,SCIENCE (DIRECT),25.5,Research and development contracts,D,Q,Not Designated Nonemergency/Emergency/Disaster/Wildfire Suppression,,463946.37,,,CONT_AWD_80MSFC20F0178_8000_80MSFC20D0004_8000,80MSFC20F0178,80MSFC20D0004,,,2020-07-23,2020,2025-12-17,2026,2020-08-01,2028-09-30,,C,DELIVERY ORDER,,,THERMOSPHERE IONOSPHERE MESOSPHERE ENERGETICS AND DYNAMICS (TIMED) MISSION PHASE E (FOLLOW ON FROM ARDES I BASIC NNN06AA01C TASK ORDER NNN13AA06C),080,NATIONAL AERONAUTICS AND SPACE ADMINISTRATION (NASA),8000,NATIONAL AERONAUTICS AND SPACE ADMINISTRATION,80MSFC,NASA MARSHALL SPACE FLIGHT CENTER,080,NATIONAL AERONAUTICS AND SPACE ADMINISTRATION (NASA),8000,NATIONAL AERONAUTICS AND SPACE ADMINISTRATION,80MSFC,NASA MARSHALL SPACE FLIGHT CENTER,C1HBCJ9RMBV3,,THE JOHNS HOPKINS UNIVERSITY APPLIED PHYSICS LABORATORY LLC,"JOHNS HOPKINS UNIVERSITY APPLIED PHYSICS LABORATORY LLC, THE",C1HBCJ9RMBV3,C1HBCJ9RMBV3,THE JOHNS HOPKINS UNIVERSITY APPLIED PHYSICS LABORATORY LLC,JOHNS HOPKINS UNIVERSITY,USA,MD,HOWARD,LAUREL,MD-03,MD-03,207236005,UNITED STATES,MARYLAND,HOWARD,MD-03,MD-03,207236099,,,AR11,"SPACE R&D SERVICES; SPACE FLIGHT, RESEARCH AND SUPPORTING ACTIVITIES; BASIC RESEARCH",541715,"RESEARCH AND DEVELOPMENT IN THE PHYSICAL, ENGINEERING, AND LIFE SCIENCES (EXCEPT NANOTECHNOLOGY AND BIOTECHNOLOGY)",,,https://www.usaspending.gov/award/CONT_AWD_80MSFC20F0178_8000_80MSFC20D0004_8000/,2024-02-27
National Aeronautics and Space Administration,National Aeronautics and Space Administration,FY2024P05,,080,2023,2024,,0120,000,080-2023/2024-0120-000,"Science, National Aeronautics and Space Administration",National Aeronautics and Space Administration,,"General Science, Space, and Technology","Space flight, research, and supporting activities",080-0120,"Science, National Aeronautics and Space Administration",0001,SCIENCE (DIRECT),25.5,Research and development contracts,D,Q,Not Designated Nonemergency/Emergency/Disaster/Wildfire Suppression,,608670.98,,,CONT_AWD_80MSFC20F0178_8000_80MSFC20D0004_8000,80MSFC20F0178,80MSFC20D0004,,,2020-07-23,2020,2025-12-17,2026,2020-08-01,2028-09-30,,C,DELIVERY ORDER,,,THERMOSPHERE IONOSPHERE MESOSPHERE ENERGETICS AND DYNAMICS (TIMED) MISSION PHASE E (FOLLOW ON FROM ARDES I BASIC NNN06AA01C TASK ORDER NNN13AA06C),080,NATIONAL AERONAUTICS AND SPACE ADMINISTRATION (NASA),8000,NATIONAL AERONAUTICS AND SPACE ADMINISTRATION,80MSFC,NASA MARSHALL SPACE FLIGHT CENTER,080,NATIONAL AERONAUTICS AND SPACE ADMINISTRATION (NASA),8000,NATIONAL AERONAUTICS AND SPACE ADMINISTRATION,80MSFC,NASA MARSHALL SPACE FLIGHT CENTER,C1HBCJ9RMBV3,,THE JOHNS HOPKINS UNIVERSITY APPLIED PHYSICS LABORATORY LLC,"JOHNS HOPKINS UNIVERSITY APPLIED PHYSICS LABORATORY LLC, THE",C1HBCJ9RMBV3,C1HBCJ9RMBV3,THE JOHNS HOPKINS UNIVERSITY APPLIED PHYSICS LABORATORY LLC,JOHNS HOPKINS UNIVERSITY,USA,MD,HOWARD,LAUREL,MD-03,MD-03,207236005,UNITED STATES,MARYLAND,HOWARD,MD-03,MD-03,207236099,,,AR11,"SPACE R&D SERVICES; SPACE FLIGHT, RESEARCH AND SUPPORTING ACTIVITIES; BASIC RESEARCH",541715,"RESEARCH AND DEVELOPMENT IN THE PHYSICAL, ENGINEERING, AND LIFE SCIENCES (EXCEPT NANOTECHNOLOGY AND BIOTECHNOLOGY)",,,https://www.usaspending.gov/award/CONT_AWD_80MSFC20F0178_8000_80MSFC20D0004_8000/,2024-03-28
National Aeronautics and Space Administration,National Aeronautics and Space Administration,FY2024P06,,080,2024,2025,,0120,000,080-2024/2025-0120-000,"Science, National Aeronautics and Space Administration",National Aeronautics and Space Administration,,"General Science, Space, and Technology","Space flight, research, and supporting activities",080-0120,"Science, National Aeronautics and Space Administration",0001,SCIENCE (DIRECT),25.5,Research and development contracts,D,Q,Not Designated Nonemergency/Emergency/Disaster/Wildfire Suppression,,70315.27,,,CONT_AWD_80MSFC20F0178_8000_80MSFC20D0004_8000,80MSFC20F0178,80MSFC20D0004,,,2020-07-23,2020,2025-12-17,2026,2020-08-01,2028-09-30,,C,DELIVERY ORDER,,,THERMOSPHERE IONOSPHERE MESOSPHERE ENERGETICS AND DYNAMICS (TIMED) MISSION PHASE E (FOLLOW ON FROM ARDES I BASIC NNN06AA01C TASK ORDER NNN13AA06C),080,NATIONAL AERONAUTICS AND SPACE ADMINISTRATION (NASA),8000,NATIONAL AERONAUTICS AND SPACE ADMINISTRATION,80MSFC,NASA MARSHALL SPACE FLIGHT CENTER,080,NATIONAL AERONAUTICS AND SPACE ADMINISTRATION (NASA),8000,NATIONAL AERONAUTICS AND SPACE ADMINISTRATION,80MSFC,NASA MARSHALL SPACE FLIGHT CENTER,C1HBCJ9RMBV3,,THE JOHNS HOPKINS UNIVERSITY APPLIED PHYSICS LABORATORY LLC,"JOHNS HOPKINS UNIVERSITY APPLIED PHYSICS LABORATORY LLC, THE",C1HBCJ9RMBV3,C1HBCJ9RMBV3,THE JOHNS HOPKINS UNIVERSITY APPLIED PHYSICS LABORATORY LLC,JOHNS HOPKINS UNIVERSITY,USA,MD,HOWARD,LAUREL,MD-03,MD-03,207236005,UNITED STATES,MARYLAND,HOWARD,MD-03,MD-03,207236099,,,AR11,"SPACE R&D SERVICES; SPACE FLIGHT, RESEARCH AND SUPPORTING ACTIVITIES; BASIC RESEARCH",541715,"RESEARCH AND DEVELOPMENT IN THE PHYSICAL, ENGINEERING, AND LIFE SCIENCES (EXCEPT NANOTECHNOLOGY AND BIOTECHNOLOGY)",,,https://www.usaspending.gov/award/CONT_AWD_80MSFC20F0178_8000_80MSFC20D0004_8000/,2024-04-25
National Aeronautics and Space Administration,National Aeronautics and Space Administration,FY2024P06,,080,2023,2024,,0120,000,080-2023/2024-0120-000,"Science, National Aeronautics and Space Administration",National Aeronautics and Space Administration,,"General Science, Space, and Technology","Space flight, research, and supporting activities",080-0120,"Science, National Aeronautics and Space Administration",0001,SCIENCE (DIRECT),25.5,Research and development contracts,D,Q,Not Designated Nonemergency/Emergency/Disaster/Wildfire Suppression,,650733.77,,,CONT_AWD_80MSFC20F0178_8000_80MSFC20D0004_8000,80MSFC20F0178,80MSFC20D0004,,,2020-07-23,2020,2025-12-17,2026,2020-08-01,2028-09-30,,C,DELIVERY ORDER,,,THERMOSPHERE IONOSPHERE MESOSPHERE ENERGETICS AND DYNAMICS (TIMED) MISSION PHASE E (FOLLOW ON FROM ARDES I BASIC NNN06AA01C TASK ORDER NNN13AA06C),080,NATIONAL AERONAUTICS AND SPACE ADMINISTRATION (NASA),8000,NATIONAL AERONAUTICS AND SPACE ADMINISTRATION,80MSFC,NASA MARSHALL SPACE FLIGHT CENTER,080,NATIONAL AERONAUTICS AND SPACE ADMINISTRATION (NASA),8000,NATIONAL AERONAUTICS AND SPACE ADMINISTRATION,80MSFC,NASA MARSHALL SPACE FLIGHT CENTER,C1HBCJ9RMBV3,,THE JOHNS HOPKINS UNIVERSITY APPLIED PHYSICS LABORATORY LLC,"JOHNS HOPKINS UNIVERSITY APPLIED PHYSICS LABORATORY LLC, THE",C1HBCJ9RMBV3,C1HBCJ9RMBV3,THE JOHNS HOPKINS UNIVERSITY APPLIED PHYSICS LABORATORY LLC,JOHNS HOPKINS UNIVERSITY,USA,MD,HOWARD,LAUREL,MD-03,MD-03,207236005,UNITED STATES,MARYLAND,HOWARD,MD-03,MD-03,207236099,,,AR11,"SPACE R&D SERVICES; SPACE FLIGHT, RESEARCH AND SUPPORTING ACTIVITIES; BASIC RESEARCH",541715,"RESEARCH AND DEVELOPMENT IN THE PHYSICAL, ENGINEERING, AND LIFE SCIENCES (EXCEPT NANOTECHNOLOGY AND BIOTECHNOLOGY)",,,https://www.usaspending.gov/award/CONT_AWD_80MSFC20F0178_8000_80MSFC20D0004_8000/,2024-04-25
National Aeronautics and Space Administration,National Aeronautics and Space Administration,FY2024P07,,080,2024,2025,,0120,000,080-2024/2025-0120-000,"Science, National Aeronautics and Space Administration",National Aeronautics and Space Administration,,"General Science, Space, and Technology","Space flight, research, and supporting activities",080-0120,"Science, National Aeronautics and Space Administration",0001,SCIENCE (DIRECT),25.5,Research and development contracts,D,Q,Not Designated Nonemergency/Emergency/Disaster/Wildfire Suppression,,222672.34,,,CONT_AWD_80MSFC20F0178_8000_80MSFC20D0004_8000,80MSFC20F0178,80MSFC20D0004,,,2020-07-23,2020,2025-12-17,2026,2020-08-01,2028-09-30,,C,DELIVERY ORDER,,,THERMOSPHERE IONOSPHERE MESOSPHERE ENERGETICS AND DYNAMICS (TIMED) MISSION PHASE E (FOLLOW ON FROM ARDES I BASIC NNN06AA01C TASK ORDER NNN13AA06C),080,NATIONAL AERONAUTICS AND SPACE ADMINISTRATION (NASA),8000,NATIONAL AERONAUTICS AND SPACE ADMINISTRATION,80MSFC,NASA MARSHALL SPACE FLIGHT CENTER,080,NATIONAL AERONAUTICS AND SPACE ADMINISTRATION (NASA),8000,NATIONAL AERONAUTICS AND SPACE ADMINISTRATION,80MSFC,NASA MARSHALL SPACE FLIGHT CENTER,C1HBCJ9RMBV3,,THE JOHNS HOPKINS UNIVERSITY APPLIED PHYSICS LABORATORY LLC,"JOHNS HOPKINS UNIVERSITY APPLIED PHYSICS LABORATORY LLC, THE",C1HBCJ9RMBV3,C1HBCJ9RMBV3,THE JOHNS HOPKINS UNIVERSITY APPLIED PHYSICS LABORATORY LLC,JOHNS HOPKINS UNIVERSITY,USA,MD,HOWARD,LAUREL,MD-03,MD-03,207236005,UNITED STATES,MARYLAND,HOWARD,MD-03,MD-03,207236099,,,AR11,"SPACE R&D SERVICES; SPACE FLIGHT, RESEARCH AND SUPPORTING ACTIVITIES; BASIC RESEARCH",541715,"RESEARCH AND DEVELOPMENT IN THE PHYSICAL, ENGINEERING, AND LIFE SCIENCES (EXCEPT NANOTECHNOLOGY AND BIOTECHNOLOGY)",,,https://www.usaspending.gov/award/CONT_AWD_80MSFC20F0178_8000_80MSFC20D0004_8000/,2024-05-22
National Aeronautics and Space Administration,National Aeronautics and Space Administration,FY2024P07,,080,2024,2025,,0120,000,080-2024/2025-0120-000,"Science, National Aeronautics and Space Administration",National Aeronautics and Space Administration,,"General Science, Space, and Technology","Space flight, research, and supporting activities",080-0120,"Science, National Aeronautics and Space Administration",0001,SCIENCE (DIRECT),25.5,Research and development contracts,D,Q,Not Designated Nonemergency/Emergency/Disaster/Wildfire Suppression,300000.00,,,,CONT_AWD_80MSFC20F0178_8000_80MSFC20D0004_8000,80MSFC20F0178,80MSFC20D0004,,,2020-07-23,2020,2025-12-17,2026,2020-08-01,2028-09-30,,C,DELIVERY ORDER,,,THERMOSPHERE IONOSPHERE MESOSPHERE ENERGETICS AND DYNAMICS (TIMED) MISSION PHASE E (FOLLOW ON FROM ARDES I BASIC NNN06AA01C TASK ORDER NNN13AA06C),080,NATIONAL AERONAUTICS AND SPACE ADMINISTRATION (NASA),8000,NATIONAL AERONAUTICS AND SPACE ADMINISTRATION,80MSFC,NASA MARSHALL SPACE FLIGHT CENTER,080,NATIONAL AERONAUTICS AND SPACE ADMINISTRATION (NASA),8000,NATIONAL AERONAUTICS AND SPACE ADMINISTRATION,80MSFC,NASA MARSHALL SPACE FLIGHT CENTER,C1HBCJ9RMBV3,,THE JOHNS HOPKINS UNIVERSITY APPLIED PHYSICS LABORATORY LLC,"JOHNS HOPKINS UNIVERSITY APPLIED PHYSICS LABORATORY LLC, THE",C1HBCJ9RMBV3,C1HBCJ9RMBV3,THE JOHNS HOPKINS UNIVERSITY APPLIED PHYSICS LABORATORY LLC,JOHNS HOPKINS UNIVERSITY,USA,MD,HOWARD,LAUREL,MD-03,MD-03,207236005,UNITED STATES,MARYLAND,HOWARD,MD-03,MD-03,207236099,,,AR11,"SPACE R&D SERVICES; SPACE FLIGHT, RESEARCH AND SUPPORTING ACTIVITIES; BASIC RESEARCH",541715,"RESEARCH AND DEVELOPMENT IN THE PHYSICAL, ENGINEERING, AND LIFE SCIENCES (EXCEPT NANOTECHNOLOGY AND BIOTECHNOLOGY)",,,https://www.usaspending.gov/award/CONT_AWD_80MSFC20F0178_8000_80MSFC20D0004_8000/,2024-05-22
National Aeronautics and Space Administration,National Aeronautics and Space Administration,FY2024P07,,080,2023,2024,,0120,000,080-2023/2024-0120-000,"Science, National Aeronautics and Space Administration",National Aeronautics and Space Administration,,"General Science, Space, and Technology","Space flight, research, and supporting activities",080-0120,"Science, National Aeronautics and Space Administration",0001,SCIENCE (DIRECT),25.5,Research and development contracts,D,Q,Not Designated Nonemergency/Emergency/Disaster/Wildfire Suppression,,650733.77,,,CONT_AWD_80MSFC20F0178_8000_80MSFC20D0004_8000,80MSFC20F0178,80MSFC20D0004,,,2020-07-23,2020,2025-12-17,2026,2020-08-01,2028-09-30,,C,DELIVERY ORDER,,,THERMOSPHERE IONOSPHERE MESOSPHERE ENERGETICS AND DYNAMICS (TIMED) MISSION PHASE E (FOLLOW ON FROM ARDES I BASIC NNN06AA01C TASK ORDER NNN13AA06C),080,NATIONAL AERONAUTICS AND SPACE ADMINISTRATION (NASA),8000,NATIONAL AERONAUTICS AND SPACE ADMINISTRATION,80MSFC,NASA MARSHALL SPACE FLIGHT CENTER,080,NATIONAL AERONAUTICS AND SPACE ADMINISTRATION (NASA),8000,NATIONAL AERONAUTICS AND SPACE ADMINISTRATION,80MSFC,NASA MARSHALL SPACE FLIGHT CENTER,C1HBCJ9RMBV3,,THE JOHNS HOPKINS UNIVERSITY APPLIED PHYSICS LABORATORY LLC,"JOHNS HOPKINS UNIVERSITY APPLIED PHYSICS LABORATORY LLC, THE",C1HBCJ9RMBV3,C1HBCJ9RMBV3,THE JOHNS HOPKINS UNIVERSITY APPLIED PHYSICS LABORATORY LLC,JOHNS HOPKINS UNIVERSITY,USA,MD,HOWARD,LAUREL,MD-03,MD-03,207236005,UNITED STATES,MARYLAND,HOWARD,MD-03,MD-03,207236099,,,AR11,"SPACE R&D SERVICES; SPACE FLIGHT, RESEARCH AND SUPPORTING ACTIVITIES; BASIC RESEARCH",541715,"RESEARCH AND DEVELOPMENT IN THE PHYSICAL, ENGINEERING, AND LIFE SCIENCES (EXCEPT NANOTECHNOLOGY AND BIOTECHNOLOGY)",,,https://www.usaspending.gov/award/CONT_AWD_80MSFC20F0178_8000_80MSFC20D0004_8000/,2024-05-22
National Aeronautics and Space Administration,National Aeronautics and Space Administration,FY2024P08,,080,2024,2025,,0120,000,080-2024/2025-0120-000,"Science, National Aeronautics and Space Administration",National Aeronautics and Space Administration,,"General Science, Space, and Technology","Space flight, research, and supporting activities",080-0120,"Science, National Aeronautics and Space Administration",0001,SCIENCE (DIRECT),25.5,Research and development contracts,D,Q,Not Designated Nonemergency/Emergency/Disaster/Wildfire Suppression,,358653.34,,,CONT_AWD_80MSFC20F0178_8000_80MSFC20D0004_8000,80MSFC20F0178,80MSFC20D0004,,,2020-07-23,2020,2025-12-17,2026,2020-08-01,2028-09-30,,C,DELIVERY ORDER,,,THERMOSPHERE IONOSPHERE MESOSPHERE ENERGETICS AND DYNAMICS (TIMED) MISSION PHASE E (FOLLOW ON FROM ARDES I BASIC NNN06AA01C TASK ORDER NNN13AA06C),080,NATIONAL AERONAUTICS AND SPACE ADMINISTRATION (NASA),8000,NATIONAL AERONAUTICS AND SPACE ADMINISTRATION,80MSFC,NASA MARSHALL SPACE FLIGHT CENTER,080,NATIONAL AERONAUTICS AND SPACE ADMINISTRATION (NASA),8000,NATIONAL AERONAUTICS AND SPACE ADMINISTRATION,80MSFC,NASA MARSHALL SPACE FLIGHT CENTER,C1HBCJ9RMBV3,,THE JOHNS HOPKINS UNIVERSITY APPLIED PHYSICS LABORATORY LLC,"JOHNS HOPKINS UNIVERSITY APPLIED PHYSICS LABORATORY LLC, THE",C1HBCJ9RMBV3,C1HBCJ9RMBV3,THE JOHNS HOPKINS UNIVERSITY APPLIED PHYSICS LABORATORY LLC,JOHNS HOPKINS UNIVERSITY,USA,MD,HOWARD,LAUREL,MD-03,MD-03,207236005,UNITED STATES,MARYLAND,HOWARD,MD-03,MD-03,207236099,,,AR11,"SPACE R&D SERVICES; SPACE FLIGHT, RESEARCH AND SUPPORTING ACTIVITIES; BASIC RESEARCH",541715,"RESEARCH AND DEVELOPMENT IN THE PHYSICAL, ENGINEERING, AND LIFE SCIENCES (EXCEPT NANOTECHNOLOGY AND BIOTECHNOLOGY)",,,https://www.usaspending.gov/award/CONT_AWD_80MSFC20F0178_8000_80MSFC20D0004_8000/,2024-07-01
National Aeronautics and Space Administration,National Aeronautics and Space Administration,FY2024P08,,080,2023,2024,,0120,000,080-2023/2024-0120-000,"Science, National Aeronautics and Space Administration",National Aeronautics and Space Administration,,"General Science, Space, and Technology","Space flight, research, and supporting activities",080-0120,"Science, National Aeronautics and Space Administration",0001,SCIENCE (DIRECT),25.5,Research and development contracts,D,Q,Not Designated Nonemergency/Emergency/Disaster/Wildfire Suppression,,650733.77,,,CONT_AWD_80MSFC20F0178_8000_80MSFC20D0004_8000,80MSFC20F0178,80MSFC20D0004,,,2020-07-23,2020,2025-12-17,2026,2020-08-01,2028-09-30,,C,DELIVERY ORDER,,,THERMOSPHERE IONOSPHERE MESOSPHERE ENERGETICS AND DYNAMICS (TIMED) MISSION PHASE E (FOLLOW ON FROM ARDES I BASIC NNN06AA01C TASK ORDER NNN13AA06C),080,NATIONAL AERONAUTICS AND SPACE ADMINISTRATION (NASA),8000,NATIONAL AERONAUTICS AND SPACE ADMINISTRATION,80MSFC,NASA MARSHALL SPACE FLIGHT CENTER,080,NATIONAL AERONAUTICS AND SPACE ADMINISTRATION (NASA),8000,NATIONAL AERONAUTICS AND SPACE ADMINISTRATION,80MSFC,NASA MARSHALL SPACE FLIGHT CENTER,C1HBCJ9RMBV3,,THE JOHNS HOPKINS UNIVERSITY APPLIED PHYSICS LABORATORY LLC,"JOHNS HOPKINS UNIVERSITY APPLIED PHYSICS LABORATORY LLC, THE",C1HBCJ9RMBV3,C1HBCJ9RMBV3,THE JOHNS HOPKINS UNIVERSITY APPLIED PHYSICS LABORATORY LLC,JOHNS HOPKINS UNIVERSITY,USA,MD,HOWARD,LAUREL,MD-03,MD-03,207236005,UNITED STATES,MARYLAND,HOWARD,MD-03,MD-03,207236099,,,AR11,"SPACE R&D SERVICES; SPACE FLIGHT, RESEARCH AND SUPPORTING ACTIVITIES; BASIC RESEARCH",541715,"RESEARCH AND DEVELOPMENT IN THE PHYSICAL, ENGINEERING, AND LIFE SCIENCES (EXCEPT NANOTECHNOLOGY AND BIOTECHNOLOGY)",,,https://www.usaspending.gov/award/CONT_AWD_80MSFC20F0178_8000_80MSFC20D0004_8000/,2024-07-01
National Aeronautics and Space Administration,National Aeronautics and Space Administration,FY2024P09,,080,2024,2025,,0120,000,080-2024/2025-0120-000,"Science, National Aeronautics and Space Administration",National Aeronautics and Space Administration,,"General Science, Space, and Technology","Space flight, research, and supporting activities",080-0120,"Science, National Aeronautics and Space Administration",0001,SCIENCE (DIRECT),25.5,Research and development contracts,D,Q,Not Designated Nonemergency/Emergency/Disaster/Wildfire Suppression,,511314.34,,,CONT_AWD_80MSFC20F0178_8000_80MSFC20D0004_8000,80MSFC20F0178,80MSFC20D0004,,,2020-07-23,2020,2025-12-17,2026,2020-08-01,2028-09-30,,C,DELIVERY ORDER,,,THERMOSPHERE IONOSPHERE MESOSPHERE ENERGETICS AND DYNAMICS (TIMED) MISSION PHASE E (FOLLOW ON FROM ARDES I BASIC NNN06AA01C TASK ORDER NNN13AA06C),080,NATIONAL AERONAUTICS AND SPACE ADMINISTRATION (NASA),8000,NATIONAL AERONAUTICS AND SPACE ADMINISTRATION,80MSFC,NASA MARSHALL SPACE FLIGHT CENTER,080,NATIONAL AERONAUTICS AND SPACE ADMINISTRATION (NASA),8000,NATIONAL AERONAUTICS AND SPACE ADMINISTRATION,80MSFC,NASA MARSHALL SPACE FLIGHT CENTER,C1HBCJ9RMBV3,,THE JOHNS HOPKINS UNIVERSITY APPLIED PHYSICS LABORATORY LLC,"JOHNS HOPKINS UNIVERSITY APPLIED PHYSICS LABORATORY LLC, THE",C1HBCJ9RMBV3,C1HBCJ9RMBV3,THE JOHNS HOPKINS UNIVERSITY APPLIED PHYSICS LABORATORY LLC,JOHNS HOPKINS UNIVERSITY,USA,MD,HOWARD,LAUREL,MD-03,MD-03,207236005,UNITED STATES,MARYLAND,HOWARD,MD-03,MD-03,207236099,,,AR11,"SPACE R&D SERVICES; SPACE FLIGHT, RESEARCH AND SUPPORTING ACTIVITIES; BASIC RESEARCH",541715,"RESEARCH AND DEVELOPMENT IN THE PHYSICAL, ENGINEERING, AND LIFE SCIENCES (EXCEPT NANOTECHNOLOGY AND BIOTECHNOLOGY)",,,https://www.usaspending.gov/award/CONT_AWD_80MSFC20F0178_8000_80MSFC20D0004_8000/,2024-07-29
National Aeronautics and Space Administration,National Aeronautics and Space Administration,FY2024P09,,080,2023,2024,,0120,000,080-2023/2024-0120-000,"Science, National Aeronautics and Space Administration",National Aeronautics and Space Administration,,"General Science, Space, and Technology","Space flight, research, and supporting activities",080-0120,"Science, National Aeronautics and Space Administration",0001,SCIENCE (DIRECT),25.5,Research and development contracts,D,Q,Not Designated Nonemergency/Emergency/Disaster/Wildfire Suppression,,650733.77,,,CONT_AWD_80MSFC20F0178_8000_80MSFC20D0004_8000,80MSFC20F0178,80MSFC20D0004,,,2020-07-23,2020,2025-12-17,2026,2020-08-01,2028-09-30,,C,DELIVERY ORDER,,,THERMOSPHERE IONOSPHERE MESOSPHERE ENERGETICS AND DYNAMICS (TIMED) MISSION PHASE E (FOLLOW ON FROM ARDES I BASIC NNN06AA01C TASK ORDER NNN13AA06C),080,NATIONAL AERONAUTICS AND SPACE ADMINISTRATION (NASA),8000,NATIONAL AERONAUTICS AND SPACE ADMINISTRATION,80MSFC,NASA MARSHALL SPACE FLIGHT CENTER,080,NATIONAL AERONAUTICS AND SPACE ADMINISTRATION (NASA),8000,NATIONAL AERONAUTICS AND SPACE ADMINISTRATION,80MSFC,NASA MARSHALL SPACE FLIGHT CENTER,C1HBCJ9RMBV3,,THE JOHNS HOPKINS UNIVERSITY APPLIED PHYSICS LABORATORY LLC,"JOHNS HOPKINS UNIVERSITY APPLIED PHYSICS LABORATORY LLC, THE",C1HBCJ9RMBV3,C1HBCJ9RMBV3,THE JOHNS HOPKINS UNIVERSITY APPLIED PHYSICS LABORATORY LLC,JOHNS HOPKINS UNIVERSITY,USA,MD,HOWARD,LAUREL,MD-03,MD-03,207236005,UNITED STATES,MARYLAND,HOWARD,MD-03,MD-03,207236099,,,AR11,"SPACE R&D SERVICES; SPACE FLIGHT, RESEARCH AND SUPPORTING ACTIVITIES; BASIC RESEARCH",541715,"RESEARCH AND DEVELOPMENT IN THE PHYSICAL, ENGINEERING, AND LIFE SCIENCES (EXCEPT NANOTECHNOLOGY AND BIOTECHNOLOGY)",,,https://www.usaspending.gov/award/CONT_AWD_80MSFC20F0178_8000_80MSFC20D0004_8000/,2024-07-29
National Aeronautics and Space Administration,National Aeronautics and Space Administration,FY2024P10,,080,2024,2025,,0120,000,080-2024/2025-0120-000,"Science, National Aeronautics and Space Administration",National Aeronautics and Space Administration,,"General Science, Space, and Technology","Space flight, research, and supporting activities",080-0120,"Science, National Aeronautics and Space Administration",0001,SCIENCE (DIRECT),25.5,Research and development contracts,D,Q,Not Designated Nonemergency/Emergency/Disaster/Wildfire Suppression,,622274.39,,,CONT_AWD_80MSFC20F0178_8000_80MSFC20D0004_8000,80MSFC20F0178,80MSFC20D0004,,,2020-07-23,2020,2025-12-17,2026,2020-08-01,2028-09-30,,C,DELIVERY ORDER,,,THERMOSPHERE IONOSPHERE MESOSPHERE ENERGETICS AND DYNAMICS (TIMED) MISSION PHASE E (FOLLOW ON FROM ARDES I BASIC NNN06AA01C TASK ORDER NNN13AA06C),080,NATIONAL AERONAUTICS AND SPACE ADMINISTRATION (NASA),8000,NATIONAL AERONAUTICS AND SPACE ADMINISTRATION,80MSFC,NASA MARSHALL SPACE FLIGHT CENTER,080,NATIONAL AERONAUTICS AND SPACE ADMINISTRATION (NASA),8000,NATIONAL AERONAUTICS AND SPACE ADMINISTRATION,80MSFC,NASA MARSHALL SPACE FLIGHT CENTER,C1HBCJ9RMBV3,,THE JOHNS HOPKINS UNIVERSITY APPLIED PHYSICS LABORATORY LLC,"JOHNS HOPKINS UNIVERSITY APPLIED PHYSICS LABORATORY LLC, THE",C1HBCJ9RMBV3,C1HBCJ9RMBV3,THE JOHNS HOPKINS UNIVERSITY APPLIED PHYSICS LABORATORY LLC,JOHNS HOPKINS UNIVERSITY,USA,MD,HOWARD,LAUREL,MD-03,MD-03,207236005,UNITED STATES,MARYLAND,HOWARD,MD-03,MD-03,207236099,,,AR11,"SPACE R&D SERVICES; SPACE FLIGHT, RESEARCH AND SUPPORTING ACTIVITIES; BASIC RESEARCH",541715,"RESEARCH AND DEVELOPMENT IN THE PHYSICAL, ENGINEERING, AND LIFE SCIENCES (EXCEPT NANOTECHNOLOGY AND BIOTECHNOLOGY)",,,https://www.usaspending.gov/award/CONT_AWD_80MSFC20F0178_8000_80MSFC20D0004_8000/,2024-08-26
National Aeronautics and Space Administration,National Aeronautics and Space Administration,FY2024P10,,080,2024,2025,,0120,000,080-2024/2025-0120-000,"Science, National Aeronautics and Space Administration",National Aeronautics and Space Administration,,"General Science, Space, and Technology","Space flight, research, and supporting activities",080-0120,"Science, National Aeronautics and Space Administration",0001,SCIENCE (DIRECT),25.5,Research and development contracts,D,Q,Not Designated Nonemergency/Emergency/Disaster/Wildfire Suppression,356210.00,,,,CONT_AWD_80MSFC20F0178_8000_80MSFC20D0004_8000,80MSFC20F0178,80MSFC20D0004,,,2020-07-23,2020,2025-12-17,2026,2020-08-01,2028-09-30,,C,DELIVERY ORDER,,,THERMOSPHERE IONOSPHERE MESOSPHERE ENERGETICS AND DYNAMICS (TIMED) MISSION PHASE E (FOLLOW ON FROM ARDES I BASIC NNN06AA01C TASK ORDER NNN13AA06C),080,NATIONAL AERONAUTICS AND SPACE ADMINISTRATION (NASA),8000,NATIONAL AERONAUTICS AND SPACE ADMINISTRATION,80MSFC,NASA MARSHALL SPACE FLIGHT CENTER,080,NATIONAL AERONAUTICS AND SPACE ADMINISTRATION (NASA),8000,NATIONAL AERONAUTICS AND SPACE ADMINISTRATION,80MSFC,NASA MARSHALL SPACE FLIGHT CENTER,C1HBCJ9RMBV3,,THE JOHNS HOPKINS UNIVERSITY APPLIED PHYSICS LABORATORY LLC,"JOHNS HOPKINS UNIVERSITY APPLIED PHYSICS LABORATORY LLC, THE",C1HBCJ9RMBV3,C1HBCJ9RMBV3,THE JOHNS HOPKINS UNIVERSITY APPLIED PHYSICS LABORATORY LLC,JOHNS HOPKINS UNIVERSITY,USA,MD,HOWARD,LAUREL,MD-03,MD-03,207236005,UNITED STATES,MARYLAND,HOWARD,MD-03,MD-03,207236099,,,AR11,"SPACE R&D SERVICES; SPACE FLIGHT, RESEARCH AND SUPPORTING ACTIVITIES; BASIC RESEARCH",541715,"RESEARCH AND DEVELOPMENT IN THE PHYSICAL, ENGINEERING, AND LIFE SCIENCES (EXCEPT NANOTECHNOLOGY AND BIOTECHNOLOGY)",,,https://www.usaspending.gov/award/CONT_AWD_80MSFC20F0178_8000_80MSFC20D0004_8000/,2024-08-26
National Aeronautics and Space Administration,National Aeronautics and Space Administration,FY2024P10,,080,2023,2024,,0120,000,080-2023/2024-0120-000,"Science, National Aeronautics and Space Administration",National Aeronautics and Space Administration,,"General Science, Space, and Technology","Space flight, research, and supporting activities",080-0120,"Science, National Aeronautics and Space Administration",0001,SCIENCE (DIRECT),25.5,Research and development contracts,D,Q,Not Designated Nonemergency/Emergency/Disaster/Wildfire Suppression,,650733.77,,,CONT_AWD_80MSFC20F0178_8000_80MSFC20D0004_8000,80MSFC20F0178,80MSFC20D0004,,,2020-07-23,2020,2025-12-17,2026,2020-08-01,2028-09-30,,C,DELIVERY ORDER,,,THERMOSPHERE IONOSPHERE MESOSPHERE ENERGETICS AND DYNAMICS (TIMED) MISSION PHASE E (FOLLOW ON FROM ARDES I BASIC NNN06AA01C TASK ORDER NNN13AA06C),080,NATIONAL AERONAUTICS AND SPACE ADMINISTRATION (NASA),8000,NATIONAL AERONAUTICS AND SPACE ADMINISTRATION,80MSFC,NASA MARSHALL SPACE FLIGHT CENTER,080,NATIONAL AERONAUTICS AND SPACE ADMINISTRATION (NASA),8000,NATIONAL AERONAUTICS AND SPACE ADMINISTRATION,80MSFC,NASA MARSHALL SPACE FLIGHT CENTER,C1HBCJ9RMBV3,,THE JOHNS HOPKINS UNIVERSITY APPLIED PHYSICS LABORATORY LLC,"JOHNS HOPKINS UNIVERSITY APPLIED PHYSICS LABORATORY LLC, THE",C1HBCJ9RMBV3,C1HBCJ9RMBV3,THE JOHNS HOPKINS UNIVERSITY APPLIED PHYSICS LABORATORY LLC,JOHNS HOPKINS UNIVERSITY,USA,MD,HOWARD,LAUREL,MD-03,MD-03,207236005,UNITED STATES,MARYLAND,HOWARD,MD-03,MD-03,207236099,,,AR11,"SPACE R&D SERVICES; SPACE FLIGHT, RESEARCH AND SUPPORTING ACTIVITIES; BASIC RESEARCH",541715,"RESEARCH AND DEVELOPMENT IN THE PHYSICAL, ENGINEERING, AND LIFE SCIENCES (EXCEPT NANOTECHNOLOGY AND BIOTECHNOLOGY)",,,https://www.usaspending.gov/award/CONT_AWD_80MSFC20F0178_8000_80MSFC20D0004_8000/,2024-08-26
National Aeronautics and Space Administration,National Aeronautics and Space Administration,FY2024P11,,080,2023,2024,,0120,000,080-2023/2024-0120-000,"Science, National Aeronautics and Space Administration",National Aeronautics and Space Administration,,"General Science, Space, and Technology","Space flight, research, and supporting activities",080-0120,"Science, National Aeronautics and Space Administration",0001,SCIENCE (DIRECT),25.5,Research and development contracts,D,Q,Not Designated Nonemergency/Emergency/Disaster/Wildfire Suppression,,650733.77,,,CONT_AWD_80MSFC20F0178_8000_80MSFC20D0004_8000,80MSFC20F0178,80MSFC20D0004,,,2020-07-23,2020,2025-12-17,2026,2020-08-01,2028-09-30,,C,DELIVERY ORDER,,,THERMOSPHERE IONOSPHERE MESOSPHERE ENERGETICS AND DYNAMICS (TIMED) MISSION PHASE E (FOLLOW ON FROM ARDES I BASIC NNN06AA01C TASK ORDER NNN13AA06C),080,NATIONAL AERONAUTICS AND SPACE ADMINISTRATION (NASA),8000,NATIONAL AERONAUTICS AND SPACE ADMINISTRATION,80MSFC,NASA MARSHALL SPACE FLIGHT CENTER,080,NATIONAL AERONAUTICS AND SPACE ADMINISTRATION (NASA),8000,NATIONAL AERONAUTICS AND SPACE ADMINISTRATION,80MSFC,NASA MARSHALL SPACE FLIGHT CENTER,C1HBCJ9RMBV3,,THE JOHNS HOPKINS UNIVERSITY APPLIED PHYSICS LABORATORY LLC,"JOHNS HOPKINS UNIVERSITY APPLIED PHYSICS LABORATORY LLC, THE",C1HBCJ9RMBV3,C1HBCJ9RMBV3,THE JOHNS HOPKINS UNIVERSITY APPLIED PHYSICS LABORATORY LLC,JOHNS HOPKINS UNIVERSITY,USA,MD,HOWARD,LAUREL,MD-03,MD-03,207236005,UNITED STATES,MARYLAND,HOWARD,MD-03,MD-03,207236099,,,AR11,"SPACE R&D SERVICES; SPACE FLIGHT, RESEARCH AND SUPPORTING ACTIVITIES; BASIC RESEARCH",541715,"RESEARCH AND DEVELOPMENT IN THE PHYSICAL, ENGINEERING, AND LIFE SCIENCES (EXCEPT NANOTECHNOLOGY AND BIOTECHNOLOGY)",,,https://www.usaspending.gov/award/CONT_AWD_80MSFC20F0178_8000_80MSFC20D0004_8000/,2024-09-30
National Aeronautics and Space Administration,National Aeronautics and Space Administration,FY2024P11,,080,2024,2025,,0120,000,080-2024/2025-0120-000,"Science, National Aeronautics and Space Administration",National Aeronautics and Space Administration,,"General Science, Space, and Technology","Space flight, research, and supporting activities",080-0120,"Science, National Aeronautics and Space Administration",0001,SCIENCE (DIRECT),25.5,Research and development contracts,D,Q,Not Designated Nonemergency/Emergency/Disaster/Wildfire Suppression,,754352.59,,,CONT_AWD_80MSFC20F0178_8000_80MSFC20D0004_8000,80MSFC20F0178,80MSFC20D0004,,,2020-07-23,2020,2025-12-17,2026,2020-08-01,2028-09-30,,C,DELIVERY ORDER,,,THERMOSPHERE IONOSPHERE MESOSPHERE ENERGETICS AND DYNAMICS (TIMED) MISSION PHASE E (FOLLOW ON FROM ARDES I BASIC NNN06AA01C TASK ORDER NNN13AA06C),080,NATIONAL AERONAUTICS AND SPACE ADMINISTRATION (NASA),8000,NATIONAL AERONAUTICS AND SPACE ADMINISTRATION,80MSFC,NASA MARSHALL SPACE FLIGHT CENTER,080,NATIONAL AERONAUTICS AND SPACE ADMINISTRATION (NASA),8000,NATIONAL AERONAUTICS AND SPACE ADMINISTRATION,80MSFC,NASA MARSHALL SPACE FLIGHT CENTER,C1HBCJ9RMBV3,,THE JOHNS HOPKINS UNIVERSITY APPLIED PHYSICS LABORATORY LLC,"JOHNS HOPKINS UNIVERSITY APPLIED PHYSICS LABORATORY LLC, THE",C1HBCJ9RMBV3,C1HBCJ9RMBV3,THE JOHNS HOPKINS UNIVERSITY APPLIED PHYSICS LABORATORY LLC,JOHNS HOPKINS UNIVERSITY,USA,MD,HOWARD,LAUREL,MD-03,MD-03,207236005,UNITED STATES,MARYLAND,HOWARD,MD-03,MD-03,207236099,,,AR11,"SPACE R&D SERVICES; SPACE FLIGHT, RESEARCH AND SUPPORTING ACTIVITIES; BASIC RESEARCH",541715,"RESEARCH AND DEVELOPMENT IN THE PHYSICAL, ENGINEERING, AND LIFE SCIENCES (EXCEPT NANOTECHNOLOGY AND BIOTECHNOLOGY)",,,https://www.usaspending.gov/award/CONT_AWD_80MSFC20F0178_8000_80MSFC20D0004_8000/,2024-09-30
National Aeronautics and Space Administration,National Aeronautics and Space Administration,FY2024P12,,080,2023,2024,,0120,000,080-2023/2024-0120-000,"Science, National Aeronautics and Space Administration",National Aeronautics and Space Administration,,"General Science, Space, and Technology","Space flight, research, and supporting activities",080-0120,"Science, National Aeronautics and Space Administration",0001,SCIENCE (DIRECT),25.5,Research and development contracts,D,Q,Not Designated Nonemergency/Emergency/Disaster/Wildfire Suppression,,650733.77,,,CONT_AWD_80MSFC20F0178_8000_80MSFC20D0004_8000,80MSFC20F0178,80MSFC20D0004,,,2020-07-23,2020,2025-12-17,2026,2020-08-01,2028-09-30,,C,DELIVERY ORDER,,,THERMOSPHERE IONOSPHERE MESOSPHERE ENERGETICS AND DYNAMICS (TIMED) MISSION PHASE E (FOLLOW ON FROM ARDES I BASIC NNN06AA01C TASK ORDER NNN13AA06C),080,NATIONAL AERONAUTICS AND SPACE ADMINISTRATION (NASA),8000,NATIONAL AERONAUTICS AND SPACE ADMINISTRATION,80MSFC,NASA MARSHALL SPACE FLIGHT CENTER,080,NATIONAL AERONAUTICS AND SPACE ADMINISTRATION (NASA),8000,NATIONAL AERONAUTICS AND SPACE ADMINISTRATION,80MSFC,NASA MARSHALL SPACE FLIGHT CENTER,C1HBCJ9RMBV3,,THE JOHNS HOPKINS UNIVERSITY APPLIED PHYSICS LABORATORY LLC,"JOHNS HOPKINS UNIVERSITY APPLIED PHYSICS LABORATORY LLC, THE",C1HBCJ9RMBV3,C1HBCJ9RMBV3,THE JOHNS HOPKINS UNIVERSITY APPLIED PHYSICS LABORATORY LLC,JOHNS HOPKINS UNIVERSITY,USA,MD,HOWARD,LAUREL,MD-03,MD-03,207236005,UNITED STATES,MARYLAND,HOWARD,MD-03,MD-03,207236099,,,AR11,"SPACE R&D SERVICES; SPACE FLIGHT, RESEARCH AND SUPPORTING ACTIVITIES; BASIC RESEARCH",541715,"RESEARCH AND DEVELOPMENT IN THE PHYSICAL, ENGINEERING, AND LIFE SCIENCES (EXCEPT NANOTECHNOLOGY AND BIOTECHNOLOGY)",,,https://www.usaspending.gov/award/CONT_AWD_80MSFC20F0178_8000_80MSFC20D0004_8000/,2024-11-07
National Aeronautics and Space Administration,National Aeronautics and Space Administration,FY2024P12,,080,2024,2025,,0120,000,080-2024/2025-0120-000,"Science, National Aeronautics and Space Administration",National Aeronautics and Space Administration,,"General Science, Space, and Technology","Space flight, research, and supporting activities",080-0120,"Science, National Aeronautics and Space Administration",0001,SCIENCE (DIRECT),25.5,Research and development contracts,D,Q,Not Designated Nonemergency/Emergency/Disaster/Wildfire Suppression,,856862.15,,,CONT_AWD_80MSFC20F0178_8000_80MSFC20D0004_8000,80MSFC20F0178,80MSFC20D0004,,,2020-07-23,2020,2025-12-17,2026,2020-08-01,2028-09-30,,C,DELIVERY ORDER,,,THERMOSPHERE IONOSPHERE MESOSPHERE ENERGETICS AND DYNAMICS (TIMED) MISSION PHASE E (FOLLOW ON FROM ARDES I BASIC NNN06AA01C TASK ORDER NNN13AA06C),080,NATIONAL AERONAUTICS AND SPACE ADMINISTRATION (NASA),8000,NATIONAL AERONAUTICS AND SPACE ADMINISTRATION,80MSFC,NASA MARSHALL SPACE FLIGHT CENTER,080,NATIONAL AERONAUTICS AND SPACE ADMINISTRATION (NASA),8000,NATIONAL AERONAUTICS AND SPACE ADMINISTRATION,80MSFC,NASA MARSHALL SPACE FLIGHT CENTER,C1HBCJ9RMBV3,,THE JOHNS HOPKINS UNIVERSITY APPLIED PHYSICS LABORATORY LLC,"JOHNS HOPKINS UNIVERSITY APPLIED PHYSICS LABORATORY LLC, THE",C1HBCJ9RMBV3,C1HBCJ9RMBV3,THE JOHNS HOPKINS UNIVERSITY APPLIED PHYSICS LABORATORY LLC,JOHNS HOPKINS UNIVERSITY,USA,MD,HOWARD,LAUREL,MD-03,MD-03,207236005,UNITED STATES,MARYLAND,HOWARD,MD-03,MD-03,207236099,,,AR11,"SPACE R&D SERVICES; SPACE FLIGHT, RESEARCH AND SUPPORTING ACTIVITIES; BASIC RESEARCH",541715,"RESEARCH AND DEVELOPMENT IN THE PHYSICAL, ENGINEERING, AND LIFE SCIENCES (EXCEPT NANOTECHNOLOGY AND BIOTECHNOLOGY)",,,https://www.usaspending.gov/award/CONT_AWD_80MSFC20F0178_8000_80MSFC20D0004_8000/,2024-11-07
National Aeronautics and Space Administration,National Aeronautics and Space Administration,FY2025P02,,080,2024,2025,,0120,000,080-2024/2025-0120-000,"Science, National Aeronautics and Space Administration",National Aeronautics and Space Administration,,"General Science, Space, and Technology","Space flight, research, and supporting activities",080-0120,"Science, National Aeronautics and Space Administration",0001,SCIENCE (DIRECT),25.5,Research and development contracts,D,Q,Not Designated Nonemergency/Emergency/Disaster/Wildfire Suppression,,231507.17,0.00,0.00,CONT_AWD_80MSFC20F0178_8000_80MSFC20D0004_8000,80MSFC20F0178,80MSFC20D0004,,,2020-07-23,2020,2025-12-17,2026,2020-08-01,2028-09-30,,C,DELIVERY ORDER,,,THERMOSPHERE IONOSPHERE MESOSPHERE ENERGETICS AND DYNAMICS (TIMED) MISSION PHASE E (FOLLOW ON FROM ARDES I BASIC NNN06AA01C TASK ORDER NNN13AA06C),080,NATIONAL AERONAUTICS AND SPACE ADMINISTRATION (NASA),8000,NATIONAL AERONAUTICS AND SPACE ADMINISTRATION,80MSFC,NASA MARSHALL SPACE FLIGHT CENTER,080,NATIONAL AERONAUTICS AND SPACE ADMINISTRATION (NASA),8000,NATIONAL AERONAUTICS AND SPACE ADMINISTRATION,80MSFC,NASA MARSHALL SPACE FLIGHT CENTER,C1HBCJ9RMBV3,,THE JOHNS HOPKINS UNIVERSITY APPLIED PHYSICS LABORATORY LLC,"JOHNS HOPKINS UNIVERSITY APPLIED PHYSICS LABORATORY LLC, THE",C1HBCJ9RMBV3,C1HBCJ9RMBV3,THE JOHNS HOPKINS UNIVERSITY APPLIED PHYSICS LABORATORY LLC,JOHNS HOPKINS UNIVERSITY,USA,MD,HOWARD,LAUREL,MD-03,MD-03,207236005,UNITED STATES,MARYLAND,HOWARD,MD-03,MD-03,207236099,,,AR11,"SPACE R&D SERVICES; SPACE FLIGHT, RESEARCH AND SUPPORTING ACTIVITIES; BASIC RESEARCH",541715,"RESEARCH AND DEVELOPMENT IN THE PHYSICAL, ENGINEERING, AND LIFE SCIENCES (EXCEPT NANOTECHNOLOGY AND BIOTECHNOLOGY)",,,https://www.usaspending.gov/award/CONT_AWD_80MSFC20F0178_8000_80MSFC20D0004_8000/,2024-12-20
National Aeronautics and Space Administration,National Aeronautics and Space Administration,FY2025P02,,080,2024,2025,,0120,000,080-2024/2025-0120-000,"Science, National Aeronautics and Space Administration",National Aeronautics and Space Administration,,"General Science, Space, and Technology","Space flight, research, and supporting activities",080-0120,"Science, National Aeronautics and Space Administration",0001,SCIENCE (DIRECT),25.5,Research and development contracts,D,Q,Not Designated Nonemergency/Emergency/Disaster/Wildfire Suppression,20000.00,,,,CONT_AWD_80MSFC20F0178_8000_80MSFC20D0004_8000,80MSFC20F0178,80MSFC20D0004,,,2020-07-23,2020,2025-12-17,2026,2020-08-01,2028-09-30,,C,DELIVERY ORDER,,,THERMOSPHERE IONOSPHERE MESOSPHERE ENERGETICS AND DYNAMICS (TIMED) MISSION PHASE E (FOLLOW ON FROM ARDES I BASIC NNN06AA01C TASK ORDER NNN13AA06C),080,NATIONAL AERONAUTICS AND SPACE ADMINISTRATION (NASA),8000,NATIONAL AERONAUTICS AND SPACE ADMINISTRATION,80MSFC,NASA MARSHALL SPACE FLIGHT CENTER,080,NATIONAL AERONAUTICS AND SPACE ADMINISTRATION (NASA),8000,NATIONAL AERONAUTICS AND SPACE ADMINISTRATION,80MSFC,NASA MARSHALL SPACE FLIGHT CENTER,C1HBCJ9RMBV3,,THE JOHNS HOPKINS UNIVERSITY APPLIED PHYSICS LABORATORY LLC,"JOHNS HOPKINS UNIVERSITY APPLIED PHYSICS LABORATORY LLC, THE",C1HBCJ9RMBV3,C1HBCJ9RMBV3,THE JOHNS HOPKINS UNIVERSITY APPLIED PHYSICS LABORATORY LLC,JOHNS HOPKINS UNIVERSITY,USA,MD,HOWARD,LAUREL,MD-03,MD-03,207236005,UNITED STATES,MARYLAND,HOWARD,MD-03,MD-03,207236099,,,AR11,"SPACE R&D SERVICES; SPACE FLIGHT, RESEARCH AND SUPPORTING ACTIVITIES; BASIC RESEARCH",541715,"RESEARCH AND DEVELOPMENT IN THE PHYSICAL, ENGINEERING, AND LIFE SCIENCES (EXCEPT NANOTECHNOLOGY AND BIOTECHNOLOGY)",,,https://www.usaspending.gov/award/CONT_AWD_80MSFC20F0178_8000_80MSFC20D0004_8000/,2024-12-20
National Aeronautics and Space Administration,National Aeronautics and Space Administration,FY2025P02,,080,2025,2026,,0120,000,080-2025/2026-0120-000,"Science, National Aeronautics and Space Administration",National Aeronautics and Space Administration,,"General Science, Space, and Technology","Space flight, research, and supporting activities",080-0120,"Science, National Aeronautics and Space Administration",0001,SCIENCE (DIRECT),25.5,Research and development contracts,D,Q,Not Designated Nonemergency/Emergency/Disaster/Wildfire Suppression,367934.00,,,,CONT_AWD_80MSFC20F0178_8000_80MSFC20D0004_8000,80MSFC20F0178,80MSFC20D0004,,,2020-07-23,2020,2025-12-17,2026,2020-08-01,2028-09-30,,C,DELIVERY ORDER,,,THERMOSPHERE IONOSPHERE MESOSPHERE ENERGETICS AND DYNAMICS (TIMED) MISSION PHASE E (FOLLOW ON FROM ARDES I BASIC NNN06AA01C TASK ORDER NNN13AA06C),080,NATIONAL AERONAUTICS AND SPACE ADMINISTRATION (NASA),8000,NATIONAL AERONAUTICS AND SPACE ADMINISTRATION,80MSFC,NASA MARSHALL SPACE FLIGHT CENTER,080,NATIONAL AERONAUTICS AND SPACE ADMINISTRATION (NASA),8000,NATIONAL AERONAUTICS AND SPACE ADMINISTRATION,80MSFC,NASA MARSHALL SPACE FLIGHT CENTER,C1HBCJ9RMBV3,,THE JOHNS HOPKINS UNIVERSITY APPLIED PHYSICS LABORATORY LLC,"JOHNS HOPKINS UNIVERSITY APPLIED PHYSICS LABORATORY LLC, THE",C1HBCJ9RMBV3,C1HBCJ9RMBV3,THE JOHNS HOPKINS UNIVERSITY APPLIED PHYSICS LABORATORY LLC,JOHNS HOPKINS UNIVERSITY,USA,MD,HOWARD,LAUREL,MD-03,MD-03,207236005,UNITED STATES,MARYLAND,HOWARD,MD-03,MD-03,207236099,,,AR11,"SPACE R&D SERVICES; SPACE FLIGHT, RESEARCH AND SUPPORTING ACTIVITIES; BASIC RESEARCH",541715,"RESEARCH AND DEVELOPMENT IN THE PHYSICAL, ENGINEERING, AND LIFE SCIENCES (EXCEPT NANOTECHNOLOGY AND BIOTECHNOLOGY)",,,https://www.usaspending.gov/award/CONT_AWD_80MSFC20F0178_8000_80MSFC20D0004_8000/,2024-12-20
National Aeronautics and Space Administration,National Aeronautics and Space Administration,FY2025P03,,080,2024,2025,,0120,000,080-2024/2025-0120-000,"Science, National Aeronautics and Space Administration",National Aeronautics and Space Administration,,"General Science, Space, and Technology","Space flight, research, and supporting activities",080-0120,"Science, National Aeronautics and Space Administration",0001,SCIENCE (DIRECT),25.5,Research and development contracts,D,Q,Not Designated Nonemergency/Emergency/Disaster/Wildfire Suppression,,358870.17,0.00,0.00,CONT_AWD_80MSFC20F0178_8000_80MSFC20D0004_8000,80MSFC20F0178,80MSFC20D0004,,,2020-07-23,2020,2025-12-17,2026,2020-08-01,2028-09-30,,C,DELIVERY ORDER,,,THERMOSPHERE IONOSPHERE MESOSPHERE ENERGETICS AND DYNAMICS (TIMED) MISSION PHASE E (FOLLOW ON FROM ARDES I BASIC NNN06AA01C TASK ORDER NNN13AA06C),080,NATIONAL AERONAUTICS AND SPACE ADMINISTRATION (NASA),8000,NATIONAL AERONAUTICS AND SPACE ADMINISTRATION,80MSFC,NASA MARSHALL SPACE FLIGHT CENTER,080,NATIONAL AERONAUTICS AND SPACE ADMINISTRATION (NASA),8000,NATIONAL AERONAUTICS AND SPACE ADMINISTRATION,80MSFC,NASA MARSHALL SPACE FLIGHT CENTER,C1HBCJ9RMBV3,,THE JOHNS HOPKINS UNIVERSITY APPLIED PHYSICS LABORATORY LLC,"JOHNS HOPKINS UNIVERSITY APPLIED PHYSICS LABORATORY LLC, THE",C1HBCJ9RMBV3,C1HBCJ9RMBV3,THE JOHNS HOPKINS UNIVERSITY APPLIED PHYSICS LABORATORY LLC,JOHNS HOPKINS UNIVERSITY,USA,MD,HOWARD,LAUREL,MD-03,MD-03,207236005,UNITED STATES,MARYLAND,HOWARD,MD-03,MD-03,207236099,,,AR11,"SPACE R&D SERVICES; SPACE FLIGHT, RESEARCH AND SUPPORTING ACTIVITIES; BASIC RESEARCH",541715,"RESEARCH AND DEVELOPMENT IN THE PHYSICAL, ENGINEERING, AND LIFE SCIENCES (EXCEPT NANOTECHNOLOGY AND BIOTECHNOLOGY)",,,https://www.usaspending.gov/award/CONT_AWD_80MSFC20F0178_8000_80MSFC20D0004_8000/,2025-01-29
National Aeronautics and Space Administration,National Aeronautics and Space Administration,FY2025P03,,080,2025,2026,,0120,000,080-2025/2026-0120-000,"Science, National Aeronautics and Space Administration",National Aeronautics and Space Administration,,"General Science, Space, and Technology","Space flight, research, and supporting activities",080-0120,"Science, National Aeronautics and Space Administration",0001,SCIENCE (DIRECT),25.5,Research and development contracts,D,Q,Not Designated Nonemergency/Emergency/Disaster/Wildfire Suppression,264123.00,,,,CONT_AWD_80MSFC20F0178_8000_80MSFC20D0004_8000,80MSFC20F0178,80MSFC20D0004,,,2020-07-23,2020,2025-12-17,2026,2020-08-01,2028-09-30,,C,DELIVERY ORDER,,,THERMOSPHERE IONOSPHERE MESOSPHERE ENERGETICS AND DYNAMICS (TIMED) MISSION PHASE E (FOLLOW ON FROM ARDES I BASIC NNN06AA01C TASK ORDER NNN13AA06C),080,NATIONAL AERONAUTICS AND SPACE ADMINISTRATION (NASA),8000,NATIONAL AERONAUTICS AND SPACE ADMINISTRATION,80MSFC,NASA MARSHALL SPACE FLIGHT CENTER,080,NATIONAL AERONAUTICS AND SPACE ADMINISTRATION (NASA),8000,NATIONAL AERONAUTICS AND SPACE ADMINISTRATION,80MSFC,NASA MARSHALL SPACE FLIGHT CENTER,C1HBCJ9RMBV3,,THE JOHNS HOPKINS UNIVERSITY APPLIED PHYSICS LABORATORY LLC,"JOHNS HOPKINS UNIVERSITY APPLIED PHYSICS LABORATORY LLC, THE",C1HBCJ9RMBV3,C1HBCJ9RMBV3,THE JOHNS HOPKINS UNIVERSITY APPLIED PHYSICS LABORATORY LLC,JOHNS HOPKINS UNIVERSITY,USA,MD,HOWARD,LAUREL,MD-03,MD-03,207236005,UNITED STATES,MARYLAND,HOWARD,MD-03,MD-03,207236099,,,AR11,"SPACE R&D SERVICES; SPACE FLIGHT, RESEARCH AND SUPPORTING ACTIVITIES; BASIC RESEARCH",541715,"RESEARCH AND DEVELOPMENT IN THE PHYSICAL, ENGINEERING, AND LIFE SCIENCES (EXCEPT NANOTECHNOLOGY AND BIOTECHNOLOGY)",,,https://www.usaspending.gov/award/CONT_AWD_80MSFC20F0178_8000_80MSFC20D0004_8000/,2025-01-29
National Aeronautics and Space Administration,National Aeronautics and Space Administration,FY2025P04,,080,2024,2025,,0120,000,080-2024/2025-0120-000,"Science, National Aeronautics and Space Administration",National Aeronautics and Space Administration,,"General Science, Space, and Technology","Space flight, research, and supporting activities",080-0120,"Science, National Aeronautics and Space Administration",0001,SCIENCE (DIRECT),25.5,Research and development contracts,D,Q,Not Designated Nonemergency/Emergency/Disaster/Wildfire Suppression,,422347.85,0.00,0.00,CONT_AWD_80MSFC20F0178_8000_80MSFC20D0004_8000,80MSFC20F0178,80MSFC20D0004,,,2020-07-23,2020,2025-12-17,2026,2020-08-01,2028-09-30,,C,DELIVERY ORDER,,,THERMOSPHERE IONOSPHERE MESOSPHERE ENERGETICS AND DYNAMICS (TIMED) MISSION PHASE E (FOLLOW ON FROM ARDES I BASIC NNN06AA01C TASK ORDER NNN13AA06C),080,NATIONAL AERONAUTICS AND SPACE ADMINISTRATION (NASA),8000,NATIONAL AERONAUTICS AND SPACE ADMINISTRATION,80MSFC,NASA MARSHALL SPACE FLIGHT CENTER,080,NATIONAL AERONAUTICS AND SPACE ADMINISTRATION (NASA),8000,NATIONAL AERONAUTICS AND SPACE ADMINISTRATION,80MSFC,NASA MARSHALL SPACE FLIGHT CENTER,C1HBCJ9RMBV3,,THE JOHNS HOPKINS UNIVERSITY APPLIED PHYSICS LABORATORY LLC,"JOHNS HOPKINS UNIVERSITY APPLIED PHYSICS LABORATORY LLC, THE",C1HBCJ9RMBV3,C1HBCJ9RMBV3,THE JOHNS HOPKINS UNIVERSITY APPLIED PHYSICS LABORATORY LLC,JOHNS HOPKINS UNIVERSITY,USA,MD,HOWARD,LAUREL,MD-03,MD-03,207236005,UNITED STATES,MARYLAND,HOWARD,MD-03,MD-03,207236099,,,AR11,"SPACE R&D SERVICES; SPACE FLIGHT, RESEARCH AND SUPPORTING ACTIVITIES; BASIC RESEARCH",541715,"RESEARCH AND DEVELOPMENT IN THE PHYSICAL, ENGINEERING, AND LIFE SCIENCES (EXCEPT NANOTECHNOLOGY AND BIOTECHNOLOGY)",,,https://www.usaspending.gov/award/CONT_AWD_80MSFC20F0178_8000_80MSFC20D0004_8000/,2025-02-28
National Aeronautics and Space Administration,National Aeronautics and Space Administration,FY2025P04,,080,2025,2026,,0120,000,080-2025/2026-0120-000,"Science, National Aeronautics and Space Administration",National Aeronautics and Space Administration,,"General Science, Space, and Technology","Space flight, research, and supporting activities",080-0120,"Science, National Aeronautics and Space Administration",0001,SCIENCE (DIRECT),25.5,Research and development contracts,D,Q,Not Designated Nonemergency/Emergency/Disaster/Wildfire Suppression,,36132.37,0.00,0.00,CONT_AWD_80MSFC20F0178_8000_80MSFC20D0004_8000,80MSFC20F0178,80MSFC20D0004,,,2020-07-23,2020,2025-12-17,2026,2020-08-01,2028-09-30,,C,DELIVERY ORDER,,,THERMOSPHERE IONOSPHERE MESOSPHERE ENERGETICS AND DYNAMICS (TIMED) MISSION PHASE E (FOLLOW ON FROM ARDES I BASIC NNN06AA01C TASK ORDER NNN13AA06C),080,NATIONAL AERONAUTICS AND SPACE ADMINISTRATION (NASA),8000,NATIONAL AERONAUTICS AND SPACE ADMINISTRATION,80MSFC,NASA MARSHALL SPACE FLIGHT CENTER,080,NATIONAL AERONAUTICS AND SPACE ADMINISTRATION (NASA),8000,NATIONAL AERONAUTICS AND SPACE ADMINISTRATION,80MSFC,NASA MARSHALL SPACE FLIGHT CENTER,C1HBCJ9RMBV3,,THE JOHNS HOPKINS UNIVERSITY APPLIED PHYSICS LABORATORY LLC,"JOHNS HOPKINS UNIVERSITY APPLIED PHYSICS LABORATORY LLC, THE",C1HBCJ9RMBV3,C1HBCJ9RMBV3,THE JOHNS HOPKINS UNIVERSITY APPLIED PHYSICS LABORATORY LLC,JOHNS HOPKINS UNIVERSITY,USA,MD,HOWARD,LAUREL,MD-03,MD-03,207236005,UNITED STATES,MARYLAND,HOWARD,MD-03,MD-03,207236099,,,AR11,"SPACE R&D SERVICES; SPACE FLIGHT, RESEARCH AND SUPPORTING ACTIVITIES; BASIC RESEARCH",541715,"RESEARCH AND DEVELOPMENT IN THE PHYSICAL, ENGINEERING, AND LIFE SCIENCES (EXCEPT NANOTECHNOLOGY AND BIOTECHNOLOGY)",,,https://www.usaspending.gov/award/CONT_AWD_80MSFC20F0178_8000_80MSFC20D0004_8000/,2025-02-28
National Aeronautics and Space Administration,National Aeronautics and Space Administration,FY2025P05,,080,2024,2025,,0120,000,080-2024/2025-0120-000,"Science, National Aeronautics and Space Administration",National Aeronautics and Space Administration,,"General Science, Space, and Technology","Space flight, research, and supporting activities",080-0120,"Science, National Aeronautics and Space Administration",0001,SCIENCE (DIRECT),25.5,Research and development contracts,D,Q,Not Designated Nonemergency/Emergency/Disaster/Wildfire Suppression,,422347.85,0.00,0.00,CONT_AWD_80MSFC20F0178_8000_80MSFC20D0004_8000,80MSFC20F0178,80MSFC20D0004,,,2020-07-23,2020,2025-12-17,2026,2020-08-01,2028-09-30,,C,DELIVERY ORDER,,,THERMOSPHERE IONOSPHERE MESOSPHERE ENERGETICS AND DYNAMICS (TIMED) MISSION PHASE E (FOLLOW ON FROM ARDES I BASIC NNN06AA01C TASK ORDER NNN13AA06C),080,NATIONAL AERONAUTICS AND SPACE ADMINISTRATION (NASA),8000,NATIONAL AERONAUTICS AND SPACE ADMINISTRATION,80MSFC,NASA MARSHALL SPACE FLIGHT CENTER,080,NATIONAL AERONAUTICS AND SPACE ADMINISTRATION (NASA),8000,NATIONAL AERONAUTICS AND SPACE ADMINISTRATION,80MSFC,NASA MARSHALL SPACE FLIGHT CENTER,C1HBCJ9RMBV3,,THE JOHNS HOPKINS UNIVERSITY APPLIED PHYSICS LABORATORY LLC,"JOHNS HOPKINS UNIVERSITY APPLIED PHYSICS LABORATORY LLC, THE",C1HBCJ9RMBV3,C1HBCJ9RMBV3,THE JOHNS HOPKINS UNIVERSITY APPLIED PHYSICS LABORATORY LLC,JOHNS HOPKINS UNIVERSITY,USA,MD,HOWARD,LAUREL,MD-03,MD-03,207236005,UNITED STATES,MARYLAND,HOWARD,MD-03,MD-03,207236099,,,AR11,"SPACE R&D SERVICES; SPACE FLIGHT, RESEARCH AND SUPPORTING ACTIVITIES; BASIC RESEARCH",541715,"RESEARCH AND DEVELOPMENT IN THE PHYSICAL, ENGINEERING, AND LIFE SCIENCES (EXCEPT NANOTECHNOLOGY AND BIOTECHNOLOGY)",,,https://www.usaspending.gov/award/CONT_AWD_80MSFC20F0178_8000_80MSFC20D0004_8000/,2025-03-31
National Aeronautics and Space Administration,National Aeronautics and Space Administration,FY2025P05,,080,2025,2026,,0120,000,080-2025/2026-0120-000,"Science, National Aeronautics and Space Administration",National Aeronautics and Space Administration,,"General Science, Space, and Technology","Space flight, research, and supporting activities",080-0120,"Science, National Aeronautics and Space Administration",0001,SCIENCE (DIRECT),25.5,Research and development contracts,D,Q,Not Designated Nonemergency/Emergency/Disaster/Wildfire Suppression,,122540.90,0.00,0.00,CONT_AWD_80MSFC20F0178_8000_80MSFC20D0004_8000,80MSFC20F0178,80MSFC20D0004,,,2020-07-23,2020,2025-12-17,2026,2020-08-01,2028-09-30,,C,DELIVERY ORDER,,,THERMOSPHERE IONOSPHERE MESOSPHERE ENERGETICS AND DYNAMICS (TIMED) MISSION PHASE E (FOLLOW ON FROM ARDES I BASIC NNN06AA01C TASK ORDER NNN13AA06C),080,NATIONAL AERONAUTICS AND SPACE ADMINISTRATION (NASA),8000,NATIONAL AERONAUTICS AND SPACE ADMINISTRATION,80MSFC,NASA MARSHALL SPACE FLIGHT CENTER,080,NATIONAL AERONAUTICS AND SPACE ADMINISTRATION (NASA),8000,NATIONAL AERONAUTICS AND SPACE ADMINISTRATION,80MSFC,NASA MARSHALL SPACE FLIGHT CENTER,C1HBCJ9RMBV3,,THE JOHNS HOPKINS UNIVERSITY APPLIED PHYSICS LABORATORY LLC,"JOHNS HOPKINS UNIVERSITY APPLIED PHYSICS LABORATORY LLC, THE",C1HBCJ9RMBV3,C1HBCJ9RMBV3,THE JOHNS HOPKINS UNIVERSITY APPLIED PHYSICS LABORATORY LLC,JOHNS HOPKINS UNIVERSITY,USA,MD,HOWARD,LAUREL,MD-03,MD-03,207236005,UNITED STATES,MARYLAND,HOWARD,MD-03,MD-03,207236099,,,AR11,"SPACE R&D SERVICES; SPACE FLIGHT, RESEARCH AND SUPPORTING ACTIVITIES; BASIC RESEARCH",541715,"RESEARCH AND DEVELOPMENT IN THE PHYSICAL, ENGINEERING, AND LIFE SCIENCES (EXCEPT NANOTECHNOLOGY AND BIOTECHNOLOGY)",,,https://www.usaspending.gov/award/CONT_AWD_80MSFC20F0178_8000_80MSFC20D0004_8000/,2025-03-31
National Aeronautics and Space Administration,National Aeronautics and Space Administration,FY2025P06,,080,2025,2026,,0120,000,080-2025/2026-0120-000,"Science, National Aeronautics and Space Administration",National Aeronautics and Space Administration,,"General Science, Space, and Technology","Space flight, research, and supporting activities",080-0120,"Science, National Aeronautics and Space Administration",0001,SCIENCE (DIRECT),25.5,Research and development contracts,D,Q,Not Designated Nonemergency/Emergency/Disaster/Wildfire Suppression,,232255.93,0.00,0.00,CONT_AWD_80MSFC20F0178_8000_80MSFC20D0004_8000,80MSFC20F0178,80MSFC20D0004,,,2020-07-23,2020,2025-12-17,2026,2020-08-01,2028-09-30,,C,DELIVERY ORDER,,,THERMOSPHERE IONOSPHERE MESOSPHERE ENERGETICS AND DYNAMICS (TIMED) MISSION PHASE E (FOLLOW ON FROM ARDES I BASIC NNN06AA01C TASK ORDER NNN13AA06C),080,NATIONAL AERONAUTICS AND SPACE ADMINISTRATION (NASA),8000,NATIONAL AERONAUTICS AND SPACE ADMINISTRATION,80MSFC,NASA MARSHALL SPACE FLIGHT CENTER,080,NATIONAL AERONAUTICS AND SPACE ADMINISTRATION (NASA),8000,NATIONAL AERONAUTICS AND SPACE ADMINISTRATION,80MSFC,NASA MARSHALL SPACE FLIGHT CENTER,C1HBCJ9RMBV3,,THE JOHNS HOPKINS UNIVERSITY APPLIED PHYSICS LABORATORY LLC,"JOHNS HOPKINS UNIVERSITY APPLIED PHYSICS LABORATORY LLC, THE",C1HBCJ9RMBV3,C1HBCJ9RMBV3,THE JOHNS HOPKINS UNIVERSITY APPLIED PHYSICS LABORATORY LLC,JOHNS HOPKINS UNIVERSITY,USA,MD,HOWARD,LAUREL,MD-03,MD-03,207236005,UNITED STATES,MARYLAND,HOWARD,MD-03,MD-03,207236099,,,AR11,"SPACE R&D SERVICES; SPACE FLIGHT, RESEARCH AND SUPPORTING ACTIVITIES; BASIC RESEARCH",541715,"RESEARCH AND DEVELOPMENT IN THE PHYSICAL, ENGINEERING, AND LIFE SCIENCES (EXCEPT NANOTECHNOLOGY AND BIOTECHNOLOGY)",,,https://www.usaspending.gov/award/CONT_AWD_80MSFC20F0178_8000_80MSFC20D0004_8000/,2025-04-24
National Aeronautics and Space Administration,National Aeronautics and Space Administration,FY2025P06,,080,2024,2025,,0120,000,080-2024/2025-0120-000,"Science, National Aeronautics and Space Administration",National Aeronautics and Space Administration,,"General Science, Space, and Technology","Space flight, research, and supporting activities",080-0120,"Science, National Aeronautics and Space Administration",0001,SCIENCE (DIRECT),25.5,Research and development contracts,D,Q,Not Designated Nonemergency/Emergency/Disaster/Wildfire Suppression,,422347.85,0.00,0.00,CONT_AWD_80MSFC20F0178_8000_80MSFC20D0004_8000,80MSFC20F0178,80MSFC20D0004,,,2020-07-23,2020,2025-12-17,2026,2020-08-01,2028-09-30,,C,DELIVERY ORDER,,,THERMOSPHERE IONOSPHERE MESOSPHERE ENERGETICS AND DYNAMICS (TIMED) MISSION PHASE E (FOLLOW ON FROM ARDES I BASIC NNN06AA01C TASK ORDER NNN13AA06C),080,NATIONAL AERONAUTICS AND SPACE ADMINISTRATION (NASA),8000,NATIONAL AERONAUTICS AND SPACE ADMINISTRATION,80MSFC,NASA MARSHALL SPACE FLIGHT CENTER,080,NATIONAL AERONAUTICS AND SPACE ADMINISTRATION (NASA),8000,NATIONAL AERONAUTICS AND SPACE ADMINISTRATION,80MSFC,NASA MARSHALL SPACE FLIGHT CENTER,C1HBCJ9RMBV3,,THE JOHNS HOPKINS UNIVERSITY APPLIED PHYSICS LABORATORY LLC,"JOHNS HOPKINS UNIVERSITY APPLIED PHYSICS LABORATORY LLC, THE",C1HBCJ9RMBV3,C1HBCJ9RMBV3,THE JOHNS HOPKINS UNIVERSITY APPLIED PHYSICS LABORATORY LLC,JOHNS HOPKINS UNIVERSITY,USA,MD,HOWARD,LAUREL,MD-03,MD-03,207236005,UNITED STATES,MARYLAND,HOWARD,MD-03,MD-03,207236099,,,AR11,"SPACE R&D SERVICES; SPACE FLIGHT, RESEARCH AND SUPPORTING ACTIVITIES; BASIC RESEARCH",541715,"RESEARCH AND DEVELOPMENT IN THE PHYSICAL, ENGINEERING, AND LIFE SCIENCES (EXCEPT NANOTECHNOLOGY AND BIOTECHNOLOGY)",,,https://www.usaspending.gov/award/CONT_AWD_80MSFC20F0178_8000_80MSFC20D0004_8000/,2025-04-24
National Aeronautics and Space Administration,National Aeronautics and Space Administration,FY2025P07,,080,2025,2026,,0120,000,080-2025/2026-0120-000,"Science, National Aeronautics and Space Administration",National Aeronautics and Space Administration,,"General Science, Space, and Technology","Space flight, research, and supporting activities",080-0120,"Science, National Aeronautics and Space Administration",0001,SCIENCE (DIRECT),25.5,Research and development contracts,D,Q,Not Designated Nonemergency/Emergency/Disaster/Wildfire Suppression,,339560.09,0.00,0.00,CONT_AWD_80MSFC20F0178_8000_80MSFC20D0004_8000,80MSFC20F0178,80MSFC20D0004,,,2020-07-23,2020,2025-12-17,2026,2020-08-01,2028-09-30,,C,DELIVERY ORDER,,,THERMOSPHERE IONOSPHERE MESOSPHERE ENERGETICS AND DYNAMICS (TIMED) MISSION PHASE E (FOLLOW ON FROM ARDES I BASIC NNN06AA01C TASK ORDER NNN13AA06C),080,NATIONAL AERONAUTICS AND SPACE ADMINISTRATION (NASA),8000,NATIONAL AERONAUTICS AND SPACE ADMINISTRATION,80MSFC,NASA MARSHALL SPACE FLIGHT CENTER,080,NATIONAL AERONAUTICS AND SPACE ADMINISTRATION (NASA),8000,NATIONAL AERONAUTICS AND SPACE ADMINISTRATION,80MSFC,NASA MARSHALL SPACE FLIGHT CENTER,C1HBCJ9RMBV3,,THE JOHNS HOPKINS UNIVERSITY APPLIED PHYSICS LABORATORY LLC,"JOHNS HOPKINS UNIVERSITY APPLIED PHYSICS LABORATORY LLC, THE",C1HBCJ9RMBV3,C1HBCJ9RMBV3,THE JOHNS HOPKINS UNIVERSITY APPLIED PHYSICS LABORATORY LLC,JOHNS HOPKINS UNIVERSITY,USA,MD,HOWARD,LAUREL,MD-03,MD-03,207236005,UNITED STATES,MARYLAND,HOWARD,MD-03,MD-03,207236099,,,AR11,"SPACE R&D SERVICES; SPACE FLIGHT, RESEARCH AND SUPPORTING ACTIVITIES; BASIC RESEARCH",541715,"RESEARCH AND DEVELOPMENT IN THE PHYSICAL, ENGINEERING, AND LIFE SCIENCES (EXCEPT NANOTECHNOLOGY AND BIOTECHNOLOGY)",,,https://www.usaspending.gov/award/CONT_AWD_80MSFC20F0178_8000_80MSFC20D0004_8000/,2025-05-23
National Aeronautics and Space Administration,National Aeronautics and Space Administration,FY2025P07,,080,2025,2026,,0120,000,080-2025/2026-0120-000,"Science, National Aeronautics and Space Administration",National Aeronautics and Space Administration,,"General Science, Space, and Technology","Space flight, research, and supporting activities",080-0120,"Science, National Aeronautics and Space Administration",0001,SCIENCE (DIRECT),25.5,Research and development contracts,D,Q,Not Designated Nonemergency/Emergency/Disaster/Wildfire Suppression,394943.00,,,,CONT_AWD_80MSFC20F0178_8000_80MSFC20D0004_8000,80MSFC20F0178,80MSFC20D0004,,,2020-07-23,2020,2025-12-17,2026,2020-08-01,2028-09-30,,C,DELIVERY ORDER,,,THERMOSPHERE IONOSPHERE MESOSPHERE ENERGETICS AND DYNAMICS (TIMED) MISSION PHASE E (FOLLOW ON FROM ARDES I BASIC NNN06AA01C TASK ORDER NNN13AA06C),080,NATIONAL AERONAUTICS AND SPACE ADMINISTRATION (NASA),8000,NATIONAL AERONAUTICS AND SPACE ADMINISTRATION,80MSFC,NASA MARSHALL SPACE FLIGHT CENTER,080,NATIONAL AERONAUTICS AND SPACE ADMINISTRATION (NASA),8000,NATIONAL AERONAUTICS AND SPACE ADMINISTRATION,80MSFC,NASA MARSHALL SPACE FLIGHT CENTER,C1HBCJ9RMBV3,,THE JOHNS HOPKINS UNIVERSITY APPLIED PHYSICS LABORATORY LLC,"JOHNS HOPKINS UNIVERSITY APPLIED PHYSICS LABORATORY LLC, THE",C1HBCJ9RMBV3,C1HBCJ9RMBV3,THE JOHNS HOPKINS UNIVERSITY APPLIED PHYSICS LABORATORY LLC,JOHNS HOPKINS UNIVERSITY,USA,MD,HOWARD,LAUREL,MD-03,MD-03,207236005,UNITED STATES,MARYLAND,HOWARD,MD-03,MD-03,207236099,,,AR11,"SPACE R&D SERVICES; SPACE FLIGHT, RESEARCH AND SUPPORTING ACTIVITIES; BASIC RESEARCH",541715,"RESEARCH AND DEVELOPMENT IN THE PHYSICAL, ENGINEERING, AND LIFE SCIENCES (EXCEPT NANOTECHNOLOGY AND BIOTECHNOLOGY)",,,https://www.usaspending.gov/award/CONT_AWD_80MSFC20F0178_8000_80MSFC20D0004_8000/,2025-05-23
National Aeronautics and Space Administration,National Aeronautics and Space Administration,FY2025P07,,080,2024,2025,,0120,000,080-2024/2025-0120-000,"Science, National Aeronautics and Space Administration",National Aeronautics and Space Administration,,"General Science, Space, and Technology","Space flight, research, and supporting activities",080-0120,"Science, National Aeronautics and Space Administration",0001,SCIENCE (DIRECT),25.5,Research and development contracts,D,Q,Not Designated Nonemergency/Emergency/Disaster/Wildfire Suppression,,422347.85,0.00,0.00,CONT_AWD_80MSFC20F0178_8000_80MSFC20D0004_8000,80MSFC20F0178,80MSFC20D0004,,,2020-07-23,2020,2025-12-17,2026,2020-08-01,2028-09-30,,C,DELIVERY ORDER,,,THERMOSPHERE IONOSPHERE MESOSPHERE ENERGETICS AND DYNAMICS (TIMED) MISSION PHASE E (FOLLOW ON FROM ARDES I BASIC NNN06AA01C TASK ORDER NNN13AA06C),080,NATIONAL AERONAUTICS AND SPACE ADMINISTRATION (NASA),8000,NATIONAL AERONAUTICS AND SPACE ADMINISTRATION,80MSFC,NASA MARSHALL SPACE FLIGHT CENTER,080,NATIONAL AERONAUTICS AND SPACE ADMINISTRATION (NASA),8000,NATIONAL AERONAUTICS AND SPACE ADMINISTRATION,80MSFC,NASA MARSHALL SPACE FLIGHT CENTER,C1HBCJ9RMBV3,,THE JOHNS HOPKINS UNIVERSITY APPLIED PHYSICS LABORATORY LLC,"JOHNS HOPKINS UNIVERSITY APPLIED PHYSICS LABORATORY LLC, THE",C1HBCJ9RMBV3,C1HBCJ9RMBV3,THE JOHNS HOPKINS UNIVERSITY APPLIED PHYSICS LABORATORY LLC,JOHNS HOPKINS UNIVERSITY,USA,MD,HOWARD,LAUREL,MD-03,MD-03,207236005,UNITED STATES,MARYLAND,HOWARD,MD-03,MD-03,207236099,,,AR11,"SPACE R&D SERVICES; SPACE FLIGHT, RESEARCH AND SUPPORTING ACTIVITIES; BASIC RESEARCH",541715,"RESEARCH AND DEVELOPMENT IN THE PHYSICAL, ENGINEERING, AND LIFE SCIENCES (EXCEPT NANOTECHNOLOGY AND BIOTECHNOLOGY)",,,https://www.usaspending.gov/award/CONT_AWD_80MSFC20F0178_8000_80MSFC20D0004_8000/,2025-05-23
National Aeronautics and Space Administration,National Aeronautics and Space Administration,FY2025P08,,080,2025,2026,,0120,000,080-2025/2026-0120-000,"Science, National Aeronautics and Space Administration",National Aeronautics and Space Administration,,"General Science, Space, and Technology","Space flight, research, and supporting activities",080-0120,"Science, National Aeronautics and Space Administration",0001,SCIENCE (DIRECT),25.5,Research and development contracts,D,Q,Not Designated Nonemergency/Emergency/Disaster/Wildfire Suppression,,492388.55,0.00,0.00,CONT_AWD_80MSFC20F0178_8000_80MSFC20D0004_8000,80MSFC20F0178,80MSFC20D0004,,,2020-07-23,2020,2025-12-17,2026,2020-08-01,2028-09-30,,C,DELIVERY ORDER,,,THERMOSPHERE IONOSPHERE MESOSPHERE ENERGETICS AND DYNAMICS (TIMED) MISSION PHASE E (FOLLOW ON FROM ARDES I BASIC NNN06AA01C TASK ORDER NNN13AA06C),080,NATIONAL AERONAUTICS AND SPACE ADMINISTRATION (NASA),8000,NATIONAL AERONAUTICS AND SPACE ADMINISTRATION,80MSFC,NASA MARSHALL SPACE FLIGHT CENTER,080,NATIONAL AERONAUTICS AND SPACE ADMINISTRATION (NASA),8000,NATIONAL AERONAUTICS AND SPACE ADMINISTRATION,80MSFC,NASA MARSHALL SPACE FLIGHT CENTER,C1HBCJ9RMBV3,,THE JOHNS HOPKINS UNIVERSITY APPLIED PHYSICS LABORATORY LLC,"JOHNS HOPKINS UNIVERSITY APPLIED PHYSICS LABORATORY LLC, THE",C1HBCJ9RMBV3,C1HBCJ9RMBV3,THE JOHNS HOPKINS UNIVERSITY APPLIED PHYSICS LABORATORY LLC,JOHNS HOPKINS UNIVERSITY,USA,MD,HOWARD,LAUREL,MD-03,MD-03,207236005,UNITED STATES,MARYLAND,HOWARD,MD-03,MD-03,207236099,,,AR11,"SPACE R&D SERVICES; SPACE FLIGHT, RESEARCH AND SUPPORTING ACTIVITIES; BASIC RESEARCH",541715,"RESEARCH AND DEVELOPMENT IN THE PHYSICAL, ENGINEERING, AND LIFE SCIENCES (EXCEPT NANOTECHNOLOGY AND BIOTECHNOLOGY)",,,https://www.usaspending.gov/award/CONT_AWD_80MSFC20F0178_8000_80MSFC20D0004_8000/,2025-06-25
National Aeronautics and Space Administration,National Aeronautics and Space Administration,FY2025P08,,080,2024,2025,,0120,000,080-2024/2025-0120-000,"Science, National Aeronautics and Space Administration",National Aeronautics and Space Administration,,"General Science, Space, and Technology","Space flight, research, and supporting activities",080-0120,"Science, National Aeronautics and Space Administration",0001,SCIENCE (DIRECT),25.5,Research and development contracts,D,Q,Not Designated Nonemergency/Emergency/Disaster/Wildfire Suppression,,422347.85,0.00,0.00,CONT_AWD_80MSFC20F0178_8000_80MSFC20D0004_8000,80MSFC20F0178,80MSFC20D0004,,,2020-07-23,2020,2025-12-17,2026,2020-08-01,2028-09-30,,C,DELIVERY ORDER,,,THERMOSPHERE IONOSPHERE MESOSPHERE ENERGETICS AND DYNAMICS (TIMED) MISSION PHASE E (FOLLOW ON FROM ARDES I BASIC NNN06AA01C TASK ORDER NNN13AA06C),080,NATIONAL AERONAUTICS AND SPACE ADMINISTRATION (NASA),8000,NATIONAL AERONAUTICS AND SPACE ADMINISTRATION,80MSFC,NASA MARSHALL SPACE FLIGHT CENTER,080,NATIONAL AERONAUTICS AND SPACE ADMINISTRATION (NASA),8000,NATIONAL AERONAUTICS AND SPACE ADMINISTRATION,80MSFC,NASA MARSHALL SPACE FLIGHT CENTER,C1HBCJ9RMBV3,,THE JOHNS HOPKINS UNIVERSITY APPLIED PHYSICS LABORATORY LLC,"JOHNS HOPKINS UNIVERSITY APPLIED PHYSICS LABORATORY LLC, THE",C1HBCJ9RMBV3,C1HBCJ9RMBV3,THE JOHNS HOPKINS UNIVERSITY APPLIED PHYSICS LABORATORY LLC,JOHNS HOPKINS UNIVERSITY,USA,MD,HOWARD,LAUREL,MD-03,MD-03,207236005,UNITED STATES,MARYLAND,HOWARD,MD-03,MD-03,207236099,,,AR11,"SPACE R&D SERVICES; SPACE FLIGHT, RESEARCH AND SUPPORTING ACTIVITIES; BASIC RESEARCH",541715,"RESEARCH AND DEVELOPMENT IN THE PHYSICAL, ENGINEERING, AND LIFE SCIENCES (EXCEPT NANOTECHNOLOGY AND BIOTECHNOLOGY)",,,https://www.usaspending.gov/award/CONT_AWD_80MSFC20F0178_8000_80MSFC20D0004_8000/,2025-06-25
National Aeronautics and Space Administration,National Aeronautics and Space Administration,FY2025P09,,080,2025,2026,,0120,000,080-2025/2026-0120-000,"Science, National Aeronautics and Space Administration",National Aeronautics and Space Administration,,"General Science, Space, and Technology","Space flight, research, and supporting activities",080-0120,"Science, National Aeronautics and Space Administration",0001,SCIENCE (DIRECT),25.5,Research and development contracts,D,Q,Not Designated Nonemergency/Emergency/Disaster/Wildfire Suppression,,768789.59,0.00,0.00,CONT_AWD_80MSFC20F0178_8000_80MSFC20D0004_8000,80MSFC20F0178,80MSFC20D0004,,,2020-07-23,2020,2025-12-17,2026,2020-08-01,2028-09-30,,C,DELIVERY ORDER,,,THERMOSPHERE IONOSPHERE MESOSPHERE ENERGETICS AND DYNAMICS (TIMED) MISSION PHASE E (FOLLOW ON FROM ARDES I BASIC NNN06AA01C TASK ORDER NNN13AA06C),080,NATIONAL AERONAUTICS AND SPACE ADMINISTRATION (NASA),8000,NATIONAL AERONAUTICS AND SPACE ADMINISTRATION,80MSFC,NASA MARSHALL SPACE FLIGHT CENTER,080,NATIONAL AERONAUTICS AND SPACE ADMINISTRATION (NASA),8000,NATIONAL AERONAUTICS AND SPACE ADMINISTRATION,80MSFC,NASA MARSHALL SPACE FLIGHT CENTER,C1HBCJ9RMBV3,,THE JOHNS HOPKINS UNIVERSITY APPLIED PHYSICS LABORATORY LLC,"JOHNS HOPKINS UNIVERSITY APPLIED PHYSICS LABORATORY LLC, THE",C1HBCJ9RMBV3,C1HBCJ9RMBV3,THE JOHNS HOPKINS UNIVERSITY APPLIED PHYSICS LABORATORY LLC,JOHNS HOPKINS UNIVERSITY,USA,MD,HOWARD,LAUREL,MD-03,MD-03,207236005,UNITED STATES,MARYLAND,HOWARD,MD-03,MD-03,207236099,,,AR11,"SPACE R&D SERVICES; SPACE FLIGHT, RESEARCH AND SUPPORTING ACTIVITIES; BASIC RESEARCH",541715,"RESEARCH AND DEVELOPMENT IN THE PHYSICAL, ENGINEERING, AND LIFE SCIENCES (EXCEPT NANOTECHNOLOGY AND BIOTECHNOLOGY)",,,https://www.usaspending.gov/award/CONT_AWD_80MSFC20F0178_8000_80MSFC20D0004_8000/,2025-07-31
National Aeronautics and Space Administration,National Aeronautics and Space Administration,FY2025P09,,080,2024,2025,,0120,000,080-2024/2025-0120-000,"Science, National Aeronautics and Space Administration",National Aeronautics and Space Administration,,"General Science, Space, and Technology","Space flight, research, and supporting activities",080-0120,"Science, National Aeronautics and Space Administration",0001,SCIENCE (DIRECT),25.5,Research and development contracts,D,Q,Not Designated Nonemergency/Emergency/Disaster/Wildfire Suppression,,422347.85,0.00,0.00,CONT_AWD_80MSFC20F0178_8000_80MSFC20D0004_8000,80MSFC20F0178,80MSFC20D0004,,,2020-07-23,2020,2025-12-17,2026,2020-08-01,2028-09-30,,C,DELIVERY ORDER,,,THERMOSPHERE IONOSPHERE MESOSPHERE ENERGETICS AND DYNAMICS (TIMED) MISSION PHASE E (FOLLOW ON FROM ARDES I BASIC NNN06AA01C TASK ORDER NNN13AA06C),080,NATIONAL AERONAUTICS AND SPACE ADMINISTRATION (NASA),8000,NATIONAL AERONAUTICS AND SPACE ADMINISTRATION,80MSFC,NASA MARSHALL SPACE FLIGHT CENTER,080,NATIONAL AERONAUTICS AND SPACE ADMINISTRATION (NASA),8000,NATIONAL AERONAUTICS AND SPACE ADMINISTRATION,80MSFC,NASA MARSHALL SPACE FLIGHT CENTER,C1HBCJ9RMBV3,,THE JOHNS HOPKINS UNIVERSITY APPLIED PHYSICS LABORATORY LLC,"JOHNS HOPKINS UNIVERSITY APPLIED PHYSICS LABORATORY LLC, THE",C1HBCJ9RMBV3,C1HBCJ9RMBV3,THE JOHNS HOPKINS UNIVERSITY APPLIED PHYSICS LABORATORY LLC,JOHNS HOPKINS UNIVERSITY,USA,MD,HOWARD,LAUREL,MD-03,MD-03,207236005,UNITED STATES,MARYLAND,HOWARD,MD-03,MD-03,207236099,,,AR11,"SPACE R&D SERVICES; SPACE FLIGHT, RESEARCH AND SUPPORTING ACTIVITIES; BASIC RESEARCH",541715,"RESEARCH AND DEVELOPMENT IN THE PHYSICAL, ENGINEERING, AND LIFE SCIENCES (EXCEPT NANOTECHNOLOGY AND BIOTECHNOLOGY)",,,https://www.usaspending.gov/award/CONT_AWD_80MSFC20F0178_8000_80MSFC20D0004_8000/,2025-07-31
National Aeronautics and Space Administration,National Aeronautics and Space Administration,FY2025P10,,080,2024,2025,,0120,000,080-2024/2025-0120-000,"Science, National Aeronautics and Space Administration",National Aeronautics and Space Administration,,"General Science, Space, and Technology","Space flight, research, and supporting activities",080-0120,"Science, National Aeronautics and Space Administration",0001,SCIENCE (DIRECT),25.5,Research and development contracts,D,Q,Not Designated Nonemergency/Emergency/Disaster/Wildfire Suppression,,422347.85,0.00,0.00,CONT_AWD_80MSFC20F0178_8000_80MSFC20D0004_8000,80MSFC20F0178,80MSFC20D0004,,,2020-07-23,2020,2025-12-17,2026,2020-08-01,2028-09-30,,C,DELIVERY ORDER,,,THERMOSPHERE IONOSPHERE MESOSPHERE ENERGETICS AND DYNAMICS (TIMED) MISSION PHASE E (FOLLOW ON FROM ARDES I BASIC NNN06AA01C TASK ORDER NNN13AA06C),080,NATIONAL AERONAUTICS AND SPACE ADMINISTRATION (NASA),8000,NATIONAL AERONAUTICS AND SPACE ADMINISTRATION,80MSFC,NASA MARSHALL SPACE FLIGHT CENTER,080,NATIONAL AERONAUTICS AND SPACE ADMINISTRATION (NASA),8000,NATIONAL AERONAUTICS AND SPACE ADMINISTRATION,80MSFC,NASA MARSHALL SPACE FLIGHT CENTER,C1HBCJ9RMBV3,,THE JOHNS HOPKINS UNIVERSITY APPLIED PHYSICS LABORATORY LLC,"JOHNS HOPKINS UNIVERSITY APPLIED PHYSICS LABORATORY LLC, THE",C1HBCJ9RMBV3,C1HBCJ9RMBV3,THE JOHNS HOPKINS UNIVERSITY APPLIED PHYSICS LABORATORY LLC,JOHNS HOPKINS UNIVERSITY,USA,MD,HOWARD,LAUREL,MD-03,MD-03,207236005,UNITED STATES,MARYLAND,HOWARD,MD-03,MD-03,207236099,,,AR11,"SPACE R&D SERVICES; SPACE FLIGHT, RESEARCH AND SUPPORTING ACTIVITIES; BASIC RESEARCH",541715,"RESEARCH AND DEVELOPMENT IN THE PHYSICAL, ENGINEERING, AND LIFE SCIENCES (EXCEPT NANOTECHNOLOGY AND BIOTECHNOLOGY)",,,https://www.usaspending.gov/award/CONT_AWD_80MSFC20F0178_8000_80MSFC20D0004_8000/,2025-09-12
National Aeronautics and Space Administration,National Aeronautics and Space Administration,FY2025P10,,080,2025,2026,,0120,000,080-2025/2026-0120-000,"Science, National Aeronautics and Space Administration",National Aeronautics and Space Administration,,"General Science, Space, and Technology","Space flight, research, and supporting activities",080-0120,"Science, National Aeronautics and Space Administration",0001,SCIENCE (DIRECT),25.5,Research and development contracts,D,Q,Not Designated Nonemergency/Emergency/Disaster/Wildfire Suppression,,768789.59,0.00,0.00,CONT_AWD_80MSFC20F0178_8000_80MSFC20D0004_8000,80MSFC20F0178,80MSFC20D0004,,,2020-07-23,2020,2025-12-17,2026,2020-08-01,2028-09-30,,C,DELIVERY ORDER,,,THERMOSPHERE IONOSPHERE MESOSPHERE ENERGETICS AND DYNAMICS (TIMED) MISSION PHASE E (FOLLOW ON FROM ARDES I BASIC NNN06AA01C TASK ORDER NNN13AA06C),080,NATIONAL AERONAUTICS AND SPACE ADMINISTRATION (NASA),8000,NATIONAL AERONAUTICS AND SPACE ADMINISTRATION,80MSFC,NASA MARSHALL SPACE FLIGHT CENTER,080,NATIONAL AERONAUTICS AND SPACE ADMINISTRATION (NASA),8000,NATIONAL AERONAUTICS AND SPACE ADMINISTRATION,80MSFC,NASA MARSHALL SPACE FLIGHT CENTER,C1HBCJ9RMBV3,,THE JOHNS HOPKINS UNIVERSITY APPLIED PHYSICS LABORATORY LLC,"JOHNS HOPKINS UNIVERSITY APPLIED PHYSICS LABORATORY LLC, THE",C1HBCJ9RMBV3,C1HBCJ9RMBV3,THE JOHNS HOPKINS UNIVERSITY APPLIED PHYSICS LABORATORY LLC,JOHNS HOPKINS UNIVERSITY,USA,MD,HOWARD,LAUREL,MD-03,MD-03,207236005,UNITED STATES,MARYLAND,HOWARD,MD-03,MD-03,207236099,,,AR11,"SPACE R&D SERVICES; SPACE FLIGHT, RESEARCH AND SUPPORTING ACTIVITIES; BASIC RESEARCH",541715,"RESEARCH AND DEVELOPMENT IN THE PHYSICAL, ENGINEERING, AND LIFE SCIENCES (EXCEPT NANOTECHNOLOGY AND BIOTECHNOLOGY)",,,https://www.usaspending.gov/award/CONT_AWD_80MSFC20F0178_8000_80MSFC20D0004_8000/,2025-09-12
National Aeronautics and Space Administration,National Aeronautics and Space Administration,FY2025P10,,080,2025,2026,,0120,000,080-2025/2026-0120-000,"Science, National Aeronautics and Space Administration",National Aeronautics and Space Administration,,"General Science, Space, and Technology","Space flight, research, and supporting activities",080-0120,"Science, National Aeronautics and Space Administration",0001,SCIENCE (DIRECT),25.5,Research and development contracts,D,Q,Not Designated Nonemergency/Emergency/Disaster/Wildfire Suppression,277000.00,,,,CONT_AWD_80MSFC20F0178_8000_80MSFC20D0004_8000,80MSFC20F0178,80MSFC20D0004,,,2020-07-23,2020,2025-12-17,2026,2020-08-01,2028-09-30,,C,DELIVERY ORDER,,,THERMOSPHERE IONOSPHERE MESOSPHERE ENERGETICS AND DYNAMICS (TIMED) MISSION PHASE E (FOLLOW ON FROM ARDES I BASIC NNN06AA01C TASK ORDER NNN13AA06C),080,NATIONAL AERONAUTICS AND SPACE ADMINISTRATION (NASA),8000,NATIONAL AERONAUTICS AND SPACE ADMINISTRATION,80MSFC,NASA MARSHALL SPACE FLIGHT CENTER,080,NATIONAL AERONAUTICS AND SPACE ADMINISTRATION (NASA),8000,NATIONAL AERONAUTICS AND SPACE ADMINISTRATION,80MSFC,NASA MARSHALL SPACE FLIGHT CENTER,C1HBCJ9RMBV3,,THE JOHNS HOPKINS UNIVERSITY APPLIED PHYSICS LABORATORY LLC,"JOHNS HOPKINS UNIVERSITY APPLIED PHYSICS LABORATORY LLC, THE",C1HBCJ9RMBV3,C1HBCJ9RMBV3,THE JOHNS HOPKINS UNIVERSITY APPLIED PHYSICS LABORATORY LLC,JOHNS HOPKINS UNIVERSITY,USA,MD,HOWARD,LAUREL,MD-03,MD-03,207236005,UNITED STATES,MARYLAND,HOWARD,MD-03,MD-03,207236099,,,AR11,"SPACE R&D SERVICES; SPACE FLIGHT, RESEARCH AND SUPPORTING ACTIVITIES; BASIC RESEARCH",541715,"RESEARCH AND DEVELOPMENT IN THE PHYSICAL, ENGINEERING, AND LIFE SCIENCES (EXCEPT NANOTECHNOLOGY AND BIOTECHNOLOGY)",,,https://www.usaspending.gov/award/CONT_AWD_80MSFC20F0178_8000_80MSFC20D0004_8000/,2025-09-12
National Aeronautics and Space Administration,National Aeronautics and Space Administration,FY2025P11,,080,2025,2026,,0120,000,080-2025/2026-0120-000,"Science, National Aeronautics and Space Administration",National Aeronautics and Space Administration,,"General Science, Space, and Technology","Space flight, research, and supporting activities",080-0120,"Science, National Aeronautics and Space Administration",0001,SCIENCE (DIRECT),25.5,Research and development contracts,D,Q,Not Designated Nonemergency/Emergency/Disaster/Wildfire Suppression,,876127.04,0.00,0.00,CONT_AWD_80MSFC20F0178_8000_80MSFC20D0004_8000,80MSFC20F0178,80MSFC20D0004,,,2020-07-23,2020,2025-12-17,2026,2020-08-01,2028-09-30,,C,DELIVERY ORDER,,,THERMOSPHERE IONOSPHERE MESOSPHERE ENERGETICS AND DYNAMICS (TIMED) MISSION PHASE E (FOLLOW ON FROM ARDES I BASIC NNN06AA01C TASK ORDER NNN13AA06C),080,NATIONAL AERONAUTICS AND SPACE ADMINISTRATION (NASA),8000,NATIONAL AERONAUTICS AND SPACE ADMINISTRATION,80MSFC,NASA MARSHALL SPACE FLIGHT CENTER,080,NATIONAL AERONAUTICS AND SPACE ADMINISTRATION (NASA),8000,NATIONAL AERONAUTICS AND SPACE ADMINISTRATION,80MSFC,NASA MARSHALL SPACE FLIGHT CENTER,C1HBCJ9RMBV3,,THE JOHNS HOPKINS UNIVERSITY APPLIED PHYSICS LABORATORY LLC,"JOHNS HOPKINS UNIVERSITY APPLIED PHYSICS LABORATORY LLC, THE",C1HBCJ9RMBV3,C1HBCJ9RMBV3,THE JOHNS HOPKINS UNIVERSITY APPLIED PHYSICS LABORATORY LLC,JOHNS HOPKINS UNIVERSITY,USA,MD,HOWARD,LAUREL,MD-03,MD-03,207236005,UNITED STATES,MARYLAND,HOWARD,MD-03,MD-03,207236099,,,AR11,"SPACE R&D SERVICES; SPACE FLIGHT, RESEARCH AND SUPPORTING ACTIVITIES; BASIC RESEARCH",541715,"RESEARCH AND DEVELOPMENT IN THE PHYSICAL, ENGINEERING, AND LIFE SCIENCES (EXCEPT NANOTECHNOLOGY AND BIOTECHNOLOGY)",,,https://www.usaspending.gov/award/CONT_AWD_80MSFC20F0178_8000_80MSFC20D0004_8000/,2025-09-29
National Aeronautics and Space Administration,National Aeronautics and Space Administration,FY2025P11,,080,2024,2025,,0120,000,080-2024/2025-0120-000,"Science, National Aeronautics and Space Administration",National Aeronautics and Space Administration,,"General Science, Space, and Technology","Space flight, research, and supporting activities",080-0120,"Science, National Aeronautics and Space Administration",0001,SCIENCE (DIRECT),25.5,Research and development contracts,D,Q,Not Designated Nonemergency/Emergency/Disaster/Wildfire Suppression,,422347.85,0.00,0.00,CONT_AWD_80MSFC20F0178_8000_80MSFC20D0004_8000,80MSFC20F0178,80MSFC20D0004,,,2020-07-23,2020,2025-12-17,2026,2020-08-01,2028-09-30,,C,DELIVERY ORDER,,,THERMOSPHERE IONOSPHERE MESOSPHERE ENERGETICS AND DYNAMICS (TIMED) MISSION PHASE E (FOLLOW ON FROM ARDES I BASIC NNN06AA01C TASK ORDER NNN13AA06C),080,NATIONAL AERONAUTICS AND SPACE ADMINISTRATION (NASA),8000,NATIONAL AERONAUTICS AND SPACE ADMINISTRATION,80MSFC,NASA MARSHALL SPACE FLIGHT CENTER,080,NATIONAL AERONAUTICS AND SPACE ADMINISTRATION (NASA),8000,NATIONAL AERONAUTICS AND SPACE ADMINISTRATION,80MSFC,NASA MARSHALL SPACE FLIGHT CENTER,C1HBCJ9RMBV3,,THE JOHNS HOPKINS UNIVERSITY APPLIED PHYSICS LABORATORY LLC,"JOHNS HOPKINS UNIVERSITY APPLIED PHYSICS LABORATORY LLC, THE",C1HBCJ9RMBV3,C1HBCJ9RMBV3,THE JOHNS HOPKINS UNIVERSITY APPLIED PHYSICS LABORATORY LLC,JOHNS HOPKINS UNIVERSITY,USA,MD,HOWARD,LAUREL,MD-03,MD-03,207236005,UNITED STATES,MARYLAND,HOWARD,MD-03,MD-03,207236099,,,AR11,"SPACE R&D SERVICES; SPACE FLIGHT, RESEARCH AND SUPPORTING ACTIVITIES; BASIC RESEARCH",541715,"RESEARCH AND DEVELOPMENT IN THE PHYSICAL, ENGINEERING, AND LIFE SCIENCES (EXCEPT NANOTECHNOLOGY AND BIOTECHNOLOGY)",,,https://www.usaspending.gov/award/CONT_AWD_80MSFC20F0178_8000_80MSFC20D0004_8000/,2025-09-29
National Aeronautics and Space Administration,National Aeronautics and Space Administration,FY2025P12,,080,2025,2026,,0120,000,080-2025/2026-0120-000,"Science, National Aeronautics and Space Administration",National Aeronautics and Space Administration,,"General Science, Space, and Technology","Space flight, research, and supporting activities",080-0120,"Science, National Aeronautics and Space Administration",0001,SCIENCE (DIRECT),25.5,Research and development contracts,D,Q,Not Designated Nonemergency/Emergency/Disaster/Wildfire Suppression,,1006377.04,0.00,0.00,CONT_AWD_80MSFC20F0178_8000_80MSFC20D0004_8000,80MSFC20F0178,80MSFC20D0004,,,2020-07-23,2020,2025-12-17,2026,2020-08-01,2028-09-30,,C,DELIVERY ORDER,,,THERMOSPHERE IONOSPHERE MESOSPHERE ENERGETICS AND DYNAMICS (TIMED) MISSION PHASE E (FOLLOW ON FROM ARDES I BASIC NNN06AA01C TASK ORDER NNN13AA06C),080,NATIONAL AERONAUTICS AND SPACE ADMINISTRATION (NASA),8000,NATIONAL AERONAUTICS AND SPACE ADMINISTRATION,80MSFC,NASA MARSHALL SPACE FLIGHT CENTER,080,NATIONAL AERONAUTICS AND SPACE ADMINISTRATION (NASA),8000,NATIONAL AERONAUTICS AND SPACE ADMINISTRATION,80MSFC,NASA MARSHALL SPACE FLIGHT CENTER,C1HBCJ9RMBV3,,THE JOHNS HOPKINS UNIVERSITY APPLIED PHYSICS LABORATORY LLC,"JOHNS HOPKINS UNIVERSITY APPLIED PHYSICS LABORATORY LLC, THE",C1HBCJ9RMBV3,C1HBCJ9RMBV3,THE JOHNS HOPKINS UNIVERSITY APPLIED PHYSICS LABORATORY LLC,JOHNS HOPKINS UNIVERSITY,USA,MD,HOWARD,LAUREL,MD-03,MD-03,207236005,UNITED STATES,MARYLAND,HOWARD,MD-03,MD-03,207236099,,,AR11,"SPACE R&D SERVICES; SPACE FLIGHT, RESEARCH AND SUPPORTING ACTIVITIES; BASIC RESEARCH",541715,"RESEARCH AND DEVELOPMENT IN THE PHYSICAL, ENGINEERING, AND LIFE SCIENCES (EXCEPT NANOTECHNOLOGY AND BIOTECHNOLOGY)",,,https://www.usaspending.gov/award/CONT_AWD_80MSFC20F0178_8000_80MSFC20D0004_8000/,2025-12-29
National Aeronautics and Space Administration,National Aeronautics and Space Administration,FY2025P12,,080,2025,2026,,0120,000,080-2025/2026-0120-000,"Science, National Aeronautics and Space Administration",National Aeronautics and Space Administration,,"General Science, Space, and Technology","Space flight, research, and supporting activities",080-0120,"Science, National Aeronautics and Space Administration",0001,SCIENCE (DIRECT),25.5,Research and development contracts,D,Q,Not Designated Nonemergency/Emergency/Disaster/Wildfire Suppression,390000.00,,,,CONT_AWD_80MSFC20F0178_8000_80MSFC20D0004_8000,80MSFC20F0178,80MSFC20D0004,,,2020-07-23,2020,2025-12-17,2026,2020-08-01,2028-09-30,,C,DELIVERY ORDER,,,THERMOSPHERE IONOSPHERE MESOSPHERE ENERGETICS AND DYNAMICS (TIMED) MISSION PHASE E (FOLLOW ON FROM ARDES I BASIC NNN06AA01C TASK ORDER NNN13AA06C),080,NATIONAL AERONAUTICS AND SPACE ADMINISTRATION (NASA),8000,NATIONAL AERONAUTICS AND SPACE ADMINISTRATION,80MSFC,NASA MARSHALL SPACE FLIGHT CENTER,080,NATIONAL AERONAUTICS AND SPACE ADMINISTRATION (NASA),8000,NATIONAL AERONAUTICS AND SPACE ADMINISTRATION,80MSFC,NASA MARSHALL SPACE FLIGHT CENTER,C1HBCJ9RMBV3,,THE JOHNS HOPKINS UNIVERSITY APPLIED PHYSICS LABORATORY LLC,"JOHNS HOPKINS UNIVERSITY APPLIED PHYSICS LABORATORY LLC, THE",C1HBCJ9RMBV3,C1HBCJ9RMBV3,THE JOHNS HOPKINS UNIVERSITY APPLIED PHYSICS LABORATORY LLC,JOHNS HOPKINS UNIVERSITY,USA,MD,HOWARD,LAUREL,MD-03,MD-03,207236005,UNITED STATES,MARYLAND,HOWARD,MD-03,MD-03,207236099,,,AR11,"SPACE R&D SERVICES; SPACE FLIGHT, RESEARCH AND SUPPORTING ACTIVITIES; BASIC RESEARCH",541715,"RESEARCH AND DEVELOPMENT IN THE PHYSICAL, ENGINEERING, AND LIFE SCIENCES (EXCEPT NANOTECHNOLOGY AND BIOTECHNOLOGY)",,,https://www.usaspending.gov/award/CONT_AWD_80MSFC20F0178_8000_80MSFC20D0004_8000/,2025-12-29
National Aeronautics and Space Administration,National Aeronautics and Space Administration,FY2025P12,,080,2024,2025,,0120,000,080-2024/2025-0120-000,"Science, National Aeronautics and Space Administration",National Aeronautics and Space Administration,,"General Science, Space, and Technology","Space flight, research, and supporting activities",080-0120,"Science, National Aeronautics and Space Administration",0001,SCIENCE (DIRECT),25.5,Research and development contracts,D,Q,Not Designated Nonemergency/Emergency/Disaster/Wildfire Suppression,,422347.85,0.00,0.00,CONT_AWD_80MSFC20F0178_8000_80MSFC20D0004_8000,80MSFC20F0178,80MSFC20D0004,,,2020-07-23,2020,2025-12-17,2026,2020-08-01,2028-09-30,,C,DELIVERY ORDER,,,THERMOSPHERE IONOSPHERE MESOSPHERE ENERGETICS AND DYNAMICS (TIMED) MISSION PHASE E (FOLLOW ON FROM ARDES I BASIC NNN06AA01C TASK ORDER NNN13AA06C),080,NATIONAL AERONAUTICS AND SPACE ADMINISTRATION (NASA),8000,NATIONAL AERONAUTICS AND SPACE ADMINISTRATION,80MSFC,NASA MARSHALL SPACE FLIGHT CENTER,080,NATIONAL AERONAUTICS AND SPACE ADMINISTRATION (NASA),8000,NATIONAL AERONAUTICS AND SPACE ADMINISTRATION,80MSFC,NASA MARSHALL SPACE FLIGHT CENTER,C1HBCJ9RMBV3,,THE JOHNS HOPKINS UNIVERSITY APPLIED PHYSICS LABORATORY LLC,"JOHNS HOPKINS UNIVERSITY APPLIED PHYSICS LABORATORY LLC, THE",C1HBCJ9RMBV3,C1HBCJ9RMBV3,THE JOHNS HOPKINS UNIVERSITY APPLIED PHYSICS LABORATORY LLC,JOHNS HOPKINS UNIVERSITY,USA,MD,HOWARD,LAUREL,MD-03,MD-03,207236005,UNITED STATES,MARYLAND,HOWARD,MD-03,MD-03,207236099,,,AR11,"SPACE R&D SERVICES; SPACE FLIGHT, RESEARCH AND SUPPORTING ACTIVITIES; BASIC RESEARCH",541715,"RESEARCH AND DEVELOPMENT IN THE PHYSICAL, ENGINEERING, AND LIFE SCIENCES (EXCEPT NANOTECHNOLOGY AND BIOTECHNOLOGY)",,,https://www.usaspending.gov/award/CONT_AWD_80MSFC20F0178_8000_80MSFC20D0004_8000/,2025-12-29
