owning_agency_name,reporting_agency_name,submission_period,allocation_transfer_agency_identifier_code,agency_identifier_code,beginning_period_of_availability,ending_period_of_availability,availability_type_code,main_account_code,sub_account_code,treasury_account_symbol,treasury_account_name,agency_identifier_name,allocation_transfer_agency_identifier_name,budget_function,budget_subfunction,federal_account_symbol,federal_account_name,program_activity_code,program_activity_name,object_class_code,object_class_name,direct_or_reimbursable_funding_source,disaster_emergency_fund_code,disaster_emergency_fund_name,transaction_obligated_amount,gross_outlay_amount_FYB_to_period_end,USSGL487200_downward_adj_prior_year_prepaid_undeliv_order_oblig,USSGL497200_downward_adj_of_prior_year_paid_deliv_orders_oblig,award_unique_key,award_id_piid,parent_award_id_piid,award_id_fain,award_id_uri,award_base_action_date,award_base_action_date_fiscal_year,award_latest_action_date,award_latest_action_date_fiscal_year,period_of_performance_start_date,period_of_performance_current_end_date,ordering_period_end_date,award_type_code,award_type,idv_type_code,idv_type,prime_award_base_transaction_description,awarding_agency_code,awarding_agency_name,awarding_subagency_code,awarding_subagency_name,awarding_office_code,awarding_office_name,funding_agency_code,funding_agency_name,funding_sub_agency_code,funding_sub_agency_name,funding_office_code,funding_office_name,recipient_uei,recipient_duns,recipient_name,recipient_name_raw,recipient_parent_uei,recipient_parent_duns,recipient_parent_name,recipient_parent_name_raw,recipient_country,recipient_state,recipient_county,recipient_city,prime_award_summary_recipient_cd_original,prime_award_summary_recipient_cd_current,recipient_zip_code,primary_place_of_performance_country,primary_place_of_performance_state,primary_place_of_performance_county,prime_award_summary_place_of_performance_cd_original,prime_award_summary_place_of_performance_cd_current,primary_place_of_performance_zip_code,cfda_number,cfda_title,product_or_service_code,product_or_service_code_description,naics_code,naics_description,national_interest_action_code,national_interest_action,usaspending_permalink,last_modified_date
National Aeronautics and Space Administration,National Aeronautics and Space Administration,FY2018Q4,,080,2018,2019,,0120,000,080-2018/2019-0120-000,"Science, National Aeronautics and Space Administration",National Aeronautics and Space Administration,,"General Science, Space, and Technology","Space flight, research, and supporting activities",080-0120,"Science, National Aeronautics and Space Administration",0001,SCIENCE (DIRECT),25.5,Research and development contracts,D,,,6882.00,,,,CONT_AWD_80NM0018F0500_8000_80NM0018D0004_8000,80NM0018F0500,80NM0018D0004,,,2018-07-17,2018,2024-12-12,2025,2018-10-01,2025-09-30,,C,DELIVERY ORDER,,,JWST/MIRI GUARANTEED TIME OBSERVING (GTO) PLANNING SCIENCE WORKING GROUP (SWG) AND SUPPORT 71-15388,080,NATIONAL AERONAUTICS AND SPACE ADMINISTRATION (NASA),8000,NATIONAL AERONAUTICS AND SPACE ADMINISTRATION,80NM00,NASA MANAGEMENT OFFICE -- JPL,080,NATIONAL AERONAUTICS AND SPACE ADMINISTRATION (NASA),8000,NATIONAL AERONAUTICS AND SPACE ADMINISTRATION,80NM00,NASA MANAGEMENT OFFICE -- JPL,YC1YP79BFD19,,CALIFORNIA INSTITUTE OF TECHNOLOGY,CALIFORNIA INSTITUTE OF TECHNOLOGY,YC1YP79BFD19,YC1YP79BFD19,CALIFORNIA INSTITUTE OF TECHNOLOGY,CALIFORNIA INSTITUTE OF TECHNOLOGY,USA,CA,LOS ANGELES,PASADENA,CA-28,CA-28,911098001,UNITED STATES,CALIFORNIA,LOS ANGELES,CA-28,CA-28,911098099,,,AR22,R&D- SPACE: SCIENCE/APPLICATIONS (APPLIED RESEARCH/EXPLORATORY DEVELOPMENT),541715,"RESEARCH AND DEVELOPMENT IN THE PHYSICAL, ENGINEERING, AND LIFE SCIENCES (EXCEPT NANOTECHNOLOGY AND BIOTECHNOLOGY)",,,https://www.usaspending.gov/award/CONT_AWD_80NM0018F0500_8000_80NM0018D0004_8000/,2018-11-13
National Aeronautics and Space Administration,National Aeronautics and Space Administration,FY2019Q1,,080,2017,2018,,0120,000,080-2017/2018-0120-000,"Science, National Aeronautics and Space Administration",National Aeronautics and Space Administration,,"General Science, Space, and Technology","Space flight, research, and supporting activities",080-0120,"Science, National Aeronautics and Space Administration",0001,SCIENCE (DIRECT),25.5,Research and development contracts,D,,,5400.32,,,,CONT_AWD_80NM0018F0500_8000_80NM0018D0004_8000,80NM0018F0500,80NM0018D0004,,,2018-07-17,2018,2024-12-12,2025,2018-10-01,2025-09-30,,C,DELIVERY ORDER,,,JWST/MIRI GUARANTEED TIME OBSERVING (GTO) PLANNING SCIENCE WORKING GROUP (SWG) AND SUPPORT 71-15388,080,NATIONAL AERONAUTICS AND SPACE ADMINISTRATION (NASA),8000,NATIONAL AERONAUTICS AND SPACE ADMINISTRATION,80NM00,NASA MANAGEMENT OFFICE -- JPL,080,NATIONAL AERONAUTICS AND SPACE ADMINISTRATION (NASA),8000,NATIONAL AERONAUTICS AND SPACE ADMINISTRATION,80NM00,NASA MANAGEMENT OFFICE -- JPL,YC1YP79BFD19,,CALIFORNIA INSTITUTE OF TECHNOLOGY,CALIFORNIA INSTITUTE OF TECHNOLOGY,YC1YP79BFD19,YC1YP79BFD19,CALIFORNIA INSTITUTE OF TECHNOLOGY,CALIFORNIA INSTITUTE OF TECHNOLOGY,USA,CA,LOS ANGELES,PASADENA,CA-28,CA-28,911098001,UNITED STATES,CALIFORNIA,LOS ANGELES,CA-28,CA-28,911098099,,,AR22,R&D- SPACE: SCIENCE/APPLICATIONS (APPLIED RESEARCH/EXPLORATORY DEVELOPMENT),541715,"RESEARCH AND DEVELOPMENT IN THE PHYSICAL, ENGINEERING, AND LIFE SCIENCES (EXCEPT NANOTECHNOLOGY AND BIOTECHNOLOGY)",,,https://www.usaspending.gov/award/CONT_AWD_80NM0018F0500_8000_80NM0018D0004_8000/,2019-03-13
National Aeronautics and Space Administration,National Aeronautics and Space Administration,FY2019Q1,,080,2018,2019,,0120,000,080-2018/2019-0120-000,"Science, National Aeronautics and Space Administration",National Aeronautics and Space Administration,,"General Science, Space, and Technology","Space flight, research, and supporting activities",080-0120,"Science, National Aeronautics and Space Administration",0001,SCIENCE (DIRECT),25.5,Research and development contracts,D,,,40048.00,,,,CONT_AWD_80NM0018F0500_8000_80NM0018D0004_8000,80NM0018F0500,80NM0018D0004,,,2018-07-17,2018,2024-12-12,2025,2018-10-01,2025-09-30,,C,DELIVERY ORDER,,,JWST/MIRI GUARANTEED TIME OBSERVING (GTO) PLANNING SCIENCE WORKING GROUP (SWG) AND SUPPORT 71-15388,080,NATIONAL AERONAUTICS AND SPACE ADMINISTRATION (NASA),8000,NATIONAL AERONAUTICS AND SPACE ADMINISTRATION,80NM00,NASA MANAGEMENT OFFICE -- JPL,080,NATIONAL AERONAUTICS AND SPACE ADMINISTRATION (NASA),8000,NATIONAL AERONAUTICS AND SPACE ADMINISTRATION,80NM00,NASA MANAGEMENT OFFICE -- JPL,YC1YP79BFD19,,CALIFORNIA INSTITUTE OF TECHNOLOGY,CALIFORNIA INSTITUTE OF TECHNOLOGY,YC1YP79BFD19,YC1YP79BFD19,CALIFORNIA INSTITUTE OF TECHNOLOGY,CALIFORNIA INSTITUTE OF TECHNOLOGY,USA,CA,LOS ANGELES,PASADENA,CA-28,CA-28,911098001,UNITED STATES,CALIFORNIA,LOS ANGELES,CA-28,CA-28,911098099,,,AR22,R&D- SPACE: SCIENCE/APPLICATIONS (APPLIED RESEARCH/EXPLORATORY DEVELOPMENT),541715,"RESEARCH AND DEVELOPMENT IN THE PHYSICAL, ENGINEERING, AND LIFE SCIENCES (EXCEPT NANOTECHNOLOGY AND BIOTECHNOLOGY)",,,https://www.usaspending.gov/award/CONT_AWD_80NM0018F0500_8000_80NM0018D0004_8000/,2019-03-13
National Aeronautics and Space Administration,National Aeronautics and Space Administration,FY2019Q4,,080,2019,2020,,0120,000,080-2019/2020-0120-000,"Science, National Aeronautics and Space Administration",National Aeronautics and Space Administration,,"General Science, Space, and Technology","Space flight, research, and supporting activities",080-0120,"Science, National Aeronautics and Space Administration",0001,SCIENCE (DIRECT),25.5,Research and development contracts,D,,,19050.00,,,,CONT_AWD_80NM0018F0500_8000_80NM0018D0004_8000,80NM0018F0500,80NM0018D0004,,,2018-07-17,2018,2024-12-12,2025,2018-10-01,2025-09-30,,C,DELIVERY ORDER,,,JWST/MIRI GUARANTEED TIME OBSERVING (GTO) PLANNING SCIENCE WORKING GROUP (SWG) AND SUPPORT 71-15388,080,NATIONAL AERONAUTICS AND SPACE ADMINISTRATION (NASA),8000,NATIONAL AERONAUTICS AND SPACE ADMINISTRATION,80NM00,NASA MANAGEMENT OFFICE -- JPL,080,NATIONAL AERONAUTICS AND SPACE ADMINISTRATION (NASA),8000,NATIONAL AERONAUTICS AND SPACE ADMINISTRATION,80NM00,NASA MANAGEMENT OFFICE -- JPL,YC1YP79BFD19,,CALIFORNIA INSTITUTE OF TECHNOLOGY,CALIFORNIA INSTITUTE OF TECHNOLOGY,YC1YP79BFD19,YC1YP79BFD19,CALIFORNIA INSTITUTE OF TECHNOLOGY,CALIFORNIA INSTITUTE OF TECHNOLOGY,USA,CA,LOS ANGELES,PASADENA,CA-28,CA-28,911098001,UNITED STATES,CALIFORNIA,LOS ANGELES,CA-28,CA-28,911098099,,,AR22,R&D- SPACE: SCIENCE/APPLICATIONS (APPLIED RESEARCH/EXPLORATORY DEVELOPMENT),541715,"RESEARCH AND DEVELOPMENT IN THE PHYSICAL, ENGINEERING, AND LIFE SCIENCES (EXCEPT NANOTECHNOLOGY AND BIOTECHNOLOGY)",,,https://www.usaspending.gov/award/CONT_AWD_80NM0018F0500_8000_80NM0018D0004_8000/,2019-11-14
National Aeronautics and Space Administration,National Aeronautics and Space Administration,FY2023P03,,080,2023,2024,,0120,000,080-2023/2024-0120-000,"Science, National Aeronautics and Space Administration",National Aeronautics and Space Administration,,"General Science, Space, and Technology","Space flight, research, and supporting activities",080-0120,"Science, National Aeronautics and Space Administration",0001,SCIENCE (DIRECT),25.5,Research and development contracts,D,Q,Not Designated Nonemergency/Emergency/Disaster/Wildfire Suppression,144790.00,,,,CONT_AWD_80NM0018F0500_8000_80NM0018D0004_8000,80NM0018F0500,80NM0018D0004,,,2018-07-17,2018,2024-12-12,2025,2018-10-01,2025-09-30,,C,DELIVERY ORDER,,,JWST/MIRI GUARANTEED TIME OBSERVING (GTO) PLANNING SCIENCE WORKING GROUP (SWG) AND SUPPORT 71-15388,080,NATIONAL AERONAUTICS AND SPACE ADMINISTRATION (NASA),8000,NATIONAL AERONAUTICS AND SPACE ADMINISTRATION,80NM00,NASA MANAGEMENT OFFICE -- JPL,080,NATIONAL AERONAUTICS AND SPACE ADMINISTRATION (NASA),8000,NATIONAL AERONAUTICS AND SPACE ADMINISTRATION,80NM00,NASA MANAGEMENT OFFICE -- JPL,YC1YP79BFD19,,CALIFORNIA INSTITUTE OF TECHNOLOGY,CALIFORNIA INSTITUTE OF TECHNOLOGY,YC1YP79BFD19,YC1YP79BFD19,CALIFORNIA INSTITUTE OF TECHNOLOGY,CALIFORNIA INSTITUTE OF TECHNOLOGY,USA,CA,LOS ANGELES,PASADENA,CA-28,CA-28,911098001,UNITED STATES,CALIFORNIA,LOS ANGELES,CA-28,CA-28,911098099,,,AR22,R&D- SPACE: SCIENCE/APPLICATIONS (APPLIED RESEARCH/EXPLORATORY DEVELOPMENT),541715,"RESEARCH AND DEVELOPMENT IN THE PHYSICAL, ENGINEERING, AND LIFE SCIENCES (EXCEPT NANOTECHNOLOGY AND BIOTECHNOLOGY)",,,https://www.usaspending.gov/award/CONT_AWD_80NM0018F0500_8000_80NM0018D0004_8000/,2023-01-31
National Aeronautics and Space Administration,National Aeronautics and Space Administration,FY2023P03,,080,2019,2020,,0120,000,080-2019/2020-0120-000,"Science, National Aeronautics and Space Administration",National Aeronautics and Space Administration,,"General Science, Space, and Technology","Space flight, research, and supporting activities",080-0120,"Science, National Aeronautics and Space Administration",0001,SCIENCE (DIRECT),25.5,Research and development contracts,D,Q,Not Designated Nonemergency/Emergency/Disaster/Wildfire Suppression,,9268.68,,,CONT_AWD_80NM0018F0500_8000_80NM0018D0004_8000,80NM0018F0500,80NM0018D0004,,,2018-07-17,2018,2024-12-12,2025,2018-10-01,2025-09-30,,C,DELIVERY ORDER,,,JWST/MIRI GUARANTEED TIME OBSERVING (GTO) PLANNING SCIENCE WORKING GROUP (SWG) AND SUPPORT 71-15388,080,NATIONAL AERONAUTICS AND SPACE ADMINISTRATION (NASA),8000,NATIONAL AERONAUTICS AND SPACE ADMINISTRATION,80NM00,NASA MANAGEMENT OFFICE -- JPL,080,NATIONAL AERONAUTICS AND SPACE ADMINISTRATION (NASA),8000,NATIONAL AERONAUTICS AND SPACE ADMINISTRATION,80NM00,NASA MANAGEMENT OFFICE -- JPL,YC1YP79BFD19,,CALIFORNIA INSTITUTE OF TECHNOLOGY,CALIFORNIA INSTITUTE OF TECHNOLOGY,YC1YP79BFD19,YC1YP79BFD19,CALIFORNIA INSTITUTE OF TECHNOLOGY,CALIFORNIA INSTITUTE OF TECHNOLOGY,USA,CA,LOS ANGELES,PASADENA,CA-28,CA-28,911098001,UNITED STATES,CALIFORNIA,LOS ANGELES,CA-28,CA-28,911098099,,,AR22,R&D- SPACE: SCIENCE/APPLICATIONS (APPLIED RESEARCH/EXPLORATORY DEVELOPMENT),541715,"RESEARCH AND DEVELOPMENT IN THE PHYSICAL, ENGINEERING, AND LIFE SCIENCES (EXCEPT NANOTECHNOLOGY AND BIOTECHNOLOGY)",,,https://www.usaspending.gov/award/CONT_AWD_80NM0018F0500_8000_80NM0018D0004_8000/,2023-01-31
National Aeronautics and Space Administration,National Aeronautics and Space Administration,FY2023P04,,080,2019,2020,,0120,000,080-2019/2020-0120-000,"Science, National Aeronautics and Space Administration",National Aeronautics and Space Administration,,"General Science, Space, and Technology","Space flight, research, and supporting activities",080-0120,"Science, National Aeronautics and Space Administration",0001,SCIENCE (DIRECT),25.5,Research and development contracts,D,Q,Not Designated Nonemergency/Emergency/Disaster/Wildfire Suppression,,13296.01,,,CONT_AWD_80NM0018F0500_8000_80NM0018D0004_8000,80NM0018F0500,80NM0018D0004,,,2018-07-17,2018,2024-12-12,2025,2018-10-01,2025-09-30,,C,DELIVERY ORDER,,,JWST/MIRI GUARANTEED TIME OBSERVING (GTO) PLANNING SCIENCE WORKING GROUP (SWG) AND SUPPORT 71-15388,080,NATIONAL AERONAUTICS AND SPACE ADMINISTRATION (NASA),8000,NATIONAL AERONAUTICS AND SPACE ADMINISTRATION,80NM00,NASA MANAGEMENT OFFICE -- JPL,080,NATIONAL AERONAUTICS AND SPACE ADMINISTRATION (NASA),8000,NATIONAL AERONAUTICS AND SPACE ADMINISTRATION,80NM00,NASA MANAGEMENT OFFICE -- JPL,YC1YP79BFD19,,CALIFORNIA INSTITUTE OF TECHNOLOGY,CALIFORNIA INSTITUTE OF TECHNOLOGY,YC1YP79BFD19,YC1YP79BFD19,CALIFORNIA INSTITUTE OF TECHNOLOGY,CALIFORNIA INSTITUTE OF TECHNOLOGY,USA,CA,LOS ANGELES,PASADENA,CA-28,CA-28,911098001,UNITED STATES,CALIFORNIA,LOS ANGELES,CA-28,CA-28,911098099,,,AR22,R&D- SPACE: SCIENCE/APPLICATIONS (APPLIED RESEARCH/EXPLORATORY DEVELOPMENT),541715,"RESEARCH AND DEVELOPMENT IN THE PHYSICAL, ENGINEERING, AND LIFE SCIENCES (EXCEPT NANOTECHNOLOGY AND BIOTECHNOLOGY)",,,https://www.usaspending.gov/award/CONT_AWD_80NM0018F0500_8000_80NM0018D0004_8000/,2023-02-23
National Aeronautics and Space Administration,National Aeronautics and Space Administration,FY2023P05,,080,2023,2024,,0120,000,080-2023/2024-0120-000,"Science, National Aeronautics and Space Administration",National Aeronautics and Space Administration,,"General Science, Space, and Technology","Space flight, research, and supporting activities",080-0120,"Science, National Aeronautics and Space Administration",0001,SCIENCE (DIRECT),25.5,Research and development contracts,D,Q,Not Designated Nonemergency/Emergency/Disaster/Wildfire Suppression,,5192.77,,,CONT_AWD_80NM0018F0500_8000_80NM0018D0004_8000,80NM0018F0500,80NM0018D0004,,,2018-07-17,2018,2024-12-12,2025,2018-10-01,2025-09-30,,C,DELIVERY ORDER,,,JWST/MIRI GUARANTEED TIME OBSERVING (GTO) PLANNING SCIENCE WORKING GROUP (SWG) AND SUPPORT 71-15388,080,NATIONAL AERONAUTICS AND SPACE ADMINISTRATION (NASA),8000,NATIONAL AERONAUTICS AND SPACE ADMINISTRATION,80NM00,NASA MANAGEMENT OFFICE -- JPL,080,NATIONAL AERONAUTICS AND SPACE ADMINISTRATION (NASA),8000,NATIONAL AERONAUTICS AND SPACE ADMINISTRATION,80NM00,NASA MANAGEMENT OFFICE -- JPL,YC1YP79BFD19,,CALIFORNIA INSTITUTE OF TECHNOLOGY,CALIFORNIA INSTITUTE OF TECHNOLOGY,YC1YP79BFD19,YC1YP79BFD19,CALIFORNIA INSTITUTE OF TECHNOLOGY,CALIFORNIA INSTITUTE OF TECHNOLOGY,USA,CA,LOS ANGELES,PASADENA,CA-28,CA-28,911098001,UNITED STATES,CALIFORNIA,LOS ANGELES,CA-28,CA-28,911098099,,,AR22,R&D- SPACE: SCIENCE/APPLICATIONS (APPLIED RESEARCH/EXPLORATORY DEVELOPMENT),541715,"RESEARCH AND DEVELOPMENT IN THE PHYSICAL, ENGINEERING, AND LIFE SCIENCES (EXCEPT NANOTECHNOLOGY AND BIOTECHNOLOGY)",,,https://www.usaspending.gov/award/CONT_AWD_80NM0018F0500_8000_80NM0018D0004_8000/,2023-03-27
National Aeronautics and Space Administration,National Aeronautics and Space Administration,FY2023P05,,080,2019,2020,,0120,000,080-2019/2020-0120-000,"Science, National Aeronautics and Space Administration",National Aeronautics and Space Administration,,"General Science, Space, and Technology","Space flight, research, and supporting activities",080-0120,"Science, National Aeronautics and Space Administration",0001,SCIENCE (DIRECT),25.5,Research and development contracts,D,Q,Not Designated Nonemergency/Emergency/Disaster/Wildfire Suppression,,13452.70,,,CONT_AWD_80NM0018F0500_8000_80NM0018D0004_8000,80NM0018F0500,80NM0018D0004,,,2018-07-17,2018,2024-12-12,2025,2018-10-01,2025-09-30,,C,DELIVERY ORDER,,,JWST/MIRI GUARANTEED TIME OBSERVING (GTO) PLANNING SCIENCE WORKING GROUP (SWG) AND SUPPORT 71-15388,080,NATIONAL AERONAUTICS AND SPACE ADMINISTRATION (NASA),8000,NATIONAL AERONAUTICS AND SPACE ADMINISTRATION,80NM00,NASA MANAGEMENT OFFICE -- JPL,080,NATIONAL AERONAUTICS AND SPACE ADMINISTRATION (NASA),8000,NATIONAL AERONAUTICS AND SPACE ADMINISTRATION,80NM00,NASA MANAGEMENT OFFICE -- JPL,YC1YP79BFD19,,CALIFORNIA INSTITUTE OF TECHNOLOGY,CALIFORNIA INSTITUTE OF TECHNOLOGY,YC1YP79BFD19,YC1YP79BFD19,CALIFORNIA INSTITUTE OF TECHNOLOGY,CALIFORNIA INSTITUTE OF TECHNOLOGY,USA,CA,LOS ANGELES,PASADENA,CA-28,CA-28,911098001,UNITED STATES,CALIFORNIA,LOS ANGELES,CA-28,CA-28,911098099,,,AR22,R&D- SPACE: SCIENCE/APPLICATIONS (APPLIED RESEARCH/EXPLORATORY DEVELOPMENT),541715,"RESEARCH AND DEVELOPMENT IN THE PHYSICAL, ENGINEERING, AND LIFE SCIENCES (EXCEPT NANOTECHNOLOGY AND BIOTECHNOLOGY)",,,https://www.usaspending.gov/award/CONT_AWD_80NM0018F0500_8000_80NM0018D0004_8000/,2023-03-27
National Aeronautics and Space Administration,National Aeronautics and Space Administration,FY2023P06,,080,2023,2024,,0120,000,080-2023/2024-0120-000,"Science, National Aeronautics and Space Administration",National Aeronautics and Space Administration,,"General Science, Space, and Technology","Space flight, research, and supporting activities",080-0120,"Science, National Aeronautics and Space Administration",0001,SCIENCE (DIRECT),25.5,Research and development contracts,D,Q,Not Designated Nonemergency/Emergency/Disaster/Wildfire Suppression,,16927.48,,,CONT_AWD_80NM0018F0500_8000_80NM0018D0004_8000,80NM0018F0500,80NM0018D0004,,,2018-07-17,2018,2024-12-12,2025,2018-10-01,2025-09-30,,C,DELIVERY ORDER,,,JWST/MIRI GUARANTEED TIME OBSERVING (GTO) PLANNING SCIENCE WORKING GROUP (SWG) AND SUPPORT 71-15388,080,NATIONAL AERONAUTICS AND SPACE ADMINISTRATION (NASA),8000,NATIONAL AERONAUTICS AND SPACE ADMINISTRATION,80NM00,NASA MANAGEMENT OFFICE -- JPL,080,NATIONAL AERONAUTICS AND SPACE ADMINISTRATION (NASA),8000,NATIONAL AERONAUTICS AND SPACE ADMINISTRATION,80NM00,NASA MANAGEMENT OFFICE -- JPL,YC1YP79BFD19,,CALIFORNIA INSTITUTE OF TECHNOLOGY,CALIFORNIA INSTITUTE OF TECHNOLOGY,YC1YP79BFD19,YC1YP79BFD19,CALIFORNIA INSTITUTE OF TECHNOLOGY,CALIFORNIA INSTITUTE OF TECHNOLOGY,USA,CA,LOS ANGELES,PASADENA,CA-28,CA-28,911098001,UNITED STATES,CALIFORNIA,LOS ANGELES,CA-28,CA-28,911098099,,,AR22,R&D- SPACE: SCIENCE/APPLICATIONS (APPLIED RESEARCH/EXPLORATORY DEVELOPMENT),541715,"RESEARCH AND DEVELOPMENT IN THE PHYSICAL, ENGINEERING, AND LIFE SCIENCES (EXCEPT NANOTECHNOLOGY AND BIOTECHNOLOGY)",,,https://www.usaspending.gov/award/CONT_AWD_80NM0018F0500_8000_80NM0018D0004_8000/,2023-04-27
National Aeronautics and Space Administration,National Aeronautics and Space Administration,FY2023P06,,080,2019,2020,,0120,000,080-2019/2020-0120-000,"Science, National Aeronautics and Space Administration",National Aeronautics and Space Administration,,"General Science, Space, and Technology","Space flight, research, and supporting activities",080-0120,"Science, National Aeronautics and Space Administration",0001,SCIENCE (DIRECT),25.5,Research and development contracts,D,Q,Not Designated Nonemergency/Emergency/Disaster/Wildfire Suppression,,13452.70,,,CONT_AWD_80NM0018F0500_8000_80NM0018D0004_8000,80NM0018F0500,80NM0018D0004,,,2018-07-17,2018,2024-12-12,2025,2018-10-01,2025-09-30,,C,DELIVERY ORDER,,,JWST/MIRI GUARANTEED TIME OBSERVING (GTO) PLANNING SCIENCE WORKING GROUP (SWG) AND SUPPORT 71-15388,080,NATIONAL AERONAUTICS AND SPACE ADMINISTRATION (NASA),8000,NATIONAL AERONAUTICS AND SPACE ADMINISTRATION,80NM00,NASA MANAGEMENT OFFICE -- JPL,080,NATIONAL AERONAUTICS AND SPACE ADMINISTRATION (NASA),8000,NATIONAL AERONAUTICS AND SPACE ADMINISTRATION,80NM00,NASA MANAGEMENT OFFICE -- JPL,YC1YP79BFD19,,CALIFORNIA INSTITUTE OF TECHNOLOGY,CALIFORNIA INSTITUTE OF TECHNOLOGY,YC1YP79BFD19,YC1YP79BFD19,CALIFORNIA INSTITUTE OF TECHNOLOGY,CALIFORNIA INSTITUTE OF TECHNOLOGY,USA,CA,LOS ANGELES,PASADENA,CA-28,CA-28,911098001,UNITED STATES,CALIFORNIA,LOS ANGELES,CA-28,CA-28,911098099,,,AR22,R&D- SPACE: SCIENCE/APPLICATIONS (APPLIED RESEARCH/EXPLORATORY DEVELOPMENT),541715,"RESEARCH AND DEVELOPMENT IN THE PHYSICAL, ENGINEERING, AND LIFE SCIENCES (EXCEPT NANOTECHNOLOGY AND BIOTECHNOLOGY)",,,https://www.usaspending.gov/award/CONT_AWD_80NM0018F0500_8000_80NM0018D0004_8000/,2023-04-27
National Aeronautics and Space Administration,National Aeronautics and Space Administration,FY2023P07,,080,2023,2024,,0120,000,080-2023/2024-0120-000,"Science, National Aeronautics and Space Administration",National Aeronautics and Space Administration,,"General Science, Space, and Technology","Space flight, research, and supporting activities",080-0120,"Science, National Aeronautics and Space Administration",0001,SCIENCE (DIRECT),25.5,Research and development contracts,D,Q,Not Designated Nonemergency/Emergency/Disaster/Wildfire Suppression,,21290.28,,,CONT_AWD_80NM0018F0500_8000_80NM0018D0004_8000,80NM0018F0500,80NM0018D0004,,,2018-07-17,2018,2024-12-12,2025,2018-10-01,2025-09-30,,C,DELIVERY ORDER,,,JWST/MIRI GUARANTEED TIME OBSERVING (GTO) PLANNING SCIENCE WORKING GROUP (SWG) AND SUPPORT 71-15388,080,NATIONAL AERONAUTICS AND SPACE ADMINISTRATION (NASA),8000,NATIONAL AERONAUTICS AND SPACE ADMINISTRATION,80NM00,NASA MANAGEMENT OFFICE -- JPL,080,NATIONAL AERONAUTICS AND SPACE ADMINISTRATION (NASA),8000,NATIONAL AERONAUTICS AND SPACE ADMINISTRATION,80NM00,NASA MANAGEMENT OFFICE -- JPL,YC1YP79BFD19,,CALIFORNIA INSTITUTE OF TECHNOLOGY,CALIFORNIA INSTITUTE OF TECHNOLOGY,YC1YP79BFD19,YC1YP79BFD19,CALIFORNIA INSTITUTE OF TECHNOLOGY,CALIFORNIA INSTITUTE OF TECHNOLOGY,USA,CA,LOS ANGELES,PASADENA,CA-28,CA-28,911098001,UNITED STATES,CALIFORNIA,LOS ANGELES,CA-28,CA-28,911098099,,,AR22,R&D- SPACE: SCIENCE/APPLICATIONS (APPLIED RESEARCH/EXPLORATORY DEVELOPMENT),541715,"RESEARCH AND DEVELOPMENT IN THE PHYSICAL, ENGINEERING, AND LIFE SCIENCES (EXCEPT NANOTECHNOLOGY AND BIOTECHNOLOGY)",,,https://www.usaspending.gov/award/CONT_AWD_80NM0018F0500_8000_80NM0018D0004_8000/,2023-05-28
National Aeronautics and Space Administration,National Aeronautics and Space Administration,FY2023P07,,080,2019,2020,,0120,000,080-2019/2020-0120-000,"Science, National Aeronautics and Space Administration",National Aeronautics and Space Administration,,"General Science, Space, and Technology","Space flight, research, and supporting activities",080-0120,"Science, National Aeronautics and Space Administration",0001,SCIENCE (DIRECT),25.5,Research and development contracts,D,Q,Not Designated Nonemergency/Emergency/Disaster/Wildfire Suppression,,13452.70,,,CONT_AWD_80NM0018F0500_8000_80NM0018D0004_8000,80NM0018F0500,80NM0018D0004,,,2018-07-17,2018,2024-12-12,2025,2018-10-01,2025-09-30,,C,DELIVERY ORDER,,,JWST/MIRI GUARANTEED TIME OBSERVING (GTO) PLANNING SCIENCE WORKING GROUP (SWG) AND SUPPORT 71-15388,080,NATIONAL AERONAUTICS AND SPACE ADMINISTRATION (NASA),8000,NATIONAL AERONAUTICS AND SPACE ADMINISTRATION,80NM00,NASA MANAGEMENT OFFICE -- JPL,080,NATIONAL AERONAUTICS AND SPACE ADMINISTRATION (NASA),8000,NATIONAL AERONAUTICS AND SPACE ADMINISTRATION,80NM00,NASA MANAGEMENT OFFICE -- JPL,YC1YP79BFD19,,CALIFORNIA INSTITUTE OF TECHNOLOGY,CALIFORNIA INSTITUTE OF TECHNOLOGY,YC1YP79BFD19,YC1YP79BFD19,CALIFORNIA INSTITUTE OF TECHNOLOGY,CALIFORNIA INSTITUTE OF TECHNOLOGY,USA,CA,LOS ANGELES,PASADENA,CA-28,CA-28,911098001,UNITED STATES,CALIFORNIA,LOS ANGELES,CA-28,CA-28,911098099,,,AR22,R&D- SPACE: SCIENCE/APPLICATIONS (APPLIED RESEARCH/EXPLORATORY DEVELOPMENT),541715,"RESEARCH AND DEVELOPMENT IN THE PHYSICAL, ENGINEERING, AND LIFE SCIENCES (EXCEPT NANOTECHNOLOGY AND BIOTECHNOLOGY)",,,https://www.usaspending.gov/award/CONT_AWD_80NM0018F0500_8000_80NM0018D0004_8000/,2023-05-28
National Aeronautics and Space Administration,National Aeronautics and Space Administration,FY2023P08,,080,2023,2024,,0120,000,080-2023/2024-0120-000,"Science, National Aeronautics and Space Administration",National Aeronautics and Space Administration,,"General Science, Space, and Technology","Space flight, research, and supporting activities",080-0120,"Science, National Aeronautics and Space Administration",0001,SCIENCE (DIRECT),25.5,Research and development contracts,D,Q,Not Designated Nonemergency/Emergency/Disaster/Wildfire Suppression,,23953.36,,,CONT_AWD_80NM0018F0500_8000_80NM0018D0004_8000,80NM0018F0500,80NM0018D0004,,,2018-07-17,2018,2024-12-12,2025,2018-10-01,2025-09-30,,C,DELIVERY ORDER,,,JWST/MIRI GUARANTEED TIME OBSERVING (GTO) PLANNING SCIENCE WORKING GROUP (SWG) AND SUPPORT 71-15388,080,NATIONAL AERONAUTICS AND SPACE ADMINISTRATION (NASA),8000,NATIONAL AERONAUTICS AND SPACE ADMINISTRATION,80NM00,NASA MANAGEMENT OFFICE -- JPL,080,NATIONAL AERONAUTICS AND SPACE ADMINISTRATION (NASA),8000,NATIONAL AERONAUTICS AND SPACE ADMINISTRATION,80NM00,NASA MANAGEMENT OFFICE -- JPL,YC1YP79BFD19,,CALIFORNIA INSTITUTE OF TECHNOLOGY,CALIFORNIA INSTITUTE OF TECHNOLOGY,YC1YP79BFD19,YC1YP79BFD19,CALIFORNIA INSTITUTE OF TECHNOLOGY,CALIFORNIA INSTITUTE OF TECHNOLOGY,USA,CA,LOS ANGELES,PASADENA,CA-28,CA-28,911098001,UNITED STATES,CALIFORNIA,LOS ANGELES,CA-28,CA-28,911098099,,,AR22,R&D- SPACE: SCIENCE/APPLICATIONS (APPLIED RESEARCH/EXPLORATORY DEVELOPMENT),541715,"RESEARCH AND DEVELOPMENT IN THE PHYSICAL, ENGINEERING, AND LIFE SCIENCES (EXCEPT NANOTECHNOLOGY AND BIOTECHNOLOGY)",,,https://www.usaspending.gov/award/CONT_AWD_80NM0018F0500_8000_80NM0018D0004_8000/,2023-06-28
National Aeronautics and Space Administration,National Aeronautics and Space Administration,FY2023P08,,080,2019,2020,,0120,000,080-2019/2020-0120-000,"Science, National Aeronautics and Space Administration",National Aeronautics and Space Administration,,"General Science, Space, and Technology","Space flight, research, and supporting activities",080-0120,"Science, National Aeronautics and Space Administration",0001,SCIENCE (DIRECT),25.5,Research and development contracts,D,Q,Not Designated Nonemergency/Emergency/Disaster/Wildfire Suppression,,13452.70,,,CONT_AWD_80NM0018F0500_8000_80NM0018D0004_8000,80NM0018F0500,80NM0018D0004,,,2018-07-17,2018,2024-12-12,2025,2018-10-01,2025-09-30,,C,DELIVERY ORDER,,,JWST/MIRI GUARANTEED TIME OBSERVING (GTO) PLANNING SCIENCE WORKING GROUP (SWG) AND SUPPORT 71-15388,080,NATIONAL AERONAUTICS AND SPACE ADMINISTRATION (NASA),8000,NATIONAL AERONAUTICS AND SPACE ADMINISTRATION,80NM00,NASA MANAGEMENT OFFICE -- JPL,080,NATIONAL AERONAUTICS AND SPACE ADMINISTRATION (NASA),8000,NATIONAL AERONAUTICS AND SPACE ADMINISTRATION,80NM00,NASA MANAGEMENT OFFICE -- JPL,YC1YP79BFD19,,CALIFORNIA INSTITUTE OF TECHNOLOGY,CALIFORNIA INSTITUTE OF TECHNOLOGY,YC1YP79BFD19,YC1YP79BFD19,CALIFORNIA INSTITUTE OF TECHNOLOGY,CALIFORNIA INSTITUTE OF TECHNOLOGY,USA,CA,LOS ANGELES,PASADENA,CA-28,CA-28,911098001,UNITED STATES,CALIFORNIA,LOS ANGELES,CA-28,CA-28,911098099,,,AR22,R&D- SPACE: SCIENCE/APPLICATIONS (APPLIED RESEARCH/EXPLORATORY DEVELOPMENT),541715,"RESEARCH AND DEVELOPMENT IN THE PHYSICAL, ENGINEERING, AND LIFE SCIENCES (EXCEPT NANOTECHNOLOGY AND BIOTECHNOLOGY)",,,https://www.usaspending.gov/award/CONT_AWD_80NM0018F0500_8000_80NM0018D0004_8000/,2023-06-28
National Aeronautics and Space Administration,National Aeronautics and Space Administration,FY2023P09,,080,2023,2024,,0120,000,080-2023/2024-0120-000,"Science, National Aeronautics and Space Administration",National Aeronautics and Space Administration,,"General Science, Space, and Technology","Space flight, research, and supporting activities",080-0120,"Science, National Aeronautics and Space Administration",0001,SCIENCE (DIRECT),25.5,Research and development contracts,D,Q,Not Designated Nonemergency/Emergency/Disaster/Wildfire Suppression,,33706.15,,,CONT_AWD_80NM0018F0500_8000_80NM0018D0004_8000,80NM0018F0500,80NM0018D0004,,,2018-07-17,2018,2024-12-12,2025,2018-10-01,2025-09-30,,C,DELIVERY ORDER,,,JWST/MIRI GUARANTEED TIME OBSERVING (GTO) PLANNING SCIENCE WORKING GROUP (SWG) AND SUPPORT 71-15388,080,NATIONAL AERONAUTICS AND SPACE ADMINISTRATION (NASA),8000,NATIONAL AERONAUTICS AND SPACE ADMINISTRATION,80NM00,NASA MANAGEMENT OFFICE -- JPL,080,NATIONAL AERONAUTICS AND SPACE ADMINISTRATION (NASA),8000,NATIONAL AERONAUTICS AND SPACE ADMINISTRATION,80NM00,NASA MANAGEMENT OFFICE -- JPL,YC1YP79BFD19,,CALIFORNIA INSTITUTE OF TECHNOLOGY,CALIFORNIA INSTITUTE OF TECHNOLOGY,YC1YP79BFD19,YC1YP79BFD19,CALIFORNIA INSTITUTE OF TECHNOLOGY,CALIFORNIA INSTITUTE OF TECHNOLOGY,USA,CA,LOS ANGELES,PASADENA,CA-28,CA-28,911098001,UNITED STATES,CALIFORNIA,LOS ANGELES,CA-28,CA-28,911098099,,,AR22,R&D- SPACE: SCIENCE/APPLICATIONS (APPLIED RESEARCH/EXPLORATORY DEVELOPMENT),541715,"RESEARCH AND DEVELOPMENT IN THE PHYSICAL, ENGINEERING, AND LIFE SCIENCES (EXCEPT NANOTECHNOLOGY AND BIOTECHNOLOGY)",,,https://www.usaspending.gov/award/CONT_AWD_80NM0018F0500_8000_80NM0018D0004_8000/,2023-07-28
National Aeronautics and Space Administration,National Aeronautics and Space Administration,FY2023P09,,080,2019,2020,,0120,000,080-2019/2020-0120-000,"Science, National Aeronautics and Space Administration",National Aeronautics and Space Administration,,"General Science, Space, and Technology","Space flight, research, and supporting activities",080-0120,"Science, National Aeronautics and Space Administration",0001,SCIENCE (DIRECT),25.5,Research and development contracts,D,Q,Not Designated Nonemergency/Emergency/Disaster/Wildfire Suppression,,13452.70,,,CONT_AWD_80NM0018F0500_8000_80NM0018D0004_8000,80NM0018F0500,80NM0018D0004,,,2018-07-17,2018,2024-12-12,2025,2018-10-01,2025-09-30,,C,DELIVERY ORDER,,,JWST/MIRI GUARANTEED TIME OBSERVING (GTO) PLANNING SCIENCE WORKING GROUP (SWG) AND SUPPORT 71-15388,080,NATIONAL AERONAUTICS AND SPACE ADMINISTRATION (NASA),8000,NATIONAL AERONAUTICS AND SPACE ADMINISTRATION,80NM00,NASA MANAGEMENT OFFICE -- JPL,080,NATIONAL AERONAUTICS AND SPACE ADMINISTRATION (NASA),8000,NATIONAL AERONAUTICS AND SPACE ADMINISTRATION,80NM00,NASA MANAGEMENT OFFICE -- JPL,YC1YP79BFD19,,CALIFORNIA INSTITUTE OF TECHNOLOGY,CALIFORNIA INSTITUTE OF TECHNOLOGY,YC1YP79BFD19,YC1YP79BFD19,CALIFORNIA INSTITUTE OF TECHNOLOGY,CALIFORNIA INSTITUTE OF TECHNOLOGY,USA,CA,LOS ANGELES,PASADENA,CA-28,CA-28,911098001,UNITED STATES,CALIFORNIA,LOS ANGELES,CA-28,CA-28,911098099,,,AR22,R&D- SPACE: SCIENCE/APPLICATIONS (APPLIED RESEARCH/EXPLORATORY DEVELOPMENT),541715,"RESEARCH AND DEVELOPMENT IN THE PHYSICAL, ENGINEERING, AND LIFE SCIENCES (EXCEPT NANOTECHNOLOGY AND BIOTECHNOLOGY)",,,https://www.usaspending.gov/award/CONT_AWD_80NM0018F0500_8000_80NM0018D0004_8000/,2023-07-28
National Aeronautics and Space Administration,National Aeronautics and Space Administration,FY2023P10,,080,2023,2024,,0120,000,080-2023/2024-0120-000,"Science, National Aeronautics and Space Administration",National Aeronautics and Space Administration,,"General Science, Space, and Technology","Space flight, research, and supporting activities",080-0120,"Science, National Aeronautics and Space Administration",0001,SCIENCE (DIRECT),25.5,Research and development contracts,D,Q,Not Designated Nonemergency/Emergency/Disaster/Wildfire Suppression,,43106.51,,,CONT_AWD_80NM0018F0500_8000_80NM0018D0004_8000,80NM0018F0500,80NM0018D0004,,,2018-07-17,2018,2024-12-12,2025,2018-10-01,2025-09-30,,C,DELIVERY ORDER,,,JWST/MIRI GUARANTEED TIME OBSERVING (GTO) PLANNING SCIENCE WORKING GROUP (SWG) AND SUPPORT 71-15388,080,NATIONAL AERONAUTICS AND SPACE ADMINISTRATION (NASA),8000,NATIONAL AERONAUTICS AND SPACE ADMINISTRATION,80NM00,NASA MANAGEMENT OFFICE -- JPL,080,NATIONAL AERONAUTICS AND SPACE ADMINISTRATION (NASA),8000,NATIONAL AERONAUTICS AND SPACE ADMINISTRATION,80NM00,NASA MANAGEMENT OFFICE -- JPL,YC1YP79BFD19,,CALIFORNIA INSTITUTE OF TECHNOLOGY,CALIFORNIA INSTITUTE OF TECHNOLOGY,YC1YP79BFD19,YC1YP79BFD19,CALIFORNIA INSTITUTE OF TECHNOLOGY,CALIFORNIA INSTITUTE OF TECHNOLOGY,USA,CA,LOS ANGELES,PASADENA,CA-28,CA-28,911098001,UNITED STATES,CALIFORNIA,LOS ANGELES,CA-28,CA-28,911098099,,,AR22,R&D- SPACE: SCIENCE/APPLICATIONS (APPLIED RESEARCH/EXPLORATORY DEVELOPMENT),541715,"RESEARCH AND DEVELOPMENT IN THE PHYSICAL, ENGINEERING, AND LIFE SCIENCES (EXCEPT NANOTECHNOLOGY AND BIOTECHNOLOGY)",,,https://www.usaspending.gov/award/CONT_AWD_80NM0018F0500_8000_80NM0018D0004_8000/,2023-08-28
National Aeronautics and Space Administration,National Aeronautics and Space Administration,FY2023P10,,080,2019,2020,,0120,000,080-2019/2020-0120-000,"Science, National Aeronautics and Space Administration",National Aeronautics and Space Administration,,"General Science, Space, and Technology","Space flight, research, and supporting activities",080-0120,"Science, National Aeronautics and Space Administration",0001,SCIENCE (DIRECT),25.5,Research and development contracts,D,Q,Not Designated Nonemergency/Emergency/Disaster/Wildfire Suppression,,13452.70,,,CONT_AWD_80NM0018F0500_8000_80NM0018D0004_8000,80NM0018F0500,80NM0018D0004,,,2018-07-17,2018,2024-12-12,2025,2018-10-01,2025-09-30,,C,DELIVERY ORDER,,,JWST/MIRI GUARANTEED TIME OBSERVING (GTO) PLANNING SCIENCE WORKING GROUP (SWG) AND SUPPORT 71-15388,080,NATIONAL AERONAUTICS AND SPACE ADMINISTRATION (NASA),8000,NATIONAL AERONAUTICS AND SPACE ADMINISTRATION,80NM00,NASA MANAGEMENT OFFICE -- JPL,080,NATIONAL AERONAUTICS AND SPACE ADMINISTRATION (NASA),8000,NATIONAL AERONAUTICS AND SPACE ADMINISTRATION,80NM00,NASA MANAGEMENT OFFICE -- JPL,YC1YP79BFD19,,CALIFORNIA INSTITUTE OF TECHNOLOGY,CALIFORNIA INSTITUTE OF TECHNOLOGY,YC1YP79BFD19,YC1YP79BFD19,CALIFORNIA INSTITUTE OF TECHNOLOGY,CALIFORNIA INSTITUTE OF TECHNOLOGY,USA,CA,LOS ANGELES,PASADENA,CA-28,CA-28,911098001,UNITED STATES,CALIFORNIA,LOS ANGELES,CA-28,CA-28,911098099,,,AR22,R&D- SPACE: SCIENCE/APPLICATIONS (APPLIED RESEARCH/EXPLORATORY DEVELOPMENT),541715,"RESEARCH AND DEVELOPMENT IN THE PHYSICAL, ENGINEERING, AND LIFE SCIENCES (EXCEPT NANOTECHNOLOGY AND BIOTECHNOLOGY)",,,https://www.usaspending.gov/award/CONT_AWD_80NM0018F0500_8000_80NM0018D0004_8000/,2023-08-28
National Aeronautics and Space Administration,National Aeronautics and Space Administration,FY2023P11,,080,2023,2024,,0120,000,080-2023/2024-0120-000,"Science, National Aeronautics and Space Administration",National Aeronautics and Space Administration,,"General Science, Space, and Technology","Space flight, research, and supporting activities",080-0120,"Science, National Aeronautics and Space Administration",0001,SCIENCE (DIRECT),25.5,Research and development contracts,D,Q,Not Designated Nonemergency/Emergency/Disaster/Wildfire Suppression,,50034.30,,,CONT_AWD_80NM0018F0500_8000_80NM0018D0004_8000,80NM0018F0500,80NM0018D0004,,,2018-07-17,2018,2024-12-12,2025,2018-10-01,2025-09-30,,C,DELIVERY ORDER,,,JWST/MIRI GUARANTEED TIME OBSERVING (GTO) PLANNING SCIENCE WORKING GROUP (SWG) AND SUPPORT 71-15388,080,NATIONAL AERONAUTICS AND SPACE ADMINISTRATION (NASA),8000,NATIONAL AERONAUTICS AND SPACE ADMINISTRATION,80NM00,NASA MANAGEMENT OFFICE -- JPL,080,NATIONAL AERONAUTICS AND SPACE ADMINISTRATION (NASA),8000,NATIONAL AERONAUTICS AND SPACE ADMINISTRATION,80NM00,NASA MANAGEMENT OFFICE -- JPL,YC1YP79BFD19,,CALIFORNIA INSTITUTE OF TECHNOLOGY,CALIFORNIA INSTITUTE OF TECHNOLOGY,YC1YP79BFD19,YC1YP79BFD19,CALIFORNIA INSTITUTE OF TECHNOLOGY,CALIFORNIA INSTITUTE OF TECHNOLOGY,USA,CA,LOS ANGELES,PASADENA,CA-28,CA-28,911098001,UNITED STATES,CALIFORNIA,LOS ANGELES,CA-28,CA-28,911098099,,,AR22,R&D- SPACE: SCIENCE/APPLICATIONS (APPLIED RESEARCH/EXPLORATORY DEVELOPMENT),541715,"RESEARCH AND DEVELOPMENT IN THE PHYSICAL, ENGINEERING, AND LIFE SCIENCES (EXCEPT NANOTECHNOLOGY AND BIOTECHNOLOGY)",,,https://www.usaspending.gov/award/CONT_AWD_80NM0018F0500_8000_80NM0018D0004_8000/,2023-09-28
National Aeronautics and Space Administration,National Aeronautics and Space Administration,FY2023P11,,080,2019,2020,,0120,000,080-2019/2020-0120-000,"Science, National Aeronautics and Space Administration",National Aeronautics and Space Administration,,"General Science, Space, and Technology","Space flight, research, and supporting activities",080-0120,"Science, National Aeronautics and Space Administration",0001,SCIENCE (DIRECT),25.5,Research and development contracts,D,Q,Not Designated Nonemergency/Emergency/Disaster/Wildfire Suppression,,13452.70,,,CONT_AWD_80NM0018F0500_8000_80NM0018D0004_8000,80NM0018F0500,80NM0018D0004,,,2018-07-17,2018,2024-12-12,2025,2018-10-01,2025-09-30,,C,DELIVERY ORDER,,,JWST/MIRI GUARANTEED TIME OBSERVING (GTO) PLANNING SCIENCE WORKING GROUP (SWG) AND SUPPORT 71-15388,080,NATIONAL AERONAUTICS AND SPACE ADMINISTRATION (NASA),8000,NATIONAL AERONAUTICS AND SPACE ADMINISTRATION,80NM00,NASA MANAGEMENT OFFICE -- JPL,080,NATIONAL AERONAUTICS AND SPACE ADMINISTRATION (NASA),8000,NATIONAL AERONAUTICS AND SPACE ADMINISTRATION,80NM00,NASA MANAGEMENT OFFICE -- JPL,YC1YP79BFD19,,CALIFORNIA INSTITUTE OF TECHNOLOGY,CALIFORNIA INSTITUTE OF TECHNOLOGY,YC1YP79BFD19,YC1YP79BFD19,CALIFORNIA INSTITUTE OF TECHNOLOGY,CALIFORNIA INSTITUTE OF TECHNOLOGY,USA,CA,LOS ANGELES,PASADENA,CA-28,CA-28,911098001,UNITED STATES,CALIFORNIA,LOS ANGELES,CA-28,CA-28,911098099,,,AR22,R&D- SPACE: SCIENCE/APPLICATIONS (APPLIED RESEARCH/EXPLORATORY DEVELOPMENT),541715,"RESEARCH AND DEVELOPMENT IN THE PHYSICAL, ENGINEERING, AND LIFE SCIENCES (EXCEPT NANOTECHNOLOGY AND BIOTECHNOLOGY)",,,https://www.usaspending.gov/award/CONT_AWD_80NM0018F0500_8000_80NM0018D0004_8000/,2023-09-28
National Aeronautics and Space Administration,National Aeronautics and Space Administration,FY2023P12,,080,2023,2024,,0120,000,080-2023/2024-0120-000,"Science, National Aeronautics and Space Administration",National Aeronautics and Space Administration,,"General Science, Space, and Technology","Space flight, research, and supporting activities",080-0120,"Science, National Aeronautics and Space Administration",0001,SCIENCE (DIRECT),25.5,Research and development contracts,D,Q,Not Designated Nonemergency/Emergency/Disaster/Wildfire Suppression,,55342.46,,,CONT_AWD_80NM0018F0500_8000_80NM0018D0004_8000,80NM0018F0500,80NM0018D0004,,,2018-07-17,2018,2024-12-12,2025,2018-10-01,2025-09-30,,C,DELIVERY ORDER,,,JWST/MIRI GUARANTEED TIME OBSERVING (GTO) PLANNING SCIENCE WORKING GROUP (SWG) AND SUPPORT 71-15388,080,NATIONAL AERONAUTICS AND SPACE ADMINISTRATION (NASA),8000,NATIONAL AERONAUTICS AND SPACE ADMINISTRATION,80NM00,NASA MANAGEMENT OFFICE -- JPL,080,NATIONAL AERONAUTICS AND SPACE ADMINISTRATION (NASA),8000,NATIONAL AERONAUTICS AND SPACE ADMINISTRATION,80NM00,NASA MANAGEMENT OFFICE -- JPL,YC1YP79BFD19,,CALIFORNIA INSTITUTE OF TECHNOLOGY,CALIFORNIA INSTITUTE OF TECHNOLOGY,YC1YP79BFD19,YC1YP79BFD19,CALIFORNIA INSTITUTE OF TECHNOLOGY,CALIFORNIA INSTITUTE OF TECHNOLOGY,USA,CA,LOS ANGELES,PASADENA,CA-28,CA-28,911098001,UNITED STATES,CALIFORNIA,LOS ANGELES,CA-28,CA-28,911098099,,,AR22,R&D- SPACE: SCIENCE/APPLICATIONS (APPLIED RESEARCH/EXPLORATORY DEVELOPMENT),541715,"RESEARCH AND DEVELOPMENT IN THE PHYSICAL, ENGINEERING, AND LIFE SCIENCES (EXCEPT NANOTECHNOLOGY AND BIOTECHNOLOGY)",,,https://www.usaspending.gov/award/CONT_AWD_80NM0018F0500_8000_80NM0018D0004_8000/,2023-11-03
National Aeronautics and Space Administration,National Aeronautics and Space Administration,FY2023P12,,080,2019,2020,,0120,000,080-2019/2020-0120-000,"Science, National Aeronautics and Space Administration",National Aeronautics and Space Administration,,"General Science, Space, and Technology","Space flight, research, and supporting activities",080-0120,"Science, National Aeronautics and Space Administration",0001,SCIENCE (DIRECT),25.5,Research and development contracts,D,Q,Not Designated Nonemergency/Emergency/Disaster/Wildfire Suppression,,13452.70,,,CONT_AWD_80NM0018F0500_8000_80NM0018D0004_8000,80NM0018F0500,80NM0018D0004,,,2018-07-17,2018,2024-12-12,2025,2018-10-01,2025-09-30,,C,DELIVERY ORDER,,,JWST/MIRI GUARANTEED TIME OBSERVING (GTO) PLANNING SCIENCE WORKING GROUP (SWG) AND SUPPORT 71-15388,080,NATIONAL AERONAUTICS AND SPACE ADMINISTRATION (NASA),8000,NATIONAL AERONAUTICS AND SPACE ADMINISTRATION,80NM00,NASA MANAGEMENT OFFICE -- JPL,080,NATIONAL AERONAUTICS AND SPACE ADMINISTRATION (NASA),8000,NATIONAL AERONAUTICS AND SPACE ADMINISTRATION,80NM00,NASA MANAGEMENT OFFICE -- JPL,YC1YP79BFD19,,CALIFORNIA INSTITUTE OF TECHNOLOGY,CALIFORNIA INSTITUTE OF TECHNOLOGY,YC1YP79BFD19,YC1YP79BFD19,CALIFORNIA INSTITUTE OF TECHNOLOGY,CALIFORNIA INSTITUTE OF TECHNOLOGY,USA,CA,LOS ANGELES,PASADENA,CA-28,CA-28,911098001,UNITED STATES,CALIFORNIA,LOS ANGELES,CA-28,CA-28,911098099,,,AR22,R&D- SPACE: SCIENCE/APPLICATIONS (APPLIED RESEARCH/EXPLORATORY DEVELOPMENT),541715,"RESEARCH AND DEVELOPMENT IN THE PHYSICAL, ENGINEERING, AND LIFE SCIENCES (EXCEPT NANOTECHNOLOGY AND BIOTECHNOLOGY)",,,https://www.usaspending.gov/award/CONT_AWD_80NM0018F0500_8000_80NM0018D0004_8000/,2023-11-03
National Aeronautics and Space Administration,National Aeronautics and Space Administration,FY2024P02,,080,2024,2025,,0120,000,080-2024/2025-0120-000,"Science, National Aeronautics and Space Administration",National Aeronautics and Space Administration,,"General Science, Space, and Technology","Space flight, research, and supporting activities",080-0120,"Science, National Aeronautics and Space Administration",0001,SCIENCE (DIRECT),25.5,Research and development contracts,D,Q,Not Designated Nonemergency/Emergency/Disaster/Wildfire Suppression,119500.00,,,,CONT_AWD_80NM0018F0500_8000_80NM0018D0004_8000,80NM0018F0500,80NM0018D0004,,,2018-07-17,2018,2024-12-12,2025,2018-10-01,2025-09-30,,C,DELIVERY ORDER,,,JWST/MIRI GUARANTEED TIME OBSERVING (GTO) PLANNING SCIENCE WORKING GROUP (SWG) AND SUPPORT 71-15388,080,NATIONAL AERONAUTICS AND SPACE ADMINISTRATION (NASA),8000,NATIONAL AERONAUTICS AND SPACE ADMINISTRATION,80NM00,NASA MANAGEMENT OFFICE -- JPL,080,NATIONAL AERONAUTICS AND SPACE ADMINISTRATION (NASA),8000,NATIONAL AERONAUTICS AND SPACE ADMINISTRATION,80NM00,NASA MANAGEMENT OFFICE -- JPL,YC1YP79BFD19,,CALIFORNIA INSTITUTE OF TECHNOLOGY,CALIFORNIA INSTITUTE OF TECHNOLOGY,YC1YP79BFD19,YC1YP79BFD19,CALIFORNIA INSTITUTE OF TECHNOLOGY,CALIFORNIA INSTITUTE OF TECHNOLOGY,USA,CA,LOS ANGELES,PASADENA,CA-28,CA-28,911098001,UNITED STATES,CALIFORNIA,LOS ANGELES,CA-28,CA-28,911098099,,,AR22,R&D- SPACE: SCIENCE/APPLICATIONS (APPLIED RESEARCH/EXPLORATORY DEVELOPMENT),541715,"RESEARCH AND DEVELOPMENT IN THE PHYSICAL, ENGINEERING, AND LIFE SCIENCES (EXCEPT NANOTECHNOLOGY AND BIOTECHNOLOGY)",,,https://www.usaspending.gov/award/CONT_AWD_80NM0018F0500_8000_80NM0018D0004_8000/,2024-01-05
National Aeronautics and Space Administration,National Aeronautics and Space Administration,FY2024P02,,080,2023,2024,,0120,000,080-2023/2024-0120-000,"Science, National Aeronautics and Space Administration",National Aeronautics and Space Administration,,"General Science, Space, and Technology","Space flight, research, and supporting activities",080-0120,"Science, National Aeronautics and Space Administration",0001,SCIENCE (DIRECT),25.5,Research and development contracts,D,Q,Not Designated Nonemergency/Emergency/Disaster/Wildfire Suppression,,36164.16,,,CONT_AWD_80NM0018F0500_8000_80NM0018D0004_8000,80NM0018F0500,80NM0018D0004,,,2018-07-17,2018,2024-12-12,2025,2018-10-01,2025-09-30,,C,DELIVERY ORDER,,,JWST/MIRI GUARANTEED TIME OBSERVING (GTO) PLANNING SCIENCE WORKING GROUP (SWG) AND SUPPORT 71-15388,080,NATIONAL AERONAUTICS AND SPACE ADMINISTRATION (NASA),8000,NATIONAL AERONAUTICS AND SPACE ADMINISTRATION,80NM00,NASA MANAGEMENT OFFICE -- JPL,080,NATIONAL AERONAUTICS AND SPACE ADMINISTRATION (NASA),8000,NATIONAL AERONAUTICS AND SPACE ADMINISTRATION,80NM00,NASA MANAGEMENT OFFICE -- JPL,YC1YP79BFD19,,CALIFORNIA INSTITUTE OF TECHNOLOGY,CALIFORNIA INSTITUTE OF TECHNOLOGY,YC1YP79BFD19,YC1YP79BFD19,CALIFORNIA INSTITUTE OF TECHNOLOGY,CALIFORNIA INSTITUTE OF TECHNOLOGY,USA,CA,LOS ANGELES,PASADENA,CA-28,CA-28,911098001,UNITED STATES,CALIFORNIA,LOS ANGELES,CA-28,CA-28,911098099,,,AR22,R&D- SPACE: SCIENCE/APPLICATIONS (APPLIED RESEARCH/EXPLORATORY DEVELOPMENT),541715,"RESEARCH AND DEVELOPMENT IN THE PHYSICAL, ENGINEERING, AND LIFE SCIENCES (EXCEPT NANOTECHNOLOGY AND BIOTECHNOLOGY)",,,https://www.usaspending.gov/award/CONT_AWD_80NM0018F0500_8000_80NM0018D0004_8000/,2024-01-05
National Aeronautics and Space Administration,National Aeronautics and Space Administration,FY2024P03,,080,2023,2024,,0120,000,080-2023/2024-0120-000,"Science, National Aeronautics and Space Administration",National Aeronautics and Space Administration,,"General Science, Space, and Technology","Space flight, research, and supporting activities",080-0120,"Science, National Aeronautics and Space Administration",0001,SCIENCE (DIRECT),25.5,Research and development contracts,D,Q,Not Designated Nonemergency/Emergency/Disaster/Wildfire Suppression,,62298.07,,,CONT_AWD_80NM0018F0500_8000_80NM0018D0004_8000,80NM0018F0500,80NM0018D0004,,,2018-07-17,2018,2024-12-12,2025,2018-10-01,2025-09-30,,C,DELIVERY ORDER,,,JWST/MIRI GUARANTEED TIME OBSERVING (GTO) PLANNING SCIENCE WORKING GROUP (SWG) AND SUPPORT 71-15388,080,NATIONAL AERONAUTICS AND SPACE ADMINISTRATION (NASA),8000,NATIONAL AERONAUTICS AND SPACE ADMINISTRATION,80NM00,NASA MANAGEMENT OFFICE -- JPL,080,NATIONAL AERONAUTICS AND SPACE ADMINISTRATION (NASA),8000,NATIONAL AERONAUTICS AND SPACE ADMINISTRATION,80NM00,NASA MANAGEMENT OFFICE -- JPL,YC1YP79BFD19,,CALIFORNIA INSTITUTE OF TECHNOLOGY,CALIFORNIA INSTITUTE OF TECHNOLOGY,YC1YP79BFD19,YC1YP79BFD19,CALIFORNIA INSTITUTE OF TECHNOLOGY,CALIFORNIA INSTITUTE OF TECHNOLOGY,USA,CA,LOS ANGELES,PASADENA,CA-28,CA-28,911098001,UNITED STATES,CALIFORNIA,LOS ANGELES,CA-28,CA-28,911098099,,,AR22,R&D- SPACE: SCIENCE/APPLICATIONS (APPLIED RESEARCH/EXPLORATORY DEVELOPMENT),541715,"RESEARCH AND DEVELOPMENT IN THE PHYSICAL, ENGINEERING, AND LIFE SCIENCES (EXCEPT NANOTECHNOLOGY AND BIOTECHNOLOGY)",,,https://www.usaspending.gov/award/CONT_AWD_80NM0018F0500_8000_80NM0018D0004_8000/,2024-01-28
National Aeronautics and Space Administration,National Aeronautics and Space Administration,FY2024P04,,080,2023,2024,,0120,000,080-2023/2024-0120-000,"Science, National Aeronautics and Space Administration",National Aeronautics and Space Administration,,"General Science, Space, and Technology","Space flight, research, and supporting activities",080-0120,"Science, National Aeronautics and Space Administration",0001,SCIENCE (DIRECT),25.5,Research and development contracts,D,Q,Not Designated Nonemergency/Emergency/Disaster/Wildfire Suppression,,89258.26,,,CONT_AWD_80NM0018F0500_8000_80NM0018D0004_8000,80NM0018F0500,80NM0018D0004,,,2018-07-17,2018,2024-12-12,2025,2018-10-01,2025-09-30,,C,DELIVERY ORDER,,,JWST/MIRI GUARANTEED TIME OBSERVING (GTO) PLANNING SCIENCE WORKING GROUP (SWG) AND SUPPORT 71-15388,080,NATIONAL AERONAUTICS AND SPACE ADMINISTRATION (NASA),8000,NATIONAL AERONAUTICS AND SPACE ADMINISTRATION,80NM00,NASA MANAGEMENT OFFICE -- JPL,080,NATIONAL AERONAUTICS AND SPACE ADMINISTRATION (NASA),8000,NATIONAL AERONAUTICS AND SPACE ADMINISTRATION,80NM00,NASA MANAGEMENT OFFICE -- JPL,YC1YP79BFD19,,CALIFORNIA INSTITUTE OF TECHNOLOGY,CALIFORNIA INSTITUTE OF TECHNOLOGY,YC1YP79BFD19,YC1YP79BFD19,CALIFORNIA INSTITUTE OF TECHNOLOGY,CALIFORNIA INSTITUTE OF TECHNOLOGY,USA,CA,LOS ANGELES,PASADENA,CA-28,CA-28,911098001,UNITED STATES,CALIFORNIA,LOS ANGELES,CA-28,CA-28,911098099,,,AR22,R&D- SPACE: SCIENCE/APPLICATIONS (APPLIED RESEARCH/EXPLORATORY DEVELOPMENT),541715,"RESEARCH AND DEVELOPMENT IN THE PHYSICAL, ENGINEERING, AND LIFE SCIENCES (EXCEPT NANOTECHNOLOGY AND BIOTECHNOLOGY)",,,https://www.usaspending.gov/award/CONT_AWD_80NM0018F0500_8000_80NM0018D0004_8000/,2024-02-27
National Aeronautics and Space Administration,National Aeronautics and Space Administration,FY2024P05,,080,2024,2025,,0120,000,080-2024/2025-0120-000,"Science, National Aeronautics and Space Administration",National Aeronautics and Space Administration,,"General Science, Space, and Technology","Space flight, research, and supporting activities",080-0120,"Science, National Aeronautics and Space Administration",0001,SCIENCE (DIRECT),25.5,Research and development contracts,D,Q,Not Designated Nonemergency/Emergency/Disaster/Wildfire Suppression,,14977.43,,,CONT_AWD_80NM0018F0500_8000_80NM0018D0004_8000,80NM0018F0500,80NM0018D0004,,,2018-07-17,2018,2024-12-12,2025,2018-10-01,2025-09-30,,C,DELIVERY ORDER,,,JWST/MIRI GUARANTEED TIME OBSERVING (GTO) PLANNING SCIENCE WORKING GROUP (SWG) AND SUPPORT 71-15388,080,NATIONAL AERONAUTICS AND SPACE ADMINISTRATION (NASA),8000,NATIONAL AERONAUTICS AND SPACE ADMINISTRATION,80NM00,NASA MANAGEMENT OFFICE -- JPL,080,NATIONAL AERONAUTICS AND SPACE ADMINISTRATION (NASA),8000,NATIONAL AERONAUTICS AND SPACE ADMINISTRATION,80NM00,NASA MANAGEMENT OFFICE -- JPL,YC1YP79BFD19,,CALIFORNIA INSTITUTE OF TECHNOLOGY,CALIFORNIA INSTITUTE OF TECHNOLOGY,YC1YP79BFD19,YC1YP79BFD19,CALIFORNIA INSTITUTE OF TECHNOLOGY,CALIFORNIA INSTITUTE OF TECHNOLOGY,USA,CA,LOS ANGELES,PASADENA,CA-28,CA-28,911098001,UNITED STATES,CALIFORNIA,LOS ANGELES,CA-28,CA-28,911098099,,,AR22,R&D- SPACE: SCIENCE/APPLICATIONS (APPLIED RESEARCH/EXPLORATORY DEVELOPMENT),541715,"RESEARCH AND DEVELOPMENT IN THE PHYSICAL, ENGINEERING, AND LIFE SCIENCES (EXCEPT NANOTECHNOLOGY AND BIOTECHNOLOGY)",,,https://www.usaspending.gov/award/CONT_AWD_80NM0018F0500_8000_80NM0018D0004_8000/,2024-03-28
National Aeronautics and Space Administration,National Aeronautics and Space Administration,FY2024P05,,080,2023,2024,,0120,000,080-2023/2024-0120-000,"Science, National Aeronautics and Space Administration",National Aeronautics and Space Administration,,"General Science, Space, and Technology","Space flight, research, and supporting activities",080-0120,"Science, National Aeronautics and Space Administration",0001,SCIENCE (DIRECT),25.5,Research and development contracts,D,Q,Not Designated Nonemergency/Emergency/Disaster/Wildfire Suppression,,89447.54,,,CONT_AWD_80NM0018F0500_8000_80NM0018D0004_8000,80NM0018F0500,80NM0018D0004,,,2018-07-17,2018,2024-12-12,2025,2018-10-01,2025-09-30,,C,DELIVERY ORDER,,,JWST/MIRI GUARANTEED TIME OBSERVING (GTO) PLANNING SCIENCE WORKING GROUP (SWG) AND SUPPORT 71-15388,080,NATIONAL AERONAUTICS AND SPACE ADMINISTRATION (NASA),8000,NATIONAL AERONAUTICS AND SPACE ADMINISTRATION,80NM00,NASA MANAGEMENT OFFICE -- JPL,080,NATIONAL AERONAUTICS AND SPACE ADMINISTRATION (NASA),8000,NATIONAL AERONAUTICS AND SPACE ADMINISTRATION,80NM00,NASA MANAGEMENT OFFICE -- JPL,YC1YP79BFD19,,CALIFORNIA INSTITUTE OF TECHNOLOGY,CALIFORNIA INSTITUTE OF TECHNOLOGY,YC1YP79BFD19,YC1YP79BFD19,CALIFORNIA INSTITUTE OF TECHNOLOGY,CALIFORNIA INSTITUTE OF TECHNOLOGY,USA,CA,LOS ANGELES,PASADENA,CA-28,CA-28,911098001,UNITED STATES,CALIFORNIA,LOS ANGELES,CA-28,CA-28,911098099,,,AR22,R&D- SPACE: SCIENCE/APPLICATIONS (APPLIED RESEARCH/EXPLORATORY DEVELOPMENT),541715,"RESEARCH AND DEVELOPMENT IN THE PHYSICAL, ENGINEERING, AND LIFE SCIENCES (EXCEPT NANOTECHNOLOGY AND BIOTECHNOLOGY)",,,https://www.usaspending.gov/award/CONT_AWD_80NM0018F0500_8000_80NM0018D0004_8000/,2024-03-28
National Aeronautics and Space Administration,National Aeronautics and Space Administration,FY2024P06,,080,2024,2025,,0120,000,080-2024/2025-0120-000,"Science, National Aeronautics and Space Administration",National Aeronautics and Space Administration,,"General Science, Space, and Technology","Space flight, research, and supporting activities",080-0120,"Science, National Aeronautics and Space Administration",0001,SCIENCE (DIRECT),25.5,Research and development contracts,D,Q,Not Designated Nonemergency/Emergency/Disaster/Wildfire Suppression,,34782.21,,,CONT_AWD_80NM0018F0500_8000_80NM0018D0004_8000,80NM0018F0500,80NM0018D0004,,,2018-07-17,2018,2024-12-12,2025,2018-10-01,2025-09-30,,C,DELIVERY ORDER,,,JWST/MIRI GUARANTEED TIME OBSERVING (GTO) PLANNING SCIENCE WORKING GROUP (SWG) AND SUPPORT 71-15388,080,NATIONAL AERONAUTICS AND SPACE ADMINISTRATION (NASA),8000,NATIONAL AERONAUTICS AND SPACE ADMINISTRATION,80NM00,NASA MANAGEMENT OFFICE -- JPL,080,NATIONAL AERONAUTICS AND SPACE ADMINISTRATION (NASA),8000,NATIONAL AERONAUTICS AND SPACE ADMINISTRATION,80NM00,NASA MANAGEMENT OFFICE -- JPL,YC1YP79BFD19,,CALIFORNIA INSTITUTE OF TECHNOLOGY,CALIFORNIA INSTITUTE OF TECHNOLOGY,YC1YP79BFD19,YC1YP79BFD19,CALIFORNIA INSTITUTE OF TECHNOLOGY,CALIFORNIA INSTITUTE OF TECHNOLOGY,USA,CA,LOS ANGELES,PASADENA,CA-28,CA-28,911098001,UNITED STATES,CALIFORNIA,LOS ANGELES,CA-28,CA-28,911098099,,,AR22,R&D- SPACE: SCIENCE/APPLICATIONS (APPLIED RESEARCH/EXPLORATORY DEVELOPMENT),541715,"RESEARCH AND DEVELOPMENT IN THE PHYSICAL, ENGINEERING, AND LIFE SCIENCES (EXCEPT NANOTECHNOLOGY AND BIOTECHNOLOGY)",,,https://www.usaspending.gov/award/CONT_AWD_80NM0018F0500_8000_80NM0018D0004_8000/,2024-04-25
National Aeronautics and Space Administration,National Aeronautics and Space Administration,FY2024P06,,080,2023,2024,,0120,000,080-2023/2024-0120-000,"Science, National Aeronautics and Space Administration",National Aeronautics and Space Administration,,"General Science, Space, and Technology","Space flight, research, and supporting activities",080-0120,"Science, National Aeronautics and Space Administration",0001,SCIENCE (DIRECT),25.5,Research and development contracts,D,Q,Not Designated Nonemergency/Emergency/Disaster/Wildfire Suppression,,89447.54,,,CONT_AWD_80NM0018F0500_8000_80NM0018D0004_8000,80NM0018F0500,80NM0018D0004,,,2018-07-17,2018,2024-12-12,2025,2018-10-01,2025-09-30,,C,DELIVERY ORDER,,,JWST/MIRI GUARANTEED TIME OBSERVING (GTO) PLANNING SCIENCE WORKING GROUP (SWG) AND SUPPORT 71-15388,080,NATIONAL AERONAUTICS AND SPACE ADMINISTRATION (NASA),8000,NATIONAL AERONAUTICS AND SPACE ADMINISTRATION,80NM00,NASA MANAGEMENT OFFICE -- JPL,080,NATIONAL AERONAUTICS AND SPACE ADMINISTRATION (NASA),8000,NATIONAL AERONAUTICS AND SPACE ADMINISTRATION,80NM00,NASA MANAGEMENT OFFICE -- JPL,YC1YP79BFD19,,CALIFORNIA INSTITUTE OF TECHNOLOGY,CALIFORNIA INSTITUTE OF TECHNOLOGY,YC1YP79BFD19,YC1YP79BFD19,CALIFORNIA INSTITUTE OF TECHNOLOGY,CALIFORNIA INSTITUTE OF TECHNOLOGY,USA,CA,LOS ANGELES,PASADENA,CA-28,CA-28,911098001,UNITED STATES,CALIFORNIA,LOS ANGELES,CA-28,CA-28,911098099,,,AR22,R&D- SPACE: SCIENCE/APPLICATIONS (APPLIED RESEARCH/EXPLORATORY DEVELOPMENT),541715,"RESEARCH AND DEVELOPMENT IN THE PHYSICAL, ENGINEERING, AND LIFE SCIENCES (EXCEPT NANOTECHNOLOGY AND BIOTECHNOLOGY)",,,https://www.usaspending.gov/award/CONT_AWD_80NM0018F0500_8000_80NM0018D0004_8000/,2024-04-25
National Aeronautics and Space Administration,National Aeronautics and Space Administration,FY2024P07,,080,2024,2025,,0120,000,080-2024/2025-0120-000,"Science, National Aeronautics and Space Administration",National Aeronautics and Space Administration,,"General Science, Space, and Technology","Space flight, research, and supporting activities",080-0120,"Science, National Aeronautics and Space Administration",0001,SCIENCE (DIRECT),25.5,Research and development contracts,D,Q,Not Designated Nonemergency/Emergency/Disaster/Wildfire Suppression,,61762.68,,,CONT_AWD_80NM0018F0500_8000_80NM0018D0004_8000,80NM0018F0500,80NM0018D0004,,,2018-07-17,2018,2024-12-12,2025,2018-10-01,2025-09-30,,C,DELIVERY ORDER,,,JWST/MIRI GUARANTEED TIME OBSERVING (GTO) PLANNING SCIENCE WORKING GROUP (SWG) AND SUPPORT 71-15388,080,NATIONAL AERONAUTICS AND SPACE ADMINISTRATION (NASA),8000,NATIONAL AERONAUTICS AND SPACE ADMINISTRATION,80NM00,NASA MANAGEMENT OFFICE -- JPL,080,NATIONAL AERONAUTICS AND SPACE ADMINISTRATION (NASA),8000,NATIONAL AERONAUTICS AND SPACE ADMINISTRATION,80NM00,NASA MANAGEMENT OFFICE -- JPL,YC1YP79BFD19,,CALIFORNIA INSTITUTE OF TECHNOLOGY,CALIFORNIA INSTITUTE OF TECHNOLOGY,YC1YP79BFD19,YC1YP79BFD19,CALIFORNIA INSTITUTE OF TECHNOLOGY,CALIFORNIA INSTITUTE OF TECHNOLOGY,USA,CA,LOS ANGELES,PASADENA,CA-28,CA-28,911098001,UNITED STATES,CALIFORNIA,LOS ANGELES,CA-28,CA-28,911098099,,,AR22,R&D- SPACE: SCIENCE/APPLICATIONS (APPLIED RESEARCH/EXPLORATORY DEVELOPMENT),541715,"RESEARCH AND DEVELOPMENT IN THE PHYSICAL, ENGINEERING, AND LIFE SCIENCES (EXCEPT NANOTECHNOLOGY AND BIOTECHNOLOGY)",,,https://www.usaspending.gov/award/CONT_AWD_80NM0018F0500_8000_80NM0018D0004_8000/,2024-05-22
National Aeronautics and Space Administration,National Aeronautics and Space Administration,FY2024P07,,080,2023,2024,,0120,000,080-2023/2024-0120-000,"Science, National Aeronautics and Space Administration",National Aeronautics and Space Administration,,"General Science, Space, and Technology","Space flight, research, and supporting activities",080-0120,"Science, National Aeronautics and Space Administration",0001,SCIENCE (DIRECT),25.5,Research and development contracts,D,Q,Not Designated Nonemergency/Emergency/Disaster/Wildfire Suppression,,89447.54,,,CONT_AWD_80NM0018F0500_8000_80NM0018D0004_8000,80NM0018F0500,80NM0018D0004,,,2018-07-17,2018,2024-12-12,2025,2018-10-01,2025-09-30,,C,DELIVERY ORDER,,,JWST/MIRI GUARANTEED TIME OBSERVING (GTO) PLANNING SCIENCE WORKING GROUP (SWG) AND SUPPORT 71-15388,080,NATIONAL AERONAUTICS AND SPACE ADMINISTRATION (NASA),8000,NATIONAL AERONAUTICS AND SPACE ADMINISTRATION,80NM00,NASA MANAGEMENT OFFICE -- JPL,080,NATIONAL AERONAUTICS AND SPACE ADMINISTRATION (NASA),8000,NATIONAL AERONAUTICS AND SPACE ADMINISTRATION,80NM00,NASA MANAGEMENT OFFICE -- JPL,YC1YP79BFD19,,CALIFORNIA INSTITUTE OF TECHNOLOGY,CALIFORNIA INSTITUTE OF TECHNOLOGY,YC1YP79BFD19,YC1YP79BFD19,CALIFORNIA INSTITUTE OF TECHNOLOGY,CALIFORNIA INSTITUTE OF TECHNOLOGY,USA,CA,LOS ANGELES,PASADENA,CA-28,CA-28,911098001,UNITED STATES,CALIFORNIA,LOS ANGELES,CA-28,CA-28,911098099,,,AR22,R&D- SPACE: SCIENCE/APPLICATIONS (APPLIED RESEARCH/EXPLORATORY DEVELOPMENT),541715,"RESEARCH AND DEVELOPMENT IN THE PHYSICAL, ENGINEERING, AND LIFE SCIENCES (EXCEPT NANOTECHNOLOGY AND BIOTECHNOLOGY)",,,https://www.usaspending.gov/award/CONT_AWD_80NM0018F0500_8000_80NM0018D0004_8000/,2024-05-22
National Aeronautics and Space Administration,National Aeronautics and Space Administration,FY2024P08,,080,2024,2025,,0120,000,080-2024/2025-0120-000,"Science, National Aeronautics and Space Administration",National Aeronautics and Space Administration,,"General Science, Space, and Technology","Space flight, research, and supporting activities",080-0120,"Science, National Aeronautics and Space Administration",0001,SCIENCE (DIRECT),25.5,Research and development contracts,D,Q,Not Designated Nonemergency/Emergency/Disaster/Wildfire Suppression,,75756.83,,,CONT_AWD_80NM0018F0500_8000_80NM0018D0004_8000,80NM0018F0500,80NM0018D0004,,,2018-07-17,2018,2024-12-12,2025,2018-10-01,2025-09-30,,C,DELIVERY ORDER,,,JWST/MIRI GUARANTEED TIME OBSERVING (GTO) PLANNING SCIENCE WORKING GROUP (SWG) AND SUPPORT 71-15388,080,NATIONAL AERONAUTICS AND SPACE ADMINISTRATION (NASA),8000,NATIONAL AERONAUTICS AND SPACE ADMINISTRATION,80NM00,NASA MANAGEMENT OFFICE -- JPL,080,NATIONAL AERONAUTICS AND SPACE ADMINISTRATION (NASA),8000,NATIONAL AERONAUTICS AND SPACE ADMINISTRATION,80NM00,NASA MANAGEMENT OFFICE -- JPL,YC1YP79BFD19,,CALIFORNIA INSTITUTE OF TECHNOLOGY,CALIFORNIA INSTITUTE OF TECHNOLOGY,YC1YP79BFD19,YC1YP79BFD19,CALIFORNIA INSTITUTE OF TECHNOLOGY,CALIFORNIA INSTITUTE OF TECHNOLOGY,USA,CA,LOS ANGELES,PASADENA,CA-28,CA-28,911098001,UNITED STATES,CALIFORNIA,LOS ANGELES,CA-28,CA-28,911098099,,,AR22,R&D- SPACE: SCIENCE/APPLICATIONS (APPLIED RESEARCH/EXPLORATORY DEVELOPMENT),541715,"RESEARCH AND DEVELOPMENT IN THE PHYSICAL, ENGINEERING, AND LIFE SCIENCES (EXCEPT NANOTECHNOLOGY AND BIOTECHNOLOGY)",,,https://www.usaspending.gov/award/CONT_AWD_80NM0018F0500_8000_80NM0018D0004_8000/,2024-07-01
National Aeronautics and Space Administration,National Aeronautics and Space Administration,FY2024P08,,080,2024,2025,,0120,000,080-2024/2025-0120-000,"Science, National Aeronautics and Space Administration",National Aeronautics and Space Administration,,"General Science, Space, and Technology","Space flight, research, and supporting activities",080-0120,"Science, National Aeronautics and Space Administration",0001,SCIENCE (DIRECT),25.5,Research and development contracts,D,Q,Not Designated Nonemergency/Emergency/Disaster/Wildfire Suppression,120000.00,,,,CONT_AWD_80NM0018F0500_8000_80NM0018D0004_8000,80NM0018F0500,80NM0018D0004,,,2018-07-17,2018,2024-12-12,2025,2018-10-01,2025-09-30,,C,DELIVERY ORDER,,,JWST/MIRI GUARANTEED TIME OBSERVING (GTO) PLANNING SCIENCE WORKING GROUP (SWG) AND SUPPORT 71-15388,080,NATIONAL AERONAUTICS AND SPACE ADMINISTRATION (NASA),8000,NATIONAL AERONAUTICS AND SPACE ADMINISTRATION,80NM00,NASA MANAGEMENT OFFICE -- JPL,080,NATIONAL AERONAUTICS AND SPACE ADMINISTRATION (NASA),8000,NATIONAL AERONAUTICS AND SPACE ADMINISTRATION,80NM00,NASA MANAGEMENT OFFICE -- JPL,YC1YP79BFD19,,CALIFORNIA INSTITUTE OF TECHNOLOGY,CALIFORNIA INSTITUTE OF TECHNOLOGY,YC1YP79BFD19,YC1YP79BFD19,CALIFORNIA INSTITUTE OF TECHNOLOGY,CALIFORNIA INSTITUTE OF TECHNOLOGY,USA,CA,LOS ANGELES,PASADENA,CA-28,CA-28,911098001,UNITED STATES,CALIFORNIA,LOS ANGELES,CA-28,CA-28,911098099,,,AR22,R&D- SPACE: SCIENCE/APPLICATIONS (APPLIED RESEARCH/EXPLORATORY DEVELOPMENT),541715,"RESEARCH AND DEVELOPMENT IN THE PHYSICAL, ENGINEERING, AND LIFE SCIENCES (EXCEPT NANOTECHNOLOGY AND BIOTECHNOLOGY)",,,https://www.usaspending.gov/award/CONT_AWD_80NM0018F0500_8000_80NM0018D0004_8000/,2024-07-01
National Aeronautics and Space Administration,National Aeronautics and Space Administration,FY2024P08,,080,2023,2024,,0120,000,080-2023/2024-0120-000,"Science, National Aeronautics and Space Administration",National Aeronautics and Space Administration,,"General Science, Space, and Technology","Space flight, research, and supporting activities",080-0120,"Science, National Aeronautics and Space Administration",0001,SCIENCE (DIRECT),25.5,Research and development contracts,D,Q,Not Designated Nonemergency/Emergency/Disaster/Wildfire Suppression,,89447.54,,,CONT_AWD_80NM0018F0500_8000_80NM0018D0004_8000,80NM0018F0500,80NM0018D0004,,,2018-07-17,2018,2024-12-12,2025,2018-10-01,2025-09-30,,C,DELIVERY ORDER,,,JWST/MIRI GUARANTEED TIME OBSERVING (GTO) PLANNING SCIENCE WORKING GROUP (SWG) AND SUPPORT 71-15388,080,NATIONAL AERONAUTICS AND SPACE ADMINISTRATION (NASA),8000,NATIONAL AERONAUTICS AND SPACE ADMINISTRATION,80NM00,NASA MANAGEMENT OFFICE -- JPL,080,NATIONAL AERONAUTICS AND SPACE ADMINISTRATION (NASA),8000,NATIONAL AERONAUTICS AND SPACE ADMINISTRATION,80NM00,NASA MANAGEMENT OFFICE -- JPL,YC1YP79BFD19,,CALIFORNIA INSTITUTE OF TECHNOLOGY,CALIFORNIA INSTITUTE OF TECHNOLOGY,YC1YP79BFD19,YC1YP79BFD19,CALIFORNIA INSTITUTE OF TECHNOLOGY,CALIFORNIA INSTITUTE OF TECHNOLOGY,USA,CA,LOS ANGELES,PASADENA,CA-28,CA-28,911098001,UNITED STATES,CALIFORNIA,LOS ANGELES,CA-28,CA-28,911098099,,,AR22,R&D- SPACE: SCIENCE/APPLICATIONS (APPLIED RESEARCH/EXPLORATORY DEVELOPMENT),541715,"RESEARCH AND DEVELOPMENT IN THE PHYSICAL, ENGINEERING, AND LIFE SCIENCES (EXCEPT NANOTECHNOLOGY AND BIOTECHNOLOGY)",,,https://www.usaspending.gov/award/CONT_AWD_80NM0018F0500_8000_80NM0018D0004_8000/,2024-07-01
National Aeronautics and Space Administration,National Aeronautics and Space Administration,FY2024P09,,080,2024,2025,,0120,000,080-2024/2025-0120-000,"Science, National Aeronautics and Space Administration",National Aeronautics and Space Administration,,"General Science, Space, and Technology","Space flight, research, and supporting activities",080-0120,"Science, National Aeronautics and Space Administration",0001,SCIENCE (DIRECT),25.5,Research and development contracts,D,Q,Not Designated Nonemergency/Emergency/Disaster/Wildfire Suppression,,91637.06,,,CONT_AWD_80NM0018F0500_8000_80NM0018D0004_8000,80NM0018F0500,80NM0018D0004,,,2018-07-17,2018,2024-12-12,2025,2018-10-01,2025-09-30,,C,DELIVERY ORDER,,,JWST/MIRI GUARANTEED TIME OBSERVING (GTO) PLANNING SCIENCE WORKING GROUP (SWG) AND SUPPORT 71-15388,080,NATIONAL AERONAUTICS AND SPACE ADMINISTRATION (NASA),8000,NATIONAL AERONAUTICS AND SPACE ADMINISTRATION,80NM00,NASA MANAGEMENT OFFICE -- JPL,080,NATIONAL AERONAUTICS AND SPACE ADMINISTRATION (NASA),8000,NATIONAL AERONAUTICS AND SPACE ADMINISTRATION,80NM00,NASA MANAGEMENT OFFICE -- JPL,YC1YP79BFD19,,CALIFORNIA INSTITUTE OF TECHNOLOGY,CALIFORNIA INSTITUTE OF TECHNOLOGY,YC1YP79BFD19,YC1YP79BFD19,CALIFORNIA INSTITUTE OF TECHNOLOGY,CALIFORNIA INSTITUTE OF TECHNOLOGY,USA,CA,LOS ANGELES,PASADENA,CA-28,CA-28,911098001,UNITED STATES,CALIFORNIA,LOS ANGELES,CA-28,CA-28,911098099,,,AR22,R&D- SPACE: SCIENCE/APPLICATIONS (APPLIED RESEARCH/EXPLORATORY DEVELOPMENT),541715,"RESEARCH AND DEVELOPMENT IN THE PHYSICAL, ENGINEERING, AND LIFE SCIENCES (EXCEPT NANOTECHNOLOGY AND BIOTECHNOLOGY)",,,https://www.usaspending.gov/award/CONT_AWD_80NM0018F0500_8000_80NM0018D0004_8000/,2024-07-29
National Aeronautics and Space Administration,National Aeronautics and Space Administration,FY2024P09,,080,2023,2024,,0120,000,080-2023/2024-0120-000,"Science, National Aeronautics and Space Administration",National Aeronautics and Space Administration,,"General Science, Space, and Technology","Space flight, research, and supporting activities",080-0120,"Science, National Aeronautics and Space Administration",0001,SCIENCE (DIRECT),25.5,Research and development contracts,D,Q,Not Designated Nonemergency/Emergency/Disaster/Wildfire Suppression,,89447.54,,,CONT_AWD_80NM0018F0500_8000_80NM0018D0004_8000,80NM0018F0500,80NM0018D0004,,,2018-07-17,2018,2024-12-12,2025,2018-10-01,2025-09-30,,C,DELIVERY ORDER,,,JWST/MIRI GUARANTEED TIME OBSERVING (GTO) PLANNING SCIENCE WORKING GROUP (SWG) AND SUPPORT 71-15388,080,NATIONAL AERONAUTICS AND SPACE ADMINISTRATION (NASA),8000,NATIONAL AERONAUTICS AND SPACE ADMINISTRATION,80NM00,NASA MANAGEMENT OFFICE -- JPL,080,NATIONAL AERONAUTICS AND SPACE ADMINISTRATION (NASA),8000,NATIONAL AERONAUTICS AND SPACE ADMINISTRATION,80NM00,NASA MANAGEMENT OFFICE -- JPL,YC1YP79BFD19,,CALIFORNIA INSTITUTE OF TECHNOLOGY,CALIFORNIA INSTITUTE OF TECHNOLOGY,YC1YP79BFD19,YC1YP79BFD19,CALIFORNIA INSTITUTE OF TECHNOLOGY,CALIFORNIA INSTITUTE OF TECHNOLOGY,USA,CA,LOS ANGELES,PASADENA,CA-28,CA-28,911098001,UNITED STATES,CALIFORNIA,LOS ANGELES,CA-28,CA-28,911098099,,,AR22,R&D- SPACE: SCIENCE/APPLICATIONS (APPLIED RESEARCH/EXPLORATORY DEVELOPMENT),541715,"RESEARCH AND DEVELOPMENT IN THE PHYSICAL, ENGINEERING, AND LIFE SCIENCES (EXCEPT NANOTECHNOLOGY AND BIOTECHNOLOGY)",,,https://www.usaspending.gov/award/CONT_AWD_80NM0018F0500_8000_80NM0018D0004_8000/,2024-07-29
National Aeronautics and Space Administration,National Aeronautics and Space Administration,FY2024P10,,080,2024,2025,,0120,000,080-2024/2025-0120-000,"Science, National Aeronautics and Space Administration",National Aeronautics and Space Administration,,"General Science, Space, and Technology","Space flight, research, and supporting activities",080-0120,"Science, National Aeronautics and Space Administration",0001,SCIENCE (DIRECT),25.5,Research and development contracts,D,Q,Not Designated Nonemergency/Emergency/Disaster/Wildfire Suppression,,103428.53,,,CONT_AWD_80NM0018F0500_8000_80NM0018D0004_8000,80NM0018F0500,80NM0018D0004,,,2018-07-17,2018,2024-12-12,2025,2018-10-01,2025-09-30,,C,DELIVERY ORDER,,,JWST/MIRI GUARANTEED TIME OBSERVING (GTO) PLANNING SCIENCE WORKING GROUP (SWG) AND SUPPORT 71-15388,080,NATIONAL AERONAUTICS AND SPACE ADMINISTRATION (NASA),8000,NATIONAL AERONAUTICS AND SPACE ADMINISTRATION,80NM00,NASA MANAGEMENT OFFICE -- JPL,080,NATIONAL AERONAUTICS AND SPACE ADMINISTRATION (NASA),8000,NATIONAL AERONAUTICS AND SPACE ADMINISTRATION,80NM00,NASA MANAGEMENT OFFICE -- JPL,YC1YP79BFD19,,CALIFORNIA INSTITUTE OF TECHNOLOGY,CALIFORNIA INSTITUTE OF TECHNOLOGY,YC1YP79BFD19,YC1YP79BFD19,CALIFORNIA INSTITUTE OF TECHNOLOGY,CALIFORNIA INSTITUTE OF TECHNOLOGY,USA,CA,LOS ANGELES,PASADENA,CA-28,CA-28,911098001,UNITED STATES,CALIFORNIA,LOS ANGELES,CA-28,CA-28,911098099,,,AR22,R&D- SPACE: SCIENCE/APPLICATIONS (APPLIED RESEARCH/EXPLORATORY DEVELOPMENT),541715,"RESEARCH AND DEVELOPMENT IN THE PHYSICAL, ENGINEERING, AND LIFE SCIENCES (EXCEPT NANOTECHNOLOGY AND BIOTECHNOLOGY)",,,https://www.usaspending.gov/award/CONT_AWD_80NM0018F0500_8000_80NM0018D0004_8000/,2024-08-26
National Aeronautics and Space Administration,National Aeronautics and Space Administration,FY2024P10,,080,2023,2024,,0120,000,080-2023/2024-0120-000,"Science, National Aeronautics and Space Administration",National Aeronautics and Space Administration,,"General Science, Space, and Technology","Space flight, research, and supporting activities",080-0120,"Science, National Aeronautics and Space Administration",0001,SCIENCE (DIRECT),25.5,Research and development contracts,D,Q,Not Designated Nonemergency/Emergency/Disaster/Wildfire Suppression,,89447.54,,,CONT_AWD_80NM0018F0500_8000_80NM0018D0004_8000,80NM0018F0500,80NM0018D0004,,,2018-07-17,2018,2024-12-12,2025,2018-10-01,2025-09-30,,C,DELIVERY ORDER,,,JWST/MIRI GUARANTEED TIME OBSERVING (GTO) PLANNING SCIENCE WORKING GROUP (SWG) AND SUPPORT 71-15388,080,NATIONAL AERONAUTICS AND SPACE ADMINISTRATION (NASA),8000,NATIONAL AERONAUTICS AND SPACE ADMINISTRATION,80NM00,NASA MANAGEMENT OFFICE -- JPL,080,NATIONAL AERONAUTICS AND SPACE ADMINISTRATION (NASA),8000,NATIONAL AERONAUTICS AND SPACE ADMINISTRATION,80NM00,NASA MANAGEMENT OFFICE -- JPL,YC1YP79BFD19,,CALIFORNIA INSTITUTE OF TECHNOLOGY,CALIFORNIA INSTITUTE OF TECHNOLOGY,YC1YP79BFD19,YC1YP79BFD19,CALIFORNIA INSTITUTE OF TECHNOLOGY,CALIFORNIA INSTITUTE OF TECHNOLOGY,USA,CA,LOS ANGELES,PASADENA,CA-28,CA-28,911098001,UNITED STATES,CALIFORNIA,LOS ANGELES,CA-28,CA-28,911098099,,,AR22,R&D- SPACE: SCIENCE/APPLICATIONS (APPLIED RESEARCH/EXPLORATORY DEVELOPMENT),541715,"RESEARCH AND DEVELOPMENT IN THE PHYSICAL, ENGINEERING, AND LIFE SCIENCES (EXCEPT NANOTECHNOLOGY AND BIOTECHNOLOGY)",,,https://www.usaspending.gov/award/CONT_AWD_80NM0018F0500_8000_80NM0018D0004_8000/,2024-08-26
National Aeronautics and Space Administration,National Aeronautics and Space Administration,FY2024P11,,080,2023,2024,,0120,000,080-2023/2024-0120-000,"Science, National Aeronautics and Space Administration",National Aeronautics and Space Administration,,"General Science, Space, and Technology","Space flight, research, and supporting activities",080-0120,"Science, National Aeronautics and Space Administration",0001,SCIENCE (DIRECT),25.5,Research and development contracts,D,Q,Not Designated Nonemergency/Emergency/Disaster/Wildfire Suppression,,89447.54,,,CONT_AWD_80NM0018F0500_8000_80NM0018D0004_8000,80NM0018F0500,80NM0018D0004,,,2018-07-17,2018,2024-12-12,2025,2018-10-01,2025-09-30,,C,DELIVERY ORDER,,,JWST/MIRI GUARANTEED TIME OBSERVING (GTO) PLANNING SCIENCE WORKING GROUP (SWG) AND SUPPORT 71-15388,080,NATIONAL AERONAUTICS AND SPACE ADMINISTRATION (NASA),8000,NATIONAL AERONAUTICS AND SPACE ADMINISTRATION,80NM00,NASA MANAGEMENT OFFICE -- JPL,080,NATIONAL AERONAUTICS AND SPACE ADMINISTRATION (NASA),8000,NATIONAL AERONAUTICS AND SPACE ADMINISTRATION,80NM00,NASA MANAGEMENT OFFICE -- JPL,YC1YP79BFD19,,CALIFORNIA INSTITUTE OF TECHNOLOGY,CALIFORNIA INSTITUTE OF TECHNOLOGY,YC1YP79BFD19,YC1YP79BFD19,CALIFORNIA INSTITUTE OF TECHNOLOGY,CALIFORNIA INSTITUTE OF TECHNOLOGY,USA,CA,LOS ANGELES,PASADENA,CA-28,CA-28,911098001,UNITED STATES,CALIFORNIA,LOS ANGELES,CA-28,CA-28,911098099,,,AR22,R&D- SPACE: SCIENCE/APPLICATIONS (APPLIED RESEARCH/EXPLORATORY DEVELOPMENT),541715,"RESEARCH AND DEVELOPMENT IN THE PHYSICAL, ENGINEERING, AND LIFE SCIENCES (EXCEPT NANOTECHNOLOGY AND BIOTECHNOLOGY)",,,https://www.usaspending.gov/award/CONT_AWD_80NM0018F0500_8000_80NM0018D0004_8000/,2024-09-30
National Aeronautics and Space Administration,National Aeronautics and Space Administration,FY2024P11,,080,2024,2025,,0120,000,080-2024/2025-0120-000,"Science, National Aeronautics and Space Administration",National Aeronautics and Space Administration,,"General Science, Space, and Technology","Space flight, research, and supporting activities",080-0120,"Science, National Aeronautics and Space Administration",0001,SCIENCE (DIRECT),25.5,Research and development contracts,D,Q,Not Designated Nonemergency/Emergency/Disaster/Wildfire Suppression,,112207.38,,,CONT_AWD_80NM0018F0500_8000_80NM0018D0004_8000,80NM0018F0500,80NM0018D0004,,,2018-07-17,2018,2024-12-12,2025,2018-10-01,2025-09-30,,C,DELIVERY ORDER,,,JWST/MIRI GUARANTEED TIME OBSERVING (GTO) PLANNING SCIENCE WORKING GROUP (SWG) AND SUPPORT 71-15388,080,NATIONAL AERONAUTICS AND SPACE ADMINISTRATION (NASA),8000,NATIONAL AERONAUTICS AND SPACE ADMINISTRATION,80NM00,NASA MANAGEMENT OFFICE -- JPL,080,NATIONAL AERONAUTICS AND SPACE ADMINISTRATION (NASA),8000,NATIONAL AERONAUTICS AND SPACE ADMINISTRATION,80NM00,NASA MANAGEMENT OFFICE -- JPL,YC1YP79BFD19,,CALIFORNIA INSTITUTE OF TECHNOLOGY,CALIFORNIA INSTITUTE OF TECHNOLOGY,YC1YP79BFD19,YC1YP79BFD19,CALIFORNIA INSTITUTE OF TECHNOLOGY,CALIFORNIA INSTITUTE OF TECHNOLOGY,USA,CA,LOS ANGELES,PASADENA,CA-28,CA-28,911098001,UNITED STATES,CALIFORNIA,LOS ANGELES,CA-28,CA-28,911098099,,,AR22,R&D- SPACE: SCIENCE/APPLICATIONS (APPLIED RESEARCH/EXPLORATORY DEVELOPMENT),541715,"RESEARCH AND DEVELOPMENT IN THE PHYSICAL, ENGINEERING, AND LIFE SCIENCES (EXCEPT NANOTECHNOLOGY AND BIOTECHNOLOGY)",,,https://www.usaspending.gov/award/CONT_AWD_80NM0018F0500_8000_80NM0018D0004_8000/,2024-09-30
National Aeronautics and Space Administration,National Aeronautics and Space Administration,FY2024P12,,080,2023,2024,,0120,000,080-2023/2024-0120-000,"Science, National Aeronautics and Space Administration",National Aeronautics and Space Administration,,"General Science, Space, and Technology","Space flight, research, and supporting activities",080-0120,"Science, National Aeronautics and Space Administration",0001,SCIENCE (DIRECT),25.5,Research and development contracts,D,Q,Not Designated Nonemergency/Emergency/Disaster/Wildfire Suppression,,89447.54,,,CONT_AWD_80NM0018F0500_8000_80NM0018D0004_8000,80NM0018F0500,80NM0018D0004,,,2018-07-17,2018,2024-12-12,2025,2018-10-01,2025-09-30,,C,DELIVERY ORDER,,,JWST/MIRI GUARANTEED TIME OBSERVING (GTO) PLANNING SCIENCE WORKING GROUP (SWG) AND SUPPORT 71-15388,080,NATIONAL AERONAUTICS AND SPACE ADMINISTRATION (NASA),8000,NATIONAL AERONAUTICS AND SPACE ADMINISTRATION,80NM00,NASA MANAGEMENT OFFICE -- JPL,080,NATIONAL AERONAUTICS AND SPACE ADMINISTRATION (NASA),8000,NATIONAL AERONAUTICS AND SPACE ADMINISTRATION,80NM00,NASA MANAGEMENT OFFICE -- JPL,YC1YP79BFD19,,CALIFORNIA INSTITUTE OF TECHNOLOGY,CALIFORNIA INSTITUTE OF TECHNOLOGY,YC1YP79BFD19,YC1YP79BFD19,CALIFORNIA INSTITUTE OF TECHNOLOGY,CALIFORNIA INSTITUTE OF TECHNOLOGY,USA,CA,LOS ANGELES,PASADENA,CA-28,CA-28,911098001,UNITED STATES,CALIFORNIA,LOS ANGELES,CA-28,CA-28,911098099,,,AR22,R&D- SPACE: SCIENCE/APPLICATIONS (APPLIED RESEARCH/EXPLORATORY DEVELOPMENT),541715,"RESEARCH AND DEVELOPMENT IN THE PHYSICAL, ENGINEERING, AND LIFE SCIENCES (EXCEPT NANOTECHNOLOGY AND BIOTECHNOLOGY)",,,https://www.usaspending.gov/award/CONT_AWD_80NM0018F0500_8000_80NM0018D0004_8000/,2024-11-07
National Aeronautics and Space Administration,National Aeronautics and Space Administration,FY2024P12,,080,2024,2025,,0120,000,080-2024/2025-0120-000,"Science, National Aeronautics and Space Administration",National Aeronautics and Space Administration,,"General Science, Space, and Technology","Space flight, research, and supporting activities",080-0120,"Science, National Aeronautics and Space Administration",0001,SCIENCE (DIRECT),25.5,Research and development contracts,D,Q,Not Designated Nonemergency/Emergency/Disaster/Wildfire Suppression,,135524.32,,,CONT_AWD_80NM0018F0500_8000_80NM0018D0004_8000,80NM0018F0500,80NM0018D0004,,,2018-07-17,2018,2024-12-12,2025,2018-10-01,2025-09-30,,C,DELIVERY ORDER,,,JWST/MIRI GUARANTEED TIME OBSERVING (GTO) PLANNING SCIENCE WORKING GROUP (SWG) AND SUPPORT 71-15388,080,NATIONAL AERONAUTICS AND SPACE ADMINISTRATION (NASA),8000,NATIONAL AERONAUTICS AND SPACE ADMINISTRATION,80NM00,NASA MANAGEMENT OFFICE -- JPL,080,NATIONAL AERONAUTICS AND SPACE ADMINISTRATION (NASA),8000,NATIONAL AERONAUTICS AND SPACE ADMINISTRATION,80NM00,NASA MANAGEMENT OFFICE -- JPL,YC1YP79BFD19,,CALIFORNIA INSTITUTE OF TECHNOLOGY,CALIFORNIA INSTITUTE OF TECHNOLOGY,YC1YP79BFD19,YC1YP79BFD19,CALIFORNIA INSTITUTE OF TECHNOLOGY,CALIFORNIA INSTITUTE OF TECHNOLOGY,USA,CA,LOS ANGELES,PASADENA,CA-28,CA-28,911098001,UNITED STATES,CALIFORNIA,LOS ANGELES,CA-28,CA-28,911098099,,,AR22,R&D- SPACE: SCIENCE/APPLICATIONS (APPLIED RESEARCH/EXPLORATORY DEVELOPMENT),541715,"RESEARCH AND DEVELOPMENT IN THE PHYSICAL, ENGINEERING, AND LIFE SCIENCES (EXCEPT NANOTECHNOLOGY AND BIOTECHNOLOGY)",,,https://www.usaspending.gov/award/CONT_AWD_80NM0018F0500_8000_80NM0018D0004_8000/,2024-11-07
National Aeronautics and Space Administration,National Aeronautics and Space Administration,FY2025P02,,080,2024,2025,,0120,000,080-2024/2025-0120-000,"Science, National Aeronautics and Space Administration",National Aeronautics and Space Administration,,"General Science, Space, and Technology","Space flight, research, and supporting activities",080-0120,"Science, National Aeronautics and Space Administration",0001,SCIENCE (DIRECT),25.5,Research and development contracts,D,Q,Not Designated Nonemergency/Emergency/Disaster/Wildfire Suppression,,55660.74,0.00,0.00,CONT_AWD_80NM0018F0500_8000_80NM0018D0004_8000,80NM0018F0500,80NM0018D0004,,,2018-07-17,2018,2024-12-12,2025,2018-10-01,2025-09-30,,C,DELIVERY ORDER,,,JWST/MIRI GUARANTEED TIME OBSERVING (GTO) PLANNING SCIENCE WORKING GROUP (SWG) AND SUPPORT 71-15388,080,NATIONAL AERONAUTICS AND SPACE ADMINISTRATION (NASA),8000,NATIONAL AERONAUTICS AND SPACE ADMINISTRATION,80NM00,NASA MANAGEMENT OFFICE -- JPL,080,NATIONAL AERONAUTICS AND SPACE ADMINISTRATION (NASA),8000,NATIONAL AERONAUTICS AND SPACE ADMINISTRATION,80NM00,NASA MANAGEMENT OFFICE -- JPL,YC1YP79BFD19,,CALIFORNIA INSTITUTE OF TECHNOLOGY,CALIFORNIA INSTITUTE OF TECHNOLOGY,YC1YP79BFD19,YC1YP79BFD19,CALIFORNIA INSTITUTE OF TECHNOLOGY,CALIFORNIA INSTITUTE OF TECHNOLOGY,USA,CA,LOS ANGELES,PASADENA,CA-28,CA-28,911098001,UNITED STATES,CALIFORNIA,LOS ANGELES,CA-28,CA-28,911098099,,,AR22,R&D- SPACE: SCIENCE/APPLICATIONS (APPLIED RESEARCH/EXPLORATORY DEVELOPMENT),541715,"RESEARCH AND DEVELOPMENT IN THE PHYSICAL, ENGINEERING, AND LIFE SCIENCES (EXCEPT NANOTECHNOLOGY AND BIOTECHNOLOGY)",,,https://www.usaspending.gov/award/CONT_AWD_80NM0018F0500_8000_80NM0018D0004_8000/,2024-12-20
National Aeronautics and Space Administration,National Aeronautics and Space Administration,FY2025P03,,080,2024,2025,,0120,000,080-2024/2025-0120-000,"Science, National Aeronautics and Space Administration",National Aeronautics and Space Administration,,"General Science, Space, and Technology","Space flight, research, and supporting activities",080-0120,"Science, National Aeronautics and Space Administration",0001,SCIENCE (DIRECT),25.5,Research and development contracts,D,Q,Not Designated Nonemergency/Emergency/Disaster/Wildfire Suppression,,79831.79,0.00,0.00,CONT_AWD_80NM0018F0500_8000_80NM0018D0004_8000,80NM0018F0500,80NM0018D0004,,,2018-07-17,2018,2024-12-12,2025,2018-10-01,2025-09-30,,C,DELIVERY ORDER,,,JWST/MIRI GUARANTEED TIME OBSERVING (GTO) PLANNING SCIENCE WORKING GROUP (SWG) AND SUPPORT 71-15388,080,NATIONAL AERONAUTICS AND SPACE ADMINISTRATION (NASA),8000,NATIONAL AERONAUTICS AND SPACE ADMINISTRATION,80NM00,NASA MANAGEMENT OFFICE -- JPL,080,NATIONAL AERONAUTICS AND SPACE ADMINISTRATION (NASA),8000,NATIONAL AERONAUTICS AND SPACE ADMINISTRATION,80NM00,NASA MANAGEMENT OFFICE -- JPL,YC1YP79BFD19,,CALIFORNIA INSTITUTE OF TECHNOLOGY,CALIFORNIA INSTITUTE OF TECHNOLOGY,YC1YP79BFD19,YC1YP79BFD19,CALIFORNIA INSTITUTE OF TECHNOLOGY,CALIFORNIA INSTITUTE OF TECHNOLOGY,USA,CA,LOS ANGELES,PASADENA,CA-28,CA-28,911098001,UNITED STATES,CALIFORNIA,LOS ANGELES,CA-28,CA-28,911098099,,,AR22,R&D- SPACE: SCIENCE/APPLICATIONS (APPLIED RESEARCH/EXPLORATORY DEVELOPMENT),541715,"RESEARCH AND DEVELOPMENT IN THE PHYSICAL, ENGINEERING, AND LIFE SCIENCES (EXCEPT NANOTECHNOLOGY AND BIOTECHNOLOGY)",,,https://www.usaspending.gov/award/CONT_AWD_80NM0018F0500_8000_80NM0018D0004_8000/,2025-01-29
National Aeronautics and Space Administration,National Aeronautics and Space Administration,FY2025P03,,080,2025,2026,,0120,000,080-2025/2026-0120-000,"Science, National Aeronautics and Space Administration",National Aeronautics and Space Administration,,"General Science, Space, and Technology","Space flight, research, and supporting activities",080-0120,"Science, National Aeronautics and Space Administration",0001,SCIENCE (DIRECT),25.5,Research and development contracts,D,Q,Not Designated Nonemergency/Emergency/Disaster/Wildfire Suppression,20964.68,,,,CONT_AWD_80NM0018F0500_8000_80NM0018D0004_8000,80NM0018F0500,80NM0018D0004,,,2018-07-17,2018,2024-12-12,2025,2018-10-01,2025-09-30,,C,DELIVERY ORDER,,,JWST/MIRI GUARANTEED TIME OBSERVING (GTO) PLANNING SCIENCE WORKING GROUP (SWG) AND SUPPORT 71-15388,080,NATIONAL AERONAUTICS AND SPACE ADMINISTRATION (NASA),8000,NATIONAL AERONAUTICS AND SPACE ADMINISTRATION,80NM00,NASA MANAGEMENT OFFICE -- JPL,080,NATIONAL AERONAUTICS AND SPACE ADMINISTRATION (NASA),8000,NATIONAL AERONAUTICS AND SPACE ADMINISTRATION,80NM00,NASA MANAGEMENT OFFICE -- JPL,YC1YP79BFD19,,CALIFORNIA INSTITUTE OF TECHNOLOGY,CALIFORNIA INSTITUTE OF TECHNOLOGY,YC1YP79BFD19,YC1YP79BFD19,CALIFORNIA INSTITUTE OF TECHNOLOGY,CALIFORNIA INSTITUTE OF TECHNOLOGY,USA,CA,LOS ANGELES,PASADENA,CA-28,CA-28,911098001,UNITED STATES,CALIFORNIA,LOS ANGELES,CA-28,CA-28,911098099,,,AR22,R&D- SPACE: SCIENCE/APPLICATIONS (APPLIED RESEARCH/EXPLORATORY DEVELOPMENT),541715,"RESEARCH AND DEVELOPMENT IN THE PHYSICAL, ENGINEERING, AND LIFE SCIENCES (EXCEPT NANOTECHNOLOGY AND BIOTECHNOLOGY)",,,https://www.usaspending.gov/award/CONT_AWD_80NM0018F0500_8000_80NM0018D0004_8000/,2025-01-29
National Aeronautics and Space Administration,National Aeronautics and Space Administration,FY2025P04,,080,2024,2025,,0120,000,080-2024/2025-0120-000,"Science, National Aeronautics and Space Administration",National Aeronautics and Space Administration,,"General Science, Space, and Technology","Space flight, research, and supporting activities",080-0120,"Science, National Aeronautics and Space Administration",0001,SCIENCE (DIRECT),25.5,Research and development contracts,D,Q,Not Designated Nonemergency/Emergency/Disaster/Wildfire Suppression,,84244.85,0.00,0.00,CONT_AWD_80NM0018F0500_8000_80NM0018D0004_8000,80NM0018F0500,80NM0018D0004,,,2018-07-17,2018,2024-12-12,2025,2018-10-01,2025-09-30,,C,DELIVERY ORDER,,,JWST/MIRI GUARANTEED TIME OBSERVING (GTO) PLANNING SCIENCE WORKING GROUP (SWG) AND SUPPORT 71-15388,080,NATIONAL AERONAUTICS AND SPACE ADMINISTRATION (NASA),8000,NATIONAL AERONAUTICS AND SPACE ADMINISTRATION,80NM00,NASA MANAGEMENT OFFICE -- JPL,080,NATIONAL AERONAUTICS AND SPACE ADMINISTRATION (NASA),8000,NATIONAL AERONAUTICS AND SPACE ADMINISTRATION,80NM00,NASA MANAGEMENT OFFICE -- JPL,YC1YP79BFD19,,CALIFORNIA INSTITUTE OF TECHNOLOGY,CALIFORNIA INSTITUTE OF TECHNOLOGY,YC1YP79BFD19,YC1YP79BFD19,CALIFORNIA INSTITUTE OF TECHNOLOGY,CALIFORNIA INSTITUTE OF TECHNOLOGY,USA,CA,LOS ANGELES,PASADENA,CA-28,CA-28,911098001,UNITED STATES,CALIFORNIA,LOS ANGELES,CA-28,CA-28,911098099,,,AR22,R&D- SPACE: SCIENCE/APPLICATIONS (APPLIED RESEARCH/EXPLORATORY DEVELOPMENT),541715,"RESEARCH AND DEVELOPMENT IN THE PHYSICAL, ENGINEERING, AND LIFE SCIENCES (EXCEPT NANOTECHNOLOGY AND BIOTECHNOLOGY)",,,https://www.usaspending.gov/award/CONT_AWD_80NM0018F0500_8000_80NM0018D0004_8000/,2025-02-28
National Aeronautics and Space Administration,National Aeronautics and Space Administration,FY2025P05,,080,2024,2025,,0120,000,080-2024/2025-0120-000,"Science, National Aeronautics and Space Administration",National Aeronautics and Space Administration,,"General Science, Space, and Technology","Space flight, research, and supporting activities",080-0120,"Science, National Aeronautics and Space Administration",0001,SCIENCE (DIRECT),25.5,Research and development contracts,D,Q,Not Designated Nonemergency/Emergency/Disaster/Wildfire Suppression,,87676.29,0.00,0.00,CONT_AWD_80NM0018F0500_8000_80NM0018D0004_8000,80NM0018F0500,80NM0018D0004,,,2018-07-17,2018,2024-12-12,2025,2018-10-01,2025-09-30,,C,DELIVERY ORDER,,,JWST/MIRI GUARANTEED TIME OBSERVING (GTO) PLANNING SCIENCE WORKING GROUP (SWG) AND SUPPORT 71-15388,080,NATIONAL AERONAUTICS AND SPACE ADMINISTRATION (NASA),8000,NATIONAL AERONAUTICS AND SPACE ADMINISTRATION,80NM00,NASA MANAGEMENT OFFICE -- JPL,080,NATIONAL AERONAUTICS AND SPACE ADMINISTRATION (NASA),8000,NATIONAL AERONAUTICS AND SPACE ADMINISTRATION,80NM00,NASA MANAGEMENT OFFICE -- JPL,YC1YP79BFD19,,CALIFORNIA INSTITUTE OF TECHNOLOGY,CALIFORNIA INSTITUTE OF TECHNOLOGY,YC1YP79BFD19,YC1YP79BFD19,CALIFORNIA INSTITUTE OF TECHNOLOGY,CALIFORNIA INSTITUTE OF TECHNOLOGY,USA,CA,LOS ANGELES,PASADENA,CA-28,CA-28,911098001,UNITED STATES,CALIFORNIA,LOS ANGELES,CA-28,CA-28,911098099,,,AR22,R&D- SPACE: SCIENCE/APPLICATIONS (APPLIED RESEARCH/EXPLORATORY DEVELOPMENT),541715,"RESEARCH AND DEVELOPMENT IN THE PHYSICAL, ENGINEERING, AND LIFE SCIENCES (EXCEPT NANOTECHNOLOGY AND BIOTECHNOLOGY)",,,https://www.usaspending.gov/award/CONT_AWD_80NM0018F0500_8000_80NM0018D0004_8000/,2025-03-31
National Aeronautics and Space Administration,National Aeronautics and Space Administration,FY2025P06,,080,2024,2025,,0120,000,080-2024/2025-0120-000,"Science, National Aeronautics and Space Administration",National Aeronautics and Space Administration,,"General Science, Space, and Technology","Space flight, research, and supporting activities",080-0120,"Science, National Aeronautics and Space Administration",0001,SCIENCE (DIRECT),25.5,Research and development contracts,D,Q,Not Designated Nonemergency/Emergency/Disaster/Wildfire Suppression,,96938.22,0.00,0.00,CONT_AWD_80NM0018F0500_8000_80NM0018D0004_8000,80NM0018F0500,80NM0018D0004,,,2018-07-17,2018,2024-12-12,2025,2018-10-01,2025-09-30,,C,DELIVERY ORDER,,,JWST/MIRI GUARANTEED TIME OBSERVING (GTO) PLANNING SCIENCE WORKING GROUP (SWG) AND SUPPORT 71-15388,080,NATIONAL AERONAUTICS AND SPACE ADMINISTRATION (NASA),8000,NATIONAL AERONAUTICS AND SPACE ADMINISTRATION,80NM00,NASA MANAGEMENT OFFICE -- JPL,080,NATIONAL AERONAUTICS AND SPACE ADMINISTRATION (NASA),8000,NATIONAL AERONAUTICS AND SPACE ADMINISTRATION,80NM00,NASA MANAGEMENT OFFICE -- JPL,YC1YP79BFD19,,CALIFORNIA INSTITUTE OF TECHNOLOGY,CALIFORNIA INSTITUTE OF TECHNOLOGY,YC1YP79BFD19,YC1YP79BFD19,CALIFORNIA INSTITUTE OF TECHNOLOGY,CALIFORNIA INSTITUTE OF TECHNOLOGY,USA,CA,LOS ANGELES,PASADENA,CA-28,CA-28,911098001,UNITED STATES,CALIFORNIA,LOS ANGELES,CA-28,CA-28,911098099,,,AR22,R&D- SPACE: SCIENCE/APPLICATIONS (APPLIED RESEARCH/EXPLORATORY DEVELOPMENT),541715,"RESEARCH AND DEVELOPMENT IN THE PHYSICAL, ENGINEERING, AND LIFE SCIENCES (EXCEPT NANOTECHNOLOGY AND BIOTECHNOLOGY)",,,https://www.usaspending.gov/award/CONT_AWD_80NM0018F0500_8000_80NM0018D0004_8000/,2025-04-24
National Aeronautics and Space Administration,National Aeronautics and Space Administration,FY2025P07,,080,2025,2026,,0120,000,080-2025/2026-0120-000,"Science, National Aeronautics and Space Administration",National Aeronautics and Space Administration,,"General Science, Space, and Technology","Space flight, research, and supporting activities",080-0120,"Science, National Aeronautics and Space Administration",0001,SCIENCE (DIRECT),25.5,Research and development contracts,D,Q,Not Designated Nonemergency/Emergency/Disaster/Wildfire Suppression,,8207.03,0.00,0.00,CONT_AWD_80NM0018F0500_8000_80NM0018D0004_8000,80NM0018F0500,80NM0018D0004,,,2018-07-17,2018,2024-12-12,2025,2018-10-01,2025-09-30,,C,DELIVERY ORDER,,,JWST/MIRI GUARANTEED TIME OBSERVING (GTO) PLANNING SCIENCE WORKING GROUP (SWG) AND SUPPORT 71-15388,080,NATIONAL AERONAUTICS AND SPACE ADMINISTRATION (NASA),8000,NATIONAL AERONAUTICS AND SPACE ADMINISTRATION,80NM00,NASA MANAGEMENT OFFICE -- JPL,080,NATIONAL AERONAUTICS AND SPACE ADMINISTRATION (NASA),8000,NATIONAL AERONAUTICS AND SPACE ADMINISTRATION,80NM00,NASA MANAGEMENT OFFICE -- JPL,YC1YP79BFD19,,CALIFORNIA INSTITUTE OF TECHNOLOGY,CALIFORNIA INSTITUTE OF TECHNOLOGY,YC1YP79BFD19,YC1YP79BFD19,CALIFORNIA INSTITUTE OF TECHNOLOGY,CALIFORNIA INSTITUTE OF TECHNOLOGY,USA,CA,LOS ANGELES,PASADENA,CA-28,CA-28,911098001,UNITED STATES,CALIFORNIA,LOS ANGELES,CA-28,CA-28,911098099,,,AR22,R&D- SPACE: SCIENCE/APPLICATIONS (APPLIED RESEARCH/EXPLORATORY DEVELOPMENT),541715,"RESEARCH AND DEVELOPMENT IN THE PHYSICAL, ENGINEERING, AND LIFE SCIENCES (EXCEPT NANOTECHNOLOGY AND BIOTECHNOLOGY)",,,https://www.usaspending.gov/award/CONT_AWD_80NM0018F0500_8000_80NM0018D0004_8000/,2025-05-23
National Aeronautics and Space Administration,National Aeronautics and Space Administration,FY2025P07,,080,2024,2025,,0120,000,080-2024/2025-0120-000,"Science, National Aeronautics and Space Administration",National Aeronautics and Space Administration,,"General Science, Space, and Technology","Space flight, research, and supporting activities",080-0120,"Science, National Aeronautics and Space Administration",0001,SCIENCE (DIRECT),25.5,Research and development contracts,D,Q,Not Designated Nonemergency/Emergency/Disaster/Wildfire Suppression,,103975.68,0.00,0.00,CONT_AWD_80NM0018F0500_8000_80NM0018D0004_8000,80NM0018F0500,80NM0018D0004,,,2018-07-17,2018,2024-12-12,2025,2018-10-01,2025-09-30,,C,DELIVERY ORDER,,,JWST/MIRI GUARANTEED TIME OBSERVING (GTO) PLANNING SCIENCE WORKING GROUP (SWG) AND SUPPORT 71-15388,080,NATIONAL AERONAUTICS AND SPACE ADMINISTRATION (NASA),8000,NATIONAL AERONAUTICS AND SPACE ADMINISTRATION,80NM00,NASA MANAGEMENT OFFICE -- JPL,080,NATIONAL AERONAUTICS AND SPACE ADMINISTRATION (NASA),8000,NATIONAL AERONAUTICS AND SPACE ADMINISTRATION,80NM00,NASA MANAGEMENT OFFICE -- JPL,YC1YP79BFD19,,CALIFORNIA INSTITUTE OF TECHNOLOGY,CALIFORNIA INSTITUTE OF TECHNOLOGY,YC1YP79BFD19,YC1YP79BFD19,CALIFORNIA INSTITUTE OF TECHNOLOGY,CALIFORNIA INSTITUTE OF TECHNOLOGY,USA,CA,LOS ANGELES,PASADENA,CA-28,CA-28,911098001,UNITED STATES,CALIFORNIA,LOS ANGELES,CA-28,CA-28,911098099,,,AR22,R&D- SPACE: SCIENCE/APPLICATIONS (APPLIED RESEARCH/EXPLORATORY DEVELOPMENT),541715,"RESEARCH AND DEVELOPMENT IN THE PHYSICAL, ENGINEERING, AND LIFE SCIENCES (EXCEPT NANOTECHNOLOGY AND BIOTECHNOLOGY)",,,https://www.usaspending.gov/award/CONT_AWD_80NM0018F0500_8000_80NM0018D0004_8000/,2025-05-23
National Aeronautics and Space Administration,National Aeronautics and Space Administration,FY2025P08,,080,2025,2026,,0120,000,080-2025/2026-0120-000,"Science, National Aeronautics and Space Administration",National Aeronautics and Space Administration,,"General Science, Space, and Technology","Space flight, research, and supporting activities",080-0120,"Science, National Aeronautics and Space Administration",0001,SCIENCE (DIRECT),25.5,Research and development contracts,D,Q,Not Designated Nonemergency/Emergency/Disaster/Wildfire Suppression,,11292.56,0.00,0.00,CONT_AWD_80NM0018F0500_8000_80NM0018D0004_8000,80NM0018F0500,80NM0018D0004,,,2018-07-17,2018,2024-12-12,2025,2018-10-01,2025-09-30,,C,DELIVERY ORDER,,,JWST/MIRI GUARANTEED TIME OBSERVING (GTO) PLANNING SCIENCE WORKING GROUP (SWG) AND SUPPORT 71-15388,080,NATIONAL AERONAUTICS AND SPACE ADMINISTRATION (NASA),8000,NATIONAL AERONAUTICS AND SPACE ADMINISTRATION,80NM00,NASA MANAGEMENT OFFICE -- JPL,080,NATIONAL AERONAUTICS AND SPACE ADMINISTRATION (NASA),8000,NATIONAL AERONAUTICS AND SPACE ADMINISTRATION,80NM00,NASA MANAGEMENT OFFICE -- JPL,YC1YP79BFD19,,CALIFORNIA INSTITUTE OF TECHNOLOGY,CALIFORNIA INSTITUTE OF TECHNOLOGY,YC1YP79BFD19,YC1YP79BFD19,CALIFORNIA INSTITUTE OF TECHNOLOGY,CALIFORNIA INSTITUTE OF TECHNOLOGY,USA,CA,LOS ANGELES,PASADENA,CA-28,CA-28,911098001,UNITED STATES,CALIFORNIA,LOS ANGELES,CA-28,CA-28,911098099,,,AR22,R&D- SPACE: SCIENCE/APPLICATIONS (APPLIED RESEARCH/EXPLORATORY DEVELOPMENT),541715,"RESEARCH AND DEVELOPMENT IN THE PHYSICAL, ENGINEERING, AND LIFE SCIENCES (EXCEPT NANOTECHNOLOGY AND BIOTECHNOLOGY)",,,https://www.usaspending.gov/award/CONT_AWD_80NM0018F0500_8000_80NM0018D0004_8000/,2025-06-25
National Aeronautics and Space Administration,National Aeronautics and Space Administration,FY2025P08,,080,2024,2025,,0120,000,080-2024/2025-0120-000,"Science, National Aeronautics and Space Administration",National Aeronautics and Space Administration,,"General Science, Space, and Technology","Space flight, research, and supporting activities",080-0120,"Science, National Aeronautics and Space Administration",0001,SCIENCE (DIRECT),25.5,Research and development contracts,D,Q,Not Designated Nonemergency/Emergency/Disaster/Wildfire Suppression,,103975.68,0.00,0.00,CONT_AWD_80NM0018F0500_8000_80NM0018D0004_8000,80NM0018F0500,80NM0018D0004,,,2018-07-17,2018,2024-12-12,2025,2018-10-01,2025-09-30,,C,DELIVERY ORDER,,,JWST/MIRI GUARANTEED TIME OBSERVING (GTO) PLANNING SCIENCE WORKING GROUP (SWG) AND SUPPORT 71-15388,080,NATIONAL AERONAUTICS AND SPACE ADMINISTRATION (NASA),8000,NATIONAL AERONAUTICS AND SPACE ADMINISTRATION,80NM00,NASA MANAGEMENT OFFICE -- JPL,080,NATIONAL AERONAUTICS AND SPACE ADMINISTRATION (NASA),8000,NATIONAL AERONAUTICS AND SPACE ADMINISTRATION,80NM00,NASA MANAGEMENT OFFICE -- JPL,YC1YP79BFD19,,CALIFORNIA INSTITUTE OF TECHNOLOGY,CALIFORNIA INSTITUTE OF TECHNOLOGY,YC1YP79BFD19,YC1YP79BFD19,CALIFORNIA INSTITUTE OF TECHNOLOGY,CALIFORNIA INSTITUTE OF TECHNOLOGY,USA,CA,LOS ANGELES,PASADENA,CA-28,CA-28,911098001,UNITED STATES,CALIFORNIA,LOS ANGELES,CA-28,CA-28,911098099,,,AR22,R&D- SPACE: SCIENCE/APPLICATIONS (APPLIED RESEARCH/EXPLORATORY DEVELOPMENT),541715,"RESEARCH AND DEVELOPMENT IN THE PHYSICAL, ENGINEERING, AND LIFE SCIENCES (EXCEPT NANOTECHNOLOGY AND BIOTECHNOLOGY)",,,https://www.usaspending.gov/award/CONT_AWD_80NM0018F0500_8000_80NM0018D0004_8000/,2025-06-25
National Aeronautics and Space Administration,National Aeronautics and Space Administration,FY2025P09,,080,2025,2026,,0120,000,080-2025/2026-0120-000,"Science, National Aeronautics and Space Administration",National Aeronautics and Space Administration,,"General Science, Space, and Technology","Space flight, research, and supporting activities",080-0120,"Science, National Aeronautics and Space Administration",0001,SCIENCE (DIRECT),25.5,Research and development contracts,D,Q,Not Designated Nonemergency/Emergency/Disaster/Wildfire Suppression,,11506.02,0.00,0.00,CONT_AWD_80NM0018F0500_8000_80NM0018D0004_8000,80NM0018F0500,80NM0018D0004,,,2018-07-17,2018,2024-12-12,2025,2018-10-01,2025-09-30,,C,DELIVERY ORDER,,,JWST/MIRI GUARANTEED TIME OBSERVING (GTO) PLANNING SCIENCE WORKING GROUP (SWG) AND SUPPORT 71-15388,080,NATIONAL AERONAUTICS AND SPACE ADMINISTRATION (NASA),8000,NATIONAL AERONAUTICS AND SPACE ADMINISTRATION,80NM00,NASA MANAGEMENT OFFICE -- JPL,080,NATIONAL AERONAUTICS AND SPACE ADMINISTRATION (NASA),8000,NATIONAL AERONAUTICS AND SPACE ADMINISTRATION,80NM00,NASA MANAGEMENT OFFICE -- JPL,YC1YP79BFD19,,CALIFORNIA INSTITUTE OF TECHNOLOGY,CALIFORNIA INSTITUTE OF TECHNOLOGY,YC1YP79BFD19,YC1YP79BFD19,CALIFORNIA INSTITUTE OF TECHNOLOGY,CALIFORNIA INSTITUTE OF TECHNOLOGY,USA,CA,LOS ANGELES,PASADENA,CA-28,CA-28,911098001,UNITED STATES,CALIFORNIA,LOS ANGELES,CA-28,CA-28,911098099,,,AR22,R&D- SPACE: SCIENCE/APPLICATIONS (APPLIED RESEARCH/EXPLORATORY DEVELOPMENT),541715,"RESEARCH AND DEVELOPMENT IN THE PHYSICAL, ENGINEERING, AND LIFE SCIENCES (EXCEPT NANOTECHNOLOGY AND BIOTECHNOLOGY)",,,https://www.usaspending.gov/award/CONT_AWD_80NM0018F0500_8000_80NM0018D0004_8000/,2025-07-31
National Aeronautics and Space Administration,National Aeronautics and Space Administration,FY2025P09,,080,2024,2025,,0120,000,080-2024/2025-0120-000,"Science, National Aeronautics and Space Administration",National Aeronautics and Space Administration,,"General Science, Space, and Technology","Space flight, research, and supporting activities",080-0120,"Science, National Aeronautics and Space Administration",0001,SCIENCE (DIRECT),25.5,Research and development contracts,D,Q,Not Designated Nonemergency/Emergency/Disaster/Wildfire Suppression,,103975.68,0.00,0.00,CONT_AWD_80NM0018F0500_8000_80NM0018D0004_8000,80NM0018F0500,80NM0018D0004,,,2018-07-17,2018,2024-12-12,2025,2018-10-01,2025-09-30,,C,DELIVERY ORDER,,,JWST/MIRI GUARANTEED TIME OBSERVING (GTO) PLANNING SCIENCE WORKING GROUP (SWG) AND SUPPORT 71-15388,080,NATIONAL AERONAUTICS AND SPACE ADMINISTRATION (NASA),8000,NATIONAL AERONAUTICS AND SPACE ADMINISTRATION,80NM00,NASA MANAGEMENT OFFICE -- JPL,080,NATIONAL AERONAUTICS AND SPACE ADMINISTRATION (NASA),8000,NATIONAL AERONAUTICS AND SPACE ADMINISTRATION,80NM00,NASA MANAGEMENT OFFICE -- JPL,YC1YP79BFD19,,CALIFORNIA INSTITUTE OF TECHNOLOGY,CALIFORNIA INSTITUTE OF TECHNOLOGY,YC1YP79BFD19,YC1YP79BFD19,CALIFORNIA INSTITUTE OF TECHNOLOGY,CALIFORNIA INSTITUTE OF TECHNOLOGY,USA,CA,LOS ANGELES,PASADENA,CA-28,CA-28,911098001,UNITED STATES,CALIFORNIA,LOS ANGELES,CA-28,CA-28,911098099,,,AR22,R&D- SPACE: SCIENCE/APPLICATIONS (APPLIED RESEARCH/EXPLORATORY DEVELOPMENT),541715,"RESEARCH AND DEVELOPMENT IN THE PHYSICAL, ENGINEERING, AND LIFE SCIENCES (EXCEPT NANOTECHNOLOGY AND BIOTECHNOLOGY)",,,https://www.usaspending.gov/award/CONT_AWD_80NM0018F0500_8000_80NM0018D0004_8000/,2025-07-31
National Aeronautics and Space Administration,National Aeronautics and Space Administration,FY2025P10,,080,2024,2025,,0120,000,080-2024/2025-0120-000,"Science, National Aeronautics and Space Administration",National Aeronautics and Space Administration,,"General Science, Space, and Technology","Space flight, research, and supporting activities",080-0120,"Science, National Aeronautics and Space Administration",0001,SCIENCE (DIRECT),25.5,Research and development contracts,D,Q,Not Designated Nonemergency/Emergency/Disaster/Wildfire Suppression,,103975.68,0.00,0.00,CONT_AWD_80NM0018F0500_8000_80NM0018D0004_8000,80NM0018F0500,80NM0018D0004,,,2018-07-17,2018,2024-12-12,2025,2018-10-01,2025-09-30,,C,DELIVERY ORDER,,,JWST/MIRI GUARANTEED TIME OBSERVING (GTO) PLANNING SCIENCE WORKING GROUP (SWG) AND SUPPORT 71-15388,080,NATIONAL AERONAUTICS AND SPACE ADMINISTRATION (NASA),8000,NATIONAL AERONAUTICS AND SPACE ADMINISTRATION,80NM00,NASA MANAGEMENT OFFICE -- JPL,080,NATIONAL AERONAUTICS AND SPACE ADMINISTRATION (NASA),8000,NATIONAL AERONAUTICS AND SPACE ADMINISTRATION,80NM00,NASA MANAGEMENT OFFICE -- JPL,YC1YP79BFD19,,CALIFORNIA INSTITUTE OF TECHNOLOGY,CALIFORNIA INSTITUTE OF TECHNOLOGY,YC1YP79BFD19,YC1YP79BFD19,CALIFORNIA INSTITUTE OF TECHNOLOGY,CALIFORNIA INSTITUTE OF TECHNOLOGY,USA,CA,LOS ANGELES,PASADENA,CA-28,CA-28,911098001,UNITED STATES,CALIFORNIA,LOS ANGELES,CA-28,CA-28,911098099,,,AR22,R&D- SPACE: SCIENCE/APPLICATIONS (APPLIED RESEARCH/EXPLORATORY DEVELOPMENT),541715,"RESEARCH AND DEVELOPMENT IN THE PHYSICAL, ENGINEERING, AND LIFE SCIENCES (EXCEPT NANOTECHNOLOGY AND BIOTECHNOLOGY)",,,https://www.usaspending.gov/award/CONT_AWD_80NM0018F0500_8000_80NM0018D0004_8000/,2025-09-12
National Aeronautics and Space Administration,National Aeronautics and Space Administration,FY2025P10,,080,2025,2026,,0120,000,080-2025/2026-0120-000,"Science, National Aeronautics and Space Administration",National Aeronautics and Space Administration,,"General Science, Space, and Technology","Space flight, research, and supporting activities",080-0120,"Science, National Aeronautics and Space Administration",0001,SCIENCE (DIRECT),25.5,Research and development contracts,D,Q,Not Designated Nonemergency/Emergency/Disaster/Wildfire Suppression,,8909.08,0.00,0.00,CONT_AWD_80NM0018F0500_8000_80NM0018D0004_8000,80NM0018F0500,80NM0018D0004,,,2018-07-17,2018,2024-12-12,2025,2018-10-01,2025-09-30,,C,DELIVERY ORDER,,,JWST/MIRI GUARANTEED TIME OBSERVING (GTO) PLANNING SCIENCE WORKING GROUP (SWG) AND SUPPORT 71-15388,080,NATIONAL AERONAUTICS AND SPACE ADMINISTRATION (NASA),8000,NATIONAL AERONAUTICS AND SPACE ADMINISTRATION,80NM00,NASA MANAGEMENT OFFICE -- JPL,080,NATIONAL AERONAUTICS AND SPACE ADMINISTRATION (NASA),8000,NATIONAL AERONAUTICS AND SPACE ADMINISTRATION,80NM00,NASA MANAGEMENT OFFICE -- JPL,YC1YP79BFD19,,CALIFORNIA INSTITUTE OF TECHNOLOGY,CALIFORNIA INSTITUTE OF TECHNOLOGY,YC1YP79BFD19,YC1YP79BFD19,CALIFORNIA INSTITUTE OF TECHNOLOGY,CALIFORNIA INSTITUTE OF TECHNOLOGY,USA,CA,LOS ANGELES,PASADENA,CA-28,CA-28,911098001,UNITED STATES,CALIFORNIA,LOS ANGELES,CA-28,CA-28,911098099,,,AR22,R&D- SPACE: SCIENCE/APPLICATIONS (APPLIED RESEARCH/EXPLORATORY DEVELOPMENT),541715,"RESEARCH AND DEVELOPMENT IN THE PHYSICAL, ENGINEERING, AND LIFE SCIENCES (EXCEPT NANOTECHNOLOGY AND BIOTECHNOLOGY)",,,https://www.usaspending.gov/award/CONT_AWD_80NM0018F0500_8000_80NM0018D0004_8000/,2025-09-12
National Aeronautics and Space Administration,National Aeronautics and Space Administration,FY2025P11,,080,2025,2026,,0120,000,080-2025/2026-0120-000,"Science, National Aeronautics and Space Administration",National Aeronautics and Space Administration,,"General Science, Space, and Technology","Space flight, research, and supporting activities",080-0120,"Science, National Aeronautics and Space Administration",0001,SCIENCE (DIRECT),25.5,Research and development contracts,D,Q,Not Designated Nonemergency/Emergency/Disaster/Wildfire Suppression,,11812.87,0.00,0.00,CONT_AWD_80NM0018F0500_8000_80NM0018D0004_8000,80NM0018F0500,80NM0018D0004,,,2018-07-17,2018,2024-12-12,2025,2018-10-01,2025-09-30,,C,DELIVERY ORDER,,,JWST/MIRI GUARANTEED TIME OBSERVING (GTO) PLANNING SCIENCE WORKING GROUP (SWG) AND SUPPORT 71-15388,080,NATIONAL AERONAUTICS AND SPACE ADMINISTRATION (NASA),8000,NATIONAL AERONAUTICS AND SPACE ADMINISTRATION,80NM00,NASA MANAGEMENT OFFICE -- JPL,080,NATIONAL AERONAUTICS AND SPACE ADMINISTRATION (NASA),8000,NATIONAL AERONAUTICS AND SPACE ADMINISTRATION,80NM00,NASA MANAGEMENT OFFICE -- JPL,YC1YP79BFD19,,CALIFORNIA INSTITUTE OF TECHNOLOGY,CALIFORNIA INSTITUTE OF TECHNOLOGY,YC1YP79BFD19,YC1YP79BFD19,CALIFORNIA INSTITUTE OF TECHNOLOGY,CALIFORNIA INSTITUTE OF TECHNOLOGY,USA,CA,LOS ANGELES,PASADENA,CA-28,CA-28,911098001,UNITED STATES,CALIFORNIA,LOS ANGELES,CA-28,CA-28,911098099,,,AR22,R&D- SPACE: SCIENCE/APPLICATIONS (APPLIED RESEARCH/EXPLORATORY DEVELOPMENT),541715,"RESEARCH AND DEVELOPMENT IN THE PHYSICAL, ENGINEERING, AND LIFE SCIENCES (EXCEPT NANOTECHNOLOGY AND BIOTECHNOLOGY)",,,https://www.usaspending.gov/award/CONT_AWD_80NM0018F0500_8000_80NM0018D0004_8000/,2025-09-29
National Aeronautics and Space Administration,National Aeronautics and Space Administration,FY2025P11,,080,2024,2025,,0120,000,080-2024/2025-0120-000,"Science, National Aeronautics and Space Administration",National Aeronautics and Space Administration,,"General Science, Space, and Technology","Space flight, research, and supporting activities",080-0120,"Science, National Aeronautics and Space Administration",0001,SCIENCE (DIRECT),25.5,Research and development contracts,D,Q,Not Designated Nonemergency/Emergency/Disaster/Wildfire Suppression,,103975.68,0.00,0.00,CONT_AWD_80NM0018F0500_8000_80NM0018D0004_8000,80NM0018F0500,80NM0018D0004,,,2018-07-17,2018,2024-12-12,2025,2018-10-01,2025-09-30,,C,DELIVERY ORDER,,,JWST/MIRI GUARANTEED TIME OBSERVING (GTO) PLANNING SCIENCE WORKING GROUP (SWG) AND SUPPORT 71-15388,080,NATIONAL AERONAUTICS AND SPACE ADMINISTRATION (NASA),8000,NATIONAL AERONAUTICS AND SPACE ADMINISTRATION,80NM00,NASA MANAGEMENT OFFICE -- JPL,080,NATIONAL AERONAUTICS AND SPACE ADMINISTRATION (NASA),8000,NATIONAL AERONAUTICS AND SPACE ADMINISTRATION,80NM00,NASA MANAGEMENT OFFICE -- JPL,YC1YP79BFD19,,CALIFORNIA INSTITUTE OF TECHNOLOGY,CALIFORNIA INSTITUTE OF TECHNOLOGY,YC1YP79BFD19,YC1YP79BFD19,CALIFORNIA INSTITUTE OF TECHNOLOGY,CALIFORNIA INSTITUTE OF TECHNOLOGY,USA,CA,LOS ANGELES,PASADENA,CA-28,CA-28,911098001,UNITED STATES,CALIFORNIA,LOS ANGELES,CA-28,CA-28,911098099,,,AR22,R&D- SPACE: SCIENCE/APPLICATIONS (APPLIED RESEARCH/EXPLORATORY DEVELOPMENT),541715,"RESEARCH AND DEVELOPMENT IN THE PHYSICAL, ENGINEERING, AND LIFE SCIENCES (EXCEPT NANOTECHNOLOGY AND BIOTECHNOLOGY)",,,https://www.usaspending.gov/award/CONT_AWD_80NM0018F0500_8000_80NM0018D0004_8000/,2025-09-29
National Aeronautics and Space Administration,National Aeronautics and Space Administration,FY2025P12,,080,2025,2026,,0120,000,080-2025/2026-0120-000,"Science, National Aeronautics and Space Administration",National Aeronautics and Space Administration,,"General Science, Space, and Technology","Space flight, research, and supporting activities",080-0120,"Science, National Aeronautics and Space Administration",0001,SCIENCE (DIRECT),25.5,Research and development contracts,D,Q,Not Designated Nonemergency/Emergency/Disaster/Wildfire Suppression,,11880.01,0.00,0.00,CONT_AWD_80NM0018F0500_8000_80NM0018D0004_8000,80NM0018F0500,80NM0018D0004,,,2018-07-17,2018,2024-12-12,2025,2018-10-01,2025-09-30,,C,DELIVERY ORDER,,,JWST/MIRI GUARANTEED TIME OBSERVING (GTO) PLANNING SCIENCE WORKING GROUP (SWG) AND SUPPORT 71-15388,080,NATIONAL AERONAUTICS AND SPACE ADMINISTRATION (NASA),8000,NATIONAL AERONAUTICS AND SPACE ADMINISTRATION,80NM00,NASA MANAGEMENT OFFICE -- JPL,080,NATIONAL AERONAUTICS AND SPACE ADMINISTRATION (NASA),8000,NATIONAL AERONAUTICS AND SPACE ADMINISTRATION,80NM00,NASA MANAGEMENT OFFICE -- JPL,YC1YP79BFD19,,CALIFORNIA INSTITUTE OF TECHNOLOGY,CALIFORNIA INSTITUTE OF TECHNOLOGY,YC1YP79BFD19,YC1YP79BFD19,CALIFORNIA INSTITUTE OF TECHNOLOGY,CALIFORNIA INSTITUTE OF TECHNOLOGY,USA,CA,LOS ANGELES,PASADENA,CA-28,CA-28,911098001,UNITED STATES,CALIFORNIA,LOS ANGELES,CA-28,CA-28,911098099,,,AR22,R&D- SPACE: SCIENCE/APPLICATIONS (APPLIED RESEARCH/EXPLORATORY DEVELOPMENT),541715,"RESEARCH AND DEVELOPMENT IN THE PHYSICAL, ENGINEERING, AND LIFE SCIENCES (EXCEPT NANOTECHNOLOGY AND BIOTECHNOLOGY)",,,https://www.usaspending.gov/award/CONT_AWD_80NM0018F0500_8000_80NM0018D0004_8000/,2025-12-29
National Aeronautics and Space Administration,National Aeronautics and Space Administration,FY2025P12,,080,2024,2025,,0120,000,080-2024/2025-0120-000,"Science, National Aeronautics and Space Administration",National Aeronautics and Space Administration,,"General Science, Space, and Technology","Space flight, research, and supporting activities",080-0120,"Science, National Aeronautics and Space Administration",0001,SCIENCE (DIRECT),25.5,Research and development contracts,D,Q,Not Designated Nonemergency/Emergency/Disaster/Wildfire Suppression,,103975.68,0.00,0.00,CONT_AWD_80NM0018F0500_8000_80NM0018D0004_8000,80NM0018F0500,80NM0018D0004,,,2018-07-17,2018,2024-12-12,2025,2018-10-01,2025-09-30,,C,DELIVERY ORDER,,,JWST/MIRI GUARANTEED TIME OBSERVING (GTO) PLANNING SCIENCE WORKING GROUP (SWG) AND SUPPORT 71-15388,080,NATIONAL AERONAUTICS AND SPACE ADMINISTRATION (NASA),8000,NATIONAL AERONAUTICS AND SPACE ADMINISTRATION,80NM00,NASA MANAGEMENT OFFICE -- JPL,080,NATIONAL AERONAUTICS AND SPACE ADMINISTRATION (NASA),8000,NATIONAL AERONAUTICS AND SPACE ADMINISTRATION,80NM00,NASA MANAGEMENT OFFICE -- JPL,YC1YP79BFD19,,CALIFORNIA INSTITUTE OF TECHNOLOGY,CALIFORNIA INSTITUTE OF TECHNOLOGY,YC1YP79BFD19,YC1YP79BFD19,CALIFORNIA INSTITUTE OF TECHNOLOGY,CALIFORNIA INSTITUTE OF TECHNOLOGY,USA,CA,LOS ANGELES,PASADENA,CA-28,CA-28,911098001,UNITED STATES,CALIFORNIA,LOS ANGELES,CA-28,CA-28,911098099,,,AR22,R&D- SPACE: SCIENCE/APPLICATIONS (APPLIED RESEARCH/EXPLORATORY DEVELOPMENT),541715,"RESEARCH AND DEVELOPMENT IN THE PHYSICAL, ENGINEERING, AND LIFE SCIENCES (EXCEPT NANOTECHNOLOGY AND BIOTECHNOLOGY)",,,https://www.usaspending.gov/award/CONT_AWD_80NM0018F0500_8000_80NM0018D0004_8000/,2025-12-29
