owning_agency_name,reporting_agency_name,submission_period,allocation_transfer_agency_identifier_code,agency_identifier_code,beginning_period_of_availability,ending_period_of_availability,availability_type_code,main_account_code,sub_account_code,treasury_account_symbol,treasury_account_name,agency_identifier_name,allocation_transfer_agency_identifier_name,budget_function,budget_subfunction,federal_account_symbol,federal_account_name,program_activity_code,program_activity_name,object_class_code,object_class_name,direct_or_reimbursable_funding_source,disaster_emergency_fund_code,disaster_emergency_fund_name,transaction_obligated_amount,gross_outlay_amount_FYB_to_period_end,USSGL487200_downward_adj_prior_year_prepaid_undeliv_order_oblig,USSGL497200_downward_adj_of_prior_year_paid_deliv_orders_oblig,award_unique_key,award_id_piid,parent_award_id_piid,award_id_fain,award_id_uri,award_base_action_date,award_base_action_date_fiscal_year,award_latest_action_date,award_latest_action_date_fiscal_year,period_of_performance_start_date,period_of_performance_current_end_date,ordering_period_end_date,award_type_code,award_type,idv_type_code,idv_type,prime_award_base_transaction_description,awarding_agency_code,awarding_agency_name,awarding_subagency_code,awarding_subagency_name,awarding_office_code,awarding_office_name,funding_agency_code,funding_agency_name,funding_sub_agency_code,funding_sub_agency_name,funding_office_code,funding_office_name,recipient_uei,recipient_duns,recipient_name,recipient_name_raw,recipient_parent_uei,recipient_parent_duns,recipient_parent_name,recipient_parent_name_raw,recipient_country,recipient_state,recipient_county,recipient_city,prime_award_summary_recipient_cd_original,prime_award_summary_recipient_cd_current,recipient_zip_code,primary_place_of_performance_country,primary_place_of_performance_state,primary_place_of_performance_county,prime_award_summary_place_of_performance_cd_original,prime_award_summary_place_of_performance_cd_current,primary_place_of_performance_zip_code,cfda_number,cfda_title,product_or_service_code,product_or_service_code_description,naics_code,naics_description,national_interest_action_code,national_interest_action,usaspending_permalink,last_modified_date
National Aeronautics and Space Administration,National Aeronautics and Space Administration,FY2025P06,,080,2025,2026,,0120,000,080-2025/2026-0120-000,"Science, National Aeronautics and Space Administration",National Aeronautics and Space Administration,,"General Science, Space, and Technology","Space flight, research, and supporting activities",080-0120,"Science, National Aeronautics and Space Administration",0001,SCIENCE (DIRECT),25.5,Research and development contracts,D,Q,Not Designated Nonemergency/Emergency/Disaster/Wildfire Suppression,,46922.96,0.00,0.00,CONT_AWD_80NM0018F0797_8000_80NM0018D0004_8000,80NM0018F0797,80NM0018D0004,,,2018-08-10,2018,2025-08-06,2025,2018-10-01,2026-09-30,,C,DELIVERY ORDER,,,JPL TECHNICAL SUPPORT TO THE MAVEN PROJECT 40-15537,080,NATIONAL AERONAUTICS AND SPACE ADMINISTRATION (NASA),8000,NATIONAL AERONAUTICS AND SPACE ADMINISTRATION,80NM00,NASA MANAGEMENT OFFICE -- JPL,080,NATIONAL AERONAUTICS AND SPACE ADMINISTRATION (NASA),8000,NATIONAL AERONAUTICS AND SPACE ADMINISTRATION,80NM00,NASA MANAGEMENT OFFICE -- JPL,YC1YP79BFD19,,CALIFORNIA INSTITUTE OF TECHNOLOGY,CALIFORNIA INSTITUTE OF TECHNOLOGY,YC1YP79BFD19,YC1YP79BFD19,CALIFORNIA INSTITUTE OF TECHNOLOGY,CALIFORNIA INSTITUTE OF TECHNOLOGY,USA,CA,LOS ANGELES,PASADENA,CA-28,CA-28,911098001,UNITED STATES,CALIFORNIA,LOS ANGELES,CA-28,CA-28,911098099,,,AR22,R&D- SPACE: SCIENCE/APPLICATIONS (APPLIED RESEARCH/EXPLORATORY DEVELOPMENT),541715,"RESEARCH AND DEVELOPMENT IN THE PHYSICAL, ENGINEERING, AND LIFE SCIENCES (EXCEPT NANOTECHNOLOGY AND BIOTECHNOLOGY)",,,https://www.usaspending.gov/award/CONT_AWD_80NM0018F0797_8000_80NM0018D0004_8000/,2025-04-24
National Aeronautics and Space Administration,National Aeronautics and Space Administration,FY2025P06,,080,2024,2025,,0120,000,080-2024/2025-0120-000,"Science, National Aeronautics and Space Administration",National Aeronautics and Space Administration,,"General Science, Space, and Technology","Space flight, research, and supporting activities",080-0120,"Science, National Aeronautics and Space Administration",0001,SCIENCE (DIRECT),25.5,Research and development contracts,D,Q,Not Designated Nonemergency/Emergency/Disaster/Wildfire Suppression,,30533.99,0.00,0.00,CONT_AWD_80NM0018F0797_8000_80NM0018D0004_8000,80NM0018F0797,80NM0018D0004,,,2018-08-10,2018,2025-08-06,2025,2018-10-01,2026-09-30,,C,DELIVERY ORDER,,,JPL TECHNICAL SUPPORT TO THE MAVEN PROJECT 40-15537,080,NATIONAL AERONAUTICS AND SPACE ADMINISTRATION (NASA),8000,NATIONAL AERONAUTICS AND SPACE ADMINISTRATION,80NM00,NASA MANAGEMENT OFFICE -- JPL,080,NATIONAL AERONAUTICS AND SPACE ADMINISTRATION (NASA),8000,NATIONAL AERONAUTICS AND SPACE ADMINISTRATION,80NM00,NASA MANAGEMENT OFFICE -- JPL,YC1YP79BFD19,,CALIFORNIA INSTITUTE OF TECHNOLOGY,CALIFORNIA INSTITUTE OF TECHNOLOGY,YC1YP79BFD19,YC1YP79BFD19,CALIFORNIA INSTITUTE OF TECHNOLOGY,CALIFORNIA INSTITUTE OF TECHNOLOGY,USA,CA,LOS ANGELES,PASADENA,CA-28,CA-28,911098001,UNITED STATES,CALIFORNIA,LOS ANGELES,CA-28,CA-28,911098099,,,AR22,R&D- SPACE: SCIENCE/APPLICATIONS (APPLIED RESEARCH/EXPLORATORY DEVELOPMENT),541715,"RESEARCH AND DEVELOPMENT IN THE PHYSICAL, ENGINEERING, AND LIFE SCIENCES (EXCEPT NANOTECHNOLOGY AND BIOTECHNOLOGY)",,,https://www.usaspending.gov/award/CONT_AWD_80NM0018F0797_8000_80NM0018D0004_8000/,2025-04-24
National Aeronautics and Space Administration,National Aeronautics and Space Administration,FY2025P07,,080,2024,2025,,0120,000,080-2024/2025-0120-000,"Science, National Aeronautics and Space Administration",National Aeronautics and Space Administration,,"General Science, Space, and Technology","Space flight, research, and supporting activities",080-0120,"Science, National Aeronautics and Space Administration",0001,SCIENCE (DIRECT),25.5,Research and development contracts,D,Q,Not Designated Nonemergency/Emergency/Disaster/Wildfire Suppression,,30533.99,0.00,0.00,CONT_AWD_80NM0018F0797_8000_80NM0018D0004_8000,80NM0018F0797,80NM0018D0004,,,2018-08-10,2018,2025-08-06,2025,2018-10-01,2026-09-30,,C,DELIVERY ORDER,,,JPL TECHNICAL SUPPORT TO THE MAVEN PROJECT 40-15537,080,NATIONAL AERONAUTICS AND SPACE ADMINISTRATION (NASA),8000,NATIONAL AERONAUTICS AND SPACE ADMINISTRATION,80NM00,NASA MANAGEMENT OFFICE -- JPL,080,NATIONAL AERONAUTICS AND SPACE ADMINISTRATION (NASA),8000,NATIONAL AERONAUTICS AND SPACE ADMINISTRATION,80NM00,NASA MANAGEMENT OFFICE -- JPL,YC1YP79BFD19,,CALIFORNIA INSTITUTE OF TECHNOLOGY,CALIFORNIA INSTITUTE OF TECHNOLOGY,YC1YP79BFD19,YC1YP79BFD19,CALIFORNIA INSTITUTE OF TECHNOLOGY,CALIFORNIA INSTITUTE OF TECHNOLOGY,USA,CA,LOS ANGELES,PASADENA,CA-28,CA-28,911098001,UNITED STATES,CALIFORNIA,LOS ANGELES,CA-28,CA-28,911098099,,,AR22,R&D- SPACE: SCIENCE/APPLICATIONS (APPLIED RESEARCH/EXPLORATORY DEVELOPMENT),541715,"RESEARCH AND DEVELOPMENT IN THE PHYSICAL, ENGINEERING, AND LIFE SCIENCES (EXCEPT NANOTECHNOLOGY AND BIOTECHNOLOGY)",,,https://www.usaspending.gov/award/CONT_AWD_80NM0018F0797_8000_80NM0018D0004_8000/,2025-05-23
National Aeronautics and Space Administration,National Aeronautics and Space Administration,FY2025P07,,080,2025,2026,,0120,000,080-2025/2026-0120-000,"Science, National Aeronautics and Space Administration",National Aeronautics and Space Administration,,"General Science, Space, and Technology","Space flight, research, and supporting activities",080-0120,"Science, National Aeronautics and Space Administration",0001,SCIENCE (DIRECT),25.5,Research and development contracts,D,Q,Not Designated Nonemergency/Emergency/Disaster/Wildfire Suppression,,54350.85,0.00,0.00,CONT_AWD_80NM0018F0797_8000_80NM0018D0004_8000,80NM0018F0797,80NM0018D0004,,,2018-08-10,2018,2025-08-06,2025,2018-10-01,2026-09-30,,C,DELIVERY ORDER,,,JPL TECHNICAL SUPPORT TO THE MAVEN PROJECT 40-15537,080,NATIONAL AERONAUTICS AND SPACE ADMINISTRATION (NASA),8000,NATIONAL AERONAUTICS AND SPACE ADMINISTRATION,80NM00,NASA MANAGEMENT OFFICE -- JPL,080,NATIONAL AERONAUTICS AND SPACE ADMINISTRATION (NASA),8000,NATIONAL AERONAUTICS AND SPACE ADMINISTRATION,80NM00,NASA MANAGEMENT OFFICE -- JPL,YC1YP79BFD19,,CALIFORNIA INSTITUTE OF TECHNOLOGY,CALIFORNIA INSTITUTE OF TECHNOLOGY,YC1YP79BFD19,YC1YP79BFD19,CALIFORNIA INSTITUTE OF TECHNOLOGY,CALIFORNIA INSTITUTE OF TECHNOLOGY,USA,CA,LOS ANGELES,PASADENA,CA-28,CA-28,911098001,UNITED STATES,CALIFORNIA,LOS ANGELES,CA-28,CA-28,911098099,,,AR22,R&D- SPACE: SCIENCE/APPLICATIONS (APPLIED RESEARCH/EXPLORATORY DEVELOPMENT),541715,"RESEARCH AND DEVELOPMENT IN THE PHYSICAL, ENGINEERING, AND LIFE SCIENCES (EXCEPT NANOTECHNOLOGY AND BIOTECHNOLOGY)",,,https://www.usaspending.gov/award/CONT_AWD_80NM0018F0797_8000_80NM0018D0004_8000/,2025-05-23
National Aeronautics and Space Administration,National Aeronautics and Space Administration,FY2025P08,,080,2025,2026,,0120,000,080-2025/2026-0120-000,"Science, National Aeronautics and Space Administration",National Aeronautics and Space Administration,,"General Science, Space, and Technology","Space flight, research, and supporting activities",080-0120,"Science, National Aeronautics and Space Administration",0001,SCIENCE (DIRECT),25.5,Research and development contracts,D,Q,Not Designated Nonemergency/Emergency/Disaster/Wildfire Suppression,,64504.43,0.00,0.00,CONT_AWD_80NM0018F0797_8000_80NM0018D0004_8000,80NM0018F0797,80NM0018D0004,,,2018-08-10,2018,2025-08-06,2025,2018-10-01,2026-09-30,,C,DELIVERY ORDER,,,JPL TECHNICAL SUPPORT TO THE MAVEN PROJECT 40-15537,080,NATIONAL AERONAUTICS AND SPACE ADMINISTRATION (NASA),8000,NATIONAL AERONAUTICS AND SPACE ADMINISTRATION,80NM00,NASA MANAGEMENT OFFICE -- JPL,080,NATIONAL AERONAUTICS AND SPACE ADMINISTRATION (NASA),8000,NATIONAL AERONAUTICS AND SPACE ADMINISTRATION,80NM00,NASA MANAGEMENT OFFICE -- JPL,YC1YP79BFD19,,CALIFORNIA INSTITUTE OF TECHNOLOGY,CALIFORNIA INSTITUTE OF TECHNOLOGY,YC1YP79BFD19,YC1YP79BFD19,CALIFORNIA INSTITUTE OF TECHNOLOGY,CALIFORNIA INSTITUTE OF TECHNOLOGY,USA,CA,LOS ANGELES,PASADENA,CA-28,CA-28,911098001,UNITED STATES,CALIFORNIA,LOS ANGELES,CA-28,CA-28,911098099,,,AR22,R&D- SPACE: SCIENCE/APPLICATIONS (APPLIED RESEARCH/EXPLORATORY DEVELOPMENT),541715,"RESEARCH AND DEVELOPMENT IN THE PHYSICAL, ENGINEERING, AND LIFE SCIENCES (EXCEPT NANOTECHNOLOGY AND BIOTECHNOLOGY)",,,https://www.usaspending.gov/award/CONT_AWD_80NM0018F0797_8000_80NM0018D0004_8000/,2025-06-25
National Aeronautics and Space Administration,National Aeronautics and Space Administration,FY2025P08,,080,2024,2025,,0120,000,080-2024/2025-0120-000,"Science, National Aeronautics and Space Administration",National Aeronautics and Space Administration,,"General Science, Space, and Technology","Space flight, research, and supporting activities",080-0120,"Science, National Aeronautics and Space Administration",0001,SCIENCE (DIRECT),25.5,Research and development contracts,D,Q,Not Designated Nonemergency/Emergency/Disaster/Wildfire Suppression,,30533.99,0.00,0.00,CONT_AWD_80NM0018F0797_8000_80NM0018D0004_8000,80NM0018F0797,80NM0018D0004,,,2018-08-10,2018,2025-08-06,2025,2018-10-01,2026-09-30,,C,DELIVERY ORDER,,,JPL TECHNICAL SUPPORT TO THE MAVEN PROJECT 40-15537,080,NATIONAL AERONAUTICS AND SPACE ADMINISTRATION (NASA),8000,NATIONAL AERONAUTICS AND SPACE ADMINISTRATION,80NM00,NASA MANAGEMENT OFFICE -- JPL,080,NATIONAL AERONAUTICS AND SPACE ADMINISTRATION (NASA),8000,NATIONAL AERONAUTICS AND SPACE ADMINISTRATION,80NM00,NASA MANAGEMENT OFFICE -- JPL,YC1YP79BFD19,,CALIFORNIA INSTITUTE OF TECHNOLOGY,CALIFORNIA INSTITUTE OF TECHNOLOGY,YC1YP79BFD19,YC1YP79BFD19,CALIFORNIA INSTITUTE OF TECHNOLOGY,CALIFORNIA INSTITUTE OF TECHNOLOGY,USA,CA,LOS ANGELES,PASADENA,CA-28,CA-28,911098001,UNITED STATES,CALIFORNIA,LOS ANGELES,CA-28,CA-28,911098099,,,AR22,R&D- SPACE: SCIENCE/APPLICATIONS (APPLIED RESEARCH/EXPLORATORY DEVELOPMENT),541715,"RESEARCH AND DEVELOPMENT IN THE PHYSICAL, ENGINEERING, AND LIFE SCIENCES (EXCEPT NANOTECHNOLOGY AND BIOTECHNOLOGY)",,,https://www.usaspending.gov/award/CONT_AWD_80NM0018F0797_8000_80NM0018D0004_8000/,2025-06-25
National Aeronautics and Space Administration,National Aeronautics and Space Administration,FY2025P09,,080,2025,2026,,0120,000,080-2025/2026-0120-000,"Science, National Aeronautics and Space Administration",National Aeronautics and Space Administration,,"General Science, Space, and Technology","Space flight, research, and supporting activities",080-0120,"Science, National Aeronautics and Space Administration",0001,SCIENCE (DIRECT),25.5,Research and development contracts,D,Q,Not Designated Nonemergency/Emergency/Disaster/Wildfire Suppression,,69841.19,0.00,0.00,CONT_AWD_80NM0018F0797_8000_80NM0018D0004_8000,80NM0018F0797,80NM0018D0004,,,2018-08-10,2018,2025-08-06,2025,2018-10-01,2026-09-30,,C,DELIVERY ORDER,,,JPL TECHNICAL SUPPORT TO THE MAVEN PROJECT 40-15537,080,NATIONAL AERONAUTICS AND SPACE ADMINISTRATION (NASA),8000,NATIONAL AERONAUTICS AND SPACE ADMINISTRATION,80NM00,NASA MANAGEMENT OFFICE -- JPL,080,NATIONAL AERONAUTICS AND SPACE ADMINISTRATION (NASA),8000,NATIONAL AERONAUTICS AND SPACE ADMINISTRATION,80NM00,NASA MANAGEMENT OFFICE -- JPL,YC1YP79BFD19,,CALIFORNIA INSTITUTE OF TECHNOLOGY,CALIFORNIA INSTITUTE OF TECHNOLOGY,YC1YP79BFD19,YC1YP79BFD19,CALIFORNIA INSTITUTE OF TECHNOLOGY,CALIFORNIA INSTITUTE OF TECHNOLOGY,USA,CA,LOS ANGELES,PASADENA,CA-28,CA-28,911098001,UNITED STATES,CALIFORNIA,LOS ANGELES,CA-28,CA-28,911098099,,,AR22,R&D- SPACE: SCIENCE/APPLICATIONS (APPLIED RESEARCH/EXPLORATORY DEVELOPMENT),541715,"RESEARCH AND DEVELOPMENT IN THE PHYSICAL, ENGINEERING, AND LIFE SCIENCES (EXCEPT NANOTECHNOLOGY AND BIOTECHNOLOGY)",,,https://www.usaspending.gov/award/CONT_AWD_80NM0018F0797_8000_80NM0018D0004_8000/,2025-07-31
National Aeronautics and Space Administration,National Aeronautics and Space Administration,FY2025P09,,080,2024,2025,,0120,000,080-2024/2025-0120-000,"Science, National Aeronautics and Space Administration",National Aeronautics and Space Administration,,"General Science, Space, and Technology","Space flight, research, and supporting activities",080-0120,"Science, National Aeronautics and Space Administration",0001,SCIENCE (DIRECT),25.5,Research and development contracts,D,Q,Not Designated Nonemergency/Emergency/Disaster/Wildfire Suppression,,30533.99,0.00,0.00,CONT_AWD_80NM0018F0797_8000_80NM0018D0004_8000,80NM0018F0797,80NM0018D0004,,,2018-08-10,2018,2025-08-06,2025,2018-10-01,2026-09-30,,C,DELIVERY ORDER,,,JPL TECHNICAL SUPPORT TO THE MAVEN PROJECT 40-15537,080,NATIONAL AERONAUTICS AND SPACE ADMINISTRATION (NASA),8000,NATIONAL AERONAUTICS AND SPACE ADMINISTRATION,80NM00,NASA MANAGEMENT OFFICE -- JPL,080,NATIONAL AERONAUTICS AND SPACE ADMINISTRATION (NASA),8000,NATIONAL AERONAUTICS AND SPACE ADMINISTRATION,80NM00,NASA MANAGEMENT OFFICE -- JPL,YC1YP79BFD19,,CALIFORNIA INSTITUTE OF TECHNOLOGY,CALIFORNIA INSTITUTE OF TECHNOLOGY,YC1YP79BFD19,YC1YP79BFD19,CALIFORNIA INSTITUTE OF TECHNOLOGY,CALIFORNIA INSTITUTE OF TECHNOLOGY,USA,CA,LOS ANGELES,PASADENA,CA-28,CA-28,911098001,UNITED STATES,CALIFORNIA,LOS ANGELES,CA-28,CA-28,911098099,,,AR22,R&D- SPACE: SCIENCE/APPLICATIONS (APPLIED RESEARCH/EXPLORATORY DEVELOPMENT),541715,"RESEARCH AND DEVELOPMENT IN THE PHYSICAL, ENGINEERING, AND LIFE SCIENCES (EXCEPT NANOTECHNOLOGY AND BIOTECHNOLOGY)",,,https://www.usaspending.gov/award/CONT_AWD_80NM0018F0797_8000_80NM0018D0004_8000/,2025-07-31
National Aeronautics and Space Administration,National Aeronautics and Space Administration,FY2025P10,,080,2025,2026,,0120,000,080-2025/2026-0120-000,"Science, National Aeronautics and Space Administration",National Aeronautics and Space Administration,,"General Science, Space, and Technology","Space flight, research, and supporting activities",080-0120,"Science, National Aeronautics and Space Administration",0001,SCIENCE (DIRECT),25.5,Research and development contracts,D,Q,Not Designated Nonemergency/Emergency/Disaster/Wildfire Suppression,,70803.40,0.00,0.00,CONT_AWD_80NM0018F0797_8000_80NM0018D0004_8000,80NM0018F0797,80NM0018D0004,,,2018-08-10,2018,2025-08-06,2025,2018-10-01,2026-09-30,,C,DELIVERY ORDER,,,JPL TECHNICAL SUPPORT TO THE MAVEN PROJECT 40-15537,080,NATIONAL AERONAUTICS AND SPACE ADMINISTRATION (NASA),8000,NATIONAL AERONAUTICS AND SPACE ADMINISTRATION,80NM00,NASA MANAGEMENT OFFICE -- JPL,080,NATIONAL AERONAUTICS AND SPACE ADMINISTRATION (NASA),8000,NATIONAL AERONAUTICS AND SPACE ADMINISTRATION,80NM00,NASA MANAGEMENT OFFICE -- JPL,YC1YP79BFD19,,CALIFORNIA INSTITUTE OF TECHNOLOGY,CALIFORNIA INSTITUTE OF TECHNOLOGY,YC1YP79BFD19,YC1YP79BFD19,CALIFORNIA INSTITUTE OF TECHNOLOGY,CALIFORNIA INSTITUTE OF TECHNOLOGY,USA,CA,LOS ANGELES,PASADENA,CA-28,CA-28,911098001,UNITED STATES,CALIFORNIA,LOS ANGELES,CA-28,CA-28,911098099,,,AR22,R&D- SPACE: SCIENCE/APPLICATIONS (APPLIED RESEARCH/EXPLORATORY DEVELOPMENT),541715,"RESEARCH AND DEVELOPMENT IN THE PHYSICAL, ENGINEERING, AND LIFE SCIENCES (EXCEPT NANOTECHNOLOGY AND BIOTECHNOLOGY)",,,https://www.usaspending.gov/award/CONT_AWD_80NM0018F0797_8000_80NM0018D0004_8000/,2025-09-12
National Aeronautics and Space Administration,National Aeronautics and Space Administration,FY2025P10,,080,2024,2025,,0120,000,080-2024/2025-0120-000,"Science, National Aeronautics and Space Administration",National Aeronautics and Space Administration,,"General Science, Space, and Technology","Space flight, research, and supporting activities",080-0120,"Science, National Aeronautics and Space Administration",0001,SCIENCE (DIRECT),25.5,Research and development contracts,D,Q,Not Designated Nonemergency/Emergency/Disaster/Wildfire Suppression,,30533.99,0.00,0.00,CONT_AWD_80NM0018F0797_8000_80NM0018D0004_8000,80NM0018F0797,80NM0018D0004,,,2018-08-10,2018,2025-08-06,2025,2018-10-01,2026-09-30,,C,DELIVERY ORDER,,,JPL TECHNICAL SUPPORT TO THE MAVEN PROJECT 40-15537,080,NATIONAL AERONAUTICS AND SPACE ADMINISTRATION (NASA),8000,NATIONAL AERONAUTICS AND SPACE ADMINISTRATION,80NM00,NASA MANAGEMENT OFFICE -- JPL,080,NATIONAL AERONAUTICS AND SPACE ADMINISTRATION (NASA),8000,NATIONAL AERONAUTICS AND SPACE ADMINISTRATION,80NM00,NASA MANAGEMENT OFFICE -- JPL,YC1YP79BFD19,,CALIFORNIA INSTITUTE OF TECHNOLOGY,CALIFORNIA INSTITUTE OF TECHNOLOGY,YC1YP79BFD19,YC1YP79BFD19,CALIFORNIA INSTITUTE OF TECHNOLOGY,CALIFORNIA INSTITUTE OF TECHNOLOGY,USA,CA,LOS ANGELES,PASADENA,CA-28,CA-28,911098001,UNITED STATES,CALIFORNIA,LOS ANGELES,CA-28,CA-28,911098099,,,AR22,R&D- SPACE: SCIENCE/APPLICATIONS (APPLIED RESEARCH/EXPLORATORY DEVELOPMENT),541715,"RESEARCH AND DEVELOPMENT IN THE PHYSICAL, ENGINEERING, AND LIFE SCIENCES (EXCEPT NANOTECHNOLOGY AND BIOTECHNOLOGY)",,,https://www.usaspending.gov/award/CONT_AWD_80NM0018F0797_8000_80NM0018D0004_8000/,2025-09-12
National Aeronautics and Space Administration,National Aeronautics and Space Administration,FY2020Q1,,080,2020,2021,,0120,000,080-2020/2021-0120-000,"Science, National Aeronautics and Space Administration",National Aeronautics and Space Administration,,"General Science, Space, and Technology","Space flight, research, and supporting activities",080-0120,"Science, National Aeronautics and Space Administration",0001,SCIENCE (DIRECT),25.5,Research and development contracts,D,,,-100000.00,,,,CONT_AWD_80NM0018F0797_8000_80NM0018D0004_8000,80NM0018F0797,80NM0018D0004,,,2018-08-10,2018,2025-08-06,2025,2018-10-01,2026-09-30,,C,DELIVERY ORDER,,,JPL TECHNICAL SUPPORT TO THE MAVEN PROJECT 40-15537,080,NATIONAL AERONAUTICS AND SPACE ADMINISTRATION (NASA),8000,NATIONAL AERONAUTICS AND SPACE ADMINISTRATION,80NM00,NASA MANAGEMENT OFFICE -- JPL,080,NATIONAL AERONAUTICS AND SPACE ADMINISTRATION (NASA),8000,NATIONAL AERONAUTICS AND SPACE ADMINISTRATION,80NM00,NASA MANAGEMENT OFFICE -- JPL,YC1YP79BFD19,,CALIFORNIA INSTITUTE OF TECHNOLOGY,CALIFORNIA INSTITUTE OF TECHNOLOGY,YC1YP79BFD19,YC1YP79BFD19,CALIFORNIA INSTITUTE OF TECHNOLOGY,CALIFORNIA INSTITUTE OF TECHNOLOGY,USA,CA,LOS ANGELES,PASADENA,CA-28,CA-28,911098001,UNITED STATES,CALIFORNIA,LOS ANGELES,CA-28,CA-28,911098099,,,AR22,R&D- SPACE: SCIENCE/APPLICATIONS (APPLIED RESEARCH/EXPLORATORY DEVELOPMENT),541715,"RESEARCH AND DEVELOPMENT IN THE PHYSICAL, ENGINEERING, AND LIFE SCIENCES (EXCEPT NANOTECHNOLOGY AND BIOTECHNOLOGY)",,,https://www.usaspending.gov/award/CONT_AWD_80NM0018F0797_8000_80NM0018D0004_8000/,2020-02-03
National Aeronautics and Space Administration,National Aeronautics and Space Administration,FY2020Q1,,080,2020,2021,,0120,000,080-2020/2021-0120-000,"Science, National Aeronautics and Space Administration",National Aeronautics and Space Administration,,"General Science, Space, and Technology","Space flight, research, and supporting activities",080-0120,"Science, National Aeronautics and Space Administration",0001,SCIENCE (DIRECT),25.5,Research and development contracts,D,,,170000.00,,,,CONT_AWD_80NM0018F0797_8000_80NM0018D0004_8000,80NM0018F0797,80NM0018D0004,,,2018-08-10,2018,2025-08-06,2025,2018-10-01,2026-09-30,,C,DELIVERY ORDER,,,JPL TECHNICAL SUPPORT TO THE MAVEN PROJECT 40-15537,080,NATIONAL AERONAUTICS AND SPACE ADMINISTRATION (NASA),8000,NATIONAL AERONAUTICS AND SPACE ADMINISTRATION,80NM00,NASA MANAGEMENT OFFICE -- JPL,080,NATIONAL AERONAUTICS AND SPACE ADMINISTRATION (NASA),8000,NATIONAL AERONAUTICS AND SPACE ADMINISTRATION,80NM00,NASA MANAGEMENT OFFICE -- JPL,YC1YP79BFD19,,CALIFORNIA INSTITUTE OF TECHNOLOGY,CALIFORNIA INSTITUTE OF TECHNOLOGY,YC1YP79BFD19,YC1YP79BFD19,CALIFORNIA INSTITUTE OF TECHNOLOGY,CALIFORNIA INSTITUTE OF TECHNOLOGY,USA,CA,LOS ANGELES,PASADENA,CA-28,CA-28,911098001,UNITED STATES,CALIFORNIA,LOS ANGELES,CA-28,CA-28,911098099,,,AR22,R&D- SPACE: SCIENCE/APPLICATIONS (APPLIED RESEARCH/EXPLORATORY DEVELOPMENT),541715,"RESEARCH AND DEVELOPMENT IN THE PHYSICAL, ENGINEERING, AND LIFE SCIENCES (EXCEPT NANOTECHNOLOGY AND BIOTECHNOLOGY)",,,https://www.usaspending.gov/award/CONT_AWD_80NM0018F0797_8000_80NM0018D0004_8000/,2020-02-03
National Aeronautics and Space Administration,National Aeronautics and Space Administration,FY2020Q1,,080,2020,2021,,0120,000,080-2020/2021-0120-000,"Science, National Aeronautics and Space Administration",National Aeronautics and Space Administration,,"General Science, Space, and Technology","Space flight, research, and supporting activities",080-0120,"Science, National Aeronautics and Space Administration",0001,SCIENCE (DIRECT),25.5,Research and development contracts,D,,,100000.00,,,,CONT_AWD_80NM0018F0797_8000_80NM0018D0004_8000,80NM0018F0797,80NM0018D0004,,,2018-08-10,2018,2025-08-06,2025,2018-10-01,2026-09-30,,C,DELIVERY ORDER,,,JPL TECHNICAL SUPPORT TO THE MAVEN PROJECT 40-15537,080,NATIONAL AERONAUTICS AND SPACE ADMINISTRATION (NASA),8000,NATIONAL AERONAUTICS AND SPACE ADMINISTRATION,80NM00,NASA MANAGEMENT OFFICE -- JPL,080,NATIONAL AERONAUTICS AND SPACE ADMINISTRATION (NASA),8000,NATIONAL AERONAUTICS AND SPACE ADMINISTRATION,80NM00,NASA MANAGEMENT OFFICE -- JPL,YC1YP79BFD19,,CALIFORNIA INSTITUTE OF TECHNOLOGY,CALIFORNIA INSTITUTE OF TECHNOLOGY,YC1YP79BFD19,YC1YP79BFD19,CALIFORNIA INSTITUTE OF TECHNOLOGY,CALIFORNIA INSTITUTE OF TECHNOLOGY,USA,CA,LOS ANGELES,PASADENA,CA-28,CA-28,911098001,UNITED STATES,CALIFORNIA,LOS ANGELES,CA-28,CA-28,911098099,,,AR22,R&D- SPACE: SCIENCE/APPLICATIONS (APPLIED RESEARCH/EXPLORATORY DEVELOPMENT),541715,"RESEARCH AND DEVELOPMENT IN THE PHYSICAL, ENGINEERING, AND LIFE SCIENCES (EXCEPT NANOTECHNOLOGY AND BIOTECHNOLOGY)",,,https://www.usaspending.gov/award/CONT_AWD_80NM0018F0797_8000_80NM0018D0004_8000/,2020-02-03
National Aeronautics and Space Administration,National Aeronautics and Space Administration,FY2020Q1,,080,2020,2021,,0120,000,080-2020/2021-0120-000,"Science, National Aeronautics and Space Administration",National Aeronautics and Space Administration,,"General Science, Space, and Technology","Space flight, research, and supporting activities",080-0120,"Science, National Aeronautics and Space Administration",0001,SCIENCE (DIRECT),25.5,Research and development contracts,D,,,20133.00,,,,CONT_AWD_80NM0018F0797_8000_80NM0018D0004_8000,80NM0018F0797,80NM0018D0004,,,2018-08-10,2018,2025-08-06,2025,2018-10-01,2026-09-30,,C,DELIVERY ORDER,,,JPL TECHNICAL SUPPORT TO THE MAVEN PROJECT 40-15537,080,NATIONAL AERONAUTICS AND SPACE ADMINISTRATION (NASA),8000,NATIONAL AERONAUTICS AND SPACE ADMINISTRATION,80NM00,NASA MANAGEMENT OFFICE -- JPL,080,NATIONAL AERONAUTICS AND SPACE ADMINISTRATION (NASA),8000,NATIONAL AERONAUTICS AND SPACE ADMINISTRATION,80NM00,NASA MANAGEMENT OFFICE -- JPL,YC1YP79BFD19,,CALIFORNIA INSTITUTE OF TECHNOLOGY,CALIFORNIA INSTITUTE OF TECHNOLOGY,YC1YP79BFD19,YC1YP79BFD19,CALIFORNIA INSTITUTE OF TECHNOLOGY,CALIFORNIA INSTITUTE OF TECHNOLOGY,USA,CA,LOS ANGELES,PASADENA,CA-28,CA-28,911098001,UNITED STATES,CALIFORNIA,LOS ANGELES,CA-28,CA-28,911098099,,,AR22,R&D- SPACE: SCIENCE/APPLICATIONS (APPLIED RESEARCH/EXPLORATORY DEVELOPMENT),541715,"RESEARCH AND DEVELOPMENT IN THE PHYSICAL, ENGINEERING, AND LIFE SCIENCES (EXCEPT NANOTECHNOLOGY AND BIOTECHNOLOGY)",,,https://www.usaspending.gov/award/CONT_AWD_80NM0018F0797_8000_80NM0018D0004_8000/,2020-02-03
National Aeronautics and Space Administration,National Aeronautics and Space Administration,FY2020Q2,,080,2020,2021,,0120,000,080-2020/2021-0120-000,"Science, National Aeronautics and Space Administration",National Aeronautics and Space Administration,,"General Science, Space, and Technology","Space flight, research, and supporting activities",080-0120,"Science, National Aeronautics and Space Administration",0001,SCIENCE (DIRECT),25.5,Research and development contracts,D,,,-169999.98,,,,CONT_AWD_80NM0018F0797_8000_80NM0018D0004_8000,80NM0018F0797,80NM0018D0004,,,2018-08-10,2018,2025-08-06,2025,2018-10-01,2026-09-30,,C,DELIVERY ORDER,,,JPL TECHNICAL SUPPORT TO THE MAVEN PROJECT 40-15537,080,NATIONAL AERONAUTICS AND SPACE ADMINISTRATION (NASA),8000,NATIONAL AERONAUTICS AND SPACE ADMINISTRATION,80NM00,NASA MANAGEMENT OFFICE -- JPL,080,NATIONAL AERONAUTICS AND SPACE ADMINISTRATION (NASA),8000,NATIONAL AERONAUTICS AND SPACE ADMINISTRATION,80NM00,NASA MANAGEMENT OFFICE -- JPL,YC1YP79BFD19,,CALIFORNIA INSTITUTE OF TECHNOLOGY,CALIFORNIA INSTITUTE OF TECHNOLOGY,YC1YP79BFD19,YC1YP79BFD19,CALIFORNIA INSTITUTE OF TECHNOLOGY,CALIFORNIA INSTITUTE OF TECHNOLOGY,USA,CA,LOS ANGELES,PASADENA,CA-28,CA-28,911098001,UNITED STATES,CALIFORNIA,LOS ANGELES,CA-28,CA-28,911098099,,,AR22,R&D- SPACE: SCIENCE/APPLICATIONS (APPLIED RESEARCH/EXPLORATORY DEVELOPMENT),541715,"RESEARCH AND DEVELOPMENT IN THE PHYSICAL, ENGINEERING, AND LIFE SCIENCES (EXCEPT NANOTECHNOLOGY AND BIOTECHNOLOGY)",,,https://www.usaspending.gov/award/CONT_AWD_80NM0018F0797_8000_80NM0018D0004_8000/,2020-05-15
National Aeronautics and Space Administration,National Aeronautics and Space Administration,FY2020Q2,,080,2020,2021,,0120,000,080-2020/2021-0120-000,"Science, National Aeronautics and Space Administration",National Aeronautics and Space Administration,,"General Science, Space, and Technology","Space flight, research, and supporting activities",080-0120,"Science, National Aeronautics and Space Administration",0001,SCIENCE (DIRECT),25.5,Research and development contracts,D,,,100000.00,,,,CONT_AWD_80NM0018F0797_8000_80NM0018D0004_8000,80NM0018F0797,80NM0018D0004,,,2018-08-10,2018,2025-08-06,2025,2018-10-01,2026-09-30,,C,DELIVERY ORDER,,,JPL TECHNICAL SUPPORT TO THE MAVEN PROJECT 40-15537,080,NATIONAL AERONAUTICS AND SPACE ADMINISTRATION (NASA),8000,NATIONAL AERONAUTICS AND SPACE ADMINISTRATION,80NM00,NASA MANAGEMENT OFFICE -- JPL,080,NATIONAL AERONAUTICS AND SPACE ADMINISTRATION (NASA),8000,NATIONAL AERONAUTICS AND SPACE ADMINISTRATION,80NM00,NASA MANAGEMENT OFFICE -- JPL,YC1YP79BFD19,,CALIFORNIA INSTITUTE OF TECHNOLOGY,CALIFORNIA INSTITUTE OF TECHNOLOGY,YC1YP79BFD19,YC1YP79BFD19,CALIFORNIA INSTITUTE OF TECHNOLOGY,CALIFORNIA INSTITUTE OF TECHNOLOGY,USA,CA,LOS ANGELES,PASADENA,CA-28,CA-28,911098001,UNITED STATES,CALIFORNIA,LOS ANGELES,CA-28,CA-28,911098099,,,AR22,R&D- SPACE: SCIENCE/APPLICATIONS (APPLIED RESEARCH/EXPLORATORY DEVELOPMENT),541715,"RESEARCH AND DEVELOPMENT IN THE PHYSICAL, ENGINEERING, AND LIFE SCIENCES (EXCEPT NANOTECHNOLOGY AND BIOTECHNOLOGY)",,,https://www.usaspending.gov/award/CONT_AWD_80NM0018F0797_8000_80NM0018D0004_8000/,2020-05-15
National Aeronautics and Space Administration,National Aeronautics and Space Administration,FY2020P09,,080,2020,2021,,0120,000,080-2020/2021-0120-000,"Science, National Aeronautics and Space Administration",National Aeronautics and Space Administration,,"General Science, Space, and Technology","Space flight, research, and supporting activities",080-0120,"Science, National Aeronautics and Space Administration",0001,SCIENCE (DIRECT),25.5,Research and development contracts,D,Q,Not Designated Nonemergency/Emergency/Disaster/Wildfire Suppression,,44372.10,,,CONT_AWD_80NM0018F0797_8000_80NM0018D0004_8000,80NM0018F0797,80NM0018D0004,,,2018-08-10,2018,2025-08-06,2025,2018-10-01,2026-09-30,,C,DELIVERY ORDER,,,JPL TECHNICAL SUPPORT TO THE MAVEN PROJECT 40-15537,080,NATIONAL AERONAUTICS AND SPACE ADMINISTRATION (NASA),8000,NATIONAL AERONAUTICS AND SPACE ADMINISTRATION,80NM00,NASA MANAGEMENT OFFICE -- JPL,080,NATIONAL AERONAUTICS AND SPACE ADMINISTRATION (NASA),8000,NATIONAL AERONAUTICS AND SPACE ADMINISTRATION,80NM00,NASA MANAGEMENT OFFICE -- JPL,YC1YP79BFD19,,CALIFORNIA INSTITUTE OF TECHNOLOGY,CALIFORNIA INSTITUTE OF TECHNOLOGY,YC1YP79BFD19,YC1YP79BFD19,CALIFORNIA INSTITUTE OF TECHNOLOGY,CALIFORNIA INSTITUTE OF TECHNOLOGY,USA,CA,LOS ANGELES,PASADENA,CA-28,CA-28,911098001,UNITED STATES,CALIFORNIA,LOS ANGELES,CA-28,CA-28,911098099,,,AR22,R&D- SPACE: SCIENCE/APPLICATIONS (APPLIED RESEARCH/EXPLORATORY DEVELOPMENT),541715,"RESEARCH AND DEVELOPMENT IN THE PHYSICAL, ENGINEERING, AND LIFE SCIENCES (EXCEPT NANOTECHNOLOGY AND BIOTECHNOLOGY)",,,https://www.usaspending.gov/award/CONT_AWD_80NM0018F0797_8000_80NM0018D0004_8000/,2020-07-30
National Aeronautics and Space Administration,National Aeronautics and Space Administration,FY2020P08,,080,2020,2021,,0120,000,080-2020/2021-0120-000,"Science, National Aeronautics and Space Administration",National Aeronautics and Space Administration,,"General Science, Space, and Technology","Space flight, research, and supporting activities",080-0120,"Science, National Aeronautics and Space Administration",0001,SCIENCE (DIRECT),25.5,Research and development contracts,D,Q,Not Designated Nonemergency/Emergency/Disaster/Wildfire Suppression,78000.00,,,,CONT_AWD_80NM0018F0797_8000_80NM0018D0004_8000,80NM0018F0797,80NM0018D0004,,,2018-08-10,2018,2025-08-06,2025,2018-10-01,2026-09-30,,C,DELIVERY ORDER,,,JPL TECHNICAL SUPPORT TO THE MAVEN PROJECT 40-15537,080,NATIONAL AERONAUTICS AND SPACE ADMINISTRATION (NASA),8000,NATIONAL AERONAUTICS AND SPACE ADMINISTRATION,80NM00,NASA MANAGEMENT OFFICE -- JPL,080,NATIONAL AERONAUTICS AND SPACE ADMINISTRATION (NASA),8000,NATIONAL AERONAUTICS AND SPACE ADMINISTRATION,80NM00,NASA MANAGEMENT OFFICE -- JPL,YC1YP79BFD19,,CALIFORNIA INSTITUTE OF TECHNOLOGY,CALIFORNIA INSTITUTE OF TECHNOLOGY,YC1YP79BFD19,YC1YP79BFD19,CALIFORNIA INSTITUTE OF TECHNOLOGY,CALIFORNIA INSTITUTE OF TECHNOLOGY,USA,CA,LOS ANGELES,PASADENA,CA-28,CA-28,911098001,UNITED STATES,CALIFORNIA,LOS ANGELES,CA-28,CA-28,911098099,,,AR22,R&D- SPACE: SCIENCE/APPLICATIONS (APPLIED RESEARCH/EXPLORATORY DEVELOPMENT),541715,"RESEARCH AND DEVELOPMENT IN THE PHYSICAL, ENGINEERING, AND LIFE SCIENCES (EXCEPT NANOTECHNOLOGY AND BIOTECHNOLOGY)",,,https://www.usaspending.gov/award/CONT_AWD_80NM0018F0797_8000_80NM0018D0004_8000/,2020-07-30
National Aeronautics and Space Administration,National Aeronautics and Space Administration,FY2020P08,,080,2020,2021,,0120,000,080-2020/2021-0120-000,"Science, National Aeronautics and Space Administration",National Aeronautics and Space Administration,,"General Science, Space, and Technology","Space flight, research, and supporting activities",080-0120,"Science, National Aeronautics and Space Administration",0001,SCIENCE (DIRECT),25.5,Research and development contracts,D,Q,Not Designated Nonemergency/Emergency/Disaster/Wildfire Suppression,,30138.26,,,CONT_AWD_80NM0018F0797_8000_80NM0018D0004_8000,80NM0018F0797,80NM0018D0004,,,2018-08-10,2018,2025-08-06,2025,2018-10-01,2026-09-30,,C,DELIVERY ORDER,,,JPL TECHNICAL SUPPORT TO THE MAVEN PROJECT 40-15537,080,NATIONAL AERONAUTICS AND SPACE ADMINISTRATION (NASA),8000,NATIONAL AERONAUTICS AND SPACE ADMINISTRATION,80NM00,NASA MANAGEMENT OFFICE -- JPL,080,NATIONAL AERONAUTICS AND SPACE ADMINISTRATION (NASA),8000,NATIONAL AERONAUTICS AND SPACE ADMINISTRATION,80NM00,NASA MANAGEMENT OFFICE -- JPL,YC1YP79BFD19,,CALIFORNIA INSTITUTE OF TECHNOLOGY,CALIFORNIA INSTITUTE OF TECHNOLOGY,YC1YP79BFD19,YC1YP79BFD19,CALIFORNIA INSTITUTE OF TECHNOLOGY,CALIFORNIA INSTITUTE OF TECHNOLOGY,USA,CA,LOS ANGELES,PASADENA,CA-28,CA-28,911098001,UNITED STATES,CALIFORNIA,LOS ANGELES,CA-28,CA-28,911098099,,,AR22,R&D- SPACE: SCIENCE/APPLICATIONS (APPLIED RESEARCH/EXPLORATORY DEVELOPMENT),541715,"RESEARCH AND DEVELOPMENT IN THE PHYSICAL, ENGINEERING, AND LIFE SCIENCES (EXCEPT NANOTECHNOLOGY AND BIOTECHNOLOGY)",,,https://www.usaspending.gov/award/CONT_AWD_80NM0018F0797_8000_80NM0018D0004_8000/,2020-07-30
National Aeronautics and Space Administration,National Aeronautics and Space Administration,FY2020P08,,080,2019,2020,,0120,000,080-2019/2020-0120-000,"Science, National Aeronautics and Space Administration",National Aeronautics and Space Administration,,"General Science, Space, and Technology","Space flight, research, and supporting activities",080-0120,"Science, National Aeronautics and Space Administration",0001,SCIENCE (DIRECT),25.5,Research and development contracts,D,Q,Not Designated Nonemergency/Emergency/Disaster/Wildfire Suppression,,92777.48,,,CONT_AWD_80NM0018F0797_8000_80NM0018D0004_8000,80NM0018F0797,80NM0018D0004,,,2018-08-10,2018,2025-08-06,2025,2018-10-01,2026-09-30,,C,DELIVERY ORDER,,,JPL TECHNICAL SUPPORT TO THE MAVEN PROJECT 40-15537,080,NATIONAL AERONAUTICS AND SPACE ADMINISTRATION (NASA),8000,NATIONAL AERONAUTICS AND SPACE ADMINISTRATION,80NM00,NASA MANAGEMENT OFFICE -- JPL,080,NATIONAL AERONAUTICS AND SPACE ADMINISTRATION (NASA),8000,NATIONAL AERONAUTICS AND SPACE ADMINISTRATION,80NM00,NASA MANAGEMENT OFFICE -- JPL,YC1YP79BFD19,,CALIFORNIA INSTITUTE OF TECHNOLOGY,CALIFORNIA INSTITUTE OF TECHNOLOGY,YC1YP79BFD19,YC1YP79BFD19,CALIFORNIA INSTITUTE OF TECHNOLOGY,CALIFORNIA INSTITUTE OF TECHNOLOGY,USA,CA,LOS ANGELES,PASADENA,CA-28,CA-28,911098001,UNITED STATES,CALIFORNIA,LOS ANGELES,CA-28,CA-28,911098099,,,AR22,R&D- SPACE: SCIENCE/APPLICATIONS (APPLIED RESEARCH/EXPLORATORY DEVELOPMENT),541715,"RESEARCH AND DEVELOPMENT IN THE PHYSICAL, ENGINEERING, AND LIFE SCIENCES (EXCEPT NANOTECHNOLOGY AND BIOTECHNOLOGY)",,,https://www.usaspending.gov/award/CONT_AWD_80NM0018F0797_8000_80NM0018D0004_8000/,2020-07-30
National Aeronautics and Space Administration,National Aeronautics and Space Administration,FY2020P09,,080,2019,2020,,0120,000,080-2019/2020-0120-000,"Science, National Aeronautics and Space Administration",National Aeronautics and Space Administration,,"General Science, Space, and Technology","Space flight, research, and supporting activities",080-0120,"Science, National Aeronautics and Space Administration",0001,SCIENCE (DIRECT),25.5,Research and development contracts,D,Q,Not Designated Nonemergency/Emergency/Disaster/Wildfire Suppression,,92777.48,,,CONT_AWD_80NM0018F0797_8000_80NM0018D0004_8000,80NM0018F0797,80NM0018D0004,,,2018-08-10,2018,2025-08-06,2025,2018-10-01,2026-09-30,,C,DELIVERY ORDER,,,JPL TECHNICAL SUPPORT TO THE MAVEN PROJECT 40-15537,080,NATIONAL AERONAUTICS AND SPACE ADMINISTRATION (NASA),8000,NATIONAL AERONAUTICS AND SPACE ADMINISTRATION,80NM00,NASA MANAGEMENT OFFICE -- JPL,080,NATIONAL AERONAUTICS AND SPACE ADMINISTRATION (NASA),8000,NATIONAL AERONAUTICS AND SPACE ADMINISTRATION,80NM00,NASA MANAGEMENT OFFICE -- JPL,YC1YP79BFD19,,CALIFORNIA INSTITUTE OF TECHNOLOGY,CALIFORNIA INSTITUTE OF TECHNOLOGY,YC1YP79BFD19,YC1YP79BFD19,CALIFORNIA INSTITUTE OF TECHNOLOGY,CALIFORNIA INSTITUTE OF TECHNOLOGY,USA,CA,LOS ANGELES,PASADENA,CA-28,CA-28,911098001,UNITED STATES,CALIFORNIA,LOS ANGELES,CA-28,CA-28,911098099,,,AR22,R&D- SPACE: SCIENCE/APPLICATIONS (APPLIED RESEARCH/EXPLORATORY DEVELOPMENT),541715,"RESEARCH AND DEVELOPMENT IN THE PHYSICAL, ENGINEERING, AND LIFE SCIENCES (EXCEPT NANOTECHNOLOGY AND BIOTECHNOLOGY)",,,https://www.usaspending.gov/award/CONT_AWD_80NM0018F0797_8000_80NM0018D0004_8000/,2020-07-30
National Aeronautics and Space Administration,National Aeronautics and Space Administration,FY2020P10,,080,2020,2021,,0120,000,080-2020/2021-0120-000,"Science, National Aeronautics and Space Administration",National Aeronautics and Space Administration,,"General Science, Space, and Technology","Space flight, research, and supporting activities",080-0120,"Science, National Aeronautics and Space Administration",0001,SCIENCE (DIRECT),25.5,Research and development contracts,D,Q,Not Designated Nonemergency/Emergency/Disaster/Wildfire Suppression,,61036.72,,,CONT_AWD_80NM0018F0797_8000_80NM0018D0004_8000,80NM0018F0797,80NM0018D0004,,,2018-08-10,2018,2025-08-06,2025,2018-10-01,2026-09-30,,C,DELIVERY ORDER,,,JPL TECHNICAL SUPPORT TO THE MAVEN PROJECT 40-15537,080,NATIONAL AERONAUTICS AND SPACE ADMINISTRATION (NASA),8000,NATIONAL AERONAUTICS AND SPACE ADMINISTRATION,80NM00,NASA MANAGEMENT OFFICE -- JPL,080,NATIONAL AERONAUTICS AND SPACE ADMINISTRATION (NASA),8000,NATIONAL AERONAUTICS AND SPACE ADMINISTRATION,80NM00,NASA MANAGEMENT OFFICE -- JPL,YC1YP79BFD19,,CALIFORNIA INSTITUTE OF TECHNOLOGY,CALIFORNIA INSTITUTE OF TECHNOLOGY,YC1YP79BFD19,YC1YP79BFD19,CALIFORNIA INSTITUTE OF TECHNOLOGY,CALIFORNIA INSTITUTE OF TECHNOLOGY,USA,CA,LOS ANGELES,PASADENA,CA-28,CA-28,911098001,UNITED STATES,CALIFORNIA,LOS ANGELES,CA-28,CA-28,911098099,,,AR22,R&D- SPACE: SCIENCE/APPLICATIONS (APPLIED RESEARCH/EXPLORATORY DEVELOPMENT),541715,"RESEARCH AND DEVELOPMENT IN THE PHYSICAL, ENGINEERING, AND LIFE SCIENCES (EXCEPT NANOTECHNOLOGY AND BIOTECHNOLOGY)",,,https://www.usaspending.gov/award/CONT_AWD_80NM0018F0797_8000_80NM0018D0004_8000/,2020-08-27
National Aeronautics and Space Administration,National Aeronautics and Space Administration,FY2020P10,,080,2019,2020,,0120,000,080-2019/2020-0120-000,"Science, National Aeronautics and Space Administration",National Aeronautics and Space Administration,,"General Science, Space, and Technology","Space flight, research, and supporting activities",080-0120,"Science, National Aeronautics and Space Administration",0001,SCIENCE (DIRECT),25.5,Research and development contracts,D,Q,Not Designated Nonemergency/Emergency/Disaster/Wildfire Suppression,,92777.48,,,CONT_AWD_80NM0018F0797_8000_80NM0018D0004_8000,80NM0018F0797,80NM0018D0004,,,2018-08-10,2018,2025-08-06,2025,2018-10-01,2026-09-30,,C,DELIVERY ORDER,,,JPL TECHNICAL SUPPORT TO THE MAVEN PROJECT 40-15537,080,NATIONAL AERONAUTICS AND SPACE ADMINISTRATION (NASA),8000,NATIONAL AERONAUTICS AND SPACE ADMINISTRATION,80NM00,NASA MANAGEMENT OFFICE -- JPL,080,NATIONAL AERONAUTICS AND SPACE ADMINISTRATION (NASA),8000,NATIONAL AERONAUTICS AND SPACE ADMINISTRATION,80NM00,NASA MANAGEMENT OFFICE -- JPL,YC1YP79BFD19,,CALIFORNIA INSTITUTE OF TECHNOLOGY,CALIFORNIA INSTITUTE OF TECHNOLOGY,YC1YP79BFD19,YC1YP79BFD19,CALIFORNIA INSTITUTE OF TECHNOLOGY,CALIFORNIA INSTITUTE OF TECHNOLOGY,USA,CA,LOS ANGELES,PASADENA,CA-28,CA-28,911098001,UNITED STATES,CALIFORNIA,LOS ANGELES,CA-28,CA-28,911098099,,,AR22,R&D- SPACE: SCIENCE/APPLICATIONS (APPLIED RESEARCH/EXPLORATORY DEVELOPMENT),541715,"RESEARCH AND DEVELOPMENT IN THE PHYSICAL, ENGINEERING, AND LIFE SCIENCES (EXCEPT NANOTECHNOLOGY AND BIOTECHNOLOGY)",,,https://www.usaspending.gov/award/CONT_AWD_80NM0018F0797_8000_80NM0018D0004_8000/,2020-08-27
National Aeronautics and Space Administration,National Aeronautics and Space Administration,FY2020P11,,080,2020,2021,,0120,000,080-2020/2021-0120-000,"Science, National Aeronautics and Space Administration",National Aeronautics and Space Administration,,"General Science, Space, and Technology","Space flight, research, and supporting activities",080-0120,"Science, National Aeronautics and Space Administration",0001,SCIENCE (DIRECT),25.5,Research and development contracts,D,Q,Not Designated Nonemergency/Emergency/Disaster/Wildfire Suppression,10000.00,,,,CONT_AWD_80NM0018F0797_8000_80NM0018D0004_8000,80NM0018F0797,80NM0018D0004,,,2018-08-10,2018,2025-08-06,2025,2018-10-01,2026-09-30,,C,DELIVERY ORDER,,,JPL TECHNICAL SUPPORT TO THE MAVEN PROJECT 40-15537,080,NATIONAL AERONAUTICS AND SPACE ADMINISTRATION (NASA),8000,NATIONAL AERONAUTICS AND SPACE ADMINISTRATION,80NM00,NASA MANAGEMENT OFFICE -- JPL,080,NATIONAL AERONAUTICS AND SPACE ADMINISTRATION (NASA),8000,NATIONAL AERONAUTICS AND SPACE ADMINISTRATION,80NM00,NASA MANAGEMENT OFFICE -- JPL,YC1YP79BFD19,,CALIFORNIA INSTITUTE OF TECHNOLOGY,CALIFORNIA INSTITUTE OF TECHNOLOGY,YC1YP79BFD19,YC1YP79BFD19,CALIFORNIA INSTITUTE OF TECHNOLOGY,CALIFORNIA INSTITUTE OF TECHNOLOGY,USA,CA,LOS ANGELES,PASADENA,CA-28,CA-28,911098001,UNITED STATES,CALIFORNIA,LOS ANGELES,CA-28,CA-28,911098099,,,AR22,R&D- SPACE: SCIENCE/APPLICATIONS (APPLIED RESEARCH/EXPLORATORY DEVELOPMENT),541715,"RESEARCH AND DEVELOPMENT IN THE PHYSICAL, ENGINEERING, AND LIFE SCIENCES (EXCEPT NANOTECHNOLOGY AND BIOTECHNOLOGY)",,,https://www.usaspending.gov/award/CONT_AWD_80NM0018F0797_8000_80NM0018D0004_8000/,2020-09-28
National Aeronautics and Space Administration,National Aeronautics and Space Administration,FY2020P11,,080,2020,2021,,0120,000,080-2020/2021-0120-000,"Science, National Aeronautics and Space Administration",National Aeronautics and Space Administration,,"General Science, Space, and Technology","Space flight, research, and supporting activities",080-0120,"Science, National Aeronautics and Space Administration",0001,SCIENCE (DIRECT),25.5,Research and development contracts,D,Q,Not Designated Nonemergency/Emergency/Disaster/Wildfire Suppression,,83714.56,,,CONT_AWD_80NM0018F0797_8000_80NM0018D0004_8000,80NM0018F0797,80NM0018D0004,,,2018-08-10,2018,2025-08-06,2025,2018-10-01,2026-09-30,,C,DELIVERY ORDER,,,JPL TECHNICAL SUPPORT TO THE MAVEN PROJECT 40-15537,080,NATIONAL AERONAUTICS AND SPACE ADMINISTRATION (NASA),8000,NATIONAL AERONAUTICS AND SPACE ADMINISTRATION,80NM00,NASA MANAGEMENT OFFICE -- JPL,080,NATIONAL AERONAUTICS AND SPACE ADMINISTRATION (NASA),8000,NATIONAL AERONAUTICS AND SPACE ADMINISTRATION,80NM00,NASA MANAGEMENT OFFICE -- JPL,YC1YP79BFD19,,CALIFORNIA INSTITUTE OF TECHNOLOGY,CALIFORNIA INSTITUTE OF TECHNOLOGY,YC1YP79BFD19,YC1YP79BFD19,CALIFORNIA INSTITUTE OF TECHNOLOGY,CALIFORNIA INSTITUTE OF TECHNOLOGY,USA,CA,LOS ANGELES,PASADENA,CA-28,CA-28,911098001,UNITED STATES,CALIFORNIA,LOS ANGELES,CA-28,CA-28,911098099,,,AR22,R&D- SPACE: SCIENCE/APPLICATIONS (APPLIED RESEARCH/EXPLORATORY DEVELOPMENT),541715,"RESEARCH AND DEVELOPMENT IN THE PHYSICAL, ENGINEERING, AND LIFE SCIENCES (EXCEPT NANOTECHNOLOGY AND BIOTECHNOLOGY)",,,https://www.usaspending.gov/award/CONT_AWD_80NM0018F0797_8000_80NM0018D0004_8000/,2020-09-28
National Aeronautics and Space Administration,National Aeronautics and Space Administration,FY2020P11,,080,2019,2020,,0120,000,080-2019/2020-0120-000,"Science, National Aeronautics and Space Administration",National Aeronautics and Space Administration,,"General Science, Space, and Technology","Space flight, research, and supporting activities",080-0120,"Science, National Aeronautics and Space Administration",0001,SCIENCE (DIRECT),25.5,Research and development contracts,D,Q,Not Designated Nonemergency/Emergency/Disaster/Wildfire Suppression,,92777.48,,,CONT_AWD_80NM0018F0797_8000_80NM0018D0004_8000,80NM0018F0797,80NM0018D0004,,,2018-08-10,2018,2025-08-06,2025,2018-10-01,2026-09-30,,C,DELIVERY ORDER,,,JPL TECHNICAL SUPPORT TO THE MAVEN PROJECT 40-15537,080,NATIONAL AERONAUTICS AND SPACE ADMINISTRATION (NASA),8000,NATIONAL AERONAUTICS AND SPACE ADMINISTRATION,80NM00,NASA MANAGEMENT OFFICE -- JPL,080,NATIONAL AERONAUTICS AND SPACE ADMINISTRATION (NASA),8000,NATIONAL AERONAUTICS AND SPACE ADMINISTRATION,80NM00,NASA MANAGEMENT OFFICE -- JPL,YC1YP79BFD19,,CALIFORNIA INSTITUTE OF TECHNOLOGY,CALIFORNIA INSTITUTE OF TECHNOLOGY,YC1YP79BFD19,YC1YP79BFD19,CALIFORNIA INSTITUTE OF TECHNOLOGY,CALIFORNIA INSTITUTE OF TECHNOLOGY,USA,CA,LOS ANGELES,PASADENA,CA-28,CA-28,911098001,UNITED STATES,CALIFORNIA,LOS ANGELES,CA-28,CA-28,911098099,,,AR22,R&D- SPACE: SCIENCE/APPLICATIONS (APPLIED RESEARCH/EXPLORATORY DEVELOPMENT),541715,"RESEARCH AND DEVELOPMENT IN THE PHYSICAL, ENGINEERING, AND LIFE SCIENCES (EXCEPT NANOTECHNOLOGY AND BIOTECHNOLOGY)",,,https://www.usaspending.gov/award/CONT_AWD_80NM0018F0797_8000_80NM0018D0004_8000/,2020-09-28
National Aeronautics and Space Administration,National Aeronautics and Space Administration,FY2020P12,,080,2020,2021,,0120,000,080-2020/2021-0120-000,"Science, National Aeronautics and Space Administration",National Aeronautics and Space Administration,,"General Science, Space, and Technology","Space flight, research, and supporting activities",080-0120,"Science, National Aeronautics and Space Administration",0001,SCIENCE (DIRECT),25.5,Research and development contracts,D,Q,Not Designated Nonemergency/Emergency/Disaster/Wildfire Suppression,,103171.03,,,CONT_AWD_80NM0018F0797_8000_80NM0018D0004_8000,80NM0018F0797,80NM0018D0004,,,2018-08-10,2018,2025-08-06,2025,2018-10-01,2026-09-30,,C,DELIVERY ORDER,,,JPL TECHNICAL SUPPORT TO THE MAVEN PROJECT 40-15537,080,NATIONAL AERONAUTICS AND SPACE ADMINISTRATION (NASA),8000,NATIONAL AERONAUTICS AND SPACE ADMINISTRATION,80NM00,NASA MANAGEMENT OFFICE -- JPL,080,NATIONAL AERONAUTICS AND SPACE ADMINISTRATION (NASA),8000,NATIONAL AERONAUTICS AND SPACE ADMINISTRATION,80NM00,NASA MANAGEMENT OFFICE -- JPL,YC1YP79BFD19,,CALIFORNIA INSTITUTE OF TECHNOLOGY,CALIFORNIA INSTITUTE OF TECHNOLOGY,YC1YP79BFD19,YC1YP79BFD19,CALIFORNIA INSTITUTE OF TECHNOLOGY,CALIFORNIA INSTITUTE OF TECHNOLOGY,USA,CA,LOS ANGELES,PASADENA,CA-28,CA-28,911098001,UNITED STATES,CALIFORNIA,LOS ANGELES,CA-28,CA-28,911098099,,,AR22,R&D- SPACE: SCIENCE/APPLICATIONS (APPLIED RESEARCH/EXPLORATORY DEVELOPMENT),541715,"RESEARCH AND DEVELOPMENT IN THE PHYSICAL, ENGINEERING, AND LIFE SCIENCES (EXCEPT NANOTECHNOLOGY AND BIOTECHNOLOGY)",,,https://www.usaspending.gov/award/CONT_AWD_80NM0018F0797_8000_80NM0018D0004_8000/,2020-10-29
National Aeronautics and Space Administration,National Aeronautics and Space Administration,FY2020P12,,080,2019,2020,,0120,000,080-2019/2020-0120-000,"Science, National Aeronautics and Space Administration",National Aeronautics and Space Administration,,"General Science, Space, and Technology","Space flight, research, and supporting activities",080-0120,"Science, National Aeronautics and Space Administration",0001,SCIENCE (DIRECT),25.5,Research and development contracts,D,Q,Not Designated Nonemergency/Emergency/Disaster/Wildfire Suppression,,92777.48,,,CONT_AWD_80NM0018F0797_8000_80NM0018D0004_8000,80NM0018F0797,80NM0018D0004,,,2018-08-10,2018,2025-08-06,2025,2018-10-01,2026-09-30,,C,DELIVERY ORDER,,,JPL TECHNICAL SUPPORT TO THE MAVEN PROJECT 40-15537,080,NATIONAL AERONAUTICS AND SPACE ADMINISTRATION (NASA),8000,NATIONAL AERONAUTICS AND SPACE ADMINISTRATION,80NM00,NASA MANAGEMENT OFFICE -- JPL,080,NATIONAL AERONAUTICS AND SPACE ADMINISTRATION (NASA),8000,NATIONAL AERONAUTICS AND SPACE ADMINISTRATION,80NM00,NASA MANAGEMENT OFFICE -- JPL,YC1YP79BFD19,,CALIFORNIA INSTITUTE OF TECHNOLOGY,CALIFORNIA INSTITUTE OF TECHNOLOGY,YC1YP79BFD19,YC1YP79BFD19,CALIFORNIA INSTITUTE OF TECHNOLOGY,CALIFORNIA INSTITUTE OF TECHNOLOGY,USA,CA,LOS ANGELES,PASADENA,CA-28,CA-28,911098001,UNITED STATES,CALIFORNIA,LOS ANGELES,CA-28,CA-28,911098099,,,AR22,R&D- SPACE: SCIENCE/APPLICATIONS (APPLIED RESEARCH/EXPLORATORY DEVELOPMENT),541715,"RESEARCH AND DEVELOPMENT IN THE PHYSICAL, ENGINEERING, AND LIFE SCIENCES (EXCEPT NANOTECHNOLOGY AND BIOTECHNOLOGY)",,,https://www.usaspending.gov/award/CONT_AWD_80NM0018F0797_8000_80NM0018D0004_8000/,2020-10-29
National Aeronautics and Space Administration,National Aeronautics and Space Administration,FY2021P03,,080,2020,2021,,0120,000,080-2020/2021-0120-000,"Science, National Aeronautics and Space Administration",National Aeronautics and Space Administration,,"General Science, Space, and Technology","Space flight, research, and supporting activities",080-0120,"Science, National Aeronautics and Space Administration",0001,SCIENCE (DIRECT),25.5,Research and development contracts,D,Q,Not Designated Nonemergency/Emergency/Disaster/Wildfire Suppression,,64838.08,,,CONT_AWD_80NM0018F0797_8000_80NM0018D0004_8000,80NM0018F0797,80NM0018D0004,,,2018-08-10,2018,2025-08-06,2025,2018-10-01,2026-09-30,,C,DELIVERY ORDER,,,JPL TECHNICAL SUPPORT TO THE MAVEN PROJECT 40-15537,080,NATIONAL AERONAUTICS AND SPACE ADMINISTRATION (NASA),8000,NATIONAL AERONAUTICS AND SPACE ADMINISTRATION,80NM00,NASA MANAGEMENT OFFICE -- JPL,080,NATIONAL AERONAUTICS AND SPACE ADMINISTRATION (NASA),8000,NATIONAL AERONAUTICS AND SPACE ADMINISTRATION,80NM00,NASA MANAGEMENT OFFICE -- JPL,YC1YP79BFD19,,CALIFORNIA INSTITUTE OF TECHNOLOGY,CALIFORNIA INSTITUTE OF TECHNOLOGY,YC1YP79BFD19,YC1YP79BFD19,CALIFORNIA INSTITUTE OF TECHNOLOGY,CALIFORNIA INSTITUTE OF TECHNOLOGY,USA,CA,LOS ANGELES,PASADENA,CA-28,CA-28,911098001,UNITED STATES,CALIFORNIA,LOS ANGELES,CA-28,CA-28,911098099,,,AR22,R&D- SPACE: SCIENCE/APPLICATIONS (APPLIED RESEARCH/EXPLORATORY DEVELOPMENT),541715,"RESEARCH AND DEVELOPMENT IN THE PHYSICAL, ENGINEERING, AND LIFE SCIENCES (EXCEPT NANOTECHNOLOGY AND BIOTECHNOLOGY)",,,https://www.usaspending.gov/award/CONT_AWD_80NM0018F0797_8000_80NM0018D0004_8000/,2021-02-07
National Aeronautics and Space Administration,National Aeronautics and Space Administration,FY2021P02,,080,2020,2021,,0120,000,080-2020/2021-0120-000,"Science, National Aeronautics and Space Administration",National Aeronautics and Space Administration,,"General Science, Space, and Technology","Space flight, research, and supporting activities",080-0120,"Science, National Aeronautics and Space Administration",0001,SCIENCE (DIRECT),25.5,Research and development contracts,D,Q,Not Designated Nonemergency/Emergency/Disaster/Wildfire Suppression,,18925.55,,,CONT_AWD_80NM0018F0797_8000_80NM0018D0004_8000,80NM0018F0797,80NM0018D0004,,,2018-08-10,2018,2025-08-06,2025,2018-10-01,2026-09-30,,C,DELIVERY ORDER,,,JPL TECHNICAL SUPPORT TO THE MAVEN PROJECT 40-15537,080,NATIONAL AERONAUTICS AND SPACE ADMINISTRATION (NASA),8000,NATIONAL AERONAUTICS AND SPACE ADMINISTRATION,80NM00,NASA MANAGEMENT OFFICE -- JPL,080,NATIONAL AERONAUTICS AND SPACE ADMINISTRATION (NASA),8000,NATIONAL AERONAUTICS AND SPACE ADMINISTRATION,80NM00,NASA MANAGEMENT OFFICE -- JPL,YC1YP79BFD19,,CALIFORNIA INSTITUTE OF TECHNOLOGY,CALIFORNIA INSTITUTE OF TECHNOLOGY,YC1YP79BFD19,YC1YP79BFD19,CALIFORNIA INSTITUTE OF TECHNOLOGY,CALIFORNIA INSTITUTE OF TECHNOLOGY,USA,CA,LOS ANGELES,PASADENA,CA-28,CA-28,911098001,UNITED STATES,CALIFORNIA,LOS ANGELES,CA-28,CA-28,911098099,,,AR22,R&D- SPACE: SCIENCE/APPLICATIONS (APPLIED RESEARCH/EXPLORATORY DEVELOPMENT),541715,"RESEARCH AND DEVELOPMENT IN THE PHYSICAL, ENGINEERING, AND LIFE SCIENCES (EXCEPT NANOTECHNOLOGY AND BIOTECHNOLOGY)",,,https://www.usaspending.gov/award/CONT_AWD_80NM0018F0797_8000_80NM0018D0004_8000/,2021-02-07
National Aeronautics and Space Administration,National Aeronautics and Space Administration,FY2021P02,,080,2020,2021,,0120,000,080-2020/2021-0120-000,"Science, National Aeronautics and Space Administration",National Aeronautics and Space Administration,,"General Science, Space, and Technology","Space flight, research, and supporting activities",080-0120,"Science, National Aeronautics and Space Administration",0001,SCIENCE (DIRECT),25.5,Research and development contracts,D,Q,Not Designated Nonemergency/Emergency/Disaster/Wildfire Suppression,,43055.00,,,CONT_AWD_80NM0018F0797_8000_80NM0018D0004_8000,80NM0018F0797,80NM0018D0004,,,2018-08-10,2018,2025-08-06,2025,2018-10-01,2026-09-30,,C,DELIVERY ORDER,,,JPL TECHNICAL SUPPORT TO THE MAVEN PROJECT 40-15537,080,NATIONAL AERONAUTICS AND SPACE ADMINISTRATION (NASA),8000,NATIONAL AERONAUTICS AND SPACE ADMINISTRATION,80NM00,NASA MANAGEMENT OFFICE -- JPL,080,NATIONAL AERONAUTICS AND SPACE ADMINISTRATION (NASA),8000,NATIONAL AERONAUTICS AND SPACE ADMINISTRATION,80NM00,NASA MANAGEMENT OFFICE -- JPL,YC1YP79BFD19,,CALIFORNIA INSTITUTE OF TECHNOLOGY,CALIFORNIA INSTITUTE OF TECHNOLOGY,YC1YP79BFD19,YC1YP79BFD19,CALIFORNIA INSTITUTE OF TECHNOLOGY,CALIFORNIA INSTITUTE OF TECHNOLOGY,USA,CA,LOS ANGELES,PASADENA,CA-28,CA-28,911098001,UNITED STATES,CALIFORNIA,LOS ANGELES,CA-28,CA-28,911098099,,,AR22,R&D- SPACE: SCIENCE/APPLICATIONS (APPLIED RESEARCH/EXPLORATORY DEVELOPMENT),541715,"RESEARCH AND DEVELOPMENT IN THE PHYSICAL, ENGINEERING, AND LIFE SCIENCES (EXCEPT NANOTECHNOLOGY AND BIOTECHNOLOGY)",,,https://www.usaspending.gov/award/CONT_AWD_80NM0018F0797_8000_80NM0018D0004_8000/,2021-02-07
National Aeronautics and Space Administration,National Aeronautics and Space Administration,FY2021P02,,080,2021,2022,,0120,000,080-2021/2022-0120-000,"Science, National Aeronautics and Space Administration",National Aeronautics and Space Administration,,"General Science, Space, and Technology","Space flight, research, and supporting activities",080-0120,"Science, National Aeronautics and Space Administration",0001,SCIENCE (DIRECT),25.5,Research and development contracts,D,Q,Not Designated Nonemergency/Emergency/Disaster/Wildfire Suppression,40000.00,,,,CONT_AWD_80NM0018F0797_8000_80NM0018D0004_8000,80NM0018F0797,80NM0018D0004,,,2018-08-10,2018,2025-08-06,2025,2018-10-01,2026-09-30,,C,DELIVERY ORDER,,,JPL TECHNICAL SUPPORT TO THE MAVEN PROJECT 40-15537,080,NATIONAL AERONAUTICS AND SPACE ADMINISTRATION (NASA),8000,NATIONAL AERONAUTICS AND SPACE ADMINISTRATION,80NM00,NASA MANAGEMENT OFFICE -- JPL,080,NATIONAL AERONAUTICS AND SPACE ADMINISTRATION (NASA),8000,NATIONAL AERONAUTICS AND SPACE ADMINISTRATION,80NM00,NASA MANAGEMENT OFFICE -- JPL,YC1YP79BFD19,,CALIFORNIA INSTITUTE OF TECHNOLOGY,CALIFORNIA INSTITUTE OF TECHNOLOGY,YC1YP79BFD19,YC1YP79BFD19,CALIFORNIA INSTITUTE OF TECHNOLOGY,CALIFORNIA INSTITUTE OF TECHNOLOGY,USA,CA,LOS ANGELES,PASADENA,CA-28,CA-28,911098001,UNITED STATES,CALIFORNIA,LOS ANGELES,CA-28,CA-28,911098099,,,AR22,R&D- SPACE: SCIENCE/APPLICATIONS (APPLIED RESEARCH/EXPLORATORY DEVELOPMENT),541715,"RESEARCH AND DEVELOPMENT IN THE PHYSICAL, ENGINEERING, AND LIFE SCIENCES (EXCEPT NANOTECHNOLOGY AND BIOTECHNOLOGY)",,,https://www.usaspending.gov/award/CONT_AWD_80NM0018F0797_8000_80NM0018D0004_8000/,2021-02-07
National Aeronautics and Space Administration,National Aeronautics and Space Administration,FY2021P04,,080,2020,2021,,0120,000,080-2020/2021-0120-000,"Science, National Aeronautics and Space Administration",National Aeronautics and Space Administration,,"General Science, Space, and Technology","Space flight, research, and supporting activities",080-0120,"Science, National Aeronautics and Space Administration",0001,SCIENCE (DIRECT),25.5,Research and development contracts,D,Q,Not Designated Nonemergency/Emergency/Disaster/Wildfire Suppression,,83835.81,,,CONT_AWD_80NM0018F0797_8000_80NM0018D0004_8000,80NM0018F0797,80NM0018D0004,,,2018-08-10,2018,2025-08-06,2025,2018-10-01,2026-09-30,,C,DELIVERY ORDER,,,JPL TECHNICAL SUPPORT TO THE MAVEN PROJECT 40-15537,080,NATIONAL AERONAUTICS AND SPACE ADMINISTRATION (NASA),8000,NATIONAL AERONAUTICS AND SPACE ADMINISTRATION,80NM00,NASA MANAGEMENT OFFICE -- JPL,080,NATIONAL AERONAUTICS AND SPACE ADMINISTRATION (NASA),8000,NATIONAL AERONAUTICS AND SPACE ADMINISTRATION,80NM00,NASA MANAGEMENT OFFICE -- JPL,YC1YP79BFD19,,CALIFORNIA INSTITUTE OF TECHNOLOGY,CALIFORNIA INSTITUTE OF TECHNOLOGY,YC1YP79BFD19,YC1YP79BFD19,CALIFORNIA INSTITUTE OF TECHNOLOGY,CALIFORNIA INSTITUTE OF TECHNOLOGY,USA,CA,LOS ANGELES,PASADENA,CA-28,CA-28,911098001,UNITED STATES,CALIFORNIA,LOS ANGELES,CA-28,CA-28,911098099,,,AR22,R&D- SPACE: SCIENCE/APPLICATIONS (APPLIED RESEARCH/EXPLORATORY DEVELOPMENT),541715,"RESEARCH AND DEVELOPMENT IN THE PHYSICAL, ENGINEERING, AND LIFE SCIENCES (EXCEPT NANOTECHNOLOGY AND BIOTECHNOLOGY)",,,https://www.usaspending.gov/award/CONT_AWD_80NM0018F0797_8000_80NM0018D0004_8000/,2021-02-26
National Aeronautics and Space Administration,National Aeronautics and Space Administration,FY2018Q4,,080,2018,2019,,0120,000,080-2018/2019-0120-000,"Science, National Aeronautics and Space Administration",National Aeronautics and Space Administration,,"General Science, Space, and Technology","Space flight, research, and supporting activities",080-0120,"Science, National Aeronautics and Space Administration",0001,SCIENCE (DIRECT),25.5,Research and development contracts,D,,,22939.24,,,,CONT_AWD_80NM0018F0797_8000_80NM0018D0004_8000,80NM0018F0797,80NM0018D0004,,,2018-08-10,2018,2025-08-06,2025,2018-10-01,2026-09-30,,C,DELIVERY ORDER,,,JPL TECHNICAL SUPPORT TO THE MAVEN PROJECT 40-15537,080,NATIONAL AERONAUTICS AND SPACE ADMINISTRATION (NASA),8000,NATIONAL AERONAUTICS AND SPACE ADMINISTRATION,80NM00,NASA MANAGEMENT OFFICE -- JPL,080,NATIONAL AERONAUTICS AND SPACE ADMINISTRATION (NASA),8000,NATIONAL AERONAUTICS AND SPACE ADMINISTRATION,80NM00,NASA MANAGEMENT OFFICE -- JPL,YC1YP79BFD19,,CALIFORNIA INSTITUTE OF TECHNOLOGY,CALIFORNIA INSTITUTE OF TECHNOLOGY,YC1YP79BFD19,YC1YP79BFD19,CALIFORNIA INSTITUTE OF TECHNOLOGY,CALIFORNIA INSTITUTE OF TECHNOLOGY,USA,CA,LOS ANGELES,PASADENA,CA-28,CA-28,911098001,UNITED STATES,CALIFORNIA,LOS ANGELES,CA-28,CA-28,911098099,,,AR22,R&D- SPACE: SCIENCE/APPLICATIONS (APPLIED RESEARCH/EXPLORATORY DEVELOPMENT),541715,"RESEARCH AND DEVELOPMENT IN THE PHYSICAL, ENGINEERING, AND LIFE SCIENCES (EXCEPT NANOTECHNOLOGY AND BIOTECHNOLOGY)",,,https://www.usaspending.gov/award/CONT_AWD_80NM0018F0797_8000_80NM0018D0004_8000/,2018-11-13
National Aeronautics and Space Administration,National Aeronautics and Space Administration,FY2018Q4,,080,2018,2019,,0120,000,080-2018/2019-0120-000,"Science, National Aeronautics and Space Administration",National Aeronautics and Space Administration,,"General Science, Space, and Technology","Space flight, research, and supporting activities",080-0120,"Science, National Aeronautics and Space Administration",0001,SCIENCE (DIRECT),25.5,Research and development contracts,D,,,-350000.00,,,,CONT_AWD_80NM0018F0797_8000_80NM0018D0004_8000,80NM0018F0797,80NM0018D0004,,,2018-08-10,2018,2025-08-06,2025,2018-10-01,2026-09-30,,C,DELIVERY ORDER,,,JPL TECHNICAL SUPPORT TO THE MAVEN PROJECT 40-15537,080,NATIONAL AERONAUTICS AND SPACE ADMINISTRATION (NASA),8000,NATIONAL AERONAUTICS AND SPACE ADMINISTRATION,80NM00,NASA MANAGEMENT OFFICE -- JPL,080,NATIONAL AERONAUTICS AND SPACE ADMINISTRATION (NASA),8000,NATIONAL AERONAUTICS AND SPACE ADMINISTRATION,80NM00,NASA MANAGEMENT OFFICE -- JPL,YC1YP79BFD19,,CALIFORNIA INSTITUTE OF TECHNOLOGY,CALIFORNIA INSTITUTE OF TECHNOLOGY,YC1YP79BFD19,YC1YP79BFD19,CALIFORNIA INSTITUTE OF TECHNOLOGY,CALIFORNIA INSTITUTE OF TECHNOLOGY,USA,CA,LOS ANGELES,PASADENA,CA-28,CA-28,911098001,UNITED STATES,CALIFORNIA,LOS ANGELES,CA-28,CA-28,911098099,,,AR22,R&D- SPACE: SCIENCE/APPLICATIONS (APPLIED RESEARCH/EXPLORATORY DEVELOPMENT),541715,"RESEARCH AND DEVELOPMENT IN THE PHYSICAL, ENGINEERING, AND LIFE SCIENCES (EXCEPT NANOTECHNOLOGY AND BIOTECHNOLOGY)",,,https://www.usaspending.gov/award/CONT_AWD_80NM0018F0797_8000_80NM0018D0004_8000/,2018-11-13
National Aeronautics and Space Administration,National Aeronautics and Space Administration,FY2018Q4,,080,2018,2019,,0120,000,080-2018/2019-0120-000,"Science, National Aeronautics and Space Administration",National Aeronautics and Space Administration,,"General Science, Space, and Technology","Space flight, research, and supporting activities",080-0120,"Science, National Aeronautics and Space Administration",0001,SCIENCE (DIRECT),25.5,Research and development contracts,D,,,350000.00,,,,CONT_AWD_80NM0018F0797_8000_80NM0018D0004_8000,80NM0018F0797,80NM0018D0004,,,2018-08-10,2018,2025-08-06,2025,2018-10-01,2026-09-30,,C,DELIVERY ORDER,,,JPL TECHNICAL SUPPORT TO THE MAVEN PROJECT 40-15537,080,NATIONAL AERONAUTICS AND SPACE ADMINISTRATION (NASA),8000,NATIONAL AERONAUTICS AND SPACE ADMINISTRATION,80NM00,NASA MANAGEMENT OFFICE -- JPL,080,NATIONAL AERONAUTICS AND SPACE ADMINISTRATION (NASA),8000,NATIONAL AERONAUTICS AND SPACE ADMINISTRATION,80NM00,NASA MANAGEMENT OFFICE -- JPL,YC1YP79BFD19,,CALIFORNIA INSTITUTE OF TECHNOLOGY,CALIFORNIA INSTITUTE OF TECHNOLOGY,YC1YP79BFD19,YC1YP79BFD19,CALIFORNIA INSTITUTE OF TECHNOLOGY,CALIFORNIA INSTITUTE OF TECHNOLOGY,USA,CA,LOS ANGELES,PASADENA,CA-28,CA-28,911098001,UNITED STATES,CALIFORNIA,LOS ANGELES,CA-28,CA-28,911098099,,,AR22,R&D- SPACE: SCIENCE/APPLICATIONS (APPLIED RESEARCH/EXPLORATORY DEVELOPMENT),541715,"RESEARCH AND DEVELOPMENT IN THE PHYSICAL, ENGINEERING, AND LIFE SCIENCES (EXCEPT NANOTECHNOLOGY AND BIOTECHNOLOGY)",,,https://www.usaspending.gov/award/CONT_AWD_80NM0018F0797_8000_80NM0018D0004_8000/,2018-11-13
National Aeronautics and Space Administration,National Aeronautics and Space Administration,FY2019Q1,,080,2018,2019,,0120,000,080-2018/2019-0120-000,"Science, National Aeronautics and Space Administration",National Aeronautics and Space Administration,,"General Science, Space, and Technology","Space flight, research, and supporting activities",080-0120,"Science, National Aeronautics and Space Administration",0001,SCIENCE (DIRECT),25.5,Research and development contracts,D,,,41204.45,,,,CONT_AWD_80NM0018F0797_8000_80NM0018D0004_8000,80NM0018F0797,80NM0018D0004,,,2018-08-10,2018,2025-08-06,2025,2018-10-01,2026-09-30,,C,DELIVERY ORDER,,,JPL TECHNICAL SUPPORT TO THE MAVEN PROJECT 40-15537,080,NATIONAL AERONAUTICS AND SPACE ADMINISTRATION (NASA),8000,NATIONAL AERONAUTICS AND SPACE ADMINISTRATION,80NM00,NASA MANAGEMENT OFFICE -- JPL,080,NATIONAL AERONAUTICS AND SPACE ADMINISTRATION (NASA),8000,NATIONAL AERONAUTICS AND SPACE ADMINISTRATION,80NM00,NASA MANAGEMENT OFFICE -- JPL,YC1YP79BFD19,,CALIFORNIA INSTITUTE OF TECHNOLOGY,CALIFORNIA INSTITUTE OF TECHNOLOGY,YC1YP79BFD19,YC1YP79BFD19,CALIFORNIA INSTITUTE OF TECHNOLOGY,CALIFORNIA INSTITUTE OF TECHNOLOGY,USA,CA,LOS ANGELES,PASADENA,CA-28,CA-28,911098001,UNITED STATES,CALIFORNIA,LOS ANGELES,CA-28,CA-28,911098099,,,AR22,R&D- SPACE: SCIENCE/APPLICATIONS (APPLIED RESEARCH/EXPLORATORY DEVELOPMENT),541715,"RESEARCH AND DEVELOPMENT IN THE PHYSICAL, ENGINEERING, AND LIFE SCIENCES (EXCEPT NANOTECHNOLOGY AND BIOTECHNOLOGY)",,,https://www.usaspending.gov/award/CONT_AWD_80NM0018F0797_8000_80NM0018D0004_8000/,2019-03-13
National Aeronautics and Space Administration,National Aeronautics and Space Administration,FY2019Q1,,080,2019,2020,,0120,000,080-2019/2020-0120-000,"Science, National Aeronautics and Space Administration",National Aeronautics and Space Administration,,"General Science, Space, and Technology","Space flight, research, and supporting activities",080-0120,"Science, National Aeronautics and Space Administration",0001,SCIENCE (DIRECT),25.5,Research and development contracts,D,,,16063.00,,,,CONT_AWD_80NM0018F0797_8000_80NM0018D0004_8000,80NM0018F0797,80NM0018D0004,,,2018-08-10,2018,2025-08-06,2025,2018-10-01,2026-09-30,,C,DELIVERY ORDER,,,JPL TECHNICAL SUPPORT TO THE MAVEN PROJECT 40-15537,080,NATIONAL AERONAUTICS AND SPACE ADMINISTRATION (NASA),8000,NATIONAL AERONAUTICS AND SPACE ADMINISTRATION,80NM00,NASA MANAGEMENT OFFICE -- JPL,080,NATIONAL AERONAUTICS AND SPACE ADMINISTRATION (NASA),8000,NATIONAL AERONAUTICS AND SPACE ADMINISTRATION,80NM00,NASA MANAGEMENT OFFICE -- JPL,YC1YP79BFD19,,CALIFORNIA INSTITUTE OF TECHNOLOGY,CALIFORNIA INSTITUTE OF TECHNOLOGY,YC1YP79BFD19,YC1YP79BFD19,CALIFORNIA INSTITUTE OF TECHNOLOGY,CALIFORNIA INSTITUTE OF TECHNOLOGY,USA,CA,LOS ANGELES,PASADENA,CA-28,CA-28,911098001,UNITED STATES,CALIFORNIA,LOS ANGELES,CA-28,CA-28,911098099,,,AR22,R&D- SPACE: SCIENCE/APPLICATIONS (APPLIED RESEARCH/EXPLORATORY DEVELOPMENT),541715,"RESEARCH AND DEVELOPMENT IN THE PHYSICAL, ENGINEERING, AND LIFE SCIENCES (EXCEPT NANOTECHNOLOGY AND BIOTECHNOLOGY)",,,https://www.usaspending.gov/award/CONT_AWD_80NM0018F0797_8000_80NM0018D0004_8000/,2019-03-13
National Aeronautics and Space Administration,National Aeronautics and Space Administration,FY2019Q1,,080,2019,2020,,0120,000,080-2019/2020-0120-000,"Science, National Aeronautics and Space Administration",National Aeronautics and Space Administration,,"General Science, Space, and Technology","Space flight, research, and supporting activities",080-0120,"Science, National Aeronautics and Space Administration",0001,SCIENCE (DIRECT),25.5,Research and development contracts,D,,,70937.00,,,,CONT_AWD_80NM0018F0797_8000_80NM0018D0004_8000,80NM0018F0797,80NM0018D0004,,,2018-08-10,2018,2025-08-06,2025,2018-10-01,2026-09-30,,C,DELIVERY ORDER,,,JPL TECHNICAL SUPPORT TO THE MAVEN PROJECT 40-15537,080,NATIONAL AERONAUTICS AND SPACE ADMINISTRATION (NASA),8000,NATIONAL AERONAUTICS AND SPACE ADMINISTRATION,80NM00,NASA MANAGEMENT OFFICE -- JPL,080,NATIONAL AERONAUTICS AND SPACE ADMINISTRATION (NASA),8000,NATIONAL AERONAUTICS AND SPACE ADMINISTRATION,80NM00,NASA MANAGEMENT OFFICE -- JPL,YC1YP79BFD19,,CALIFORNIA INSTITUTE OF TECHNOLOGY,CALIFORNIA INSTITUTE OF TECHNOLOGY,YC1YP79BFD19,YC1YP79BFD19,CALIFORNIA INSTITUTE OF TECHNOLOGY,CALIFORNIA INSTITUTE OF TECHNOLOGY,USA,CA,LOS ANGELES,PASADENA,CA-28,CA-28,911098001,UNITED STATES,CALIFORNIA,LOS ANGELES,CA-28,CA-28,911098099,,,AR22,R&D- SPACE: SCIENCE/APPLICATIONS (APPLIED RESEARCH/EXPLORATORY DEVELOPMENT),541715,"RESEARCH AND DEVELOPMENT IN THE PHYSICAL, ENGINEERING, AND LIFE SCIENCES (EXCEPT NANOTECHNOLOGY AND BIOTECHNOLOGY)",,,https://www.usaspending.gov/award/CONT_AWD_80NM0018F0797_8000_80NM0018D0004_8000/,2019-03-13
National Aeronautics and Space Administration,National Aeronautics and Space Administration,FY2019Q2,,080,2019,2020,,0120,000,080-2019/2020-0120-000,"Science, National Aeronautics and Space Administration",National Aeronautics and Space Administration,,"General Science, Space, and Technology","Space flight, research, and supporting activities",080-0120,"Science, National Aeronautics and Space Administration",0001,SCIENCE (DIRECT),25.5,Research and development contracts,D,,,79000.00,,,,CONT_AWD_80NM0018F0797_8000_80NM0018D0004_8000,80NM0018F0797,80NM0018D0004,,,2018-08-10,2018,2025-08-06,2025,2018-10-01,2026-09-30,,C,DELIVERY ORDER,,,JPL TECHNICAL SUPPORT TO THE MAVEN PROJECT 40-15537,080,NATIONAL AERONAUTICS AND SPACE ADMINISTRATION (NASA),8000,NATIONAL AERONAUTICS AND SPACE ADMINISTRATION,80NM00,NASA MANAGEMENT OFFICE -- JPL,080,NATIONAL AERONAUTICS AND SPACE ADMINISTRATION (NASA),8000,NATIONAL AERONAUTICS AND SPACE ADMINISTRATION,80NM00,NASA MANAGEMENT OFFICE -- JPL,YC1YP79BFD19,,CALIFORNIA INSTITUTE OF TECHNOLOGY,CALIFORNIA INSTITUTE OF TECHNOLOGY,YC1YP79BFD19,YC1YP79BFD19,CALIFORNIA INSTITUTE OF TECHNOLOGY,CALIFORNIA INSTITUTE OF TECHNOLOGY,USA,CA,LOS ANGELES,PASADENA,CA-28,CA-28,911098001,UNITED STATES,CALIFORNIA,LOS ANGELES,CA-28,CA-28,911098099,,,AR22,R&D- SPACE: SCIENCE/APPLICATIONS (APPLIED RESEARCH/EXPLORATORY DEVELOPMENT),541715,"RESEARCH AND DEVELOPMENT IN THE PHYSICAL, ENGINEERING, AND LIFE SCIENCES (EXCEPT NANOTECHNOLOGY AND BIOTECHNOLOGY)",,,https://www.usaspending.gov/award/CONT_AWD_80NM0018F0797_8000_80NM0018D0004_8000/,2019-05-14
National Aeronautics and Space Administration,National Aeronautics and Space Administration,FY2019Q2,,080,2019,2020,,0120,000,080-2019/2020-0120-000,"Science, National Aeronautics and Space Administration",National Aeronautics and Space Administration,,"General Science, Space, and Technology","Space flight, research, and supporting activities",080-0120,"Science, National Aeronautics and Space Administration",0001,SCIENCE (DIRECT),25.5,Research and development contracts,D,,,6500.00,,,,CONT_AWD_80NM0018F0797_8000_80NM0018D0004_8000,80NM0018F0797,80NM0018D0004,,,2018-08-10,2018,2025-08-06,2025,2018-10-01,2026-09-30,,C,DELIVERY ORDER,,,JPL TECHNICAL SUPPORT TO THE MAVEN PROJECT 40-15537,080,NATIONAL AERONAUTICS AND SPACE ADMINISTRATION (NASA),8000,NATIONAL AERONAUTICS AND SPACE ADMINISTRATION,80NM00,NASA MANAGEMENT OFFICE -- JPL,080,NATIONAL AERONAUTICS AND SPACE ADMINISTRATION (NASA),8000,NATIONAL AERONAUTICS AND SPACE ADMINISTRATION,80NM00,NASA MANAGEMENT OFFICE -- JPL,YC1YP79BFD19,,CALIFORNIA INSTITUTE OF TECHNOLOGY,CALIFORNIA INSTITUTE OF TECHNOLOGY,YC1YP79BFD19,YC1YP79BFD19,CALIFORNIA INSTITUTE OF TECHNOLOGY,CALIFORNIA INSTITUTE OF TECHNOLOGY,USA,CA,LOS ANGELES,PASADENA,CA-28,CA-28,911098001,UNITED STATES,CALIFORNIA,LOS ANGELES,CA-28,CA-28,911098099,,,AR22,R&D- SPACE: SCIENCE/APPLICATIONS (APPLIED RESEARCH/EXPLORATORY DEVELOPMENT),541715,"RESEARCH AND DEVELOPMENT IN THE PHYSICAL, ENGINEERING, AND LIFE SCIENCES (EXCEPT NANOTECHNOLOGY AND BIOTECHNOLOGY)",,,https://www.usaspending.gov/award/CONT_AWD_80NM0018F0797_8000_80NM0018D0004_8000/,2019-05-14
National Aeronautics and Space Administration,National Aeronautics and Space Administration,FY2019Q3,,080,2019,2020,,0120,000,080-2019/2020-0120-000,"Science, National Aeronautics and Space Administration",National Aeronautics and Space Administration,,"General Science, Space, and Technology","Space flight, research, and supporting activities",080-0120,"Science, National Aeronautics and Space Administration",0001,SCIENCE (DIRECT),25.5,Research and development contracts,D,,,66500.00,,,,CONT_AWD_80NM0018F0797_8000_80NM0018D0004_8000,80NM0018F0797,80NM0018D0004,,,2018-08-10,2018,2025-08-06,2025,2018-10-01,2026-09-30,,C,DELIVERY ORDER,,,JPL TECHNICAL SUPPORT TO THE MAVEN PROJECT 40-15537,080,NATIONAL AERONAUTICS AND SPACE ADMINISTRATION (NASA),8000,NATIONAL AERONAUTICS AND SPACE ADMINISTRATION,80NM00,NASA MANAGEMENT OFFICE -- JPL,080,NATIONAL AERONAUTICS AND SPACE ADMINISTRATION (NASA),8000,NATIONAL AERONAUTICS AND SPACE ADMINISTRATION,80NM00,NASA MANAGEMENT OFFICE -- JPL,YC1YP79BFD19,,CALIFORNIA INSTITUTE OF TECHNOLOGY,CALIFORNIA INSTITUTE OF TECHNOLOGY,YC1YP79BFD19,YC1YP79BFD19,CALIFORNIA INSTITUTE OF TECHNOLOGY,CALIFORNIA INSTITUTE OF TECHNOLOGY,USA,CA,LOS ANGELES,PASADENA,CA-28,CA-28,911098001,UNITED STATES,CALIFORNIA,LOS ANGELES,CA-28,CA-28,911098099,,,AR22,R&D- SPACE: SCIENCE/APPLICATIONS (APPLIED RESEARCH/EXPLORATORY DEVELOPMENT),541715,"RESEARCH AND DEVELOPMENT IN THE PHYSICAL, ENGINEERING, AND LIFE SCIENCES (EXCEPT NANOTECHNOLOGY AND BIOTECHNOLOGY)",,,https://www.usaspending.gov/award/CONT_AWD_80NM0018F0797_8000_80NM0018D0004_8000/,2019-08-01
National Aeronautics and Space Administration,National Aeronautics and Space Administration,FY2021P05,,080,2020,2021,,0120,000,080-2020/2021-0120-000,"Science, National Aeronautics and Space Administration",National Aeronautics and Space Administration,,"General Science, Space, and Technology","Space flight, research, and supporting activities",080-0120,"Science, National Aeronautics and Space Administration",0001,SCIENCE (DIRECT),25.5,Research and development contracts,D,Q,Not Designated Nonemergency/Emergency/Disaster/Wildfire Suppression,,97263.32,,,CONT_AWD_80NM0018F0797_8000_80NM0018D0004_8000,80NM0018F0797,80NM0018D0004,,,2018-08-10,2018,2025-08-06,2025,2018-10-01,2026-09-30,,C,DELIVERY ORDER,,,JPL TECHNICAL SUPPORT TO THE MAVEN PROJECT 40-15537,080,NATIONAL AERONAUTICS AND SPACE ADMINISTRATION (NASA),8000,NATIONAL AERONAUTICS AND SPACE ADMINISTRATION,80NM00,NASA MANAGEMENT OFFICE -- JPL,080,NATIONAL AERONAUTICS AND SPACE ADMINISTRATION (NASA),8000,NATIONAL AERONAUTICS AND SPACE ADMINISTRATION,80NM00,NASA MANAGEMENT OFFICE -- JPL,YC1YP79BFD19,,CALIFORNIA INSTITUTE OF TECHNOLOGY,CALIFORNIA INSTITUTE OF TECHNOLOGY,YC1YP79BFD19,YC1YP79BFD19,CALIFORNIA INSTITUTE OF TECHNOLOGY,CALIFORNIA INSTITUTE OF TECHNOLOGY,USA,CA,LOS ANGELES,PASADENA,CA-28,CA-28,911098001,UNITED STATES,CALIFORNIA,LOS ANGELES,CA-28,CA-28,911098099,,,AR22,R&D- SPACE: SCIENCE/APPLICATIONS (APPLIED RESEARCH/EXPLORATORY DEVELOPMENT),541715,"RESEARCH AND DEVELOPMENT IN THE PHYSICAL, ENGINEERING, AND LIFE SCIENCES (EXCEPT NANOTECHNOLOGY AND BIOTECHNOLOGY)",,,https://www.usaspending.gov/award/CONT_AWD_80NM0018F0797_8000_80NM0018D0004_8000/,2021-03-26
National Aeronautics and Space Administration,National Aeronautics and Space Administration,FY2021P05,,080,2021,2022,,0120,000,080-2021/2022-0120-000,"Science, National Aeronautics and Space Administration",National Aeronautics and Space Administration,,"General Science, Space, and Technology","Space flight, research, and supporting activities",080-0120,"Science, National Aeronautics and Space Administration",0001,SCIENCE (DIRECT),25.5,Research and development contracts,D,Q,Not Designated Nonemergency/Emergency/Disaster/Wildfire Suppression,96992.00,,,,CONT_AWD_80NM0018F0797_8000_80NM0018D0004_8000,80NM0018F0797,80NM0018D0004,,,2018-08-10,2018,2025-08-06,2025,2018-10-01,2026-09-30,,C,DELIVERY ORDER,,,JPL TECHNICAL SUPPORT TO THE MAVEN PROJECT 40-15537,080,NATIONAL AERONAUTICS AND SPACE ADMINISTRATION (NASA),8000,NATIONAL AERONAUTICS AND SPACE ADMINISTRATION,80NM00,NASA MANAGEMENT OFFICE -- JPL,080,NATIONAL AERONAUTICS AND SPACE ADMINISTRATION (NASA),8000,NATIONAL AERONAUTICS AND SPACE ADMINISTRATION,80NM00,NASA MANAGEMENT OFFICE -- JPL,YC1YP79BFD19,,CALIFORNIA INSTITUTE OF TECHNOLOGY,CALIFORNIA INSTITUTE OF TECHNOLOGY,YC1YP79BFD19,YC1YP79BFD19,CALIFORNIA INSTITUTE OF TECHNOLOGY,CALIFORNIA INSTITUTE OF TECHNOLOGY,USA,CA,LOS ANGELES,PASADENA,CA-28,CA-28,911098001,UNITED STATES,CALIFORNIA,LOS ANGELES,CA-28,CA-28,911098099,,,AR22,R&D- SPACE: SCIENCE/APPLICATIONS (APPLIED RESEARCH/EXPLORATORY DEVELOPMENT),541715,"RESEARCH AND DEVELOPMENT IN THE PHYSICAL, ENGINEERING, AND LIFE SCIENCES (EXCEPT NANOTECHNOLOGY AND BIOTECHNOLOGY)",,,https://www.usaspending.gov/award/CONT_AWD_80NM0018F0797_8000_80NM0018D0004_8000/,2021-03-26
National Aeronautics and Space Administration,National Aeronautics and Space Administration,FY2021P06,,080,2020,2021,,0120,000,080-2020/2021-0120-000,"Science, National Aeronautics and Space Administration",National Aeronautics and Space Administration,,"General Science, Space, and Technology","Space flight, research, and supporting activities",080-0120,"Science, National Aeronautics and Space Administration",0001,SCIENCE (DIRECT),25.5,Research and development contracts,D,Q,Not Designated Nonemergency/Emergency/Disaster/Wildfire Suppression,,104961.99,,,CONT_AWD_80NM0018F0797_8000_80NM0018D0004_8000,80NM0018F0797,80NM0018D0004,,,2018-08-10,2018,2025-08-06,2025,2018-10-01,2026-09-30,,C,DELIVERY ORDER,,,JPL TECHNICAL SUPPORT TO THE MAVEN PROJECT 40-15537,080,NATIONAL AERONAUTICS AND SPACE ADMINISTRATION (NASA),8000,NATIONAL AERONAUTICS AND SPACE ADMINISTRATION,80NM00,NASA MANAGEMENT OFFICE -- JPL,080,NATIONAL AERONAUTICS AND SPACE ADMINISTRATION (NASA),8000,NATIONAL AERONAUTICS AND SPACE ADMINISTRATION,80NM00,NASA MANAGEMENT OFFICE -- JPL,YC1YP79BFD19,,CALIFORNIA INSTITUTE OF TECHNOLOGY,CALIFORNIA INSTITUTE OF TECHNOLOGY,YC1YP79BFD19,YC1YP79BFD19,CALIFORNIA INSTITUTE OF TECHNOLOGY,CALIFORNIA INSTITUTE OF TECHNOLOGY,USA,CA,LOS ANGELES,PASADENA,CA-28,CA-28,911098001,UNITED STATES,CALIFORNIA,LOS ANGELES,CA-28,CA-28,911098099,,,AR22,R&D- SPACE: SCIENCE/APPLICATIONS (APPLIED RESEARCH/EXPLORATORY DEVELOPMENT),541715,"RESEARCH AND DEVELOPMENT IN THE PHYSICAL, ENGINEERING, AND LIFE SCIENCES (EXCEPT NANOTECHNOLOGY AND BIOTECHNOLOGY)",,,https://www.usaspending.gov/award/CONT_AWD_80NM0018F0797_8000_80NM0018D0004_8000/,2021-04-25
National Aeronautics and Space Administration,National Aeronautics and Space Administration,FY2021P06,,080,2021,2022,,0120,000,080-2021/2022-0120-000,"Science, National Aeronautics and Space Administration",National Aeronautics and Space Administration,,"General Science, Space, and Technology","Space flight, research, and supporting activities",080-0120,"Science, National Aeronautics and Space Administration",0001,SCIENCE (DIRECT),25.5,Research and development contracts,D,Q,Not Designated Nonemergency/Emergency/Disaster/Wildfire Suppression,,20757.09,,,CONT_AWD_80NM0018F0797_8000_80NM0018D0004_8000,80NM0018F0797,80NM0018D0004,,,2018-08-10,2018,2025-08-06,2025,2018-10-01,2026-09-30,,C,DELIVERY ORDER,,,JPL TECHNICAL SUPPORT TO THE MAVEN PROJECT 40-15537,080,NATIONAL AERONAUTICS AND SPACE ADMINISTRATION (NASA),8000,NATIONAL AERONAUTICS AND SPACE ADMINISTRATION,80NM00,NASA MANAGEMENT OFFICE -- JPL,080,NATIONAL AERONAUTICS AND SPACE ADMINISTRATION (NASA),8000,NATIONAL AERONAUTICS AND SPACE ADMINISTRATION,80NM00,NASA MANAGEMENT OFFICE -- JPL,YC1YP79BFD19,,CALIFORNIA INSTITUTE OF TECHNOLOGY,CALIFORNIA INSTITUTE OF TECHNOLOGY,YC1YP79BFD19,YC1YP79BFD19,CALIFORNIA INSTITUTE OF TECHNOLOGY,CALIFORNIA INSTITUTE OF TECHNOLOGY,USA,CA,LOS ANGELES,PASADENA,CA-28,CA-28,911098001,UNITED STATES,CALIFORNIA,LOS ANGELES,CA-28,CA-28,911098099,,,AR22,R&D- SPACE: SCIENCE/APPLICATIONS (APPLIED RESEARCH/EXPLORATORY DEVELOPMENT),541715,"RESEARCH AND DEVELOPMENT IN THE PHYSICAL, ENGINEERING, AND LIFE SCIENCES (EXCEPT NANOTECHNOLOGY AND BIOTECHNOLOGY)",,,https://www.usaspending.gov/award/CONT_AWD_80NM0018F0797_8000_80NM0018D0004_8000/,2021-04-25
National Aeronautics and Space Administration,National Aeronautics and Space Administration,FY2021P07,,080,2020,2021,,0120,000,080-2020/2021-0120-000,"Science, National Aeronautics and Space Administration",National Aeronautics and Space Administration,,"General Science, Space, and Technology","Space flight, research, and supporting activities",080-0120,"Science, National Aeronautics and Space Administration",0001,SCIENCE (DIRECT),25.5,Research and development contracts,D,Q,Not Designated Nonemergency/Emergency/Disaster/Wildfire Suppression,,104961.99,,,CONT_AWD_80NM0018F0797_8000_80NM0018D0004_8000,80NM0018F0797,80NM0018D0004,,,2018-08-10,2018,2025-08-06,2025,2018-10-01,2026-09-30,,C,DELIVERY ORDER,,,JPL TECHNICAL SUPPORT TO THE MAVEN PROJECT 40-15537,080,NATIONAL AERONAUTICS AND SPACE ADMINISTRATION (NASA),8000,NATIONAL AERONAUTICS AND SPACE ADMINISTRATION,80NM00,NASA MANAGEMENT OFFICE -- JPL,080,NATIONAL AERONAUTICS AND SPACE ADMINISTRATION (NASA),8000,NATIONAL AERONAUTICS AND SPACE ADMINISTRATION,80NM00,NASA MANAGEMENT OFFICE -- JPL,YC1YP79BFD19,,CALIFORNIA INSTITUTE OF TECHNOLOGY,CALIFORNIA INSTITUTE OF TECHNOLOGY,YC1YP79BFD19,YC1YP79BFD19,CALIFORNIA INSTITUTE OF TECHNOLOGY,CALIFORNIA INSTITUTE OF TECHNOLOGY,USA,CA,LOS ANGELES,PASADENA,CA-28,CA-28,911098001,UNITED STATES,CALIFORNIA,LOS ANGELES,CA-28,CA-28,911098099,,,AR22,R&D- SPACE: SCIENCE/APPLICATIONS (APPLIED RESEARCH/EXPLORATORY DEVELOPMENT),541715,"RESEARCH AND DEVELOPMENT IN THE PHYSICAL, ENGINEERING, AND LIFE SCIENCES (EXCEPT NANOTECHNOLOGY AND BIOTECHNOLOGY)",,,https://www.usaspending.gov/award/CONT_AWD_80NM0018F0797_8000_80NM0018D0004_8000/,2021-05-26
National Aeronautics and Space Administration,National Aeronautics and Space Administration,FY2021P07,,080,2021,2022,,0120,000,080-2021/2022-0120-000,"Science, National Aeronautics and Space Administration",National Aeronautics and Space Administration,,"General Science, Space, and Technology","Space flight, research, and supporting activities",080-0120,"Science, National Aeronautics and Space Administration",0001,SCIENCE (DIRECT),25.5,Research and development contracts,D,Q,Not Designated Nonemergency/Emergency/Disaster/Wildfire Suppression,,39519.97,,,CONT_AWD_80NM0018F0797_8000_80NM0018D0004_8000,80NM0018F0797,80NM0018D0004,,,2018-08-10,2018,2025-08-06,2025,2018-10-01,2026-09-30,,C,DELIVERY ORDER,,,JPL TECHNICAL SUPPORT TO THE MAVEN PROJECT 40-15537,080,NATIONAL AERONAUTICS AND SPACE ADMINISTRATION (NASA),8000,NATIONAL AERONAUTICS AND SPACE ADMINISTRATION,80NM00,NASA MANAGEMENT OFFICE -- JPL,080,NATIONAL AERONAUTICS AND SPACE ADMINISTRATION (NASA),8000,NATIONAL AERONAUTICS AND SPACE ADMINISTRATION,80NM00,NASA MANAGEMENT OFFICE -- JPL,YC1YP79BFD19,,CALIFORNIA INSTITUTE OF TECHNOLOGY,CALIFORNIA INSTITUTE OF TECHNOLOGY,YC1YP79BFD19,YC1YP79BFD19,CALIFORNIA INSTITUTE OF TECHNOLOGY,CALIFORNIA INSTITUTE OF TECHNOLOGY,USA,CA,LOS ANGELES,PASADENA,CA-28,CA-28,911098001,UNITED STATES,CALIFORNIA,LOS ANGELES,CA-28,CA-28,911098099,,,AR22,R&D- SPACE: SCIENCE/APPLICATIONS (APPLIED RESEARCH/EXPLORATORY DEVELOPMENT),541715,"RESEARCH AND DEVELOPMENT IN THE PHYSICAL, ENGINEERING, AND LIFE SCIENCES (EXCEPT NANOTECHNOLOGY AND BIOTECHNOLOGY)",,,https://www.usaspending.gov/award/CONT_AWD_80NM0018F0797_8000_80NM0018D0004_8000/,2021-05-26
National Aeronautics and Space Administration,National Aeronautics and Space Administration,FY2021P08,,080,2021,2022,,0120,000,080-2021/2022-0120-000,"Science, National Aeronautics and Space Administration",National Aeronautics and Space Administration,,"General Science, Space, and Technology","Space flight, research, and supporting activities",080-0120,"Science, National Aeronautics and Space Administration",0001,SCIENCE (DIRECT),25.5,Research and development contracts,D,Q,Not Designated Nonemergency/Emergency/Disaster/Wildfire Suppression,,55912.06,,,CONT_AWD_80NM0018F0797_8000_80NM0018D0004_8000,80NM0018F0797,80NM0018D0004,,,2018-08-10,2018,2025-08-06,2025,2018-10-01,2026-09-30,,C,DELIVERY ORDER,,,JPL TECHNICAL SUPPORT TO THE MAVEN PROJECT 40-15537,080,NATIONAL AERONAUTICS AND SPACE ADMINISTRATION (NASA),8000,NATIONAL AERONAUTICS AND SPACE ADMINISTRATION,80NM00,NASA MANAGEMENT OFFICE -- JPL,080,NATIONAL AERONAUTICS AND SPACE ADMINISTRATION (NASA),8000,NATIONAL AERONAUTICS AND SPACE ADMINISTRATION,80NM00,NASA MANAGEMENT OFFICE -- JPL,YC1YP79BFD19,,CALIFORNIA INSTITUTE OF TECHNOLOGY,CALIFORNIA INSTITUTE OF TECHNOLOGY,YC1YP79BFD19,YC1YP79BFD19,CALIFORNIA INSTITUTE OF TECHNOLOGY,CALIFORNIA INSTITUTE OF TECHNOLOGY,USA,CA,LOS ANGELES,PASADENA,CA-28,CA-28,911098001,UNITED STATES,CALIFORNIA,LOS ANGELES,CA-28,CA-28,911098099,,,AR22,R&D- SPACE: SCIENCE/APPLICATIONS (APPLIED RESEARCH/EXPLORATORY DEVELOPMENT),541715,"RESEARCH AND DEVELOPMENT IN THE PHYSICAL, ENGINEERING, AND LIFE SCIENCES (EXCEPT NANOTECHNOLOGY AND BIOTECHNOLOGY)",,,https://www.usaspending.gov/award/CONT_AWD_80NM0018F0797_8000_80NM0018D0004_8000/,2021-06-25
National Aeronautics and Space Administration,National Aeronautics and Space Administration,FY2021P08,,080,2020,2021,,0120,000,080-2020/2021-0120-000,"Science, National Aeronautics and Space Administration",National Aeronautics and Space Administration,,"General Science, Space, and Technology","Space flight, research, and supporting activities",080-0120,"Science, National Aeronautics and Space Administration",0001,SCIENCE (DIRECT),25.5,Research and development contracts,D,Q,Not Designated Nonemergency/Emergency/Disaster/Wildfire Suppression,,104961.99,,,CONT_AWD_80NM0018F0797_8000_80NM0018D0004_8000,80NM0018F0797,80NM0018D0004,,,2018-08-10,2018,2025-08-06,2025,2018-10-01,2026-09-30,,C,DELIVERY ORDER,,,JPL TECHNICAL SUPPORT TO THE MAVEN PROJECT 40-15537,080,NATIONAL AERONAUTICS AND SPACE ADMINISTRATION (NASA),8000,NATIONAL AERONAUTICS AND SPACE ADMINISTRATION,80NM00,NASA MANAGEMENT OFFICE -- JPL,080,NATIONAL AERONAUTICS AND SPACE ADMINISTRATION (NASA),8000,NATIONAL AERONAUTICS AND SPACE ADMINISTRATION,80NM00,NASA MANAGEMENT OFFICE -- JPL,YC1YP79BFD19,,CALIFORNIA INSTITUTE OF TECHNOLOGY,CALIFORNIA INSTITUTE OF TECHNOLOGY,YC1YP79BFD19,YC1YP79BFD19,CALIFORNIA INSTITUTE OF TECHNOLOGY,CALIFORNIA INSTITUTE OF TECHNOLOGY,USA,CA,LOS ANGELES,PASADENA,CA-28,CA-28,911098001,UNITED STATES,CALIFORNIA,LOS ANGELES,CA-28,CA-28,911098099,,,AR22,R&D- SPACE: SCIENCE/APPLICATIONS (APPLIED RESEARCH/EXPLORATORY DEVELOPMENT),541715,"RESEARCH AND DEVELOPMENT IN THE PHYSICAL, ENGINEERING, AND LIFE SCIENCES (EXCEPT NANOTECHNOLOGY AND BIOTECHNOLOGY)",,,https://www.usaspending.gov/award/CONT_AWD_80NM0018F0797_8000_80NM0018D0004_8000/,2021-06-25
National Aeronautics and Space Administration,National Aeronautics and Space Administration,FY2021P09,,080,2020,2021,,0120,000,080-2020/2021-0120-000,"Science, National Aeronautics and Space Administration",National Aeronautics and Space Administration,,"General Science, Space, and Technology","Space flight, research, and supporting activities",080-0120,"Science, National Aeronautics and Space Administration",0001,SCIENCE (DIRECT),25.5,Research and development contracts,D,Q,Not Designated Nonemergency/Emergency/Disaster/Wildfire Suppression,,104961.99,,,CONT_AWD_80NM0018F0797_8000_80NM0018D0004_8000,80NM0018F0797,80NM0018D0004,,,2018-08-10,2018,2025-08-06,2025,2018-10-01,2026-09-30,,C,DELIVERY ORDER,,,JPL TECHNICAL SUPPORT TO THE MAVEN PROJECT 40-15537,080,NATIONAL AERONAUTICS AND SPACE ADMINISTRATION (NASA),8000,NATIONAL AERONAUTICS AND SPACE ADMINISTRATION,80NM00,NASA MANAGEMENT OFFICE -- JPL,080,NATIONAL AERONAUTICS AND SPACE ADMINISTRATION (NASA),8000,NATIONAL AERONAUTICS AND SPACE ADMINISTRATION,80NM00,NASA MANAGEMENT OFFICE -- JPL,YC1YP79BFD19,,CALIFORNIA INSTITUTE OF TECHNOLOGY,CALIFORNIA INSTITUTE OF TECHNOLOGY,YC1YP79BFD19,YC1YP79BFD19,CALIFORNIA INSTITUTE OF TECHNOLOGY,CALIFORNIA INSTITUTE OF TECHNOLOGY,USA,CA,LOS ANGELES,PASADENA,CA-28,CA-28,911098001,UNITED STATES,CALIFORNIA,LOS ANGELES,CA-28,CA-28,911098099,,,AR22,R&D- SPACE: SCIENCE/APPLICATIONS (APPLIED RESEARCH/EXPLORATORY DEVELOPMENT),541715,"RESEARCH AND DEVELOPMENT IN THE PHYSICAL, ENGINEERING, AND LIFE SCIENCES (EXCEPT NANOTECHNOLOGY AND BIOTECHNOLOGY)",,,https://www.usaspending.gov/award/CONT_AWD_80NM0018F0797_8000_80NM0018D0004_8000/,2021-07-27
National Aeronautics and Space Administration,National Aeronautics and Space Administration,FY2021P09,,080,2021,2022,,0120,000,080-2021/2022-0120-000,"Science, National Aeronautics and Space Administration",National Aeronautics and Space Administration,,"General Science, Space, and Technology","Space flight, research, and supporting activities",080-0120,"Science, National Aeronautics and Space Administration",0001,SCIENCE (DIRECT),25.5,Research and development contracts,D,Q,Not Designated Nonemergency/Emergency/Disaster/Wildfire Suppression,,67279.83,,,CONT_AWD_80NM0018F0797_8000_80NM0018D0004_8000,80NM0018F0797,80NM0018D0004,,,2018-08-10,2018,2025-08-06,2025,2018-10-01,2026-09-30,,C,DELIVERY ORDER,,,JPL TECHNICAL SUPPORT TO THE MAVEN PROJECT 40-15537,080,NATIONAL AERONAUTICS AND SPACE ADMINISTRATION (NASA),8000,NATIONAL AERONAUTICS AND SPACE ADMINISTRATION,80NM00,NASA MANAGEMENT OFFICE -- JPL,080,NATIONAL AERONAUTICS AND SPACE ADMINISTRATION (NASA),8000,NATIONAL AERONAUTICS AND SPACE ADMINISTRATION,80NM00,NASA MANAGEMENT OFFICE -- JPL,YC1YP79BFD19,,CALIFORNIA INSTITUTE OF TECHNOLOGY,CALIFORNIA INSTITUTE OF TECHNOLOGY,YC1YP79BFD19,YC1YP79BFD19,CALIFORNIA INSTITUTE OF TECHNOLOGY,CALIFORNIA INSTITUTE OF TECHNOLOGY,USA,CA,LOS ANGELES,PASADENA,CA-28,CA-28,911098001,UNITED STATES,CALIFORNIA,LOS ANGELES,CA-28,CA-28,911098099,,,AR22,R&D- SPACE: SCIENCE/APPLICATIONS (APPLIED RESEARCH/EXPLORATORY DEVELOPMENT),541715,"RESEARCH AND DEVELOPMENT IN THE PHYSICAL, ENGINEERING, AND LIFE SCIENCES (EXCEPT NANOTECHNOLOGY AND BIOTECHNOLOGY)",,,https://www.usaspending.gov/award/CONT_AWD_80NM0018F0797_8000_80NM0018D0004_8000/,2021-07-27
National Aeronautics and Space Administration,National Aeronautics and Space Administration,FY2021P10,,080,2020,2021,,0120,000,080-2020/2021-0120-000,"Science, National Aeronautics and Space Administration",National Aeronautics and Space Administration,,"General Science, Space, and Technology","Space flight, research, and supporting activities",080-0120,"Science, National Aeronautics and Space Administration",0001,SCIENCE (DIRECT),25.5,Research and development contracts,D,Q,Not Designated Nonemergency/Emergency/Disaster/Wildfire Suppression,,104961.99,,,CONT_AWD_80NM0018F0797_8000_80NM0018D0004_8000,80NM0018F0797,80NM0018D0004,,,2018-08-10,2018,2025-08-06,2025,2018-10-01,2026-09-30,,C,DELIVERY ORDER,,,JPL TECHNICAL SUPPORT TO THE MAVEN PROJECT 40-15537,080,NATIONAL AERONAUTICS AND SPACE ADMINISTRATION (NASA),8000,NATIONAL AERONAUTICS AND SPACE ADMINISTRATION,80NM00,NASA MANAGEMENT OFFICE -- JPL,080,NATIONAL AERONAUTICS AND SPACE ADMINISTRATION (NASA),8000,NATIONAL AERONAUTICS AND SPACE ADMINISTRATION,80NM00,NASA MANAGEMENT OFFICE -- JPL,YC1YP79BFD19,,CALIFORNIA INSTITUTE OF TECHNOLOGY,CALIFORNIA INSTITUTE OF TECHNOLOGY,YC1YP79BFD19,YC1YP79BFD19,CALIFORNIA INSTITUTE OF TECHNOLOGY,CALIFORNIA INSTITUTE OF TECHNOLOGY,USA,CA,LOS ANGELES,PASADENA,CA-28,CA-28,911098001,UNITED STATES,CALIFORNIA,LOS ANGELES,CA-28,CA-28,911098099,,,AR22,R&D- SPACE: SCIENCE/APPLICATIONS (APPLIED RESEARCH/EXPLORATORY DEVELOPMENT),541715,"RESEARCH AND DEVELOPMENT IN THE PHYSICAL, ENGINEERING, AND LIFE SCIENCES (EXCEPT NANOTECHNOLOGY AND BIOTECHNOLOGY)",,,https://www.usaspending.gov/award/CONT_AWD_80NM0018F0797_8000_80NM0018D0004_8000/,2021-08-27
National Aeronautics and Space Administration,National Aeronautics and Space Administration,FY2021P10,,080,2021,2022,,0120,000,080-2021/2022-0120-000,"Science, National Aeronautics and Space Administration",National Aeronautics and Space Administration,,"General Science, Space, and Technology","Space flight, research, and supporting activities",080-0120,"Science, National Aeronautics and Space Administration",0001,SCIENCE (DIRECT),25.5,Research and development contracts,D,Q,Not Designated Nonemergency/Emergency/Disaster/Wildfire Suppression,25000.00,,,,CONT_AWD_80NM0018F0797_8000_80NM0018D0004_8000,80NM0018F0797,80NM0018D0004,,,2018-08-10,2018,2025-08-06,2025,2018-10-01,2026-09-30,,C,DELIVERY ORDER,,,JPL TECHNICAL SUPPORT TO THE MAVEN PROJECT 40-15537,080,NATIONAL AERONAUTICS AND SPACE ADMINISTRATION (NASA),8000,NATIONAL AERONAUTICS AND SPACE ADMINISTRATION,80NM00,NASA MANAGEMENT OFFICE -- JPL,080,NATIONAL AERONAUTICS AND SPACE ADMINISTRATION (NASA),8000,NATIONAL AERONAUTICS AND SPACE ADMINISTRATION,80NM00,NASA MANAGEMENT OFFICE -- JPL,YC1YP79BFD19,,CALIFORNIA INSTITUTE OF TECHNOLOGY,CALIFORNIA INSTITUTE OF TECHNOLOGY,YC1YP79BFD19,YC1YP79BFD19,CALIFORNIA INSTITUTE OF TECHNOLOGY,CALIFORNIA INSTITUTE OF TECHNOLOGY,USA,CA,LOS ANGELES,PASADENA,CA-28,CA-28,911098001,UNITED STATES,CALIFORNIA,LOS ANGELES,CA-28,CA-28,911098099,,,AR22,R&D- SPACE: SCIENCE/APPLICATIONS (APPLIED RESEARCH/EXPLORATORY DEVELOPMENT),541715,"RESEARCH AND DEVELOPMENT IN THE PHYSICAL, ENGINEERING, AND LIFE SCIENCES (EXCEPT NANOTECHNOLOGY AND BIOTECHNOLOGY)",,,https://www.usaspending.gov/award/CONT_AWD_80NM0018F0797_8000_80NM0018D0004_8000/,2021-08-27
National Aeronautics and Space Administration,National Aeronautics and Space Administration,FY2021P10,,080,2021,2022,,0120,000,080-2021/2022-0120-000,"Science, National Aeronautics and Space Administration",National Aeronautics and Space Administration,,"General Science, Space, and Technology","Space flight, research, and supporting activities",080-0120,"Science, National Aeronautics and Space Administration",0001,SCIENCE (DIRECT),25.5,Research and development contracts,D,Q,Not Designated Nonemergency/Emergency/Disaster/Wildfire Suppression,,76115.07,,,CONT_AWD_80NM0018F0797_8000_80NM0018D0004_8000,80NM0018F0797,80NM0018D0004,,,2018-08-10,2018,2025-08-06,2025,2018-10-01,2026-09-30,,C,DELIVERY ORDER,,,JPL TECHNICAL SUPPORT TO THE MAVEN PROJECT 40-15537,080,NATIONAL AERONAUTICS AND SPACE ADMINISTRATION (NASA),8000,NATIONAL AERONAUTICS AND SPACE ADMINISTRATION,80NM00,NASA MANAGEMENT OFFICE -- JPL,080,NATIONAL AERONAUTICS AND SPACE ADMINISTRATION (NASA),8000,NATIONAL AERONAUTICS AND SPACE ADMINISTRATION,80NM00,NASA MANAGEMENT OFFICE -- JPL,YC1YP79BFD19,,CALIFORNIA INSTITUTE OF TECHNOLOGY,CALIFORNIA INSTITUTE OF TECHNOLOGY,YC1YP79BFD19,YC1YP79BFD19,CALIFORNIA INSTITUTE OF TECHNOLOGY,CALIFORNIA INSTITUTE OF TECHNOLOGY,USA,CA,LOS ANGELES,PASADENA,CA-28,CA-28,911098001,UNITED STATES,CALIFORNIA,LOS ANGELES,CA-28,CA-28,911098099,,,AR22,R&D- SPACE: SCIENCE/APPLICATIONS (APPLIED RESEARCH/EXPLORATORY DEVELOPMENT),541715,"RESEARCH AND DEVELOPMENT IN THE PHYSICAL, ENGINEERING, AND LIFE SCIENCES (EXCEPT NANOTECHNOLOGY AND BIOTECHNOLOGY)",,,https://www.usaspending.gov/award/CONT_AWD_80NM0018F0797_8000_80NM0018D0004_8000/,2021-08-27
National Aeronautics and Space Administration,National Aeronautics and Space Administration,FY2021P11,,080,2021,2022,,0120,000,080-2021/2022-0120-000,"Science, National Aeronautics and Space Administration",National Aeronautics and Space Administration,,"General Science, Space, and Technology","Space flight, research, and supporting activities",080-0120,"Science, National Aeronautics and Space Administration",0001,SCIENCE (DIRECT),25.5,Research and development contracts,D,Q,Not Designated Nonemergency/Emergency/Disaster/Wildfire Suppression,,96163.90,,,CONT_AWD_80NM0018F0797_8000_80NM0018D0004_8000,80NM0018F0797,80NM0018D0004,,,2018-08-10,2018,2025-08-06,2025,2018-10-01,2026-09-30,,C,DELIVERY ORDER,,,JPL TECHNICAL SUPPORT TO THE MAVEN PROJECT 40-15537,080,NATIONAL AERONAUTICS AND SPACE ADMINISTRATION (NASA),8000,NATIONAL AERONAUTICS AND SPACE ADMINISTRATION,80NM00,NASA MANAGEMENT OFFICE -- JPL,080,NATIONAL AERONAUTICS AND SPACE ADMINISTRATION (NASA),8000,NATIONAL AERONAUTICS AND SPACE ADMINISTRATION,80NM00,NASA MANAGEMENT OFFICE -- JPL,YC1YP79BFD19,,CALIFORNIA INSTITUTE OF TECHNOLOGY,CALIFORNIA INSTITUTE OF TECHNOLOGY,YC1YP79BFD19,YC1YP79BFD19,CALIFORNIA INSTITUTE OF TECHNOLOGY,CALIFORNIA INSTITUTE OF TECHNOLOGY,USA,CA,LOS ANGELES,PASADENA,CA-28,CA-28,911098001,UNITED STATES,CALIFORNIA,LOS ANGELES,CA-28,CA-28,911098099,,,AR22,R&D- SPACE: SCIENCE/APPLICATIONS (APPLIED RESEARCH/EXPLORATORY DEVELOPMENT),541715,"RESEARCH AND DEVELOPMENT IN THE PHYSICAL, ENGINEERING, AND LIFE SCIENCES (EXCEPT NANOTECHNOLOGY AND BIOTECHNOLOGY)",,,https://www.usaspending.gov/award/CONT_AWD_80NM0018F0797_8000_80NM0018D0004_8000/,2021-09-22
National Aeronautics and Space Administration,National Aeronautics and Space Administration,FY2021P11,,080,2020,2021,,0120,000,080-2020/2021-0120-000,"Science, National Aeronautics and Space Administration",National Aeronautics and Space Administration,,"General Science, Space, and Technology","Space flight, research, and supporting activities",080-0120,"Science, National Aeronautics and Space Administration",0001,SCIENCE (DIRECT),25.5,Research and development contracts,D,Q,Not Designated Nonemergency/Emergency/Disaster/Wildfire Suppression,,104961.99,,,CONT_AWD_80NM0018F0797_8000_80NM0018D0004_8000,80NM0018F0797,80NM0018D0004,,,2018-08-10,2018,2025-08-06,2025,2018-10-01,2026-09-30,,C,DELIVERY ORDER,,,JPL TECHNICAL SUPPORT TO THE MAVEN PROJECT 40-15537,080,NATIONAL AERONAUTICS AND SPACE ADMINISTRATION (NASA),8000,NATIONAL AERONAUTICS AND SPACE ADMINISTRATION,80NM00,NASA MANAGEMENT OFFICE -- JPL,080,NATIONAL AERONAUTICS AND SPACE ADMINISTRATION (NASA),8000,NATIONAL AERONAUTICS AND SPACE ADMINISTRATION,80NM00,NASA MANAGEMENT OFFICE -- JPL,YC1YP79BFD19,,CALIFORNIA INSTITUTE OF TECHNOLOGY,CALIFORNIA INSTITUTE OF TECHNOLOGY,YC1YP79BFD19,YC1YP79BFD19,CALIFORNIA INSTITUTE OF TECHNOLOGY,CALIFORNIA INSTITUTE OF TECHNOLOGY,USA,CA,LOS ANGELES,PASADENA,CA-28,CA-28,911098001,UNITED STATES,CALIFORNIA,LOS ANGELES,CA-28,CA-28,911098099,,,AR22,R&D- SPACE: SCIENCE/APPLICATIONS (APPLIED RESEARCH/EXPLORATORY DEVELOPMENT),541715,"RESEARCH AND DEVELOPMENT IN THE PHYSICAL, ENGINEERING, AND LIFE SCIENCES (EXCEPT NANOTECHNOLOGY AND BIOTECHNOLOGY)",,,https://www.usaspending.gov/award/CONT_AWD_80NM0018F0797_8000_80NM0018D0004_8000/,2021-09-22
National Aeronautics and Space Administration,National Aeronautics and Space Administration,FY2021P12,,080,2020,2021,,0120,000,080-2020/2021-0120-000,"Science, National Aeronautics and Space Administration",National Aeronautics and Space Administration,,"General Science, Space, and Technology","Space flight, research, and supporting activities",080-0120,"Science, National Aeronautics and Space Administration",0001,SCIENCE (DIRECT),25.5,Research and development contracts,D,Q,Not Designated Nonemergency/Emergency/Disaster/Wildfire Suppression,,104961.99,,,CONT_AWD_80NM0018F0797_8000_80NM0018D0004_8000,80NM0018F0797,80NM0018D0004,,,2018-08-10,2018,2025-08-06,2025,2018-10-01,2026-09-30,,C,DELIVERY ORDER,,,JPL TECHNICAL SUPPORT TO THE MAVEN PROJECT 40-15537,080,NATIONAL AERONAUTICS AND SPACE ADMINISTRATION (NASA),8000,NATIONAL AERONAUTICS AND SPACE ADMINISTRATION,80NM00,NASA MANAGEMENT OFFICE -- JPL,080,NATIONAL AERONAUTICS AND SPACE ADMINISTRATION (NASA),8000,NATIONAL AERONAUTICS AND SPACE ADMINISTRATION,80NM00,NASA MANAGEMENT OFFICE -- JPL,YC1YP79BFD19,,CALIFORNIA INSTITUTE OF TECHNOLOGY,CALIFORNIA INSTITUTE OF TECHNOLOGY,YC1YP79BFD19,YC1YP79BFD19,CALIFORNIA INSTITUTE OF TECHNOLOGY,CALIFORNIA INSTITUTE OF TECHNOLOGY,USA,CA,LOS ANGELES,PASADENA,CA-28,CA-28,911098001,UNITED STATES,CALIFORNIA,LOS ANGELES,CA-28,CA-28,911098099,,,AR22,R&D- SPACE: SCIENCE/APPLICATIONS (APPLIED RESEARCH/EXPLORATORY DEVELOPMENT),541715,"RESEARCH AND DEVELOPMENT IN THE PHYSICAL, ENGINEERING, AND LIFE SCIENCES (EXCEPT NANOTECHNOLOGY AND BIOTECHNOLOGY)",,,https://www.usaspending.gov/award/CONT_AWD_80NM0018F0797_8000_80NM0018D0004_8000/,2021-11-06
National Aeronautics and Space Administration,National Aeronautics and Space Administration,FY2021P12,,080,2021,2022,,0120,000,080-2021/2022-0120-000,"Science, National Aeronautics and Space Administration",National Aeronautics and Space Administration,,"General Science, Space, and Technology","Space flight, research, and supporting activities",080-0120,"Science, National Aeronautics and Space Administration",0001,SCIENCE (DIRECT),25.5,Research and development contracts,D,Q,Not Designated Nonemergency/Emergency/Disaster/Wildfire Suppression,,108322.46,,,CONT_AWD_80NM0018F0797_8000_80NM0018D0004_8000,80NM0018F0797,80NM0018D0004,,,2018-08-10,2018,2025-08-06,2025,2018-10-01,2026-09-30,,C,DELIVERY ORDER,,,JPL TECHNICAL SUPPORT TO THE MAVEN PROJECT 40-15537,080,NATIONAL AERONAUTICS AND SPACE ADMINISTRATION (NASA),8000,NATIONAL AERONAUTICS AND SPACE ADMINISTRATION,80NM00,NASA MANAGEMENT OFFICE -- JPL,080,NATIONAL AERONAUTICS AND SPACE ADMINISTRATION (NASA),8000,NATIONAL AERONAUTICS AND SPACE ADMINISTRATION,80NM00,NASA MANAGEMENT OFFICE -- JPL,YC1YP79BFD19,,CALIFORNIA INSTITUTE OF TECHNOLOGY,CALIFORNIA INSTITUTE OF TECHNOLOGY,YC1YP79BFD19,YC1YP79BFD19,CALIFORNIA INSTITUTE OF TECHNOLOGY,CALIFORNIA INSTITUTE OF TECHNOLOGY,USA,CA,LOS ANGELES,PASADENA,CA-28,CA-28,911098001,UNITED STATES,CALIFORNIA,LOS ANGELES,CA-28,CA-28,911098099,,,AR22,R&D- SPACE: SCIENCE/APPLICATIONS (APPLIED RESEARCH/EXPLORATORY DEVELOPMENT),541715,"RESEARCH AND DEVELOPMENT IN THE PHYSICAL, ENGINEERING, AND LIFE SCIENCES (EXCEPT NANOTECHNOLOGY AND BIOTECHNOLOGY)",,,https://www.usaspending.gov/award/CONT_AWD_80NM0018F0797_8000_80NM0018D0004_8000/,2021-11-06
National Aeronautics and Space Administration,National Aeronautics and Space Administration,FY2022P02,,080,2021,2022,,0120,000,080-2021/2022-0120-000,"Science, National Aeronautics and Space Administration",National Aeronautics and Space Administration,,"General Science, Space, and Technology","Space flight, research, and supporting activities",080-0120,"Science, National Aeronautics and Space Administration",0001,SCIENCE (DIRECT),25.5,Research and development contracts,D,Q,Not Designated Nonemergency/Emergency/Disaster/Wildfire Suppression,,17955.29,,,CONT_AWD_80NM0018F0797_8000_80NM0018D0004_8000,80NM0018F0797,80NM0018D0004,,,2018-08-10,2018,2025-08-06,2025,2018-10-01,2026-09-30,,C,DELIVERY ORDER,,,JPL TECHNICAL SUPPORT TO THE MAVEN PROJECT 40-15537,080,NATIONAL AERONAUTICS AND SPACE ADMINISTRATION (NASA),8000,NATIONAL AERONAUTICS AND SPACE ADMINISTRATION,80NM00,NASA MANAGEMENT OFFICE -- JPL,080,NATIONAL AERONAUTICS AND SPACE ADMINISTRATION (NASA),8000,NATIONAL AERONAUTICS AND SPACE ADMINISTRATION,80NM00,NASA MANAGEMENT OFFICE -- JPL,YC1YP79BFD19,,CALIFORNIA INSTITUTE OF TECHNOLOGY,CALIFORNIA INSTITUTE OF TECHNOLOGY,YC1YP79BFD19,YC1YP79BFD19,CALIFORNIA INSTITUTE OF TECHNOLOGY,CALIFORNIA INSTITUTE OF TECHNOLOGY,USA,CA,LOS ANGELES,PASADENA,CA-28,CA-28,911098001,UNITED STATES,CALIFORNIA,LOS ANGELES,CA-28,CA-28,911098099,,,AR22,R&D- SPACE: SCIENCE/APPLICATIONS (APPLIED RESEARCH/EXPLORATORY DEVELOPMENT),541715,"RESEARCH AND DEVELOPMENT IN THE PHYSICAL, ENGINEERING, AND LIFE SCIENCES (EXCEPT NANOTECHNOLOGY AND BIOTECHNOLOGY)",,,https://www.usaspending.gov/award/CONT_AWD_80NM0018F0797_8000_80NM0018D0004_8000/,2021-12-20
National Aeronautics and Space Administration,National Aeronautics and Space Administration,FY2022P02,,080,2022,2023,,0120,000,080-2022/2023-0120-000,"Science, National Aeronautics and Space Administration",National Aeronautics and Space Administration,,"General Science, Space, and Technology","Space flight, research, and supporting activities",080-0120,"Science, National Aeronautics and Space Administration",0001,SCIENCE (DIRECT),25.5,Research and development contracts,D,Q,Not Designated Nonemergency/Emergency/Disaster/Wildfire Suppression,80000.00,,,,CONT_AWD_80NM0018F0797_8000_80NM0018D0004_8000,80NM0018F0797,80NM0018D0004,,,2018-08-10,2018,2025-08-06,2025,2018-10-01,2026-09-30,,C,DELIVERY ORDER,,,JPL TECHNICAL SUPPORT TO THE MAVEN PROJECT 40-15537,080,NATIONAL AERONAUTICS AND SPACE ADMINISTRATION (NASA),8000,NATIONAL AERONAUTICS AND SPACE ADMINISTRATION,80NM00,NASA MANAGEMENT OFFICE -- JPL,080,NATIONAL AERONAUTICS AND SPACE ADMINISTRATION (NASA),8000,NATIONAL AERONAUTICS AND SPACE ADMINISTRATION,80NM00,NASA MANAGEMENT OFFICE -- JPL,YC1YP79BFD19,,CALIFORNIA INSTITUTE OF TECHNOLOGY,CALIFORNIA INSTITUTE OF TECHNOLOGY,YC1YP79BFD19,YC1YP79BFD19,CALIFORNIA INSTITUTE OF TECHNOLOGY,CALIFORNIA INSTITUTE OF TECHNOLOGY,USA,CA,LOS ANGELES,PASADENA,CA-28,CA-28,911098001,UNITED STATES,CALIFORNIA,LOS ANGELES,CA-28,CA-28,911098099,,,AR22,R&D- SPACE: SCIENCE/APPLICATIONS (APPLIED RESEARCH/EXPLORATORY DEVELOPMENT),541715,"RESEARCH AND DEVELOPMENT IN THE PHYSICAL, ENGINEERING, AND LIFE SCIENCES (EXCEPT NANOTECHNOLOGY AND BIOTECHNOLOGY)",,,https://www.usaspending.gov/award/CONT_AWD_80NM0018F0797_8000_80NM0018D0004_8000/,2021-12-20
National Aeronautics and Space Administration,National Aeronautics and Space Administration,FY2022P02,,080,2022,2023,,0120,000,080-2022/2023-0120-000,"Science, National Aeronautics and Space Administration",National Aeronautics and Space Administration,,"General Science, Space, and Technology","Space flight, research, and supporting activities",080-0120,"Science, National Aeronautics and Space Administration",0001,SCIENCE (DIRECT),25.5,Research and development contracts,D,Q,Not Designated Nonemergency/Emergency/Disaster/Wildfire Suppression,20000.00,,,,CONT_AWD_80NM0018F0797_8000_80NM0018D0004_8000,80NM0018F0797,80NM0018D0004,,,2018-08-10,2018,2025-08-06,2025,2018-10-01,2026-09-30,,C,DELIVERY ORDER,,,JPL TECHNICAL SUPPORT TO THE MAVEN PROJECT 40-15537,080,NATIONAL AERONAUTICS AND SPACE ADMINISTRATION (NASA),8000,NATIONAL AERONAUTICS AND SPACE ADMINISTRATION,80NM00,NASA MANAGEMENT OFFICE -- JPL,080,NATIONAL AERONAUTICS AND SPACE ADMINISTRATION (NASA),8000,NATIONAL AERONAUTICS AND SPACE ADMINISTRATION,80NM00,NASA MANAGEMENT OFFICE -- JPL,YC1YP79BFD19,,CALIFORNIA INSTITUTE OF TECHNOLOGY,CALIFORNIA INSTITUTE OF TECHNOLOGY,YC1YP79BFD19,YC1YP79BFD19,CALIFORNIA INSTITUTE OF TECHNOLOGY,CALIFORNIA INSTITUTE OF TECHNOLOGY,USA,CA,LOS ANGELES,PASADENA,CA-28,CA-28,911098001,UNITED STATES,CALIFORNIA,LOS ANGELES,CA-28,CA-28,911098099,,,AR22,R&D- SPACE: SCIENCE/APPLICATIONS (APPLIED RESEARCH/EXPLORATORY DEVELOPMENT),541715,"RESEARCH AND DEVELOPMENT IN THE PHYSICAL, ENGINEERING, AND LIFE SCIENCES (EXCEPT NANOTECHNOLOGY AND BIOTECHNOLOGY)",,,https://www.usaspending.gov/award/CONT_AWD_80NM0018F0797_8000_80NM0018D0004_8000/,2021-12-20
National Aeronautics and Space Administration,National Aeronautics and Space Administration,FY2022P03,,080,2021,2022,,0120,000,080-2021/2022-0120-000,"Science, National Aeronautics and Space Administration",National Aeronautics and Space Administration,,"General Science, Space, and Technology","Space flight, research, and supporting activities",080-0120,"Science, National Aeronautics and Space Administration",0001,SCIENCE (DIRECT),25.5,Research and development contracts,D,Q,Not Designated Nonemergency/Emergency/Disaster/Wildfire Suppression,,28368.98,,,CONT_AWD_80NM0018F0797_8000_80NM0018D0004_8000,80NM0018F0797,80NM0018D0004,,,2018-08-10,2018,2025-08-06,2025,2018-10-01,2026-09-30,,C,DELIVERY ORDER,,,JPL TECHNICAL SUPPORT TO THE MAVEN PROJECT 40-15537,080,NATIONAL AERONAUTICS AND SPACE ADMINISTRATION (NASA),8000,NATIONAL AERONAUTICS AND SPACE ADMINISTRATION,80NM00,NASA MANAGEMENT OFFICE -- JPL,080,NATIONAL AERONAUTICS AND SPACE ADMINISTRATION (NASA),8000,NATIONAL AERONAUTICS AND SPACE ADMINISTRATION,80NM00,NASA MANAGEMENT OFFICE -- JPL,YC1YP79BFD19,,CALIFORNIA INSTITUTE OF TECHNOLOGY,CALIFORNIA INSTITUTE OF TECHNOLOGY,YC1YP79BFD19,YC1YP79BFD19,CALIFORNIA INSTITUTE OF TECHNOLOGY,CALIFORNIA INSTITUTE OF TECHNOLOGY,USA,CA,LOS ANGELES,PASADENA,CA-28,CA-28,911098001,UNITED STATES,CALIFORNIA,LOS ANGELES,CA-28,CA-28,911098099,,,AR22,R&D- SPACE: SCIENCE/APPLICATIONS (APPLIED RESEARCH/EXPLORATORY DEVELOPMENT),541715,"RESEARCH AND DEVELOPMENT IN THE PHYSICAL, ENGINEERING, AND LIFE SCIENCES (EXCEPT NANOTECHNOLOGY AND BIOTECHNOLOGY)",,,https://www.usaspending.gov/award/CONT_AWD_80NM0018F0797_8000_80NM0018D0004_8000/,2022-01-25
National Aeronautics and Space Administration,National Aeronautics and Space Administration,FY2022P04,,080,2021,2022,,0120,000,080-2021/2022-0120-000,"Science, National Aeronautics and Space Administration",National Aeronautics and Space Administration,,"General Science, Space, and Technology","Space flight, research, and supporting activities",080-0120,"Science, National Aeronautics and Space Administration",0001,SCIENCE (DIRECT),25.5,Research and development contracts,D,Q,Not Designated Nonemergency/Emergency/Disaster/Wildfire Suppression,,36624.32,,,CONT_AWD_80NM0018F0797_8000_80NM0018D0004_8000,80NM0018F0797,80NM0018D0004,,,2018-08-10,2018,2025-08-06,2025,2018-10-01,2026-09-30,,C,DELIVERY ORDER,,,JPL TECHNICAL SUPPORT TO THE MAVEN PROJECT 40-15537,080,NATIONAL AERONAUTICS AND SPACE ADMINISTRATION (NASA),8000,NATIONAL AERONAUTICS AND SPACE ADMINISTRATION,80NM00,NASA MANAGEMENT OFFICE -- JPL,080,NATIONAL AERONAUTICS AND SPACE ADMINISTRATION (NASA),8000,NATIONAL AERONAUTICS AND SPACE ADMINISTRATION,80NM00,NASA MANAGEMENT OFFICE -- JPL,YC1YP79BFD19,,CALIFORNIA INSTITUTE OF TECHNOLOGY,CALIFORNIA INSTITUTE OF TECHNOLOGY,YC1YP79BFD19,YC1YP79BFD19,CALIFORNIA INSTITUTE OF TECHNOLOGY,CALIFORNIA INSTITUTE OF TECHNOLOGY,USA,CA,LOS ANGELES,PASADENA,CA-28,CA-28,911098001,UNITED STATES,CALIFORNIA,LOS ANGELES,CA-28,CA-28,911098099,,,AR22,R&D- SPACE: SCIENCE/APPLICATIONS (APPLIED RESEARCH/EXPLORATORY DEVELOPMENT),541715,"RESEARCH AND DEVELOPMENT IN THE PHYSICAL, ENGINEERING, AND LIFE SCIENCES (EXCEPT NANOTECHNOLOGY AND BIOTECHNOLOGY)",,,https://www.usaspending.gov/award/CONT_AWD_80NM0018F0797_8000_80NM0018D0004_8000/,2022-02-24
National Aeronautics and Space Administration,National Aeronautics and Space Administration,FY2022P04,,080,2022,2023,,0120,000,080-2022/2023-0120-000,"Science, National Aeronautics and Space Administration",National Aeronautics and Space Administration,,"General Science, Space, and Technology","Space flight, research, and supporting activities",080-0120,"Science, National Aeronautics and Space Administration",0001,SCIENCE (DIRECT),25.5,Research and development contracts,D,Q,Not Designated Nonemergency/Emergency/Disaster/Wildfire Suppression,40000.00,,,,CONT_AWD_80NM0018F0797_8000_80NM0018D0004_8000,80NM0018F0797,80NM0018D0004,,,2018-08-10,2018,2025-08-06,2025,2018-10-01,2026-09-30,,C,DELIVERY ORDER,,,JPL TECHNICAL SUPPORT TO THE MAVEN PROJECT 40-15537,080,NATIONAL AERONAUTICS AND SPACE ADMINISTRATION (NASA),8000,NATIONAL AERONAUTICS AND SPACE ADMINISTRATION,80NM00,NASA MANAGEMENT OFFICE -- JPL,080,NATIONAL AERONAUTICS AND SPACE ADMINISTRATION (NASA),8000,NATIONAL AERONAUTICS AND SPACE ADMINISTRATION,80NM00,NASA MANAGEMENT OFFICE -- JPL,YC1YP79BFD19,,CALIFORNIA INSTITUTE OF TECHNOLOGY,CALIFORNIA INSTITUTE OF TECHNOLOGY,YC1YP79BFD19,YC1YP79BFD19,CALIFORNIA INSTITUTE OF TECHNOLOGY,CALIFORNIA INSTITUTE OF TECHNOLOGY,USA,CA,LOS ANGELES,PASADENA,CA-28,CA-28,911098001,UNITED STATES,CALIFORNIA,LOS ANGELES,CA-28,CA-28,911098099,,,AR22,R&D- SPACE: SCIENCE/APPLICATIONS (APPLIED RESEARCH/EXPLORATORY DEVELOPMENT),541715,"RESEARCH AND DEVELOPMENT IN THE PHYSICAL, ENGINEERING, AND LIFE SCIENCES (EXCEPT NANOTECHNOLOGY AND BIOTECHNOLOGY)",,,https://www.usaspending.gov/award/CONT_AWD_80NM0018F0797_8000_80NM0018D0004_8000/,2022-02-24
National Aeronautics and Space Administration,National Aeronautics and Space Administration,FY2022P05,,080,2021,2022,,0120,000,080-2021/2022-0120-000,"Science, National Aeronautics and Space Administration",National Aeronautics and Space Administration,,"General Science, Space, and Technology","Space flight, research, and supporting activities",080-0120,"Science, National Aeronautics and Space Administration",0001,SCIENCE (DIRECT),25.5,Research and development contracts,D,Q,Not Designated Nonemergency/Emergency/Disaster/Wildfire Suppression,,43095.38,,,CONT_AWD_80NM0018F0797_8000_80NM0018D0004_8000,80NM0018F0797,80NM0018D0004,,,2018-08-10,2018,2025-08-06,2025,2018-10-01,2026-09-30,,C,DELIVERY ORDER,,,JPL TECHNICAL SUPPORT TO THE MAVEN PROJECT 40-15537,080,NATIONAL AERONAUTICS AND SPACE ADMINISTRATION (NASA),8000,NATIONAL AERONAUTICS AND SPACE ADMINISTRATION,80NM00,NASA MANAGEMENT OFFICE -- JPL,080,NATIONAL AERONAUTICS AND SPACE ADMINISTRATION (NASA),8000,NATIONAL AERONAUTICS AND SPACE ADMINISTRATION,80NM00,NASA MANAGEMENT OFFICE -- JPL,YC1YP79BFD19,,CALIFORNIA INSTITUTE OF TECHNOLOGY,CALIFORNIA INSTITUTE OF TECHNOLOGY,YC1YP79BFD19,YC1YP79BFD19,CALIFORNIA INSTITUTE OF TECHNOLOGY,CALIFORNIA INSTITUTE OF TECHNOLOGY,USA,CA,LOS ANGELES,PASADENA,CA-28,CA-28,911098001,UNITED STATES,CALIFORNIA,LOS ANGELES,CA-28,CA-28,911098099,,,AR22,R&D- SPACE: SCIENCE/APPLICATIONS (APPLIED RESEARCH/EXPLORATORY DEVELOPMENT),541715,"RESEARCH AND DEVELOPMENT IN THE PHYSICAL, ENGINEERING, AND LIFE SCIENCES (EXCEPT NANOTECHNOLOGY AND BIOTECHNOLOGY)",,,https://www.usaspending.gov/award/CONT_AWD_80NM0018F0797_8000_80NM0018D0004_8000/,2022-03-28
National Aeronautics and Space Administration,National Aeronautics and Space Administration,FY2022P06,,080,2022,2023,,0120,000,080-2022/2023-0120-000,"Science, National Aeronautics and Space Administration",National Aeronautics and Space Administration,,"General Science, Space, and Technology","Space flight, research, and supporting activities",080-0120,"Science, National Aeronautics and Space Administration",0001,SCIENCE (DIRECT),25.5,Research and development contracts,D,Q,Not Designated Nonemergency/Emergency/Disaster/Wildfire Suppression,,3079.20,,,CONT_AWD_80NM0018F0797_8000_80NM0018D0004_8000,80NM0018F0797,80NM0018D0004,,,2018-08-10,2018,2025-08-06,2025,2018-10-01,2026-09-30,,C,DELIVERY ORDER,,,JPL TECHNICAL SUPPORT TO THE MAVEN PROJECT 40-15537,080,NATIONAL AERONAUTICS AND SPACE ADMINISTRATION (NASA),8000,NATIONAL AERONAUTICS AND SPACE ADMINISTRATION,80NM00,NASA MANAGEMENT OFFICE -- JPL,080,NATIONAL AERONAUTICS AND SPACE ADMINISTRATION (NASA),8000,NATIONAL AERONAUTICS AND SPACE ADMINISTRATION,80NM00,NASA MANAGEMENT OFFICE -- JPL,YC1YP79BFD19,,CALIFORNIA INSTITUTE OF TECHNOLOGY,CALIFORNIA INSTITUTE OF TECHNOLOGY,YC1YP79BFD19,YC1YP79BFD19,CALIFORNIA INSTITUTE OF TECHNOLOGY,CALIFORNIA INSTITUTE OF TECHNOLOGY,USA,CA,LOS ANGELES,PASADENA,CA-28,CA-28,911098001,UNITED STATES,CALIFORNIA,LOS ANGELES,CA-28,CA-28,911098099,,,AR22,R&D- SPACE: SCIENCE/APPLICATIONS (APPLIED RESEARCH/EXPLORATORY DEVELOPMENT),541715,"RESEARCH AND DEVELOPMENT IN THE PHYSICAL, ENGINEERING, AND LIFE SCIENCES (EXCEPT NANOTECHNOLOGY AND BIOTECHNOLOGY)",,,https://www.usaspending.gov/award/CONT_AWD_80NM0018F0797_8000_80NM0018D0004_8000/,2022-04-25
National Aeronautics and Space Administration,National Aeronautics and Space Administration,FY2022P06,,080,2021,2022,,0120,000,080-2021/2022-0120-000,"Science, National Aeronautics and Space Administration",National Aeronautics and Space Administration,,"General Science, Space, and Technology","Space flight, research, and supporting activities",080-0120,"Science, National Aeronautics and Space Administration",0001,SCIENCE (DIRECT),25.5,Research and development contracts,D,Q,Not Designated Nonemergency/Emergency/Disaster/Wildfire Suppression,,53669.54,,,CONT_AWD_80NM0018F0797_8000_80NM0018D0004_8000,80NM0018F0797,80NM0018D0004,,,2018-08-10,2018,2025-08-06,2025,2018-10-01,2026-09-30,,C,DELIVERY ORDER,,,JPL TECHNICAL SUPPORT TO THE MAVEN PROJECT 40-15537,080,NATIONAL AERONAUTICS AND SPACE ADMINISTRATION (NASA),8000,NATIONAL AERONAUTICS AND SPACE ADMINISTRATION,80NM00,NASA MANAGEMENT OFFICE -- JPL,080,NATIONAL AERONAUTICS AND SPACE ADMINISTRATION (NASA),8000,NATIONAL AERONAUTICS AND SPACE ADMINISTRATION,80NM00,NASA MANAGEMENT OFFICE -- JPL,YC1YP79BFD19,,CALIFORNIA INSTITUTE OF TECHNOLOGY,CALIFORNIA INSTITUTE OF TECHNOLOGY,YC1YP79BFD19,YC1YP79BFD19,CALIFORNIA INSTITUTE OF TECHNOLOGY,CALIFORNIA INSTITUTE OF TECHNOLOGY,USA,CA,LOS ANGELES,PASADENA,CA-28,CA-28,911098001,UNITED STATES,CALIFORNIA,LOS ANGELES,CA-28,CA-28,911098099,,,AR22,R&D- SPACE: SCIENCE/APPLICATIONS (APPLIED RESEARCH/EXPLORATORY DEVELOPMENT),541715,"RESEARCH AND DEVELOPMENT IN THE PHYSICAL, ENGINEERING, AND LIFE SCIENCES (EXCEPT NANOTECHNOLOGY AND BIOTECHNOLOGY)",,,https://www.usaspending.gov/award/CONT_AWD_80NM0018F0797_8000_80NM0018D0004_8000/,2022-04-25
National Aeronautics and Space Administration,National Aeronautics and Space Administration,FY2022P07,,080,2022,2023,,0120,000,080-2022/2023-0120-000,"Science, National Aeronautics and Space Administration",National Aeronautics and Space Administration,,"General Science, Space, and Technology","Space flight, research, and supporting activities",080-0120,"Science, National Aeronautics and Space Administration",0001,SCIENCE (DIRECT),25.5,Research and development contracts,D,Q,Not Designated Nonemergency/Emergency/Disaster/Wildfire Suppression,,12721.67,,,CONT_AWD_80NM0018F0797_8000_80NM0018D0004_8000,80NM0018F0797,80NM0018D0004,,,2018-08-10,2018,2025-08-06,2025,2018-10-01,2026-09-30,,C,DELIVERY ORDER,,,JPL TECHNICAL SUPPORT TO THE MAVEN PROJECT 40-15537,080,NATIONAL AERONAUTICS AND SPACE ADMINISTRATION (NASA),8000,NATIONAL AERONAUTICS AND SPACE ADMINISTRATION,80NM00,NASA MANAGEMENT OFFICE -- JPL,080,NATIONAL AERONAUTICS AND SPACE ADMINISTRATION (NASA),8000,NATIONAL AERONAUTICS AND SPACE ADMINISTRATION,80NM00,NASA MANAGEMENT OFFICE -- JPL,YC1YP79BFD19,,CALIFORNIA INSTITUTE OF TECHNOLOGY,CALIFORNIA INSTITUTE OF TECHNOLOGY,YC1YP79BFD19,YC1YP79BFD19,CALIFORNIA INSTITUTE OF TECHNOLOGY,CALIFORNIA INSTITUTE OF TECHNOLOGY,USA,CA,LOS ANGELES,PASADENA,CA-28,CA-28,911098001,UNITED STATES,CALIFORNIA,LOS ANGELES,CA-28,CA-28,911098099,,,AR22,R&D- SPACE: SCIENCE/APPLICATIONS (APPLIED RESEARCH/EXPLORATORY DEVELOPMENT),541715,"RESEARCH AND DEVELOPMENT IN THE PHYSICAL, ENGINEERING, AND LIFE SCIENCES (EXCEPT NANOTECHNOLOGY AND BIOTECHNOLOGY)",,,https://www.usaspending.gov/award/CONT_AWD_80NM0018F0797_8000_80NM0018D0004_8000/,2022-05-25
National Aeronautics and Space Administration,National Aeronautics and Space Administration,FY2022P07,,080,2021,2022,,0120,000,080-2021/2022-0120-000,"Science, National Aeronautics and Space Administration",National Aeronautics and Space Administration,,"General Science, Space, and Technology","Space flight, research, and supporting activities",080-0120,"Science, National Aeronautics and Space Administration",0001,SCIENCE (DIRECT),25.5,Research and development contracts,D,Q,Not Designated Nonemergency/Emergency/Disaster/Wildfire Suppression,,53669.54,,,CONT_AWD_80NM0018F0797_8000_80NM0018D0004_8000,80NM0018F0797,80NM0018D0004,,,2018-08-10,2018,2025-08-06,2025,2018-10-01,2026-09-30,,C,DELIVERY ORDER,,,JPL TECHNICAL SUPPORT TO THE MAVEN PROJECT 40-15537,080,NATIONAL AERONAUTICS AND SPACE ADMINISTRATION (NASA),8000,NATIONAL AERONAUTICS AND SPACE ADMINISTRATION,80NM00,NASA MANAGEMENT OFFICE -- JPL,080,NATIONAL AERONAUTICS AND SPACE ADMINISTRATION (NASA),8000,NATIONAL AERONAUTICS AND SPACE ADMINISTRATION,80NM00,NASA MANAGEMENT OFFICE -- JPL,YC1YP79BFD19,,CALIFORNIA INSTITUTE OF TECHNOLOGY,CALIFORNIA INSTITUTE OF TECHNOLOGY,YC1YP79BFD19,YC1YP79BFD19,CALIFORNIA INSTITUTE OF TECHNOLOGY,CALIFORNIA INSTITUTE OF TECHNOLOGY,USA,CA,LOS ANGELES,PASADENA,CA-28,CA-28,911098001,UNITED STATES,CALIFORNIA,LOS ANGELES,CA-28,CA-28,911098099,,,AR22,R&D- SPACE: SCIENCE/APPLICATIONS (APPLIED RESEARCH/EXPLORATORY DEVELOPMENT),541715,"RESEARCH AND DEVELOPMENT IN THE PHYSICAL, ENGINEERING, AND LIFE SCIENCES (EXCEPT NANOTECHNOLOGY AND BIOTECHNOLOGY)",,,https://www.usaspending.gov/award/CONT_AWD_80NM0018F0797_8000_80NM0018D0004_8000/,2022-05-25
National Aeronautics and Space Administration,National Aeronautics and Space Administration,FY2022P08,,080,2022,2023,,0120,000,080-2022/2023-0120-000,"Science, National Aeronautics and Space Administration",National Aeronautics and Space Administration,,"General Science, Space, and Technology","Space flight, research, and supporting activities",080-0120,"Science, National Aeronautics and Space Administration",0001,SCIENCE (DIRECT),25.5,Research and development contracts,D,Q,Not Designated Nonemergency/Emergency/Disaster/Wildfire Suppression,,22765.64,,,CONT_AWD_80NM0018F0797_8000_80NM0018D0004_8000,80NM0018F0797,80NM0018D0004,,,2018-08-10,2018,2025-08-06,2025,2018-10-01,2026-09-30,,C,DELIVERY ORDER,,,JPL TECHNICAL SUPPORT TO THE MAVEN PROJECT 40-15537,080,NATIONAL AERONAUTICS AND SPACE ADMINISTRATION (NASA),8000,NATIONAL AERONAUTICS AND SPACE ADMINISTRATION,80NM00,NASA MANAGEMENT OFFICE -- JPL,080,NATIONAL AERONAUTICS AND SPACE ADMINISTRATION (NASA),8000,NATIONAL AERONAUTICS AND SPACE ADMINISTRATION,80NM00,NASA MANAGEMENT OFFICE -- JPL,YC1YP79BFD19,,CALIFORNIA INSTITUTE OF TECHNOLOGY,CALIFORNIA INSTITUTE OF TECHNOLOGY,YC1YP79BFD19,YC1YP79BFD19,CALIFORNIA INSTITUTE OF TECHNOLOGY,CALIFORNIA INSTITUTE OF TECHNOLOGY,USA,CA,LOS ANGELES,PASADENA,CA-28,CA-28,911098001,UNITED STATES,CALIFORNIA,LOS ANGELES,CA-28,CA-28,911098099,,,AR22,R&D- SPACE: SCIENCE/APPLICATIONS (APPLIED RESEARCH/EXPLORATORY DEVELOPMENT),541715,"RESEARCH AND DEVELOPMENT IN THE PHYSICAL, ENGINEERING, AND LIFE SCIENCES (EXCEPT NANOTECHNOLOGY AND BIOTECHNOLOGY)",,,https://www.usaspending.gov/award/CONT_AWD_80NM0018F0797_8000_80NM0018D0004_8000/,2022-06-27
National Aeronautics and Space Administration,National Aeronautics and Space Administration,FY2022P08,,080,2021,2022,,0120,000,080-2021/2022-0120-000,"Science, National Aeronautics and Space Administration",National Aeronautics and Space Administration,,"General Science, Space, and Technology","Space flight, research, and supporting activities",080-0120,"Science, National Aeronautics and Space Administration",0001,SCIENCE (DIRECT),25.5,Research and development contracts,D,Q,Not Designated Nonemergency/Emergency/Disaster/Wildfire Suppression,,53669.54,,,CONT_AWD_80NM0018F0797_8000_80NM0018D0004_8000,80NM0018F0797,80NM0018D0004,,,2018-08-10,2018,2025-08-06,2025,2018-10-01,2026-09-30,,C,DELIVERY ORDER,,,JPL TECHNICAL SUPPORT TO THE MAVEN PROJECT 40-15537,080,NATIONAL AERONAUTICS AND SPACE ADMINISTRATION (NASA),8000,NATIONAL AERONAUTICS AND SPACE ADMINISTRATION,80NM00,NASA MANAGEMENT OFFICE -- JPL,080,NATIONAL AERONAUTICS AND SPACE ADMINISTRATION (NASA),8000,NATIONAL AERONAUTICS AND SPACE ADMINISTRATION,80NM00,NASA MANAGEMENT OFFICE -- JPL,YC1YP79BFD19,,CALIFORNIA INSTITUTE OF TECHNOLOGY,CALIFORNIA INSTITUTE OF TECHNOLOGY,YC1YP79BFD19,YC1YP79BFD19,CALIFORNIA INSTITUTE OF TECHNOLOGY,CALIFORNIA INSTITUTE OF TECHNOLOGY,USA,CA,LOS ANGELES,PASADENA,CA-28,CA-28,911098001,UNITED STATES,CALIFORNIA,LOS ANGELES,CA-28,CA-28,911098099,,,AR22,R&D- SPACE: SCIENCE/APPLICATIONS (APPLIED RESEARCH/EXPLORATORY DEVELOPMENT),541715,"RESEARCH AND DEVELOPMENT IN THE PHYSICAL, ENGINEERING, AND LIFE SCIENCES (EXCEPT NANOTECHNOLOGY AND BIOTECHNOLOGY)",,,https://www.usaspending.gov/award/CONT_AWD_80NM0018F0797_8000_80NM0018D0004_8000/,2022-06-27
National Aeronautics and Space Administration,National Aeronautics and Space Administration,FY2022P09,,080,2022,2023,,0120,000,080-2022/2023-0120-000,"Science, National Aeronautics and Space Administration",National Aeronautics and Space Administration,,"General Science, Space, and Technology","Space flight, research, and supporting activities",080-0120,"Science, National Aeronautics and Space Administration",0001,SCIENCE (DIRECT),25.5,Research and development contracts,D,Q,Not Designated Nonemergency/Emergency/Disaster/Wildfire Suppression,,33396.35,,,CONT_AWD_80NM0018F0797_8000_80NM0018D0004_8000,80NM0018F0797,80NM0018D0004,,,2018-08-10,2018,2025-08-06,2025,2018-10-01,2026-09-30,,C,DELIVERY ORDER,,,JPL TECHNICAL SUPPORT TO THE MAVEN PROJECT 40-15537,080,NATIONAL AERONAUTICS AND SPACE ADMINISTRATION (NASA),8000,NATIONAL AERONAUTICS AND SPACE ADMINISTRATION,80NM00,NASA MANAGEMENT OFFICE -- JPL,080,NATIONAL AERONAUTICS AND SPACE ADMINISTRATION (NASA),8000,NATIONAL AERONAUTICS AND SPACE ADMINISTRATION,80NM00,NASA MANAGEMENT OFFICE -- JPL,YC1YP79BFD19,,CALIFORNIA INSTITUTE OF TECHNOLOGY,CALIFORNIA INSTITUTE OF TECHNOLOGY,YC1YP79BFD19,YC1YP79BFD19,CALIFORNIA INSTITUTE OF TECHNOLOGY,CALIFORNIA INSTITUTE OF TECHNOLOGY,USA,CA,LOS ANGELES,PASADENA,CA-28,CA-28,911098001,UNITED STATES,CALIFORNIA,LOS ANGELES,CA-28,CA-28,911098099,,,AR22,R&D- SPACE: SCIENCE/APPLICATIONS (APPLIED RESEARCH/EXPLORATORY DEVELOPMENT),541715,"RESEARCH AND DEVELOPMENT IN THE PHYSICAL, ENGINEERING, AND LIFE SCIENCES (EXCEPT NANOTECHNOLOGY AND BIOTECHNOLOGY)",,,https://www.usaspending.gov/award/CONT_AWD_80NM0018F0797_8000_80NM0018D0004_8000/,2022-07-27
National Aeronautics and Space Administration,National Aeronautics and Space Administration,FY2022P09,,080,2021,2022,,0120,000,080-2021/2022-0120-000,"Science, National Aeronautics and Space Administration",National Aeronautics and Space Administration,,"General Science, Space, and Technology","Space flight, research, and supporting activities",080-0120,"Science, National Aeronautics and Space Administration",0001,SCIENCE (DIRECT),25.5,Research and development contracts,D,Q,Not Designated Nonemergency/Emergency/Disaster/Wildfire Suppression,,53669.54,,,CONT_AWD_80NM0018F0797_8000_80NM0018D0004_8000,80NM0018F0797,80NM0018D0004,,,2018-08-10,2018,2025-08-06,2025,2018-10-01,2026-09-30,,C,DELIVERY ORDER,,,JPL TECHNICAL SUPPORT TO THE MAVEN PROJECT 40-15537,080,NATIONAL AERONAUTICS AND SPACE ADMINISTRATION (NASA),8000,NATIONAL AERONAUTICS AND SPACE ADMINISTRATION,80NM00,NASA MANAGEMENT OFFICE -- JPL,080,NATIONAL AERONAUTICS AND SPACE ADMINISTRATION (NASA),8000,NATIONAL AERONAUTICS AND SPACE ADMINISTRATION,80NM00,NASA MANAGEMENT OFFICE -- JPL,YC1YP79BFD19,,CALIFORNIA INSTITUTE OF TECHNOLOGY,CALIFORNIA INSTITUTE OF TECHNOLOGY,YC1YP79BFD19,YC1YP79BFD19,CALIFORNIA INSTITUTE OF TECHNOLOGY,CALIFORNIA INSTITUTE OF TECHNOLOGY,USA,CA,LOS ANGELES,PASADENA,CA-28,CA-28,911098001,UNITED STATES,CALIFORNIA,LOS ANGELES,CA-28,CA-28,911098099,,,AR22,R&D- SPACE: SCIENCE/APPLICATIONS (APPLIED RESEARCH/EXPLORATORY DEVELOPMENT),541715,"RESEARCH AND DEVELOPMENT IN THE PHYSICAL, ENGINEERING, AND LIFE SCIENCES (EXCEPT NANOTECHNOLOGY AND BIOTECHNOLOGY)",,,https://www.usaspending.gov/award/CONT_AWD_80NM0018F0797_8000_80NM0018D0004_8000/,2022-07-27
National Aeronautics and Space Administration,National Aeronautics and Space Administration,FY2022P10,,080,2022,2023,,0120,000,080-2022/2023-0120-000,"Science, National Aeronautics and Space Administration",National Aeronautics and Space Administration,,"General Science, Space, and Technology","Space flight, research, and supporting activities",080-0120,"Science, National Aeronautics and Space Administration",0001,SCIENCE (DIRECT),25.5,Research and development contracts,D,Q,Not Designated Nonemergency/Emergency/Disaster/Wildfire Suppression,,45767.08,,,CONT_AWD_80NM0018F0797_8000_80NM0018D0004_8000,80NM0018F0797,80NM0018D0004,,,2018-08-10,2018,2025-08-06,2025,2018-10-01,2026-09-30,,C,DELIVERY ORDER,,,JPL TECHNICAL SUPPORT TO THE MAVEN PROJECT 40-15537,080,NATIONAL AERONAUTICS AND SPACE ADMINISTRATION (NASA),8000,NATIONAL AERONAUTICS AND SPACE ADMINISTRATION,80NM00,NASA MANAGEMENT OFFICE -- JPL,080,NATIONAL AERONAUTICS AND SPACE ADMINISTRATION (NASA),8000,NATIONAL AERONAUTICS AND SPACE ADMINISTRATION,80NM00,NASA MANAGEMENT OFFICE -- JPL,YC1YP79BFD19,,CALIFORNIA INSTITUTE OF TECHNOLOGY,CALIFORNIA INSTITUTE OF TECHNOLOGY,YC1YP79BFD19,YC1YP79BFD19,CALIFORNIA INSTITUTE OF TECHNOLOGY,CALIFORNIA INSTITUTE OF TECHNOLOGY,USA,CA,LOS ANGELES,PASADENA,CA-28,CA-28,911098001,UNITED STATES,CALIFORNIA,LOS ANGELES,CA-28,CA-28,911098099,,,AR22,R&D- SPACE: SCIENCE/APPLICATIONS (APPLIED RESEARCH/EXPLORATORY DEVELOPMENT),541715,"RESEARCH AND DEVELOPMENT IN THE PHYSICAL, ENGINEERING, AND LIFE SCIENCES (EXCEPT NANOTECHNOLOGY AND BIOTECHNOLOGY)",,,https://www.usaspending.gov/award/CONT_AWD_80NM0018F0797_8000_80NM0018D0004_8000/,2022-08-24
National Aeronautics and Space Administration,National Aeronautics and Space Administration,FY2022P10,,080,2021,2022,,0120,000,080-2021/2022-0120-000,"Science, National Aeronautics and Space Administration",National Aeronautics and Space Administration,,"General Science, Space, and Technology","Space flight, research, and supporting activities",080-0120,"Science, National Aeronautics and Space Administration",0001,SCIENCE (DIRECT),25.5,Research and development contracts,D,Q,Not Designated Nonemergency/Emergency/Disaster/Wildfire Suppression,,53669.54,,,CONT_AWD_80NM0018F0797_8000_80NM0018D0004_8000,80NM0018F0797,80NM0018D0004,,,2018-08-10,2018,2025-08-06,2025,2018-10-01,2026-09-30,,C,DELIVERY ORDER,,,JPL TECHNICAL SUPPORT TO THE MAVEN PROJECT 40-15537,080,NATIONAL AERONAUTICS AND SPACE ADMINISTRATION (NASA),8000,NATIONAL AERONAUTICS AND SPACE ADMINISTRATION,80NM00,NASA MANAGEMENT OFFICE -- JPL,080,NATIONAL AERONAUTICS AND SPACE ADMINISTRATION (NASA),8000,NATIONAL AERONAUTICS AND SPACE ADMINISTRATION,80NM00,NASA MANAGEMENT OFFICE -- JPL,YC1YP79BFD19,,CALIFORNIA INSTITUTE OF TECHNOLOGY,CALIFORNIA INSTITUTE OF TECHNOLOGY,YC1YP79BFD19,YC1YP79BFD19,CALIFORNIA INSTITUTE OF TECHNOLOGY,CALIFORNIA INSTITUTE OF TECHNOLOGY,USA,CA,LOS ANGELES,PASADENA,CA-28,CA-28,911098001,UNITED STATES,CALIFORNIA,LOS ANGELES,CA-28,CA-28,911098099,,,AR22,R&D- SPACE: SCIENCE/APPLICATIONS (APPLIED RESEARCH/EXPLORATORY DEVELOPMENT),541715,"RESEARCH AND DEVELOPMENT IN THE PHYSICAL, ENGINEERING, AND LIFE SCIENCES (EXCEPT NANOTECHNOLOGY AND BIOTECHNOLOGY)",,,https://www.usaspending.gov/award/CONT_AWD_80NM0018F0797_8000_80NM0018D0004_8000/,2022-08-24
National Aeronautics and Space Administration,National Aeronautics and Space Administration,FY2022P11,,080,2022,2023,,0120,000,080-2022/2023-0120-000,"Science, National Aeronautics and Space Administration",National Aeronautics and Space Administration,,"General Science, Space, and Technology","Space flight, research, and supporting activities",080-0120,"Science, National Aeronautics and Space Administration",0001,SCIENCE (DIRECT),25.5,Research and development contracts,D,Q,Not Designated Nonemergency/Emergency/Disaster/Wildfire Suppression,,63008.13,,,CONT_AWD_80NM0018F0797_8000_80NM0018D0004_8000,80NM0018F0797,80NM0018D0004,,,2018-08-10,2018,2025-08-06,2025,2018-10-01,2026-09-30,,C,DELIVERY ORDER,,,JPL TECHNICAL SUPPORT TO THE MAVEN PROJECT 40-15537,080,NATIONAL AERONAUTICS AND SPACE ADMINISTRATION (NASA),8000,NATIONAL AERONAUTICS AND SPACE ADMINISTRATION,80NM00,NASA MANAGEMENT OFFICE -- JPL,080,NATIONAL AERONAUTICS AND SPACE ADMINISTRATION (NASA),8000,NATIONAL AERONAUTICS AND SPACE ADMINISTRATION,80NM00,NASA MANAGEMENT OFFICE -- JPL,YC1YP79BFD19,,CALIFORNIA INSTITUTE OF TECHNOLOGY,CALIFORNIA INSTITUTE OF TECHNOLOGY,YC1YP79BFD19,YC1YP79BFD19,CALIFORNIA INSTITUTE OF TECHNOLOGY,CALIFORNIA INSTITUTE OF TECHNOLOGY,USA,CA,LOS ANGELES,PASADENA,CA-28,CA-28,911098001,UNITED STATES,CALIFORNIA,LOS ANGELES,CA-28,CA-28,911098099,,,AR22,R&D- SPACE: SCIENCE/APPLICATIONS (APPLIED RESEARCH/EXPLORATORY DEVELOPMENT),541715,"RESEARCH AND DEVELOPMENT IN THE PHYSICAL, ENGINEERING, AND LIFE SCIENCES (EXCEPT NANOTECHNOLOGY AND BIOTECHNOLOGY)",,,https://www.usaspending.gov/award/CONT_AWD_80NM0018F0797_8000_80NM0018D0004_8000/,2022-09-25
National Aeronautics and Space Administration,National Aeronautics and Space Administration,FY2022P11,,080,2021,2022,,0120,000,080-2021/2022-0120-000,"Science, National Aeronautics and Space Administration",National Aeronautics and Space Administration,,"General Science, Space, and Technology","Space flight, research, and supporting activities",080-0120,"Science, National Aeronautics and Space Administration",0001,SCIENCE (DIRECT),25.5,Research and development contracts,D,Q,Not Designated Nonemergency/Emergency/Disaster/Wildfire Suppression,,53669.54,,,CONT_AWD_80NM0018F0797_8000_80NM0018D0004_8000,80NM0018F0797,80NM0018D0004,,,2018-08-10,2018,2025-08-06,2025,2018-10-01,2026-09-30,,C,DELIVERY ORDER,,,JPL TECHNICAL SUPPORT TO THE MAVEN PROJECT 40-15537,080,NATIONAL AERONAUTICS AND SPACE ADMINISTRATION (NASA),8000,NATIONAL AERONAUTICS AND SPACE ADMINISTRATION,80NM00,NASA MANAGEMENT OFFICE -- JPL,080,NATIONAL AERONAUTICS AND SPACE ADMINISTRATION (NASA),8000,NATIONAL AERONAUTICS AND SPACE ADMINISTRATION,80NM00,NASA MANAGEMENT OFFICE -- JPL,YC1YP79BFD19,,CALIFORNIA INSTITUTE OF TECHNOLOGY,CALIFORNIA INSTITUTE OF TECHNOLOGY,YC1YP79BFD19,YC1YP79BFD19,CALIFORNIA INSTITUTE OF TECHNOLOGY,CALIFORNIA INSTITUTE OF TECHNOLOGY,USA,CA,LOS ANGELES,PASADENA,CA-28,CA-28,911098001,UNITED STATES,CALIFORNIA,LOS ANGELES,CA-28,CA-28,911098099,,,AR22,R&D- SPACE: SCIENCE/APPLICATIONS (APPLIED RESEARCH/EXPLORATORY DEVELOPMENT),541715,"RESEARCH AND DEVELOPMENT IN THE PHYSICAL, ENGINEERING, AND LIFE SCIENCES (EXCEPT NANOTECHNOLOGY AND BIOTECHNOLOGY)",,,https://www.usaspending.gov/award/CONT_AWD_80NM0018F0797_8000_80NM0018D0004_8000/,2022-09-25
National Aeronautics and Space Administration,National Aeronautics and Space Administration,FY2022P12,,080,2022,2023,,0120,000,080-2022/2023-0120-000,"Science, National Aeronautics and Space Administration",National Aeronautics and Space Administration,,"General Science, Space, and Technology","Space flight, research, and supporting activities",080-0120,"Science, National Aeronautics and Space Administration",0001,SCIENCE (DIRECT),25.5,Research and development contracts,D,Q,Not Designated Nonemergency/Emergency/Disaster/Wildfire Suppression,,71283.24,,,CONT_AWD_80NM0018F0797_8000_80NM0018D0004_8000,80NM0018F0797,80NM0018D0004,,,2018-08-10,2018,2025-08-06,2025,2018-10-01,2026-09-30,,C,DELIVERY ORDER,,,JPL TECHNICAL SUPPORT TO THE MAVEN PROJECT 40-15537,080,NATIONAL AERONAUTICS AND SPACE ADMINISTRATION (NASA),8000,NATIONAL AERONAUTICS AND SPACE ADMINISTRATION,80NM00,NASA MANAGEMENT OFFICE -- JPL,080,NATIONAL AERONAUTICS AND SPACE ADMINISTRATION (NASA),8000,NATIONAL AERONAUTICS AND SPACE ADMINISTRATION,80NM00,NASA MANAGEMENT OFFICE -- JPL,YC1YP79BFD19,,CALIFORNIA INSTITUTE OF TECHNOLOGY,CALIFORNIA INSTITUTE OF TECHNOLOGY,YC1YP79BFD19,YC1YP79BFD19,CALIFORNIA INSTITUTE OF TECHNOLOGY,CALIFORNIA INSTITUTE OF TECHNOLOGY,USA,CA,LOS ANGELES,PASADENA,CA-28,CA-28,911098001,UNITED STATES,CALIFORNIA,LOS ANGELES,CA-28,CA-28,911098099,,,AR22,R&D- SPACE: SCIENCE/APPLICATIONS (APPLIED RESEARCH/EXPLORATORY DEVELOPMENT),541715,"RESEARCH AND DEVELOPMENT IN THE PHYSICAL, ENGINEERING, AND LIFE SCIENCES (EXCEPT NANOTECHNOLOGY AND BIOTECHNOLOGY)",,,https://www.usaspending.gov/award/CONT_AWD_80NM0018F0797_8000_80NM0018D0004_8000/,2022-11-02
National Aeronautics and Space Administration,National Aeronautics and Space Administration,FY2022P12,,080,2021,2022,,0120,000,080-2021/2022-0120-000,"Science, National Aeronautics and Space Administration",National Aeronautics and Space Administration,,"General Science, Space, and Technology","Space flight, research, and supporting activities",080-0120,"Science, National Aeronautics and Space Administration",0001,SCIENCE (DIRECT),25.5,Research and development contracts,D,Q,Not Designated Nonemergency/Emergency/Disaster/Wildfire Suppression,,53669.54,,,CONT_AWD_80NM0018F0797_8000_80NM0018D0004_8000,80NM0018F0797,80NM0018D0004,,,2018-08-10,2018,2025-08-06,2025,2018-10-01,2026-09-30,,C,DELIVERY ORDER,,,JPL TECHNICAL SUPPORT TO THE MAVEN PROJECT 40-15537,080,NATIONAL AERONAUTICS AND SPACE ADMINISTRATION (NASA),8000,NATIONAL AERONAUTICS AND SPACE ADMINISTRATION,80NM00,NASA MANAGEMENT OFFICE -- JPL,080,NATIONAL AERONAUTICS AND SPACE ADMINISTRATION (NASA),8000,NATIONAL AERONAUTICS AND SPACE ADMINISTRATION,80NM00,NASA MANAGEMENT OFFICE -- JPL,YC1YP79BFD19,,CALIFORNIA INSTITUTE OF TECHNOLOGY,CALIFORNIA INSTITUTE OF TECHNOLOGY,YC1YP79BFD19,YC1YP79BFD19,CALIFORNIA INSTITUTE OF TECHNOLOGY,CALIFORNIA INSTITUTE OF TECHNOLOGY,USA,CA,LOS ANGELES,PASADENA,CA-28,CA-28,911098001,UNITED STATES,CALIFORNIA,LOS ANGELES,CA-28,CA-28,911098099,,,AR22,R&D- SPACE: SCIENCE/APPLICATIONS (APPLIED RESEARCH/EXPLORATORY DEVELOPMENT),541715,"RESEARCH AND DEVELOPMENT IN THE PHYSICAL, ENGINEERING, AND LIFE SCIENCES (EXCEPT NANOTECHNOLOGY AND BIOTECHNOLOGY)",,,https://www.usaspending.gov/award/CONT_AWD_80NM0018F0797_8000_80NM0018D0004_8000/,2022-11-02
National Aeronautics and Space Administration,National Aeronautics and Space Administration,FY2023P02,,080,2023,2024,,0120,000,080-2023/2024-0120-000,"Science, National Aeronautics and Space Administration",National Aeronautics and Space Administration,,"General Science, Space, and Technology","Space flight, research, and supporting activities",080-0120,"Science, National Aeronautics and Space Administration",0001,SCIENCE (DIRECT),25.5,Research and development contracts,D,Q,Not Designated Nonemergency/Emergency/Disaster/Wildfire Suppression,76000.00,,,,CONT_AWD_80NM0018F0797_8000_80NM0018D0004_8000,80NM0018F0797,80NM0018D0004,,,2018-08-10,2018,2025-08-06,2025,2018-10-01,2026-09-30,,C,DELIVERY ORDER,,,JPL TECHNICAL SUPPORT TO THE MAVEN PROJECT 40-15537,080,NATIONAL AERONAUTICS AND SPACE ADMINISTRATION (NASA),8000,NATIONAL AERONAUTICS AND SPACE ADMINISTRATION,80NM00,NASA MANAGEMENT OFFICE -- JPL,080,NATIONAL AERONAUTICS AND SPACE ADMINISTRATION (NASA),8000,NATIONAL AERONAUTICS AND SPACE ADMINISTRATION,80NM00,NASA MANAGEMENT OFFICE -- JPL,YC1YP79BFD19,,CALIFORNIA INSTITUTE OF TECHNOLOGY,CALIFORNIA INSTITUTE OF TECHNOLOGY,YC1YP79BFD19,YC1YP79BFD19,CALIFORNIA INSTITUTE OF TECHNOLOGY,CALIFORNIA INSTITUTE OF TECHNOLOGY,USA,CA,LOS ANGELES,PASADENA,CA-28,CA-28,911098001,UNITED STATES,CALIFORNIA,LOS ANGELES,CA-28,CA-28,911098099,,,AR22,R&D- SPACE: SCIENCE/APPLICATIONS (APPLIED RESEARCH/EXPLORATORY DEVELOPMENT),541715,"RESEARCH AND DEVELOPMENT IN THE PHYSICAL, ENGINEERING, AND LIFE SCIENCES (EXCEPT NANOTECHNOLOGY AND BIOTECHNOLOGY)",,,https://www.usaspending.gov/award/CONT_AWD_80NM0018F0797_8000_80NM0018D0004_8000/,2023-01-06
National Aeronautics and Space Administration,National Aeronautics and Space Administration,FY2023P02,,080,2022,2023,,0120,000,080-2022/2023-0120-000,"Science, National Aeronautics and Space Administration",National Aeronautics and Space Administration,,"General Science, Space, and Technology","Space flight, research, and supporting activities",080-0120,"Science, National Aeronautics and Space Administration",0001,SCIENCE (DIRECT),25.5,Research and development contracts,D,Q,Not Designated Nonemergency/Emergency/Disaster/Wildfire Suppression,,29396.23,,,CONT_AWD_80NM0018F0797_8000_80NM0018D0004_8000,80NM0018F0797,80NM0018D0004,,,2018-08-10,2018,2025-08-06,2025,2018-10-01,2026-09-30,,C,DELIVERY ORDER,,,JPL TECHNICAL SUPPORT TO THE MAVEN PROJECT 40-15537,080,NATIONAL AERONAUTICS AND SPACE ADMINISTRATION (NASA),8000,NATIONAL AERONAUTICS AND SPACE ADMINISTRATION,80NM00,NASA MANAGEMENT OFFICE -- JPL,080,NATIONAL AERONAUTICS AND SPACE ADMINISTRATION (NASA),8000,NATIONAL AERONAUTICS AND SPACE ADMINISTRATION,80NM00,NASA MANAGEMENT OFFICE -- JPL,YC1YP79BFD19,,CALIFORNIA INSTITUTE OF TECHNOLOGY,CALIFORNIA INSTITUTE OF TECHNOLOGY,YC1YP79BFD19,YC1YP79BFD19,CALIFORNIA INSTITUTE OF TECHNOLOGY,CALIFORNIA INSTITUTE OF TECHNOLOGY,USA,CA,LOS ANGELES,PASADENA,CA-28,CA-28,911098001,UNITED STATES,CALIFORNIA,LOS ANGELES,CA-28,CA-28,911098099,,,AR22,R&D- SPACE: SCIENCE/APPLICATIONS (APPLIED RESEARCH/EXPLORATORY DEVELOPMENT),541715,"RESEARCH AND DEVELOPMENT IN THE PHYSICAL, ENGINEERING, AND LIFE SCIENCES (EXCEPT NANOTECHNOLOGY AND BIOTECHNOLOGY)",,,https://www.usaspending.gov/award/CONT_AWD_80NM0018F0797_8000_80NM0018D0004_8000/,2023-01-06
National Aeronautics and Space Administration,National Aeronautics and Space Administration,FY2023P03,,080,2022,2023,,0120,000,080-2022/2023-0120-000,"Science, National Aeronautics and Space Administration",National Aeronautics and Space Administration,,"General Science, Space, and Technology","Space flight, research, and supporting activities",080-0120,"Science, National Aeronautics and Space Administration",0001,SCIENCE (DIRECT),25.5,Research and development contracts,D,Q,Not Designated Nonemergency/Emergency/Disaster/Wildfire Suppression,,38753.66,,,CONT_AWD_80NM0018F0797_8000_80NM0018D0004_8000,80NM0018F0797,80NM0018D0004,,,2018-08-10,2018,2025-08-06,2025,2018-10-01,2026-09-30,,C,DELIVERY ORDER,,,JPL TECHNICAL SUPPORT TO THE MAVEN PROJECT 40-15537,080,NATIONAL AERONAUTICS AND SPACE ADMINISTRATION (NASA),8000,NATIONAL AERONAUTICS AND SPACE ADMINISTRATION,80NM00,NASA MANAGEMENT OFFICE -- JPL,080,NATIONAL AERONAUTICS AND SPACE ADMINISTRATION (NASA),8000,NATIONAL AERONAUTICS AND SPACE ADMINISTRATION,80NM00,NASA MANAGEMENT OFFICE -- JPL,YC1YP79BFD19,,CALIFORNIA INSTITUTE OF TECHNOLOGY,CALIFORNIA INSTITUTE OF TECHNOLOGY,YC1YP79BFD19,YC1YP79BFD19,CALIFORNIA INSTITUTE OF TECHNOLOGY,CALIFORNIA INSTITUTE OF TECHNOLOGY,USA,CA,LOS ANGELES,PASADENA,CA-28,CA-28,911098001,UNITED STATES,CALIFORNIA,LOS ANGELES,CA-28,CA-28,911098099,,,AR22,R&D- SPACE: SCIENCE/APPLICATIONS (APPLIED RESEARCH/EXPLORATORY DEVELOPMENT),541715,"RESEARCH AND DEVELOPMENT IN THE PHYSICAL, ENGINEERING, AND LIFE SCIENCES (EXCEPT NANOTECHNOLOGY AND BIOTECHNOLOGY)",,,https://www.usaspending.gov/award/CONT_AWD_80NM0018F0797_8000_80NM0018D0004_8000/,2023-01-31
National Aeronautics and Space Administration,National Aeronautics and Space Administration,FY2023P04,,080,2023,2024,,0120,000,080-2023/2024-0120-000,"Science, National Aeronautics and Space Administration",National Aeronautics and Space Administration,,"General Science, Space, and Technology","Space flight, research, and supporting activities",080-0120,"Science, National Aeronautics and Space Administration",0001,SCIENCE (DIRECT),25.5,Research and development contracts,D,Q,Not Designated Nonemergency/Emergency/Disaster/Wildfire Suppression,24000.00,,,,CONT_AWD_80NM0018F0797_8000_80NM0018D0004_8000,80NM0018F0797,80NM0018D0004,,,2018-08-10,2018,2025-08-06,2025,2018-10-01,2026-09-30,,C,DELIVERY ORDER,,,JPL TECHNICAL SUPPORT TO THE MAVEN PROJECT 40-15537,080,NATIONAL AERONAUTICS AND SPACE ADMINISTRATION (NASA),8000,NATIONAL AERONAUTICS AND SPACE ADMINISTRATION,80NM00,NASA MANAGEMENT OFFICE -- JPL,080,NATIONAL AERONAUTICS AND SPACE ADMINISTRATION (NASA),8000,NATIONAL AERONAUTICS AND SPACE ADMINISTRATION,80NM00,NASA MANAGEMENT OFFICE -- JPL,YC1YP79BFD19,,CALIFORNIA INSTITUTE OF TECHNOLOGY,CALIFORNIA INSTITUTE OF TECHNOLOGY,YC1YP79BFD19,YC1YP79BFD19,CALIFORNIA INSTITUTE OF TECHNOLOGY,CALIFORNIA INSTITUTE OF TECHNOLOGY,USA,CA,LOS ANGELES,PASADENA,CA-28,CA-28,911098001,UNITED STATES,CALIFORNIA,LOS ANGELES,CA-28,CA-28,911098099,,,AR22,R&D- SPACE: SCIENCE/APPLICATIONS (APPLIED RESEARCH/EXPLORATORY DEVELOPMENT),541715,"RESEARCH AND DEVELOPMENT IN THE PHYSICAL, ENGINEERING, AND LIFE SCIENCES (EXCEPT NANOTECHNOLOGY AND BIOTECHNOLOGY)",,,https://www.usaspending.gov/award/CONT_AWD_80NM0018F0797_8000_80NM0018D0004_8000/,2023-02-23
National Aeronautics and Space Administration,National Aeronautics and Space Administration,FY2023P04,,080,2023,2024,,0120,000,080-2023/2024-0120-000,"Science, National Aeronautics and Space Administration",National Aeronautics and Space Administration,,"General Science, Space, and Technology","Space flight, research, and supporting activities",080-0120,"Science, National Aeronautics and Space Administration",0001,SCIENCE (DIRECT),25.5,Research and development contracts,D,Q,Not Designated Nonemergency/Emergency/Disaster/Wildfire Suppression,18000.00,,,,CONT_AWD_80NM0018F0797_8000_80NM0018D0004_8000,80NM0018F0797,80NM0018D0004,,,2018-08-10,2018,2025-08-06,2025,2018-10-01,2026-09-30,,C,DELIVERY ORDER,,,JPL TECHNICAL SUPPORT TO THE MAVEN PROJECT 40-15537,080,NATIONAL AERONAUTICS AND SPACE ADMINISTRATION (NASA),8000,NATIONAL AERONAUTICS AND SPACE ADMINISTRATION,80NM00,NASA MANAGEMENT OFFICE -- JPL,080,NATIONAL AERONAUTICS AND SPACE ADMINISTRATION (NASA),8000,NATIONAL AERONAUTICS AND SPACE ADMINISTRATION,80NM00,NASA MANAGEMENT OFFICE -- JPL,YC1YP79BFD19,,CALIFORNIA INSTITUTE OF TECHNOLOGY,CALIFORNIA INSTITUTE OF TECHNOLOGY,YC1YP79BFD19,YC1YP79BFD19,CALIFORNIA INSTITUTE OF TECHNOLOGY,CALIFORNIA INSTITUTE OF TECHNOLOGY,USA,CA,LOS ANGELES,PASADENA,CA-28,CA-28,911098001,UNITED STATES,CALIFORNIA,LOS ANGELES,CA-28,CA-28,911098099,,,AR22,R&D- SPACE: SCIENCE/APPLICATIONS (APPLIED RESEARCH/EXPLORATORY DEVELOPMENT),541715,"RESEARCH AND DEVELOPMENT IN THE PHYSICAL, ENGINEERING, AND LIFE SCIENCES (EXCEPT NANOTECHNOLOGY AND BIOTECHNOLOGY)",,,https://www.usaspending.gov/award/CONT_AWD_80NM0018F0797_8000_80NM0018D0004_8000/,2023-02-23
National Aeronautics and Space Administration,National Aeronautics and Space Administration,FY2023P04,,080,2022,2023,,0120,000,080-2022/2023-0120-000,"Science, National Aeronautics and Space Administration",National Aeronautics and Space Administration,,"General Science, Space, and Technology","Space flight, research, and supporting activities",080-0120,"Science, National Aeronautics and Space Administration",0001,SCIENCE (DIRECT),25.5,Research and development contracts,D,Q,Not Designated Nonemergency/Emergency/Disaster/Wildfire Suppression,,55742.94,,,CONT_AWD_80NM0018F0797_8000_80NM0018D0004_8000,80NM0018F0797,80NM0018D0004,,,2018-08-10,2018,2025-08-06,2025,2018-10-01,2026-09-30,,C,DELIVERY ORDER,,,JPL TECHNICAL SUPPORT TO THE MAVEN PROJECT 40-15537,080,NATIONAL AERONAUTICS AND SPACE ADMINISTRATION (NASA),8000,NATIONAL AERONAUTICS AND SPACE ADMINISTRATION,80NM00,NASA MANAGEMENT OFFICE -- JPL,080,NATIONAL AERONAUTICS AND SPACE ADMINISTRATION (NASA),8000,NATIONAL AERONAUTICS AND SPACE ADMINISTRATION,80NM00,NASA MANAGEMENT OFFICE -- JPL,YC1YP79BFD19,,CALIFORNIA INSTITUTE OF TECHNOLOGY,CALIFORNIA INSTITUTE OF TECHNOLOGY,YC1YP79BFD19,YC1YP79BFD19,CALIFORNIA INSTITUTE OF TECHNOLOGY,CALIFORNIA INSTITUTE OF TECHNOLOGY,USA,CA,LOS ANGELES,PASADENA,CA-28,CA-28,911098001,UNITED STATES,CALIFORNIA,LOS ANGELES,CA-28,CA-28,911098099,,,AR22,R&D- SPACE: SCIENCE/APPLICATIONS (APPLIED RESEARCH/EXPLORATORY DEVELOPMENT),541715,"RESEARCH AND DEVELOPMENT IN THE PHYSICAL, ENGINEERING, AND LIFE SCIENCES (EXCEPT NANOTECHNOLOGY AND BIOTECHNOLOGY)",,,https://www.usaspending.gov/award/CONT_AWD_80NM0018F0797_8000_80NM0018D0004_8000/,2023-02-23
National Aeronautics and Space Administration,National Aeronautics and Space Administration,FY2023P05,,080,2023,2024,,0120,000,080-2023/2024-0120-000,"Science, National Aeronautics and Space Administration",National Aeronautics and Space Administration,,"General Science, Space, and Technology","Space flight, research, and supporting activities",080-0120,"Science, National Aeronautics and Space Administration",0001,SCIENCE (DIRECT),25.5,Research and development contracts,D,Q,Not Designated Nonemergency/Emergency/Disaster/Wildfire Suppression,,2245.71,,,CONT_AWD_80NM0018F0797_8000_80NM0018D0004_8000,80NM0018F0797,80NM0018D0004,,,2018-08-10,2018,2025-08-06,2025,2018-10-01,2026-09-30,,C,DELIVERY ORDER,,,JPL TECHNICAL SUPPORT TO THE MAVEN PROJECT 40-15537,080,NATIONAL AERONAUTICS AND SPACE ADMINISTRATION (NASA),8000,NATIONAL AERONAUTICS AND SPACE ADMINISTRATION,80NM00,NASA MANAGEMENT OFFICE -- JPL,080,NATIONAL AERONAUTICS AND SPACE ADMINISTRATION (NASA),8000,NATIONAL AERONAUTICS AND SPACE ADMINISTRATION,80NM00,NASA MANAGEMENT OFFICE -- JPL,YC1YP79BFD19,,CALIFORNIA INSTITUTE OF TECHNOLOGY,CALIFORNIA INSTITUTE OF TECHNOLOGY,YC1YP79BFD19,YC1YP79BFD19,CALIFORNIA INSTITUTE OF TECHNOLOGY,CALIFORNIA INSTITUTE OF TECHNOLOGY,USA,CA,LOS ANGELES,PASADENA,CA-28,CA-28,911098001,UNITED STATES,CALIFORNIA,LOS ANGELES,CA-28,CA-28,911098099,,,AR22,R&D- SPACE: SCIENCE/APPLICATIONS (APPLIED RESEARCH/EXPLORATORY DEVELOPMENT),541715,"RESEARCH AND DEVELOPMENT IN THE PHYSICAL, ENGINEERING, AND LIFE SCIENCES (EXCEPT NANOTECHNOLOGY AND BIOTECHNOLOGY)",,,https://www.usaspending.gov/award/CONT_AWD_80NM0018F0797_8000_80NM0018D0004_8000/,2023-03-27
National Aeronautics and Space Administration,National Aeronautics and Space Administration,FY2023P05,,080,2022,2023,,0120,000,080-2022/2023-0120-000,"Science, National Aeronautics and Space Administration",National Aeronautics and Space Administration,,"General Science, Space, and Technology","Space flight, research, and supporting activities",080-0120,"Science, National Aeronautics and Space Administration",0001,SCIENCE (DIRECT),25.5,Research and development contracts,D,Q,Not Designated Nonemergency/Emergency/Disaster/Wildfire Suppression,,68716.76,,,CONT_AWD_80NM0018F0797_8000_80NM0018D0004_8000,80NM0018F0797,80NM0018D0004,,,2018-08-10,2018,2025-08-06,2025,2018-10-01,2026-09-30,,C,DELIVERY ORDER,,,JPL TECHNICAL SUPPORT TO THE MAVEN PROJECT 40-15537,080,NATIONAL AERONAUTICS AND SPACE ADMINISTRATION (NASA),8000,NATIONAL AERONAUTICS AND SPACE ADMINISTRATION,80NM00,NASA MANAGEMENT OFFICE -- JPL,080,NATIONAL AERONAUTICS AND SPACE ADMINISTRATION (NASA),8000,NATIONAL AERONAUTICS AND SPACE ADMINISTRATION,80NM00,NASA MANAGEMENT OFFICE -- JPL,YC1YP79BFD19,,CALIFORNIA INSTITUTE OF TECHNOLOGY,CALIFORNIA INSTITUTE OF TECHNOLOGY,YC1YP79BFD19,YC1YP79BFD19,CALIFORNIA INSTITUTE OF TECHNOLOGY,CALIFORNIA INSTITUTE OF TECHNOLOGY,USA,CA,LOS ANGELES,PASADENA,CA-28,CA-28,911098001,UNITED STATES,CALIFORNIA,LOS ANGELES,CA-28,CA-28,911098099,,,AR22,R&D- SPACE: SCIENCE/APPLICATIONS (APPLIED RESEARCH/EXPLORATORY DEVELOPMENT),541715,"RESEARCH AND DEVELOPMENT IN THE PHYSICAL, ENGINEERING, AND LIFE SCIENCES (EXCEPT NANOTECHNOLOGY AND BIOTECHNOLOGY)",,,https://www.usaspending.gov/award/CONT_AWD_80NM0018F0797_8000_80NM0018D0004_8000/,2023-03-27
National Aeronautics and Space Administration,National Aeronautics and Space Administration,FY2023P06,,080,2023,2024,,0120,000,080-2023/2024-0120-000,"Science, National Aeronautics and Space Administration",National Aeronautics and Space Administration,,"General Science, Space, and Technology","Space flight, research, and supporting activities",080-0120,"Science, National Aeronautics and Space Administration",0001,SCIENCE (DIRECT),25.5,Research and development contracts,D,Q,Not Designated Nonemergency/Emergency/Disaster/Wildfire Suppression,31485.00,,,,CONT_AWD_80NM0018F0797_8000_80NM0018D0004_8000,80NM0018F0797,80NM0018D0004,,,2018-08-10,2018,2025-08-06,2025,2018-10-01,2026-09-30,,C,DELIVERY ORDER,,,JPL TECHNICAL SUPPORT TO THE MAVEN PROJECT 40-15537,080,NATIONAL AERONAUTICS AND SPACE ADMINISTRATION (NASA),8000,NATIONAL AERONAUTICS AND SPACE ADMINISTRATION,80NM00,NASA MANAGEMENT OFFICE -- JPL,080,NATIONAL AERONAUTICS AND SPACE ADMINISTRATION (NASA),8000,NATIONAL AERONAUTICS AND SPACE ADMINISTRATION,80NM00,NASA MANAGEMENT OFFICE -- JPL,YC1YP79BFD19,,CALIFORNIA INSTITUTE OF TECHNOLOGY,CALIFORNIA INSTITUTE OF TECHNOLOGY,YC1YP79BFD19,YC1YP79BFD19,CALIFORNIA INSTITUTE OF TECHNOLOGY,CALIFORNIA INSTITUTE OF TECHNOLOGY,USA,CA,LOS ANGELES,PASADENA,CA-28,CA-28,911098001,UNITED STATES,CALIFORNIA,LOS ANGELES,CA-28,CA-28,911098099,,,AR22,R&D- SPACE: SCIENCE/APPLICATIONS (APPLIED RESEARCH/EXPLORATORY DEVELOPMENT),541715,"RESEARCH AND DEVELOPMENT IN THE PHYSICAL, ENGINEERING, AND LIFE SCIENCES (EXCEPT NANOTECHNOLOGY AND BIOTECHNOLOGY)",,,https://www.usaspending.gov/award/CONT_AWD_80NM0018F0797_8000_80NM0018D0004_8000/,2023-04-27
National Aeronautics and Space Administration,National Aeronautics and Space Administration,FY2023P06,,080,2023,2024,,0120,000,080-2023/2024-0120-000,"Science, National Aeronautics and Space Administration",National Aeronautics and Space Administration,,"General Science, Space, and Technology","Space flight, research, and supporting activities",080-0120,"Science, National Aeronautics and Space Administration",0001,SCIENCE (DIRECT),25.5,Research and development contracts,D,Q,Not Designated Nonemergency/Emergency/Disaster/Wildfire Suppression,,20140.18,,,CONT_AWD_80NM0018F0797_8000_80NM0018D0004_8000,80NM0018F0797,80NM0018D0004,,,2018-08-10,2018,2025-08-06,2025,2018-10-01,2026-09-30,,C,DELIVERY ORDER,,,JPL TECHNICAL SUPPORT TO THE MAVEN PROJECT 40-15537,080,NATIONAL AERONAUTICS AND SPACE ADMINISTRATION (NASA),8000,NATIONAL AERONAUTICS AND SPACE ADMINISTRATION,80NM00,NASA MANAGEMENT OFFICE -- JPL,080,NATIONAL AERONAUTICS AND SPACE ADMINISTRATION (NASA),8000,NATIONAL AERONAUTICS AND SPACE ADMINISTRATION,80NM00,NASA MANAGEMENT OFFICE -- JPL,YC1YP79BFD19,,CALIFORNIA INSTITUTE OF TECHNOLOGY,CALIFORNIA INSTITUTE OF TECHNOLOGY,YC1YP79BFD19,YC1YP79BFD19,CALIFORNIA INSTITUTE OF TECHNOLOGY,CALIFORNIA INSTITUTE OF TECHNOLOGY,USA,CA,LOS ANGELES,PASADENA,CA-28,CA-28,911098001,UNITED STATES,CALIFORNIA,LOS ANGELES,CA-28,CA-28,911098099,,,AR22,R&D- SPACE: SCIENCE/APPLICATIONS (APPLIED RESEARCH/EXPLORATORY DEVELOPMENT),541715,"RESEARCH AND DEVELOPMENT IN THE PHYSICAL, ENGINEERING, AND LIFE SCIENCES (EXCEPT NANOTECHNOLOGY AND BIOTECHNOLOGY)",,,https://www.usaspending.gov/award/CONT_AWD_80NM0018F0797_8000_80NM0018D0004_8000/,2023-04-27
National Aeronautics and Space Administration,National Aeronautics and Space Administration,FY2023P06,,080,2022,2023,,0120,000,080-2022/2023-0120-000,"Science, National Aeronautics and Space Administration",National Aeronautics and Space Administration,,"General Science, Space, and Technology","Space flight, research, and supporting activities",080-0120,"Science, National Aeronautics and Space Administration",0001,SCIENCE (DIRECT),25.5,Research and development contracts,D,Q,Not Designated Nonemergency/Emergency/Disaster/Wildfire Suppression,,68716.76,,,CONT_AWD_80NM0018F0797_8000_80NM0018D0004_8000,80NM0018F0797,80NM0018D0004,,,2018-08-10,2018,2025-08-06,2025,2018-10-01,2026-09-30,,C,DELIVERY ORDER,,,JPL TECHNICAL SUPPORT TO THE MAVEN PROJECT 40-15537,080,NATIONAL AERONAUTICS AND SPACE ADMINISTRATION (NASA),8000,NATIONAL AERONAUTICS AND SPACE ADMINISTRATION,80NM00,NASA MANAGEMENT OFFICE -- JPL,080,NATIONAL AERONAUTICS AND SPACE ADMINISTRATION (NASA),8000,NATIONAL AERONAUTICS AND SPACE ADMINISTRATION,80NM00,NASA MANAGEMENT OFFICE -- JPL,YC1YP79BFD19,,CALIFORNIA INSTITUTE OF TECHNOLOGY,CALIFORNIA INSTITUTE OF TECHNOLOGY,YC1YP79BFD19,YC1YP79BFD19,CALIFORNIA INSTITUTE OF TECHNOLOGY,CALIFORNIA INSTITUTE OF TECHNOLOGY,USA,CA,LOS ANGELES,PASADENA,CA-28,CA-28,911098001,UNITED STATES,CALIFORNIA,LOS ANGELES,CA-28,CA-28,911098099,,,AR22,R&D- SPACE: SCIENCE/APPLICATIONS (APPLIED RESEARCH/EXPLORATORY DEVELOPMENT),541715,"RESEARCH AND DEVELOPMENT IN THE PHYSICAL, ENGINEERING, AND LIFE SCIENCES (EXCEPT NANOTECHNOLOGY AND BIOTECHNOLOGY)",,,https://www.usaspending.gov/award/CONT_AWD_80NM0018F0797_8000_80NM0018D0004_8000/,2023-04-27
National Aeronautics and Space Administration,National Aeronautics and Space Administration,FY2023P07,,080,2023,2024,,0120,000,080-2023/2024-0120-000,"Science, National Aeronautics and Space Administration",National Aeronautics and Space Administration,,"General Science, Space, and Technology","Space flight, research, and supporting activities",080-0120,"Science, National Aeronautics and Space Administration",0001,SCIENCE (DIRECT),25.5,Research and development contracts,D,Q,Not Designated Nonemergency/Emergency/Disaster/Wildfire Suppression,,31325.02,,,CONT_AWD_80NM0018F0797_8000_80NM0018D0004_8000,80NM0018F0797,80NM0018D0004,,,2018-08-10,2018,2025-08-06,2025,2018-10-01,2026-09-30,,C,DELIVERY ORDER,,,JPL TECHNICAL SUPPORT TO THE MAVEN PROJECT 40-15537,080,NATIONAL AERONAUTICS AND SPACE ADMINISTRATION (NASA),8000,NATIONAL AERONAUTICS AND SPACE ADMINISTRATION,80NM00,NASA MANAGEMENT OFFICE -- JPL,080,NATIONAL AERONAUTICS AND SPACE ADMINISTRATION (NASA),8000,NATIONAL AERONAUTICS AND SPACE ADMINISTRATION,80NM00,NASA MANAGEMENT OFFICE -- JPL,YC1YP79BFD19,,CALIFORNIA INSTITUTE OF TECHNOLOGY,CALIFORNIA INSTITUTE OF TECHNOLOGY,YC1YP79BFD19,YC1YP79BFD19,CALIFORNIA INSTITUTE OF TECHNOLOGY,CALIFORNIA INSTITUTE OF TECHNOLOGY,USA,CA,LOS ANGELES,PASADENA,CA-28,CA-28,911098001,UNITED STATES,CALIFORNIA,LOS ANGELES,CA-28,CA-28,911098099,,,AR22,R&D- SPACE: SCIENCE/APPLICATIONS (APPLIED RESEARCH/EXPLORATORY DEVELOPMENT),541715,"RESEARCH AND DEVELOPMENT IN THE PHYSICAL, ENGINEERING, AND LIFE SCIENCES (EXCEPT NANOTECHNOLOGY AND BIOTECHNOLOGY)",,,https://www.usaspending.gov/award/CONT_AWD_80NM0018F0797_8000_80NM0018D0004_8000/,2023-05-28
National Aeronautics and Space Administration,National Aeronautics and Space Administration,FY2023P07,,080,2022,2023,,0120,000,080-2022/2023-0120-000,"Science, National Aeronautics and Space Administration",National Aeronautics and Space Administration,,"General Science, Space, and Technology","Space flight, research, and supporting activities",080-0120,"Science, National Aeronautics and Space Administration",0001,SCIENCE (DIRECT),25.5,Research and development contracts,D,Q,Not Designated Nonemergency/Emergency/Disaster/Wildfire Suppression,,68716.76,,,CONT_AWD_80NM0018F0797_8000_80NM0018D0004_8000,80NM0018F0797,80NM0018D0004,,,2018-08-10,2018,2025-08-06,2025,2018-10-01,2026-09-30,,C,DELIVERY ORDER,,,JPL TECHNICAL SUPPORT TO THE MAVEN PROJECT 40-15537,080,NATIONAL AERONAUTICS AND SPACE ADMINISTRATION (NASA),8000,NATIONAL AERONAUTICS AND SPACE ADMINISTRATION,80NM00,NASA MANAGEMENT OFFICE -- JPL,080,NATIONAL AERONAUTICS AND SPACE ADMINISTRATION (NASA),8000,NATIONAL AERONAUTICS AND SPACE ADMINISTRATION,80NM00,NASA MANAGEMENT OFFICE -- JPL,YC1YP79BFD19,,CALIFORNIA INSTITUTE OF TECHNOLOGY,CALIFORNIA INSTITUTE OF TECHNOLOGY,YC1YP79BFD19,YC1YP79BFD19,CALIFORNIA INSTITUTE OF TECHNOLOGY,CALIFORNIA INSTITUTE OF TECHNOLOGY,USA,CA,LOS ANGELES,PASADENA,CA-28,CA-28,911098001,UNITED STATES,CALIFORNIA,LOS ANGELES,CA-28,CA-28,911098099,,,AR22,R&D- SPACE: SCIENCE/APPLICATIONS (APPLIED RESEARCH/EXPLORATORY DEVELOPMENT),541715,"RESEARCH AND DEVELOPMENT IN THE PHYSICAL, ENGINEERING, AND LIFE SCIENCES (EXCEPT NANOTECHNOLOGY AND BIOTECHNOLOGY)",,,https://www.usaspending.gov/award/CONT_AWD_80NM0018F0797_8000_80NM0018D0004_8000/,2023-05-28
National Aeronautics and Space Administration,National Aeronautics and Space Administration,FY2023P08,,080,2023,2024,,0120,000,080-2023/2024-0120-000,"Science, National Aeronautics and Space Administration",National Aeronautics and Space Administration,,"General Science, Space, and Technology","Space flight, research, and supporting activities",080-0120,"Science, National Aeronautics and Space Administration",0001,SCIENCE (DIRECT),25.5,Research and development contracts,D,Q,Not Designated Nonemergency/Emergency/Disaster/Wildfire Suppression,,44566.43,,,CONT_AWD_80NM0018F0797_8000_80NM0018D0004_8000,80NM0018F0797,80NM0018D0004,,,2018-08-10,2018,2025-08-06,2025,2018-10-01,2026-09-30,,C,DELIVERY ORDER,,,JPL TECHNICAL SUPPORT TO THE MAVEN PROJECT 40-15537,080,NATIONAL AERONAUTICS AND SPACE ADMINISTRATION (NASA),8000,NATIONAL AERONAUTICS AND SPACE ADMINISTRATION,80NM00,NASA MANAGEMENT OFFICE -- JPL,080,NATIONAL AERONAUTICS AND SPACE ADMINISTRATION (NASA),8000,NATIONAL AERONAUTICS AND SPACE ADMINISTRATION,80NM00,NASA MANAGEMENT OFFICE -- JPL,YC1YP79BFD19,,CALIFORNIA INSTITUTE OF TECHNOLOGY,CALIFORNIA INSTITUTE OF TECHNOLOGY,YC1YP79BFD19,YC1YP79BFD19,CALIFORNIA INSTITUTE OF TECHNOLOGY,CALIFORNIA INSTITUTE OF TECHNOLOGY,USA,CA,LOS ANGELES,PASADENA,CA-28,CA-28,911098001,UNITED STATES,CALIFORNIA,LOS ANGELES,CA-28,CA-28,911098099,,,AR22,R&D- SPACE: SCIENCE/APPLICATIONS (APPLIED RESEARCH/EXPLORATORY DEVELOPMENT),541715,"RESEARCH AND DEVELOPMENT IN THE PHYSICAL, ENGINEERING, AND LIFE SCIENCES (EXCEPT NANOTECHNOLOGY AND BIOTECHNOLOGY)",,,https://www.usaspending.gov/award/CONT_AWD_80NM0018F0797_8000_80NM0018D0004_8000/,2023-06-28
National Aeronautics and Space Administration,National Aeronautics and Space Administration,FY2023P08,,080,2022,2023,,0120,000,080-2022/2023-0120-000,"Science, National Aeronautics and Space Administration",National Aeronautics and Space Administration,,"General Science, Space, and Technology","Space flight, research, and supporting activities",080-0120,"Science, National Aeronautics and Space Administration",0001,SCIENCE (DIRECT),25.5,Research and development contracts,D,Q,Not Designated Nonemergency/Emergency/Disaster/Wildfire Suppression,,68716.76,,,CONT_AWD_80NM0018F0797_8000_80NM0018D0004_8000,80NM0018F0797,80NM0018D0004,,,2018-08-10,2018,2025-08-06,2025,2018-10-01,2026-09-30,,C,DELIVERY ORDER,,,JPL TECHNICAL SUPPORT TO THE MAVEN PROJECT 40-15537,080,NATIONAL AERONAUTICS AND SPACE ADMINISTRATION (NASA),8000,NATIONAL AERONAUTICS AND SPACE ADMINISTRATION,80NM00,NASA MANAGEMENT OFFICE -- JPL,080,NATIONAL AERONAUTICS AND SPACE ADMINISTRATION (NASA),8000,NATIONAL AERONAUTICS AND SPACE ADMINISTRATION,80NM00,NASA MANAGEMENT OFFICE -- JPL,YC1YP79BFD19,,CALIFORNIA INSTITUTE OF TECHNOLOGY,CALIFORNIA INSTITUTE OF TECHNOLOGY,YC1YP79BFD19,YC1YP79BFD19,CALIFORNIA INSTITUTE OF TECHNOLOGY,CALIFORNIA INSTITUTE OF TECHNOLOGY,USA,CA,LOS ANGELES,PASADENA,CA-28,CA-28,911098001,UNITED STATES,CALIFORNIA,LOS ANGELES,CA-28,CA-28,911098099,,,AR22,R&D- SPACE: SCIENCE/APPLICATIONS (APPLIED RESEARCH/EXPLORATORY DEVELOPMENT),541715,"RESEARCH AND DEVELOPMENT IN THE PHYSICAL, ENGINEERING, AND LIFE SCIENCES (EXCEPT NANOTECHNOLOGY AND BIOTECHNOLOGY)",,,https://www.usaspending.gov/award/CONT_AWD_80NM0018F0797_8000_80NM0018D0004_8000/,2023-06-28
National Aeronautics and Space Administration,National Aeronautics and Space Administration,FY2023P09,,080,2023,2024,,0120,000,080-2023/2024-0120-000,"Science, National Aeronautics and Space Administration",National Aeronautics and Space Administration,,"General Science, Space, and Technology","Space flight, research, and supporting activities",080-0120,"Science, National Aeronautics and Space Administration",0001,SCIENCE (DIRECT),25.5,Research and development contracts,D,Q,Not Designated Nonemergency/Emergency/Disaster/Wildfire Suppression,,63585.52,,,CONT_AWD_80NM0018F0797_8000_80NM0018D0004_8000,80NM0018F0797,80NM0018D0004,,,2018-08-10,2018,2025-08-06,2025,2018-10-01,2026-09-30,,C,DELIVERY ORDER,,,JPL TECHNICAL SUPPORT TO THE MAVEN PROJECT 40-15537,080,NATIONAL AERONAUTICS AND SPACE ADMINISTRATION (NASA),8000,NATIONAL AERONAUTICS AND SPACE ADMINISTRATION,80NM00,NASA MANAGEMENT OFFICE -- JPL,080,NATIONAL AERONAUTICS AND SPACE ADMINISTRATION (NASA),8000,NATIONAL AERONAUTICS AND SPACE ADMINISTRATION,80NM00,NASA MANAGEMENT OFFICE -- JPL,YC1YP79BFD19,,CALIFORNIA INSTITUTE OF TECHNOLOGY,CALIFORNIA INSTITUTE OF TECHNOLOGY,YC1YP79BFD19,YC1YP79BFD19,CALIFORNIA INSTITUTE OF TECHNOLOGY,CALIFORNIA INSTITUTE OF TECHNOLOGY,USA,CA,LOS ANGELES,PASADENA,CA-28,CA-28,911098001,UNITED STATES,CALIFORNIA,LOS ANGELES,CA-28,CA-28,911098099,,,AR22,R&D- SPACE: SCIENCE/APPLICATIONS (APPLIED RESEARCH/EXPLORATORY DEVELOPMENT),541715,"RESEARCH AND DEVELOPMENT IN THE PHYSICAL, ENGINEERING, AND LIFE SCIENCES (EXCEPT NANOTECHNOLOGY AND BIOTECHNOLOGY)",,,https://www.usaspending.gov/award/CONT_AWD_80NM0018F0797_8000_80NM0018D0004_8000/,2023-07-28
National Aeronautics and Space Administration,National Aeronautics and Space Administration,FY2023P09,,080,2022,2023,,0120,000,080-2022/2023-0120-000,"Science, National Aeronautics and Space Administration",National Aeronautics and Space Administration,,"General Science, Space, and Technology","Space flight, research, and supporting activities",080-0120,"Science, National Aeronautics and Space Administration",0001,SCIENCE (DIRECT),25.5,Research and development contracts,D,Q,Not Designated Nonemergency/Emergency/Disaster/Wildfire Suppression,,68716.76,,,CONT_AWD_80NM0018F0797_8000_80NM0018D0004_8000,80NM0018F0797,80NM0018D0004,,,2018-08-10,2018,2025-08-06,2025,2018-10-01,2026-09-30,,C,DELIVERY ORDER,,,JPL TECHNICAL SUPPORT TO THE MAVEN PROJECT 40-15537,080,NATIONAL AERONAUTICS AND SPACE ADMINISTRATION (NASA),8000,NATIONAL AERONAUTICS AND SPACE ADMINISTRATION,80NM00,NASA MANAGEMENT OFFICE -- JPL,080,NATIONAL AERONAUTICS AND SPACE ADMINISTRATION (NASA),8000,NATIONAL AERONAUTICS AND SPACE ADMINISTRATION,80NM00,NASA MANAGEMENT OFFICE -- JPL,YC1YP79BFD19,,CALIFORNIA INSTITUTE OF TECHNOLOGY,CALIFORNIA INSTITUTE OF TECHNOLOGY,YC1YP79BFD19,YC1YP79BFD19,CALIFORNIA INSTITUTE OF TECHNOLOGY,CALIFORNIA INSTITUTE OF TECHNOLOGY,USA,CA,LOS ANGELES,PASADENA,CA-28,CA-28,911098001,UNITED STATES,CALIFORNIA,LOS ANGELES,CA-28,CA-28,911098099,,,AR22,R&D- SPACE: SCIENCE/APPLICATIONS (APPLIED RESEARCH/EXPLORATORY DEVELOPMENT),541715,"RESEARCH AND DEVELOPMENT IN THE PHYSICAL, ENGINEERING, AND LIFE SCIENCES (EXCEPT NANOTECHNOLOGY AND BIOTECHNOLOGY)",,,https://www.usaspending.gov/award/CONT_AWD_80NM0018F0797_8000_80NM0018D0004_8000/,2023-07-28
National Aeronautics and Space Administration,National Aeronautics and Space Administration,FY2023P10,,080,2023,2024,,0120,000,080-2023/2024-0120-000,"Science, National Aeronautics and Space Administration",National Aeronautics and Space Administration,,"General Science, Space, and Technology","Space flight, research, and supporting activities",080-0120,"Science, National Aeronautics and Space Administration",0001,SCIENCE (DIRECT),25.5,Research and development contracts,D,Q,Not Designated Nonemergency/Emergency/Disaster/Wildfire Suppression,,69007.58,,,CONT_AWD_80NM0018F0797_8000_80NM0018D0004_8000,80NM0018F0797,80NM0018D0004,,,2018-08-10,2018,2025-08-06,2025,2018-10-01,2026-09-30,,C,DELIVERY ORDER,,,JPL TECHNICAL SUPPORT TO THE MAVEN PROJECT 40-15537,080,NATIONAL AERONAUTICS AND SPACE ADMINISTRATION (NASA),8000,NATIONAL AERONAUTICS AND SPACE ADMINISTRATION,80NM00,NASA MANAGEMENT OFFICE -- JPL,080,NATIONAL AERONAUTICS AND SPACE ADMINISTRATION (NASA),8000,NATIONAL AERONAUTICS AND SPACE ADMINISTRATION,80NM00,NASA MANAGEMENT OFFICE -- JPL,YC1YP79BFD19,,CALIFORNIA INSTITUTE OF TECHNOLOGY,CALIFORNIA INSTITUTE OF TECHNOLOGY,YC1YP79BFD19,YC1YP79BFD19,CALIFORNIA INSTITUTE OF TECHNOLOGY,CALIFORNIA INSTITUTE OF TECHNOLOGY,USA,CA,LOS ANGELES,PASADENA,CA-28,CA-28,911098001,UNITED STATES,CALIFORNIA,LOS ANGELES,CA-28,CA-28,911098099,,,AR22,R&D- SPACE: SCIENCE/APPLICATIONS (APPLIED RESEARCH/EXPLORATORY DEVELOPMENT),541715,"RESEARCH AND DEVELOPMENT IN THE PHYSICAL, ENGINEERING, AND LIFE SCIENCES (EXCEPT NANOTECHNOLOGY AND BIOTECHNOLOGY)",,,https://www.usaspending.gov/award/CONT_AWD_80NM0018F0797_8000_80NM0018D0004_8000/,2023-08-28
National Aeronautics and Space Administration,National Aeronautics and Space Administration,FY2023P10,,080,2022,2023,,0120,000,080-2022/2023-0120-000,"Science, National Aeronautics and Space Administration",National Aeronautics and Space Administration,,"General Science, Space, and Technology","Space flight, research, and supporting activities",080-0120,"Science, National Aeronautics and Space Administration",0001,SCIENCE (DIRECT),25.5,Research and development contracts,D,Q,Not Designated Nonemergency/Emergency/Disaster/Wildfire Suppression,,68716.76,,,CONT_AWD_80NM0018F0797_8000_80NM0018D0004_8000,80NM0018F0797,80NM0018D0004,,,2018-08-10,2018,2025-08-06,2025,2018-10-01,2026-09-30,,C,DELIVERY ORDER,,,JPL TECHNICAL SUPPORT TO THE MAVEN PROJECT 40-15537,080,NATIONAL AERONAUTICS AND SPACE ADMINISTRATION (NASA),8000,NATIONAL AERONAUTICS AND SPACE ADMINISTRATION,80NM00,NASA MANAGEMENT OFFICE -- JPL,080,NATIONAL AERONAUTICS AND SPACE ADMINISTRATION (NASA),8000,NATIONAL AERONAUTICS AND SPACE ADMINISTRATION,80NM00,NASA MANAGEMENT OFFICE -- JPL,YC1YP79BFD19,,CALIFORNIA INSTITUTE OF TECHNOLOGY,CALIFORNIA INSTITUTE OF TECHNOLOGY,YC1YP79BFD19,YC1YP79BFD19,CALIFORNIA INSTITUTE OF TECHNOLOGY,CALIFORNIA INSTITUTE OF TECHNOLOGY,USA,CA,LOS ANGELES,PASADENA,CA-28,CA-28,911098001,UNITED STATES,CALIFORNIA,LOS ANGELES,CA-28,CA-28,911098099,,,AR22,R&D- SPACE: SCIENCE/APPLICATIONS (APPLIED RESEARCH/EXPLORATORY DEVELOPMENT),541715,"RESEARCH AND DEVELOPMENT IN THE PHYSICAL, ENGINEERING, AND LIFE SCIENCES (EXCEPT NANOTECHNOLOGY AND BIOTECHNOLOGY)",,,https://www.usaspending.gov/award/CONT_AWD_80NM0018F0797_8000_80NM0018D0004_8000/,2023-08-28
National Aeronautics and Space Administration,National Aeronautics and Space Administration,FY2023P11,,080,2023,2024,,0120,000,080-2023/2024-0120-000,"Science, National Aeronautics and Space Administration",National Aeronautics and Space Administration,,"General Science, Space, and Technology","Space flight, research, and supporting activities",080-0120,"Science, National Aeronautics and Space Administration",0001,SCIENCE (DIRECT),25.5,Research and development contracts,D,Q,Not Designated Nonemergency/Emergency/Disaster/Wildfire Suppression,,83605.36,,,CONT_AWD_80NM0018F0797_8000_80NM0018D0004_8000,80NM0018F0797,80NM0018D0004,,,2018-08-10,2018,2025-08-06,2025,2018-10-01,2026-09-30,,C,DELIVERY ORDER,,,JPL TECHNICAL SUPPORT TO THE MAVEN PROJECT 40-15537,080,NATIONAL AERONAUTICS AND SPACE ADMINISTRATION (NASA),8000,NATIONAL AERONAUTICS AND SPACE ADMINISTRATION,80NM00,NASA MANAGEMENT OFFICE -- JPL,080,NATIONAL AERONAUTICS AND SPACE ADMINISTRATION (NASA),8000,NATIONAL AERONAUTICS AND SPACE ADMINISTRATION,80NM00,NASA MANAGEMENT OFFICE -- JPL,YC1YP79BFD19,,CALIFORNIA INSTITUTE OF TECHNOLOGY,CALIFORNIA INSTITUTE OF TECHNOLOGY,YC1YP79BFD19,YC1YP79BFD19,CALIFORNIA INSTITUTE OF TECHNOLOGY,CALIFORNIA INSTITUTE OF TECHNOLOGY,USA,CA,LOS ANGELES,PASADENA,CA-28,CA-28,911098001,UNITED STATES,CALIFORNIA,LOS ANGELES,CA-28,CA-28,911098099,,,AR22,R&D- SPACE: SCIENCE/APPLICATIONS (APPLIED RESEARCH/EXPLORATORY DEVELOPMENT),541715,"RESEARCH AND DEVELOPMENT IN THE PHYSICAL, ENGINEERING, AND LIFE SCIENCES (EXCEPT NANOTECHNOLOGY AND BIOTECHNOLOGY)",,,https://www.usaspending.gov/award/CONT_AWD_80NM0018F0797_8000_80NM0018D0004_8000/,2023-09-28
National Aeronautics and Space Administration,National Aeronautics and Space Administration,FY2023P11,,080,2022,2023,,0120,000,080-2022/2023-0120-000,"Science, National Aeronautics and Space Administration",National Aeronautics and Space Administration,,"General Science, Space, and Technology","Space flight, research, and supporting activities",080-0120,"Science, National Aeronautics and Space Administration",0001,SCIENCE (DIRECT),25.5,Research and development contracts,D,Q,Not Designated Nonemergency/Emergency/Disaster/Wildfire Suppression,,68716.76,,,CONT_AWD_80NM0018F0797_8000_80NM0018D0004_8000,80NM0018F0797,80NM0018D0004,,,2018-08-10,2018,2025-08-06,2025,2018-10-01,2026-09-30,,C,DELIVERY ORDER,,,JPL TECHNICAL SUPPORT TO THE MAVEN PROJECT 40-15537,080,NATIONAL AERONAUTICS AND SPACE ADMINISTRATION (NASA),8000,NATIONAL AERONAUTICS AND SPACE ADMINISTRATION,80NM00,NASA MANAGEMENT OFFICE -- JPL,080,NATIONAL AERONAUTICS AND SPACE ADMINISTRATION (NASA),8000,NATIONAL AERONAUTICS AND SPACE ADMINISTRATION,80NM00,NASA MANAGEMENT OFFICE -- JPL,YC1YP79BFD19,,CALIFORNIA INSTITUTE OF TECHNOLOGY,CALIFORNIA INSTITUTE OF TECHNOLOGY,YC1YP79BFD19,YC1YP79BFD19,CALIFORNIA INSTITUTE OF TECHNOLOGY,CALIFORNIA INSTITUTE OF TECHNOLOGY,USA,CA,LOS ANGELES,PASADENA,CA-28,CA-28,911098001,UNITED STATES,CALIFORNIA,LOS ANGELES,CA-28,CA-28,911098099,,,AR22,R&D- SPACE: SCIENCE/APPLICATIONS (APPLIED RESEARCH/EXPLORATORY DEVELOPMENT),541715,"RESEARCH AND DEVELOPMENT IN THE PHYSICAL, ENGINEERING, AND LIFE SCIENCES (EXCEPT NANOTECHNOLOGY AND BIOTECHNOLOGY)",,,https://www.usaspending.gov/award/CONT_AWD_80NM0018F0797_8000_80NM0018D0004_8000/,2023-09-28
National Aeronautics and Space Administration,National Aeronautics and Space Administration,FY2023P12,,080,2023,2024,,0120,000,080-2023/2024-0120-000,"Science, National Aeronautics and Space Administration",National Aeronautics and Space Administration,,"General Science, Space, and Technology","Space flight, research, and supporting activities",080-0120,"Science, National Aeronautics and Space Administration",0001,SCIENCE (DIRECT),25.5,Research and development contracts,D,Q,Not Designated Nonemergency/Emergency/Disaster/Wildfire Suppression,,100790.88,,,CONT_AWD_80NM0018F0797_8000_80NM0018D0004_8000,80NM0018F0797,80NM0018D0004,,,2018-08-10,2018,2025-08-06,2025,2018-10-01,2026-09-30,,C,DELIVERY ORDER,,,JPL TECHNICAL SUPPORT TO THE MAVEN PROJECT 40-15537,080,NATIONAL AERONAUTICS AND SPACE ADMINISTRATION (NASA),8000,NATIONAL AERONAUTICS AND SPACE ADMINISTRATION,80NM00,NASA MANAGEMENT OFFICE -- JPL,080,NATIONAL AERONAUTICS AND SPACE ADMINISTRATION (NASA),8000,NATIONAL AERONAUTICS AND SPACE ADMINISTRATION,80NM00,NASA MANAGEMENT OFFICE -- JPL,YC1YP79BFD19,,CALIFORNIA INSTITUTE OF TECHNOLOGY,CALIFORNIA INSTITUTE OF TECHNOLOGY,YC1YP79BFD19,YC1YP79BFD19,CALIFORNIA INSTITUTE OF TECHNOLOGY,CALIFORNIA INSTITUTE OF TECHNOLOGY,USA,CA,LOS ANGELES,PASADENA,CA-28,CA-28,911098001,UNITED STATES,CALIFORNIA,LOS ANGELES,CA-28,CA-28,911098099,,,AR22,R&D- SPACE: SCIENCE/APPLICATIONS (APPLIED RESEARCH/EXPLORATORY DEVELOPMENT),541715,"RESEARCH AND DEVELOPMENT IN THE PHYSICAL, ENGINEERING, AND LIFE SCIENCES (EXCEPT NANOTECHNOLOGY AND BIOTECHNOLOGY)",,,https://www.usaspending.gov/award/CONT_AWD_80NM0018F0797_8000_80NM0018D0004_8000/,2023-11-03
National Aeronautics and Space Administration,National Aeronautics and Space Administration,FY2023P12,,080,2022,2023,,0120,000,080-2022/2023-0120-000,"Science, National Aeronautics and Space Administration",National Aeronautics and Space Administration,,"General Science, Space, and Technology","Space flight, research, and supporting activities",080-0120,"Science, National Aeronautics and Space Administration",0001,SCIENCE (DIRECT),25.5,Research and development contracts,D,Q,Not Designated Nonemergency/Emergency/Disaster/Wildfire Suppression,,68716.76,,,CONT_AWD_80NM0018F0797_8000_80NM0018D0004_8000,80NM0018F0797,80NM0018D0004,,,2018-08-10,2018,2025-08-06,2025,2018-10-01,2026-09-30,,C,DELIVERY ORDER,,,JPL TECHNICAL SUPPORT TO THE MAVEN PROJECT 40-15537,080,NATIONAL AERONAUTICS AND SPACE ADMINISTRATION (NASA),8000,NATIONAL AERONAUTICS AND SPACE ADMINISTRATION,80NM00,NASA MANAGEMENT OFFICE -- JPL,080,NATIONAL AERONAUTICS AND SPACE ADMINISTRATION (NASA),8000,NATIONAL AERONAUTICS AND SPACE ADMINISTRATION,80NM00,NASA MANAGEMENT OFFICE -- JPL,YC1YP79BFD19,,CALIFORNIA INSTITUTE OF TECHNOLOGY,CALIFORNIA INSTITUTE OF TECHNOLOGY,YC1YP79BFD19,YC1YP79BFD19,CALIFORNIA INSTITUTE OF TECHNOLOGY,CALIFORNIA INSTITUTE OF TECHNOLOGY,USA,CA,LOS ANGELES,PASADENA,CA-28,CA-28,911098001,UNITED STATES,CALIFORNIA,LOS ANGELES,CA-28,CA-28,911098099,,,AR22,R&D- SPACE: SCIENCE/APPLICATIONS (APPLIED RESEARCH/EXPLORATORY DEVELOPMENT),541715,"RESEARCH AND DEVELOPMENT IN THE PHYSICAL, ENGINEERING, AND LIFE SCIENCES (EXCEPT NANOTECHNOLOGY AND BIOTECHNOLOGY)",,,https://www.usaspending.gov/award/CONT_AWD_80NM0018F0797_8000_80NM0018D0004_8000/,2023-11-03
National Aeronautics and Space Administration,National Aeronautics and Space Administration,FY2024P02,,080,2024,2025,,0120,000,080-2024/2025-0120-000,"Science, National Aeronautics and Space Administration",National Aeronautics and Space Administration,,"General Science, Space, and Technology","Space flight, research, and supporting activities",080-0120,"Science, National Aeronautics and Space Administration",0001,SCIENCE (DIRECT),25.5,Research and development contracts,D,Q,Not Designated Nonemergency/Emergency/Disaster/Wildfire Suppression,46667.00,,,,CONT_AWD_80NM0018F0797_8000_80NM0018D0004_8000,80NM0018F0797,80NM0018D0004,,,2018-08-10,2018,2025-08-06,2025,2018-10-01,2026-09-30,,C,DELIVERY ORDER,,,JPL TECHNICAL SUPPORT TO THE MAVEN PROJECT 40-15537,080,NATIONAL AERONAUTICS AND SPACE ADMINISTRATION (NASA),8000,NATIONAL AERONAUTICS AND SPACE ADMINISTRATION,80NM00,NASA MANAGEMENT OFFICE -- JPL,080,NATIONAL AERONAUTICS AND SPACE ADMINISTRATION (NASA),8000,NATIONAL AERONAUTICS AND SPACE ADMINISTRATION,80NM00,NASA MANAGEMENT OFFICE -- JPL,YC1YP79BFD19,,CALIFORNIA INSTITUTE OF TECHNOLOGY,CALIFORNIA INSTITUTE OF TECHNOLOGY,YC1YP79BFD19,YC1YP79BFD19,CALIFORNIA INSTITUTE OF TECHNOLOGY,CALIFORNIA INSTITUTE OF TECHNOLOGY,USA,CA,LOS ANGELES,PASADENA,CA-28,CA-28,911098001,UNITED STATES,CALIFORNIA,LOS ANGELES,CA-28,CA-28,911098099,,,AR22,R&D- SPACE: SCIENCE/APPLICATIONS (APPLIED RESEARCH/EXPLORATORY DEVELOPMENT),541715,"RESEARCH AND DEVELOPMENT IN THE PHYSICAL, ENGINEERING, AND LIFE SCIENCES (EXCEPT NANOTECHNOLOGY AND BIOTECHNOLOGY)",,,https://www.usaspending.gov/award/CONT_AWD_80NM0018F0797_8000_80NM0018D0004_8000/,2024-01-05
National Aeronautics and Space Administration,National Aeronautics and Space Administration,FY2024P02,,080,2024,2025,,0120,000,080-2024/2025-0120-000,"Science, National Aeronautics and Space Administration",National Aeronautics and Space Administration,,"General Science, Space, and Technology","Space flight, research, and supporting activities",080-0120,"Science, National Aeronautics and Space Administration",0001,SCIENCE (DIRECT),25.5,Research and development contracts,D,Q,Not Designated Nonemergency/Emergency/Disaster/Wildfire Suppression,46667.00,,,,CONT_AWD_80NM0018F0797_8000_80NM0018D0004_8000,80NM0018F0797,80NM0018D0004,,,2018-08-10,2018,2025-08-06,2025,2018-10-01,2026-09-30,,C,DELIVERY ORDER,,,JPL TECHNICAL SUPPORT TO THE MAVEN PROJECT 40-15537,080,NATIONAL AERONAUTICS AND SPACE ADMINISTRATION (NASA),8000,NATIONAL AERONAUTICS AND SPACE ADMINISTRATION,80NM00,NASA MANAGEMENT OFFICE -- JPL,080,NATIONAL AERONAUTICS AND SPACE ADMINISTRATION (NASA),8000,NATIONAL AERONAUTICS AND SPACE ADMINISTRATION,80NM00,NASA MANAGEMENT OFFICE -- JPL,YC1YP79BFD19,,CALIFORNIA INSTITUTE OF TECHNOLOGY,CALIFORNIA INSTITUTE OF TECHNOLOGY,YC1YP79BFD19,YC1YP79BFD19,CALIFORNIA INSTITUTE OF TECHNOLOGY,CALIFORNIA INSTITUTE OF TECHNOLOGY,USA,CA,LOS ANGELES,PASADENA,CA-28,CA-28,911098001,UNITED STATES,CALIFORNIA,LOS ANGELES,CA-28,CA-28,911098099,,,AR22,R&D- SPACE: SCIENCE/APPLICATIONS (APPLIED RESEARCH/EXPLORATORY DEVELOPMENT),541715,"RESEARCH AND DEVELOPMENT IN THE PHYSICAL, ENGINEERING, AND LIFE SCIENCES (EXCEPT NANOTECHNOLOGY AND BIOTECHNOLOGY)",,,https://www.usaspending.gov/award/CONT_AWD_80NM0018F0797_8000_80NM0018D0004_8000/,2024-01-05
National Aeronautics and Space Administration,National Aeronautics and Space Administration,FY2024P02,,080,2023,2024,,0120,000,080-2023/2024-0120-000,"Science, National Aeronautics and Space Administration",National Aeronautics and Space Administration,,"General Science, Space, and Technology","Space flight, research, and supporting activities",080-0120,"Science, National Aeronautics and Space Administration",0001,SCIENCE (DIRECT),25.5,Research and development contracts,D,Q,Not Designated Nonemergency/Emergency/Disaster/Wildfire Suppression,,27734.36,,,CONT_AWD_80NM0018F0797_8000_80NM0018D0004_8000,80NM0018F0797,80NM0018D0004,,,2018-08-10,2018,2025-08-06,2025,2018-10-01,2026-09-30,,C,DELIVERY ORDER,,,JPL TECHNICAL SUPPORT TO THE MAVEN PROJECT 40-15537,080,NATIONAL AERONAUTICS AND SPACE ADMINISTRATION (NASA),8000,NATIONAL AERONAUTICS AND SPACE ADMINISTRATION,80NM00,NASA MANAGEMENT OFFICE -- JPL,080,NATIONAL AERONAUTICS AND SPACE ADMINISTRATION (NASA),8000,NATIONAL AERONAUTICS AND SPACE ADMINISTRATION,80NM00,NASA MANAGEMENT OFFICE -- JPL,YC1YP79BFD19,,CALIFORNIA INSTITUTE OF TECHNOLOGY,CALIFORNIA INSTITUTE OF TECHNOLOGY,YC1YP79BFD19,YC1YP79BFD19,CALIFORNIA INSTITUTE OF TECHNOLOGY,CALIFORNIA INSTITUTE OF TECHNOLOGY,USA,CA,LOS ANGELES,PASADENA,CA-28,CA-28,911098001,UNITED STATES,CALIFORNIA,LOS ANGELES,CA-28,CA-28,911098099,,,AR22,R&D- SPACE: SCIENCE/APPLICATIONS (APPLIED RESEARCH/EXPLORATORY DEVELOPMENT),541715,"RESEARCH AND DEVELOPMENT IN THE PHYSICAL, ENGINEERING, AND LIFE SCIENCES (EXCEPT NANOTECHNOLOGY AND BIOTECHNOLOGY)",,,https://www.usaspending.gov/award/CONT_AWD_80NM0018F0797_8000_80NM0018D0004_8000/,2024-01-05
National Aeronautics and Space Administration,National Aeronautics and Space Administration,FY2024P03,,080,2023,2024,,0120,000,080-2023/2024-0120-000,"Science, National Aeronautics and Space Administration",National Aeronautics and Space Administration,,"General Science, Space, and Technology","Space flight, research, and supporting activities",080-0120,"Science, National Aeronautics and Space Administration",0001,SCIENCE (DIRECT),25.5,Research and development contracts,D,Q,Not Designated Nonemergency/Emergency/Disaster/Wildfire Suppression,,37086.17,,,CONT_AWD_80NM0018F0797_8000_80NM0018D0004_8000,80NM0018F0797,80NM0018D0004,,,2018-08-10,2018,2025-08-06,2025,2018-10-01,2026-09-30,,C,DELIVERY ORDER,,,JPL TECHNICAL SUPPORT TO THE MAVEN PROJECT 40-15537,080,NATIONAL AERONAUTICS AND SPACE ADMINISTRATION (NASA),8000,NATIONAL AERONAUTICS AND SPACE ADMINISTRATION,80NM00,NASA MANAGEMENT OFFICE -- JPL,080,NATIONAL AERONAUTICS AND SPACE ADMINISTRATION (NASA),8000,NATIONAL AERONAUTICS AND SPACE ADMINISTRATION,80NM00,NASA MANAGEMENT OFFICE -- JPL,YC1YP79BFD19,,CALIFORNIA INSTITUTE OF TECHNOLOGY,CALIFORNIA INSTITUTE OF TECHNOLOGY,YC1YP79BFD19,YC1YP79BFD19,CALIFORNIA INSTITUTE OF TECHNOLOGY,CALIFORNIA INSTITUTE OF TECHNOLOGY,USA,CA,LOS ANGELES,PASADENA,CA-28,CA-28,911098001,UNITED STATES,CALIFORNIA,LOS ANGELES,CA-28,CA-28,911098099,,,AR22,R&D- SPACE: SCIENCE/APPLICATIONS (APPLIED RESEARCH/EXPLORATORY DEVELOPMENT),541715,"RESEARCH AND DEVELOPMENT IN THE PHYSICAL, ENGINEERING, AND LIFE SCIENCES (EXCEPT NANOTECHNOLOGY AND BIOTECHNOLOGY)",,,https://www.usaspending.gov/award/CONT_AWD_80NM0018F0797_8000_80NM0018D0004_8000/,2024-01-28
National Aeronautics and Space Administration,National Aeronautics and Space Administration,FY2024P04,,080,2024,2025,,0120,000,080-2024/2025-0120-000,"Science, National Aeronautics and Space Administration",National Aeronautics and Space Administration,,"General Science, Space, and Technology","Space flight, research, and supporting activities",080-0120,"Science, National Aeronautics and Space Administration",0001,SCIENCE (DIRECT),25.5,Research and development contracts,D,Q,Not Designated Nonemergency/Emergency/Disaster/Wildfire Suppression,,4690.50,,,CONT_AWD_80NM0018F0797_8000_80NM0018D0004_8000,80NM0018F0797,80NM0018D0004,,,2018-08-10,2018,2025-08-06,2025,2018-10-01,2026-09-30,,C,DELIVERY ORDER,,,JPL TECHNICAL SUPPORT TO THE MAVEN PROJECT 40-15537,080,NATIONAL AERONAUTICS AND SPACE ADMINISTRATION (NASA),8000,NATIONAL AERONAUTICS AND SPACE ADMINISTRATION,80NM00,NASA MANAGEMENT OFFICE -- JPL,080,NATIONAL AERONAUTICS AND SPACE ADMINISTRATION (NASA),8000,NATIONAL AERONAUTICS AND SPACE ADMINISTRATION,80NM00,NASA MANAGEMENT OFFICE -- JPL,YC1YP79BFD19,,CALIFORNIA INSTITUTE OF TECHNOLOGY,CALIFORNIA INSTITUTE OF TECHNOLOGY,YC1YP79BFD19,YC1YP79BFD19,CALIFORNIA INSTITUTE OF TECHNOLOGY,CALIFORNIA INSTITUTE OF TECHNOLOGY,USA,CA,LOS ANGELES,PASADENA,CA-28,CA-28,911098001,UNITED STATES,CALIFORNIA,LOS ANGELES,CA-28,CA-28,911098099,,,AR22,R&D- SPACE: SCIENCE/APPLICATIONS (APPLIED RESEARCH/EXPLORATORY DEVELOPMENT),541715,"RESEARCH AND DEVELOPMENT IN THE PHYSICAL, ENGINEERING, AND LIFE SCIENCES (EXCEPT NANOTECHNOLOGY AND BIOTECHNOLOGY)",,,https://www.usaspending.gov/award/CONT_AWD_80NM0018F0797_8000_80NM0018D0004_8000/,2024-02-27
National Aeronautics and Space Administration,National Aeronautics and Space Administration,FY2024P04,,080,2023,2024,,0120,000,080-2023/2024-0120-000,"Science, National Aeronautics and Space Administration",National Aeronautics and Space Administration,,"General Science, Space, and Technology","Space flight, research, and supporting activities",080-0120,"Science, National Aeronautics and Space Administration",0001,SCIENCE (DIRECT),25.5,Research and development contracts,D,Q,Not Designated Nonemergency/Emergency/Disaster/Wildfire Suppression,,48694.12,,,CONT_AWD_80NM0018F0797_8000_80NM0018D0004_8000,80NM0018F0797,80NM0018D0004,,,2018-08-10,2018,2025-08-06,2025,2018-10-01,2026-09-30,,C,DELIVERY ORDER,,,JPL TECHNICAL SUPPORT TO THE MAVEN PROJECT 40-15537,080,NATIONAL AERONAUTICS AND SPACE ADMINISTRATION (NASA),8000,NATIONAL AERONAUTICS AND SPACE ADMINISTRATION,80NM00,NASA MANAGEMENT OFFICE -- JPL,080,NATIONAL AERONAUTICS AND SPACE ADMINISTRATION (NASA),8000,NATIONAL AERONAUTICS AND SPACE ADMINISTRATION,80NM00,NASA MANAGEMENT OFFICE -- JPL,YC1YP79BFD19,,CALIFORNIA INSTITUTE OF TECHNOLOGY,CALIFORNIA INSTITUTE OF TECHNOLOGY,YC1YP79BFD19,YC1YP79BFD19,CALIFORNIA INSTITUTE OF TECHNOLOGY,CALIFORNIA INSTITUTE OF TECHNOLOGY,USA,CA,LOS ANGELES,PASADENA,CA-28,CA-28,911098001,UNITED STATES,CALIFORNIA,LOS ANGELES,CA-28,CA-28,911098099,,,AR22,R&D- SPACE: SCIENCE/APPLICATIONS (APPLIED RESEARCH/EXPLORATORY DEVELOPMENT),541715,"RESEARCH AND DEVELOPMENT IN THE PHYSICAL, ENGINEERING, AND LIFE SCIENCES (EXCEPT NANOTECHNOLOGY AND BIOTECHNOLOGY)",,,https://www.usaspending.gov/award/CONT_AWD_80NM0018F0797_8000_80NM0018D0004_8000/,2024-02-27
National Aeronautics and Space Administration,National Aeronautics and Space Administration,FY2024P05,,080,2024,2025,,0120,000,080-2024/2025-0120-000,"Science, National Aeronautics and Space Administration",National Aeronautics and Space Administration,,"General Science, Space, and Technology","Space flight, research, and supporting activities",080-0120,"Science, National Aeronautics and Space Administration",0001,SCIENCE (DIRECT),25.5,Research and development contracts,D,Q,Not Designated Nonemergency/Emergency/Disaster/Wildfire Suppression,46667.00,,,,CONT_AWD_80NM0018F0797_8000_80NM0018D0004_8000,80NM0018F0797,80NM0018D0004,,,2018-08-10,2018,2025-08-06,2025,2018-10-01,2026-09-30,,C,DELIVERY ORDER,,,JPL TECHNICAL SUPPORT TO THE MAVEN PROJECT 40-15537,080,NATIONAL AERONAUTICS AND SPACE ADMINISTRATION (NASA),8000,NATIONAL AERONAUTICS AND SPACE ADMINISTRATION,80NM00,NASA MANAGEMENT OFFICE -- JPL,080,NATIONAL AERONAUTICS AND SPACE ADMINISTRATION (NASA),8000,NATIONAL AERONAUTICS AND SPACE ADMINISTRATION,80NM00,NASA MANAGEMENT OFFICE -- JPL,YC1YP79BFD19,,CALIFORNIA INSTITUTE OF TECHNOLOGY,CALIFORNIA INSTITUTE OF TECHNOLOGY,YC1YP79BFD19,YC1YP79BFD19,CALIFORNIA INSTITUTE OF TECHNOLOGY,CALIFORNIA INSTITUTE OF TECHNOLOGY,USA,CA,LOS ANGELES,PASADENA,CA-28,CA-28,911098001,UNITED STATES,CALIFORNIA,LOS ANGELES,CA-28,CA-28,911098099,,,AR22,R&D- SPACE: SCIENCE/APPLICATIONS (APPLIED RESEARCH/EXPLORATORY DEVELOPMENT),541715,"RESEARCH AND DEVELOPMENT IN THE PHYSICAL, ENGINEERING, AND LIFE SCIENCES (EXCEPT NANOTECHNOLOGY AND BIOTECHNOLOGY)",,,https://www.usaspending.gov/award/CONT_AWD_80NM0018F0797_8000_80NM0018D0004_8000/,2024-03-28
National Aeronautics and Space Administration,National Aeronautics and Space Administration,FY2024P05,,080,2024,2025,,0120,000,080-2024/2025-0120-000,"Science, National Aeronautics and Space Administration",National Aeronautics and Space Administration,,"General Science, Space, and Technology","Space flight, research, and supporting activities",080-0120,"Science, National Aeronautics and Space Administration",0001,SCIENCE (DIRECT),25.5,Research and development contracts,D,Q,Not Designated Nonemergency/Emergency/Disaster/Wildfire Suppression,,18191.87,,,CONT_AWD_80NM0018F0797_8000_80NM0018D0004_8000,80NM0018F0797,80NM0018D0004,,,2018-08-10,2018,2025-08-06,2025,2018-10-01,2026-09-30,,C,DELIVERY ORDER,,,JPL TECHNICAL SUPPORT TO THE MAVEN PROJECT 40-15537,080,NATIONAL AERONAUTICS AND SPACE ADMINISTRATION (NASA),8000,NATIONAL AERONAUTICS AND SPACE ADMINISTRATION,80NM00,NASA MANAGEMENT OFFICE -- JPL,080,NATIONAL AERONAUTICS AND SPACE ADMINISTRATION (NASA),8000,NATIONAL AERONAUTICS AND SPACE ADMINISTRATION,80NM00,NASA MANAGEMENT OFFICE -- JPL,YC1YP79BFD19,,CALIFORNIA INSTITUTE OF TECHNOLOGY,CALIFORNIA INSTITUTE OF TECHNOLOGY,YC1YP79BFD19,YC1YP79BFD19,CALIFORNIA INSTITUTE OF TECHNOLOGY,CALIFORNIA INSTITUTE OF TECHNOLOGY,USA,CA,LOS ANGELES,PASADENA,CA-28,CA-28,911098001,UNITED STATES,CALIFORNIA,LOS ANGELES,CA-28,CA-28,911098099,,,AR22,R&D- SPACE: SCIENCE/APPLICATIONS (APPLIED RESEARCH/EXPLORATORY DEVELOPMENT),541715,"RESEARCH AND DEVELOPMENT IN THE PHYSICAL, ENGINEERING, AND LIFE SCIENCES (EXCEPT NANOTECHNOLOGY AND BIOTECHNOLOGY)",,,https://www.usaspending.gov/award/CONT_AWD_80NM0018F0797_8000_80NM0018D0004_8000/,2024-03-28
National Aeronautics and Space Administration,National Aeronautics and Space Administration,FY2024P05,,080,2023,2024,,0120,000,080-2023/2024-0120-000,"Science, National Aeronautics and Space Administration",National Aeronautics and Space Administration,,"General Science, Space, and Technology","Space flight, research, and supporting activities",080-0120,"Science, National Aeronautics and Space Administration",0001,SCIENCE (DIRECT),25.5,Research and development contracts,D,Q,Not Designated Nonemergency/Emergency/Disaster/Wildfire Suppression,,48694.12,,,CONT_AWD_80NM0018F0797_8000_80NM0018D0004_8000,80NM0018F0797,80NM0018D0004,,,2018-08-10,2018,2025-08-06,2025,2018-10-01,2026-09-30,,C,DELIVERY ORDER,,,JPL TECHNICAL SUPPORT TO THE MAVEN PROJECT 40-15537,080,NATIONAL AERONAUTICS AND SPACE ADMINISTRATION (NASA),8000,NATIONAL AERONAUTICS AND SPACE ADMINISTRATION,80NM00,NASA MANAGEMENT OFFICE -- JPL,080,NATIONAL AERONAUTICS AND SPACE ADMINISTRATION (NASA),8000,NATIONAL AERONAUTICS AND SPACE ADMINISTRATION,80NM00,NASA MANAGEMENT OFFICE -- JPL,YC1YP79BFD19,,CALIFORNIA INSTITUTE OF TECHNOLOGY,CALIFORNIA INSTITUTE OF TECHNOLOGY,YC1YP79BFD19,YC1YP79BFD19,CALIFORNIA INSTITUTE OF TECHNOLOGY,CALIFORNIA INSTITUTE OF TECHNOLOGY,USA,CA,LOS ANGELES,PASADENA,CA-28,CA-28,911098001,UNITED STATES,CALIFORNIA,LOS ANGELES,CA-28,CA-28,911098099,,,AR22,R&D- SPACE: SCIENCE/APPLICATIONS (APPLIED RESEARCH/EXPLORATORY DEVELOPMENT),541715,"RESEARCH AND DEVELOPMENT IN THE PHYSICAL, ENGINEERING, AND LIFE SCIENCES (EXCEPT NANOTECHNOLOGY AND BIOTECHNOLOGY)",,,https://www.usaspending.gov/award/CONT_AWD_80NM0018F0797_8000_80NM0018D0004_8000/,2024-03-28
National Aeronautics and Space Administration,National Aeronautics and Space Administration,FY2024P06,,080,2024,2025,,0120,000,080-2024/2025-0120-000,"Science, National Aeronautics and Space Administration",National Aeronautics and Space Administration,,"General Science, Space, and Technology","Space flight, research, and supporting activities",080-0120,"Science, National Aeronautics and Space Administration",0001,SCIENCE (DIRECT),25.5,Research and development contracts,D,Q,Not Designated Nonemergency/Emergency/Disaster/Wildfire Suppression,,27316.05,,,CONT_AWD_80NM0018F0797_8000_80NM0018D0004_8000,80NM0018F0797,80NM0018D0004,,,2018-08-10,2018,2025-08-06,2025,2018-10-01,2026-09-30,,C,DELIVERY ORDER,,,JPL TECHNICAL SUPPORT TO THE MAVEN PROJECT 40-15537,080,NATIONAL AERONAUTICS AND SPACE ADMINISTRATION (NASA),8000,NATIONAL AERONAUTICS AND SPACE ADMINISTRATION,80NM00,NASA MANAGEMENT OFFICE -- JPL,080,NATIONAL AERONAUTICS AND SPACE ADMINISTRATION (NASA),8000,NATIONAL AERONAUTICS AND SPACE ADMINISTRATION,80NM00,NASA MANAGEMENT OFFICE -- JPL,YC1YP79BFD19,,CALIFORNIA INSTITUTE OF TECHNOLOGY,CALIFORNIA INSTITUTE OF TECHNOLOGY,YC1YP79BFD19,YC1YP79BFD19,CALIFORNIA INSTITUTE OF TECHNOLOGY,CALIFORNIA INSTITUTE OF TECHNOLOGY,USA,CA,LOS ANGELES,PASADENA,CA-28,CA-28,911098001,UNITED STATES,CALIFORNIA,LOS ANGELES,CA-28,CA-28,911098099,,,AR22,R&D- SPACE: SCIENCE/APPLICATIONS (APPLIED RESEARCH/EXPLORATORY DEVELOPMENT),541715,"RESEARCH AND DEVELOPMENT IN THE PHYSICAL, ENGINEERING, AND LIFE SCIENCES (EXCEPT NANOTECHNOLOGY AND BIOTECHNOLOGY)",,,https://www.usaspending.gov/award/CONT_AWD_80NM0018F0797_8000_80NM0018D0004_8000/,2024-04-25
National Aeronautics and Space Administration,National Aeronautics and Space Administration,FY2024P06,,080,2023,2024,,0120,000,080-2023/2024-0120-000,"Science, National Aeronautics and Space Administration",National Aeronautics and Space Administration,,"General Science, Space, and Technology","Space flight, research, and supporting activities",080-0120,"Science, National Aeronautics and Space Administration",0001,SCIENCE (DIRECT),25.5,Research and development contracts,D,Q,Not Designated Nonemergency/Emergency/Disaster/Wildfire Suppression,,48694.12,,,CONT_AWD_80NM0018F0797_8000_80NM0018D0004_8000,80NM0018F0797,80NM0018D0004,,,2018-08-10,2018,2025-08-06,2025,2018-10-01,2026-09-30,,C,DELIVERY ORDER,,,JPL TECHNICAL SUPPORT TO THE MAVEN PROJECT 40-15537,080,NATIONAL AERONAUTICS AND SPACE ADMINISTRATION (NASA),8000,NATIONAL AERONAUTICS AND SPACE ADMINISTRATION,80NM00,NASA MANAGEMENT OFFICE -- JPL,080,NATIONAL AERONAUTICS AND SPACE ADMINISTRATION (NASA),8000,NATIONAL AERONAUTICS AND SPACE ADMINISTRATION,80NM00,NASA MANAGEMENT OFFICE -- JPL,YC1YP79BFD19,,CALIFORNIA INSTITUTE OF TECHNOLOGY,CALIFORNIA INSTITUTE OF TECHNOLOGY,YC1YP79BFD19,YC1YP79BFD19,CALIFORNIA INSTITUTE OF TECHNOLOGY,CALIFORNIA INSTITUTE OF TECHNOLOGY,USA,CA,LOS ANGELES,PASADENA,CA-28,CA-28,911098001,UNITED STATES,CALIFORNIA,LOS ANGELES,CA-28,CA-28,911098099,,,AR22,R&D- SPACE: SCIENCE/APPLICATIONS (APPLIED RESEARCH/EXPLORATORY DEVELOPMENT),541715,"RESEARCH AND DEVELOPMENT IN THE PHYSICAL, ENGINEERING, AND LIFE SCIENCES (EXCEPT NANOTECHNOLOGY AND BIOTECHNOLOGY)",,,https://www.usaspending.gov/award/CONT_AWD_80NM0018F0797_8000_80NM0018D0004_8000/,2024-04-25
National Aeronautics and Space Administration,National Aeronautics and Space Administration,FY2024P07,,080,2024,2025,,0120,000,080-2024/2025-0120-000,"Science, National Aeronautics and Space Administration",National Aeronautics and Space Administration,,"General Science, Space, and Technology","Space flight, research, and supporting activities",080-0120,"Science, National Aeronautics and Space Administration",0001,SCIENCE (DIRECT),25.5,Research and development contracts,D,Q,Not Designated Nonemergency/Emergency/Disaster/Wildfire Suppression,,42773.28,,,CONT_AWD_80NM0018F0797_8000_80NM0018D0004_8000,80NM0018F0797,80NM0018D0004,,,2018-08-10,2018,2025-08-06,2025,2018-10-01,2026-09-30,,C,DELIVERY ORDER,,,JPL TECHNICAL SUPPORT TO THE MAVEN PROJECT 40-15537,080,NATIONAL AERONAUTICS AND SPACE ADMINISTRATION (NASA),8000,NATIONAL AERONAUTICS AND SPACE ADMINISTRATION,80NM00,NASA MANAGEMENT OFFICE -- JPL,080,NATIONAL AERONAUTICS AND SPACE ADMINISTRATION (NASA),8000,NATIONAL AERONAUTICS AND SPACE ADMINISTRATION,80NM00,NASA MANAGEMENT OFFICE -- JPL,YC1YP79BFD19,,CALIFORNIA INSTITUTE OF TECHNOLOGY,CALIFORNIA INSTITUTE OF TECHNOLOGY,YC1YP79BFD19,YC1YP79BFD19,CALIFORNIA INSTITUTE OF TECHNOLOGY,CALIFORNIA INSTITUTE OF TECHNOLOGY,USA,CA,LOS ANGELES,PASADENA,CA-28,CA-28,911098001,UNITED STATES,CALIFORNIA,LOS ANGELES,CA-28,CA-28,911098099,,,AR22,R&D- SPACE: SCIENCE/APPLICATIONS (APPLIED RESEARCH/EXPLORATORY DEVELOPMENT),541715,"RESEARCH AND DEVELOPMENT IN THE PHYSICAL, ENGINEERING, AND LIFE SCIENCES (EXCEPT NANOTECHNOLOGY AND BIOTECHNOLOGY)",,,https://www.usaspending.gov/award/CONT_AWD_80NM0018F0797_8000_80NM0018D0004_8000/,2024-05-22
National Aeronautics and Space Administration,National Aeronautics and Space Administration,FY2024P07,,080,2023,2024,,0120,000,080-2023/2024-0120-000,"Science, National Aeronautics and Space Administration",National Aeronautics and Space Administration,,"General Science, Space, and Technology","Space flight, research, and supporting activities",080-0120,"Science, National Aeronautics and Space Administration",0001,SCIENCE (DIRECT),25.5,Research and development contracts,D,Q,Not Designated Nonemergency/Emergency/Disaster/Wildfire Suppression,,48694.12,,,CONT_AWD_80NM0018F0797_8000_80NM0018D0004_8000,80NM0018F0797,80NM0018D0004,,,2018-08-10,2018,2025-08-06,2025,2018-10-01,2026-09-30,,C,DELIVERY ORDER,,,JPL TECHNICAL SUPPORT TO THE MAVEN PROJECT 40-15537,080,NATIONAL AERONAUTICS AND SPACE ADMINISTRATION (NASA),8000,NATIONAL AERONAUTICS AND SPACE ADMINISTRATION,80NM00,NASA MANAGEMENT OFFICE -- JPL,080,NATIONAL AERONAUTICS AND SPACE ADMINISTRATION (NASA),8000,NATIONAL AERONAUTICS AND SPACE ADMINISTRATION,80NM00,NASA MANAGEMENT OFFICE -- JPL,YC1YP79BFD19,,CALIFORNIA INSTITUTE OF TECHNOLOGY,CALIFORNIA INSTITUTE OF TECHNOLOGY,YC1YP79BFD19,YC1YP79BFD19,CALIFORNIA INSTITUTE OF TECHNOLOGY,CALIFORNIA INSTITUTE OF TECHNOLOGY,USA,CA,LOS ANGELES,PASADENA,CA-28,CA-28,911098001,UNITED STATES,CALIFORNIA,LOS ANGELES,CA-28,CA-28,911098099,,,AR22,R&D- SPACE: SCIENCE/APPLICATIONS (APPLIED RESEARCH/EXPLORATORY DEVELOPMENT),541715,"RESEARCH AND DEVELOPMENT IN THE PHYSICAL, ENGINEERING, AND LIFE SCIENCES (EXCEPT NANOTECHNOLOGY AND BIOTECHNOLOGY)",,,https://www.usaspending.gov/award/CONT_AWD_80NM0018F0797_8000_80NM0018D0004_8000/,2024-05-22
National Aeronautics and Space Administration,National Aeronautics and Space Administration,FY2024P08,,080,2024,2025,,0120,000,080-2024/2025-0120-000,"Science, National Aeronautics and Space Administration",National Aeronautics and Space Administration,,"General Science, Space, and Technology","Space flight, research, and supporting activities",080-0120,"Science, National Aeronautics and Space Administration",0001,SCIENCE (DIRECT),25.5,Research and development contracts,D,Q,Not Designated Nonemergency/Emergency/Disaster/Wildfire Suppression,,55459.32,,,CONT_AWD_80NM0018F0797_8000_80NM0018D0004_8000,80NM0018F0797,80NM0018D0004,,,2018-08-10,2018,2025-08-06,2025,2018-10-01,2026-09-30,,C,DELIVERY ORDER,,,JPL TECHNICAL SUPPORT TO THE MAVEN PROJECT 40-15537,080,NATIONAL AERONAUTICS AND SPACE ADMINISTRATION (NASA),8000,NATIONAL AERONAUTICS AND SPACE ADMINISTRATION,80NM00,NASA MANAGEMENT OFFICE -- JPL,080,NATIONAL AERONAUTICS AND SPACE ADMINISTRATION (NASA),8000,NATIONAL AERONAUTICS AND SPACE ADMINISTRATION,80NM00,NASA MANAGEMENT OFFICE -- JPL,YC1YP79BFD19,,CALIFORNIA INSTITUTE OF TECHNOLOGY,CALIFORNIA INSTITUTE OF TECHNOLOGY,YC1YP79BFD19,YC1YP79BFD19,CALIFORNIA INSTITUTE OF TECHNOLOGY,CALIFORNIA INSTITUTE OF TECHNOLOGY,USA,CA,LOS ANGELES,PASADENA,CA-28,CA-28,911098001,UNITED STATES,CALIFORNIA,LOS ANGELES,CA-28,CA-28,911098099,,,AR22,R&D- SPACE: SCIENCE/APPLICATIONS (APPLIED RESEARCH/EXPLORATORY DEVELOPMENT),541715,"RESEARCH AND DEVELOPMENT IN THE PHYSICAL, ENGINEERING, AND LIFE SCIENCES (EXCEPT NANOTECHNOLOGY AND BIOTECHNOLOGY)",,,https://www.usaspending.gov/award/CONT_AWD_80NM0018F0797_8000_80NM0018D0004_8000/,2024-07-01
National Aeronautics and Space Administration,National Aeronautics and Space Administration,FY2024P08,,080,2023,2024,,0120,000,080-2023/2024-0120-000,"Science, National Aeronautics and Space Administration",National Aeronautics and Space Administration,,"General Science, Space, and Technology","Space flight, research, and supporting activities",080-0120,"Science, National Aeronautics and Space Administration",0001,SCIENCE (DIRECT),25.5,Research and development contracts,D,Q,Not Designated Nonemergency/Emergency/Disaster/Wildfire Suppression,,48694.12,,,CONT_AWD_80NM0018F0797_8000_80NM0018D0004_8000,80NM0018F0797,80NM0018D0004,,,2018-08-10,2018,2025-08-06,2025,2018-10-01,2026-09-30,,C,DELIVERY ORDER,,,JPL TECHNICAL SUPPORT TO THE MAVEN PROJECT 40-15537,080,NATIONAL AERONAUTICS AND SPACE ADMINISTRATION (NASA),8000,NATIONAL AERONAUTICS AND SPACE ADMINISTRATION,80NM00,NASA MANAGEMENT OFFICE -- JPL,080,NATIONAL AERONAUTICS AND SPACE ADMINISTRATION (NASA),8000,NATIONAL AERONAUTICS AND SPACE ADMINISTRATION,80NM00,NASA MANAGEMENT OFFICE -- JPL,YC1YP79BFD19,,CALIFORNIA INSTITUTE OF TECHNOLOGY,CALIFORNIA INSTITUTE OF TECHNOLOGY,YC1YP79BFD19,YC1YP79BFD19,CALIFORNIA INSTITUTE OF TECHNOLOGY,CALIFORNIA INSTITUTE OF TECHNOLOGY,USA,CA,LOS ANGELES,PASADENA,CA-28,CA-28,911098001,UNITED STATES,CALIFORNIA,LOS ANGELES,CA-28,CA-28,911098099,,,AR22,R&D- SPACE: SCIENCE/APPLICATIONS (APPLIED RESEARCH/EXPLORATORY DEVELOPMENT),541715,"RESEARCH AND DEVELOPMENT IN THE PHYSICAL, ENGINEERING, AND LIFE SCIENCES (EXCEPT NANOTECHNOLOGY AND BIOTECHNOLOGY)",,,https://www.usaspending.gov/award/CONT_AWD_80NM0018F0797_8000_80NM0018D0004_8000/,2024-07-01
National Aeronautics and Space Administration,National Aeronautics and Space Administration,FY2024P09,,080,2024,2025,,0120,000,080-2024/2025-0120-000,"Science, National Aeronautics and Space Administration",National Aeronautics and Space Administration,,"General Science, Space, and Technology","Space flight, research, and supporting activities",080-0120,"Science, National Aeronautics and Space Administration",0001,SCIENCE (DIRECT),25.5,Research and development contracts,D,Q,Not Designated Nonemergency/Emergency/Disaster/Wildfire Suppression,,67268.31,,,CONT_AWD_80NM0018F0797_8000_80NM0018D0004_8000,80NM0018F0797,80NM0018D0004,,,2018-08-10,2018,2025-08-06,2025,2018-10-01,2026-09-30,,C,DELIVERY ORDER,,,JPL TECHNICAL SUPPORT TO THE MAVEN PROJECT 40-15537,080,NATIONAL AERONAUTICS AND SPACE ADMINISTRATION (NASA),8000,NATIONAL AERONAUTICS AND SPACE ADMINISTRATION,80NM00,NASA MANAGEMENT OFFICE -- JPL,080,NATIONAL AERONAUTICS AND SPACE ADMINISTRATION (NASA),8000,NATIONAL AERONAUTICS AND SPACE ADMINISTRATION,80NM00,NASA MANAGEMENT OFFICE -- JPL,YC1YP79BFD19,,CALIFORNIA INSTITUTE OF TECHNOLOGY,CALIFORNIA INSTITUTE OF TECHNOLOGY,YC1YP79BFD19,YC1YP79BFD19,CALIFORNIA INSTITUTE OF TECHNOLOGY,CALIFORNIA INSTITUTE OF TECHNOLOGY,USA,CA,LOS ANGELES,PASADENA,CA-28,CA-28,911098001,UNITED STATES,CALIFORNIA,LOS ANGELES,CA-28,CA-28,911098099,,,AR22,R&D- SPACE: SCIENCE/APPLICATIONS (APPLIED RESEARCH/EXPLORATORY DEVELOPMENT),541715,"RESEARCH AND DEVELOPMENT IN THE PHYSICAL, ENGINEERING, AND LIFE SCIENCES (EXCEPT NANOTECHNOLOGY AND BIOTECHNOLOGY)",,,https://www.usaspending.gov/award/CONT_AWD_80NM0018F0797_8000_80NM0018D0004_8000/,2024-07-29
National Aeronautics and Space Administration,National Aeronautics and Space Administration,FY2024P09,,080,2023,2024,,0120,000,080-2023/2024-0120-000,"Science, National Aeronautics and Space Administration",National Aeronautics and Space Administration,,"General Science, Space, and Technology","Space flight, research, and supporting activities",080-0120,"Science, National Aeronautics and Space Administration",0001,SCIENCE (DIRECT),25.5,Research and development contracts,D,Q,Not Designated Nonemergency/Emergency/Disaster/Wildfire Suppression,,48694.12,,,CONT_AWD_80NM0018F0797_8000_80NM0018D0004_8000,80NM0018F0797,80NM0018D0004,,,2018-08-10,2018,2025-08-06,2025,2018-10-01,2026-09-30,,C,DELIVERY ORDER,,,JPL TECHNICAL SUPPORT TO THE MAVEN PROJECT 40-15537,080,NATIONAL AERONAUTICS AND SPACE ADMINISTRATION (NASA),8000,NATIONAL AERONAUTICS AND SPACE ADMINISTRATION,80NM00,NASA MANAGEMENT OFFICE -- JPL,080,NATIONAL AERONAUTICS AND SPACE ADMINISTRATION (NASA),8000,NATIONAL AERONAUTICS AND SPACE ADMINISTRATION,80NM00,NASA MANAGEMENT OFFICE -- JPL,YC1YP79BFD19,,CALIFORNIA INSTITUTE OF TECHNOLOGY,CALIFORNIA INSTITUTE OF TECHNOLOGY,YC1YP79BFD19,YC1YP79BFD19,CALIFORNIA INSTITUTE OF TECHNOLOGY,CALIFORNIA INSTITUTE OF TECHNOLOGY,USA,CA,LOS ANGELES,PASADENA,CA-28,CA-28,911098001,UNITED STATES,CALIFORNIA,LOS ANGELES,CA-28,CA-28,911098099,,,AR22,R&D- SPACE: SCIENCE/APPLICATIONS (APPLIED RESEARCH/EXPLORATORY DEVELOPMENT),541715,"RESEARCH AND DEVELOPMENT IN THE PHYSICAL, ENGINEERING, AND LIFE SCIENCES (EXCEPT NANOTECHNOLOGY AND BIOTECHNOLOGY)",,,https://www.usaspending.gov/award/CONT_AWD_80NM0018F0797_8000_80NM0018D0004_8000/,2024-07-29
National Aeronautics and Space Administration,National Aeronautics and Space Administration,FY2024P10,,080,2024,2025,,0120,000,080-2024/2025-0120-000,"Science, National Aeronautics and Space Administration",National Aeronautics and Space Administration,,"General Science, Space, and Technology","Space flight, research, and supporting activities",080-0120,"Science, National Aeronautics and Space Administration",0001,SCIENCE (DIRECT),25.5,Research and development contracts,D,Q,Not Designated Nonemergency/Emergency/Disaster/Wildfire Suppression,,82980.94,,,CONT_AWD_80NM0018F0797_8000_80NM0018D0004_8000,80NM0018F0797,80NM0018D0004,,,2018-08-10,2018,2025-08-06,2025,2018-10-01,2026-09-30,,C,DELIVERY ORDER,,,JPL TECHNICAL SUPPORT TO THE MAVEN PROJECT 40-15537,080,NATIONAL AERONAUTICS AND SPACE ADMINISTRATION (NASA),8000,NATIONAL AERONAUTICS AND SPACE ADMINISTRATION,80NM00,NASA MANAGEMENT OFFICE -- JPL,080,NATIONAL AERONAUTICS AND SPACE ADMINISTRATION (NASA),8000,NATIONAL AERONAUTICS AND SPACE ADMINISTRATION,80NM00,NASA MANAGEMENT OFFICE -- JPL,YC1YP79BFD19,,CALIFORNIA INSTITUTE OF TECHNOLOGY,CALIFORNIA INSTITUTE OF TECHNOLOGY,YC1YP79BFD19,YC1YP79BFD19,CALIFORNIA INSTITUTE OF TECHNOLOGY,CALIFORNIA INSTITUTE OF TECHNOLOGY,USA,CA,LOS ANGELES,PASADENA,CA-28,CA-28,911098001,UNITED STATES,CALIFORNIA,LOS ANGELES,CA-28,CA-28,911098099,,,AR22,R&D- SPACE: SCIENCE/APPLICATIONS (APPLIED RESEARCH/EXPLORATORY DEVELOPMENT),541715,"RESEARCH AND DEVELOPMENT IN THE PHYSICAL, ENGINEERING, AND LIFE SCIENCES (EXCEPT NANOTECHNOLOGY AND BIOTECHNOLOGY)",,,https://www.usaspending.gov/award/CONT_AWD_80NM0018F0797_8000_80NM0018D0004_8000/,2024-08-26
National Aeronautics and Space Administration,National Aeronautics and Space Administration,FY2024P10,,080,2023,2024,,0120,000,080-2023/2024-0120-000,"Science, National Aeronautics and Space Administration",National Aeronautics and Space Administration,,"General Science, Space, and Technology","Space flight, research, and supporting activities",080-0120,"Science, National Aeronautics and Space Administration",0001,SCIENCE (DIRECT),25.5,Research and development contracts,D,Q,Not Designated Nonemergency/Emergency/Disaster/Wildfire Suppression,,48694.12,,,CONT_AWD_80NM0018F0797_8000_80NM0018D0004_8000,80NM0018F0797,80NM0018D0004,,,2018-08-10,2018,2025-08-06,2025,2018-10-01,2026-09-30,,C,DELIVERY ORDER,,,JPL TECHNICAL SUPPORT TO THE MAVEN PROJECT 40-15537,080,NATIONAL AERONAUTICS AND SPACE ADMINISTRATION (NASA),8000,NATIONAL AERONAUTICS AND SPACE ADMINISTRATION,80NM00,NASA MANAGEMENT OFFICE -- JPL,080,NATIONAL AERONAUTICS AND SPACE ADMINISTRATION (NASA),8000,NATIONAL AERONAUTICS AND SPACE ADMINISTRATION,80NM00,NASA MANAGEMENT OFFICE -- JPL,YC1YP79BFD19,,CALIFORNIA INSTITUTE OF TECHNOLOGY,CALIFORNIA INSTITUTE OF TECHNOLOGY,YC1YP79BFD19,YC1YP79BFD19,CALIFORNIA INSTITUTE OF TECHNOLOGY,CALIFORNIA INSTITUTE OF TECHNOLOGY,USA,CA,LOS ANGELES,PASADENA,CA-28,CA-28,911098001,UNITED STATES,CALIFORNIA,LOS ANGELES,CA-28,CA-28,911098099,,,AR22,R&D- SPACE: SCIENCE/APPLICATIONS (APPLIED RESEARCH/EXPLORATORY DEVELOPMENT),541715,"RESEARCH AND DEVELOPMENT IN THE PHYSICAL, ENGINEERING, AND LIFE SCIENCES (EXCEPT NANOTECHNOLOGY AND BIOTECHNOLOGY)",,,https://www.usaspending.gov/award/CONT_AWD_80NM0018F0797_8000_80NM0018D0004_8000/,2024-08-26
National Aeronautics and Space Administration,National Aeronautics and Space Administration,FY2024P11,,080,2023,2024,,0120,000,080-2023/2024-0120-000,"Science, National Aeronautics and Space Administration",National Aeronautics and Space Administration,,"General Science, Space, and Technology","Space flight, research, and supporting activities",080-0120,"Science, National Aeronautics and Space Administration",0001,SCIENCE (DIRECT),25.5,Research and development contracts,D,Q,Not Designated Nonemergency/Emergency/Disaster/Wildfire Suppression,,48694.12,,,CONT_AWD_80NM0018F0797_8000_80NM0018D0004_8000,80NM0018F0797,80NM0018D0004,,,2018-08-10,2018,2025-08-06,2025,2018-10-01,2026-09-30,,C,DELIVERY ORDER,,,JPL TECHNICAL SUPPORT TO THE MAVEN PROJECT 40-15537,080,NATIONAL AERONAUTICS AND SPACE ADMINISTRATION (NASA),8000,NATIONAL AERONAUTICS AND SPACE ADMINISTRATION,80NM00,NASA MANAGEMENT OFFICE -- JPL,080,NATIONAL AERONAUTICS AND SPACE ADMINISTRATION (NASA),8000,NATIONAL AERONAUTICS AND SPACE ADMINISTRATION,80NM00,NASA MANAGEMENT OFFICE -- JPL,YC1YP79BFD19,,CALIFORNIA INSTITUTE OF TECHNOLOGY,CALIFORNIA INSTITUTE OF TECHNOLOGY,YC1YP79BFD19,YC1YP79BFD19,CALIFORNIA INSTITUTE OF TECHNOLOGY,CALIFORNIA INSTITUTE OF TECHNOLOGY,USA,CA,LOS ANGELES,PASADENA,CA-28,CA-28,911098001,UNITED STATES,CALIFORNIA,LOS ANGELES,CA-28,CA-28,911098099,,,AR22,R&D- SPACE: SCIENCE/APPLICATIONS (APPLIED RESEARCH/EXPLORATORY DEVELOPMENT),541715,"RESEARCH AND DEVELOPMENT IN THE PHYSICAL, ENGINEERING, AND LIFE SCIENCES (EXCEPT NANOTECHNOLOGY AND BIOTECHNOLOGY)",,,https://www.usaspending.gov/award/CONT_AWD_80NM0018F0797_8000_80NM0018D0004_8000/,2024-09-30
National Aeronautics and Space Administration,National Aeronautics and Space Administration,FY2024P11,,080,2024,2025,,0120,000,080-2024/2025-0120-000,"Science, National Aeronautics and Space Administration",National Aeronautics and Space Administration,,"General Science, Space, and Technology","Space flight, research, and supporting activities",080-0120,"Science, National Aeronautics and Space Administration",0001,SCIENCE (DIRECT),25.5,Research and development contracts,D,Q,Not Designated Nonemergency/Emergency/Disaster/Wildfire Suppression,,97545.02,,,CONT_AWD_80NM0018F0797_8000_80NM0018D0004_8000,80NM0018F0797,80NM0018D0004,,,2018-08-10,2018,2025-08-06,2025,2018-10-01,2026-09-30,,C,DELIVERY ORDER,,,JPL TECHNICAL SUPPORT TO THE MAVEN PROJECT 40-15537,080,NATIONAL AERONAUTICS AND SPACE ADMINISTRATION (NASA),8000,NATIONAL AERONAUTICS AND SPACE ADMINISTRATION,80NM00,NASA MANAGEMENT OFFICE -- JPL,080,NATIONAL AERONAUTICS AND SPACE ADMINISTRATION (NASA),8000,NATIONAL AERONAUTICS AND SPACE ADMINISTRATION,80NM00,NASA MANAGEMENT OFFICE -- JPL,YC1YP79BFD19,,CALIFORNIA INSTITUTE OF TECHNOLOGY,CALIFORNIA INSTITUTE OF TECHNOLOGY,YC1YP79BFD19,YC1YP79BFD19,CALIFORNIA INSTITUTE OF TECHNOLOGY,CALIFORNIA INSTITUTE OF TECHNOLOGY,USA,CA,LOS ANGELES,PASADENA,CA-28,CA-28,911098001,UNITED STATES,CALIFORNIA,LOS ANGELES,CA-28,CA-28,911098099,,,AR22,R&D- SPACE: SCIENCE/APPLICATIONS (APPLIED RESEARCH/EXPLORATORY DEVELOPMENT),541715,"RESEARCH AND DEVELOPMENT IN THE PHYSICAL, ENGINEERING, AND LIFE SCIENCES (EXCEPT NANOTECHNOLOGY AND BIOTECHNOLOGY)",,,https://www.usaspending.gov/award/CONT_AWD_80NM0018F0797_8000_80NM0018D0004_8000/,2024-09-30
National Aeronautics and Space Administration,National Aeronautics and Space Administration,FY2024P12,,080,2023,2024,,0120,000,080-2023/2024-0120-000,"Science, National Aeronautics and Space Administration",National Aeronautics and Space Administration,,"General Science, Space, and Technology","Space flight, research, and supporting activities",080-0120,"Science, National Aeronautics and Space Administration",0001,SCIENCE (DIRECT),25.5,Research and development contracts,D,Q,Not Designated Nonemergency/Emergency/Disaster/Wildfire Suppression,,48694.12,,,CONT_AWD_80NM0018F0797_8000_80NM0018D0004_8000,80NM0018F0797,80NM0018D0004,,,2018-08-10,2018,2025-08-06,2025,2018-10-01,2026-09-30,,C,DELIVERY ORDER,,,JPL TECHNICAL SUPPORT TO THE MAVEN PROJECT 40-15537,080,NATIONAL AERONAUTICS AND SPACE ADMINISTRATION (NASA),8000,NATIONAL AERONAUTICS AND SPACE ADMINISTRATION,80NM00,NASA MANAGEMENT OFFICE -- JPL,080,NATIONAL AERONAUTICS AND SPACE ADMINISTRATION (NASA),8000,NATIONAL AERONAUTICS AND SPACE ADMINISTRATION,80NM00,NASA MANAGEMENT OFFICE -- JPL,YC1YP79BFD19,,CALIFORNIA INSTITUTE OF TECHNOLOGY,CALIFORNIA INSTITUTE OF TECHNOLOGY,YC1YP79BFD19,YC1YP79BFD19,CALIFORNIA INSTITUTE OF TECHNOLOGY,CALIFORNIA INSTITUTE OF TECHNOLOGY,USA,CA,LOS ANGELES,PASADENA,CA-28,CA-28,911098001,UNITED STATES,CALIFORNIA,LOS ANGELES,CA-28,CA-28,911098099,,,AR22,R&D- SPACE: SCIENCE/APPLICATIONS (APPLIED RESEARCH/EXPLORATORY DEVELOPMENT),541715,"RESEARCH AND DEVELOPMENT IN THE PHYSICAL, ENGINEERING, AND LIFE SCIENCES (EXCEPT NANOTECHNOLOGY AND BIOTECHNOLOGY)",,,https://www.usaspending.gov/award/CONT_AWD_80NM0018F0797_8000_80NM0018D0004_8000/,2024-11-07
National Aeronautics and Space Administration,National Aeronautics and Space Administration,FY2024P12,,080,2024,2025,,0120,000,080-2024/2025-0120-000,"Science, National Aeronautics and Space Administration",National Aeronautics and Space Administration,,"General Science, Space, and Technology","Space flight, research, and supporting activities",080-0120,"Science, National Aeronautics and Space Administration",0001,SCIENCE (DIRECT),25.5,Research and development contracts,D,Q,Not Designated Nonemergency/Emergency/Disaster/Wildfire Suppression,,109467.01,,,CONT_AWD_80NM0018F0797_8000_80NM0018D0004_8000,80NM0018F0797,80NM0018D0004,,,2018-08-10,2018,2025-08-06,2025,2018-10-01,2026-09-30,,C,DELIVERY ORDER,,,JPL TECHNICAL SUPPORT TO THE MAVEN PROJECT 40-15537,080,NATIONAL AERONAUTICS AND SPACE ADMINISTRATION (NASA),8000,NATIONAL AERONAUTICS AND SPACE ADMINISTRATION,80NM00,NASA MANAGEMENT OFFICE -- JPL,080,NATIONAL AERONAUTICS AND SPACE ADMINISTRATION (NASA),8000,NATIONAL AERONAUTICS AND SPACE ADMINISTRATION,80NM00,NASA MANAGEMENT OFFICE -- JPL,YC1YP79BFD19,,CALIFORNIA INSTITUTE OF TECHNOLOGY,CALIFORNIA INSTITUTE OF TECHNOLOGY,YC1YP79BFD19,YC1YP79BFD19,CALIFORNIA INSTITUTE OF TECHNOLOGY,CALIFORNIA INSTITUTE OF TECHNOLOGY,USA,CA,LOS ANGELES,PASADENA,CA-28,CA-28,911098001,UNITED STATES,CALIFORNIA,LOS ANGELES,CA-28,CA-28,911098099,,,AR22,R&D- SPACE: SCIENCE/APPLICATIONS (APPLIED RESEARCH/EXPLORATORY DEVELOPMENT),541715,"RESEARCH AND DEVELOPMENT IN THE PHYSICAL, ENGINEERING, AND LIFE SCIENCES (EXCEPT NANOTECHNOLOGY AND BIOTECHNOLOGY)",,,https://www.usaspending.gov/award/CONT_AWD_80NM0018F0797_8000_80NM0018D0004_8000/,2024-11-07
National Aeronautics and Space Administration,National Aeronautics and Space Administration,FY2025P02,,080,2024,2025,,0120,000,080-2024/2025-0120-000,"Science, National Aeronautics and Space Administration",National Aeronautics and Space Administration,,"General Science, Space, and Technology","Space flight, research, and supporting activities",080-0120,"Science, National Aeronautics and Space Administration",0001,SCIENCE (DIRECT),25.5,Research and development contracts,D,Q,Not Designated Nonemergency/Emergency/Disaster/Wildfire Suppression,,27182.99,0.00,0.00,CONT_AWD_80NM0018F0797_8000_80NM0018D0004_8000,80NM0018F0797,80NM0018D0004,,,2018-08-10,2018,2025-08-06,2025,2018-10-01,2026-09-30,,C,DELIVERY ORDER,,,JPL TECHNICAL SUPPORT TO THE MAVEN PROJECT 40-15537,080,NATIONAL AERONAUTICS AND SPACE ADMINISTRATION (NASA),8000,NATIONAL AERONAUTICS AND SPACE ADMINISTRATION,80NM00,NASA MANAGEMENT OFFICE -- JPL,080,NATIONAL AERONAUTICS AND SPACE ADMINISTRATION (NASA),8000,NATIONAL AERONAUTICS AND SPACE ADMINISTRATION,80NM00,NASA MANAGEMENT OFFICE -- JPL,YC1YP79BFD19,,CALIFORNIA INSTITUTE OF TECHNOLOGY,CALIFORNIA INSTITUTE OF TECHNOLOGY,YC1YP79BFD19,YC1YP79BFD19,CALIFORNIA INSTITUTE OF TECHNOLOGY,CALIFORNIA INSTITUTE OF TECHNOLOGY,USA,CA,LOS ANGELES,PASADENA,CA-28,CA-28,911098001,UNITED STATES,CALIFORNIA,LOS ANGELES,CA-28,CA-28,911098099,,,AR22,R&D- SPACE: SCIENCE/APPLICATIONS (APPLIED RESEARCH/EXPLORATORY DEVELOPMENT),541715,"RESEARCH AND DEVELOPMENT IN THE PHYSICAL, ENGINEERING, AND LIFE SCIENCES (EXCEPT NANOTECHNOLOGY AND BIOTECHNOLOGY)",,,https://www.usaspending.gov/award/CONT_AWD_80NM0018F0797_8000_80NM0018D0004_8000/,2024-12-20
National Aeronautics and Space Administration,National Aeronautics and Space Administration,FY2025P02,,080,2025,2026,,0120,000,080-2025/2026-0120-000,"Science, National Aeronautics and Space Administration",National Aeronautics and Space Administration,,"General Science, Space, and Technology","Space flight, research, and supporting activities",080-0120,"Science, National Aeronautics and Space Administration",0001,SCIENCE (DIRECT),25.5,Research and development contracts,D,Q,Not Designated Nonemergency/Emergency/Disaster/Wildfire Suppression,193153.00,,,,CONT_AWD_80NM0018F0797_8000_80NM0018D0004_8000,80NM0018F0797,80NM0018D0004,,,2018-08-10,2018,2025-08-06,2025,2018-10-01,2026-09-30,,C,DELIVERY ORDER,,,JPL TECHNICAL SUPPORT TO THE MAVEN PROJECT 40-15537,080,NATIONAL AERONAUTICS AND SPACE ADMINISTRATION (NASA),8000,NATIONAL AERONAUTICS AND SPACE ADMINISTRATION,80NM00,NASA MANAGEMENT OFFICE -- JPL,080,NATIONAL AERONAUTICS AND SPACE ADMINISTRATION (NASA),8000,NATIONAL AERONAUTICS AND SPACE ADMINISTRATION,80NM00,NASA MANAGEMENT OFFICE -- JPL,YC1YP79BFD19,,CALIFORNIA INSTITUTE OF TECHNOLOGY,CALIFORNIA INSTITUTE OF TECHNOLOGY,YC1YP79BFD19,YC1YP79BFD19,CALIFORNIA INSTITUTE OF TECHNOLOGY,CALIFORNIA INSTITUTE OF TECHNOLOGY,USA,CA,LOS ANGELES,PASADENA,CA-28,CA-28,911098001,UNITED STATES,CALIFORNIA,LOS ANGELES,CA-28,CA-28,911098099,,,AR22,R&D- SPACE: SCIENCE/APPLICATIONS (APPLIED RESEARCH/EXPLORATORY DEVELOPMENT),541715,"RESEARCH AND DEVELOPMENT IN THE PHYSICAL, ENGINEERING, AND LIFE SCIENCES (EXCEPT NANOTECHNOLOGY AND BIOTECHNOLOGY)",,,https://www.usaspending.gov/award/CONT_AWD_80NM0018F0797_8000_80NM0018D0004_8000/,2024-12-20
National Aeronautics and Space Administration,National Aeronautics and Space Administration,FY2025P03,,080,2024,2025,,0120,000,080-2024/2025-0120-000,"Science, National Aeronautics and Space Administration",National Aeronautics and Space Administration,,"General Science, Space, and Technology","Space flight, research, and supporting activities",080-0120,"Science, National Aeronautics and Space Administration",0001,SCIENCE (DIRECT),25.5,Research and development contracts,D,Q,Not Designated Nonemergency/Emergency/Disaster/Wildfire Suppression,,30533.99,0.00,0.00,CONT_AWD_80NM0018F0797_8000_80NM0018D0004_8000,80NM0018F0797,80NM0018D0004,,,2018-08-10,2018,2025-08-06,2025,2018-10-01,2026-09-30,,C,DELIVERY ORDER,,,JPL TECHNICAL SUPPORT TO THE MAVEN PROJECT 40-15537,080,NATIONAL AERONAUTICS AND SPACE ADMINISTRATION (NASA),8000,NATIONAL AERONAUTICS AND SPACE ADMINISTRATION,80NM00,NASA MANAGEMENT OFFICE -- JPL,080,NATIONAL AERONAUTICS AND SPACE ADMINISTRATION (NASA),8000,NATIONAL AERONAUTICS AND SPACE ADMINISTRATION,80NM00,NASA MANAGEMENT OFFICE -- JPL,YC1YP79BFD19,,CALIFORNIA INSTITUTE OF TECHNOLOGY,CALIFORNIA INSTITUTE OF TECHNOLOGY,YC1YP79BFD19,YC1YP79BFD19,CALIFORNIA INSTITUTE OF TECHNOLOGY,CALIFORNIA INSTITUTE OF TECHNOLOGY,USA,CA,LOS ANGELES,PASADENA,CA-28,CA-28,911098001,UNITED STATES,CALIFORNIA,LOS ANGELES,CA-28,CA-28,911098099,,,AR22,R&D- SPACE: SCIENCE/APPLICATIONS (APPLIED RESEARCH/EXPLORATORY DEVELOPMENT),541715,"RESEARCH AND DEVELOPMENT IN THE PHYSICAL, ENGINEERING, AND LIFE SCIENCES (EXCEPT NANOTECHNOLOGY AND BIOTECHNOLOGY)",,,https://www.usaspending.gov/award/CONT_AWD_80NM0018F0797_8000_80NM0018D0004_8000/,2025-01-29
National Aeronautics and Space Administration,National Aeronautics and Space Administration,FY2025P03,,080,2025,2026,,0120,000,080-2025/2026-0120-000,"Science, National Aeronautics and Space Administration",National Aeronautics and Space Administration,,"General Science, Space, and Technology","Space flight, research, and supporting activities",080-0120,"Science, National Aeronautics and Space Administration",0001,SCIENCE (DIRECT),25.5,Research and development contracts,D,Q,Not Designated Nonemergency/Emergency/Disaster/Wildfire Suppression,,13171.10,0.00,0.00,CONT_AWD_80NM0018F0797_8000_80NM0018D0004_8000,80NM0018F0797,80NM0018D0004,,,2018-08-10,2018,2025-08-06,2025,2018-10-01,2026-09-30,,C,DELIVERY ORDER,,,JPL TECHNICAL SUPPORT TO THE MAVEN PROJECT 40-15537,080,NATIONAL AERONAUTICS AND SPACE ADMINISTRATION (NASA),8000,NATIONAL AERONAUTICS AND SPACE ADMINISTRATION,80NM00,NASA MANAGEMENT OFFICE -- JPL,080,NATIONAL AERONAUTICS AND SPACE ADMINISTRATION (NASA),8000,NATIONAL AERONAUTICS AND SPACE ADMINISTRATION,80NM00,NASA MANAGEMENT OFFICE -- JPL,YC1YP79BFD19,,CALIFORNIA INSTITUTE OF TECHNOLOGY,CALIFORNIA INSTITUTE OF TECHNOLOGY,YC1YP79BFD19,YC1YP79BFD19,CALIFORNIA INSTITUTE OF TECHNOLOGY,CALIFORNIA INSTITUTE OF TECHNOLOGY,USA,CA,LOS ANGELES,PASADENA,CA-28,CA-28,911098001,UNITED STATES,CALIFORNIA,LOS ANGELES,CA-28,CA-28,911098099,,,AR22,R&D- SPACE: SCIENCE/APPLICATIONS (APPLIED RESEARCH/EXPLORATORY DEVELOPMENT),541715,"RESEARCH AND DEVELOPMENT IN THE PHYSICAL, ENGINEERING, AND LIFE SCIENCES (EXCEPT NANOTECHNOLOGY AND BIOTECHNOLOGY)",,,https://www.usaspending.gov/award/CONT_AWD_80NM0018F0797_8000_80NM0018D0004_8000/,2025-01-29
National Aeronautics and Space Administration,National Aeronautics and Space Administration,FY2025P04,,080,2024,2025,,0120,000,080-2024/2025-0120-000,"Science, National Aeronautics and Space Administration",National Aeronautics and Space Administration,,"General Science, Space, and Technology","Space flight, research, and supporting activities",080-0120,"Science, National Aeronautics and Space Administration",0001,SCIENCE (DIRECT),25.5,Research and development contracts,D,Q,Not Designated Nonemergency/Emergency/Disaster/Wildfire Suppression,,30533.99,0.00,0.00,CONT_AWD_80NM0018F0797_8000_80NM0018D0004_8000,80NM0018F0797,80NM0018D0004,,,2018-08-10,2018,2025-08-06,2025,2018-10-01,2026-09-30,,C,DELIVERY ORDER,,,JPL TECHNICAL SUPPORT TO THE MAVEN PROJECT 40-15537,080,NATIONAL AERONAUTICS AND SPACE ADMINISTRATION (NASA),8000,NATIONAL AERONAUTICS AND SPACE ADMINISTRATION,80NM00,NASA MANAGEMENT OFFICE -- JPL,080,NATIONAL AERONAUTICS AND SPACE ADMINISTRATION (NASA),8000,NATIONAL AERONAUTICS AND SPACE ADMINISTRATION,80NM00,NASA MANAGEMENT OFFICE -- JPL,YC1YP79BFD19,,CALIFORNIA INSTITUTE OF TECHNOLOGY,CALIFORNIA INSTITUTE OF TECHNOLOGY,YC1YP79BFD19,YC1YP79BFD19,CALIFORNIA INSTITUTE OF TECHNOLOGY,CALIFORNIA INSTITUTE OF TECHNOLOGY,USA,CA,LOS ANGELES,PASADENA,CA-28,CA-28,911098001,UNITED STATES,CALIFORNIA,LOS ANGELES,CA-28,CA-28,911098099,,,AR22,R&D- SPACE: SCIENCE/APPLICATIONS (APPLIED RESEARCH/EXPLORATORY DEVELOPMENT),541715,"RESEARCH AND DEVELOPMENT IN THE PHYSICAL, ENGINEERING, AND LIFE SCIENCES (EXCEPT NANOTECHNOLOGY AND BIOTECHNOLOGY)",,,https://www.usaspending.gov/award/CONT_AWD_80NM0018F0797_8000_80NM0018D0004_8000/,2025-02-28
National Aeronautics and Space Administration,National Aeronautics and Space Administration,FY2025P04,,080,2025,2026,,0120,000,080-2025/2026-0120-000,"Science, National Aeronautics and Space Administration",National Aeronautics and Space Administration,,"General Science, Space, and Technology","Space flight, research, and supporting activities",080-0120,"Science, National Aeronautics and Space Administration",0001,SCIENCE (DIRECT),25.5,Research and development contracts,D,Q,Not Designated Nonemergency/Emergency/Disaster/Wildfire Suppression,,26113.99,0.00,0.00,CONT_AWD_80NM0018F0797_8000_80NM0018D0004_8000,80NM0018F0797,80NM0018D0004,,,2018-08-10,2018,2025-08-06,2025,2018-10-01,2026-09-30,,C,DELIVERY ORDER,,,JPL TECHNICAL SUPPORT TO THE MAVEN PROJECT 40-15537,080,NATIONAL AERONAUTICS AND SPACE ADMINISTRATION (NASA),8000,NATIONAL AERONAUTICS AND SPACE ADMINISTRATION,80NM00,NASA MANAGEMENT OFFICE -- JPL,080,NATIONAL AERONAUTICS AND SPACE ADMINISTRATION (NASA),8000,NATIONAL AERONAUTICS AND SPACE ADMINISTRATION,80NM00,NASA MANAGEMENT OFFICE -- JPL,YC1YP79BFD19,,CALIFORNIA INSTITUTE OF TECHNOLOGY,CALIFORNIA INSTITUTE OF TECHNOLOGY,YC1YP79BFD19,YC1YP79BFD19,CALIFORNIA INSTITUTE OF TECHNOLOGY,CALIFORNIA INSTITUTE OF TECHNOLOGY,USA,CA,LOS ANGELES,PASADENA,CA-28,CA-28,911098001,UNITED STATES,CALIFORNIA,LOS ANGELES,CA-28,CA-28,911098099,,,AR22,R&D- SPACE: SCIENCE/APPLICATIONS (APPLIED RESEARCH/EXPLORATORY DEVELOPMENT),541715,"RESEARCH AND DEVELOPMENT IN THE PHYSICAL, ENGINEERING, AND LIFE SCIENCES (EXCEPT NANOTECHNOLOGY AND BIOTECHNOLOGY)",,,https://www.usaspending.gov/award/CONT_AWD_80NM0018F0797_8000_80NM0018D0004_8000/,2025-02-28
National Aeronautics and Space Administration,National Aeronautics and Space Administration,FY2025P05,,080,2024,2025,,0120,000,080-2024/2025-0120-000,"Science, National Aeronautics and Space Administration",National Aeronautics and Space Administration,,"General Science, Space, and Technology","Space flight, research, and supporting activities",080-0120,"Science, National Aeronautics and Space Administration",0001,SCIENCE (DIRECT),25.5,Research and development contracts,D,Q,Not Designated Nonemergency/Emergency/Disaster/Wildfire Suppression,,30533.99,0.00,0.00,CONT_AWD_80NM0018F0797_8000_80NM0018D0004_8000,80NM0018F0797,80NM0018D0004,,,2018-08-10,2018,2025-08-06,2025,2018-10-01,2026-09-30,,C,DELIVERY ORDER,,,JPL TECHNICAL SUPPORT TO THE MAVEN PROJECT 40-15537,080,NATIONAL AERONAUTICS AND SPACE ADMINISTRATION (NASA),8000,NATIONAL AERONAUTICS AND SPACE ADMINISTRATION,80NM00,NASA MANAGEMENT OFFICE -- JPL,080,NATIONAL AERONAUTICS AND SPACE ADMINISTRATION (NASA),8000,NATIONAL AERONAUTICS AND SPACE ADMINISTRATION,80NM00,NASA MANAGEMENT OFFICE -- JPL,YC1YP79BFD19,,CALIFORNIA INSTITUTE OF TECHNOLOGY,CALIFORNIA INSTITUTE OF TECHNOLOGY,YC1YP79BFD19,YC1YP79BFD19,CALIFORNIA INSTITUTE OF TECHNOLOGY,CALIFORNIA INSTITUTE OF TECHNOLOGY,USA,CA,LOS ANGELES,PASADENA,CA-28,CA-28,911098001,UNITED STATES,CALIFORNIA,LOS ANGELES,CA-28,CA-28,911098099,,,AR22,R&D- SPACE: SCIENCE/APPLICATIONS (APPLIED RESEARCH/EXPLORATORY DEVELOPMENT),541715,"RESEARCH AND DEVELOPMENT IN THE PHYSICAL, ENGINEERING, AND LIFE SCIENCES (EXCEPT NANOTECHNOLOGY AND BIOTECHNOLOGY)",,,https://www.usaspending.gov/award/CONT_AWD_80NM0018F0797_8000_80NM0018D0004_8000/,2025-03-31
National Aeronautics and Space Administration,National Aeronautics and Space Administration,FY2025P05,,080,2025,2026,,0120,000,080-2025/2026-0120-000,"Science, National Aeronautics and Space Administration",National Aeronautics and Space Administration,,"General Science, Space, and Technology","Space flight, research, and supporting activities",080-0120,"Science, National Aeronautics and Space Administration",0001,SCIENCE (DIRECT),25.5,Research and development contracts,D,Q,Not Designated Nonemergency/Emergency/Disaster/Wildfire Suppression,,41063.56,0.00,0.00,CONT_AWD_80NM0018F0797_8000_80NM0018D0004_8000,80NM0018F0797,80NM0018D0004,,,2018-08-10,2018,2025-08-06,2025,2018-10-01,2026-09-30,,C,DELIVERY ORDER,,,JPL TECHNICAL SUPPORT TO THE MAVEN PROJECT 40-15537,080,NATIONAL AERONAUTICS AND SPACE ADMINISTRATION (NASA),8000,NATIONAL AERONAUTICS AND SPACE ADMINISTRATION,80NM00,NASA MANAGEMENT OFFICE -- JPL,080,NATIONAL AERONAUTICS AND SPACE ADMINISTRATION (NASA),8000,NATIONAL AERONAUTICS AND SPACE ADMINISTRATION,80NM00,NASA MANAGEMENT OFFICE -- JPL,YC1YP79BFD19,,CALIFORNIA INSTITUTE OF TECHNOLOGY,CALIFORNIA INSTITUTE OF TECHNOLOGY,YC1YP79BFD19,YC1YP79BFD19,CALIFORNIA INSTITUTE OF TECHNOLOGY,CALIFORNIA INSTITUTE OF TECHNOLOGY,USA,CA,LOS ANGELES,PASADENA,CA-28,CA-28,911098001,UNITED STATES,CALIFORNIA,LOS ANGELES,CA-28,CA-28,911098099,,,AR22,R&D- SPACE: SCIENCE/APPLICATIONS (APPLIED RESEARCH/EXPLORATORY DEVELOPMENT),541715,"RESEARCH AND DEVELOPMENT IN THE PHYSICAL, ENGINEERING, AND LIFE SCIENCES (EXCEPT NANOTECHNOLOGY AND BIOTECHNOLOGY)",,,https://www.usaspending.gov/award/CONT_AWD_80NM0018F0797_8000_80NM0018D0004_8000/,2025-03-31
